Date,Close,High,Low,Open,Volume
2016-02-25,21.91425323486328,21.91425323486328,21.572267202742797,21.753452290359903,110330800
2016-02-26,21.948217391967773,22.19960905772961,21.8734784418694,22.01389519039657,115964400
2016-02-29,21.898395538330078,22.2471756430575,21.88933611286731,21.93689680061531,140865200
2016-03-01,22.768083572387695,22.82243840662474,22.063729104403325,22.115820377816053,201628400
2016-03-02,22.81791114807129,22.8496182809128,22.566517646321344,22.76355631004429,132678400
2016-03-03,22.987764358520508,23.035325042947726,22.74995920847582,22.779402771151197,147822800
2016-03-04,23.329753875732422,23.49734894099103,22.958326040343685,23.18480651206408,184220400
2016-03-07,23.071565628051758,23.28898666744624,22.865467575179874,23.189334709757958,143315600
2016-03-08,22.88132095336914,23.046652452021572,22.73863888339616,22.824700837488127,126247600
2016-03-09,22.901710510253906,23.0058913407665,22.709200688399477,22.944740633522862,108806800
2016-03-10,22.91302490234375,23.155358895590112,22.68201562186655,22.967381450145442,134054400
2016-03-11,23.159889221191406,23.16441806950491,22.987763610832843,23.15535864496935,109632800
2016-03-14,23.218778610229492,23.307107589239525,23.051183534795303,23.080627103768308,100304400
2016-03-15,23.685325622558594,23.821213545524536,23.519994135545762,23.544907123012198,160270800
2016-03-16,24.000141143798828,24.07714369172515,23.687596918215096,23.69212749627503,153214000
2016-03-17,23.961639404296875,24.1133809360807,23.771394871388694,23.89822340805467,137682800
2016-03-18,23.98881721496582,24.120176336473016,23.823487396438928,24.083938622439593,176820800
2016-03-21,23.986543655395508,24.38061912774425,23.812152753142776,23.991072503807256,142010800
2016-03-22,24.169994354248047,24.299088144055386,23.828008384512952,23.83706781003208,129777600
2016-03-23,24.036373138427734,24.24926534626152,23.98428359475072,24.11564269013365,102814000
2016-03-24,23.932193756103516,24.063552859351564,23.755539244519138,23.886898347767186,104532000
2016-03-28,23.8234806060791,24.04996107050679,23.79403703984186,24.006929229334705,77645600
2016-03-29,24.38741111755371,24.412324101396788,23.75326526539828,23.755530553359044,124760400
2016-03-30,24.813199996948242,25.007973341395775,24.595778950848203,24.607103665628895,182404400
2016-03-31,24.68410301208496,24.890201044722406,24.659190025108817,24.849434495844047,103553600
2016-04-01,24.91058349609375,24.912848784343115,24.5051832948904,24.636542366815014,103496000
2016-04-04,25.16650390625,25.408837877037346,24.973994174467073,25.007966581717497,149424800
2016-04-05,24.869821548461914,25.078184908237542,24.781494297389987,24.801878439588343,106314800
2016-04-06,25.130271911621094,25.134802488500018,24.7316658138071,24.96494214162522,105616400
2016-04-07,24.582191467285156,25.00797414695786,24.487070080535233,24.90152804506245,127207600
2016-04-08,24.609363555908203,24.86075523538781,24.498386904709438,24.66598366157384,94326800
2016-04-11,24.690902709960938,25.051007594143087,24.647872591054057,24.679579721999776,117630000
2016-04-12,25.012502670288086,25.026090945019725,24.609367726100686,24.76337278081606,108929200
2016-04-13,25.374874114990234,25.44281722473084,25.094038793329254,25.094038793329254,133029200
2016-04-14,25.38846206665039,25.4541416147626,25.21407285317995,25.27975240129216,101895600
2016-04-15,24.878873825073242,25.433751891568942,24.851697280497905,25.39072005878002,187756000
2016-04-18,24.342113494873047,24.675038222438765,24.21981387482699,24.661449951736408,243286000
2016-04-19,24.21302604675293,24.459888910995492,24.059019269678462,24.4327106346028,129539600
2016-04-20,24.26285171508789,24.48027275522926,24.02051768543887,24.15187677049579,122444000
2016-04-21,24.000141143798828,24.217562237125758,23.89822387236138,24.217562237125758,126210000
2016-04-22,23.93445587158203,24.115640936723352,23.69438712899229,23.782714373073755,134732400
2016-04-25,23.798568725585938,23.927662527208124,23.66947492396375,23.78044987288941,112126400
2016-04-26,23.633235931396484,23.848393407654267,23.533585702810786,23.533585702810786,224064800
2016-04-27,22.154319763183594,22.35588724558825,21.669651689996126,21.74212537212017,458408400
2016-04-28,21.477142333984375,22.16790669694198,21.345783253113265,22.106757733313717,328970800
2016-04-29,21.230276107788086,21.452227700794264,20.95170613230117,21.286896218177468,274126000
2016-05-02,21.207630157470703,21.307282112901614,20.926794870603057,21.282369124043885,192640400
2016-05-03,21.55641746520996,21.68324601231902,21.216696661531245,21.334465779859748,227325200
2016-05-04,21.332189559936523,21.719470838965908,21.248391189374903,21.5609335212473,164102000
2016-05-05,21.24560546875,21.43472914791066,21.118004788077215,21.418779062826562,143562000
2016-05-06,21.127120971679688,21.293457337528263,20.928882694816636,21.27522990921445,174799600
2016-05-09,21.14307403564453,21.3663752751912,21.0975011123692,21.190924301261674,131745600
2016-05-10,21.286617279052734,21.32079652477359,20.988122125843148,21.26611077467741,134747200
2016-05-11,21.079273223876953,21.320803627490353,21.06787955869815,21.300297116283584,114876400
2016-05-12,20.58481788635254,21.14079539282424,20.386581315893334,21.12712438477307,305258800
2016-05-13,20.625831604003906,20.88787025509507,20.507345483894703,20.507345483894703,177571200
2016-05-16,21.39143943786621,21.507648216408324,20.883313959085207,21.051929425106646,245039200
2016-05-17,21.302576065063477,21.5782857465761,21.193204520187564,21.54410822532073,187667600
2016-05-18,21.546382904052734,21.694491852089957,21.39371753322122,21.45524054073366,168249600
2016-05-19,21.464353561401367,21.56461224798511,21.32080277341668,21.56461224798511,121768400
2016-05-20,21.69676971435547,21.744619973939777,21.537267110645395,21.564610861163164,128104000
2016-05-23,21.97247886657715,22.145652472550694,21.7993052606036,21.844878177138224,152074400
2016-05-24,22.307437896728516,22.35073000503897,22.065905725812176,22.15249341929196,140560800
2016-05-25,22.69935417175293,22.726696187300238,22.355285989205374,22.48288669757087,152675200
2016-05-26,22.879358291625977,22.95227321448298,22.476046266425598,22.713020200318088,225324800
2016-05-27,22.865684509277344,22.893028256016905,22.615039581998886,22.658333413062653,145364800
2016-05-31,22.754037857055664,22.877082131035774,22.51706389291943,22.694793931414328,169228800
2016-06-01,22.43503761291504,22.681126196370553,22.405416515036443,22.56263832799744,116693200
2016-06-02,22.26642417907715,22.293766198575085,22.018056491917253,22.23908042114969,160766400
2016-06-03,22.311992645263672,22.3917430897742,22.204898446165547,22.28237154828242,114019600
2016-06-06,22.473766326904297,23.216588270279274,22.2276795581887,22.32793648676586,93170000
2016-06-07,22.564916610717773,22.75631941500039,22.548966521896663,22.61504595799249,89638000
2016-06-08,22.54440689086914,22.685678589346253,22.48516296720797,22.562634319478764,83392400
2016-06-09,22.706186294555664,22.783657644976127,22.435033091226014,22.44414767452766,106405600
2016-06-10,22.51934242248535,22.637828532439826,22.4395919890132,22.45098391469261,126851600
2016-06-13,22.179832458496094,22.585423637920215,22.12514669098972,22.48744402948881,152082000
2016-06-14,22.207172393798828,22.439589907996815,22.04539246135026,22.175272223368346,127727600
2016-06-15,22.13425636291504,22.423638701038083,22.10919169619796,22.28920078515296,117780800
2016-06-16,22.227680206298828,22.273251380760037,21.89044760462772,21.977033531475566,125307200
2016-06-17,21.721832275390625,22.02260654816734,21.714996773032112,22.015771045808826,244032800
2016-06-20,21.669424057006836,22.00437758305134,21.653473971882285,21.874497821771726,137647600
2016-06-21,21.853994369506836,21.954251316406683,21.573726562077685,21.63297048872019,142185600
2016-06-22,21.77196502685547,22.077295769638027,21.726392106599683,21.931465901677825,116876400
2016-06-23,21.897287368774414,21.940581209838957,21.703607231975436,21.860830769795754,128960800
2016-06-24,21.282073974609375,21.569177381818555,21.1111793791041,21.170423325639586,301245600
2016-06-27,20.972179412841797,21.202317893911776,20.84913512806466,21.190924228524736,181958400
2016-06-28,21.325359344482422,21.34131117057632,20.994963926386347,21.168137548481333,161779600
2016-06-29,21.509931564331055,21.544110828145115,21.33447882135269,21.411951935226526,146124000
2016-06-30,21.783355712890625,21.82209138908081,21.487139571023903,21.51903974417218,143345600
2016-07-01,21.84943199157715,21.981590826109247,21.721831317368945,21.758287907816086,104106000
2016-07-05,21.64435577392578,21.73777892721435,21.52359061552142,21.735499847311832,110820800
2016-07-06,21.767404556274414,21.797027385905224,21.503088600549212,21.555495280247005,123796400
2016-07-07,21.860836029052734,21.98843676381991,21.7879210751244,21.806148509784265,100558400
2016-07-08,22.029441833496094,22.07729208796315,21.88589107009492,21.986148001080196,115648400
2016-07-11,22.09780502319336,22.25047040152665,22.040840174105185,22.045396597123375,95179600
2016-07-12,22.19806671142578,22.2618670778677,22.129709920993555,22.141101850184125,96670000
2016-07-13,22.072744369506836,22.255030876722028,22.06590712609078,22.195788674552603,103568800
2016-07-14,22.51023292541504,22.55580411528833,22.175279290715043,22.191229381013642,155676000
2016-07-15,22.50794792175293,22.62643576573226,22.444147577346676,22.539848093956056,120548000
2016-07-18,22.74720573425293,22.815562515447628,22.466937889909502,22.489723483641068,145975600
2016-07-19,22.756311416625977,22.785932503045608,22.635544514079736,22.685673843735028,95119600
2016-07-20,22.776824951171875,22.890754648849864,22.726695606044885,22.78593953559762,105104000
2016-07-21,22.656055450439453,23.01379456372455,22.58769694943307,22.747199538971667,130808000
2016-07-22,22.48061180114746,22.626441694697156,22.400859611312615,22.617327109046617,113254800
2016-07-25,22.179832458496094,22.52162154766204,22.084131930752637,22.387185340369452,161531600
2016-07-26,22.027170181274414,22.323388128927633,21.970205325066445,22.061349442685085,224959200
2016-07-27,23.458126068115234,23.777129596654746,23.412554880507894,23.758900426240057,369379200
2016-07-28,23.77484893798828,23.799913611037777,23.428503415240453,23.43078249599839,159479200
2016-07-29,23.74522590637207,23.822698999963638,23.62446071248406,23.740669483656855,110934800
2016-08-01,24.16448402404785,24.187269610665414,23.790794840547626,23.790794840547626,152671600
2016-08-02,23.80674934387207,24.169044932095982,23.697376074006293,24.164488509298266,135266400
2016-08-03,24.105249404907227,24.116641333395183,23.87283181185536,23.881946397703423,120810400
2016-08-04,24.254154205322266,24.28393576146537,24.11898799361885,24.187716812837056,109634800
2016-08-05,24.62299346923828,24.661938981640454,24.325170938035715,24.345788533596977,162213600
2016-08-08,24.826887130737305,24.826887130737305,24.54968393855186,24.63215606994949,112148800
2016-08-09,24.927688598632812,24.957471902628445,24.74441466042447,24.79481556148187,105260800
2016-08-10,24.74212646484375,24.948311201620122,24.68714445098562,24.904782827232136,96034000
2016-08-11,24.726085662841797,24.955179386486087,24.70775774546712,24.861250120825655,109938000
2016-08-12,24.783363342285156,24.84292821004068,24.69172548754898,24.69172548754898,74641600
2016-08-15,25.081180572509766,25.094925636036056,24.760449023407794,24.774194086934088,103472800
2016-08-16,25.058269500732422,25.253000553520927,25.019323989313243,25.115542928529912,135177600
2016-08-17,25.02161407470703,25.055978479112913,24.820010501043836,24.99412220161308,101424000
2016-08-18,24.98954963684082,25.108677631934043,24.97580282167278,25.02391405299071,87938800
2016-08-19,25.053693771362305,25.129295131759978,24.824600011015427,24.91852754387737,101472400
2016-08-22,24.858964920043945,24.994129402375847,24.707762196235322,24.93914738819395,103280800
2016-08-23,24.93685531616211,25.044529662541454,24.863545383200147,24.87729044942843,85030800
2016-08-24,24.748998641967773,24.913946429015343,24.668816175443727,24.872709482253452,94700400
2016-08-25,24.643613815307617,24.71463231618468,24.439720524273138,24.60237687173623,100344800
2016-08-26,24.499282836914062,24.73066623435003,24.35495267551242,24.606957164357713,111065200
2016-08-29,24.4717960357666,24.613834800036564,24.350376619335105,24.425977981664925,99881200
2016-08-30,24.283935546875,24.398482412662144,24.169388681087852,24.238117499698724,99455600
2016-08-31,24.306854248046875,24.414528624411936,24.201471299306878,24.206054154557012,118649600
2016-09-01,24.451175689697266,24.46721218161649,24.196881497944915,24.316009473938212,106806000
2016-09-02,24.68027114868164,24.742125693863773,24.471794991368803,24.673396867797713,107210000
2016-09-06,24.67339515686035,24.81085279946069,24.629868534693674,24.719214953675976,107521600
2016-09-07,24.824596405029297,24.9162342454262,24.52906528736866,24.703177009338134,169457200
2016-09-08,24.173974990844727,24.574889107408605,24.109829011850003,24.57030800084334,212008000
2016-09-09,23.626436233520508,24.219789915352393,23.626436233520508,23.972368262360416,186228000
2016-09-12,24.155651092529297,24.219797077567453,23.488987288353467,23.516479173875677,181171200
2016-09-13,24.73067283630371,24.923112520263004,24.568016462347654,24.62987276170297,248704800
2016-09-14,25.60580825805664,25.894466879100452,24.87958147331745,24.909364780125077,443554800
2016-09-15,26.476364135742188,26.51301997404146,25.99984872493112,26.08461404011325,359934400
2016-09-16,26.32745361328125,26.604656844016898,26.125851740340764,26.37327341248133,319547600
2016-09-19,26.020463943481445,26.616107238589027,25.944862599866273,26.389304955589807,188092000
2016-09-20,26.018173217773438,26.14417546052585,25.775334438482975,25.8990452546818,138057200
2016-09-21,26.013595581054688,26.11439564085053,25.759301382936105,26.082322656209136,144012800
2016-09-22,26.258724212646484,26.33203413703288,26.11668546946502,26.196867926161627,124296000
2016-09-23,25.8211612701416,26.297676780372424,25.555413378412794,26.212911447504933,209924800
2016-09-26,25.860095977783203,25.976934253055173,25.555402688080047,25.576020281915348,119477600
2016-09-27,25.908214569091797,25.92883391803515,25.736394235233423,25.887596967995265,98429600
2016-09-28,26.1052303314209,26.263305567441613,25.98610235860507,26.045667218936227,118564400
2016-09-29,25.699731826782227,26.070864257095547,25.612676848344105,25.924244426122787,143548000
2016-09-30,25.899045944213867,25.972355865263516,25.61267879201268,25.763879739494786,145516400
2016-10-03,25.77762794494629,25.899049100467856,25.722645934420125,25.82115631669641,86807200
2016-10-04,25.88759422302246,26.187706481695248,25.802828904748836,25.9013392889627,118947200
2016-10-05,25.899045944213867,26.038793254315756,25.816572064552215,25.979228397260922,85812400
2016-10-06,26.091482162475586,26.19457363153478,25.91737045567806,26.047953798814635,115117200
2016-10-07,26.13043212890625,26.244979001991542,26.004431617220373,26.187705565448898,97433600
2016-10-10,26.586332321166992,26.746697258697147,26.281637192012965,26.35036427330586,144944000
2016-10-11,26.643596649169922,27.191130424394466,26.620685882062375,26.96432641452194,256164000
2016-10-12,26.881853103637695,27.02847467520881,26.74668866370377,26.884144529965134,150347200
2016-10-13,26.799381256103516,26.904764146242666,26.51072271051164,26.7558528946681,140769600
2016-10-14,26.948299407958984,27.072010252913373,26.833752523502707,27.00557285018712,142608800
2016-10-17,26.929964065551758,26.9963996978109,26.753560944757588,26.87956317389628,94499600
2016-10-18,26.91164207458496,27.081170953777765,26.907059220964147,27.07429842119308,98214000
2016-10-19,26.83145523071289,26.978075061385127,26.070864203658324,26.861236782996038,80138400
2016-10-20,26.817712783813477,26.89102271107884,26.650475331542438,26.77189473471508,96503200
2016-10-21,26.71232795715332,26.783348200363697,26.63901803514478,26.76043742961082,92770800
2016-10-24,26.952877044677734,26.973494640922336,26.803965774141002,26.826874797028253,94154800
2016-10-25,27.090341567993164,27.11554202555859,26.87499283892388,27.021612729569828,192516000
2016-10-26,26.480947494506836,26.506147948519903,25.95861398923006,26.187707754551223,264536800
2016-10-27,26.22665023803711,26.542798947275006,26.139593504476434,26.43512461756348,138248000
2016-10-28,26.052536010742188,26.393885136534475,25.99067973255159,26.08690041553183,151446800
2016-10-31,26.011306762695312,26.16938202274203,25.93341397229303,26.0365072171331,105677600
2016-11-01,25.541662216186523,26.063995697126007,25.32173242146709,25.99297719249639,175303200
2016-11-02,25.564571380615234,25.738683124487448,25.482099236514344,25.521044755532166,113326800
2016-11-03,25.290550231933594,25.665889635814263,25.226074923961,25.555361038381356,107730400
2016-11-04,25.062580108642578,25.387261576155574,24.89448403168557,24.99119698748168,123348000
2016-11-07,25.424100875854492,25.44712751482886,25.20534341354813,25.348111386101127,130240000
2016-11-08,25.573781967163086,25.725760988623172,25.26061467156694,25.401079491951407,97016800
2016-11-09,25.532329559326172,25.633648892110934,24.880666983590114,25.302059626139112,236705600
2016-11-10,24.820804595947266,25.58069457507612,24.369475587034312,25.58069457507612,228538000
2016-11-11,24.96817398071289,25.069493334010403,24.53526705113169,24.666520869348684,136575600
2016-11-14,24.341840744018555,24.82540737785127,23.966501287964054,24.80238072992031,204702000
2016-11-15,24.664216995239258,24.795470809824764,24.44546122320357,24.539870998765544,129058000
2016-11-16,25.327388763427734,25.382654810784636,24.54677385191776,24.569800493239743,235362000
2016-11-17,25.318178176879883,25.410286500520794,25.06027697886951,25.285940527128584,110528000
2016-11-18,25.343515396118164,25.454045768065143,25.25140880245312,25.265224440138745,113715600
2016-11-21,25.728063583374023,25.787932508481216,25.331998968318366,25.35732880464079,117058400
2016-11-22,25.744176864624023,25.88694308570086,25.652068548458963,25.778715945968415,103862000
2016-11-23,25.612924575805664,25.677399873827863,25.405681291577086,25.64285903365308,109705600
2016-11-25,25.741878509521484,25.7603005275793,25.548450833555098,25.589899495775015,45903600
2016-11-28,25.691219329833984,25.89846264489884,25.649770666821013,25.65898167602616,108776000
2016-11-29,25.66588592529297,25.797139713781903,25.345810866402058,25.509302304216686,114115200
2016-11-30,25.44943618774414,25.836289805737298,25.39186869552385,25.69812817577269,144649200
2016-12-01,25.21225929260254,25.546151813381687,25.10633531398931,25.414897996750025,148347600
2016-12-02,25.30666732788086,25.350417422829416,25.064883182701955,25.13856949489034,106112000
2016-12-05,25.124746322631836,25.336594187013972,24.92671408863383,25.329686371821907,137298000
2016-12-06,25.318178176879883,25.41258969173736,25.143174294464316,25.214557410796452,104782000
2016-12-07,25.566869735717773,25.603713767343134,25.13626609622214,25.15929273757793,119994800
2016-12-08,25.817867279052734,25.88925040096269,25.467855973231696,25.527726651799558,108273200
2016-12-09,26.2392635345459,26.41196601965301,25.86162090765732,25.86162090765732,137610400
2016-12-12,26.089590072631836,26.481048345444968,25.90307018964767,26.087286880865953,105497600
2016-12-13,26.524791717529297,26.692887769419816,26.193202482166065,26.213925930966266,174935200
2016-12-14,26.524791717529297,26.75736306366933,26.476435246842158,26.490250879375626,136127200
2016-12-15,26.669862747192383,26.87940922303289,26.534004334186427,26.568543417614983,186098000
2016-12-16,26.70440673828125,26.826449532315554,26.630720423572594,26.819541714814793,177404400
2016-12-19,26.858688354492188,27.02908763527047,26.653748227886037,26.66526242876879,111117600
2016-12-20,26.930070877075195,27.05672005666432,26.867898761435306,26.881714396728537,85700000
2016-12-21,26.955398559570312,27.033691252558103,26.89092325759226,26.895529640202245,95132800
2016-12-22,26.77808952331543,26.828749187403886,26.62841372218683,26.791905156495886,104343600
2016-12-23,26.831050872802734,26.831050872802734,26.616899772401222,26.616899772401222,56998000
2016-12-27,27.001461029052734,27.125807041423812,26.82415214301926,26.8310599620142,73187600
2016-12-28,26.886320114135742,27.17645898903331,26.757367746249844,27.06132401291895,83623600
2016-12-29,26.87941551208496,26.966917471943905,26.80342599712243,26.814938442018846,60158000
2016-12-30,26.669862747192383,26.98763461247589,26.58005761663791,26.860987207324253,122345200
2017-01-03,26.74585723876953,26.78730590344384,26.42578212254811,26.665263101019615,115127600
2017-01-04,26.715919494628906,26.82875303786345,26.653747379573833,26.67677402378607,84472400
2017-01-05,26.851781845092773,26.909349338670825,26.66756516291481,26.692895000634792,88774400
2017-01-06,27.15113067626953,27.208698163829947,26.819541385739022,26.890924508131448,127007600
2017-01-09,27.399822235107422,27.50114158038002,27.158039829552894,27.1603412642579,134247600
2017-01-10,27.427453994750977,27.489626108498722,27.24093589668743,27.349161297891264,97848400
2017-01-11,27.574831008911133,27.616279676942654,27.310020171866448,27.342257829577566,110354400
2017-01-12,27.45969009399414,27.471204293616978,27.22020914776478,27.379095967094887,108344800
2017-01-13,27.411334991455078,27.544891983763733,27.3583721300843,27.427453817642654,104447600
2017-01-17,27.63239288330078,27.687657177157718,27.222512669956387,27.250143938474743,137759200
2017-01-18,27.630090713500977,27.747528879506493,27.565615408814118,27.632393904902735,94852000
2017-01-19,27.58173942565918,27.653122561164782,27.487329642263447,27.494237460948423,102389200
2017-01-20,27.63239288330078,27.736013653885067,27.570220772314254,27.736013653885067,130391600
2017-01-23,27.650819778442383,27.818915880985873,27.57943488959548,27.63239775829992,88200800
2017-01-24,27.62548828125,27.65542274456876,27.51726111543693,27.52877531653976,92844000
2017-01-25,28.06529998779297,28.115959656285376,27.69686843078487,27.72910608222181,129510400
2017-01-26,28.079124450683594,28.19425945104648,28.000831736890078,28.016950566668054,105350400
2017-01-27,28.0814208984375,28.173529233733234,28.00082676386137,28.125172752987556,82251600
2017-01-30,28.007741928100586,28.007741928100586,27.784381484207138,27.84655361666803,121510000
2017-01-31,27.943256378173828,27.952467386430914,27.775160308737572,27.8972030937086,196804000
2017-02-01,29.647254943847656,30.047925906640124,29.246585737875417,29.251190363700744,447940000
2017-02-02,29.596599578857422,29.794631897723733,29.423897097763813,29.469952146814403,134841600
2017-02-03,29.72324562072754,29.748575455818408,29.511397687986015,29.54593677509147,98029200
2017-02-06,30.001876831054688,30.05023507718109,29.68180167077826,29.734766300736073,107383600
2017-02-07,30.28740692138672,30.416357534095017,30.03871494817471,30.05943840086554,152735200
2017-02-08,30.404850006103516,30.446300434222355,30.21603042852631,30.24596665363206,92016400
2017-02-09,30.62455177307129,30.63148954064726,30.323902238905653,30.446474171247278,113399600
2017-02-10,30.555173873901367,30.744815618492357,30.53898692409789,30.633807796393384,80262000
2017-02-13,30.82575035095215,30.948325797298406,30.70086702086009,30.777185983811883,92141600
2017-02-14,31.22585678100586,31.24204373213722,30.816510771787087,30.867390096271922,132904800
2017-02-15,31.33916473388672,31.514930892914073,31.133336096768414,31.34147967526806,142492400
2017-02-16,31.302169799804688,31.429364557891073,31.184220693315968,31.37617383020724,90338400
2017-02-17,31.387737274169922,31.413176931012384,31.24435204226218,31.24435204226218,88792800
2017-02-21,31.614381790161133,31.625945913088973,31.447868300849873,31.505685386614203,98028800
2017-02-22,31.709203720092773,31.711515133205836,31.477935369287305,31.551939406530067,83347600
2017-02-23,31.575061798095703,31.794765984845448,31.521871075358764,31.77164127137798,83152800
2017-02-24,31.605134963989258,31.605134963989258,31.285983497550756,31.431683693772705,87106400
2017-02-27,31.667564392089844,31.78551347525211,31.517241419239607,31.71613228436971,81029600
2017-02-28,31.681447982788086,31.785518019553354,31.61437819475917,31.702261284366248,93931600
2017-03-01,32.3289909362793,32.412247657275685,31.82251637316461,31.889582620887936,145658400
2017-03-02,32.137046813964844,32.442319156734115,32.09079032756467,32.377564310423224,104844000
2017-03-03,32.32667922973633,32.33824334927274,32.05146941758944,32.09541095450349,84432400
2017-03-06,32.22492218017578,32.32436937834266,32.05378590671845,32.23185994645789,87000000
2017-03-07,32.266563415527344,32.37294488772751,32.09773496754085,32.160178414451956,69785200
2017-03-08,32.14628601074219,32.33130131226214,32.10465942055872,32.13472189273344,74828800
2017-03-09,32.0722770690918,32.0977167160437,31.6953122464613,32.086156127416366,88623600
2017-03-10,32.17867660522461,32.229555922206174,32.06304243551647,32.20411626371539,78451200
2017-03-13,32.19255065917969,32.24574138671217,32.10467109388138,32.11160886143455,69686800
2017-03-14,32.14398956298828,32.296623993591744,32.109297192811354,32.21568218759559,61236400
2017-03-15,32.48396301269531,32.551029300110905,32.15324734535898,32.24113047199923,102767200
2017-03-16,32.53714370727539,32.61346268385059,32.43769648487442,32.54408147524815,76928000
2017-03-17,32.37526321411133,32.60884301781536,32.35213496354137,32.60884301781536,175540000
2017-03-20,32.715213775634766,32.72446295450743,32.43075123884514,32.47006642458355,86168000
2017-03-21,32.34056091308594,33.02511669068808,32.31512125681653,32.86554098580492,158119600
2017-03-22,32.705963134765625,32.74759326450858,32.32205690311891,32.34287373242752,103440800
2017-03-23,32.59032440185547,32.742962308001125,32.51863180229808,32.66895476724913,81385200
2017-03-24,32.52558517456055,32.779981806867895,32.458518896338866,32.72447612467116,89582400
2017-03-27,32.581077575683594,32.65970794675348,32.05840898579476,32.23648655581988,94300400
2017-03-28,33.256378173828125,33.31188030055289,32.52094323486099,32.58801300981845,133499200
2017-03-29,33.33039474487305,33.41596643727402,33.115316865024205,33.22863610236925,116760000
2017-03-30,33.28645324707031,33.41827790567941,33.187009546470556,33.34658527894468,84829200
2017-03-31,33.2240104675293,33.36508429564354,33.07368392967407,33.23788600326598,78646800
2017-04-03,33.23325729370117,33.33038956585056,33.082934295371665,33.2355722354098,79942800
2017-04-04,33.48072052001953,33.50847159319599,33.110689742916605,33.12919163465926,79565600
2017-04-05,33.30725860595703,33.640285493099675,33.25869071455128,33.3535115560882,110871600
2017-04-06,33.2240104675293,33.4229013804629,33.17544256357612,33.36970712163922,84596000
2017-04-07,33.14999771118164,33.34426223880752,33.13381076498328,33.240192208213244,66688800
2017-04-10,33.110687255859375,33.274889327194714,33.048243817027654,33.21013447539691,75733600
2017-04-11,32.75453567504883,33.1523174967134,32.391442692359455,33.057496631681495,121517600
2017-04-12,32.7938346862793,32.87477644690454,32.611130814168234,32.74758174751158,81400000
2017-04-13,32.62040328979492,32.92799063588841,32.62040328979492,32.81929422302548,71291600
2017-04-17,32.80078125,32.81234537001245,32.57876214393246,32.71983593878682,66328400
2017-04-18,32.65508270263672,32.849347224425514,32.63426940291809,32.70365059752099,58790000
2017-04-19,32.534828186035156,32.84010408690004,32.48163745623287,32.81235301550316,69313600
2017-04-20,32.94186782836914,33.05287566004394,32.645844591319445,32.65972012916938,93278400
2017-04-21,32.90253829956055,32.99735560986855,32.80540604803546,32.94185348263924,69283600
2017-04-24,33.21937561035156,33.2910682125583,33.11299064880763,33.186998192294524,68537200
2017-04-25,33.42522048950195,33.51078866549645,33.27258250350451,33.28183521537591,75486000
2017-04-26,33.22861862182617,33.441388505425266,33.15924097377565,33.41132250535454,80164800
2017-04-27,33.25407409667969,33.339645784792786,33.14306627809032,33.28414011106064,56985200
2017-04-28,33.2216911315918,33.3720176495641,33.13381157392462,33.32344975203475,83441600
2017-05-01,33.89931869506836,34.04270395775344,33.5246650583104,33.557042489525585,134411600
2017-05-02,34.1143798828125,34.248515897551556,33.95943057152953,34.12131764832714,181408800
2017-05-03,34.01033020019531,34.10977744680371,33.36509291954122,33.67036537127653,182788000
2017-05-04,33.88774108886719,34.02881488208259,33.721227643469526,33.88542967644114,93487600
2017-05-05,34.449737548828125,34.454360375384375,33.940944317621934,33.940944317621934,109310800
2017-05-08,35.38636016845703,35.54593585491734,34.46591335230264,34.46591335230264,195009600
2017-05-09,35.61301040649414,35.81883907325609,35.488123535633214,35.58525580803918,156521600
2017-05-10,35.44417190551758,35.601436155771424,35.178214820705925,35.52974356050255,103222800
2017-05-11,35.75071334838867,35.7785825048383,35.36986794901809,35.40237901200923,109020400
2017-05-12,36.2499885559082,36.32429802583939,35.9179080354971,35.924874437570665,130108000
2017-05-15,36.157100677490234,36.37771169851884,36.00615722716537,36.229089201289476,104038800
2017-05-16,36.10369873046875,36.24070940692101,35.92953153528482,36.2128437895926,80194000
2017-05-17,34.89149856567383,35.89470341996121,34.766099730608424,35.66944687286726,203070800
2017-05-18,35.42329025268555,35.60906933720598,35.09585855829673,35.128369632329715,134272800
2017-05-19,35.544029235839844,35.75767383492193,35.44417511011823,35.61834224948902,107843200
2017-05-22,35.76000213623047,35.89701278335505,35.50920100363772,35.76232308936414,91865600
2017-05-23,35.71588134765625,35.971324401714845,35.60209085541772,35.971324401714845,79675600
2017-05-24,35.60906219482422,35.80180764630263,35.45347326148539,35.725173656429966,76712000
2017-05-25,35.732139587402344,35.84360914034475,35.537073184913964,35.69962852032095,76942400
2017-05-26,35.67176055908203,35.818062123052115,35.602092978932454,35.76232735024439,87710400
2017-05-30,35.68568420410156,35.86217229085212,35.606729287142585,35.627628492789476,80507600
2017-05-31,35.474365234375,35.801800339704464,35.38612295110314,35.755356473228765,97804800
2017-06-01,35.5718994140625,35.6067349724756,35.348967431354566,35.569578460877615,65616400
2017-06-02,36.09904479980469,36.09904479980469,35.504554813511305,35.664789162390655,111082800
2017-06-05,35.74606704711914,35.86682393968477,35.636925550951005,35.841279280554346,101326800
2017-06-06,35.8668327331543,36.1826560764517,35.71124378701055,35.73910940618827,106499600
2017-06-07,36.08047103881836,36.22212715034009,35.87379279841193,35.999195149432616,84278400
2017-06-08,35.992225646972656,36.11994539693089,35.85521145399643,36.05260232047,85003200
2017-06-09,34.59656524658203,36.03867095620318,33.909187474788965,36.03867095620318,259530800
2017-06-12,33.76985168457031,33.92544059310496,33.094082235331136,33.8441647090024,289229200
2017-06-13,34.04155731201172,34.24126916682456,33.707155737121326,34.17392607850608,136661600
2017-06-14,33.70948791503906,34.25288882633257,33.4029518870634,34.25288882633257,126124800
2017-06-15,33.507442474365234,33.551565394676025,33.02442193475349,33.282189509280364,128661600
2017-06-16,33.03834915161133,33.55620516651621,33.02209184964148,33.38900441439125,201444400
2017-06-19,33.98349380493164,34.07638507861162,33.36113821675473,33.36113821675473,130165600
2017-06-20,33.67464065551758,34.10657538102148,33.6583868954916,34.10657538102148,99600400
2017-06-21,33.87434768676758,33.920795093838045,33.581748156797836,33.79307181127359,85063200
2017-06-22,33.818626403808594,34.06710309612845,33.70019044179757,33.85113747224597,76425200
2017-06-23,33.969566345214844,34.17392363602884,33.6978659708955,33.702511421170456,141757600
2017-06-26,33.86275100708008,34.434017458450086,33.76057234593985,34.17624985182483,102769600
2017-06-27,33.37739562988281,33.94169910603165,33.3518509697536,33.67464065132807,99047600
2017-06-28,33.86506652832031,33.93008865798964,33.24503179961903,33.55388868726849,88329600
2017-06-29,33.365787506103516,33.70251357547515,33.04067683488191,33.60498037410866,125997600
2017-06-30,33.44474411010742,33.663034209976,33.389009336702564,33.544598259420724,92096400
2017-07-03,33.32398986816406,33.741991843491185,33.2311021151761,33.64445863982163,57111200
2017-07-05,33.46100616455078,33.62356153130485,33.14286183651487,33.36811839596024,86278400
2017-07-06,33.145164489746094,33.32397706616657,33.07085502459115,33.212511096714515,96515200
2017-07-07,33.48189926147461,33.61426802813637,33.18465420418292,33.18465420418292,76806800
2017-07-10,33.68626403808594,33.8929423431874,33.29380664511497,33.4656529214965,84362400
2017-07-11,33.79540252685547,33.86971556488356,33.52834757625345,33.609623475225916,79127200
2017-07-12,33.84415054321289,33.94632559388063,33.63050600255363,33.87433709624353,99538000
2017-07-13,34.31558609008789,34.48278689647381,33.774506194900255,33.788439004858915,100797600
2017-07-14,34.610504150390625,34.67785078484999,34.21340492186684,34.36202745628382,80528400
2017-07-17,34.73125457763672,35.04243239726825,34.50135618621704,34.55941190824262,95174000
2017-07-18,34.852012634277344,34.863624487757846,34.524577500704176,34.64765535202909,71475200
2017-07-19,35.0703010559082,35.16318879245551,34.821820868312145,34.94489871378533,83692000
2017-07-20,34.912391662597656,35.23750586474434,34.877559643250706,35.1817710903488,68974800
2017-07-21,34.89613723754883,34.93561470653786,34.57334753845936,34.831115107044496,105010400
2017-07-24,35.318782806396484,35.400062245206634,34.81021404818792,34.96812747527722,85972800
2017-07-25,35.4697151184082,35.72515809662031,35.25142509871339,35.25142509871339,75415600
2017-07-26,35.63692855834961,35.74607006372819,35.544037270290794,35.611383897063476,63124000
2017-07-27,34.96348190307617,35.760008352946,34.206436467421675,35.704273577089516,129905200
2017-07-28,34.71732711791992,34.8868488601785,34.64533857847206,34.80789391648992,68854800
2017-07-31,34.53850555419922,34.91006355379913,34.39917396192902,34.81020587973777,79383600
2017-08-01,34.84504318237305,34.88452064600083,34.464197808236975,34.62443215930494,141474400
2017-08-02,36.49151611328125,37.097618185944185,36.263938602645254,36.98847311030993,279747200
2017-08-03,36.12690353393555,36.507748793022444,35.99918028228837,36.47059229373621,108389200
2017-08-04,36.317344665527344,36.551888554255555,36.154789319703795,36.2430351689112,82239600
2017-08-07,36.87930679321289,36.90485144606196,36.38235008241756,36.47291684371169,87481200
2017-08-08,37.17424774169922,37.580637876655814,36.753924797637495,36.83055879115649,144823600
2017-08-09,37.401824951171875,37.45059332612342,36.94899094136792,36.98382296387563,104526000
2017-08-10,36.21050262451172,37.301571894907305,36.04963902653811,37.278256989530945,163217200
2017-08-11,36.71408462524414,36.968204380696974,36.385367105784226,36.508928323477214,105028400
2017-08-14,37.26659393310547,37.35052259153138,37.0101442664279,37.14303279116652,88490800
2017-08-15,37.67459487915039,37.814473661034796,37.334216417589246,37.45544754110693,117862000
2017-08-16,37.5230598449707,37.88674970429978,37.33655122144509,37.75386466678621,110686400
2017-08-17,36.802669525146484,37.46710530600799,36.79800583183834,37.422809112969794,111762400
2017-08-18,36.71873474121094,37.185004388718376,36.53688986327145,36.80266342005648,109712400
2017-08-21,36.65113067626953,36.809660663895095,36.16154607710975,36.71873821632033,105474000
2017-08-22,37.25029373168945,37.301583693857005,36.83997759170527,36.88893392818397,86418400
2017-08-23,37.296905517578125,37.41114285393085,37.04045936367374,37.084755546287134,77596400
2017-08-24,37.13138198852539,37.47409044200262,36.963524641624105,37.40181566310647,79275600
2017-08-25,37.268924713134766,37.43211834170887,37.13137605171904,37.219964845885386,101920400
2017-08-28,37.644290924072266,37.767852131023545,37.28526120181842,37.33422109389162,103864000
2017-08-29,37.97999572753906,38.028952049357265,37.301572523502614,37.324887429271875,118067600
2017-08-30,38.08257293701172,38.20846417016917,37.91005189560232,38.18748289086875,109078400
2017-08-31,38.23411560058594,38.355346719281485,38.11288448189038,38.15018691185141,107140400
2017-09-01,38.245765686035156,38.453255521353654,38.14784949426905,38.42061679076495,66364400
2017-09-05,37.7864990234375,38.2924012492851,37.4321330356037,38.17583381778042,117874000
2017-09-06,37.74686050415039,37.99864654293107,37.42280323853875,37.93336907628665,86606800
2017-09-07,37.595333099365234,37.823807865129176,37.38551311004178,37.78883549533773,87714000
2017-09-08,36.982173919677734,37.5696710457614,36.95885901707796,37.50206351998956,114446000
2017-09-11,37.651283264160156,37.7795081601223,37.275935963628775,37.41814838326752,126323200
2017-09-12,37.50206756591797,38.22478693622561,37.014816642265714,37.91005350394695,286856000
2017-09-13,37.21998977661133,37.29226459236289,36.81433727920608,37.27127974528318,179629600
2017-09-14,36.90058517456055,37.16169507812137,36.856288982201704,37.066112489582196,95042800
2017-09-15,37.273590087890625,37.52770614652858,36.83529555933749,36.944869191475775,196458400
2017-09-18,36.99149703979492,37.41813413626858,36.835297155952865,37.32721170963351,113077600
2017-09-19,37.005489349365234,37.24795155668751,36.93788181613128,37.1873342261794,83242400
2017-09-20,36.38536071777344,36.89592309278053,35.86313733048767,36.81199439763381,211805600
2017-09-21,35.76054763793945,36.322403372403244,35.61134150486139,36.322403372403244,150046800
2017-09-22,35.410850524902344,35.499442902004716,35.100780762399374,35.329251908375916,186581600
2017-09-25,35.098453521728516,35.396865854855974,34.774396211971876,34.967898570654704,177549200
2017-09-26,35.7022705078125,35.88411540480355,35.36422568942429,35.38520697199507,146640000
2017-09-27,35.95637893676758,36.070616268553735,35.79551535680401,35.856132681053886,102016800
2017-09-28,35.734901428222656,35.96803622540958,35.59968281897168,35.87711379680086,88022000
2017-09-29,35.93074417114258,35.933077796494764,35.43649939685604,35.71859414808069,105199200
2017-10-02,35.85847473144531,36.00768090988704,35.604358570207296,35.963384714241606,74795200
2017-10-03,36.01466751098633,36.156879899456726,35.88178250782671,35.90509385639331,64921200
2017-10-04,35.781532287597656,35.87012466029969,35.543737325116126,35.81650464609564,80655200
2017-10-05,36.226829528808594,36.238486984494706,35.914429637614404,35.944734753571076,85135200
2017-10-06,36.205841064453125,36.25013725286414,36.033320003630024,36.12890614100588,69630400
2017-10-09,36.33172607421875,36.53921590218833,36.25013102931436,36.32473231486565,65051600
2017-10-10,36.34571838378906,36.83530294716818,36.15921336664957,36.38302081015903,62468000
2017-10-11,36.49726104736328,36.59750732414715,36.31075245809779,36.362042409079685,67622400
2017-10-12,36.369041442871094,36.688435091547525,36.30609402892953,36.4506400741789,64500400
2017-10-13,36.59983444213867,36.66744197058261,36.464615827895976,36.539217115925325,65576800
2017-10-16,37.273590087890625,37.30156512337973,36.75369696268831,36.81198065819359,96486000
2017-10-17,37.41114807128906,37.50440058437659,37.12205958894918,37.25028446246104,75989200
2017-10-18,37.245628356933594,37.467109346006374,37.20832947851361,37.39949823649277,65496800
2017-10-19,36.364376068115234,36.620825848350755,36.14056858477861,36.5438909142801,170336800
2017-10-20,36.42731857299805,36.77702083129883,36.359711034962906,36.511247257284445,95896400
2017-10-23,36.408660888671875,36.76302677683366,36.25246100127243,36.576518227414056,87937200
2017-10-24,36.625484466552734,36.70008576487536,36.415660977975,36.43664225962618,71028800
2017-10-25,36.46460723876953,36.730380712477576,36.19883376506149,36.5811746142091,84828400
2017-10-26,36.697757720947266,36.795673931407954,36.55088162657848,36.65579159797525,68002000
2017-10-27,38.01263427734375,38.14085914374413,36.99849635632413,37.13604505057401,177816800
2017-10-30,38.86823654174805,39.1829699641332,38.168832098540996,38.20846459010681,178803200
2017-10-31,39.40910720825195,39.551319586418295,38.91952623556408,39.14333366383427,144187200
2017-11-01,38.90787887573242,39.61894095100599,38.60946652239726,39.60261980233873,134551200
2017-11-02,39.192291259765625,39.28321368921502,38.53251935074372,38.84025899340612,165573600
2017-11-03,40.21575927734375,40.62607530874295,39.89403206477131,40.56546153192935,237594400
2017-11-06,40.623741149902344,40.79626219210494,40.03391035782357,40.185446563274354,140105200
2017-11-07,40.75428771972656,40.8568675855517,40.47219664606165,40.54446785406912,97446000
2017-11-08,41.087684631347656,41.087684631347656,40.64239624240402,40.71933116489338,97638000
2017-11-09,41.00375747680664,41.05504742704472,40.36496672397675,40.82424265097337,117930400
2017-11-10,40.8680534362793,41.03417579631033,40.77446568734088,40.97100210219782,100582000
2017-11-13,40.70427322387695,40.82827859819119,40.57090693255195,40.59430565493508,67928400
2017-11-14,40.08892822265625,40.589630240642535,40.0514916902484,40.48668156159305,99130000
2017-11-15,39.56013870239258,39.8502663861521,39.39635838500541,39.768374442386936,116632400
2017-11-16,40.03276824951172,40.21292482835104,39.8455891985037,40.051482941483414,94550000
2017-11-17,39.810482025146484,40.100609666448214,39.691157147828726,40.01871773466726,87598000
2017-11-20,39.770713806152344,39.9064185208818,39.672445613446854,39.84324483623426,65049600
2017-11-21,40.51007843017578,40.64110271745377,39.957902097972784,39.957902097972784,100525200
2017-11-22,40.93590545654297,40.94526280289188,40.48901630283123,40.56154734000195,102355600
2017-11-24,40.9382438659668,41.06224923331061,40.86337081466449,40.96866148932631,56106800
2017-11-27,40.73234558105469,40.963980061627794,40.55686588762935,40.95696115950226,82867200
2017-11-28,40.49370193481445,40.91485040705226,40.210593082113746,40.78148767621537,105715200
2017-11-29,39.65372085571289,40.4585880966455,39.11090565587117,40.39073753546878,166665600
2017-11-30,40.208248138427734,40.276098715053735,39.41039961629005,39.87600344692711,166108800
2017-12-01,40.02106475830078,40.16612681204002,39.424433156736974,39.76369314346366,159037200
2017-12-04,39.72859191894531,40.388393520644755,39.68881696158599,40.35563746339928,130169600
2017-12-05,39.69116973876953,40.13104001218324,39.40104200543269,39.5554650039899,109400800
2017-12-06,39.543758392333984,39.82218671349077,38.947130355732995,39.1904605999383,114240000
2017-12-07,39.61630630493164,39.87835489755641,39.520376527222815,39.54845214210567,102693200
2017-12-08,39.627994537353516,40.00937156075876,39.49931228026131,39.8900466501275,93420800
2017-12-11,40.40009689331055,40.45157121269032,39.492280973495845,39.588210711443864,141095200
2017-12-12,40.173152923583984,40.33459482276244,40.11700170310015,40.27844003213489,77636800
2017-12-13,40.306514739990234,40.60365776912856,40.243341053812145,40.36032751036392,95273600
2017-12-14,40.2948112487793,40.50772743470711,40.16144498831584,40.33692465515115,81906000
2017-12-15,40.70427322387695,40.75106709849942,40.35097536481199,40.62472328000438,160677200
2017-12-18,41.27751159667969,41.460010230575996,40.912514328887056,40.91719478800201,117684400
2017-12-19,40.83763122558594,41.03650963242742,40.732344127317134,40.9522792397837,109745600
2017-12-20,40.79317855834961,41.0435277172431,40.53580692757751,40.91484190185705,93902400
2017-12-21,40.94758987426758,41.183904753131266,40.73467728013545,40.75105352423365,83799600
2017-12-22,40.94758987426758,41.043519605882686,40.82826499820611,40.870378400295124,65397600
2017-12-26,39.908756256103516,40.11933042216135,39.7005169634749,39.96256901940401,132742000
2017-12-27,39.9157829284668,39.9578963418206,39.707547165438044,39.79879646451484,85992800
2017-12-28,40.02809143066406,40.20825159602638,39.887706237108844,40.00937316684711,65920800
2017-12-29,39.595237731933594,39.913441057833,39.59289928789782,39.89706480929548,103999600
2018-01-02,40.30418395996094,40.313544878374515,39.60226502500425,39.812842847577855,102223600
2018-01-03,40.297149658203125,40.839968474154716,40.23397954869898,40.36734223890624,118071600
2018-01-04,40.48432159423828,40.58727021855667,40.2620481027194,40.3696736134942,89738400
2018-01-05,40.94526290893555,41.031831750925626,40.48901640769327,40.58026570794173,94640000
2018-01-08,40.79317855834961,41.08798314166222,40.694906793768766,40.79317855834961,82271200
2018-01-09,40.78849792480469,40.959297149866934,40.5732432755148,40.83997225073741,86336000
2018-01-10,40.77914047241211,40.78148248660823,40.477316963030724,40.51475348873273,95839600
2018-01-11,41.01077651977539,41.05991240789748,40.82593946856962,40.84933462041617,74670800
2018-01-12,41.434261322021484,41.497435006670855,41.09733976408248,41.22134511941513,101672400
2018-01-16,41.22367477416992,41.97238713948442,41.21197541827675,41.62376632666418,118263600
2018-01-17,41.904541015625,41.9396355168708,40.96163066730062,41.21431821655548,137547200
2018-01-18,41.94198989868164,42.13852989077325,41.7056785034929,41.967727066089836,124773600
2018-01-19,41.75480651855469,42.01685503172588,41.509134252385074,41.78990102651753,129700400
2018-01-22,41.4131965637207,41.595695110424,41.31960884700095,41.48338913633179,108434400
2018-01-23,41.42256546020508,41.98410262756551,41.37109470075366,41.48340070616833,130756400
2018-01-24,40.76276397705078,41.48340102680674,40.52411058982438,41.47170166632772,204420400
2018-01-25,40.035118103027344,40.93357351974331,39.899413341625795,40.83062483384252,166116000
2018-01-26,40.128684997558594,40.243332987250355,39.789425055589945,40.243332987250355,156572000
2018-01-29,39.298099517822266,39.81283931036235,39.08986372842516,39.81283931036235,202561600
2018-01-30,39.06645965576172,39.16004739790291,38.53534011524448,38.7295380718238,184192800
2018-01-31,39.1740837097168,39.41039864035675,38.95649061096402,39.04305944765361,129915600
2018-02-01,39.25597381591797,39.452510199787405,39.0173204525661,39.113250200696385,188923200
2018-02-02,37.55266189575195,39.026692329053304,37.459074135284396,38.83951323797398,346375200
2018-02-05,36.61442565917969,38.3434854954354,36.499777636480054,37.22509515859577,290954000
2018-02-06,38.14461898803711,38.30606093384665,36.03184302362693,36.226041047561246,272975200
2018-02-07,37.328033447265625,38.231168949040736,37.21806947306256,38.15863792407695,206434400
2018-02-08,36.300907135009766,37.669650523067176,36.27283151930214,37.50352813312676,217562000
2018-02-09,36.744903564453125,37.09259424286847,35.29540556303041,36.89995612086624,282690400
2018-02-12,38.224945068359375,38.50215699971971,37.003322717140904,37.235901563137254,243278000
2018-02-13,38.60788345336914,38.70420433662891,37.975929558630334,38.04640834113016,130196800
2018-02-14,39.31970977783203,39.359646916272006,38.26489040714786,38.30247598263867,162579600
2018-02-15,40.6400032043457,40.66349374207075,39.702643640911546,39.888234303148494,204588800
2018-02-16,40.5084342956543,41.06991289835843,40.35338530181675,40.49199128049389,160704400
2018-02-20,40.3721809387207,40.938351927509956,40.271160528345504,40.41916559216763,135722000
2018-02-21,40.18894577026367,40.90546993442809,40.17484714537294,40.60241581622641,149886400
2018-02-22,40.52488708496094,40.865530346416314,40.33929642572378,40.36043898474452,123967600
2018-02-23,41.22966766357422,41.26490526188542,40.76920939900944,40.79975104067896,135249600
2018-02-26,42.04485321044922,42.14352204456397,41.39645647853849,41.42934608991008,152648800
2018-02-27,41.90859603881836,42.39959224122291,41.85456387295106,42.075395661320265,155712400
2018-02-28,41.84518051147461,42.43249779278185,41.82873749164211,42.11299704836271,151128400
2018-03-01,41.11220932006836,42.235159665006215,40.56248121005949,41.943849005617665,195208000
2018-03-02,41.396461486816406,41.417604042820585,40.51313424362813,40.59536007435443,153816000
2018-03-05,41.539764404296875,41.75589666087064,40.999431970512966,41.16153205911804,113605600
2018-03-06,41.50453186035156,41.87571676450101,41.37767292119403,41.79584248485739,95154000
2018-03-07,41.11924743652344,41.311889179650166,40.94070431594449,41.09810487975081,126814000
2018-03-08,41.56795883178711,41.61024394557519,41.128646754391646,41.22496404180873,95096400
2018-03-09,42.282135009765625,42.286834550653744,41.67367530628129,41.807585336347394,128740800
2018-03-12,42.6909065246582,42.848307080513344,42.336168279495034,42.35495927254413,128828400
2018-03-13,42.279781341552734,43.10907275407872,42.1082857615601,42.89528848118307,126774000
2018-03-14,41.92036056518555,42.40900899345874,41.77235545711568,42.362024325965244,117473600
2018-03-15,41.969688415527344,42.343224903462456,41.833433970776106,41.93445081510891,90975200
2018-03-16,41.82167434692383,42.08009170333701,41.727701466201786,41.969675808925395,157618800
2018-03-19,41.18267822265625,41.692469065666344,40.79739832548874,41.65723147144648,133787200
2018-03-20,41.168575286865234,41.53506053523963,41.0980965272474,41.168575286865234,78597600
2018-03-21,40.23593521118164,41.13335419534506,40.233583647737255,41.12160713222426,148219600
2018-03-22,39.667396545410156,40.56716314673629,39.60866483810851,39.937560965118145,165963200
2018-03-23,38.748836517333984,39.91877126601318,38.748836517333984,39.55933346018585,164115200
2018-03-26,40.58831787109375,40.665844171294374,39.10123029749921,39.48416225720845,150164800
2018-03-27,39.54759979248047,41.14745166306302,39.214003971444654,40.80210877821386,163690400
2018-03-28,39.11063003540039,39.942273284293705,38.80757590603423,39.29152475547946,166674000
2018-03-29,39.41603088378906,40.34869086628051,39.20929408624951,39.42307840327794,153594000
2018-04-02,39.1576042175293,39.688541173485575,38.63841790528605,39.148208721137635,150347200
2018-04-03,39.559326171875,39.64389996852914,38.73473434302113,39.38313106090376,121112000
2018-04-04,40.315792083740234,40.409761378700175,38.70889348091307,38.73473557473187,138422000
2018-04-05,40.595367431640625,40.93131116470009,40.426219783553385,40.54368322890842,107732800
2018-04-06,39.55698013305664,40.52017796942348,39.51469144030749,40.1654397524392,140021200
2018-04-09,39.94932174682617,40.66349797567897,39.902337081784566,39.9093846023058,116070800
2018-04-10,40.701072692871094,40.87726781275365,40.296998264497844,40.642340986243575,113634400
2018-04-11,40.51078796386719,40.858478709963855,40.336940798469165,40.461451746423364,89726400
2018-04-12,40.9101676940918,41.11220495899255,40.65174668618393,40.73867207140737,91557200
2018-04-13,41.048770904541016,41.30953987307731,40.84203769697408,41.06051796495608,100497200
2018-04-16,41.30485153198242,41.39177334262031,41.07227259780241,41.11925726342559,86313600
2018-04-17,41.87336730957031,42.03781540441986,41.44345070001389,41.46224528009664,106421600
2018-04-18,41.779396057128906,42.009626983699256,41.55386825663928,41.77234853740734,83018000
2018-04-19,40.595367431640625,41.203827218251746,40.56247781032921,40.82089523929037,139235200
2018-04-20,38.93207931518555,40.22417703818973,38.863948518722765,40.07852353288215,261964400
2018-04-23,38.81930923461914,39.21398457367162,38.54914123935694,39.19284202008641,146062000
2018-04-24,38.278987884521484,39.07538989520362,37.87491334848278,38.92033728806554,134768000
2018-04-25,38.445777893066406,38.861599424791336,38.15447089081557,38.20380352230031,113528400
2018-04-26,38.57968521118164,38.934423442282075,38.3799959671343,38.556191093752886,111852000
2018-04-27,38.133331298828125,38.605533017528785,37.736304314562105,38.52800672018398,142623200
2018-04-30,38.82400131225586,39.29385490783552,38.02055209397845,38.088682872768636,169709600
2018-05-01,39.72614288330078,39.74963342405332,38.826372365902685,39.09418890644335,214277600
2018-05-02,41.48103332519531,41.75824527216936,40.83028498306096,41.166228639278565,266157600
2018-05-03,41.55620193481445,41.69950742767214,40.980631985851076,41.318927154872405,136272800
2018-05-04,43.186614990234375,43.2852838638577,41.856927797914814,41.8757223811812,224805200
2018-05-07,43.49906539916992,44.08873062408348,43.40274451042906,43.503761356157284,169805600
2018-05-08,43.70814895629883,43.74808609775909,43.14902180645542,43.459127024429044,113611200
2018-05-09,44.015899658203125,44.02529515598114,43.51315628663752,43.82560946207637,92844800
2018-05-10,44.64549255371094,44.7230188366596,44.08401758147566,44.10516372024267,111957200
2018-05-11,44.47570037841797,44.82237483155684,44.20685116971051,44.68795202646433,104848800
2018-05-14,44.37193298339844,44.69738334833763,44.30354306537909,44.5747493038135,83115200
2018-05-15,43.968666076660156,44.11724188633787,43.65265100074759,44.048848361857765,94780800
2018-05-16,44.379005432128906,44.445041913162775,43.864891761356354,43.88140178124538,76732400
2018-05-17,44.09837341308594,44.55117192487424,43.94979760818631,44.33656322857982,69176000
2018-05-18,43.9379997253418,44.29174885556378,43.89555155700583,44.14553369993248,73190800
2018-05-21,44.24930953979492,44.636075188940175,44.079509635436224,44.33656652451263,73603200
2018-05-22,44.138465881347656,44.54409856840905,44.04884826953651,44.42618217329871,60962800
2018-05-23,44.42145919799805,44.45447564073993,43.80829257733751,43.94743664180622,80233600
2018-05-24,44.37193298339844,44.53465816586804,43.914420445273656,44.51815174366573,92936000
2018-05-25,44.47334289550781,44.72568208078346,44.25401655460162,44.39079998901704,69844000
2018-05-29,44.3129768371582,44.51343613465707,44.07006936758996,44.24222988370924,90056400
2018-05-30,44.21863555908203,44.336551920572916,44.048835710653414,44.270519046019764,74762000
2018-05-31,44.070064544677734,44.39079722646225,43.8979076459214,44.152607446031645,109931200
2018-06-01,44.86481475830078,44.86952882142996,44.277590031785664,44.33419117602905,93770000
2018-06-04,45.239803314208984,45.61477657652399,45.12660458565633,45.19499450955699,105064800
2018-06-05,45.58883285522461,45.73740865401023,45.36479244017438,45.532235292656786,86264000
2018-06-06,45.7468376159668,45.7704223312926,45.261022707842756,45.66429830937113,83734400
2018-06-07,45.62420654296875,45.798720479292754,45.36007140934705,45.78457108970132,85388800
2018-06-08,45.209136962890625,45.279887506824466,44.7539814876387,45.08414589463377,106627200
2018-06-11,45.09830093383789,45.27281848426944,44.85775409225702,45.126603314070564,73234000
2018-06-12,45.34592819213867,45.423753444007204,45.07943599015152,45.13603715474393,67644400
2018-06-13,44.97330856323242,45.48742587356639,44.91199333844062,45.37894121591051,86553600
2018-06-14,44.99689865112305,45.17849091346414,44.86011519623833,45.17377324991007,86440400
2018-06-15,44.53466796875,44.84596901217522,44.39788450408042,44.815309594664896,246876800
2018-06-18,44.51108169555664,44.624280426192385,44.14789718692126,44.30826535396777,73939600
2018-06-19,43.79179000854492,43.94272284557757,43.2635232796693,43.662081258316235,134314000
2018-06-20,43.982810974121094,44.147893191048695,43.80121873623951,43.94743749853748,82514800
2018-06-21,43.737548828125,44.4191054162956,43.614914775314446,44.159687919681474,102847600
2018-06-22,43.610198974609375,43.90027229792236,43.558315473070756,43.89319760212371,108801600
2018-06-25,42.9616584777832,43.61019864357019,42.62205868793474,43.25173179889428,126652400
2018-06-26,43.49464416503906,43.98989451392018,43.04892029045532,43.15504793558925,98276800
2018-06-27,43.430973052978516,44.16677030083595,43.40031363481003,43.68331229948418,101141200
2018-06-28,43.746986389160156,43.91442926812382,43.346071330635276,43.41682189355687,69460800
2018-06-29,43.65499496459961,44.14552745426334,43.136163700048925,43.93327584704597,90950800
2018-07-02,44.143165588378906,44.171467960995365,43.25643588103166,43.350771125550494,70925200
2018-07-03,43.374351501464844,44.324757032912984,43.28473392032371,44.28702293574602,55819200
2018-07-05,43.723388671875,43.96158204295714,43.459257153905625,43.69037223212883,66416800
2018-07-06,44.32948303222656,44.43796408383284,43.676225296429266,43.72810879016174,69940800
2018-07-09,44.945011138916016,44.96859225753732,44.64314547179164,44.69031130755683,79026400
2018-07-10,44.89076614379883,45.110088877632826,44.85067140893668,44.97566607914282,63756400
2018-07-11,44.30824661254883,44.756327280740614,44.244570779145995,44.45446172771265,75326000
2018-07-12,45.05112838745117,45.14074598088069,44.645495783589865,44.69737927467831,72164400
2018-07-13,45.12187576293945,45.242149157373184,45.02046581983031,45.062917581615146,50055600
2018-07-16,45.0228271484375,45.43317379376515,44.9072678157817,45.1666852570409,60172400
2018-07-17,45.150177001953125,45.249226320159714,44.619553341082245,44.749262066777305,62138000
2018-07-18,44.902557373046875,45.23272540578134,44.79171568473517,45.22800774285761,65573600
2018-07-19,45.251590728759766,45.40959824469999,44.735116413293575,44.735116413293575,81147200
2018-07-20,45.1478157043457,45.381287790015705,44.84830714758862,45.22799796410062,82704800
2018-07-23,45.187923431396484,45.27046635168146,44.70446546656228,44.96859705383744,63957600
2018-07-24,45.515716552734375,45.67136701702628,45.29167618059886,45.386007832491124,74791600
2018-07-25,45.944942474365234,45.95201716965976,45.381298693402805,45.5298744916329,66839600
2018-07-26,45.801082611083984,46.21378994746489,45.65958151348729,45.89541427713352,76304000
2018-07-27,45.03934097290039,46.032198508380596,44.83181058429597,45.9850326745397,96096000
2018-07-30,44.7869987487793,45.327054166940535,44.58890010095334,45.256303621710636,84118000
2018-07-31,44.87661361694336,45.31290565554583,44.65257321814302,44.87897424756083,157492000
2018-08-01,47.52030944824219,47.58162468109423,46.532169435316554,46.961386860849764,271742800
2018-08-02,48.90935134887695,49.14282705476914,47.24909045809848,47.303330980206844,249616000
2018-08-03,49.05085372924805,49.227728287281295,48.458911238642635,48.82445271161577,133789600
2018-08-06,49.30556106567383,49.348009238803435,48.83389550544632,49.05321826366124,101701600
2018-08-07,48.84332275390625,49.40696290274609,48.760779849027344,49.36451473350938,102349600
2018-08-08,48.87635040283203,49.008416202101316,48.23252783213272,48.59335174746598,90102000
2018-08-09,49.260746002197266,49.472994037920536,48.86454511071905,49.414035850383826,93970400
2018-08-10,49.11402130126953,49.48557902120588,48.9104936737248,49.07378955771502,98444800
2018-08-13,49.43114471435547,49.92339766557186,49.15425310638555,49.53527563245895,103563600
2018-08-14,49.639400482177734,49.83109437109607,49.28677602737051,49.73643188137967,82992000
2018-08-15,49.75537872314453,49.87370867325662,49.3033574470419,49.513984613795685,115230400
2018-08-16,50.484283447265625,50.600244468404085,50.04646125852407,50.11272573092973,114001600
2018-08-17,51.49245834350586,51.580021345614256,50.446422082464224,50.51268656154246,141708000
2018-08-20,50.99073028564453,51.87110156077517,50.90789789788546,51.61551211353429,121150800
2018-08-21,50.891326904296875,51.400147691984785,50.6523017823488,51.307850505178855,104639200
2018-08-22,50.89370346069336,51.203727298569135,50.60734344206001,50.66887731660461,76072400
2018-08-23,50.99782943725586,51.367018204194856,50.78720232734104,50.799032430245035,75532800
2018-08-24,51.15639114379883,51.33151711174363,50.90789759315165,51.26052204968089,73905600
2018-08-27,51.57765579223633,51.76698442201551,51.196633233845155,51.39069246128995,82100400
2018-08-28,51.994163513183594,52.19295690212046,51.809569136150444,51.83086765400602,91107200
2018-08-29,52.77042007446289,52.89111892678054,51.9255461639556,52.10067216748591,109019200
2018-08-30,53.25555419921875,54.01996433770837,52.63313777322836,52.83430004652971,195175200
2018-08-31,53.87088394165039,54.164339850677784,53.48512722248886,53.60582244851051,173360400
2018-09-04,54.04364776611328,54.23770698067207,53.634227204341904,54.05548148177805,109560400
2018-09-05,53.69103240966797,54.3536808772251,53.27214697068022,54.19275387242286,133332000
2018-09-06,52.79881286621094,53.804617207503874,52.37282442296422,53.539555725515555,137160000
2018-09-07,52.37282180786133,53.33602545116315,52.23319337295159,52.50298543834602,150479200
2018-09-10,51.669944763183594,52.50298843468489,51.229757303877285,52.28999240596996,158066000
2018-09-11,52.976318359375,53.082814588728695,51.25106572150036,51.59422184325931,142996000
2018-09-12,52.31838607788086,53.24845740046068,52.027291910736004,53.2342583896033,197114800
2018-09-13,53.58217239379883,54.04129320815539,52.67339918395657,52.89822538169942,166825600
2018-09-14,52.97394943237305,53.683929109361706,52.66156025229259,53.425970693396906,127997200
2018-09-17,51.56344985961914,52.763313434962186,51.41908720503265,52.573984830581786,148780400
2018-09-18,51.64864730834961,52.502989516991164,51.383585819005404,51.542147486225396,126286800
2018-09-19,51.67940902709961,51.97523383237658,50.952865183133554,51.71017596241406,108495200
2018-09-20,52.0722770690918,52.60476183960247,51.86401520328172,52.12197723657592,106435200
2018-09-21,51.511390686035156,52.3870315255617,51.42382407428225,52.24976836092235,384986800
2018-09-24,52.25212097167969,52.36335137789285,51.26761884793815,51.31258479229781,110773600
2018-09-25,52.583457946777344,52.732554822863705,51.994173560898794,52.006007276819524,98217600
2018-09-26,52.164573669433594,52.95265155382891,52.00837727191883,52.30183684199414,95938800
2018-09-27,53.23662185668945,53.58924626246891,52.90293066844936,52.96919873540815,120724800
2018-09-28,53.42360305786133,53.44726687937326,53.01654777196668,53.19877328106708,91717600
2018-10-01,53.783321380615234,54.29450757242446,53.567963640883626,53.94661727059399,94403200
2018-10-02,54.26137161254883,54.43176699813006,53.634224437244896,53.78095239271763,99152800
2018-10-03,54.92164993286133,55.2529722591602,54.37969688559939,54.44359605250793,114619200
2018-10-04,53.956077575683594,54.9879146101768,53.65788386972213,54.616356932476414,128168000
2018-10-05,53.08042907714844,54.055469984480176,52.202423173171816,53.948973788434415,134322000
2018-10-08,52.957374572753906,53.201133924424155,52.112497192021806,52.588185792016155,118655600
2018-10-09,53.69103240966797,53.78569853997249,52.59766478544206,52.92662191457006,107564000
2018-10-10,51.2037239074707,53.56795704512589,51.13035993373505,53.35732992876048,167962400
2018-10-11,50.751708984375,51.946842063881995,50.24762591104082,50.76827690881467,212497600
2018-10-12,52.564517974853516,52.74674706543594,51.31731958871107,52.16456226162704,161351600
2018-10-15,51.44038009643555,52.49824981109706,51.41908157869824,52.33968816048203,123164000
2018-10-16,52.57399368286133,52.77279073706223,51.298397006527196,51.81194853999747,116736000
2018-10-17,52.346797943115234,52.68995403710675,51.908975733135755,52.609490546874305,91541600
2018-10-18,51.12326431274414,52.00363928676678,50.408550519609015,51.55871759140356,130325200
2018-10-19,51.901878356933594,52.363364406501475,51.456956621379305,51.606053503217865,132314800
2018-10-22,52.218997955322266,52.860347780678396,51.81431160695901,52.01547032624564,115168400
2018-10-23,52.71125411987305,52.83431826872994,50.810875570252065,51.078302390515155,155071200
2018-10-24,50.903160095214844,53.066230717386226,50.77299647127529,52.68047766425556,163702000
2018-10-25,52.01784133911133,52.391764375608986,51.29602799685772,51.523223066162,119423200
2018-10-26,51.18952560424805,52.110132264199265,50.33044920447651,51.09485949880697,189033600
2018-10-29,50.22868728637695,51.99180242637242,48.77322705892924,51.87347250273323,183742000
2018-10-30,50.47954559326172,50.924463645690075,49.52580670807782,49.97072476050618,146640000
2018-10-31,51.79537582397461,52.171664125400724,51.265256450664545,51.326790323875244,153435600
2018-11-01,52.590553283691406,52.623685518956215,51.310222601060566,51.840341976440314,233292800
2018-11-02,49.10218811035156,50.56237905391569,48.617034661599845,49.592075767555244,365314800
2018-11-05,47.70826721191406,48.370915637997335,46.89889080697173,48.349617114190714,264654800
2018-11-06,48.22417449951172,48.449000615453585,47.73192162049639,47.786352370196695,127531600
2018-11-07,49.68673324584961,49.71276597298876,48.30937483931791,48.7448280831522,133697600
2018-11-08,49.51337432861328,49.90047339465784,49.100148077728555,49.86722555541948,101450400
2018-11-09,48.55868148803711,48.92440772185427,48.03146315999094,48.815166373876544,137463200
2018-11-12,46.112571716308594,47.46149160971139,46.02232604202068,47.259627429985954,204542000
2018-11-13,45.651851654052734,46.82740454065561,45.46661319307252,45.509362481467676,187531600
2018-11-14,44.36231231689453,46.18620004766759,44.15569737370678,46.04845796012335,243204000
2018-11-15,45.45711135864258,45.59010269083282,44.38604917682222,44.73990396148286,185915200
2018-11-16,45.960575103759766,46.30255485250831,44.99401086475405,45.24099422566041,147713200
2018-11-19,44.139068603515625,45.288497903512194,43.9324573152548,45.122258727684965,167701200
2018-11-20,42.03020477294922,43.09651653057792,41.68110061533722,42.36030964576851,271300800
2018-11-21,41.982696533203125,42.81152243279849,41.9280758696672,42.683278202549936,124496800
2018-11-23,40.916385650634766,41.939951460996944,40.871266438053844,41.545724560613166,94496000
2018-11-26,41.46973419189453,41.548104874515914,40.434296833953724,41.37949212830179,179994000
2018-11-27,41.379493713378906,41.50536079593518,40.58154192418176,40.73115539333304,165549600
2018-11-28,42.970638275146484,43.05375604780833,41.54334772477524,41.97082246218877,184250000
2018-11-29,42.64054870605469,43.41237705993519,42.20119880896381,43.37912921425623,167080000
2018-11-30,42.41017150878906,42.82577123652674,42.04206816804442,42.816269784882905,158126000
2018-12-03,43.89208984375,43.92058695583574,43.034766692325256,43.80659488375015,163210000
2018-12-04,41.96133804321289,43.31500545781259,41.861594509899575,42.973025558599346,165377200
2018-12-06,41.493492126464844,41.50774068534604,40.47230312963953,40.790533023797565,172393600
2018-12-07,40.013946533203125,41.43886000802024,39.96882369336847,41.20137442888405,169126400
2018-12-10,40.277549743652344,40.39391534110933,38.78851436695065,39.18511479089432,248104000
2018-12-11,40.04719161987305,40.79764324437658,39.66008899286023,40.76677258535312,189126800
2018-12-12,40.15880584716797,40.82851317867936,40.13980656931592,40.467534146973954,142510800
2018-12-13,40.59816360473633,40.982892750447746,40.26568520596623,40.488922255315906,127594400
2018-12-14,39.299110412597656,40.1540598989454,39.2516140241877,40.13506061883299,162814800
2018-12-17,38.933387756347656,39.98070006589324,38.64602860130792,39.2919896885735,177151600
2018-12-18,39.439231872558594,39.78595878885459,39.04025421520292,39.275366243130854,135366000
2018-12-19,38.20906448364258,39.7669697026103,37.78158960679332,39.422616249277915,196189200
2018-12-20,37.2448616027832,38.4987850963863,36.88150897814493,38.0926831856918,259092000
2018-12-21,35.79619216918945,37.560711504313986,35.53496026593009,37.25197959706062,382978400
2018-12-24,34.870018005371094,35.990950549802086,34.81302014550831,35.18349717525792,148676800
2018-12-26,37.32561111450195,37.33985967062577,34.843887332724314,35.21911501353624,234330000
2018-12-27,37.08338165283203,37.23062521543055,35.639472134315575,37.00976168340444,212468400
2018-12-28,37.10236740112305,37.64621135368628,36.703393406418876,37.40397507190618,169165600
2018-12-31,37.460968017578125,37.845693408476016,37.16173393688729,37.6485799878795,140014000
2019-01-02,37.50373458862305,37.72459813439212,36.62741193285769,36.784153336468826,148158800
2019-01-03,33.76808166503906,34.6064056330403,33.72295881640133,34.19317934017915,365248800
2019-01-04,35.209617614746094,35.27849047559891,34.1504337518255,34.32379724419946,234428400
2019-01-07,35.13125228881836,35.34499155915994,34.64915668419154,35.314117263459316,219111200
2019-01-08,35.80095291137695,36.05506423362693,35.271361057087084,35.51834447775036,164101200
2019-01-09,36.40890884399414,36.69864150293026,35.53496376531212,35.929187021597,180396400
2019-01-10,36.52529525756836,36.56566738494656,35.827086836894935,36.21656317460985,143122800
2019-01-11,36.16668701171875,36.501542638359126,35.98144849990563,36.30680629526423,108092800
2019-01-14,35.62283706665039,35.924444768462564,35.437598603803195,35.82470125952503,129756800
2019-01-15,36.35192108154297,36.42791458616587,35.634713583499995,35.68696070331559,114843600
2019-01-16,36.796024322509766,37.01926139590715,36.33530161762464,36.35430090299284,122278800
2019-01-17,37.014503479003906,37.4419782573986,36.39703950757352,36.62027653760977,119284800
2019-01-18,37.24249267578125,37.49422682619904,37.043002022319946,37.4039811406747,135004000
2019-01-22,36.40653991699219,37.22111371203419,36.24504783922982,37.1451202112431,121576000
2019-01-23,36.55377960205078,36.8435122960888,36.02656133084995,36.608400270150376,92522400
2019-01-24,36.26405334472656,36.6867774572087,36.03606917947976,36.598908937659715,101766000
2019-01-25,37.465736389160156,37.553608547440376,36.648788763312965,36.92426937466275,134142000
2019-01-28,37.118995666503906,37.12611994377185,36.492033900729126,36.99787570546437,104768400
2019-01-29,36.73426818847656,37.55359634769264,36.598903290698956,37.107122292669665,166348800
2019-01-30,39.2444953918457,39.45823098230422,38.05231666544547,38.7695241919444,244439200
2019-01-31,39.527103424072266,40.13506597381766,39.080629341215584,39.44873274205534,162958400
2019-02-01,39.54610061645508,40.13031312607623,39.405981367304726,39.65059485362112,130672400
2019-02-04,40.669410705566406,40.76678067534809,39.72659254412772,39.75746683302016,125982000
2019-02-05,41.3652458190918,41.57898506305087,40.93065029956902,41.051766667858935,144406400
2019-02-06,41.379493713378906,41.695350007409324,41.04938886264292,41.476860058781234,112958400
2019-02-07,40.595787048339844,41.30824381331951,40.45329424584691,40.94251397800082,126966800
2019-02-08,40.64348220825195,40.70310822980999,40.16885776650786,40.3048068425163,95280000
2019-02-11,40.409751892089844,40.83429258000177,40.366822896722226,40.79613104681893,83973600
2019-02-12,40.75796890258789,40.784204501347254,40.47414841763224,40.569552249159045,89134000
2019-02-13,40.58864212036133,41.13720249620639,40.52663233986188,40.87723379732747,89960800
2019-02-14,40.73649978637695,40.84620963108841,40.39782441124615,40.476531198600185,87342800
2019-02-15,40.645877838134766,40.95116286674207,40.486080490292245,40.843836724374356,98507200
2019-02-19,40.76750564575195,40.88914507060669,40.42406278544301,40.4765339806188,75891200
2019-02-20,41.02985763549805,41.33752994452727,40.78181498726989,40.8295150766272,104457600
2019-02-21,40.79851531982422,41.11095514343004,40.61725349372424,40.9750096836761,68998800
2019-02-22,41.25406265258789,41.26121748586465,40.874841931781916,40.922542033388446,75652800
2019-02-25,41.55458068847656,41.94572738329007,41.48779981174876,41.53788728893703,87493600
2019-02-26,41.578426361083984,41.80977566356522,41.30176069059117,41.43055496170665,68280800
2019-02-27,41.707210540771484,41.738217238147755,41.19681191554491,41.311296503110974,111341600
2019-02-28,41.29698944091797,41.71675904686079,41.242134508972,41.5760424809069,112861600
2019-03-01,41.73106384277344,41.77399283512558,41.234974864095655,41.56649542685582,103544800
2019-03-04,41.940948486328125,42.3941048319121,41.4925596025787,41.902786955948635,109744800
2019-03-05,41.864627838134766,41.97672506553204,41.62850744949889,41.962415400636054,78949600
2019-03-06,41.623748779296875,41.85509811540578,41.48541592394316,41.65952294909317,83241600
2019-03-07,41.1419677734375,41.60466642807359,41.0274867951546,41.468717309443846,99185600
2019-03-08,41.239749908447266,41.27791144259841,40.42644995336146,40.62202508642293,95997600
2019-03-11,42.66838836669922,42.72085956762917,41.82170159746949,41.85509203085361,128044000
2019-03-12,43.14778137207031,43.56754731458191,42.7804829879991,42.93074174869042,129870400
2019-03-13,43.33858108520508,43.71780172616493,43.150160810497724,43.46737169635389,124130000
2019-03-14,43.82036209106445,43.9086110924784,43.5413127001033,43.86090735580744,94318000
2019-03-15,44.39038848876953,44.67898009371108,43.82275112158004,44.08749085728255,156171600
2019-03-18,44.843536376953125,44.931781718511836,44.31166967918677,44.31405704903428,104879200
2019-03-19,44.48816680908203,45.07488846111762,44.34267917125134,44.92224599185948,126585600
2019-03-20,44.87693405151367,45.19414495340022,44.05886306469387,44.41661922842223,124140800
2019-03-21,46.529781341552734,46.825527845947136,45.27047951523642,45.32056699619354,204136800
2019-03-22,45.566219329833984,47.14988676613712,45.50182218928217,46.589400548765894,169630800
2019-03-25,45.01526641845703,45.788017395190856,44.504867775579754,45.67592017387485,175381200
2019-03-26,44.550193786621094,46.002686995822316,44.023101591485734,45.711711607654806,199202000
2019-03-27,44.95086669921875,45.25853537790645,44.492939277369054,45.0176475541166,119393600
2019-03-28,45.01050567626953,45.2108482986207,44.726685141629694,45.065360614447535,83121600
2019-03-29,45.30386734008789,45.33487404742733,44.96757557971136,45.27524800364219,94256000
2019-04-01,45.611534118652344,45.71647288572653,44.929412116605654,45.706934321186864,111448000
2019-04-02,46.27456283569336,46.379505213666505,45.56620542365809,45.57574398561771,91062800
2019-04-03,46.5917854309082,46.866063737526034,46.06707340893333,46.090925278762874,93087200
2019-04-04,46.67287826538086,46.83505934250355,46.06469194760166,46.458222344190496,76457200
2019-04-05,46.98531723022461,47.009169100776084,46.730116044604905,46.85413922076049,74106400
2019-04-08,47.724674224853516,47.75567728467312,46.82789643538214,46.846977201039394,103526800
2019-04-09,47.581581115722656,48.38057152751511,47.51718397190465,47.77715627869409,143072800
2019-04-10,47.848697662353516,47.8773206328261,47.26674699962892,47.38599906529268,86781200
2019-04-11,47.45039367675781,47.93932784783885,47.328757886390626,47.90355368575557,83603200
2019-04-12,47.43130874633789,47.7342099694247,46.796890612294,47.51001553529511,111042800
2019-04-15,47.51716995239258,47.66504496639306,47.22619466458724,47.36214374594973,70146400
2019-04-16,47.52195358276367,48.02758123423002,47.357385131107456,47.572041057335646,102785600
2019-04-17,48.44734573364258,48.50697176693292,47.369306032753535,47.59111312973718,115627200
2019-04-18,48.62144470214844,48.69060928805782,48.30185008992061,48.44495036261426,96783200
2019-04-22,48.78125,48.87903756789539,48.25892536678017,48.375793702017404,77758000
2019-04-23,49.484840393066406,49.54923753304765,48.63099509296689,48.757402002269444,93292000
2019-04-24,49.40850830078125,49.72333180806465,49.382272705234,49.45620839106254,70162400
2019-04-25,48.96011734008789,49.55160644056169,48.921955813790625,49.329799392615314,74172800
2019-04-26,48.72639846801758,48.893350644801465,48.20645752970833,48.869498774138975,74596400
2019-04-29,48.80032730102539,49.12469304422843,48.62144921409616,48.75023983540025,88818800
2019-04-30,47.86062240600586,48.51173764933064,47.48855655267741,48.43064712012503,186139600
2019-05-01,50.209896087646484,51.35232939695796,49.9022236875031,50.057253572929376,259309200
2019-05-02,49.88313293457031,50.717897315952065,49.63986136370917,50.047701352042424,127985200
2019-05-03,50.50324630737305,50.52471080427624,50.140719033888494,50.29813262307989,83569600
2019-05-06,49.723331451416016,49.809193069019926,48.53558210729825,48.72399873630715,129772400
2019-05-07,48.38295364379883,49.47053202213597,47.89879049413808,49.103237220053025,155054800
2019-05-08,48.39248275756836,48.97443337179271,48.11820448511399,48.15397864611798,105358000
2019-05-09,47.8725471496582,48.10150906634315,46.90422100692585,47.79622408457386,139634400
2019-05-10,47.209354400634766,47.609193424330066,46.15350333476438,47.26681714942141,164834800
2019-05-13,44.465572357177734,45.36580015551606,43.778430559260165,44.942024719152,229722400
2019-05-14,45.16946792602539,45.418465818898284,44.39134448751161,44.63076708397739,146118800
2019-05-15,45.7105712890625,45.90929252430421,44.53740178105204,44.597257442752564,106178800
2019-05-16,45.50945281982422,46.08167274519695,45.21256745080139,45.46875141212985,132125600
2019-05-17,45.25087356567383,45.7057750661255,44.714565600818894,44.755267006370964,131516400
2019-05-20,43.835880279541016,44.13755507522487,43.1631033991647,43.93883389096766,154449200
2019-05-21,44.676265716552734,45.011455948466185,44.221360512327884,44.3458613070241,113459200
2019-05-22,43.76166534423828,44.46317550697471,43.70659916562799,44.211781030181115,118994400
2019-05-23,43.0146598815918,43.22534925933381,42.57172666496303,43.0481788953211,146118800
2019-05-24,42.8494758605957,43.608445291739905,42.765676464152946,43.14396472396016,94858800
2019-05-28,42.67228317260742,43.23732057790703,42.595669850740556,42.837485328671484,111792800
2019-05-29,42.468780517578125,42.94044331585505,42.138376171721504,42.23893322191725,113924800
2019-05-30,42.68905258178711,42.91171385804956,42.29879255396897,42.605253206009266,84873600
2019-05-31,41.915714263916016,42.614827782966735,41.89656001846683,42.193441689682246,108174400
2019-06-03,41.491939544677734,42.59807084717863,40.766489319881806,42.042612284986966,161584400
2019-06-04,43.00988006591797,43.055370949044665,41.78403739904803,42.00430577492002,123872000
2019-06-05,43.704200744628906,44.290789049992995,43.36901055867717,44.12079739285381,119093600
2019-06-06,44.345848083496094,44.40570372515362,43.61081905035835,43.83348393703956,90105200
2019-06-07,45.526206970214844,45.94998600483363,44.477538442467015,44.65470883240894,122737600
2019-06-10,46.108009338378906,46.77599685145349,45.87816201203644,45.9236528950948,104883600
2019-06-11,46.64191436767578,46.92682783549049,46.35221507841626,46.65388622788541,107731600
2019-06-12,46.49347686767578,46.919648817978434,46.30193805046919,46.436014126524086,73012800
2019-06-13,46.48389434814453,47.11596983908178,46.35221484639415,46.615577503193705,86698400
2019-06-14,46.14631271362305,46.349819729325915,45.56212099174863,45.86139923834012,75046000
2019-06-17,46.421653747558594,46.677837716141795,46.00984653024875,46.184624027838574,58676400
2019-06-18,47.51341247558594,47.95394916644094,46.73768561849317,46.93879971823583,106204000
2019-06-19,47.37454605102539,47.85578778829949,47.240469987030195,47.80790034833085,84496800
2019-06-20,47.75523376464844,48.03056829541135,47.41285754434342,47.97310555578911,86056000
2019-06-21,47.592430114746094,48.08803671259237,47.44159268874081,47.5972195902715,191202400
2019-06-24,47.544532775878906,47.922820862039956,47.44636864871783,47.53495382755675,72881600
2019-06-25,46.823883056640625,47.707349446417524,46.75684136270738,47.50862823550264,84281200
2019-06-26,47.836647033691406,48.12156057668087,47.250062261636515,47.35061933799166,104270000
2019-06-27,47.822269439697266,48.26041321777397,47.7815680377949,47.953948941552476,83598800
2019-06-28,47.38652420043945,47.76481237594813,47.178227691464755,47.56848407525534,124442400
2019-07-01,48.2556266784668,48.95952972038265,48.04014414238902,48.64349012878817,109012000
2019-07-02,48.53814697265625,48.63391821311523,48.21013915067002,48.222111012389796,67740800
2019-07-03,48.94038772583008,48.94757011350087,48.52858045063792,48.66983894589687,45448000
2019-07-05,48.89727020263672,49.10078084743417,48.57883774773992,48.686580826337675,69062000
2019-07-08,47.88931655883789,48.21971731146836,47.503845969686104,48.07845883336478,101354400
2019-07-09,48.18140411376953,48.24604558375023,47.59960531085121,47.69297997634442,82312000
2019-07-10,48.657859802246094,48.777571116582486,48.25802445075848,48.327459058921235,71588400
2019-07-11,48.30350875854492,48.93558426605638,48.29393346215335,48.677007423897294,80767200
2019-07-12,48.674625396728516,48.84222052079679,48.41125902083571,48.471114683238646,70380800
2019-07-15,49.13191604614258,49.28993219429551,48.84221307681378,48.863760235202925,67789600
2019-07-16,48.9619255065918,49.34739606869253,48.722502887977654,48.983472665475254,67467200
2019-07-17,48.68659591674805,49.103188977468086,48.66744166691155,48.854191036192866,56430000
2019-07-18,49.239646911621094,49.29232016959373,48.770377064219026,48.842204566299756,74162400
2019-07-19,48.50462341308594,49.44076665116611,48.44955723828679,49.27077499857013,83717200
2019-07-22,49.613155364990234,49.61554827599075,48.74883956490333,48.758414862204624,89111600
2019-07-23,50.00102233886719,50.017783676941924,49.629916523049886,49.91004422158838,73420800
2019-07-24,49.960323333740234,50.075245181428414,49.601189363077445,49.72090068663171,59966400
2019-07-25,49.565269470214844,50.09678795373076,49.49583486785246,50.0129885793759,55638400
2019-07-26,49.73765182495117,50.214100456871776,49.59399680482801,49.67539961135831,70475600
2019-07-29,50.20214080810547,50.43198816555367,49.90525905247214,49.91004852852101,86693600
2019-07-30,49.986656188964844,50.31706058603145,49.634704632080684,49.981866713461145,135742800
2019-07-31,51.00659942626953,53.000990526564195,50.59000635601354,51.8158491472123,277125600
2019-08-01,49.902862548828125,52.201321512921915,49.498241328049154,51.212504772360134,216071600
2019-08-02,48.84700012207031,49.42400581448253,48.274780251307064,49.20852693471187,163448400
2019-08-05,46.28996276855469,47.56129613952905,46.108002914969816,47.403280006312706,209572000
2019-08-06,47.166259765625,47.422443742301255,46.45756714849681,47.001057560598184,143299200
2019-08-07,47.65468215942383,47.77918295906988,46.40489930028725,46.785580433088036,133457600
2019-08-08,48.705745697021484,48.72968942224073,47.738479842936414,47.93241159599385,108038000
2019-08-09,48.30438995361328,48.72977548121816,47.89582211277538,48.378892379334594,98478800
2019-08-12,48.18181610107422,48.559139553712626,47.862173717775995,47.97513018657987,89927600
2019-08-13,50.22224426269531,50.98409726275787,48.18182158394449,48.311603087933506,188874000
2019-08-14,48.72735595703125,49.61418240558719,48.6889019230089,48.82589304402158,146189600
2019-08-15,48.48463439941406,49.301762666206294,47.98714483073128,48.89800620511257,108909600
2019-08-16,49.628623962402344,49.78724417334973,48.989339112593925,49.09508591989218,110481600
2019-08-19,50.553890228271484,51.12587848929439,50.47698214806522,50.61877729536903,97654400
2019-08-20,50.55630111694336,51.27489599056535,50.546689438817666,50.68127493565582,107537200
2019-08-21,51.1042594909668,51.346993790769034,50.854315515628436,51.18837726179461,86141600
2019-08-22,51.06100845336914,51.536865440033296,50.65003855544533,51.236450027486164,89014800
2019-08-23,48.7009391784668,50.96246709693238,48.30679433653748,50.33279395070405,187272000
2019-08-26,49.6262092590332,49.794441106144575,49.28253222326784,49.47479876304336,104174400
2019-08-27,49.066246032714844,50.121304742904,48.91483550162449,49.9554748597441,103493200
2019-08-28,49.39550018310547,49.44116390949585,48.86436782300073,49.051826734470644,63755200
2019-08-29,50.23185729980469,50.30636340005424,49.66707854342665,50.10928913577256,83962000
2019-08-30,50.166961669921875,50.57792781692434,49.79684790345952,50.508233068974185,84573600
2019-09-03,49.43634796142578,49.74397297835489,49.08065722319765,49.611789494397975,80092000
2019-09-04,50.275108337402344,50.344803082405896,49.82568816430708,50.082841787242316,76752400
2019-09-05,51.258060455322266,51.42389028961686,50.83267135872036,50.95043547788671,95654800
2019-09-06,51.253257751464844,51.532044060281095,51.073008551878715,51.443122295315995,77449200
2019-09-09,51.471961975097656,52.0175172563899,50.72693413624486,51.63298415640306,109237600
2019-09-10,52.08000183105469,52.09922885258903,50.88074615868259,51.397459068892765,127111600
2019-09-11,53.73589324951172,53.76473561660298,52.32754595134343,52.4092617130592,177158400
2019-09-12,53.61573028564453,54.4160372602079,53.56045488514693,54.02670011962347,128906800
2019-09-13,52.57267761230469,53.06295376939327,52.15690386302663,52.873092912946426,159053200
2019-09-16,52.84907150268555,52.90435057226379,52.28669479868519,52.32755084977788,84632400
2019-09-17,53.04132843017578,53.07017079472141,52.66160302374134,52.863484906843915,73274800
2019-09-18,53.538818359375,53.558045380154766,52.73851149691622,53.12784858296348,101360000
2019-09-19,53.10382843017578,53.77675595935053,52.96202958128968,53.35617442002631,88242400
2019-09-20,52.32754135131836,53.48834659405456,52.26505628460942,53.20475629070718,221652400
2019-09-23,52.565467834472656,52.83463876981788,52.30831057738616,52.62074322287127,76662000
2019-09-24,52.31553268432617,53.471534114069954,52.1977722057156,53.120647346665386,124763200
2019-09-25,53.12063217163086,53.233588612399416,52.18573994945917,52.524609271764845,87613600
2019-09-26,52.846675872802734,53.09902555262319,52.591924189868294,52.87311257577783,75334000
2019-09-27,52.58952331542969,53.103834365744994,52.219409465834886,53.00289155790612,101408000
2019-09-30,53.82722091674805,53.973823753885995,53.06296236123528,53.08939905865949,103909600
2019-10-01,53.976226806640625,54.84863417143314,53.882497362527516,54.09158894337955,139223200
2019-10-02,52.6231575012207,53.73349145834526,52.37561187967944,53.60851764627017,138449200
2019-10-03,53.070167541503906,53.103813908761936,51.7026764951259,52.495769961519244,114426000
2019-10-04,54.557830810546875,54.6731929479549,53.80799525329293,54.22857675291312,138478800
2019-10-07,54.56985092163086,55.259603442439,54.276645225102136,54.37999002003267,122306000
2019-10-08,53.93056106567383,54.81017807266463,53.91373971335013,54.27183612343445,111820000
2019-10-09,54.5626335144043,54.74528471456468,54.22857181467111,54.5626335144043,74770400
2019-10-10,55.29806900024414,55.382186788808454,54.62754336374395,54.77895024910688,113013600
2019-10-11,56.768882751464844,57.112556110931,55.831584770124245,55.98539726442713,166795600
2019-10-14,56.68717956542969,57.23033292132796,56.398781533076416,56.45405693637564,96427600
2019-10-15,56.554988861083984,57.11495979657442,56.449242080538056,56.812142470885,87360000
2019-10-16,56.32667541503906,56.53576699278494,56.04548708687691,56.08634313450599,73903200
2019-10-17,56.54537582397461,56.754463724015515,56.12239235171388,56.49971210622329,67585200
2019-10-18,56.81695556640625,57.09814389578318,56.307448635792866,56.37954905370019,97433600
2019-10-21,57.80231475830078,57.91767689190389,57.03565787328163,57.08372359535983,87247200
2019-10-22,57.670135498046875,58.208477458025,57.58841973582485,57.95853350048938,82293600
2019-10-23,58.444007873535156,58.458430892193235,57.97295861174259,58.1844522125686,75828800
2019-10-24,58.54013442993164,58.833340091019444,58.1147452876683,58.763641679499884,69275200
2019-10-25,59.26112747192383,59.297175843055165,58.37189886795237,58.43919160551697,73477200
2019-10-28,59.85475540161133,59.90282112444377,59.294780746023385,59.46301260952673,96572800
2019-10-29,58.47043991088867,60.02298808307294,58.29740403976976,59.835529194446124,142839600
2019-10-30,58.463226318359375,58.953506199746954,57.970548101650635,58.82372472112932,124522000
2019-10-31,59.78506088256836,59.88359800446322,57.0212394670206,59.41975843149152,139162000
2019-11-01,61.48180389404297,61.50823692360431,59.88119007430968,59.972513844449246,151125200
2019-11-04,61.88555908203125,61.96967684280091,61.37605584677562,61.844699369305836,103272000
2019-11-05,61.796634674072266,62.051386280807854,61.601966131837685,61.7774039861912,79897600
2019-11-06,61.82306671142578,61.883149774964124,61.37364656965626,61.71011025859934,75864400
2019-11-07,62.536590576171875,62.758363326737026,62.218397769161385,62.3702628523427,94940400
2019-11-08,62.70774841308594,62.78006162131691,61.914679233049654,62.35821740841793,69986400
2019-11-11,63.20431900024414,63.26940088793377,62.25938472245268,62.264203150895845,81821200
2019-11-12,63.14645767211914,63.34653646560139,62.8957669917644,63.047624721518574,87388800
2019-11-13,63.751487731933594,63.826213808473085,62.93190642524509,62.94636906222842,102734400
2019-11-14,63.31037902832031,63.85033723289111,63.18020790529742,63.5779452383564,89182800
2019-11-15,64.06246948242188,64.06728791082074,63.39957143680535,63.56107338652864,100206400
2019-11-18,64.38550567626953,64.46505023574613,63.69368207954177,64.07213115586413,86703200
2019-11-19,64.19023132324219,64.60243134404664,63.9732843310493,64.57832448794083,76167200
2019-11-20,63.44296646118164,64.13960829630712,62.770424127126624,64.00944450755844,106234400
2019-11-21,63.158512115478516,63.640619743137286,62.95843333042811,63.56348075718102,121395200
2019-11-22,63.10307693481445,63.44055085554972,62.876485725953685,63.29832996596771,65325200
2019-11-25,64.20950317382812,64.22637870631682,63.2814445198713,63.327245332981434,84020400
2019-11-26,63.70811080932617,64.39993403773599,63.27662244789559,64.34690190752454,105207600
2019-11-27,64.56385040283203,64.59760146667433,63.95398456897874,64.01906644818817,65235600
2019-11-29,64.421630859375,64.60242121725912,64.09620674390789,64.2649473538178,46617600
2019-12-02,63.676788330078125,64.66269773145665,63.505642149829725,64.42646230113999,94487200
2019-12-03,62.54142761230469,62.560708684511056,61.77969652350162,62.26662267779835,114430400
2019-12-04,63.09342575073242,63.4718820212091,62.837909284948175,62.93192380768448,67181600
2019-12-05,64.01908111572266,64.09381458044176,63.33208349753309,63.58760000147574,74424400
2019-12-06,65.25567626953125,65.32558393574297,64.43368187672564,64.4770771543204,106075600
2019-12-09,64.34209442138672,65.27737714430648,63.85757384735053,65.08453701422351,128042400
2019-12-10,64.71812438964844,65.10139903418028,64.08655727851827,64.74704966751833,90420400
2019-12-11,65.27015686035156,65.34970876083788,64.72296719751874,64.79769331229033,78756800
2019-12-12,65.43647003173828,65.70163071358168,64.4385110100101,64.54939371100679,137310400
2019-12-13,66.32593536376953,66.36209195364366,65.30868828251143,65.43644647098425,133587600
2019-12-16,67.4613037109375,67.68548930512532,66.76707504123782,66.7718934682827,128186000
2019-12-17,67.59390258789062,67.9217322522176,67.20580211215017,67.39141826173947,114158400
2019-12-18,67.43240356445312,67.95308077804,67.28295135021965,67.44686620735443,116028400
2019-12-19,67.4998779296875,67.77950120181951,67.24195597172216,67.37453261033633,98369200
2019-12-20,67.36006927490234,68.13384985354818,67.14794077021222,68.03261138491365,275978000
2019-12-23,68.45929718017578,68.5195606460034,67.58427047933793,67.62283998023321,98572000
2019-12-24,68.52436828613281,68.6738278372129,68.19895150700309,68.62561412958978,48478800
2019-12-26,69.88392639160156,69.90080192756368,68.62803782360339,68.65696311017838,93121200
2019-12-27,69.8573989868164,70.86259672343512,69.45243030638008,70.17559181703608,146266000
2019-12-30,70.27202606201172,70.55406234489179,68.753389525712,69.77545564632612,144114400
2019-12-31,70.78543853759766,70.79266985648837,69.7898852841712,69.88871821326251,100805600
2020-01-02,72.40052795410156,72.46079141879511,71.15668916006118,71.4097927692221,135480400
2020-01-03,71.6966552734375,72.45597354015936,71.47247692584565,71.62916047987068,146322800
2020-01-06,72.26793670654297,72.3065062028637,70.56851011431775,70.81920816221287,118387200
2020-01-07,71.92803955078125,72.5330795245145,71.70867973246871,72.27756311117845,108872000
2020-01-08,73.08509826660156,73.38641550034151,71.63154422529517,71.63154422529517,132079200
2020-01-09,74.63749694824219,74.83033706552648,73.81068409472688,74.06137477592067,170108400
2020-01-10,74.80624389648438,75.37031642330658,74.30485508599608,74.87133314916862,140644800
2020-01-13,76.40441131591797,76.43093105955663,75.00388930942306,75.12201067519445,121532000
2020-01-14,75.3727035522461,76.55146021431688,75.24977111147209,76.34174457661803,161954400
2020-01-15,75.04969787597656,76.05248268254357,74.61820946436237,75.17263768221467,121923600
2020-01-16,75.98979949951172,76.10068954693726,75.23048148138665,75.5920621906251,108829200
2020-01-17,76.83108520507812,76.83349074089385,75.93195182564011,76.23808752279956,137816400
2020-01-21,76.3104248046875,76.90100236781842,76.1730223343127,76.45987702591754,110843200
2020-01-22,76.58279418945312,77.13480208755844,76.4887796776353,76.79491535128935,101832400
2020-01-23,76.95161437988281,77.03115890447519,76.08863757604202,76.63583446102108,104472000
2020-01-24,76.72985076904297,77.93993845348767,76.53941616685312,77.19749582877215,146537600
2020-01-27,74.47357177734375,75.15333787807808,73.4924810810553,74.74113795467083,161940000
2020-01-28,76.58039093017578,76.7515370876536,75.25459488094803,75.35342783283777,162234000
2020-01-29,78.18338775634766,79.02948893915872,77.46987057591716,78.209907499375,216229200
2020-01-30,78.07008361816406,78.12311574202653,76.83588948795824,77.26737779773116,126743200
2020-01-31,74.60858917236328,77.78326467024122,74.31450314285442,77.36142037786921,199588400
2020-02-03,74.40367889404297,75.56796570063159,72.85129158100523,73.35268032975995,173788400
2020-02-04,76.86001586914062,77.050450456367,75.60171457078681,76.00668324335653,136616400
2020-02-05,77.48676300048828,78.28465065522497,76.88412837567931,77.98573887898152,118826800
2020-02-06,78.39309692382812,78.395509815644,77.1998851389864,77.75671877652137,105425600
2020-02-07,77.32755279541016,78.14183107037995,76.8370524098855,77.89295663582978,117684000
2020-02-10,77.69482421875,77.69482421875,75.83430875751218,75.91404207954616,109348800
2020-02-11,77.2260513305664,78.26262851927434,77.00858949259958,78.19014369789785,94323200
2020-02-12,79.05999755859375,79.06482742202022,77.67547849475221,77.67547849475221,113730400
2020-02-13,78.49700164794922,78.82319807398167,78.12973294999506,78.33269781258844,94747600
2020-02-14,78.516357421875,78.76523186182376,78.00894143905393,78.4656106619056,80113600
2020-02-18,77.07866668701172,77.25988612279623,76.01792538344428,76.19914481922879,152531200
2020-02-19,78.1949691772461,78.42451672179727,77.32028463710277,77.32028463710277,93984000
2020-02-20,77.39277648925781,78.44385067885128,76.88777921917897,77.95576899229526,100566000
2020-02-21,75.6409683227539,77.42900548652433,75.02482536350576,76.98682605793252,129554000
2020-02-24,72.04801940917969,73.49777501677713,69.8854717188165,71.82572767869755,222195200
2020-02-25,69.60760498046875,73.09910313567873,69.13643877148064,72.71733735421887,230673600
2020-02-26,70.71182250976562,71.97552869907848,69.22582460812832,69.23307309062069,198054800
2020-02-27,66.0895004272461,69.10499371673924,65.95419053994536,67.9210285159399,320605600
2020-02-28,66.05086517333984,67.27108062705318,61.94564270332902,62.16069333508348,426510000
2020-03-02,72.20024871826172,72.83572613943491,67.10435837488609,68.20617210459764,341397200
2020-03-03,69.90721130371094,73.45427795635602,69.05668336601278,73.37454464911569,319475600
2020-03-04,73.14983367919922,73.30930768219956,70.82781196815235,71.62759322830975,219178400
2020-03-05,70.77706146240234,72.3790349760971,70.41220399588842,71.40528289969257,187572800
2020-03-06,69.8371353149414,70.26964775134793,67.95245619771107,68.13850549074616,226176800
2020-03-09,64.3135757446289,67.19375264320037,63.54761831737935,63.72883776125021,286744800
2020-03-10,68.94554138183594,69.21133137729244,65.08677501833562,66.96421319736713,285290000
2020-03-11,66.55101776123047,67.95003374263217,65.68841155580724,67.0246098194062,255598800
2020-03-12,59.978797912597656,65.23899494473845,59.92322498627828,61.841735279374994,418474000
2020-03-13,67.16475677490234,67.6359302649127,61.119275269390535,64.00429300943405,370732000
2020-03-16,58.52421951293945,62.60044418179931,57.99022457275424,58.46139441002403,322423600
2020-03-17,61.097530364990234,62.245249799692694,57.60361793460999,59.80483021639644,324056000
2020-03-18,59.60186004638672,60.40647473225053,57.29433197423103,57.934642818544056,300233600
2020-03-19,59.14518737792969,61.09269153777121,58.62085961850456,59.77583112302971,271857200
2020-03-20,55.39033508300781,60.8486645049943,55.090717572428154,59.7251016055102,401693200
2020-03-23,54.21360778808594,55.211524041383235,51.37208822817037,55.11004159498472,336752800
2020-03-24,59.652610778808594,59.848327192203485,56.61295613694801,57.110704962845915,287531200
2020-03-25,59.32400131225586,62.39989846973341,59.029217373030974,60.58770393527842,303602000
2020-03-26,62.445796966552734,62.50378482179249,59.526955709117544,59.5656167372231,252087200
2020-03-27,59.86040496826172,61.82482113234886,59.69368249851185,61.07094946417779,204216800
2020-03-30,61.568702697753906,61.74025873047765,60.26150553022684,60.585287078823825,167976400
2020-03-31,61.44305419921875,63.424386025978244,60.88973245903772,61.75958725464871,197002000
2020-04-01,58.210105895996094,60.0972038911912,57.78001201918498,59.56079401122782,176218400
2020-04-02,59.18143081665039,59.234588810411715,57.24117510511811,58.072368803656616,165934000
2020-04-03,58.330909729003906,59.36748322353769,57.7413419398106,58.66676958439928,129880000
2020-04-06,63.41956329345703,63.5742000668219,60.256680497705005,60.62394928655553,201820400
2020-04-07,62.68500900268555,65.64976368215225,62.58111162954673,65.43229446081726,202887200
2020-04-08,64.2894058227539,64.6035165473233,63.1199373363336,63.48478743589154,168895200
2020-04-09,64.7533187866211,65.25590475851683,63.95837493137018,64.92487847473,161834800
2020-04-13,66.0242919921875,66.13302662112467,64.23142416734326,64.83065918840516,131022800
2020-04-14,69.35873413085938,69.64868825439446,67.18410032586527,67.65527393314986,194994800
2020-04-15,68.72566986083984,69.18475770892147,67.8074941646766,68.23516945822269,131154400
2020-04-16,69.27172088623047,69.63657830758835,68.22306550095219,69.43844332553729,157125200
2020-04-17,68.331787109375,69.33454028123167,66.89652897721241,68.78846350317025,215250000
2020-04-20,66.9134750366211,68.06119834153615,66.89414820439593,67.15993823398618,130015200
2020-04-21,64.84514617919922,66.99078550242736,64.13476539316186,66.75640806793423,180991600
2020-04-22,66.7129135131836,67.14783719048366,65.77057396314187,66.11125999851906,116862400
2020-04-23,66.45435333251953,68.07807924422973,66.41569231392698,66.65731814975389,124814400
2020-04-24,68.37287902832031,68.38254612868516,66.93037215656294,66.97870028455014,126161200
2020-04-27,68.42121124267578,68.75223755503086,67.64317552817161,68.09017755648323,117087600
2020-04-28,67.3121337890625,69.06392140300909,67.22032214952667,68.88270199466979,112004800
2020-04-29,69.52303314208984,69.99178804731254,68.59519043374839,68.79815533490073,137280800
2020-04-30,70.98969268798828,71.16608226501852,69.67283584195576,70.06185003558508,183064000
2020-05-01,69.8468017578125,72.24614521202258,69.06876605288338,69.16541493960355,240616800
2020-05-04,70.8350601196289,70.9631215704607,69.18233960605242,69.87097499683554,133568000
2020-05-05,71.8982162475586,72.72941009570229,71.14917433658927,71.2941513796541,147751200
2020-05-06,72.6399917602539,73.27063178737225,72.21472783850132,72.59891211487862,142333600
2020-05-07,73.39144134521484,73.73697195261609,72.9637661985266,73.26579854405584,115215200
2020-05-08,75.13829040527344,75.19159229593362,73.72337622769179,74.05045567520663,133838400
2020-05-11,76.32061004638672,76.81485582493812,74.4380900872954,74.64645469079235,145946400
2020-05-12,75.44839477539062,77.45447232361859,75.32725480896673,77.00382780374734,162301200
2020-05-13,74.53742218017578,76.54835012163572,73.46169865336998,75.62768191190082,200622400
2020-05-14,74.99535369873047,75.05592369907653,73.05468852162736,73.77668558751988,158929200
2020-05-15,74.5519790649414,74.59801285788724,72.73487900802405,72.76880175811006,166348400
2020-05-18,76.30851745605469,76.6816307787651,75.18434194281018,75.87484151863012,135178400
2020-05-19,75.8675537109375,77.17101374486556,75.83605613168199,76.32545901161194,101729600
2020-05-20,77.34305572509766,77.41331160943199,76.68647152801736,76.72523721961544,111504800
2020-05-21,76.76641845703125,77.74523171426733,76.52898139842385,77.20494465969075,102688800
2020-05-22,77.26066589355469,77.34304019898961,76.4029926993938,76.5047461498377,81803200
2020-05-26,76.73734283447266,78.55686050645615,76.68161577577496,78.37757568234818,125522000
2020-05-27,77.07167053222656,77.2170399794521,75.85542785782724,76.59438613380821,112945200
2020-05-28,77.10558319091797,78.36301654522093,76.47081099463172,76.74700625382513,133560800
2020-05-29,77.03050231933594,77.80821903420895,76.67435043039059,77.34788852176631,153532400
2020-06-01,77.97782897949219,78.09896899425175,76.85364609349955,76.9844793797038,80791200
2020-06-02,78.33879852294922,78.36302799682535,77.27034305104888,77.71129433668344,87642800
2020-06-03,78.77006530761719,79.03173182452788,78.08683399477036,78.65861858793946,104491200
2020-06-04,78.09168243408203,78.89120338502829,77.71856920653472,78.59320375117642,87560400
2020-06-05,80.31581115722656,80.3763811505578,78.31215843959637,78.34123085338769,137250400
2020-06-08,80.79069519042969,80.82461794300563,79.30309967941871,80.01297837924804,95654400
2020-06-09,83.34190368652344,83.734396145206,80.43939371025141,80.47089129660488,147712400
2020-06-10,85.4860610961914,85.95365964938672,83.85067134903046,84.28919748972832,166651600
2020-06-11,81.3818359375,85.05480096655532,81.2800824962617,84.63081104253492,201662400
2020-06-12,82.08443450927734,84.26495380444017,80.97479572123159,83.51873489892154,200146000
2020-06-15,83.099609375,83.75134312369018,80.57747385342842,80.73980469603605,138808800
2020-06-16,85.30194854736328,85.5733083880593,83.51877109987304,85.15173611381705,165428800
2020-06-17,85.18323516845703,86.10632149459083,85.062095153019,86.04575148687181,114406400
2020-06-18,85.21714782714844,85.6338697266432,84.60902265567091,85.13961645194037,96820400
2020-06-19,84.73015594482422,86.38735014117718,83.62293464807695,85.92217671437545,264476000
2020-06-22,86.94701385498047,87.08995815364833,85.07661214341427,85.12264593038505,135445200
2020-06-23,88.80290222167969,90.22024192576087,87.77078689158364,88.18993401998509,212155600
2020-06-24,87.23532104492188,89.35042773903359,86.86220783951416,88.43218462838242,192623200
2020-06-25,88.39344787597656,88.43221356918069,86.63207466747622,87.39041236684457,137522400
2020-06-26,85.6774673461914,88.50972079929527,85.52967271907464,88.28924513838203,205256800
2020-06-29,87.65204620361328,87.74653893980732,85.10810654900735,85.58539837995676,130646000
2020-06-30,88.38373565673828,88.66963165860406,87.22079468512266,87.24017383067029,140223200
2020-07-01,88.21653747558594,89.00394720981454,88.1680859282189,88.46124255900719,110737200
2020-07-02,88.21653747558594,89.75744160026585,88.10267301206505,89.1226693975259,114041600
2020-07-06,90.57637786865234,91.04397648582848,89.61210082402599,89.6435984064739,118655600
2020-07-07,90.29532623291016,91.73204473813118,90.183879512503,90.95432807349727,112424400
2020-07-08,92.39834594726562,92.42984353829465,91.18452047213574,91.27174513912388,117092000
2020-07-09,92.795654296875,93.34320200495762,91.74900304495738,93.2899001154489,125642800
2020-07-10,92.95800018310547,93.01615241811884,91.78052278573126,92.39106579987347,90257200
2020-07-13,92.52913665771484,96.86837145256374,92.31592911855529,94.26143682269026,191649200
2020-07-14,94.06037139892578,94.25176728421596,90.97856936107081,91.91134148904221,170989200
2020-07-15,94.70724487304688,96.18272909779543,93.51038115292206,95.93318100843004,153198000
2020-07-16,93.54188537597656,94.39713348994569,92.94345347342261,93.58065106367306,110577600
2020-07-17,93.35291290283203,94.14759106406643,92.8804639114332,93.99253569772281,92186800
2020-07-20,95.32022094726562,95.45832232514117,93.09609226760277,93.44013312925429,90318000
2020-07-21,94.00462341308594,96.18514302833793,93.75507535287011,96.11003683309417,103433200
2020-07-22,94.2686996459961,94.94950567634959,93.61939119040862,93.70660841856355,89001600
2020-07-23,89.97795867919922,94.07975781052636,89.16874426666178,94.00222642645338,197004400
2020-07-24,89.75504302978516,90.09908386887433,86.39219558540321,88.17780532258647,185438800
2020-07-27,91.88223266601562,91.9743002167906,90.59330913655485,90.81620251799254,121214000
2020-07-28,90.37286376953125,91.63029754160469,90.36801343757494,91.45343048257014,103625600
2020-07-29,92.10517120361328,92.28930638065711,90.81866491806582,90.85500544148256,90329200
2020-07-30,93.21965789794922,93.32383652649061,90.87196403764284,91.27899267505967,158130000
2020-07-31,102.97869873046875,103.12891115542561,97.71152622340603,99.70791855704327,374336800
2020-08-03,105.5735092163086,108.19013023936542,104.56078059833798,104.85878026409463,308151200
2020-08-04,106.27852630615234,107.36878610733102,105.04047188715032,105.76246881725352,173071600
2020-08-05,106.66375732421875,106.98356866072452,105.53473177113482,105.99991256912482,121776800
2020-08-06,110.38517761230469,110.87943083941089,106.40694450020551,106.995683074286,202428800
2020-08-07,107.87548828125,110.36333556331454,107.07937744727452,109.90702677912203,198045600
2020-08-10,109.44345092773438,110.46043507725163,106.7954093213871,109.31966296937568,212403600
2020-08-11,106.18861389160156,109.20558233257063,105.9289051039155,108.7080157903305,187902400
2020-08-12,109.71771240234375,109.97499163666492,107.08423344754698,107.27840393895296,165598000
2020-08-13,111.65943908691406,112.66186065911528,110.60847119171306,111.09633433148385,210082000
2020-08-14,111.55992889404297,111.64973292886683,109.75168569136507,111.48468727529169,165565200
2020-08-17,111.2686767578125,112.70556367842538,110.64247058340116,112.68129051352851,119561600
2020-08-18,112.19585418701172,112.62060863769267,110.68615521459195,111.02110562369826,105633600
2020-08-19,112.33660888671875,113.74922238512377,112.24195319013168,112.60359883769148,145538000
2020-08-20,114.82933807373047,114.94341528440668,112.36090456064325,112.37789651709356,126907200
2020-08-21,120.74677276611328,121.22977689357654,115.77592935893642,115.78806223773633,338054800
2020-08-24,122.19093322753906,125.03315266970756,120.32686973134855,124.94819288976294,345937600
2020-08-25,121.18852233886719,121.53318353096768,119.4676607314497,121.06474178007431,211495600
2020-08-26,122.83654022216797,123.29284897570295,121.43848913169968,122.50401940268071,163022400
2020-08-27,121.36812591552734,123.77102105443406,120.22492431150832,123.43850018201364,155552400
2020-08-28,121.17152404785156,122.75888676117691,120.94822130817289,122.3414135230096,187630000
2020-08-31,125.28071594238281,127.1836224608346,122.32928572568825,123.8632579117057,225702700
2020-09-01,130.2709197998047,130.87286738046265,126.72726136998487,128.89229051317534,151948100
2020-09-02,127.57196807861328,133.96027723036116,123.30015752319882,133.58163954392333,200119000
2020-09-03,117.35842895507812,125.08653127360425,116.9895020715435,123.21276461682936,257599600
2020-09-04,117.43611145019531,120.09628586271513,107.65947772486805,116.57204011831335,332607200
2020-09-08,109.53324890136719,115.52349838716887,109.39732807142673,110.63032628792358,231366600
2020-09-09,113.90216064453125,115.66913897859283,111.90217621343139,113.84391097205425,176940500
2020-09-10,110.1837387084961,116.98952122909824,109.22258206036143,116.85360038621577,182274400
2020-09-11,108.73713684082031,111.87304145706314,106.7954022543771,111.23226548811466,180860300
2020-09-14,111.9992446899414,112.55263871695288,109.51382694155708,111.37789025284532,140150100
2020-09-15,112.17400360107422,115.36815776085928,110.30022950147779,114.88272413305843,184642000
2020-09-16,108.86334228515625,112.62060121644382,108.77596778791039,111.87303669164397,154679000
2020-09-17,107.12549591064453,108.9313097079175,105.54298485481058,106.52356291630672,178011000
2020-09-18,103.72744750976562,107.64975186458288,102.99929711385688,107.18373975919344,287104900
2020-09-21,106.8730697631836,106.97986575435861,100.0964130289504,101.49446425369291,195713800
2020-09-22,108.55266571044922,109.57207929386054,105.97987340331184,109.39732289119372,183055400
2020-09-23,103.99932861328125,108.84395533385234,103.65951906471085,108.36823233583739,150718700
2020-09-24,105.0672607421875,107.03812018263172,101.94106684060164,102.10611250444195,167743300
2020-09-25,109.00898742675781,109.16432976181966,104.53328824582925,105.27114952311253,149981400
2020-09-28,111.61090850830078,111.96042134324223,109.49441741099088,111.65945483814875,137672400
2020-09-29,110.76624298095703,111.95070223231198,110.26139526105185,111.21284844222973,99382200
2020-09-30,112.43614959716797,113.84391175108092,110.30995505877512,110.4750007366762,142675200
2020-10-01,113.38762664794922,114.29053380232129,112.45559465103803,114.21286261746239,116120400
2020-10-02,109.7274398803711,112.0089843955101,108.95075033675728,109.60122977390576,144712000
2020-10-05,113.10603332519531,113.25166489244758,110.2419779334605,110.59149073201426,106243800
2020-10-06,109.86334228515625,112.73710847512729,108.97984952644627,112.32933859803765,161498200
2020-10-07,111.72742462158203,112.18373349473666,110.80509612706318,111.28082649663705,96849000
2020-10-08,111.62062072753906,113.0089613382161,111.25168639294162,112.86332975388186,83477200
2020-10-09,113.56234741210938,113.59147224549314,111.57206651675105,111.92157933161523,100506900
2020-10-12,120.77588653564453,121.53316180020073,115.8050435838883,116.56231884844449,240226800
2020-10-13,117.572021484375,121.73704283997935,116.16426694681041,121.62053610441286,262330500
2020-10-14,117.65941619873047,119.44580856247916,116.13515475963598,117.4749490324475,150712000
2020-10-15,117.19337463378906,117.66909747078712,114.70795706091747,115.26135104884993,112559200
2020-10-16,115.55265045166016,118.00895153071929,115.3487691587039,117.74681314896735,115393800
2020-10-19,112.60120391845703,116.91185012257559,112.29052664782569,116.46525200898868,120639300
2020-10-20,114.08663177490234,115.51380805714416,112.26139629791038,112.81479042703165,124423700
2020-10-21,113.46527862548828,115.25167113205254,113.05750867757199,113.27110069621133,89946000
2020-10-22,112.37787628173828,114.601163016686,111.25166679554484,114.02834752777623,101988000
2020-10-23,111.68859100341797,113.15460290941205,110.95072967623058,112.99926056384386,82572600
2020-10-26,111.69830322265625,113.15460439944638,109.59151522414707,110.68860018455938,111850700
2020-10-27,113.20310974121094,113.86329970843428,111.20312575541465,112.12544659755038,92276800
2020-10-28,107.96044158935547,112.06721355762778,107.863356340069,111.6982866474873,143937800
2020-10-29,111.9604263305664,113.52352341003616,108.93131742851756,109.09637051307503,146129200
2020-10-30,105.68860626220703,108.72741799712837,104.58181822292556,107.82451118538518,190272600
2020-11-02,105.60123443603516,107.4555945603439,104.19347979423505,105.9313331743507,122866900
2020-11-03,107.22258758544922,108.24199381190596,105.56240538196562,106.46531227233,107624400
2020-11-04,111.60121154785156,112.22256612959036,109.07695763364633,110.81481127564828,138235500
2020-11-05,115.56233215332031,116.13514770518474,113.46526266207991,114.51379370413532,126387100
2020-11-06,115.4310302734375,115.92702142810049,112.94131732140758,115.07118700641044,114457900
2020-11-09,113.12612915039062,118.64044265473571,112.86354597300208,117.1913565886007,154515300
2020-11-10,112.7857437133789,114.36125765819912,110.99626183270806,112.37727768471512,138023400
2020-11-11,116.2090835571289,116.3452388928094,113.24283383562194,113.97224059958567,112295000
2020-11-12,115.936767578125,117.22052312713384,115.31434109496367,116.33551348572685,103162300
2020-11-13,115.98539733886719,116.38413582545107,114.63356412889462,116.16045525051373,81581900
2020-11-16,116.996826171875,117.66787522451466,114.90585901966058,115.65471322677983,91183000
2020-11-17,116.1118392944336,117.35669240875295,115.69364575572538,116.26744964367843,74271000
2020-11-18,114.78915405273438,116.53000547162844,114.7599789740788,115.35323030643576,76322100
2020-11-19,115.38241577148438,115.7908817492475,113.60266161420516,114.36124340716778,74113000
2020-11-20,114.11811065673828,115.50884645150772,114.0694879933699,115.3824186228592,73604300
2020-11-23,110.72392272949219,114.39041080457727,110.6266699980908,113.96248988252185,127959300
2020-11-24,112.00769805908203,112.66902713847026,109.49853707376413,110.78230006896696,113874200
2020-11-25,112.84407806396484,113.54430968345936,112.00769112066959,112.37726193090761,76499200
2020-11-27,113.38870239257812,114.26399194036229,113.02886649286769,113.36925481147574,46691300
2020-11-30,115.78118133544922,117.64846105375163,113.60268091085304,113.75829126399992,169410200
2020-12-01,119.35038757324219,120.07979426970195,116.7147989337566,117.68734119570294,127728200
2020-12-02,119.70051574707031,119.98255392256038,117.57064559900594,118.66961579736986,89004200
2020-12-03,119.5643539428711,120.38128592155832,118.85439479194712,120.12842284343223,78967600
2020-12-04,118.89328002929688,119.48653134532607,118.18332098194936,119.23366830409037,78260400
2020-12-07,120.35210418701172,121.14958854018184,118.89329080292673,118.95164096391939,86712000
2020-12-08,120.96481323242188,121.54834457068203,119.71023272701726,120.95509315138429,82225500
2020-12-09,118.43619537353516,122.49169482167979,117.67761359703715,121.11068659164964,115089200
2020-12-10,119.8561019897461,120.46880834155796,116.85095006957522,117.19133836507719,81312200
2020-12-11,119.04891204833984,119.38930038520903,117.23998269251022,119.06835963048555,86939800
2020-12-14,118.43619537353516,119.9630864267169,118.20278730843776,119.2336797308675,79184500
2020-12-15,124.36872100830078,124.38817601169539,120.72168696233577,120.92591997852064,157243700
2020-12-16,124.30062103271484,124.84524231148528,123.08494323552482,123.91161007354079,98208600
2020-12-17,125.16619110107422,126.02203307421959,124.52430962121518,125.3606965932024,94359800
2020-12-18,123.18221282958984,125.55521844582084,122.65703909059238,125.41906311570027,192541500
2020-12-21,124.7090835571289,124.78688871478423,120.06033297589273,121.58722395031434,121251600
2020-12-22,128.25885009765625,130.71938029303678,126.09007064495803,127.99625958942822,168904800
2020-12-23,127.36412811279297,128.79375143883854,127.18906280686316,128.5311757396674,88223700
2020-12-24,128.34642028808594,129.79551379030826,127.5003131582361,127.71427367104259,54930100
2020-12-28,132.93679809570312,133.56894460120503,129.8441061270866,130.31093707619408,124486200
2020-12-29,131.16673278808594,134.97909558908609,130.65128672314287,134.25942401755736,121047300
2020-12-30,130.0483856201172,132.2560612728946,129.73716489381331,131.85731528225065,96452100
2020-12-31,129.0466766357422,131.04039188221898,128.10330915091885,130.3985102212382,99116600
2021-01-04,125.85670471191406,129.94137947234472,123.27946608977872,129.85385422543547,143301900
2021-01-05,127.41275787353516,128.12272441766163,124.90359702782354,125.35097300302901,97664900
2021-01-06,123.12384033203125,127.4516575492309,122.9098798620693,124.21309026097016,155088000
2021-01-07,127.32521057128906,128.0157219951703,124.34923410516659,124.8355051575347,109578200
2021-01-08,128.42420959472656,128.98828589154797,126.65417554196101,128.79376556588605,105158200
2021-01-11,125.43849182128906,126.595819441527,124.97167570919714,125.64273221772613,100384500
2021-01-12,125.26346588134766,126.12902803614703,123.37673122396438,124.9717001892066,91951100
2021-01-13,127.29607391357422,127.84069528222409,124.96197809369782,125.22455385655589,88636800
2021-01-14,125.37041473388672,127.40302430824103,125.22452450445344,127.2085188421458,90221800
2021-01-15,123.64904022216797,126.64447259687851,123.51288487967291,125.24400916560404,111598500
2021-01-19,124.32007598876953,125.17591790643084,123.4545139910682,124.27144590893572,90757300
2021-01-20,128.4047088623047,128.852084676248,125.02026712657708,125.12724733166274,104319500
2021-01-21,133.1118621826172,135.83498363825382,129.9219245699571,130.12616498605254,120150900
2021-01-22,135.25143432617188,136.0100159621577,131.31263593020583,132.53803360991805,114459400
2021-01-25,138.9957733154297,141.1061887747769,132.7909473722159,139.14166359536782,157611700
2021-01-26,139.2291717529297,140.33786948106203,137.48831256904506,139.65709277779112,98390600
2021-01-27,138.1593475341797,140.3378474829839,136.55465878230473,139.49172564743122,140843800
2021-01-28,133.32582092285156,138.09128711738055,132.94653001780165,135.68910643879175,142621100
2021-01-29,128.33670043945312,132.98545188101477,126.63475125528835,132.1004347436925,177523800
2021-02-01,130.45684814453125,131.66280616641993,127.33498024294086,130.0775571695549,106239800
2021-02-02,131.2835235595703,132.56727200292497,130.91395264353687,132.00319554575555,83305400
2021-02-03,130.2622833251953,132.04203704071995,129.9413426709387,132.03230212283063,89880900
2021-02-04,133.61758422851562,133.6273043090521,130.8944628567243,132.55751669715318,84183100
2021-02-05,133.20361328125,133.84645384942093,132.32702331519238,133.77828189570104,75693800
2021-02-08,133.3497314453125,133.39843419416206,131.411474992241,132.49261062393538,71297200
2021-02-09,132.47312927246094,134.29451105529114,132.31730127973145,133.06726715184539,76774200
2021-02-10,131.86923217773438,133.42763071013312,130.9049714138388,132.9308835611612,73046600
2021-02-11,131.61602783203125,132.84325691578465,130.291393245221,132.3659937299951,64280000
2021-02-12,131.84976196289062,132.00560480490336,130.2134567077312,130.85629728454018,60145100
2021-02-16,129.7264862060547,132.4731462786685,129.33687901923372,131.96667922879305,80576300
2021-02-17,127.43753051757812,128.7816486717369,126.10316182725315,127.83687212308726,97918500
2021-02-18,126.33696746826172,126.61941963432317,124.09677476387137,125.84022023340577,96856700
2021-02-19,126.49278259277344,127.31095005461351,125.4506152038684,126.85317101046176,87668800
2021-02-22,122.72344970703125,126.34671464924598,122.33384996779367,124.68117557823038,103916400
2021-02-23,122.58706665039062,123.41496128803965,115.3113195259661,120.54167771296495,158273000
2021-02-24,122.0903549194336,122.29489311702532,119.05149320550255,121.69102056156322,111039900
2021-02-25,117.8437271118164,123.17148430278391,117.40543205845579,121.43777330096201,148199500
2021-02-26,118.10670471191406,121.6033452358005,118.04825992472897,119.40211317040608,164560400
2021-03-01,124.4668960571289,124.60325484384613,119.5969181572381,120.53195302229754,116307900
2021-03-02,121.86634063720703,125.37272355528646,121.75920051926317,125.07078727617044,102260900
2021-03-03,118.88589477539062,122.44098002866822,118.6716145648539,121.56438254510716,112966300
2021-03-04,117.00608825683594,120.38585416346811,115.53536025738819,118.58396379730593,178155000
2021-03-05,118.26253509521484,118.7690169305712,114.5126538027712,117.83398211644732,153766600
2021-03-08,113.33412170410156,117.85346041822143,113.18802088680535,117.78528102761602,154376600
2021-03-09,117.94111633300781,118.8858931954571,115.7009310503409,115.93468789918522,129525800
2021-03-10,116.86000061035156,118.99304601715157,116.34377667711071,118.52553226949556,111943300
2021-03-11,118.78851318359375,120.00600779325381,118.10671917458306,119.35343246591539,103026500
2021-03-12,117.88268280029297,118.01904158578925,116.06131583787986,117.2690682655597,88105100
2021-03-15,120.76569366455078,120.77543569972144,117.28853020817765,118.25279105319385,92403800
2021-03-16,122.30463409423828,123.9117284110974,121.47673927373422,122.4312508542222,115227900
2021-03-17,121.51567840576172,122.58707194968112,119.15860369194408,120.82414250531377,111932600
2021-03-18,117.39568328857422,119.97677300065472,117.19114511333716,119.68457136117527,121229700
2021-03-19,116.8697280883789,118.27228410779664,116.56779183514182,116.7820720526636,185549500
2021-03-22,120.18131256103516,120.64883370339138,117.13270910784668,117.20088850037816,111912300
2021-03-23,119.35342407226562,121.0092136525593,118.96382433837393,120.12288150317761,95467100
2021-03-24,116.96711730957031,119.70404974763237,116.94764066899515,119.62612832333967,88530500
2021-03-25,117.45411682128906,118.4962991670475,115.90546750304253,116.43142597838931,98844700
2021-03-26,118.0580062866211,118.32098926109825,115.82755546141085,117.22036947257719,94071200
2021-03-29,118.23332977294922,119.39238695881983,117.59049651669116,118.48657071923124,80819200
2021-03-30,116.78207397460938,117.26907177481125,115.76911765846987,116.98661215897457,85671900
2021-03-31,118.97356414794922,120.30793336547684,117.99956854695249,118.48656634745086,118323800
2021-04-01,119.80146789550781,120.95078308800542,119.3047280211155,120.44430860719166,75089100
2021-04-05,122.62605285644531,122.87929380413213,119.86964340519192,120.64884289146045,88651200
2021-04-06,122.927978515625,123.82405264578033,122.38254338092113,123.21043811923847,80171300
2021-04-07,124.57403564453125,124.59351228641088,121.88580577435263,122.55786509964642,83466700
2021-04-08,126.97006225585938,126.99928093380576,125.17791398584798,125.59672494440802,88844600
2021-04-09,129.54139709472656,129.58035037412546,126.1031942856078,126.42461457311639,106686700
2021-04-12,127.8271713256836,129.39530463290586,127.23303349221449,129.07388434312833,91420000
2021-04-13,130.93423461914062,131.15826433043802,128.49924537282473,128.99599269074992,91266500
2021-04-14,128.5966033935547,131.48937073876672,128.2362298740332,131.43093339635666,87222800
2021-04-15,131.0023956298828,131.48939338315375,130.1647588997771,130.34008581919048,89347100
2021-04-16,130.67124938964844,131.16798178060714,129.81412853121648,130.8076081751269,84922400
2021-04-19,131.3335418701172,131.94716375459052,129.87254870669761,130.03812614844625,94264200
2021-04-20,129.6485595703125,132.0056272235911,128.38236227240412,131.50889480005515,94812300
2021-04-21,130.0283966064453,130.27189547649485,127.88560952240783,128.91804235349915,68847100
2021-04-22,128.5089874267578,130.66150947358742,127.99277092528317,129.58037371612286,84566500
2021-04-23,130.82708740234375,131.60627194079382,128.72325347974677,128.72325347974677,78657500
2021-04-26,131.21669006347656,131.5478450047434,130.08685158645528,131.32383017529745,66905100
2021-04-27,130.89524841308594,131.88872793710226,130.62253087504087,131.49912083847275,66015800
2021-04-28,130.1063232421875,131.5088791677975,129.61932548257246,130.81733580986761,107760100
2021-04-29,130.00892639160156,133.50558183329358,129.00571212903608,132.92117853809344,151101000
2021-04-30,128.0414581298828,130.08683981317637,127.66160046998598,128.3531289693404,109839500
2021-05-03,129.09339904785156,130.58362632092104,128.40187034048927,128.6064011393442,75135100
2021-05-04,124.52534484863281,128.0706959218244,123.40524834260499,127.77849424860072,137564700
2021-05-05,124.76882934570312,127.05770985077288,124.64220517501703,125.84021547722773,84000900
2021-05-06,126.36619567871094,126.37593028448455,123.8240591134078,124.56429785702491,78128300
2021-05-07,127.03938293457031,128.06380344320834,126.32714777247271,127.66379828936026,78973300
2021-05-10,123.76119995117188,126.38569336703041,123.7221730582719,126.25886899143829,88071200
2021-05-11,122.84408569335938,123.19531281841267,119.78053807914273,120.4927657999539,126142800
2021-05-12,119.78055572509766,121.60502403427476,119.27322096428664,120.39522003263365,112172300
2021-05-13,121.92697143554688,123.07823863645709,121.23426088704589,121.54646856304096,105861300
2021-05-14,124.3465805053711,124.7758688561986,122.78554210729591,123.17580356771927,81918000
2021-05-17,123.19532775878906,123.83926036065176,122.12211419930365,123.73193826034131,74244600
2021-05-18,121.80989837646484,123.8977887358132,121.74160317568686,123.47825894714309,63342900
2021-05-19,121.65377807617188,121.87817336567916,119.86833712441047,120.16103504698746,92612000
2021-05-20,124.20999908447266,124.61001915730156,122.05381347828964,122.18065274217139,76857100
2021-05-21,122.37578582763672,124.88320615344152,122.16114162608143,124.70758884704348,79295400
2021-05-24,124.00511169433594,124.82466155300955,122.87336158160026,122.94165678285485,63092900
2021-05-25,123.80998992919922,125.19541862484827,123.24411112700588,124.70758616767343,72009500
2021-05-26,123.76119995117188,124.28805183989326,123.3416701570207,123.86852204574208,56575900
2021-05-27,122.22941589355469,124.53195020806949,122.03428889481324,123.36117332838509,94625600
2021-05-28,121.57575225830078,122.73677818956268,121.51721563777299,122.51237540484098,71311100
2021-06-01,121.25376892089844,122.29771402080185,120.92205152635813,122.03429182182089,67637100
2021-06-02,122.01477813720703,122.19039542274523,121.02937706510446,121.25377238108098,59278900
2021-06-03,120.53177642822266,121.80987527623792,120.13175643979874,121.64401659774775,76229200
2021-06-04,122.82459259033203,123.08802229025616,120.83426545911946,121.04890967576293,75169300
2021-06-07,122.83434295654297,123.2441141916509,121.79039769931899,123.09776519522116,71057600
2021-06-08,123.65387725830078,125.33200387040455,123.13678395621102,123.51728685562117,74403800
2021-06-09,124.03439331054688,124.63929904628665,123.43924615992437,124.1124471042461,56877900
2021-06-10,123.03923034667969,125.06858426923962,122.87337162202547,123.92706803553762,71186400
2021-06-11,124.2490234375,124.33683580636276,123.02946096276283,123.44899075181716,53522400
2021-06-14,127.30280303955078,127.36133965538929,123.97584053546844,124.70757800792384,96906500
2021-06-15,126.48326110839844,127.4198916269695,126.23934861668313,126.77595907590421,62746300
2021-06-16,126.98081970214844,127.70280593735949,125.331983991057,127.19546385620482,91815000
2021-06-17,128.5808868408203,129.32239025268845,126.49299676283543,126.63935317228925,96721700
2021-06-18,127.28329467773438,128.30771518043744,127.06865050509046,127.52720715689915,108953300
2021-06-21,129.07850646972656,129.18582857227696,126.06375134431808,127.12720634134745,79663300
2021-06-22,130.71759033203125,130.8151612925248,128.41505560442437,128.91264666080772,74783600
2021-06-23,130.44439697265625,131.04931007255976,129.98584029942936,130.51269961588608,60214200
2021-06-24,130.1614532470703,131.36149842351492,129.69313058879897,131.1761225655203,68711000
2021-06-25,129.86878967285156,130.62979558487248,129.57609165578822,130.2102731739654,70783700
2021-06-28,131.4981231689453,131.95667992046137,130.10295063063353,130.16148725640332,62111300
2021-06-29,133.0103302001953,133.16643773077968,131.07854789272267,131.51758729616188,64556100
2021-06-30,133.62506103515625,134.06410065786974,132.56159097823922,132.85428902246187,63261400
2021-07-01,133.927490234375,133.98602685703514,132.45424909031448,133.27380646927242,52485800
2021-07-02,136.55197143554688,136.5909908825578,134.39577852908815,134.54212006442484,78852600
2021-07-06,138.56179809570312,139.66427232062847,136.65928383502748,136.65928383502748,108181800
2021-07-07,141.04971313476562,141.36191336128311,139.1862182535438,140.04478004189397,104911600
2021-07-08,139.7520751953125,140.55210024692394,137.24464819829342,138.13249304147996,105575500
2021-07-09,141.57656860351562,142.10341304013653,139.17646311232951,139.27403406481795,99890800
2021-07-12,140.98141479492188,142.75710481226085,140.49358983023356,142.64978272453996,76299700
2021-07-13,142.0936737060547,143.8693639556699,140.1326224508896,140.52287651879445,100827100
2021-07-14,145.51815795898438,145.9279439651733,144.08395159902543,144.49373760521436,127050800
2021-07-15,144.864501953125,146.34749406137325,143.50834910364574,145.6060054508676,106820300
2021-07-16,142.82537841796875,146.11331359035626,142.32780236268064,144.84498071759424,93251400
2021-07-19,138.98133850097656,140.56190161268026,138.2203326975493,140.24968646910114,121434600
2021-07-20,142.59124755859375,143.518127007473,139.47893643261804,139.96676145319105,96350000
2021-07-21,141.85951232910156,142.57174758950413,141.10827250404336,141.98635160042446,74993500
2021-07-22,143.22543334960938,144.59133749363102,142.25953442025497,142.3863736933565,77338200
2021-07-23,144.94252014160156,145.09862766986717,143.3424551949622,143.95711928298726,71447400
2021-07-26,145.36209106445312,146.18163344756866,144.10349429509156,144.6596219111436,72434100
2021-07-27,143.19615173339844,145.5767400665626,142.00585756681636,145.48892025406204,104818600
2021-07-28,141.44973754882812,143.391286472983,139.06914908747908,141.28387882976534,118931200
2021-07-29,142.0936737060547,142.9815188308623,141.05948702759235,141.16680912935195,56699500
2021-07-30,142.30828857421875,142.7668451974614,140.60090132642787,140.8643309559415,70440600
2021-08-02,141.97659301757812,143.37176538004852,141.71316334757606,142.79613544954273,62880000
2021-08-03,143.77178955078125,144.43522442777342,141.64486473611035,142.25952902121162,64786600
2021-08-04,143.37176513671875,144.19130756729243,142.71808142038705,143.68398028393023,56368300
2021-08-05,143.4790496826172,144.24005529573455,142.61072200163795,143.40099591624184,46397700
2021-08-06,142.79513549804688,143.74293525391155,142.29681378591434,143.00033556159832,54126800
2021-08-09,142.7462158203125,143.34225443321225,142.18927001685375,142.8536986819678,48908700
2021-08-10,142.26748657226562,144.32919310328901,141.9743500451473,143.0882569205625,69023100
2021-08-11,142.52154541015625,143.3618622586966,142.19909668704307,142.7071990606952,48493500
2021-08-12,145.48214721679688,145.63848865290169,142.5019538202862,142.84394884807298,72282600
2021-08-13,145.68736267089844,146.01957707570978,144.8763581583002,145.56033337689462,59375000
2021-08-16,147.66111755371094,147.72952253031957,143.1175540441941,145.1401675406519,103296000
2021-08-17,146.75245666503906,148.20834403268694,145.67762747925198,146.79153458563758,92229700
2021-08-18,143.01007080078125,147.2702784625577,142.8048707810112,146.37133747643588,86326000
2021-08-19,143.34228515625,144.61253336364982,141.1926423719419,141.71051038649435,86960300
2021-08-20,144.79818725585938,145.10108950161558,143.42045616108942,144.06535347049768,60549600
2021-08-23,146.28343200683594,146.75244155345382,144.5050811570284,144.91546637401214,60131800
2021-08-24,146.1954345703125,147.40705833624506,145.73619092005404,146.02932738546966,48606400
2021-08-25,144.9642791748047,146.87942449217206,144.4170990582826,146.38108802855803,58991300
2021-08-26,144.16305541992188,145.70689371393732,144.13374326132688,144.95452843061085,48597200
2021-08-27,145.1987762451172,145.34533700769614,143.4692846989935,144.10440121622017,55802400
2021-08-30,149.61532592773438,149.976867364279,145.2085579053338,145.58963083933705,90956700
2021-08-31,148.35491943359375,149.30271928350763,147.82727059470037,149.1659241974142,86453100
2021-09-01,149.019287109375,151.43275399237308,148.85317992388826,149.3319699829077,80313700
2021-09-02,150.13323974609375,151.17875665151738,148.9118498525865,150.3482055601146,71115500
2021-09-03,150.76834106445312,151.09078972052774,149.5860293255129,150.24069238740682,57808700
2021-09-07,153.1036376953125,153.66058362239795,150.8562777588282,151.4230043452141,82278300
2021-09-08,151.5597686767578,153.4455867564318,150.45562788655243,153.3869624506755,74420200
2021-09-09,150.54359436035156,152.5368955037672,150.42633082753412,151.9310910707807,57305700
2021-09-10,145.560302734375,151.9212932925362,145.29647845219108,151.45228394273914,140893200
2021-09-13,146.12704467773438,147.9542386226374,145.3453524055779,147.18232700871462,102404300
2021-09-14,144.72979736328125,147.61228914708835,143.54750041568678,146.90876744705565,109296300
2021-09-15,145.6189727783203,146.01959220126037,143.01985176888803,145.15972903193406,83281300
2021-09-16,145.38446044921875,145.56034832894838,143.85040265204483,145.0424802595639,68034100
2021-09-17,142.71690368652344,145.4137409758473,142.42376725383107,145.4137409758473,129868800
2021-09-20,139.6683807373047,141.5248874282257,138.03660561412693,140.50869758793672,123478900
2021-09-21,140.14712524414062,141.29035906389458,139.51200859720305,140.6356810985669,75834000
2021-09-22,142.51173400878906,143.0784456211062,140.41093510559722,141.14376881169068,76404300
2021-09-23,143.4693145751953,143.71359250338787,142.30654925147212,143.29342671393508,64838200
2021-09-24,143.5572509765625,144.09466540021555,142.2283784515029,142.32609558654582,53477900
2021-09-27,142.042724609375,142.61923184992318,140.52821338546616,142.14044174425882,74150700
2021-09-28,138.66195678710938,141.43695107445913,138.4469909709511,139.9712831876772,108972300
2021-09-29,139.56088256835938,141.14379894035906,138.77919013309102,139.2091217179658,74602000
2021-09-30,138.2613067626953,141.075393254431,138.04634099404652,140.37187163149707,89056700
2021-10-01,139.38497924804688,139.64880358400276,135.9260103602956,138.65214546670163,94639600
2021-10-04,135.955322265625,138.95506236159227,135.1052398519007,138.51535016597074,98322000
2021-10-05,137.88021850585938,138.9843593851802,136.1702732054442,136.29730248452776,80861100
2021-10-06,138.74986267089844,138.89642346342436,135.20294239635672,136.2777712400183,83221100
2021-10-07,140.01036071777344,140.9190825580318,139.45341467529775,139.78562915042673,61732700
2021-10-08,139.62924194335938,140.87994360098938,139.29702757701324,140.73338282452485,58773200
2021-10-11,139.54132080078125,141.49554421911762,138.56420909161307,139.01368703802868,64452200
2021-10-12,138.27108764648438,139.97126757292082,137.8118439004276,139.9517211619384,73035900
2021-10-13,137.68479919433594,138.16357433643927,136.01393179740973,138.00724781162134,78762700
2021-10-14,140.46957397460938,140.58683751822448,138.27107262847971,138.8573456179309,69907100
2021-10-15,141.52488708496094,141.5835114147044,140.2253264406504,140.47938508226497,67940300
2021-10-18,143.1957550048828,143.479110901774,139.88334618906478,140.16670208595596,85589200
2021-10-19,145.35513305664062,145.75575243725564,143.1957245202807,143.64518755891186,76378900
2021-10-20,145.84371948242188,146.32250968957678,144.72981249251907,145.29653919398467,58418800
2021-10-21,146.0586700439453,146.21501151275598,144.48551942420278,145.40400691653662,61421000
2021-10-22,145.28675842285156,146.74264548774926,145.23789985010384,146.26387023963363,58883400
2021-10-25,145.2378692626953,145.95115656405432,144.24121124480388,145.27694716693773,50720600
2021-10-26,145.90235900878906,147.3875583918874,145.59944178965912,145.91212476055014,60893400
2021-10-27,145.44308471679688,146.30293288736218,145.09132390307514,145.94140632392705,56094900
2021-10-28,149.07791137695312,149.66416934171193,146.29313758834866,146.39085470391106,100077900
2021-10-29,146.37132263183594,146.5081176612954,143.05891485963772,143.85037288076313,124953200
2021-11-01,145.55055236816406,146.27360541935798,144.41709931929685,145.57986452377787,74588300
2021-11-02,146.58631896972656,148.10084526807523,145.24766564186768,145.25744630214584,69122000
2021-11-03,148.0226593017578,148.49166875101167,146.39088452432864,146.94783044977856,54511500
2021-11-04,147.50482177734375,148.94116258076141,147.1921388068415,148.11062639576105,60394600
2021-11-05,148.03317260742188,148.9334254421716,146.83935549516048,148.6300811635526,65463900
2021-11-08,147.21121215820312,148.31696452355757,146.93722280009231,148.1603949099799,55020900
2021-11-09,147.57330322265625,148.17999196283563,146.83939977322487,146.97639448653322,56787900
2021-11-10,144.74533081054688,146.90790623545243,144.67684091878007,146.80026646441542,65187100
2021-11-11,144.69638061523438,146.22289720379737,144.51045604306032,145.76299817171153,41000000
2021-11-12,146.77090454101562,147.17209373098063,144.3147648635999,145.24437287945577,63804000
2021-11-15,146.78065490722656,148.6203105600799,146.22288125155492,147.1427090779816,59222800
2021-11-16,147.75921630859375,148.23870523347338,146.1348398835429,146.72196856987298,59256200
2021-11-17,150.1957550048828,151.67334153749616,147.7494107865361,147.75919078814144,88807000
2021-11-18,154.48178100585938,155.26461435018126,149.76523586281957,150.41107449173293,137827700
2021-11-19,157.10423278808594,157.56414670764048,153.17050700157068,154.26646446197273,117305600
2021-11-22,157.56414794921875,162.14369731452808,157.54457301404287,158.20997149701574,117467900
2021-11-23,157.9457550048828,158.3273840653617,155.6461857101391,157.66197074401728,96041900
2021-11-24,158.4644317626953,158.66013635871653,156.2137915801923,157.2999692591092,69463600
2021-11-26,153.44451904296875,157.00639624695634,153.00417999336176,156.1452930856568,76959800
2021-11-29,156.80088806152344,157.7304958999759,155.38199643665857,155.94955010034442,88748200
2021-11-30,161.75230407714844,161.9675835913138,156.48776584559891,156.55627065978888,174048100
2021-12-01,161.23365783691406,166.64497001692308,160.99880341826756,163.88548659020162,152052500
2021-12-02,160.245361328125,160.6759203936693,154.41328379839803,155.3331118145511,136739200
2021-12-03,158.36654663085938,161.4195945786872,156.29205136899398,160.49976670029744,118023100
2021-12-06,161.77186584472656,164.27692006238982,160.75417823673777,160.76395823883925,107497000
2021-12-07,167.506103515625,167.89752761795768,164.72705957992557,165.4511829707639,120405400
2021-12-08,171.32240295410156,172.18352101189242,167.03640253357247,168.43571937748263,116998900
2021-12-09,170.81353759765625,172.9565375380552,170.18727407030087,171.15603176332104,108923700
2021-12-10,175.5986328125,175.7747774084515,170.94079752796398,171.4496414446743,115402700
2021-12-13,171.96823120117188,178.22108688608395,171.76273170193855,177.23275419312068,153237000
2021-12-14,170.5885009765625,173.92531854630914,168.51400556372403,171.48875398461132,139380400
2021-12-15,175.45179748535156,175.6475020222363,168.61181417618175,171.35172248646532,131063300
2021-12-16,168.56289672851562,177.25231617436867,167.08531019517628,175.43223547777242,150185800
2021-12-17,167.4669647216797,169.74695967221308,166.0480878451819,166.28292736988075,195432700
2021-12-20,166.10682678222656,166.91901512025265,163.865981314703,164.66837471661833,107499100
2021-12-21,169.27728271484375,169.48276731961977,165.49033075391415,167.8779657038139,91185900
2021-12-22,171.870361328125,172.08564081700152,168.4552593739479,169.32615733120278,92135300
2021-12-23,172.4966278076172,173.0544014741378,171.50831008728667,172.07586375572322,68356600
2021-12-27,176.45970153808594,176.54776634572997,173.26967407814607,173.28923408120028,74919600
2021-12-28,175.4420166015625,177.4382418590108,174.69833332933095,176.293354548695,79144300
2021-12-29,175.5301513671875,176.753323868227,174.31675887088656,175.48122148088493,62348900
2021-12-30,174.37542724609375,176.69457190920295,174.26778749437727,175.6181743920382,59773000
2021-12-31,173.7589874267578,175.38334904304386,173.45562812611084,174.2678163999058,64062300
2022-01-03,178.10366821289062,178.9550062933326,173.89596741451703,174.0133871781769,104487900
2022-01-04,175.84323120117188,179.01369889567948,175.2756775127618,178.71035458130368,99310400
2022-01-05,171.16583251953125,176.3031560396219,170.89184312629723,175.7551772531539,94537600
2022-01-06,168.3085174560547,171.53769548653034,167.95624321761545,168.99349099432447,96904000
2022-01-07,168.47486877441406,170.40258963561612,167.35933616352636,169.1794172582698,86709100
2022-01-10,168.4944305419922,168.79777487885306,164.56070430318124,165.4511773077938,106765600
2022-01-11,171.32240295410156,171.4202477771128,167.15383722500894,168.62164395189677,76138300
2022-01-12,171.7627410888672,173.37732250749067,171.0679876032979,172.3400748149154,74805200
2022-01-13,168.4944305419922,172.82934594142114,168.10300645305696,172.00737775161056,84505800
2022-01-14,169.35556030273438,170.05031384521072,167.41804452412237,167.66267899736397,80440800
2022-01-18,166.15570068359375,168.836884364845,165.7740715864879,167.82899175117316,90956700
2022-01-19,162.66233825683594,167.40825267441707,162.37856885772902,166.35143003303915,94815000
2022-01-20,160.979248046875,166.03828667936338,160.65632878123083,163.3962376065405,91420500
2022-01-21,158.92431640625,162.76018251834915,158.81667665863466,160.8911718694381,122848900
2022-01-24,158.15126037597656,158.8166737850042,151.37978119467465,156.58560899416545,162294600
2022-01-25,156.35076904296875,159.26680751652682,153.65001008067688,155.56793581393717,115798400
2022-01-26,156.26271057128906,160.8618354481178,154.43284958250229,159.99093736491258,108275300
2022-01-27,155.80276489257812,160.32360403043404,154.8829371180898,158.96343730234798,121954600
2022-01-28,166.6743621826172,166.6939371213685,159.3059729952558,162.15352186578443,179935700
2022-01-31,171.0288543701172,171.24413390438698,165.8719554140601,166.5080140130585,115541600
2022-02-01,170.8624725341797,171.0875320298687,168.61183278338754,170.27534392743365,86213900
2022-02-02,172.06607055664062,172.10522042730014,169.60994623393472,170.99946801633135,84914300
2022-02-03,169.18917846679688,172.45750604377838,168.4259201826274,170.73526997176376,89418100
2022-02-04,168.90504455566406,170.5804825811808,167.22960653014735,168.20939100229583,82465400
2022-02-07,168.1898193359375,170.43351937589156,167.49416572772904,169.36555780513737,77251200
2022-02-08,171.29576110839844,171.8052533391249,167.9644841540523,168.258422554484,74829200
2022-02-09,172.71640014648438,173.07891560572492,171.36429283315064,172.4910539110368,71285000
2022-02-10,168.64048767089844,171.9325638827204,168.08201833200982,170.61965636290995,90865900
2022-02-11,165.23086547851562,169.58111126110254,164.64298876993468,168.8462728505392,98670700
2022-02-14,165.4660186767578,166.15186486791518,163.19291135712115,163.98653444619794,86185500
2022-02-15,169.29698181152344,169.45375094241317,166.80833539753965,167.51378153621621,62527400
2022-02-16,169.0618133544922,169.83583650795123,166.612352178537,168.37596721528965,61177400
2022-02-17,165.4660186767578,168.43476465088062,165.06430342539218,167.57254946752525,69589300
2022-02-18,163.91793823242188,167.0924302194162,162.83037691642315,166.38699918366942,82772700
2022-02-22,160.99819946289062,163.32028399061443,158.87205389872815,161.64484588368407,91162800
2022-02-23,156.83413696289062,162.79121451131508,156.52059869701176,162.19354527351996,90009200
2022-02-24,159.45018005371094,159.55795697723642,148.9272861624803,149.49556312740296,141147500
2022-02-25,161.51747131347656,161.78200234869726,157.61791846840168,160.5278794584224,91974200
2022-02-28,161.78201293945312,162.07595128148682,159.14639022474867,159.76365924798694,95056600
2022-03-01,159.9008026123047,163.232078365881,158.69567205028895,161.3704791343853,83474400
2022-03-02,163.1929168701172,163.97674752234462,159.65589394659725,161.06678613054137,79724800
2022-03-03,162.8695831298828,165.49541352335572,162.203336805619,165.06430592514928,76678400
2022-03-04,159.87142944335938,162.2033212553789,158.82306783943153,161.16475211398938,83737200
2022-03-07,156.0796661376953,161.68403439715155,155.82491261205914,160.05758861933697,96418800
2022-03-08,154.25726318359375,159.58729287941838,152.65041731502816,155.60937048225745,131148300
2022-03-09,159.6558837890625,160.10659124427465,156.1874531828048,158.21559935544633,91454900
2022-03-10,155.31544494628906,157.14763719865718,152.82678391494153,156.9614757494235,105342000
2022-03-11,151.60202026367188,156.0600418102309,151.37667406119195,155.71711132575638,96970100
2022-03-14,147.57516479492188,151.00441119995835,147.06568752183824,148.38838787929845,108732100
2022-03-15,151.95477294921875,152.42508026860065,147.33999637401098,147.84947354452075,92964300
2022-03-16,156.36380004882812,156.76551526978483,151.33751588171134,153.87515407206308,102300200
2022-03-17,157.3729705810547,157.74529344907543,154.44342469949348,155.40360925613626,75615400
2022-03-18,160.6650848388672,161.15497717032517,156.53039236533564,157.2652308625226,123511700
2022-03-21,162.0367431640625,162.98713519470292,159.71464405141342,160.20453623420445,95811400
2022-03-22,165.40724182128906,165.99510360566663,161.57628048257416,162.1641422669517,81532000
2022-03-23,166.76913452148438,169.15000379737148,164.2608735199057,164.5940116285297,98062700
2022-03-24,170.55108642578125,170.61966356312797,166.76911784992285,167.60192566241446,90131400
2022-03-25,171.1879119873047,171.7365887965073,169.25773574401006,170.36489677350076,80546200
2022-03-28,172.0501708984375,172.1775327221898,168.52294058057433,168.6895021580393,90371900
2022-03-29,175.3422393798828,175.39121664425457,172.7751938429614,173.11812439551318,100589400
2022-03-30,174.17630004882812,175.979099995584,173.12792342578476,174.94053078604693,92633200
2022-03-31,171.0801544189453,174.4310152677539,170.87439311711938,174.24485383998842,103049300
2022-04-01,170.78622436523438,171.34470867552832,168.46414001265768,170.51188591642043,78751300
2022-04-04,174.83274841308594,174.8817406281064,170.9136104166494,171.0409871856376,76468400
2022-04-05,171.5210723876953,174.6955795536943,170.8940109049415,173.9117489626708,73401800
2022-04-06,168.35638427734375,170.11999949152553,166.69075350018778,168.87566890286308,89058800
2022-04-07,168.66012573242188,169.85546417791434,166.41642550623965,167.69994098041755,77594700
2022-04-08,166.6515350341797,168.30737316185164,165.77952746373003,168.30737316185164,76575500
2022-04-11,162.39930725097656,165.61299973690032,162.1543610861938,165.29947642014864,72246700
2022-04-12,164.27066040039062,166.435975608999,163.27127610008927,164.6233833916544,79265200
2022-04-13,166.9552764892578,167.58233798502656,163.39866884231074,164.00613046155772,70618900
2022-04-14,161.94857788085938,167.80770011623432,161.70363174912274,167.17083120352376,75329400
2022-04-18,161.73306274414062,163.23213209405864,160.26338573831293,160.6063014028095,69023900
2022-04-19,164.01589965820312,164.4274222551572,160.59646173132168,161.68402299396155,67723800
2022-04-20,163.8494110107422,165.46606493145603,162.74226433206772,165.34848058701238,67929800
2022-04-21,163.05572509765625,168.062424195949,162.55604041418727,165.4953937411617,87227800
2022-04-22,158.51931762695312,164.47640880332085,158.23518671810965,163.09492410815207,84882400
2022-04-25,159.5873260498047,159.87145701566283,155.25667975939896,157.8628955248933,96046400
2022-04-26,153.63021850585938,159.0582182667308,153.55183394880203,158.9700412464134,95623200
2022-04-27,153.40484619140625,156.5597381127117,152.2389003975014,152.7581849182673,88063200
2022-04-28,160.33192443847656,161.19413952588084,155.71713316880462,156.0306713643422,130216800
2022-04-29,154.4630126953125,162.84017274008735,154.0711048951049,158.5683119363977,131747600
2022-05-02,154.76675415039062,155.0312851805643,150.17156281104934,153.54202362072925,123055300
2022-05-03,156.2560577392578,157.46120366883235,153.1599494897431,154.9529423111533,88966500
2022-05-04,162.6638641357422,163.11455673679546,156.0405098303941,156.44222515548867,108256500
2022-05-05,153.60081481933594,160.76303686900772,151.8175999162394,160.5376906280676,130525300
2022-05-06,154.32691955566406,156.44636712680793,151.2851189689877,153.0807608024048,116124600
2022-05-09,149.20492553710938,152.90414437032265,148.6456356183626,152.02103374851995,131577900
2022-05-10,151.6089324951172,153.79707304983472,150.05859659800515,152.59997843272657,115366700
2022-05-11,143.7493438720703,152.53129738037643,143.07229678522884,150.6179132038416,142689800
2022-05-12,139.88330078125,143.45495579096956,136.19390367446763,140.08936442340104,182602000
2022-05-13,144.34788513183594,145.31930242919321,140.422988536555,141.8751960845671,113990900
2022-05-16,142.8073272705078,144.75016147394118,141.472862097978,142.817149092285,86643800
2022-05-17,146.4379119873047,146.9579596403424,143.92596533868675,146.06504198237434,78336300
2022-05-18,138.17599487304688,144.59319436014727,137.27325546059197,144.09277542323014,109742900
2022-05-19,134.7711181640625,139.0001910759216,134.03520018713232,137.25361360845713,136095600
2022-05-20,135.0066375732422,138.05824551298795,130.12014512321653,136.47847391127468,137426100
2022-05-23,140.4229736328125,140.57015125059797,135.0654837610607,135.20285452842407,117726300
2022-05-24,137.724609375,139.3043807072169,134.75150167714628,138.1661572066265,104132700
2022-05-25,137.88162231445312,139.12776621000188,135.742545873108,135.8308524536192,92482700
2022-05-26,141.08038330078125,141.62986633656274,134.56505664226245,134.81036263839988,90601500
2022-05-27,146.8303680419922,146.869610416665,142.5326018592053,142.6601657784012,90978500
2022-05-31,146.04539489746094,147.8312299883083,144.08294665114528,146.27108722583742,103718400
2022-06-01,145.9178009033203,148.89090788101987,144.907126593916,147.08544467274558,74286600
2022-06-02,148.3708953857422,148.429766433254,144.1025647736461,145.05435330119587,72348100
2022-06-03,142.65032958984375,145.1916957944632,141.74760543511636,144.1417790773301,88570300
2022-06-06,143.39610290527344,145.7804854788439,142.17937951644433,144.26939183778111,71598400
2022-06-07,145.9178009033203,146.20234922339836,141.39435849288608,141.6396644479589,67808200
2022-06-08,145.1819610595703,147.056088184553,144.69134888576738,145.79031536395144,53950200
2022-06-09,139.9617919921875,145.17208908244996,139.85385675234653,144.3184289860741,69473000
2022-06-10,134.5552978515625,138.11713200650152,134.48660496140988,137.64614851793758,91437900
2022-06-13,129.40382385253906,132.6614796951245,128.9720829038409,130.37522601482007,122207100
2022-06-14,130.26730346679688,131.3760914682962,129.01133784221852,130.63036655754385,84784300
2022-06-15,132.88719177246094,134.76133366612893,129.67859928442957,131.7685967366082,91533000
2022-06-16,127.61800384521484,129.90425779121338,126.61715107258264,129.60008071626916,108123900
2022-06-17,129.08985900878906,130.58132405033675,127.3727165836019,127.62784446904057,134520300
2022-06-21,133.31887817382812,134.48653693745408,130.81676936295835,130.91488276345638,81000500
2022-06-22,132.8086700439453,135.17340842764006,131.3957051346055,132.25917204519908,73409200
2022-06-23,135.67384338378906,135.98782727058793,133.08341268546732,134.2510716127321,72433800
2022-06-24,139.00022888183594,139.24553494086544,137.14571567446453,137.2732646440002,89116800
2022-06-27,139.00022888183594,140.79587103060723,138.3231817633475,140.02069549958952,70207900
2022-06-28,134.8594207763672,140.72713574825013,134.74167869464102,139.46136345282662,67083400
2022-06-29,136.61582946777344,138.02879459026983,134.1038981265762,134.87907356263912,66242400
2022-06-30,134.1529541015625,135.77196780465343,131.2583461315228,134.67300165333307,98964500
2022-07-01,136.32144165039062,136.42937688810812,133.11284998534265,133.48570492012948,71051600
2022-07-05,138.90208435058594,138.951148551157,134.35901187342057,135.18325151505502,73353800
2022-07-06,140.23655700683594,141.41402301996357,138.4311081218874,138.69604284083624,74064300
2022-07-07,143.60215759277344,143.79839942455877,140.58979232323185,140.5995991745189,66253700
2022-07-08,144.27919006347656,144.7796239540416,142.2774994180926,142.5326123028861,64547800
2022-07-11,142.14993286132812,143.88670373849325,141.08040216848238,142.93491514840724,63141600
2022-07-12,143.12136840820312,145.6627355993454,142.32657916846543,143.02323999517395,77588800
2022-07-13,142.75830078125,143.7002675399076,139.45156535802397,140.3052405126538,71185600
2022-07-14,145.6823272705078,146.15331059436355,140.56033683517074,141.37475454509644,78140700
2022-07-15,147.3503875732422,148.02743444283934,145.41737534090672,146.96771086072485,76259900
2022-07-18,144.3086395263672,148.7241480973096,143.9455764182645,147.9097302753274,81420900
2022-07-19,148.16481018066406,148.39048748737392,144.15160798832517,145.1426387458673,82982400
2022-07-20,150.1665496826172,150.83378994510406,147.54668278325192,148.28260095629702,64823400
2022-07-21,152.4331512451172,152.64902171844827,149.0871738807754,151.59910487340264,65086600
2022-07-22,151.1968231201172,153.34570636779952,150.5295978961148,152.47241748797757,66675400
2022-07-25,150.0782012939453,152.1289557716175,149.4207830391442,151.11829629325123,53623900
2022-07-26,148.75357055664062,150.21558479499407,147.96858832963514,149.4011670445513,55138700
2022-07-27,153.84613037109375,154.37599980512033,149.30307266450654,149.7151850174758,78620700
2022-07-28,154.39559936523438,154.68014773185416,151.5107984661639,154.03253631118739,81378700
2022-07-29,159.45872497558594,160.55770616166393,156.50524578988953,158.21258113398608,101786900
2022-08-01,158.47747802734375,160.51842568191043,157.8691239569894,157.9868660422736,67829400
2022-08-02,157.0056610107422,159.36060780651525,156.63280603827062,157.0939825576486,59907000
2022-08-03,163.01077270507812,163.46212742924678,157.73178199101062,157.82008857109244,82507500
2022-08-04,162.69677734375,164.05087149041262,161.3426831970874,162.8930191834261,55474100
2022-08-05,162.4707794189453,162.96207295817032,160.1616937873522,160.36804367078585,56697000
2022-08-08,161.99911499023438,164.88792318870864,161.34078349494277,163.47299550022427,60276900
2022-08-09,162.04824829101562,162.93258559805665,160.40732977942574,161.16392597706255,63135500
2022-08-10,166.29302978515625,166.3912794896035,163.99376480339055,164.76018146628317,70170500
2022-08-11,165.5560760498047,168.01254335724568,165.26129697429445,167.0987297224726,57149200
2022-08-12,169.10324096679688,169.1720142653812,166.45024387983412,166.86294364369544,68039400
2022-08-15,170.1742706298828,170.37078506094434,168.36631387517275,168.53335189122956,54091700
2022-08-16,170.0170440673828,170.6852110892498,168.67090454328755,169.77139729331643,56377100
2022-08-17,171.5105743408203,173.08270464114312,169.5650561598673,169.76157057327157,79542000
2022-08-18,171.11752319335938,171.85446345688476,170.10545976423154,170.72449438338106,62290100
2022-08-19,168.53335571289062,170.71470043124475,168.3270058100883,170.01705694310306,70346300
2022-08-22,164.65211486816406,166.90223255698254,164.22959465128477,166.73519456201245,69026800
2022-08-23,164.3180694580078,165.77230945240632,163.74816702665038,164.17068736071377,54147100
2022-08-24,164.61280822753906,165.1827105189657,163.35509799580043,164.40647334198977,53841500
2022-08-25,167.0692901611328,167.17737534622174,165.41855096314578,165.841056236527,51218200
2022-08-26,160.77088928222656,168.0715189036816,160.71193645776907,167.59988131493301,78961000
2022-08-29,158.5699005126953,160.06342201093398,157.03706713692557,158.34389469961232,73314000
2022-08-30,156.1428985595703,159.72933499269527,154.9736176696823,159.30682979347176,77906200
2022-08-31,154.4823455810547,157.78383884788298,154.40373681361956,157.5185361319256,87991100
2022-09-01,155.20945739746094,155.66143904544523,151.97673759886456,153.91243529158203,74229900
2022-09-02,153.0968780517578,157.56765189981036,152.2715085702032,156.9682732301626,76957800
2022-09-06,151.83917236328125,154.35459275815265,151.0138028574181,153.7453935980758,73714800
2022-09-07,153.24427795410156,153.9419063408882,150.93519246411637,152.1241293530868,87449600
2022-09-08,151.77041625976562,153.63732582875608,150.0213973567108,151.94727474830393,84923800
2022-09-09,154.62974548339844,155.07192172535514,152.0553717736149,152.76283576903634,68028800
2022-09-12,160.58419799804688,161.39974706706778,156.52612358553827,156.81106723949068,104956000
2022-09-13,151.16122436523438,157.74455617782215,150.6994071417173,157.11570091498285,122656600
2022-09-14,152.6055908203125,154.3644300184662,150.9351958505273,152.0946413613245,87965400
2022-09-15,149.71678161621094,152.5368165999088,148.74403004784534,151.9570788549336,90481100
2022-09-16,148.07586669921875,148.71455728301882,145.78643705402317,148.57699569456918,162278800
2022-09-19,151.7900390625,151.8686478234834,146.50373107588743,146.71006595451675,81474200
2022-09-20,154.16790771484375,155.3273682721185,150.41443284470995,150.7288529156578,107689800
2022-09-21,151.0432891845703,155.97588059110078,150.92538353116046,154.60024966459952,101696800
2022-09-22,150.08035278320312,151.7802241971407,148.28221666613402,149.72662084225365,86652500
2022-09-23,147.81057739257812,148.83247642204518,145.97314422465584,148.55735322020942,96029900
2022-09-26,148.14466857910156,151.0924300246352,147.03434030349507,147.0539962445305,93339400
2022-09-27,149.11741638183594,152.02588086273627,147.33893608818533,150.08036255735442,84442700
2022-09-28,147.23086547851562,148.016938253305,142.3179293774459,145.06917659266318,146691400
2022-09-29,139.9989776611328,144.16515152497595,138.2303182381293,143.55595244325275,128138200
2022-09-30,135.79351806640625,140.60820327947016,135.59700366840286,138.8198877735382,124925300
2022-10-03,139.96951293945312,140.57872706512543,135.2924042908768,135.80335372086685,114311700
2022-10-04,143.55593872070312,143.6738443399373,141.74796759829826,142.50456363891553,87830100
2022-10-05,143.8507537841797,144.81369999304195,140.51978392175167,141.5613389023429,79471000
2022-10-06,142.8976287841797,144.97088807825529,142.69129389793306,143.27101666436323,68402200
2022-10-07,137.65060424804688,140.60820060654387,137.02174919053795,140.05793931227225,85925600
2022-10-10,137.974853515625,139.4192574875598,136.15707670936632,137.974853515625,74899000
2022-10-11,136.5599365234375,138.88867789955424,135.8131758038938,137.4639147607023,77033700
2022-10-12,135.9311065673828,137.91593686444165,135.7542480720767,136.70735883391194,70433700
2022-10-13,140.5001220703125,141.08966528093347,132.0302118420066,132.63942598399592,113224000
2022-10-14,135.9704132080078,142.00349764686453,135.78371925254498,141.79714775053986,88598000
2022-10-17,139.93020629882812,140.41166429206842,137.82747089841786,138.6135434297954,85250900
2022-10-18,141.24691772460938,144.14554712451348,138.1615943476007,142.95662494362372,99136600
2022-10-19,141.35498046875,142.42599680685538,139.03607431855443,139.22276826600364,61758300
2022-10-20,140.89315795898438,143.34962560942563,140.16603813694184,140.52960554450746,64522000
2022-10-21,144.70558166503906,145.27548388473534,140.16601984417193,140.3821901686459,86548600
2022-10-24,146.84764099121094,147.61405773965313,143.45771845108737,144.62699951406933,75981900
2022-10-25,149.6873016357422,149.83469868322362,146.75919654145045,147.47648086131204,74732300
2022-10-26,146.74935913085938,149.3433879403945,145.46215770101213,148.3313246354716,88194300
2022-10-27,142.2786102294922,146.45460526216635,141.6202786941001,145.49167413504986,109180200
2022-10-28,153.02810668945312,154.75745443354808,145.24601935139384,145.6193922207591,164762400
2022-10-31,150.6698760986328,151.55421333060897,149.27460445858512,150.4930176480896,97943200
2022-11-01,148.0267333984375,152.74315424703352,146.5332118743015,152.3796018355527,80379300
2022-11-02,142.5045928955078,149.5202635488904,142.47511648464766,146.35633217647393,93604600
2022-11-03,136.46170043945312,140.31344004952294,136.33395931941936,139.58632020230726,97918500
2022-11-04,136.19595336914062,140.41823769444377,132.25908536615194,139.84739003185524,140814800
2022-11-07,136.72743225097656,136.95379796987663,133.52872680415337,134.94600177423487,83374600
2022-11-08,137.29827880859375,139.19781051108808,135.32000793975288,138.19391993058036,89908500
2022-11-09,132.74136352539062,136.36329048249235,132.4657839221066,136.31407662091405,74917800
2022-11-10,144.55197143554688,144.55197143554688,137.29829567413785,139.01083896213112,118854000
2022-11-11,147.33729553222656,147.64240042758996,142.09141663457416,143.51854343102002,93979700
2022-11-14,145.939697265625,147.90813128864986,145.10310679865555,146.61880940644215,73374100
2022-11-15,147.67193603515625,151.1659099557232,146.21529884381314,149.8175372526668,89868300
2022-11-16,146.44166564941406,147.5046219917799,144.96533989912186,146.7763108997982,64218300
2022-11-17,148.3411865234375,149.0891860323431,143.8433076526517,144.11888720950952,80389400
2022-11-18,148.90220642089844,150.28995621048665,147.6030475887024,149.90611212166033,74829600
2022-11-21,145.67398071289062,147.99673387925796,145.38856433603218,147.79005667966175,58724100
2022-11-22,147.80970764160156,148.04592513732047,144.6110022662971,145.7920747269315,51804100
2022-11-23,148.68568420410156,149.4336837921187,146.98297781162248,147.09124229312135,58301400
2022-11-25,145.7723846435547,146.5302359602774,144.79800437919693,145.96922504559745,35195900
2022-11-28,141.94375610351562,144.3255590917021,141.11701754919451,142.84923380843264,69246000
2022-11-29,138.94192504882812,142.52447466230237,138.13487484288268,142.01267756953146,83763800
2022-11-30,145.6936492919922,146.37276146207836,138.33170993361605,139.16828541868128,111380900
2022-12-01,145.96922302246094,146.7762881829984,144.29605710134743,145.87081033178356,71250400
2022-12-02,145.47711181640625,145.66411544857186,143.35119950014382,143.65631938407483,65447400
2022-12-05,144.3157501220703,148.53803463745106,143.46932286260514,145.4377569527139,68826400
2022-12-06,140.6544647216797,144.97517704731527,139.68008441838234,144.74881132681773,64727200
2022-12-07,138.71554565429688,141.10718574311466,137.7903792762826,139.9458168978351,69721100
2022-12-08,140.39852905273438,141.25480793302907,138.8730049343077,140.11311277127444,62128300
2022-12-09,139.91629028320312,143.27247380855323,138.67616726979998,140.09344213199822,76097000
2022-12-12,142.2095184326172,142.21935519606154,138.8336463442299,140.44776160871248,70462700
2022-12-13,143.174072265625,147.60304951034107,141.96348935709867,147.14046624112265,93886200
2022-12-14,140.94970703125,144.34525228867759,138.93205940879196,143.05593056925082,82291200
2022-12-15,134.34559631347656,139.56194847795751,133.8830132053196,138.88283646734595,98931900
2022-12-16,132.38705444335938,135.47749595050237,131.61936620399007,134.53265581803083,160156900
2022-12-19,130.28077697753906,133.06611240851234,129.24736132043492,132.9775364981246,79592600
2022-12-20,130.2119140625,131.14691722297425,127.83994745250583,129.31627297471567,77432800
2022-12-21,133.31222534179688,134.65076142091874,130.6548417338536,130.8812074994361,85928000
2022-12-22,130.1430206298828,132.43624823454394,128.24348886904642,132.22957105725172,77852100
2022-12-23,129.77886962890625,130.3300288114699,127.5939064280565,128.85370313619094,63814900
2022-12-27,127.97772979736328,129.33595400462013,126.68840798575984,129.30642869732836,69007800
2022-12-28,124.05070495605469,128.96194542125178,123.88338987714543,127.62340977201893,85438400
2022-12-29,127.56437683105469,128.4206408882066,125.71405141675788,125.969942452078,75703700
2022-12-30,127.87930297851562,127.89899152283257,125.41876807644428,126.38330400552722,77034200
2023-01-03,123.09602355957031,128.8340031338152,122.21022673136561,128.22379338136977,112117500
2023-01-04,124.36565399169922,126.62935597280962,123.10585750129947,124.88728777203856,89113600
2023-01-05,123.04679870605469,125.7533952948206,122.79090770776376,125.12349705306252,80962700
2023-01-06,127.57420349121094,128.23362708296847,122.91886125861728,124.02118700839063,87754700
2023-01-09,128.09585571289062,131.30441322455866,127.83996466106093,128.4108124086458,70790800
2023-01-10,128.66665649414062,129.18829019036005,126.09785007666395,128.20407340232998,63896200
2023-01-11,131.3831329345703,131.4028064616691,128.40095662151043,129.1784814447806,69458900
2023-01-12,131.30442810058594,132.14100375978632,129.3655188993163,131.7670114136582,71379600
2023-01-13,132.63308715820312,132.79056549396478,129.58202324711493,129.94617875784812,57809700
2023-01-17,133.79449462890625,135.12317889828967,132.0130638191195,132.70201288672166,63646600
2023-01-18,133.07598876953125,136.42232060237055,132.8988218980733,134.6605787592018,69672800
2023-01-19,133.13504028320312,134.0995687562006,131.65871475561192,131.96381962844052,58280400
2023-01-20,135.69400024414062,135.84164181281548,132.10161400912494,133.14488168206822,80223600
2023-01-23,138.88284301757812,141.05796890647485,135.7235002594527,135.9400291721196,81760300
2023-01-24,140.28045654296875,140.90051809732327,138.0856567013407,138.0954934654877,66435100
2023-01-25,139.62103271484375,140.18202862963406,136.61916767862735,138.6663409653264,65799300
2023-01-26,141.68789672851562,141.9733130723702,139.66039693887691,140.91035682918778,54105100
2023-01-27,143.6267852783203,144.9062704324847,140.82177572822627,140.90051489349364,70555800
2023-01-30,140.74301147460938,143.25276748002082,140.59538495227355,142.67208313488993,64015300
2023-01-31,142.0126495361328,142.0618633846007,140.03437897857034,140.4477482733763,65874500
2023-02-01,143.1346893310547,144.29607334830789,139.08957136310852,141.69774073810188,77663600
2023-02-02,148.4396209716797,148.79392468833726,145.83143680858885,146.54991104174482,118339000
2023-02-03,152.0615234375,154.8960731461596,145.4967979818679,145.69363837431163,154357300
2023-02-06,149.33523559570312,150.68362304726807,148.40023248441526,150.16198925829823,69858300
2023-02-07,152.20913696289062,152.77998456473935,148.26243261630023,148.26243261630023,83322600
2023-02-08,149.5222625732422,152.14028370808583,148.7840997356859,151.45133472995892,64120100
2023-02-09,148.4888153076172,151.89421276586904,148.04592065726195,151.35289040745275,56007100
2023-02-10,148.85353088378906,149.17882019931434,147.08909918660703,147.32567733632254,57450700
2023-02-13,151.65296936035156,152.05710297296255,148.7648030561656,148.79437344145694,62199000
2023-02-14,151.01226806640625,151.5741355635304,148.7056873791277,149.9476888936107,61707600
2023-02-15,153.1118621826172,153.279432747917,150.696851620169,150.923562968411,65573800
2023-02-16,151.51498413085938,154.09756497312395,151.16012443154224,151.3178281549916,68167900
2023-02-17,150.37155151367188,150.81512239489066,148.69583093968438,150.17441057100683,59144100
2023-02-21,146.3596649169922,149.1394018439348,146.29067235544917,148.05510409777494,58867200
2023-02-22,146.7835235595703,147.80866542554767,145.0585140913541,146.74408634882758,51011300
2023-02-23,147.26654052734375,148.19311959888688,145.13739706863274,147.946689634791,48394200
2023-02-24,144.6149444580078,145.0880857046954,143.6390765358812,145.0092263234326,55469600
2023-02-27,145.8076629638672,147.039812645864,145.34437348016522,145.60067024018994,44998500
2023-02-28,145.30496215820312,146.95111245136155,144.73324285815977,144.9501024216552,50547000
2023-03-01,143.2349395751953,145.1275197577975,142.93922063146897,144.73323786008925,55479000
2023-03-02,143.8263702392578,144.61494903595985,141.84506394442167,142.31822024697658,52238100
2023-03-03,148.8732452392578,148.95210462024477,145.2260853537234,145.9259379185379,70732300
2023-03-06,151.63328552246094,154.0680147422593,151.26857399298945,151.59384830577196,87558000
2023-03-07,149.4351043701172,151.83039589059405,148.9718149331636,151.50510660246357,56182000
2023-03-08,150.68698120117188,151.278419098267,149.66183922588297,150.62784041964048,47204800
2023-03-09,148.43954467773438,152.33313497413033,148.08468493947933,151.3671337581158,53833600
2023-03-10,146.37936401367188,148.7845223003039,145.50207415084836,148.06495118697146,68572400
2023-03-13,148.32127380371094,150.95314411845015,145.59082548311505,145.69925527320058,84457100
2023-03-14,150.4109649658203,151.2093955139033,147.95653254628945,149.11967456920323,73695900
2023-03-15,150.80528259277344,151.06156433450928,147.77911548729296,149.03098388604963,77167900
2023-03-16,153.62442016601562,154.22570978036399,149.47453364061312,149.98711209240733,76161100
2023-03-17,152.78656005859375,154.50171782493953,152.07684064085686,153.8511391851991,98944600
2023-03-20,155.15228271484375,155.5662982460434,151.94869352566715,152.85556893212473,73641400
2023-03-21,157.00546264648438,157.1237442200261,154.3045847371103,155.0734600878072,73938300
2023-03-22,155.57615661621094,159.82460651427928,155.5564380089166,157.0251659140942,75701800
2023-03-23,156.66041564941406,159.2430113419942,155.4282660956086,156.5618527096425,67622100
2023-03-24,157.96160888671875,158.0503200650471,155.5958872192805,156.5914588714899,59196500
2023-03-27,156.0197296142578,158.47417734472043,155.61558088418133,157.6560281012329,52390300
2023-03-28,155.39869689941406,156.22671283698608,153.75254688783264,155.71413440722972,45992200
2023-03-29,158.4741668701172,158.75016719414856,157.074446643704,157.09415020907082,51305700
2023-03-30,160.0414581298828,160.1498879032855,158.96702721945866,159.22330893800608,49501700
2023-03-31,162.545166015625,162.64374399803975,159.59787385661696,160.1203040734608,68749800
2023-04-03,163.79702758789062,163.91530912930577,161.87487733545584,161.92416632467473,56976200
2023-04-04,163.2647705078125,164.45748300799937,162.75219201536794,164.22091988909426,46278300
2023-04-05,161.42147827148438,162.69306530915642,159.48947577581393,162.38749456021097,51511700
2023-04-06,162.30860900878906,162.60432792623257,159.68659100348637,160.1104432538072,45390100
2023-04-10,159.71617126464844,159.71617126464844,157.7940207437735,159.11488161033475,47716900
2023-04-11,158.5037078857422,160.04142798920654,158.21784079111364,160.0315762083488,47644200
2023-04-12,157.81373596191406,159.7457382241708,157.49829842634344,158.9177372546322,50133100
2023-04-13,163.19573974609375,163.43231787231758,159.11486107428212,159.32186881483895,68445600
2023-04-14,162.85076904296875,163.94491858408577,161.48061917083933,162.23961256067847,49386500
2023-04-17,162.8704833984375,163.02820218114718,161.6876226098968,162.73248322378927,41516200
2023-04-18,164.09274291992188,165.01932174992547,163.28444562876558,163.72803148121778,49923000
2023-04-19,165.23622131347656,165.75865162452376,163.1760554202755,163.43235220441335,47720200
2023-04-20,164.2701873779297,165.47276665465435,163.1957564794937,163.71818673436218,52456400
2023-04-21,162.6634979248047,164.07307012591417,162.141067594516,162.6930683177726,58337300
2023-04-24,162.9690399169922,163.23518844762253,161.5496011414824,162.64375061086378,41949600
2023-04-25,161.43133544921875,163.93505711689548,161.3918982344198,162.83105575677226,48714100
2023-04-26,161.42147827148438,162.91977666468185,160.47519563222698,160.73147738017352,45498800
2023-04-27,166.00509643554688,166.15294840816836,162.83107706887154,162.83107706887154,64902300
2023-04-28,167.25689697265625,167.42448254310634,165.48261369922477,166.08390326571939,55275900
2023-05-01,167.16822814941406,168.01594783420873,166.23179728666088,166.8626573980738,52472900
2023-05-02,166.13320922851562,167.91737470896658,165.1474894240389,167.66107793363267,48425700
2023-05-03,165.0587615966797,168.47921017635485,164.77290950021637,167.07949000013943,65136000
2023-05-04,163.42247009277344,164.65461977543495,161.96360907995128,162.535328337613,81235400
2023-05-05,171.09136962890625,171.81094077356033,168.32148473339686,168.5383442631647,113453200
2023-05-08,171.02236938476562,171.3673772990156,169.65221959190652,170.01693107088172,55962800
2023-05-09,169.31707763671875,171.06179068201072,169.14950709207488,170.57879765359286,45326900
2023-05-10,171.08151245117188,171.54480192353225,169.44521410372417,170.5492304195713,53724500
2023-05-11,171.26878356933594,172.0967844383617,169.71134476851833,171.36736154745756,49514700
2023-05-12,170.34095764160156,171.8117019924622,168.79122976444327,171.3773829679925,45533100
2023-05-15,169.847412109375,170.97268634600138,169.2551561693846,170.92332917405315,37266700
2023-05-16,169.847412109375,170.903583292935,169.58089543020992,169.76844364659667,42110300
2023-05-17,170.45941162109375,170.69630196545663,168.21872838992437,169.4920742376562,57951600
2023-05-18,172.78892517089844,172.97647339745131,170.35082834910114,170.76540150488879,65496700
2023-05-19,172.8975067138672,174.11161490131875,172.68034719263906,174.11161490131875,55809500
2023-05-22,171.94989013671875,172.45331220735133,171.2095777379714,171.73273062815065,43570900
2023-05-23,169.343994140625,171.140492823502,169.06761204505847,170.89372201948225,50747300
2023-05-24,169.62037658691406,170.19288666082696,168.317434571077,168.88006417332414,45143500
2023-05-25,170.75555419921875,171.6537886011476,169.47234283142473,170.1830440486123,56058300
2023-05-26,173.1639862060547,173.49960591702484,170.87396117733175,171.08125526170468,54835000
2023-05-30,175.00987243652344,176.6780456265802,174.28930584342234,174.6742677286896,55964400
2023-05-31,174.9604949951172,177.03337571367211,174.4768188110026,175.03946345752533,99625300
2023-06-01,177.76380920410156,177.79342049505456,174.64462268903534,175.40468096744894,68901800
2023-06-02,178.61270141601562,179.43198227661338,176.94452840385708,178.69166987914852,61996900
2023-06-05,177.2604217529297,182.5610542820425,175.7403050283916,180.27102884609,121946500
2023-06-06,176.89520263671875,177.79343698174293,175.13818052764557,177.64538051324874,64848400
2023-06-07,175.52313232421875,178.8693435880805,175.0295907510138,176.13511905525095,61944600
2023-06-08,178.2376251220703,178.50412674833163,175.1677956906412,175.60209965770608,50214900
2023-06-09,178.62258911132812,179.87617397731293,178.2968498358667,179.1556074319137,48900000
2023-06-12,181.41603088378906,181.51474523727245,178.63246384356634,178.92859184232086,54274900
2023-06-13,180.9422149658203,181.7713612206094,180.08345742062403,180.4388079672042,54929100
2023-06-14,181.57394409179688,182.00826309164242,179.668880824476,181.00143405215442,57462900
2023-06-15,183.60731506347656,184.11073706491703,181.406124051015,181.58380683437406,65433200
2023-06-16,182.53143310546875,184.57470266619666,181.88983501651188,184.31805138125782,101256200
2023-06-20,182.62025451660156,183.69618663444365,182.02801364300083,182.02801364300083,49799100
2023-06-21,181.5838165283203,183.01508403325016,180.2315024183292,182.51166200493424,49515700
2023-06-22,184.5845489501953,184.63390612000734,181.29756025506936,181.3666633051449,51245300
2023-06-23,184.2687225341797,185.13736074899538,182.62029505775254,183.15332853018853,53117000
2023-06-26,182.87692260742188,185.62101290744985,182.83743084186574,184.41677010681076,48088700
2023-06-27,185.630859375,185.9565986299679,183.27173119056016,183.48889069387212,50730800
2023-06-28,186.80548095703125,187.4470789620611,185.17679982937508,185.5025240055518,51216800
2023-06-29,187.14109802246094,187.61490879718235,186.49949997485513,186.63769101872532,46347300
2023-06-30,191.4645233154297,191.96793030893548,188.7895213028153,189.15475231695294,85213200
2023-07-03,189.9740447998047,191.37570117698604,189.28307449044232,191.27698682945007,31458200
2023-07-05,188.858642578125,190.48732393792235,188.15780683402295,189.09554798353173,46920300
2023-07-06,189.33242797851562,189.53972207962792,186.756140199604,187.3878728511301,45094300
2023-07-07,188.21702575683594,190.1813268348204,187.78272178125238,188.93760736945495,46815000
2023-07-10,186.17373657226562,187.53591601497686,184.62400893826026,186.8153345366687,59922200
2023-07-11,185.6505889892578,186.85483156149365,184.18971023636405,186.71664053164818,46638100
2023-07-12,187.3188018798828,189.2238654174545,186.0355905787657,187.22995293607858,60750200
2023-07-13,188.07879638671875,188.7204094016861,187.3286186962453,188.03931969214307,41342300
2023-07-14,188.22689819335938,188.71055932283986,187.18059240914323,187.77283329330808,41616200
2023-07-17,191.4842529296875,191.8099921548826,189.3324039740118,189.42123783678522,50520200
2023-07-18,191.22764587402344,191.81990188608006,189.93456914478574,190.8525644573039,48288200
2023-07-19,192.57992553710938,195.6694855056854,190.1615598085878,190.60575926840173,80507300
2023-07-20,190.63540649414062,193.93226116956544,190.01353918252775,192.57008136763105,59581200
2023-07-21,189.4607696533203,192.4516308259383,188.75993388819955,191.5928731808388,71951700
2023-07-24,190.26028442382812,192.3923877240068,189.76674282999198,190.9117629424984,45377800
2023-07-25,191.11904907226562,191.92846454581797,190.42809382758358,190.83280156435973,37283200
2023-07-26,191.98770141601562,193.11297577300414,190.82295035426253,191.1684204714641,47471900
2023-07-27,190.7241973876953,194.65278390019768,190.06285351948284,193.4880330742484,47460200
2023-07-28,193.30052185058594,194.09019149232068,191.63234868611636,192.15550162315532,48291400
2023-07-31,193.91249084472656,193.95198260711592,192.7378594315981,193.52752900074864,38824100
2023-08-01,193.0833282470703,194.1888565133771,192.75758901252786,193.7051954277144,35175100
2023-08-02,190.0924530029297,192.65885986117044,189.3718866034585,192.52066883850895,50389300
2023-08-03,188.70066833496094,189.8851650044284,188.22687267951244,189.095510599245,61235200
2023-08-04,179.63929748535156,184.95967593788856,179.57019442385428,183.12370037395337,115956800
2023-08-07,176.53982543945312,180.76454006954836,175.05920073091434,179.7774569305225,97576100
2023-08-08,177.47755432128906,177.94148460917899,175.2862285117603,177.36897457174686,67823000
2023-08-09,175.88833618164062,178.59293417746048,174.7235703168388,178.53371160261662,60378500
2023-08-10,175.6712188720703,178.41530928434332,175.30600286506225,177.1617092563292,54686900
2023-08-11,175.7305145263672,176.55090180538758,174.50488805624465,175.26597277471524,52036700
2023-08-14,177.3811492919922,177.60848075837384,175.2560457553654,175.90840396188517,43675600
2023-08-15,175.39442443847656,177.40090780634856,174.99906405268155,176.80786722765603,43622600
2023-08-16,174.5246124267578,176.4717779827851,174.45541607052797,175.07812294847426,46964900
2023-08-17,171.98440551757812,175.4537406821077,171.47042491030345,175.08803154260252,66062900
2023-08-18,172.46873474121094,173.07166917955516,169.96804315644715,170.30410101859755,61172200
2023-08-21,173.80307006835938,174.08971916130307,171.7274054668453,173.04200058882003,46311900
2023-08-22,175.17698669433594,175.62177093693052,174.2083431088137,175.00895776189057,42038900
2023-08-23,179.02194213867188,179.44696895877536,176.2642675025049,176.45206899868776,52722800
2023-08-24,174.3368377685547,179.0021629998802,173.97111355320405,178.57713623123834,54945800
2023-08-25,176.54098510742188,177.0747231196245,173.78331106065053,175.3252376314931,51449600
2023-08-28,178.10269165039062,178.49805204021447,176.48168992086147,178.0038440119186,43820700
2023-08-29,181.98716735839844,182.75813070921157,177.4206898063463,177.61837000977968,53003900
2023-08-30,185.4762725830078,185.67396786591692,182.5999932338842,182.79767343476072,60813900
2023-08-31,185.6937255859375,186.9292456956689,185.30824391498263,185.66407430986655,60794500
2023-09-01,187.26535034179688,187.7200133732383,186.09901131803056,187.29500162288934,45766500
2023-09-05,187.50254821777344,187.7793035443977,185.43676200045883,186.09899903788357,45280000
2023-09-06,180.7912139892578,186.66240873519862,179.36789222272253,186.21760937163043,81755800
2023-09-07,175.503173828125,176.1456533918577,171.52973657694065,173.15073850258275,112488800
2023-09-08,176.11598205566406,178.15213198996554,175.7305003611282,176.2840260730559,65551300
2023-09-11,177.28233337402344,178.21144703159865,175.2857283917044,177.9841155245434,58953100
2023-09-12,174.2577667236328,178.043402311121,172.79491507430095,177.4108165912451,90370200
2023-09-13,172.19198608398438,175.24618840249718,171.96463950783718,174.46533118918654,84267900
2023-09-14,173.7042694091797,174.06009984649242,171.5692867853032,171.98441978182902,60895800
2023-09-15,172.98269653320312,174.45544195430384,171.806494041059,174.43566940930017,109259500
2023-09-18,175.90843200683594,177.3021024660386,174.12927983360214,174.4356864419302,67257600
2023-09-19,176.99566650390625,177.54917706999674,175.07813698421282,175.46361863431386,51826900
2023-09-20,173.45713806152344,177.61836118650515,173.36816915467014,177.18345571133617,58436200
2023-09-21,171.9152069091797,174.25776334751873,171.846025624082,172.5280351536478,63149100
2023-09-22,172.76524353027344,175.0287248458324,172.03382526857388,172.6466384244914,56725400
2023-09-25,174.04029846191406,174.91998813589507,172.13264765845275,172.18207147695253,46172700
2023-09-26,169.96804809570312,173.1705067749598,169.67152023376326,172.7949188930673,64588900
2023-09-27,168.45574951171875,171.0355161486817,167.09174554279588,170.6203831944849,66921800
2023-09-28,168.7127685546875,170.03724268196555,165.6783234920371,167.37840061261642,56294400
2023-09-29,169.22674560546875,171.06520035560507,168.36681324873706,170.02736032081233,51861100
2023-10-02,171.73727416992188,172.28090596787308,168.94993390517055,169.23658298137698,52164500
2023-10-03,170.4029541015625,171.61871693838452,168.84126971126884,170.26457643095287,49594600
2023-10-04,171.6483612060547,172.19199313339385,168.98951921036945,169.10812432832188,53020300
2023-10-05,172.88388061523438,173.41761872545223,170.67970163713667,171.77684421895017,48527900
2023-10-06,175.4340057373047,175.92821386257307,171.17391902858174,171.78674735969838,57266700
2023-10-09,176.91659545898438,176.97589800927489,173.76354582426052,174.7618406122257,42390800
2023-10-10,176.32354736328125,177.6381425852869,175.88864186643335,176.03691333055846,43698000
2023-10-11,177.71722412109375,177.76664794425923,175.54271164011269,176.13575227199846,47551100
2023-10-12,178.61668395996094,180.227791982292,176.96601576479657,177.98409824545533,56743100
2023-10-13,176.77822875976562,179.82253713140665,176.07644667980117,179.31845034069394,51427100
2023-10-16,176.64971923828125,177.00554962273654,174.46531311220224,174.7025383958498,52517000
2023-10-17,175.09793090820312,176.35322375615226,172.77516179309222,174.60372278813253,57549400
2023-10-18,173.80307006835938,175.52291937992672,173.08153059369246,173.54608733160953,54764400
2023-10-19,173.427490234375,175.7799102245973,173.16061367257353,174.00075828264139,59302900
2023-10-20,170.87738037109375,173.38795063159753,170.64015507731645,173.2792242572037,64244000
2023-10-23,170.99600219726562,171.99429712738208,167.96155723103598,168.93021596381925,55980100
2023-10-24,171.43087768554688,171.65820914819068,169.46392436745393,171.04539603931104,43816600
2023-10-25,169.1179962158203,171.05528327402416,168.6731969171006,169.88895954662036,57157000
2023-10-26,164.9567413330078,169.3947344867521,163.75087263790635,168.39642470029793,70625300
2023-10-27,166.2713623046875,167.00279566914165,164.89746448966903,164.97653958977486,58499100
2023-10-30,168.3173828125,169.18719386762373,166.91383366211736,167.06210513671374,51131000
2023-10-31,168.79185485839844,168.92033872091713,165.95508983700142,167.38830552985596,44846000
2023-11-01,171.9547882080078,172.21177102139242,168.149379347375,169.01919053427076,56934900
2023-11-02,175.5130615234375,175.7206204672586,173.42750286114074,173.4868054165182,77334800
2023-11-03,174.6037139892578,174.77175801380423,171.34195262679097,172.2216424329047,79829200
2023-11-06,177.15382385253906,177.35150406781844,174.16881791314302,174.33684685023218,63841300
2023-11-07,179.71383666992188,180.32664987384885,176.89684453064555,177.10440348202485,70530000
2023-11-08,180.77142333984375,181.32493395317235,179.4864793691692,180.23768527185777,49340300
2023-11-09,180.29701232910156,181.9871956757889,179.70395654448856,180.84064428465763,53763500
2023-11-10,184.48350524902344,184.6517706680945,181.64301825007877,182.07849676599454,66133400
2023-11-13,182.8999481201172,184.11729742228064,182.31601793716675,183.9094650326421,43627500
2023-11-14,185.51280212402344,186.17591157835597,184.38452385663774,185.77012344749633,60108400
2023-11-15,186.07691955566406,187.55160515956638,185.84928859059917,185.91857611582427,53790500
2023-11-16,187.7594757080078,188.9966236513369,186.7103615664657,187.6209157424311,54412900
2023-11-17,187.7396697998047,188.42257785422723,186.63119011836693,188.29390964052354,50922700
2023-11-20,189.4815673828125,189.93684445013852,187.92771748948175,187.93760923589429,46505100
2023-11-21,188.6798858642578,189.55084275358138,187.78914548337832,189.44197314241592,38134500
2023-11-22,189.343017578125,190.94635649331246,188.8679569924961,189.52117473642568,39617700
2023-11-24,188.0167694091797,188.93720009481962,187.30417109040621,188.90750975669584,24048300
2023-11-27,187.83863830566406,188.70959528304604,186.95778958150402,187.96730652329646,40552600
2023-11-28,188.44236755371094,189.11538388382388,187.45264920500045,187.82874701011957,38415400
2023-11-29,187.42294311523438,190.11497800569174,187.02706184977393,188.93721085337887,43014200
2023-11-30,187.9969940185547,188.36320007044645,186.2550951920731,187.88812439803064,48794400
2023-12-01,189.27374267578125,189.5904446947665,187.28439912721964,188.37309535289532,45704800
2023-12-04,187.48231506347656,188.09595062883508,185.52267721747734,188.0266631045601,43389500
2023-12-05,191.43130493164062,192.40122460244103,188.22461231756913,188.25431775925796,66628400
2023-12-06,190.34263610839844,192.75753614335477,190.1347886146608,192.45072587794942,41089700
2023-12-07,192.27259826660156,192.9950884718347,191.59958189996593,191.63917909312914,47477700
2023-12-08,193.69778442382812,193.9749043529612,191.67875053796885,192.20330005396386,53406400
2023-12-11,191.1937713623047,191.5005967167582,189.4518726145205,191.12449893522992,60943700
2023-12-12,192.7080535888672,192.71794533501543,189.748790485074,191.09480795445688,52696900
2023-12-13,195.9246368408203,195.96421892707963,192.8466123940007,193.08413511536142,70404200
2023-12-14,196.07308959960938,197.56755876987646,194.14314196862804,195.9840185786185,66831600
2023-12-15,195.53863525390625,196.36008808380646,194.97448862167192,195.49903806818725,128538400
2023-12-18,193.8759307861328,194.6083278162061,192.39135323196817,194.07387143964067,55751900
2023-12-19,194.91513061523438,194.92502236186388,193.87592334681435,194.1431515248431,40714100
2023-12-20,192.82684326171875,195.64753172216422,192.82684326171875,194.87555255598716,52242800
2023-12-21,192.67835998535156,195.05369307239374,191.51049958819766,194.08377332368417,46482500
2023-12-22,191.60946655273438,193.40085423729087,190.98593919883143,193.17320815773428,37149600
2023-12-26,191.06512451171875,191.89648427525853,190.84738527337694,191.6193643540786,28919300
2023-12-27,191.16409301757812,191.5105004803971,189.12527563548673,190.5108903848591,48087700
2023-12-28,191.58966064453125,192.65855816674446,191.18387253758047,192.14390044821914,34049900
2023-12-29,190.5504608154297,192.40122918172025,189.758683164504,191.9063700376295,42672100
2024-01-02,183.73129272460938,186.50250680575422,181.99928581163158,185.2257618242656,82488700
2024-01-03,182.35560607910156,183.96885182302105,181.5440297827802,182.32591573673892,58414500
2024-01-04,180.0396728515625,181.2075332827541,179.02026413555495,180.277195595857,71983600
2024-01-05,179.31715393066406,180.88091065327836,178.31754388665928,180.1188384374096,62379700
2024-01-08,183.65211486816406,183.69171205497358,179.63386121540748,180.21779135468154,59144500
2024-01-09,183.23643493652344,183.24632668227045,180.8512103460259,182.0289774717032,42841800
2024-01-10,184.27566528320312,184.48349768333688,182.02900036017593,182.4545871112419,46792900
2024-01-11,183.6818389892578,185.12683453552387,181.73209248260326,184.6220684732307,49128400
2024-01-12,184.00839233398438,184.8199684469234,183.28590232990703,184.14695226766906,40477800
2024-01-16,181.7419891357422,182.3655014396163,179.06973745492456,180.28710192352952,65603000
2024-01-17,180.80174255371094,181.04917214343425,178.44622312883942,179.40625114511818,47317400
2024-01-18,186.69053649902344,187.19528731081454,183.91932270270127,184.1766439809261,78005800
2024-01-19,189.59043884277344,189.97642838325277,186.8786203129096,187.38337121910467,68903000
2024-01-22,191.89646911621094,193.3216657993532,190.28322355100102,190.32282073770045,60133900
2024-01-23,193.1732177734375,193.73736447446063,191.83710707958323,193.01487431695855,42355600
2024-01-24,192.5001983642578,194.36087349468033,192.3418398208385,193.41073733606618,53631300
2024-01-25,192.17359924316406,194.2520137003454,191.124500268323,193.21280647175473,54822100
2024-01-26,190.44158935546875,192.7575265029299,189.96652881027472,192.27257421163478,44594000
2024-01-29,189.7587127685547,190.2238816447227,187.63082415775594,190.0358327243265,47145600
2024-01-30,186.10665893554688,189.82801013757918,185.54252724705296,188.97685162880646,55859400
2024-01-31,182.50404357910156,185.17629499887522,182.45456974695213,185.11689921687164,55467800
2024-02-01,184.93875122070312,185.02782223798647,181.93001441121828,182.0982647000541,64885400
2024-02-02,183.93914794921875,185.40392677166545,177.4070012757119,178.01073002917815,102551700
2024-02-05,185.75033569335938,187.3042007769885,183.92925752426459,186.21550453356022,69668800
2024-02-06,187.35365295410156,187.3635446991359,184.84966718743948,184.93873819845098,43490800
2024-02-07,187.46253967285156,189.08567701882757,186.6707620426896,188.67988890685803,53439000
2024-02-08,186.3837432861328,187.5911856262693,185.42371540021887,187.44273393335544,40962000
2024-02-09,187.1468048095703,188.2765227675386,186.30446474496694,186.9485964735415,45155200
2024-02-12,185.46212768554688,186.96842336096995,185.1053738445565,186.72067805809255,41781900
2024-02-13,183.3711395263672,184.53060074172208,181.85493962465304,184.094566630165,56529500
2024-02-14,182.4891815185547,183.85674041023526,180.79461213824646,183.64864282656313,54630500
2024-02-15,182.20181274414062,182.82613576875198,179.71445525689393,181.8946109768474,65434500
2024-02-16,180.665771484375,183.18287207946292,180.0315441516518,181.76576116844507,49752500
2024-02-20,179.92254638671875,180.78469520216953,178.3766181157698,180.15046783149373,53665600
2024-02-21,180.6757049560547,181.24055639365764,179.03067248659073,180.2991272502037,41371400
2024-02-22,182.70721435546875,183.29190480468338,180.81445159653885,181.82524161821627,52292200
2024-02-23,180.8739013671875,183.3711632214272,180.58650833781007,183.34143499372246,45119700
2024-02-26,179.52615356445312,181.11171437415507,179.0207434868858,180.59641504961763,40867400
2024-02-27,180.98291015625,182.26126931281985,177.94059046680667,179.46671005654383,54318900
2024-02-28,179.78379821777344,181.46846314665845,178.50543918901624,180.86396404098633,48953900
2024-02-29,179.1198272705078,180.9234200646717,177.91082916305467,179.63514165757906,136682600
2024-03-01,178.03968811035156,178.90183692569335,175.78025215753124,177.93067957222544,73563100
2024-03-04,173.52081298828125,175.30456703921072,172.22261492332544,174.56133114426578,81510100
2024-03-05,168.5857391357422,170.48842147609815,168.09024847040442,169.21996658252752,95132400
2024-03-06,167.59475708007812,169.69564777442116,167.1587228770791,169.5172632726602,68587700
2024-03-07,167.47581481933594,169.1902079797121,166.97041987504164,167.62445594378354,71765100
2024-03-08,169.1902313232422,172.13344696276567,167.41638146834518,167.47583792632756,76267000
2024-03-11,171.19200134277344,172.8073055285168,170.49831753088682,171.3802901891083,60139500
2024-03-12,171.6676788330078,172.4604668624585,169.4676992338398,171.58839851794536,59825400
2024-03-13,169.5866241455078,171.62804307697533,169.21995080494636,171.21183277143888,52488700
2024-03-14,171.43975830078125,172.73794133442243,170.49832912625453,171.35057361629615,72913500
2024-03-15,171.06317138671875,171.06317138671875,168.75418335618096,169.62625165850892,121752700
2024-03-18,172.1532440185547,176.10726419166866,171.9550508157469,173.98656516716395,75604200
2024-03-19,174.49197387695312,175.01719271038215,171.46947815172825,172.76766112194616,55215200
2024-03-20,177.05862426757812,177.05862426757812,173.51090945491785,174.1352325028599,53423100
2024-03-21,169.82444763183594,175.8892630091755,169.29922879245808,175.45322885093574,106181300
2024-03-22,170.72625732421875,171.48931715990707,168.5262776263353,170.210942813777,71160100
2024-03-25,169.30914306640625,170.3893089389317,167.92176032191367,169.03166954174233,54288300
2024-03-26,168.179443359375,169.8740129173693,168.05061095138228,168.46682128354186,57388400
2024-03-27,171.74697875976562,172.03437182483108,168.57584140102637,168.87313883616537,60273300
2024-03-28,169.93345642089844,170.67669234048742,168.97220342186947,170.20102558587905,65672700
2024-04-01,168.49652099609375,169.70551918920845,167.95147834818596,169.64606274055888,46240500
2024-04-02,167.31724548339844,167.81273603395658,166.71274640687062,167.5550863912881,49329500
2024-04-03,168.1199493408203,169.14065873561202,167.05960735256843,167.26770493028647,47691700
2024-04-04,167.2974853515625,170.3695185848013,167.2974853515625,168.75421408193165,53704400
2024-04-05,168.0506134033203,168.85330584999502,167.4262903353845,168.06051777285862,42104800
2024-04-08,166.9307861328125,167.67402205960258,166.72268854116854,167.50555706407098,37425500
2024-04-09,168.13978576660156,168.5460917055098,166.83169838821917,167.17853275073267,42373800
2024-04-10,166.26681518554688,167.56499806522814,165.60285963338822,167.27762018668898,49709300
2024-04-11,173.4613494873047,173.87757491447604,166.64340884278624,166.8217782077108,91070300
2024-04-12,174.95773315429688,176.75140669942581,172.63884078505302,172.68837774790788,101670900
2024-04-15,171.13255310058594,175.0370216134587,170.94426424521788,173.77847120218846,73531800
2024-04-16,167.8524169921875,172.1929047923956,166.75242714722782,170.20103782824683,73711200
2024-04-17,166.48484802246094,169.11094225529814,166.48484802246094,168.08032842085646,50901200
2024-04-18,165.5334930419922,167.11906901091456,165.0479219314042,166.51456987389489,43122900
2024-04-19,163.5119171142578,164.89928490796945,162.60021611822233,164.71101115974596,68149400
2024-04-22,164.34432983398438,165.75152141981465,163.28398774037723,164.0272236912775,48116400
2024-04-23,165.39476013183594,165.54341638804536,163.43262154349364,163.85875133255257,49537800
2024-04-24,167.4956512451172,167.77312477902248,164.71099641624178,165.03800691456527,48251800
2024-04-25,168.35780334472656,169.07131105182287,166.63349053238153,168.0010494911784,50558300
2024-04-26,167.7731170654297,169.79471202253325,167.6541890412428,168.3478879652858,44838400
2024-04-29,171.93524169921875,174.44242297655094,171.53885525962073,171.80640930182136,68169400
2024-04-30,168.7938232421875,173.4117990890393,168.46679764398493,171.76676673002254,65934800
2024-05-01,167.7731170654297,171.15236652369296,167.58482822154218,168.05059058657778,50383100
2024-05-02,171.46946716308594,171.85594920671264,169.34876810707777,170.95415273119292,94214900
2024-05-03,181.72613525390625,185.31348231884328,181.01262758822543,184.9666328542693,163224100
2024-05-06,180.07119750976562,182.53873097916653,178.79282331517493,180.7054248623681,78569700
2024-05-07,180.75497436523438,183.23242749590466,179.68472791941784,181.79550770435065,77305800
2024-05-08,181.0919189453125,181.4189445721307,179.81354466582562,181.20092748758523,45057100
2024-05-09,182.9053955078125,182.99458018096053,180.46757526022824,180.9135137471405,48983000
2024-05-10,181.64515686035156,183.66949389545601,180.7322193628195,183.48094965782863,50759500
2024-05-13,184.85037231445312,185.6640864017181,183.20310853414878,184.01682262141375,72044800
2024-05-14,185.99154663085938,186.8548800445926,184.8602962551219,186.0709344816443,52393600
2024-05-15,188.2639617919922,189.1868170758504,185.93199122253947,186.46785537715886,70400000
2024-05-16,188.38304138183594,189.6333810173086,188.2044300863017,189.00821119957226,52845200
2024-05-17,188.4127960205078,189.34558420614056,187.7280891548122,188.05555831413108,41282900
2024-05-20,189.57382202148438,190.44707314635468,187.5594028379898,187.87695420764547,44361300
2024-05-21,190.873779296875,191.25085261805762,189.4547462309282,189.62343971650407,42309400
2024-05-22,189.4348907470703,191.34016861791716,188.80973611420333,190.79438668312676,34648500
2024-05-23,185.44577026367188,189.5341459487459,185.19768892080702,189.51429520164533,51005900
2024-05-24,188.52198791503906,189.11738925170476,186.5968740870629,187.37090188140232,36327000
2024-05-28,188.5319061279297,191.51880009814326,187.64873713728954,190.04022981736387,52280100
2024-05-29,188.82958984375,190.7745542503335,188.05557725890648,188.15481585355153,53068000
2024-05-30,189.82191467285156,190.70508365256933,189.16699143181853,189.29598343446253,49889100
2024-05-31,190.77455139160156,191.09210277636024,188.45251367186646,189.9707702687458,75158300
2024-06-03,192.5408935546875,193.49353258818425,191.04248767189634,191.41956102246726,50080500
2024-06-04,192.85842895507812,193.82098571162214,191.54855228534223,193.14619663099631,47471400
2024-06-05,194.36676025390625,195.38885414673365,193.3744349100596,193.90036613096368,54156800
2024-06-06,192.9874267578125,194.9919281725913,192.67980832687616,194.1881470745491,41181800
2024-06-07,195.37893676757812,195.42855606321456,192.65004206608782,193.1561225415401,53103900
2024-06-10,191.63784790039062,195.7857753291456,190.67529119421684,195.38883614317194,97010200
2024-06-11,205.56019592285156,205.57012886730556,192.14396771907968,192.1638033246204,172373300
2024-06-12,211.4347686767578,218.51003809526938,205.3121079690946,205.77850209290926,198134300
2024-06-13,212.5957794189453,215.08651049080893,209.97604121171418,213.09194207290335,97862700
2024-06-14,210.85923767089844,213.51866257545944,209.678367977573,212.2088008716011,70122700
2024-06-17,215.0071258544922,217.2696263789355,211.08744385812574,211.73244926121387,93728300
2024-06-18,212.6453857421875,216.95208913019513,211.36529274424583,215.9200623200828,79943300
2024-06-20,208.07077026367188,212.59578653831548,207.24715355520107,212.28815296354617,86172500
2024-06-21,205.8975830078125,210.26380829361358,205.52049454653314,208.77532033595196,241805100
2024-06-24,206.54258728027344,211.0675882243761,205.00448003735443,206.12581247138846,80727000
2024-06-25,207.46546936035156,209.75773850908567,207.0089930344414,207.54484206411715,55549700
2024-06-26,211.61337280273438,213.21101716086312,209.02340313251779,209.87680350658064,66213200
2024-06-27,212.45687866210938,214.08429174664712,210.72030917561003,213.04234702641065,49772700
2024-06-28,209.00355529785156,214.41174043740799,208.68601906723538,214.1140398112984,82542700
2024-07-01,215.08651733398438,215.84067914098924,210.29358412725625,210.46227761796723,60402900
2024-07-02,218.57952880859375,218.68868521261126,213.44920810314017,214.4911377013164,58046200
2024-07-03,219.84970092773438,219.84970092773438,217.34903661716913,218.31159349071294,37369800
2024-07-05,224.6029052734375,224.71206166235044,219.94889718329503,219.94889718329503,60412400
2024-07-08,226.07156372070312,226.1013322692385,221.53662969916704,225.34715532852172,59085900
2024-07-09,226.92495727539062,227.63943274976205,224.63268810415036,226.180713251394,48076100
2024-07-10,231.1919403076172,231.29117889263895,227.49057123987387,227.54019053238477,62627700
2024-07-11,225.82347106933594,230.6064710416972,224.0372825383305,229.61414576243664,64710600
2024-07-12,228.7706756591797,230.8545649156238,226.92494993371525,227.16311346469493,53046500
2024-07-15,232.60105895996094,235.409341553401,231.30111515749465,234.66509753137677,62631300
2024-07-16,233.01783752441406,234.4567062015191,230.54694204130521,233.19644881294397,43234300
2024-07-17,227.12344360351562,229.6836449661141,224.9006292447048,227.6890612108438,57345900
2024-07-18,222.45948791503906,228.67145424701283,220.56415801938329,228.51267855827928,66034600
2024-07-19,222.5885009765625,225.0593965950336,221.56640705838353,223.09459660515446,49151500
2024-07-22,222.24119567871094,226.03187070395737,221.3778623137636,225.26777593230437,48201800
2024-07-23,223.28314208984375,225.19833806517673,220.9710219946754,222.6480544130964,39960300
2024-07-24,216.86279296875,223.0747598557794,215.46362561910502,222.28089648286087,61777600
2024-07-25,215.8208465576172,219.15506035064124,212.97286249707204,217.24978234747041,51391200
2024-07-26,216.28726196289062,217.80551869158998,214.35221522008754,217.0215731059544,41601300
2024-07-29,216.56509399414062,217.61695646267233,214.0941983741811,215.29491873308154,36311800
2024-07-30,217.1207733154297,218.63902977566391,214.4613337033208,217.50777956722112,41643800
2024-07-31,220.3756103515625,222.10226187087767,218.93674165630796,219.7405227481965,50036300
2024-08-01,216.6841583251953,222.7571844619209,215.35444602521784,222.64802807062824,62501000
2024-08-02,218.17263793945312,223.86859053089324,216.03914463167754,217.46808032420208,105568600
2024-08-05,207.66392517089844,211.8614570593827,194.49576385779395,197.56204548052773,119548600
2024-08-06,205.63958740234375,208.37841518370308,199.52687447574846,203.72440665766518,69660500
2024-08-07,208.209716796875,212.00039184379946,204.80603289763474,205.31211338628992,63516400
2024-08-08,211.67291259765625,212.5560815310077,207.22729938249148,211.47445056104476,47161100
2024-08-09,214.5804443359375,215.11629337558463,210.3432107490655,210.47221789303094,42201600
2024-08-12,216.11038208007812,218.07745621052726,214.19298467780987,214.65991863613397,38028100
2024-08-13,219.82598876953125,220.44193777769505,217.58072790378117,217.58072790378117,44155300
2024-08-14,220.27304077148438,221.5744891931242,218.2662191901357,219.13055181670978,41960600
2024-08-15,223.25347900390625,223.8793724762866,221.30626328939533,223.13426697458056,46414000
2024-08-16,224.5747833251953,225.34969177239586,222.19043681447837,222.45867901826594,44340200
2024-08-19,224.4158477783203,224.515201244893,221.5844407323156,224.24695901251525,40687800
2024-08-20,225.0317840576172,225.68748051768907,223.97870407222223,224.29662301984854,30299000
2024-08-21,224.9224853515625,226.4921759358446,223.58130467937312,225.04171252806572,34765500
2024-08-22,223.06471252441406,226.84984597984075,222.43881906323927,226.30343225653021,43695300
2024-08-23,225.35963439941406,226.73063334528243,222.866020162344,224.187342377279,38677300
2024-08-26,225.6973876953125,225.7967411465175,222.4288653159012,225.2801304868265,30602200
2024-08-27,226.54188537597656,227.35654136968387,223.4223774795666,224.52513427640764,35934600
2024-08-28,225.01193237304688,228.35993491185639,224.20720569696516,226.43259292076607,38052200
2024-08-29,228.29037475585938,231.39995310375193,227.3863249726349,228.59836441740794,51906300
2024-08-30,227.5055389404297,228.89639643358683,225.99545426270925,228.68777538921813,52990800
2024-09-03,221.31619262695312,227.50553099413642,219.7266282681139,227.05847075546578,50190600
2024-09-04,219.40872192382812,220.33264539565292,216.06070449558098,220.2134333758585,43840200
2024-09-05,220.92872619628906,224.00848612752256,220.07433805346514,220.18362078658942,36615400
2024-09-06,219.37892150878906,223.7700744804958,218.33577084564575,222.4884846157397,48423000
2024-09-09,219.4683380126953,219.82598924771256,215.2957503769675,219.37892899374344,67180000
2024-09-10,218.67356872558594,220.03462329185413,215.3156216628219,217.49133220778626,51591000
2024-09-11,221.20692443847656,221.63411098197892,216.4680492147489,220.01475867053273,44587100
2024-09-12,221.31619262695312,222.09110108310472,218.38544755210194,221.04795042006705,37455600
2024-09-13,221.04795837402344,222.57790161811045,220.46181236980377,222.12091208096655,36766600
2024-09-16,214.90829467773438,215.80241517960704,212.52394807405793,215.126845002842,59357400
2024-09-17,215.37521362304688,215.48449636527135,213.10016491936787,214.34200737227792,45519300
2024-09-18,219.24977111816406,221.25659276615585,216.12031904206836,216.13026348358338,59894900
2024-09-19,227.37637329101562,228.32018565098164,223.16405353373213,223.52170475455895,66781300
2024-09-20,226.71075439453125,231.56884144729943,226.1345376792504,228.46920754640476,318679900
2024-09-23,224.99203491210938,227.95258288382507,224.336338501163,225.8563523524968,54146000
2024-09-24,225.8861541748047,227.8532433973514,224.2568575968381,227.15779954496355,43556100
2024-09-25,224.89268493652344,225.80667911779153,222.5580303354434,223.46208007568333,42308700
2024-09-26,226.0352020263672,227.00880227293717,223.9389713421174,225.81663654010723,36636700
2024-09-27,226.3034210205078,228.02214184296878,225.8166284941723,226.9690618971705,34026000
2024-09-30,231.4794158935547,231.4794158935547,228.15127230522148,228.53872651515564,54541900
2024-10-01,224.73374938964844,228.15128705136544,222.2798675150603,228.02214574584622,63285000
2024-10-02,225.30001831054688,225.8861642954019,221.56456176324298,224.41582711263038,32880600
2024-10-03,224.197265625,225.3298253274289,221.8626109260752,223.67072564154154,34044200
2024-10-04,225.3199005126953,226.5120662505933,222.66732681912907,226.41271278943105,37245100
2024-10-07,220.2432403564453,224.21713611955545,219.885589131397,223.0348997045567,39505400
2024-10-08,224.29660034179688,224.50522136577493,221.79304193960246,222.83619253711748,31855700
2024-10-09,228.04197692871094,228.25061310366664,223.36272366501296,223.760107134481,33591100
2024-10-10,227.54527282714844,228.00227752622936,225.68748134269669,226.29350107451606,28183500
2024-10-11,226.06500244140625,227.91286461183438,225.85636623992795,227.80358186995707,31759200
2024-10-14,229.79052734375,230.21771386522883,227.1081507143634,227.20748901369805,39882100
2024-10-15,232.3238983154297,235.9401430278398,230.85354589755886,232.08545910083197,64751400
2024-10-16,230.26739501953125,230.60517253033711,228.34005309673006,230.0885769817669,34082200
2024-10-17,230.6349639892578,232.3238817771462,229.01561181125544,231.90660939150177,32993800
2024-10-18,233.4663848876953,234.63867690560429,232.4828401919167,234.63867690560429,46431500
2024-10-21,234.9367218017578,235.30431748145634,232.9199708414818,232.9199708414818,36254500
2024-10-22,234.32077026367188,234.67842149785605,231.0820505913223,232.36362533760988,38846600
2024-10-23,229.2540283203125,233.6054487889833,226.2736066643371,232.552368896012,52287000
2024-10-24,229.06529235839844,229.31366084202813,226.91938502162782,228.4791312160334,31109500
2024-10-25,229.89981079101562,231.69799621804017,228.07182235817814,228.2407111108546,38802300
2024-10-28,231.87681579589844,233.19813797949908,231.032372026897,231.7973512193415,36087100
2024-10-29,232.14505004882812,232.80074647701065,230.80386934668286,231.57877779482254,35417200
2024-10-30,228.59835815429688,231.94636045913163,228.05194445904854,231.09197226998216,47070900
2024-10-31,224.43569946289062,228.330115454563,223.89921505082026,227.84330777090054,64370100
2024-11-01,221.4552764892578,223.87935529424118,218.83250593091054,219.5279346472888,65276700
2024-11-04,220.5611572265625,221.33606573362852,218.27617915451208,219.5478246614517,44944500
2024-11-05,221.9917449951172,222.4884819564664,219.6968226591573,220.35251908634842,28111300
2024-11-06,221.2665252685547,224.5946691536601,219.74651129717958,221.15724252476647,54561100
2024-11-07,225.9954376220703,226.39283627600352,223.1044401056504,223.16404611393824,42137700
2024-11-08,225.7269287109375,227.4176895436531,225.17991383614745,225.9357792784742,38328800
2024-11-11,223.01174926757812,224.47376393957063,220.29658566640109,223.77757009002366,42005600
2024-11-12,223.01174926757812,224.36436096493557,222.14648085284745,223.33001798502116,40398300
2024-11-13,223.89691162109375,225.4185978724207,221.54973296285615,222.79294167641658,48566200
2024-11-14,226.98008728027344,227.62654977508777,223.77758025105393,223.79747584076947,44923900
2024-11-15,223.77757263183594,225.68713943052106,223.0515429787679,225.16996034674554,47923700
2024-11-18,226.7811737060547,228.49183017609323,223.94665165924164,224.0262188410909,44633700
2024-11-19,227.0397491455078,228.90953992555222,225.4285554930197,225.74680903538962,36211800
2024-11-20,227.75584411621094,228.68078414631773,224.6627401240164,226.82094870348703,35169600
2024-11-21,227.2784423828125,228.9095315645878,224.48371169719937,227.63648708983084,42108300
2024-11-22,228.62110900878906,229.46649702017746,226.82094518602503,226.82094518602503,38168300
2024-11-25,231.6048126220703,231.98275293866183,228.49182822914253,230.20248468460477,90152800
2024-11-26,233.7829132080078,234.29015208323423,232.06231657216094,232.06231657216094,45986200
2024-11-27,233.65362548828125,234.4095061449918,232.53971526898803,233.19613315216662,33498400
2024-11-29,236.04058837890625,236.51797629056327,232.698842645531,233.5342752849028,28481400
2024-12-02,238.2882843017578,239.4817615684827,235.8714939748314,235.98089694287458,48137100
2024-12-03,241.33168029785156,241.441083276618,237.60205398884364,238.50711361537608,38861000
2024-12-04,241.68971252441406,242.78374225546824,239.9392801306149,241.55047375645148,44383900
2024-12-05,241.71954345703125,243.21139387343032,240.81449907142343,242.66439419479377,40033900
2024-12-06,241.52064514160156,243.3009285590703,240.76477968960373,241.5902721155965,36870600
2024-12-09,245.40940856933594,245.89675186527563,240.43657354260168,240.516140724136,44649200
2024-12-10,246.4238739013672,246.861485816723,244.0070681600661,245.54865007065558,36914800
2024-12-11,245.1508331298828,249.43741460876686,244.92207178593077,246.61284788068906,45205800
2024-12-12,246.61285400390625,247.388615093895,244.3452271532981,245.54865996903848,32777500
2024-12-13,246.7819061279297,247.9355922748061,244.90217516923994,246.47359279661413,33155300
2024-12-16,249.67608642578125,250.01425073054844,246.3045049916291,246.6426692963963,51694800
2024-12-17,252.1028289794922,252.45093348613432,248.42293425963442,248.72130738305802,51356400
2024-12-18,246.70233154296875,252.89847930582897,246.39401822090946,250.79000225751088,56774100
2024-12-19,248.43287658691406,250.6308762664829,245.7475488049507,246.15532490458142,60882300
2024-12-20,253.10736083984375,253.6145845456153,244.35516822034685,246.69239156062656,147495300
2024-12-23,253.8831329345703,254.2610580907384,252.07301363460223,253.38584941381717,40858800
2024-12-24,256.7972106933594,256.80713572411884,253.90300191480816,254.10192745486222,23234700
2024-12-26,257.6127014160156,258.6868506395932,256.2302692406472,256.7872242633273,27237100
2024-12-27,254.20138549804688,257.294504767908,251.68513210698922,256.4292059497028,42355300
2024-12-30,250.82980346679688,252.122743648892,249.38768429964367,250.8596392638085,35557500
2024-12-31,249.0594482421875,251.90391026277229,248.07482152033188,251.06847768562102,39480700
2025-01-02,242.52516174316406,247.74663833648884,240.50619200781614,247.57754859678104,55740700
2025-01-03,242.03781127929688,242.853348279154,240.57579666249651,242.03781127929688,40244100
2025-01-06,243.66891479492188,245.98625772407811,241.87869116125097,242.98266113735735,45045600
2025-01-07,240.89407348632812,244.215923537777,240.0387452815234,241.6598791297847,40856000
2025-01-08,241.38140869140625,242.38593107741448,238.74581220273618,240.6056476428208,37628900
2025-01-10,235.56320190429688,238.85521627248303,231.73411285331812,238.70602211575698,61710900
2025-01-13,233.12648010253906,233.39501742033124,228.47191419887113,232.2612117379593,49630700
2025-01-14,232.0125732421875,234.83713969366363,231.2069764534674,233.47458784982285,39435300
2025-01-15,236.57763671875,237.66172623332486,233.15632396556444,233.36518970349533,39832000
2025-01-16,227.0198516845703,236.7168796666606,226.79110553013876,236.06047699847062,71759100
2025-01-17,228.7305145263672,231.0279618693864,227.2386640256131,230.85888730040747,68488300
2025-01-21,221.43038940429688,223.20071739531107,218.1881065481907,222.783001089375,98070400
2025-01-22,222.6139373779297,222.9023551356524,218.59587812819439,218.59587812819439,64126500
2025-01-23,222.44483947753906,225.7965251191765,221.09222786837518,223.5189735650416,60234800
2025-01-24,221.5696258544922,224.4041477572621,220.2070739772995,223.55875977197638,54697900
2025-01-27,228.61114501953125,230.88869651104676,222.76308687365625,222.80287804759197,94863400
2025-01-28,236.96554565429688,238.88506799911696,229.55602398609923,229.5958151675683,75707600
2025-01-29,238.05955505371094,238.55683854812662,232.73861559310797,232.84801856891494,45486100
2025-01-30,236.29916381835938,239.48177510143526,235.9212386876704,237.37329797187644,55658300
2025-01-31,234.71778869628906,245.84699474947953,232.1716998572169,245.84699474947953,100959800
2025-02-03,226.77120971679688,230.5704628324937,224.47376244068877,228.7404632470789,73063300
2025-02-04,231.5352020263672,231.86341095944582,225.4186058340825,226.0153521080233,45067300
2025-02-05,231.2069854736328,231.4058958330951,227.0298072213747,227.2883891710869,39620300
2025-02-06,231.9529266357422,232.5297773409264,229.17807609142312,230.0334043541599,29925300
2025-02-07,226.39328002929688,232.72866665415378,226.0252799376335,231.33627899238985,39707200
2025-02-10,226.662109375,229.58935370973873,226.21406518332185,228.57379092662126,33115600
2025-02-11,231.61053466796875,234.2092091135714,227.1400288616486,227.20971719471092,53718400
2025-02-12,235.84210205078125,235.93172304376256,229.67896101319025,230.19670873650108,45243300
2025-02-13,240.4818878173828,241.28837041996871,234.54775953627293,235.88194100703416,53614100
2025-02-14,243.53855895996094,244.484433375407,239.94422402720738,240.2030902821229,40896200
2025-02-18,243.40911865234375,244.11602908498713,240.7905267294893,243.0905000064508,48822500
2025-02-19,243.80738830566406,244.94244069837237,242.10481731288857,243.59830810290342,32204200
2025-02-20,244.76321411132812,245.70908851524857,243.2298884862767,243.87707690453925,32316900
2025-02-21,244.4844207763672,247.6107939080121,244.155851012499,244.88267886995578,53197400
2025-02-24,246.0277099609375,247.7800669312537,243.3593319822528,243.86711335623195,51326400
2025-02-25,245.9679718017578,248.91513366913293,243.84722519384715,246.92381259977986,48013300
2025-02-26,239.31695556640625,243.91690216055417,238.0922974197643,243.26972892021308,44433600
2025-02-27,236.27024841308594,241.40786042901627,236.0312844149354,238.37109275336516,41153600
2025-02-28,240.79054260253906,241.03945773883657,229.20105446423008,235.9217631442628,56833400
2025-03-03,236.99708557128906,242.9710490242999,235.08541908943457,240.74076386584895,47184000
2025-03-04,234.90615844726562,239.02820722093006,233.66158290717058,236.6784479935277,53798100
2025-03-05,234.71701049804688,235.5234930679701,228.235250954078,234.39839184729655,47227600
2025-03-06,234.30877685546875,236.82779659290307,232.14819548977783,233.42263965762712,45170400
2025-03-07,238.0325469970703,240.32255383879036,233.7412377693079,234.08972499786833,46273600
2025-03-10,226.4928436279297,235.13518456664028,223.24699590534985,234.5178647329352,72071200
2025-03-11,219.88165283203125,224.8599551431671,216.50636447278404,222.8387656202518,76137400
2025-03-12,216.03842163085938,220.78772670269151,213.97741219492326,219.18471261137486,62547500
2025-03-13,208.7700958251953,215.89902897504837,207.51556900756947,215.01289169752292,61368300
2025-03-14,212.5635528564453,213.02154815111564,208.67051688888432,210.3332680009786,60107600
2025-03-17,213.07135009765625,214.28605714072168,209.0588394397278,212.3843419118567,48073400
2025-03-18,211.7670135498047,214.21632963340127,210.57222410469132,213.23063555765447,42432400
2025-03-19,214.30596923828125,217.8106832228152,212.8224296395377,213.29039128502816,54385400
2025-03-20,213.17091369628906,216.5462020975973,211.29906714235267,213.0613904363763,48862900
2025-03-21,217.32281494140625,217.89033350890864,210.36314278996363,210.64192650603025,94127800
2025-03-24,219.7721405029297,220.5188858867363,217.63147647971348,220.04097309502072,44299500
2025-03-25,222.77903747558594,223.12752472855482,219.1249652538438,219.81197343150768,34493600
2025-03-26,220.56866455078125,224.04352508950674,219.51326687455483,222.5400680439697,34466100
2025-03-27,222.87860107421875,224.0136533961419,219.6028696378956,220.4292696466093,37094800
2025-03-28,216.9544219970703,222.8387793372666,216.73537546649092,220.7080664246457,39818600
2025-03-31,221.1660614013672,224.6409066608951,215.29165561007284,216.0682695484103,65299300
2025-04-01,222.22146606445312,222.70932997882656,217.95007407622174,218.85612876373423,36412700
2025-04-02,222.91842651367188,224.21278818927524,220.06088576879955,220.3595869543347,35905900
2025-04-03,202.30825805664062,206.58960121618028,200.37667426890133,204.64805110026137,103419000
2025-04-04,187.56253051757812,199.01262630823254,186.52703508606032,193.0486144227304,125910900
2025-04-07,180.6725616455078,193.30748067285785,173.86223225537526,176.43103817745248,160466300
2025-04-08,171.67178344726562,189.5140179775097,168.47572171547168,185.88981432593783,120859500
2025-04-09,197.98709106445312,199.7394480269994,171.14407803694525,171.20381523449285,184395900
2025-04-10,189.59365844726562,193.9347385570105,182.205859833413,188.24952597387417,121880000
2025-04-11,197.2901153564453,198.67408279715283,185.2525839628914,185.2924188893916,87435900
2025-04-14,201.6411590576172,212.01593914767514,200.28706023476008,210.52244846919626,101352900
2025-04-15,201.2628173828125,202.62686743682656,198.93297540670014,200.98403365195668,51343900
2025-04-16,193.42698669433594,199.82907698305957,191.53522246149657,197.49923485324123,59732400
2025-04-17,196.1251983642578,197.9671763411939,193.5763099497932,196.34424488667963,52164700
2025-04-21,192.32179260253906,192.9590147372882,188.98632373298676,192.43131586910098,46742500
2025-04-22,198.8732452392578,200.715208155226,195.1196006832811,195.26894368988752,52976400
2025-04-23,203.71214294433594,207.09738254349836,201.9199510184256,205.10606155750318,52929200
2025-04-24,207.4657745361328,207.92378505310097,202.0593452871763,204.00088023313933,47311000
2025-04-25,208.371826171875,208.8397878176709,205.30519003897632,205.47445049920006,38222300
2025-04-28,209.2281036376953,210.5822025692478,206.55974070372147,209.08871177088434,38743100
2025-04-29,210.29345703125,211.31898611202763,207.46576971677675,207.78438836336602,36827600
2025-04-30,211.57785034179688,212.65316547487808,205.7731479657814,208.39173986928208,52286500
2025-05-01,212.39431762695312,213.62892699621815,207.99348458901505,208.17271138967982,57365700
2025-05-02,204.45889282226562,206.0917754590827,201.2827333487594,205.19567188008233,101010600
2025-05-05,198.02691650390625,203.21431440062256,197.34987465543003,202.21865389928206,69018500
2025-05-06,197.64854431152344,199.77925700053618,196.165020010421,197.3498583398735,51216500
2025-05-07,195.39837646484375,198.574535944944,192.41139491378883,198.30570335142838,68536700
2025-05-08,196.6330108642578,199.18189948520052,193.8351919089676,196.86200854076802,50478900
2025-05-09,197.66847229003906,199.6697443694255,196.6827629534363,198.1364339272832,36453900
2025-05-12,210.15048217773438,210.62903686932515,206.12274573806786,210.32994399020487,63775800
2025-05-13,212.2840118408203,212.7525871854542,208.36594186281494,209.7915962682986,51909300
2025-05-14,211.68582153320312,213.29093762104833,209.94113079478424,211.78550901932945,49325800
2025-05-15,210.8084716796875,212.31390017581901,208.90426284202815,210.3099886465303,45029500
2025-05-16,210.6190643310547,211.92510277199543,209.1335944967917,211.71573318604425,54737900
2025-05-19,208.14659118652344,208.84446444770495,203.64029993754312,207.27923550566183,46140500
2025-05-20,206.232421875,207.83753801206538,204.40797196423648,207.03996203611737,42496600
2025-05-21,201.4768829345703,206.41186226922272,200.10108001028593,204.5475404614086,59211800
2025-05-22,200.7490997314453,202.1348820380274,199.09413231135568,200.1010778345708,46742400
2025-05-23,194.67758178710938,197.10020219746903,192.8730755135501,193.0824298832746,78432900
2025-05-27,199.60260009765625,200.1309909415137,196.83102019804124,197.6983910952664,56288500
2025-05-28,199.81195068359375,202.11494001836002,199.2935240345892,199.98143310081724,45339700
2025-05-29,199.3433837890625,203.19167383577107,197.90775006205254,202.9623758748587,51396800
2025-05-30,200.24066162109375,201.3472946799051,196.18300200128658,198.7651407343476,70819900
2025-06-02,201.08807373046875,201.51677709467234,199.51286535414474,199.67238359256916,35423300
2025-06-03,202.6533203125,203.1518034040851,200.35033086337637,200.73914706631285,46381600
2025-06-04,202.20468139648438,205.6143037964219,201.48686455307688,202.29440469878628,43604000
2025-06-05,200.02133178710938,204.12882762641604,199.54277706238673,202.88261988754903,55126100
2025-06-06,203.30133056640625,205.07592905349443,201.4370087789868,202.3841235560851,46607700
2025-06-09,200.83883666992188,205.37503589356555,199.4131823149893,203.76991971327615,72862600
2025-06-10,202.05511474609375,203.73002568042446,199.96149509379936,199.9914028593682,54672600
2025-06-11,198.17694091796875,203.8795888248368,197.8080682902945,202.88262262031438,60989900
2025-06-12,198.5956573486328,199.07419684911244,196.7612432530472,198.47602627663701,43904600
2025-06-13,195.85398864746094,199.76209396079906,195.1062640673262,199.12403626091725,51447300
2025-06-16,197.8180389404297,198.08722408394675,195.96368113091867,196.7014416228738,43020700
2025-06-17,195.0464630126953,197.7881200100286,194.61777485692886,196.60172782081946,38856200
2025-06-18,195.9835968017578,196.97059871241268,194.4781834746436,195.34553910938874,45394700
2025-06-20,200.39019775390625,201.08807102199273,196.2627584683704,197.63857663438114,96813500
2025-06-23,200.888671875,201.686247808318,198.3563846401482,201.01828233775666,55814300
2025-06-24,199.6923065185547,202.82277936444737,199.59260382672892,201.9753521214132,54064000
2025-06-25,200.94850158691406,203.05210084338043,200.01135094007643,200.83883469818846,39525700
2025-06-26,200.39019775390625,202.025221644493,198.85487656411598,200.81888589983927,50799100
2025-06-27,200.46995544433594,202.60346239871808,199.39323017588663,201.2774955925489,73188600
2025-06-30,204.54754638671875,206.7608124915243,198.6554726965608,201.39712965217615,91912800
2025-07-01,207.18951416015625,209.55231908550664,205.51460310500556,206.04299395149746,78788900
2025-07-02,211.79550170898438,212.6927652029137,207.50854401160626,208.27621224418834,67941800
2025-07-03,212.90213012695312,213.9987837940836,211.16740350258758,211.5063683517463,34955800
2025-07-07,209.3130340576172,215.57398008038285,208.16652910348648,212.03474730839852,50229000
2025-07-08,209.3728485107422,210.78853856973336,207.81758380403343,209.46258702266434,42848900
2025-07-09,210.49942016601562,210.68884615759353,206.5913149088396,208.89430414855983,48749400
2025-07-10,211.7655792236328,212.83232507172787,209.39279496736208,209.87133445003573,44443600
2025-07-11,210.51937866210938,211.48643705736623,209.2233196075129,209.931172276849,39765800
2025-07-14,207.98707580566406,210.27013683517245,206.91035052542594,209.29309904361602,38840100
2025-07-15,208.4755859375,211.24715053377864,208.28615994072268,208.5852528191871,42296300
2025-07-16,209.52239990234375,211.75559423754484,208.00700716596054,209.6619745482938,47490500
2025-07-17,209.38284301757812,211.1574416148312,208.95413964633332,209.93117746335784,48068100
2025-07-18,210.53929138183594,211.1474413046512,209.06378582955284,210.23023432823226,48974600
2025-07-21,211.83535766601562,215.12534891613055,210.98794558852114,211.45652088357517,51377400
2025-07-22,213.74952697753906,214.29786137817433,211.58611235366487,212.49335516085276,46404100
2025-07-23,213.5002899169922,214.4972560435483,211.76557859278188,214.3477172095632,46989300
2025-07-24,213.11148071289062,215.03563331063384,212.8821827557749,213.25105536667797,46022600
2025-07-25,213.2311248779297,214.58699944946258,212.7525701732737,214.04862920984866,40268800
2025-07-28,213.40060424804688,214.19818019857897,212.41360229785764,213.3806606658472,37858000
2025-07-29,210.62904357910156,214.1582970701604,210.18041185237743,213.53020352524888,51411700
2025-07-30,208.415771484375,211.74563469104578,207.0898047125579,211.25711581327238,45512500
2025-07-31,206.9402618408203,209.2033639475293,206.5315020865265,207.85746883247032,80698400
2025-08-01,201.76602172851562,212.93203997684435,200.88868661623732,210.23025491744008,104434500
2025-08-04,202.7330780029297,207.24933356384108,201.06813110178,203.8895472057539,75109300
2025-08-05,202.30438232421875,204.71703873665678,201.5466934780596,202.78292184745098,44155100
2025-08-06,212.60302734375,214.72657006985978,204.96626313259566,205.00615029681612,108483100
2025-08-07,219.3624725341797,220.1799921230299,215.92294217468134,218.21596748517925,90224800
2025-08-08,228.65420532226562,230.29919347638386,218.58484056145957,220.16004899168945,113854000
2025-08-11,226.74781799316406,229.12329528601256,224.3324234952035,227.4864157407103,61806100
2025-08-12,229.21310424804688,230.36092560837628,226.63802588155738,227.57622481823222,55626200
2025-08-13,232.88612365722656,234.55294488479396,229.99163136972763,230.6304284784954,69878500
2025-08-14,232.33717346191406,234.67271834509882,230.41085227691244,233.61473725595164,51916300
2025-08-15,231.1494140625,233.834298979768,228.9036945156081,233.5548328767578,56038700
2025-08-18,230.45074462890625,232.67649791960375,229.6722297518056,231.2592012143754,37476200
2025-08-19,230.1213836669922,232.42698672077375,228.9136940815642,230.84001516813981,39402600
2025-08-20,225.5800323486328,230.0315543310328,225.3404986724704,229.54248102593337,42263900
2025-08-21,224.47213745117188,226.08906587116957,223.3542730460458,225.8395414786139,30621200
2025-08-22,227.3267059326172,228.65417758009713,224.98118568943215,225.73973438952316,42477800
2025-08-25,226.7278594970703,228.86378779922748,225.79962078901826,226.0491451945495,30983100
2025-08-26,228.87376403808594,229.0534295301293,224.26255788237486,226.43840339540802,54575100
2025-08-27,230.05152893066406,230.46073738560713,227.82576024347395,228.17510050695543,31259500
2025-08-28,232.11758422851562,232.9659733126178,228.90370861616245,230.3809040856524,38074700
2025-08-29,231.69837951660156,232.9360260407387,230.92984008944924,232.0676707602769,39418400
2025-09-02,229.28298950195312,230.4108447009183,226.53822101083426,228.81388239599917,44075600
2025-09-03,238.01634216308594,238.395624134605,233.9141603097862,236.75874463665696,66427800
2025-09-04,239.3238525390625,239.4436193831587,236.28964239378743,237.9963808412042,47549400
2025-09-05,239.2340087890625,240.86091270031892,238.03629475202086,239.54341659874092,54870400
2025-09-08,237.42745971679688,239.69313028194867,235.89038089866295,238.84475646782593,48999500
2025-09-09,233.9041748046875,238.3257397896772,232.9160527142261,236.54912730927947,66313900
2025-09-10,226.35855102539062,231.97784546194652,225.52015268533836,231.7482872752143,83440800
2025-09-11,229.59239196777344,230.01159113632517,226.21881717306923,226.44839058875493,50208600
2025-09-12,233.62472534179688,234.0638755168574,228.58432913969838,228.78394562468256,55824200
2025-09-15,236.24969482421875,237.7368657054393,234.58287368836292,236.54912714503797,42699500
2025-09-16,237.6969451904297,240.76111223381088,235.87043992435724,236.72878926810645,63421100
2025-09-17,238.5353546142578,239.6432435766681,237.27774187166392,238.5153883976145,46508000
2025-09-18,237.42745971679688,240.74113579799257,236.199788714976,239.5134800259323,44249600
2025-09-19,245.032958984375,245.83144010441063,239.7530294205925,240.77107799962133,163741300
2025-09-22,255.5928192138672,256.15178189089505,247.64797087114997,247.82763635806887,105517400
2025-09-23,253.9459686279297,256.8504363399061,253.0975947938589,255.39322235208516,60275200
2025-09-24,251.8300018310547,255.2534845023776,250.56241362070242,254.73446948849343,42303700
2025-09-25,256.3813171386719,256.6807646844572,251.2311452680336,252.72829161839874,55202100
2025-09-26,254.97401428222656,257.10994249251326,253.2972024297037,253.61660096533106,46076300
2025-09-29,253.9459686279297,254.5148915782133,252.52867184357527,254.0757261912774,40127700
2025-09-30,254.14559936523438,255.4331385813304,252.6284867333586,254.37515755125318,37704300
2025-10-01,254.9640350341797,258.29769267334166,254.44502000530687,254.55481135314994,48713900
2025-10-02,256.6408386230469,257.68882891050583,253.66649683440303,256.09186667190835,42630200
2025-10-03,257.5291442871094,258.7468246365968,253.46689477740222,254.18552630266564,49155600
2025-10-06,256.2016906738281,258.5771679771474,254.56481112131073,257.49920544747016,44664100
2025-10-07,255.99208068847656,256.91031341337026,254.94405994391948,256.3214394907812,31955800
2025-10-08,257.5690612792969,258.0281776413904,255.62275879770374,256.03198246417537,36496900
2025-10-09,253.55670166015625,257.50917476461467,252.65841993311406,257.3195337882977,38322000
2025-10-10,244.80340576171875,255.8922708493858,243.53581752909898,254.45500785015722,61999100
2025-10-13,247.18885803222656,249.2149949644775,245.09284695690994,248.90558714178317,38142900
2025-10-14,247.29864501953125,248.37659224814226,244.23447809703134,246.13087266264282,35478000
2025-10-15,248.8656463623047,251.3409393203658,246.99920876557604,249.01537013681215,33893600
2025-10-16,246.979248046875,248.56621957555782,244.66366953460536,247.7777291727393,39777000
2025-10-17,251.81002807617188,252.89796599708643,246.79958926324147,247.5481624372989,49147000
2025-10-20,261.7411193847656,263.87706298772724,255.14370850365398,255.4032084113237,90483000
2025-10-21,262.2701110839844,264.7853366806196,261.33189684706855,261.38182000576944,46695900
2025-10-22,257.9583435058594,262.349966966352,254.94406918261987,262.15033525743416,45015300
2025-10-23,259.0861511230469,260.12418111371363,257.51916110368444,259.4454820834593,32754900
2025-10-24,262.32000732421875,263.6275126875418,258.68691759501684,260.69310343226954,38253700
2025-10-27,268.2986145019531,268.60802232244004,264.1465248140549,264.37609822840903,44888200
2025-10-28,268.4882507324219,269.3765722048576,267.63986169210665,268.4782600095115,41534800
2025-10-29,269.1869201660156,270.8936584399069,266.6018207191691,268.76770579477784,51086700
2025-10-30,270.8836669921875,273.6184749716116,267.969239224885,271.4725408872279,69886500
2025-10-31,269.85565185546875,276.79244258078194,268.647962249571,276.4630533049319,86167100
2025-11-03,268.53814697265625,270.33474092754267,265.74348587775046,269.90556627002525,50194600
2025-11-04,269.5262756347656,270.9734988318123,267.11086611942017,267.8195068636227,49274800
2025-11-05,269.6260986328125,271.18312844251227,266.4221834255846,268.0989800730272,43683100
2025-11-06,269.25677490234375,272.8798740142925,267.38037702601645,267.38037702601645,51204000
2025-11-07,267.9592590332031,271.7719991063764,266.26248096015127,269.28671541495146,48227400
2025-11-10,269.1781311035156,273.4741297822401,267.20997142836535,268.7085692371889,41312400
2025-11-11,274.99267578125,275.65206242273547,269.5477586519058,269.55775905965567,46208300
2025-11-12,273.21435546875,275.4722525277038,271.4460210796085,274.74292397164845,48398000
2025-11-13,272.6948547363281,276.4413491841305,271.83564282199285,273.85374352181776,49602800
2025-11-14,272.15533447265625,275.70200347225597,269.3479639093673,270.7965900477885,47431300
2025-11-17,267.2099609375,270.2371271729127,265.48159771217263,268.5687054184609,45018300
2025-11-18,267.19000244140625,270.4569347049811,265.0719890725528,269.7376065335732,45677300
2025-11-19,268.3089294433594,271.9555110777923,265.2517925781922,265.2817633125939,40424500
2025-11-20,266.0010986328125,275.17250947675234,265.67142054546326,270.5768036466949,45823600
2025-11-21,271.2361755371094,273.0744516711978,265.4216397990326,265.70137680880595,59030800
2025-11-24,275.6620788574219,276.7410558404627,270.64675212306133,270.64675212306133,65585800
2025-11-25,276.7110900878906,280.1179060838009,274.9926967216935,275.012667049666,46914200
2025-11-26,277.29052734375,279.26868736786383,276.3714044558947,276.70108254872224,33431400
2025-11-28,278.5893249511719,278.73917862681736,275.73198274965245,277.0008150112318,20135600
2025-12-01,282.8353576660156,283.1550658399818,275.88187257202503,277.75011957449965,46587700
2025-12-02,285.9224548339844,287.1313151163589,282.36578537497866,282.7354345985028,53669500
2025-12-03,283.8843688964844,288.35019153510143,283.0351573834178,285.9324708384744,43538700
2025-12-04,280.4375915527344,284.46382276925783,278.32954829392816,283.83440686502166,43989100
2025-12-05,278.5193786621094,280.8771882481053,277.79005013345267,280.27774306596746,47265800
2025-12-08,277.6302185058594,279.4085531850005,275.8918244790692,277.86998437615557,38211800
2025-12-09,276.9208679199219,279.7682096639769,276.6611317163261,277.8999627322321,32193300
2025-12-10,278.5193786621094,279.48847306800184,276.1815698919154,277.490342786908,33038300
2025-12-11,277.77008056640625,279.3286197507982,273.5540244422053,278.83908758708685,33248000
2025-12-12,278.0198669433594,278.9589906850317,276.5612402656973,277.64021728323,39532900
2025-12-15,273.8537292480469,279.8880911943856,272.5849275039148,279.8880911943856,50409100
2025-12-16,274.353271484375,275.2424541197232,271.53593087885605,272.5649667835892,37648600
2025-12-17,271.58587646484375,275.90184538512057,271.38608172110213,274.75292651919426,50138700
2025-12-18,271.935546875,273.374203136776,266.7004552212896,273.35420232069225,51630700
2025-12-19,273.4141845703125,274.34330788170604,269.64768928264715,271.8955859651445,144632000
2025-12-22,270.7166748046875,273.62395794129594,270.25711338978425,272.6048920133635,36571800
2025-12-23,272.1053771972656,272.2452609569047,269.30800689497966,270.5868091030317,29642000
2025-12-24,273.55401611328125,275.17249671786806,271.9455359163183,272.085389177814,17910600
2025-12-26,273.1444091796875,275.1125687682936,272.6049054553,273.9037084592662,21521800
2025-12-29,273.50408935546875,274.10350406329195,272.0954038139857,272.4350823114352,23715200
2025-12-30,272.82470703125,273.82377221524894,272.02546707967076,272.5549704076282,22139600
2025-12-31,271.6058349609375,273.42414083736213,271.49595243002375,272.80472532736104,27293600
2026-01-02,270.75665283203125,277.58025431004916,268.7485221479618,272.0054842546519,37838100
2026-01-05,267.0101623535156,271.25618925068443,265.89121426121545,270.38700744645297,45647200
2026-01-06,262.1147155761719,267.2998660934885,261.8749496989937,266.7503924619391,52352100
2026-01-07,260.08660888671875,263.4334831315393,259.56710600115036,262.95395138764474,48309800
2026-01-08,258.7978515625,259.0476178563403,255.46096229095477,256.7797203952787,50419300
2026-01-09,259.1275329589844,259.9667440583015,255.98048371428257,258.8377955175017,39997000
2026-01-12,260.0067138671875,261.05572011368304,256.5599267903311,258.9177364764393,45263800
2026-01-13,260.8059387207031,261.56523797230057,258.148452318208,258.4781303943212,45730800
2026-01-14,259.71697998046875,261.57525710051715,256.4700180914029,259.247418118488,40019400
2026-01-15,257.9685974121094,260.7959687899761,256.8096782083212,260.40631875644857,39388600
2026-01-16,255.29112243652344,258.6579671912775,254.69167723491495,257.6589020182799,72142800
2026-01-20,246.46937561035156,254.55180921698133,243.19244305608962,252.49373739571587,80267500
2026-01-21,247.41848754882812,251.3248360900433,244.9507953165175,248.46750904444812,54641700
2026-01-22,248.1178436279297,250.76536025794266,247.9180183962477,248.96703988447874,39708300
2026-01-23,247.80812072753906,249.17685039145397,244.45126111041233,247.08880782235642,41689000
2026-01-26,255.17123413085938,256.32015295784896,249.5664780183616,251.24490015634893,55969200
2026-01-27,258.0285339355469,261.70511669708895,257.96859246831417,258.92771692213245,49648300
2026-01-28,256.2002868652344,258.61800761819165,254.27208306792676,257.409147241713,41288000
2026-01-29,258.0385437011719,259.4072580677027,254.17216647920577,257.75880668092503,67253000
2026-01-30,259.2374267578125,261.6551472598355,251.94423313215475,254.93144331105526,92443400
2026-02-02,269.7575988769531,270.2371306501278,258.9676766447768,259.7869174093499,73913400
2026-02-03,269.22808837890625,271.6258386480508,267.3598109321867,268.9483513556569,64394700
2026-02-04,276.23150634765625,278.68922850453845,272.03545112075,272.03545112075,90545700
2026-02-05,275.6520690917969,279.2387093202658,272.97458180817284,277.86999494352693,52977400
2026-02-06,277.8599853515625,280.6473855638201,276.67109542368036,276.8609202349588,50453400
2026-02-09,274.6199951171875,278.20001220703125,271.70001220703125,277.9100036621094,44623400
2026-02-10,273.67999267578125,275.3699951171875,272.94000244140625,274.8900146484375,34376900
2026-02-11,275.5,280.17999267578125,274.45001220703125,274.70001220703125,51931300
2026-02-12,261.7300109863281,275.7200012207031,260.17999267578125,275.5899963378906,81077200
2026-02-13,255.77999877929688,262.2300109863281,255.4499969482422,262.010009765625,56290700
2026-02-17,263.8800048828125,266.2900085449219,255.5399932861328,258.04998779296875,58469100
2026-02-18,264.3500061035156,266.82000732421875,262.45001220703125,263.6000061035156,34203300
2026-02-19,260.5799865722656,264.4800109863281,260.04998779296875,262.6000061035156,30845300
2026-02-20,264.5799865722656,264.75,258.1600036621094,258.9700012207031,42070500
2026-02-23,266.17999267578125,269.42999267578125,263.3800048828125,263.489990234375,37308200
2026-02-24,272.1400146484375,274.8900146484375,267.7099914550781,267.8599853515625,46960000
2026-02-25,273.135009765625,273.760009765625,271.04998779296875,271.67999267578125,4662999
