Date,Close,High,Low,Open,Volume,daily_return,log_return,daily_return_pct,log_return_pct
2016-02-25,21.91425132751465,21.91425132751465,21.57226532515957,21.753450397006887,110330800,0.006867929032393194,0.006844452237806412,0.6867929032393194,0.6844452237806412
2016-02-26,21.948226928710938,22.199618703705234,21.873487946137665,22.013904755677466,115964400,0.001550388406544867,0.0015491877952216807,0.1550388406544867,0.15491877952216807
2016-02-29,21.89839744567871,22.24717758078485,21.889338019426862,21.9368987113174,140865200,-0.0022703192924912186,-0.002272900374663244,-0.22703192924912186,-0.2272900374663244
2016-03-01,22.768081665039062,22.82243649472265,22.063727256060517,22.115818525109407,201628400,0.03971451433912887,0.038946170026620444,3.971451433912887,3.8946170026620446
2016-03-02,22.817907333374023,22.84961446091474,22.566513873652035,22.763552504434063,132678400,0.0021883999305689628,0.0021860088712015824,0.21883999305689628,0.21860088712015824
2016-03-03,22.987762451171875,23.03532313165287,22.749957320858435,22.77940088109081,147822800,0.007443939328713789,0.00741636994436279,0.7443939328713789,0.7416369944362791
2016-03-04,23.329750061035156,23.497345098889944,22.958322286379367,23.184802721067463,184220400,0.01487694205078438,0.014767365784832382,1.487694205078438,1.4767365784832382
2016-03-07,23.071569442749023,23.28899051809232,22.86547135580049,23.18933854392739,143315600,-0.011066583122866014,-0.011128273309149058,-1.1066583122866014,-1.1128273309149057
2016-03-08,22.881319046020508,23.04665053089118,22.73863698794127,22.824698934859256,126247600,-0.008246096876964204,-0.008280284003774903,-0.8246096876964204,-0.8280284003774903
2016-03-09,22.901704788208008,23.005885592690777,22.70919501445261,22.944734900725788,108806800,0.0008909338725839877,0.0008905372265740897,0.08909338725839877,0.08905372265740898
2016-03-10,22.913022994995117,23.155356968068872,22.682013733747823,22.96737953827201,134054400,0.0004942080465963894,0.0004940859660202084,0.04942080465963894,0.04940859660202084
2016-03-11,23.159894943237305,23.164423792669737,22.987769290352173,23.155364365895892,109632800,0.010774307183129439,0.010716677909612884,1.077430718312944,1.0716677909612884
2016-03-14,23.218778610229492,23.307107589239525,23.051183534795303,23.080627103768308,100304400,0.002542484201094375,0.0025392575561100353,0.2542484201094375,0.2539257556110035
2016-03-15,23.68532943725586,23.82121738210756,23.519997923615165,23.54491091509402,160270800,0.020093685152793528,0.019894471267406327,2.009368515279353,1.9894471267406326
2016-03-16,24.000133514404297,24.077136037852313,23.687589388175116,23.692119964794824,153214000,0.013291099791640004,0.013203548044278084,1.3291099791640004,1.3203548044278084
2016-03-17,23.961627960205078,24.113369419517063,23.77138351815779,23.898211994250385,137682800,-0.0016043891662564924,-0.0016056775768139248,-0.16043891662564924,-0.16056775768139248
2016-03-18,23.988815307617188,24.120174418680033,23.823485502235656,24.083936707527865,176820800,0.0011346202126691907,0.0011339770176311123,0.11346202126691907,0.11339770176311123
2016-03-21,23.986553192138672,24.380628821166784,23.81216222055035,23.991082042351035,142010800,-9.429875754629613e-05,-9.430320395366285e-05,-0.009429875754629613,-0.009430320395366284
2016-03-22,24.170000076293945,24.29909389666317,23.828014025596502,23.83707345326038,129777600,0.0076479051694429145,0.007618808202432845,0.7647905169442915,0.7618808202432845
2016-03-23,24.03636932373047,24.249261497777155,23.98427978832034,24.1156388628559,102814000,-0.0055287857733414825,-0.005544126077704134,-0.5528785773341482,-0.5544126077704133
2016-03-24,23.932191848754883,24.06355094153387,23.755537351249522,23.88689644402851,104532000,-0.0043341601875260816,-0.004343579887303413,-0.43341601875260816,-0.4343579887303413
2016-03-28,23.823484420776367,24.04996492146888,23.79404084982452,24.00693307340639,77645600,-0.0045423097334968965,-0.004552657369021288,-0.45423097334968965,-0.45526573690212885
2016-03-29,24.38741683959961,24.412329829288048,23.75327083865382,23.755536127146087,124760400,0.02367128203678881,0.023395461445460935,2.367128203678881,2.3395461445460937
2016-03-30,24.813196182250977,25.00796949675472,24.595775169576513,24.607099882616183,182404400,0.017458976711301366,0.017308319793380794,1.7458976711301366,1.7308319793380793
2016-03-31,24.68410301208496,24.890201044722406,24.659190025108817,24.849434495844047,103553600,-0.005202601439082466,-0.00521618209358297,-0.5202601439082466,-0.5216182093582971
2016-04-01,24.910587310791016,24.91285259938728,24.50518704750646,24.636546139546827,103496000,0.009175310060696606,0.009133472622928226,0.9175310060696606,0.9133472622928227
2016-04-04,25.1665096282959,25.40884365418212,24.973999852742512,25.007972267717157,149424800,0.01027363643867285,0.010221221326033472,1.027363643867285,1.0221221326033472
2016-04-05,24.869823455810547,25.07818683156625,24.78149619796451,24.801880341726193,106314800,-0.011788928097989926,-0.011858968522738848,-1.1788928097989926,-1.1858968522738849
2016-04-06,25.130268096923828,25.134798673115025,24.731662059617005,24.9649383520245,105616400,0.0104723156389126,0.010417860790460632,1.04723156389126,1.0417860790460631
2016-04-07,24.582189559936523,25.007972206572465,24.48706818056713,24.901526112936278,127207600,-0.02180949820644351,-0.022050840805889687,-2.180949820644351,-2.2050840805889687
2016-04-08,24.60936737060547,24.8607590890533,24.498390702204215,24.665987485047786,94326800,0.0011055895001819138,0.001104978786201653,0.11055895001819138,0.1104978786201653
2016-04-11,24.69089698791504,25.051001788643912,24.647866878980267,24.679574002577947,117630000,0.003312950555850236,0.0033074748257066475,0.3312950555850236,0.3307474825706648
2016-04-12,25.012502670288086,25.026090945019725,24.609367726100686,24.76337278081606,108929200,0.01302527334387471,0.012941173962111521,1.302527334387471,1.294117396211152
2016-04-13,25.374874114990234,25.44281722473084,25.094038793329254,25.094038793329254,133029200,0.014487612434424868,0.01438366969604878,1.4487612434424868,1.438366969604878
2016-04-14,25.388463973999023,25.454143527045517,25.214074747427315,25.279754300473808,101895600,0.0005355636030826005,0.000535420240080514,0.053556360308260054,0.05354202400805139
2016-04-15,24.878875732421875,25.43375384145752,24.85169918576304,25.390722005369543,187756000,-0.020071645220405276,-0.020275817357753797,-2.0071645220405276,-2.02758173577538
2016-04-18,24.342119216918945,24.675044022744533,24.21981956812419,24.66145574884801,243286000,-0.021574789844841513,-0.02181092822490155,-2.1574789844841513,-2.1810928224901547
2016-04-19,24.21302604675293,24.459888910995492,24.059019269678462,24.4327106346028,129539600,-0.005303283950572779,-0.005317396277467082,-0.5303283950572779,-0.5317396277467081
2016-04-20,24.262847900390625,24.480268906348236,24.020513908842275,24.151872973246423,122444000,0.0020576467204675986,0.0020555326649440322,0.20576467204675986,0.20555326649440323
2016-04-21,24.000133514404297,24.217554538615328,23.89821627536529,24.217554538615328,126210000,-0.010827846222540849,-0.010886893976290389,-1.082784622254085,-1.0886893976290388
2016-04-22,23.9344539642334,24.115639014935994,23.694385240774857,23.78271247781748,134732400,-0.002736632699625541,-0.0027403841246365574,-0.2736632699625541,-0.27403841246365573
2016-04-25,23.798564910888672,23.92765869181828,23.669471129959064,23.780446061096434,112126400,-0.005677549759346645,-0.005693728310394736,-0.5677549759346645,-0.5693728310394737
2016-04-26,23.63322639465332,23.84838378408839,23.533576206279577,23.533576206279577,224064800,-0.006947415394770395,-0.006971661046770918,-0.6947415394770395,-0.6971661046770918
2016-04-27,22.154319763183594,22.35588724558825,21.669651689996126,21.74212537212017,458408400,-0.06257743258467274,-0.0646211193056902,-6.257743258467274,-6.46211193056902
2016-04-28,21.477142333984375,22.16790669694198,21.345783253113265,22.106757733313717,328970800,-0.03056638328045458,-0.031043278309998108,-3.056638328045458,-3.104327830999811
2016-04-29,21.230281829833984,21.452233482661203,20.951711779266073,21.28690195548378,274126000,-0.011494103838934455,-0.011560671633497789,-1.1494103838934455,-1.1560671633497788
2016-05-02,21.20762825012207,21.307280196590593,20.926792988511885,21.282367209973465,192640400,-0.0010670409320746588,-0.0010676106255435762,-0.10670409320746588,-0.10676106255435762
2016-05-03,21.556413650512695,21.683242175177742,21.21669290695213,21.334462004439807,227325200,0.016446223796318105,0.016312449387591018,1.6446223796318105,1.6312449387591017
2016-05-04,21.332191467285156,21.71947278094204,21.248393089230976,21.560935449048333,164102000,-0.010401645972413665,-0.010456121175668241,-1.0401645972413665,-1.045612117566824
2016-05-05,21.2456111907959,21.434734920892943,21.11801047575662,21.418784831513033,143562000,-0.004058667700505003,-0.004066926446167175,-0.4058667700505003,-0.40669264461671745
2016-05-06,21.12712287902832,21.29345925989368,20.928884584268392,21.275231829934302,174799600,-0.005577072398788463,-0.005592682332600727,-0.5577072398788463,-0.5592682332600727
2016-05-09,21.143075942993164,21.366377202684173,21.097503015606634,21.190926212926954,131745600,0.0007550987446889312,0.0007548138010631762,0.07550987446889312,0.07548138010631762
2016-05-10,21.286619186401367,21.32079843518479,20.988124006445666,21.2661126801886,134747200,0.006789137200056805,0.006766194789010505,0.6789137200056805,0.6766194789010505
2016-05-11,21.079273223876953,21.320803627490353,21.06787955869815,21.300297116283584,114876400,-0.009740671391203048,-0.009788422066218229,-0.9740671391203048,-0.9788422066218229
2016-05-12,20.584810256958008,21.140787557366593,20.386573759971643,21.127116554382336,305258800,-0.02345730622054165,-0.02373680839282451,-2.345730622054165,-2.373680839282451
2016-05-13,20.625837326049805,20.887876049836084,20.507351173070024,20.507351173070024,177571200,0.0019930749217340615,0.0019910913830357884,0.19930749217340615,0.19910913830357885
2016-05-16,21.39143943786621,21.507648216408324,20.883313959085207,21.051929425106646,245039200,0.037118595464217696,0.03644628670467964,3.7118595464217696,3.6446286704679642
2016-05-17,21.30257225036621,21.57828188250692,21.19320072507569,21.54410436737179,187667600,-0.004154334155872186,-0.0041629873759050535,-0.4154334155872186,-0.41629873759050534
2016-05-18,21.546384811401367,21.694493772549624,21.393719427055466,21.455242440014104,168249600,0.011445216951721182,0.01138021595303535,1.1445216951721182,1.1380215953035349
2016-05-19,21.464359283447266,21.56461799675834,21.32080845719429,21.56461799675834,121768400,-0.003806927643411284,-0.003814192436006691,-0.3806927643411284,-0.3814192436006691
2016-05-20,21.696773529052734,21.74462379705001,21.537270897299123,21.564614652624435,128104000,0.010827914429512031,0.010769712325406505,1.082791442951203,1.0769712325406504
2016-05-23,21.972484588623047,22.14565823969425,21.799310937551844,21.844883865954507,152074400,0.012707468195726213,0.012627405867990382,1.2707468195726213,1.2627405867990382
2016-05-24,22.307443618774414,22.35073573818966,22.065911385903036,22.152499101593296,140560800,0.01524447673636331,0.015129447270395854,1.524447673636331,1.5129447270395855
2016-05-25,22.69935417175293,22.726696187300238,22.355285989205374,22.48288669757087,152675200,0.017568599955966047,0.01741605616612346,1.7568599955966047,1.7416056166123461
2016-05-26,22.879364013671875,22.952278954764644,22.4760518876046,22.713025880763425,225324800,0.007930174601308737,0.007898896020954114,0.7930174601308737,0.7898896020954114
2016-05-27,22.865690231323242,22.893033984905465,22.615045241321894,22.65833908321977,145364800,-0.000597646959961895,-0.0005978256220944042,-0.0597646959961895,-0.059782562209440414
2016-05-31,22.754045486450195,22.87708980168686,22.51707144285695,22.69480154094446,169228800,-0.004882631739675514,-0.004894590729470712,-0.48826317396755137,-0.4894590729470712
2016-06-01,22.43503189086914,22.681120411559874,22.40541080054539,22.56263257340704,116693200,-0.014020082528666156,-0.01411929226305757,-1.4020082528666156,-1.411929226305757
2016-06-02,22.266414642333984,22.293756650121292,22.018047061550345,22.239070896117898,160766400,-0.007515801597936744,-0.007544187553009955,-0.7515801597936744,-0.7544187553009954
2016-06-03,22.311992645263672,22.3917430897742,22.204898446165547,22.28237154828242,114019600,0.0020469394674360597,0.002044847341328255,0.20469394674360597,0.2044847341328255
2016-06-06,22.473773956298828,23.21659615184701,22.227687104041692,22.327944066654076,93170000,0.007250867890076007,0.007224706732111456,0.7250867890076007,0.7224706732111456
2016-06-07,22.564910888671875,22.756313644418277,22.54896080389541,22.615040223234715,89638000,0.004055257143293689,0.004047056750370034,0.4055257143293689,0.4047056750370034
2016-06-08,22.54440689086914,22.685678589346253,22.48516296720797,22.562634319478764,83392400,-0.0009086673509988152,-0.0009090804394351422,-0.09086673509988152,-0.09090804394351422
2016-06-09,22.706193923950195,22.78366530040143,22.435040629511686,22.444155215875877,106405600,0.007176371233194034,0.007150743616969747,0.7176371233194034,0.7150743616969747
2016-06-10,22.519344329833984,22.637830449824023,22.43959388960711,22.450985816251396,126851600,-0.008229014283152258,-0.008263059522339373,-0.8229014283152258,-0.8263059522339373
2016-06-13,22.17983055114746,22.58542169569288,22.125144788343775,22.487442095687204,152082000,-0.015076539250600263,-0.015191345652168758,-1.5076539250600263,-1.5191345652168757
2016-06-14,22.20717430114746,22.439591835307525,22.045394354803797,22.175274127977108,127727600,0.0012328205094689348,0.0012320612102536782,0.12328205094689348,0.12320612102536782
2016-06-15,22.13425636291504,22.423638701038083,22.10919169619796,22.28920078515296,117780800,-0.0032835306844353207,-0.0032889333009930156,-0.32835306844353207,-0.32889333009930155
2016-06-16,22.22768211364746,22.273253292019113,21.890449483038555,21.977035417316305,125307200,0.004220866931357703,0.00421198405937314,0.4220866931357703,0.42119840593731406
2016-06-17,21.721834182739258,22.022608481926333,21.714998679780535,22.01577297896761,244032800,-0.02275756546822394,-0.023020515928421508,-2.275756546822394,-2.302051592842151
2016-06-20,21.6694278717041,22.004381456714007,21.653477783771688,21.87450167257029,137647600,-0.0024126098465846457,-0.002415524879222047,-0.24126098465846457,-0.24155248792220468
2016-06-21,21.8539981842041,21.95425514860418,21.573730327853145,21.632974264836903,142185600,0.008517544329862625,0.008481474720765781,0.8517544329862625,0.8481474720765781
2016-06-22,21.7719669342041,22.07729770373538,21.726394009955868,21.93146782299965,116876400,-0.0037536037711988213,-0.0037606662204644407,-0.3753603771198821,-0.3760666220464441
2016-06-23,21.89728355407715,21.94057738759953,21.703603451018928,21.860826961449543,128960800,0.005755870392958107,0.00573936866190514,0.5755870392958107,0.573936866190514
2016-06-24,21.282062530517578,21.569165783341536,21.111168026908114,21.170411941586124,301245600,-0.028095769141420313,-0.028498007299164588,-2.8095769141420313,-2.849800729916459
2016-06-27,20.972171783447266,21.202310180795983,20.84912754343197,21.190916519553806,181958400,-0.014561123792674824,-0.014668177440907176,-1.4561123792674824,-1.4668177440907177
2016-06-28,21.325359344482422,21.34131117057632,20.994963926386347,21.168137548481333,161779600,0.01684077188962929,0.01670053832840489,1.6840771889629291,1.670053832840489
2016-06-29,21.509920120239258,21.544099365868664,21.334467470608345,21.411940543263576,146124000,0.008654521256852288,0.008617285571547478,0.8654521256852288,0.8617285571547478
2016-06-30,21.783353805541992,21.822089478340487,21.487137689611927,21.51903785996703,143345600,0.012711980508261167,0.01263186155003476,1.2711980508261167,1.263186155003476
2016-07-01,21.849435806274414,21.981594663880156,21.72183510978838,21.758291706600488,104106000,0.0030336008551452576,0.0030290087727571574,0.30336008551452576,0.30290087727571574
2016-07-05,21.64436149597168,21.737784673958213,21.52359630564104,21.735505593453183,110820800,-0.009385794311624451,-0.009430118441851671,-0.9385794311624451,-0.9430118441851671
2016-07-06,21.767410278320312,21.79703311573814,21.503094253113787,21.55550094658784,123796400,0.005685027131501874,0.005668928350611167,0.5685027131501874,0.5668928350611167
2016-07-07,21.860824584960938,21.988425252929453,21.787909669203398,21.806137094321244,100558400,0.004291475441782877,0.004282293321571483,0.4291475441782877,0.4282293321571483
2016-07-08,22.029443740844727,22.077293999454746,21.885892965014673,21.98614990468037,115648400,0.007713302635427022,0.007683707204908229,0.7713302635427022,0.7683707204908229
2016-07-11,22.09780502319336,22.25047040152665,22.040840174105185,22.045396597123375,95179600,0.003103177871980778,0.0030983729533067637,0.3103177871980778,0.3098372953306764
2016-07-12,22.198055267333984,22.261855600883973,22.129698512142728,22.14109043546025,96670000,0.004536660724239638,0.004526401096905847,0.45366607242396384,0.4526401096905847
2016-07-13,22.072744369506836,22.255030876722028,22.06590712609078,22.195788674552603,103568800,-0.005645129553828676,-0.005661123518070113,-0.5645129553828676,-0.5661123518070114
2016-07-14,22.510223388671875,22.555794559238354,22.175269895879197,22.19121997942034,155676000,0.01981987431383514,0.01962601789169135,1.981987431383514,1.9626017891691347
2016-07-15,22.507951736450195,22.62643960051111,22.444151381230917,22.539851914059835,120548000,-0.00010091646726273495,-0.00010092155967202554,-0.010091646726273495,-0.010092155967202554
2016-07-18,22.747203826904297,22.81556060236729,22.46693600606127,22.48972159788227,145975600,0.010629669605459746,0.010573571851073986,1.0629669605459746,1.0573571851073986
2016-07-19,22.756317138671875,22.78593823253969,22.63555020575895,22.685679548019195,95119600,0.0004006343740938778,0.00040055414157158064,0.04006343740938778,0.04005541415715806
2016-07-20,22.776817321777344,22.890746981293095,22.726687993441832,22.785931903150043,105104000,0.0009008568029942321,0.000900451275034621,0.09008568029942321,0.0900451275034621
2016-07-21,22.656057357788086,23.013796501190217,22.587698851026794,22.74720145399346,130808000,-0.005301880516633717,-0.005315985362032905,-0.5301880516633717,-0.5315985362032905
2016-07-22,22.480609893798828,22.626439774975708,22.40085771073049,22.617325190098487,113254800,-0.007743953911246049,-0.007774094025605103,-0.7743953911246049,-0.7774094025605103
2016-07-25,22.17983055114746,22.52161961092135,22.084130031633748,22.387183415189565,161531600,-0.01337950100430041,-0.013469812985312383,-1.337950100430041,-1.3469812985312384
2016-07-26,22.027162551879883,22.323380396934194,21.970197715402424,22.061341801452127,224959200,-0.006883190514711979,-0.006906988939475447,-0.6883190514711979,-0.6906988939475447
2016-07-27,23.458126068115234,23.777129596654746,23.412554880507894,23.758900426240057,369379200,0.0649635881546271,0.06294060905074153,6.4963588154627105,6.294060905074153
2016-07-28,23.77484893798828,23.799913611037777,23.428503415240453,23.43078249599839,159479200,0.013501627067455502,0.013411292303257053,1.3501627067455502,1.3411292303257054
2016-07-29,23.74522590637207,23.822698999963638,23.62446071248406,23.740669483656855,110934800,-0.0012459819069082778,-0.0012467587877511479,-0.12459819069082778,-0.1246758787751148
2016-08-01,24.16448974609375,24.18727533810684,23.79080047410553,23.79080047410553,152671600,0.017656763569015688,0.017502693857147606,1.7656763569015688,1.7502693857147607
2016-08-02,23.80674171447754,24.16903718659589,23.697368479662824,24.164480765258382,135266400,-0.014804700425095518,-0.014915383783570388,-1.4804700425095518,-1.4915383783570388
2016-08-03,24.10523796081543,24.11662988389501,23.872820478105016,23.88193505962588,120810400,0.01253830742223605,0.01246035377394818,1.253830742223605,1.246035377394818
2016-08-04,24.2541561126709,24.283937671156025,24.118989890337996,24.187718714961047,109634800,0.006177833718030268,0.006158829134580653,0.6177833718030268,0.6158829134580653
2016-08-05,24.622995376586914,24.661940892005887,24.32517282231439,24.345790419472735,162213600,0.015207260240372777,0.015092788929478957,1.5207260240372777,1.5092788929478957
2016-08-08,24.82688331604004,24.82688331604004,24.549680166447377,24.632152285173014,112148800,0.008280387350720009,0.00824629302357106,0.8280387350720009,0.824629302357106
2016-08-09,24.927688598632812,24.957471902628445,24.74441466042447,24.79481556148187,105260800,0.004060327722555712,0.0040521068374270225,0.4060327722555712,0.40521068374270225
2016-08-10,24.74212646484375,24.948311201620122,24.68714445098562,24.904782827232136,96034000,-0.007444016843151657,-0.007471861808187999,-0.7444016843151657,-0.7471861808187998
2016-08-11,24.72608184814453,24.95517553644464,24.70775393359745,24.86124628527545,109938000,-0.0006484736355226728,-0.0006486839854931794,-0.06484736355226728,-0.06486839854931795
2016-08-12,24.78335952758789,24.84292438617509,24.691721686956768,24.691721686956768,74641600,0.002316488305552422,0.0023138093828486356,0.2316488305552422,0.23138093828486356
2016-08-15,25.0811824798584,25.09492754442996,24.760450906365758,24.774195970937317,103472800,0.012017053294932856,0.011945421805245377,1.2017053294932856,1.1945421805245378
2016-08-16,25.05827522277832,25.253006320033588,25.019329702465953,25.115548663654174,135177600,-0.0009133244454672118,-0.0009137417803660155,-0.09133244454672118,-0.09137417803660156
2016-08-17,25.021615982055664,25.05598038908108,24.820012393024626,24.994124106866064,101424000,-0.001462959457374513,-0.0014640306274078256,-0.1462959457374513,-0.14640306274078257
2016-08-18,24.989547729492188,25.108675715492865,24.975800915373384,25.02391214301918,87938800,-0.0012816219618458913,-0.0012824439416590809,-0.12816219618458913,-0.12824439416590808
2016-08-19,25.053686141967773,25.12928747934319,24.824592451384927,24.918519955643898,101472400,0.0025666095749259377,0.0025633214575781537,0.25666095749259377,0.2563321457578154
2016-08-22,24.858964920043945,24.994129402375847,24.707762196235322,24.93914738819395,103280800,-0.007772158588577827,-0.007802519227252072,-0.7772158588577827,-0.7802519227252072
2016-08-23,24.936853408813477,25.044527746957115,24.86354348145878,24.877288546635743,85030800,0.0031332152814911307,0.003128316991422216,0.31332152814911307,0.3128316991422216
2016-08-24,24.74899673461914,24.913944508954565,24.668814274274574,24.87270756537071,94700400,-0.007533295043870347,-0.007561813627190893,-0.7533295043870347,-0.7561813627190893
2016-08-25,24.643613815307617,24.71463231618468,24.439720524273138,24.60237687173623,100344800,-0.004258068334709986,-0.004267159724699888,-0.42580683347099857,-0.4267159724699888
2016-08-26,24.499290466308594,24.73067393580035,24.354960259960663,24.606964827283427,111065200,-0.005856419844940786,-0.005873635920927061,-0.5856419844940786,-0.587363592092706
2016-08-29,24.47179412841797,24.613832881617334,24.350374721449985,24.425976077887384,99881200,-0.001122332009101945,-0.001122962295308996,-0.11223320091019451,-0.1122962295308996
2016-08-30,24.283937454223633,24.398484329007708,24.16939057943956,24.238119403448643,99455600,-0.007676456953198518,-0.0077060726084313465,-0.7676456953198518,-0.7706072608431347
2016-08-31,24.30684471130371,24.414519045422956,24.201461803910494,24.206044657362554,118649600,0.0009433090133450506,0.0009428643769954028,0.09433090133450506,0.09428643769954029
2016-09-01,24.451175689697266,24.46721218161649,24.196881497944915,24.316009473938212,106806000,0.005937873883171463,0.005920314187264351,0.5937873883171463,0.592031418726435
2016-09-02,24.680265426635742,24.742119957477087,24.471789317657468,24.673391147345598,107210000,0.00936927286629441,0.00932565347227417,0.9369272866294409,0.9325653472274169
2016-09-06,24.67340087890625,24.810858553384605,24.629874246645244,24.719220686348013,107521600,-0.00027813913711327576,-0.00027817782497697844,-0.027813913711327576,-0.027817782497697844
2016-09-07,24.824596405029297,24.9162342454262,24.52906528736866,24.703177009338134,169457200,0.0061278753936311325,0.006109176316737729,0.6127875393631133,0.6109176316737729
2016-09-08,24.17397117614746,24.574885229446362,24.109825207275087,24.570304123604007,212008000,-0.02620889452809083,-0.026558469109806446,-2.620889452809083,-2.6558469109806446
2016-09-09,23.62643814086914,24.21979187060213,23.62643814086914,23.972370197635943,186228000,-0.022649693394959147,-0.02291013787256976,-2.2649693394959147,-2.291013787256976
2016-09-12,24.155649185180664,24.219795165153805,23.48898543364512,23.51647731699655,181171200,0.022399103968028466,0.022151928240151133,2.2399103968028466,2.215192824015113
2016-09-13,24.730674743652344,24.923114442453514,24.568018357151445,24.629874661277412,248704800,0.023805013645605166,0.023526092124105207,2.3805013645605166,2.352609212410521
2016-09-14,25.605802536010742,25.894461092548962,24.879575913559066,24.909359213711117,443554800,0.03538632897927774,0.034774621785667315,3.5386328979277737,3.4774621785667312
2016-09-15,26.476362228393555,26.513018064052147,25.999846851910497,26.084612160986165,359934400,0.03399853182334356,0.03343335618517474,3.399853182334356,3.3433356185174743
2016-09-16,26.327449798583984,26.604652989154474,26.125847954854454,26.373269591145036,319547600,-0.005624353849105201,-0.0056402300842430106,-0.5624353849105201,-0.5640230084243011
2016-09-19,26.02046775817871,26.616111140609824,25.9448664034801,26.389308824360544,188092000,-0.011660151011731679,-0.011728663671920781,-1.1660151011731679,-1.172866367192078
2016-09-20,26.018171310424805,26.144173543940205,25.775332548936447,25.899043356066237,138057200,-8.825543703705474e-05,-8.82593317772944e-05,-0.008825543703705474,-0.00882593317772944
2016-09-21,26.013593673706055,26.114393726111114,25.759299494232636,26.082320743821352,144012800,-0.00017593998687048806,-0.00017595546612561797,-0.017593998687048806,-0.017595546612561797
2016-09-22,26.258724212646484,26.33203413703288,26.11668546946502,26.196867926161627,124296000,0.009423170901150968,0.009379049783554968,0.9423170901150968,0.9379049783554968
2016-09-23,25.82115364074707,26.297669010181558,25.555405827538955,26.212903702359732,209924800,-0.016663816884472826,-0.016804220236993715,-1.6663816884472826,-1.6804220236993714
2016-09-26,25.860105514526367,25.976943832886214,25.555412112457752,25.57602971389645,119477600,0.0015085256964595395,0.00150738901457007,0.15085256964595395,0.150738901457007
2016-09-27,25.908206939697266,25.92882628256868,25.736386656436167,25.88758934467216,98429600,0.0018600629894520715,0.0018583352144714653,0.18600629894520715,0.18583352144714654
2016-09-28,26.105234146118164,26.263309405238047,25.986106155894436,26.04567102492967,118564400,0.0076048183063957,0.007576047448357827,0.76048183063957,0.7576047448357828
2016-09-29,25.699737548828125,26.07087006177409,25.61268255100721,25.92425019815642,143548000,-0.015533153045874326,-0.015655056478478823,-1.5533153045874326,-1.5655056478478824
2016-09-30,25.8990535736084,25.972363516253836,25.612686337048586,25.76388732907178,145516400,0.007755566546217896,0.007725646737136509,0.7755566546217896,0.7725646737136509
2016-10-03,25.77762794494629,25.899049100467856,25.722645934420125,25.82115631669641,86807200,-0.004688419533053656,-0.00469944464564554,-0.4688419533053656,-0.469944464564554
2016-10-04,25.88758659362793,26.18769876385392,25.802821300335694,25.90133165551733,118947200,0.004265662027417072,0.0042565898811408555,0.4265662027417072,0.42565898811408553
2016-10-05,25.8990535736084,26.038800924877343,25.81657966965142,25.979236050275766,85812400,0.00044295283915318784,0.00044285476450489137,0.044295283915318784,0.044285476450489136
2016-10-06,26.091487884521484,26.194579376189363,25.917376139540035,26.047959511314456,115117200,0.0074301676841650455,0.0074026999641878255,0.7430167684165045,0.7402699964187825
2016-10-07,26.130435943603516,26.244982833411136,26.004435413523233,26.187709388507326,97433600,0.001492749637522106,0.0014916365943075027,0.1492749637522106,0.14916365943075027
2016-10-10,26.586326599121094,26.74669150213669,26.281631535545106,26.35035860204621,144944000,0.017446729802040428,0.017296282961185686,1.7446729802040428,1.7296282961185687
2016-10-11,26.643600463867188,27.191134317484888,26.620689693479395,26.964330275139694,256164000,0.002154260180794898,0.0021519430894799386,0.2154260180794898,0.21519430894799385
2016-10-12,26.88186264038086,27.02848426396819,26.74669815249531,26.884154067521216,150347200,0.008942566783974648,0.008902818823738157,0.8942566783974648,0.8902818823738158
2016-10-13,26.79938507080078,26.90476797594042,26.510726484120458,26.75585670316942,140769600,-0.0030681493571871332,-0.0030728657770170615,-0.3068149357187133,-0.30728657770170614
2016-10-14,26.94829750061035,27.072008336808725,26.83375062426148,27.005570938784786,142608800,0.005556561444084007,0.005541180706248307,0.5556561444084007,0.5541180706248306
2016-10-17,26.929967880249023,26.996403521918943,26.753564734466906,26.879566981454133,94499600,-0.0006801773047411253,-0.0006804087302702798,-0.06801773047411253,-0.06804087302702798
2016-10-18,26.911643981933594,27.081172873141668,26.907061127987973,27.074300340069897,98214000,-0.0006804277820497973,-0.0006806593780953046,-0.06804277820497973,-0.06806593780953046
2016-10-19,26.83146095275879,26.978080814699002,26.070869763501435,26.861242511393115,80138400,-0.002979492045474208,-0.0029839395683350085,-0.2979492045474208,-0.29839395683350084
2016-10-20,26.817716598510742,26.891026536204105,26.65047912245094,26.771898542894935,96503200,-0.0005122477032557526,-0.0005123789469319263,-0.051224770325575264,-0.05123789469319263
2016-10-21,26.71232795715332,26.783348200363697,26.63901803514478,26.76043742961082,92770800,-0.003929814120090858,-0.00393755612936135,-0.39298141200908576,-0.393755612936135
2016-10-24,26.952878952026367,26.973496549729994,26.803967670951774,26.826876695460204,94154800,0.009005242645226952,0.00896493724025973,0.9005242645226952,0.8964937240259729
2016-10-25,27.090335845947266,27.115536298189827,26.874987162364132,27.021607022040897,192516000,0.005099896532966275,0.005086936106522432,0.5099896532966275,0.5086936106522432
2016-10-26,26.480945587158203,26.50614603935615,25.95861211950365,26.187705868323828,264536800,-0.022494747287536088,-0.02275161351816514,-2.2494747287536088,-2.275161351816514
2016-10-27,26.226654052734375,26.542802807956477,26.139597306511195,26.43512846258359,138248000,-0.009602811711797221,-0.009649216021704836,-0.9602811711797221,-0.9649216021704836
2016-10-28,26.05253791809082,26.39388706887383,25.990681635371622,26.08690232539633,151446800,-0.0066389000401445575,-0.006661035561753622,-0.6638900040144557,-0.6661035561753622
2016-10-31,26.01130485534668,26.16938010380211,25.9334120706561,26.03650530793658,105677600,-0.001582688906308416,-0.0015839426814607993,-0.1582688906308416,-0.15839426814607993
2016-11-01,25.541662216186523,26.063995697126007,25.32173242146709,25.99297719249639,175303200,-0.01805532793421627,-0.018220314306816372,-1.805532793421627,-1.8220314306816372
2016-11-02,25.5645694732666,25.7386812041485,25.48209733531888,25.521042851431016,113326800,0.0008968585085100678,0.0008964565712205571,0.08968585085100678,0.0896456571220557
2016-11-03,25.290544509887695,25.66588382884695,25.226069216502793,25.555355256421397,107730400,-0.010718935191357692,-0.010776796825374683,-1.0718935191357692,-1.0776796825374684
2016-11-04,25.062583923339844,25.387265440271594,24.894487820797455,24.99120079131394,123348000,-0.009013668585060586,-0.009054537466805906,-0.9013668585060586,-0.9054537466805906
2016-11-07,25.424116134643555,25.44714278743783,25.20535854104547,25.348126599283557,130240000,0.014425177085074292,0.014322124074479635,1.4425177085074292,1.4322124074479634
2016-11-08,25.573781967163086,25.725760988623172,25.26061467156694,25.401079491951407,97016800,0.005886766396397736,0.005869507088313999,0.5886766396397736,0.5869507088313999
2016-11-09,25.532331466674805,25.633650807028452,24.88066884225742,25.302061516285825,236705600,-0.0016208201251384224,-0.001622135075134474,-0.16208201251384224,-0.1622135075134474
2016-11-10,24.82080078125,25.580690643591737,24.36947184170158,25.580690643591737,228538000,-0.027867830493799817,-0.02826350690748235,-2.7867830493799817,-2.826350690748235
2016-11-11,24.968172073364258,25.069491418921867,24.535265176853336,24.666518985043695,136575600,0.005937410860071157,0.005919853897201824,0.5937410860071157,0.5919853897201824
2016-11-14,24.341838836669922,24.825405432611902,23.966499410025815,24.802378786485235,204702000,-0.02508526594794258,-0.025405264062761307,-2.508526594794258,-2.540526406276131
2016-11-15,24.664213180541992,24.795466974827097,24.44545744234022,24.539867203300282,129058000,0.013243631511783205,0.013156701297333906,1.3243631511783205,1.3156701297333906
2016-11-16,25.327390670776367,25.38265672229523,24.54677570048004,24.569802343536107,235362000,0.026888248385623204,0.026533111379850396,2.6888248385623204,2.6533111379850394
2016-11-17,25.318180084228516,25.41028841480842,25.06027886678912,25.28594243204859,110528000,-0.00036366109196073193,-0.0003637272326913279,-0.03636610919607319,-0.03637272326913279
2016-11-18,25.343517303466797,25.454047683732274,25.251410702869826,25.265226341595213,113715600,0.0010007519953640909,0.0010002515769213204,0.10007519953640909,0.10002515769213204
2016-11-21,25.72806739807129,25.787936332055246,25.332002724291176,25.35733256436925,117058400,0.015173509264710061,0.015059542972688248,1.5173509264710061,1.505954297268825
2016-11-22,25.744182586669922,25.886948839478784,25.652074250032346,25.778721675691163,103862000,0.0006263660752008349,0.00062616998984729,0.06263660752008349,0.062616998984729
2016-11-23,25.612930297851562,25.67740561027784,25.405686967323877,25.642864762386477,109705600,-0.005098328073788627,-0.005111368891490283,-0.5098328073788627,-0.5111368891490283
2016-11-25,25.741880416870117,25.760302436292914,25.548452726571675,25.589901391862735,45903600,0.00503457111384753,0.005021940037659222,0.503457111384753,0.5021940037659222
2016-11-28,25.69121742248535,25.898460722164202,25.64976876254958,25.658979771070893,108776000,-0.0019681155208678414,-0.0019700548051276422,-0.19681155208678414,-0.19700548051276423
2016-11-29,25.665895462036133,25.797149299295395,25.345820284214057,25.509311782777644,114115200,-0.0009856271126745808,-0.0009861131624793568,-0.09856271126745808,-0.09861131624793569
2016-11-30,25.449434280395508,25.836287869395303,25.391866792489708,25.698126249785442,144649200,-0.008433805941460482,-0.00846957171918049,-0.8433805941460482,-0.846957171918049
2016-12-01,25.212263107299805,25.546155678597984,25.10633911265993,25.414901842107188,148347600,-0.009319310224447874,-0.009363006688468827,-0.9319310224447874,-0.9363006688468827
2016-12-02,25.306673049926758,25.350423154767572,25.06488885007847,25.138575178927937,106112000,0.0037446040533988256,0.00373761047698635,0.37446040533988256,0.373761047698635
2016-12-05,25.124759674072266,25.336607651031624,24.92672733483875,25.329699832168703,137298000,-0.0071883560314546235,-0.0072143167473970584,-0.7188356031454624,-0.7214316747397058
2016-12-06,25.318180084228516,25.412591606198497,25.143176188629006,25.214559310338796,104782000,0.0076983984191438815,0.007668916960041026,0.7698398419143881,0.7668916960041027
2016-12-07,25.566877365112305,25.603721407732273,25.136273597120493,25.159300245347648,119994800,0.009822873526312836,0.009774942727344974,0.9822873526312836,0.9774942727344974
2016-12-08,25.817873001098633,25.889256138829317,25.467861617704155,25.527732309541232,108273200,0.009817219068325889,0.009769343256421719,0.9817219068325889,0.9769343256421719
2016-12-09,26.2392635345459,26.41196601965301,25.86162090765732,25.86162090765732,137610400,0.016321659550704748,0.016189893096939502,1.6321659550704748,1.6189893096939503
2016-12-12,26.08959197998047,26.481050281412198,25.903072083360275,26.087288788046205,105497600,-0.005704106533644726,-0.005720437079710577,-0.5704106533644726,-0.5720437079710576
2016-12-13,26.524805068969727,26.692901205472577,26.193215666698723,26.213939125930217,174935200,0.016681483149418863,0.016543875434609164,1.6681483149418863,1.6543875434609163
2016-12-14,26.524805068969727,26.757376532176185,26.476448573942022,26.490264213429683,136127200,0.0,0.0,0.0,0.0
2016-12-15,26.66986846923828,26.8794149900372,26.534010027083767,26.568549117922718,186098000,0.005468971398333133,0.005454070876585965,0.5468971398333133,0.5454070876585966
2016-12-16,26.704404830932617,26.82644761625008,26.63071852148697,26.819539799242705,177404400,0.001294958081033304,0.0012941203459606973,0.1294958081033304,0.12941203459606973
2016-12-19,26.858686447143555,27.02908571582107,26.653746335091068,26.66526053515615,111117600,0.005777384562123844,0.005760759478202669,0.5777384562123844,0.5760759478202669
2016-12-20,26.930070877075195,27.05672005666432,26.867898761435306,26.881714396728537,85700000,0.0026577781483141383,0.002654252501514372,0.26577781483141383,0.2654252501514372
2016-12-21,26.955402374267578,27.03369507833526,26.89092706316505,26.895533446426928,95132800,0.0009406398263120952,0.0009401977019021697,0.09406398263120952,0.09401977019021697
2016-12-22,26.77809715270996,26.828756831231956,26.628421308936957,26.791912789826654,104343600,-0.006577724906339344,-0.006599453474252111,-0.6577724906339344,-0.659945347425211
2016-12-23,26.831056594848633,26.831056594848633,26.61690544877681,26.61690544877681,56998000,0.0019777149151658513,0.001975761811720269,0.19777149151658513,0.1975761811720269
2016-12-27,27.00145721435547,27.125803209159262,26.824148353371736,26.831056171390763,73187600,0.006350872501217575,0.006330790690288136,0.6350872501217575,0.6330790690288136
2016-12-28,26.88632583618164,27.176464772827636,26.75737344085162,27.06132977220982,83623600,-0.004263894991290207,-0.0042730113147982345,-0.4263894991290207,-0.42730113147982346
2016-12-29,26.87940788269043,26.966909817713006,26.803418389296596,26.814930830925345,60158000,-0.00025730378830346456,-0.00025733689660258454,-0.025730378830346456,-0.025733689660258453
2016-12-30,26.66986846923828,26.987640402700062,26.580063319416027,26.8609929703761,122345200,-0.007795536805224268,-0.007826080843935351,-0.7795536805224268,-0.7826080843935351
2017-01-03,26.745853424072266,26.78730208283485,26.425778353502388,26.665259297817293,115127600,0.0028490937224392443,0.002845042747500399,0.28490937224392443,0.2845042747500399
2017-01-04,26.715919494628906,26.82875303786345,26.653747379573833,26.67677402378607,84472400,-0.0011191988892161886,-0.0011198256599907457,-0.11191988892161886,-0.11198256599907458
2017-01-05,26.851783752441406,26.90935125010862,26.667567057178076,26.6928968966973,88774400,0.005085516814789637,0.005072629248974465,0.5085516814789637,0.5072629248974465
2017-01-06,27.151134490966797,27.20870198661537,26.81954515384844,26.8909282862701,127007600,0.011148262673543075,0.011086578815070473,1.1148262673543075,1.1086578815070474
2017-01-09,27.399822235107422,27.50114158038002,27.158039829552894,27.1603412642579,134247600,0.009159386847108042,0.009117694056951741,0.9159386847108042,0.9117694056951741
2017-01-10,27.42745590209961,27.489628020170905,27.2409377910653,27.3491631997953,97848400,0.0010085345355554942,0.0010080263062832687,0.10085345355554942,0.10080263062832687
2017-01-11,27.5748233795166,27.61627203608012,27.310012615739687,27.3422502645313,110354400,0.0053729911349784665,0.005358608115000626,0.5372991134978466,0.5358608115000626
2017-01-12,27.45969581604004,27.471210018062205,27.220214819907678,27.379101672346597,108344800,-0.004175097040225562,-0.004183837093402859,-0.41750970402255616,-0.41838370934028596
2017-01-13,27.411334991455078,27.544891983763733,27.3583721300843,27.427453817642654,104447600,-0.0017611566023506553,-0.0017627092618918568,-0.17611566023506553,-0.1762709261891857
2017-01-17,27.632394790649414,27.687659088321013,27.2225145490127,27.25014581943833,137759200,0.008064539697291151,0.008032195076976808,0.8064539697291151,0.8032195076976808
2017-01-18,27.630088806152344,27.74752696405092,27.565613505916318,27.632391997395107,94852000,-8.345221304706385e-05,-8.345569537673516e-05,-0.008345221304706385,-0.008345569537673516
2017-01-19,27.581729888916016,27.653112999739974,27.487320138163685,27.494227954460197,102389200,-0.0017502266306708147,-0.00175176006680188,-0.17502266306708147,-0.175176006680188
2017-01-20,27.632394790649414,27.736015568386208,27.570222675371404,27.736015568386208,130391600,0.0018369008012713017,0.001835215762178658,0.18369008012713017,0.1835215762178658
2017-01-23,27.65081214904785,27.818908205210384,27.579427279897413,27.63239013398838,88200800,0.000666513291300852,0.0006662912699650816,0.0666513291300852,0.06662912699650816
2017-01-24,27.625484466552734,27.655418925737962,27.517257315684336,27.528771515197217,92844000,-0.0009159833121208383,-0.0009164030811887637,-0.09159833121208383,-0.09164030811887637
2017-01-25,28.065298080444336,28.11595774549386,27.69686654847525,27.729104197721288,129510400,0.015920575598379116,0.015795172476930578,1.5920575598379116,1.579517247693058
2017-01-26,28.079118728637695,28.194253705538035,28.00082603079889,28.016944857292128,105350400,0.0004924461573059258,0.0004923249454888996,0.04924461573059258,0.049232494548889956
2017-01-27,28.081418991088867,28.173527320128414,28.000824861986857,28.12517084266721,82251600,8.192074948665251e-05,8.191739416529999e-05,0.008192074948665251,0.00819173941653
2017-01-30,28.00773048400879,28.00773048400879,27.78437013138144,27.846542238438513,121510000,-0.0026241019765939066,-0.00262755096717562,-0.26241019765939066,-0.26275509671756203
2017-01-31,27.94325828552246,27.952469294408267,27.775162204612315,27.89720499791373,196804000,-0.002301942976891236,-0.002304596520612012,-0.23019429768912358,-0.23045965206120123
2017-02-01,29.647253036499023,30.047923973514425,29.246583856303737,29.251188481832827,447940000,0.06098053181791663,0.05919351056427265,6.098053181791663,5.9193510564272644
2017-02-02,29.596593856811523,29.79462613739134,29.423891409107274,29.46994644925383,134841600,-0.001708730978385531,-0.0017101925243269546,-0.1708730978385531,-0.17101925243269547
2017-02-03,29.723255157470703,29.74858500068868,29.511407156757485,29.54594625494485,98029200,0.004279590458009075,0.004270459053941409,0.4279590458009075,0.42704590539414095
2017-02-06,30.001880645751953,30.05023889802704,29.681805444778412,29.734770081470604,107383600,0.009373989719669629,0.009330326531461682,0.9373989719669629,0.9330326531461682
2017-02-07,30.287403106689453,30.416353703156428,30.038711164800187,30.0594346148809,152735200,0.009516818772423496,0.009471819129665975,0.9516818772423496,0.9471819129665975
2017-02-08,30.40484619140625,30.446296614324577,30.216026637519,30.245962858868847,92016400,0.003877621475274484,0.0038701228793485763,0.3877621475274484,0.38701228793485765
2017-02-09,30.62455940246582,30.63149717177017,30.323909793400347,30.446481756277915,113399600,0.00722625629073792,0.007200272005061061,0.722625629073792,0.720027200506106
2017-02-10,30.5551700592041,30.74481178011904,30.5389831114215,30.633803971878972,80262000,-0.0022658070716972123,-0.0022683778966032507,-0.22658070716972123,-0.22683778966032506
2017-02-13,30.825756072998047,30.948331542097435,30.700872719724458,30.777191696842994,92141600,0.008855653994713553,0.008816672658655997,0.8855653994713553,0.8816672658655997
2017-02-14,31.22585105895996,31.242038007125107,30.81650512475263,30.86738443991398,132904800,0.012979243234600757,0.012895734666290395,1.2979243234600757,1.2895734666290395
2017-02-15,31.33915901184082,31.514925138775997,31.133330412303636,31.34147395279949,142492400,0.003628658596587675,0.0036220908981442696,0.3628658596587675,0.36220908981442695
2017-02-16,31.302169799804688,31.429364557891073,31.184220693315968,31.37617383020724,90338400,-0.0011802873211166354,-0.0011809844087599516,-0.11802873211166354,-0.11809844087599516
2017-02-17,31.387739181518555,31.41317883990692,31.24435394089768,31.24435394089768,88792800,0.0027336565567541715,0.0027299269131659835,0.27336565567541715,0.27299269131659837
2017-02-21,31.614381790161133,31.625945913088973,31.447868300849873,31.505685386614203,98028800,0.007220736967765706,0.0071947922649728885,0.7220736967765706,0.7194792264972888
2017-02-22,31.709199905395508,31.7115113182305,31.477931582412204,31.551935610752093,83347600,0.002999208267418396,0.002994719614998791,0.2999208267418396,0.2994719614998791
2017-02-23,31.57506561279297,31.79476982608597,31.52187488362987,31.771645109824725,83152800,-0.0042301380357350205,-0.004239110381415917,-0.42301380357350205,-0.4239110381415917
2017-02-24,31.60512924194336,31.60512924194336,31.285977833286587,31.431678003129807,87106400,0.0009521319613097212,0.0009516789711886262,0.09521319613097212,0.09516789711886263
2017-02-27,31.667570114135742,31.785519218610354,31.51724711412349,31.716138015191394,81029600,0.0019756562839654546,0.001973707241758728,0.19756562839654546,0.19737072417587279
2017-02-28,31.681447982788086,31.785518019553354,31.61437819475917,31.702261284366248,93931600,0.00043823598092074256,0.00043813998357855805,0.043823598092074256,0.04381399835785581
2017-03-01,32.3289909362793,32.412247657275685,31.82251637316461,31.889582620887936,145658400,0.0204391842772782,0.02023310744716346,2.04391842772782,2.023310744716346
2017-03-02,32.13705062866211,32.44232300766749,32.09079413677125,32.37756815367014,104844000,-0.005937095531237113,-0.005954790154116144,-0.5937095531237113,-0.5954790154116144
2017-03-03,32.326683044433594,32.33824716533462,32.05147319981067,32.095414741910034,84432400,0.005900741109153174,0.0058833999201399504,0.5900741109153174,0.588339992013995
2017-03-06,32.22493362426758,32.324380857751315,32.05379729003433,32.231871393013506,87000000,-0.0031475366657989223,-0.003152500578130918,-0.31475366657989223,-0.3152500578130918
2017-03-07,32.266563415527344,32.37294488772751,32.09773496754085,32.160178414451956,69785200,0.0012918503338177345,0.0012910166131262322,0.12918503338177345,0.1291016613126232
2017-03-08,32.14631271362305,32.33132816882923,32.10468608886171,32.13474858600836,74828800,-0.00372678987705366,-0.0037337516605662068,-0.372678987705366,-0.3733751660566207
2017-03-09,32.072288513183594,32.09772816921292,31.695323556043782,32.08616757646052,88623600,-0.0023027275662655944,-0.0023053829205426685,-0.23027275662655944,-0.23053829205426685
2017-03-10,32.17866516113281,32.229544460019554,32.063031032549056,32.20410481057618,78451200,0.003316777594635667,0.003311289220292502,0.3316777594635667,0.3311289220292502
2017-03-13,32.19255065917969,32.24574138671217,32.10467109388138,32.11160886143455,69686800,0.0004315125558298494,0.0004314194810612549,0.04315125558298494,0.04314194810612549
2017-03-14,32.143985748291016,32.29662016078054,32.109293382231215,32.215678364390186,61236400,-0.001508576049248922,-0.0015097150958001326,-0.1508576049248922,-0.15097150958001326
2017-03-15,32.48394775390625,32.551014009818594,32.15323224191797,32.24111532727662,102767200,0.010576224376073418,0.010520687353202765,1.0576224376073418,1.0520687353202764
2017-03-16,32.53715133666992,32.6134703311406,32.43770409095031,32.54408910626947,76928000,0.00163784227110364,0.00163650247017337,0.163784227110364,0.163650247017337
2017-03-17,32.375244140625,32.60882380671838,32.35211590368076,32.60882380671838,175540000,-0.004976071640987456,-0.004988493510684619,-0.4976071640987456,-0.4988493510684619
2017-03-20,32.71521759033203,32.72446677028318,32.43075502037318,32.47007021069586,86168000,0.01050103122714141,0.010446278372785776,1.050103122714141,1.0446278372785776
2017-03-21,32.34055709838867,33.025112795244745,32.31511744511997,32.865537109184174,158119600,-0.011452177901885019,-0.011518259091371582,-1.145217790188502,-1.151825909137158
2017-03-22,32.705955505371094,32.7475856254029,32.32204936327906,32.34286618773169,103440800,0.011298457409709473,0.011235106571031658,1.1298457409709473,1.1235106571031657
2017-03-23,32.590328216552734,32.742966140564654,32.51863560860373,32.66895859115008,81385200,-0.0035353588369974043,-0.0035416229864191416,-0.3535358836997404,-0.3541622986419142
2017-03-24,32.52558517456055,32.779981806867895,32.458518896338866,32.72447612467116,89582400,-0.001986572260395447,-0.0019885481122836964,-0.19865722603954472,-0.19885481122836965
2017-03-27,32.58108139038086,32.65971177065704,32.058412739296315,32.23649033017133,94300400,0.0017062326633778824,0.0017047787020563496,0.17062326633778824,0.17047787020563496
2017-03-28,33.25638961791992,33.31189176374392,32.520954425876965,32.58802422391429,133499200,0.020727004713184227,0.02051512312953764,2.0727004713184227,2.051512312953764
2017-03-29,33.330387115478516,33.41595878829196,33.11530928486144,33.22862849626748,116760000,0.002225061060708855,0.0022225892782457954,0.2225061060708855,0.22225892782457954
2017-03-30,33.286441802978516,33.41826641626547,33.18699813656813,33.346573814179116,84829200,-0.0013184759105180355,-0.001319345864641123,-0.13184759105180355,-0.1319345864641123
2017-03-31,33.2240104675293,33.36508429564354,33.07368392967407,33.23788600326598,78646800,-0.0018755785258979252,-0.001877339625699832,-0.18755785258979252,-0.1877339625699832
2017-04-03,33.23325729370117,33.33038956585056,33.082934295371665,33.2355722354098,79942800,0.00027831757941787494,0.00027827885626509124,0.027831757941787494,0.027827885626509126
2017-04-04,33.480716705322266,33.50846777533685,33.11068597037959,33.129187860014184,79565600,0.007446137747923798,0.007418552117211841,0.7446137747923798,0.7418552117211841
2017-04-05,33.30726623535156,33.64029319877768,33.25869833282079,33.35351919607748,110871600,-0.005180608034687895,-0.005194073912248564,-0.5180608034687895,-0.5194073912248564
2017-04-06,33.2240104675293,33.4229013804629,33.17544256357612,33.36970712163922,84596000,-0.0024996277759326,-0.002502757061228354,-0.24996277759326002,-0.2502757061228354
2017-04-07,33.14999771118164,33.34426223880752,33.13381076498328,33.240192208213244,66688800,-0.002227688810175099,-0.00223017380010135,-0.2227688810175099,-0.223017380010135
2017-04-10,33.110687255859375,33.274889327194714,33.048243817027654,33.21013447539691,75733600,-0.0011858358382029754,-0.0011865394978587903,-0.11858358382029754,-0.11865394978587904
2017-04-11,32.75453567504883,33.1523174967134,32.391442692359455,33.057496631681495,121517600,-0.010756393488858262,-0.0108146617032284,-1.0756393488858262,-1.08146617032284
2017-04-12,32.793846130371094,32.87478791924265,32.61114219450171,32.74759317546245,81400000,0.0012001530326137821,0.0011994334246651641,0.12001530326137821,0.11994334246651642
2017-04-13,32.62039566040039,32.92798293455409,32.62039566040039,32.81928654711352,71291600,-0.005289116417792394,-0.005303153311085283,-0.5289116417792394,-0.5303153311085284
2017-04-17,32.80078125,32.81234537001245,32.57876214393246,32.71983593878682,66328400,0.0055298406395047905,0.005514607203933234,0.552984063950479,0.5514607203933234
2017-04-18,32.65509033203125,32.849354899207185,32.6342770274499,32.70365823826272,58790000,-0.004441690484696892,-0.004451584098995643,-0.4441690484696892,-0.4451584098995643
2017-04-19,32.53483581542969,32.84011178788156,32.481645073154205,32.81236070997707,69313600,-0.0036825657310647353,-0.0036893630691406127,-0.36825657310647353,-0.36893630691406126
2017-04-20,32.94186782836914,33.05287566004394,32.645844591319445,32.65972012916938,93278400,0.012510652128338684,0.012433040563797229,1.2510652128338684,1.2433040563797229
2017-04-21,32.90253448486328,32.99735178417823,32.805402244599634,32.9418496633838,69283600,-0.0011940228681260878,-0.0011947362813752565,-0.11940228681260878,-0.11947362813752566
2017-04-24,33.21936798095703,33.29106056669834,33.11298304384622,33.186990570336015,68537200,0.009629455634778239,0.009583387928716602,0.9629455634778239,0.9583387928716602
2017-04-25,33.425209045410156,33.51077719210791,33.27257111167275,33.28182382037621,75486000,0.006196417239819896,0.006177298384802187,0.6196417239819896,0.6177298384802187
2017-04-26,33.228633880615234,33.44140386191959,33.15925620070607,33.411337848042365,80164800,-0.0058810451874171665,-0.005898406636106322,-0.5881045187417167,-0.5898406636106323
2017-04-27,33.254066467285156,33.33963813576577,33.14305867416402,33.284132474768136,56985200,0.0007653816512980249,0.0007650888961320509,0.0765381651298025,0.07650888961320508
2017-04-28,33.22169876098633,33.37202531348127,33.13381918313752,33.32345740479825,83441600,-0.0009733458111257365,-0.0009738198197676002,-0.09733458111257365,-0.09738198197676001
2017-05-01,33.899314880371094,34.042700126921005,33.52466128577298,33.55703871334473,134411600,0.02039679320012744,0.020191564591564397,2.039679320012744,2.0191564591564397
2017-05-02,34.11439895629883,34.248535046033865,33.95944955838308,34.1213367256924,181408800,0.006344791235066483,0.006324747783493354,0.6344791235066483,0.6324747783493354
2017-05-03,34.010318756103516,34.10976596924904,33.36508169256447,33.67035404157906,182788000,-0.0030509170139166875,-0.003055580549017502,-0.30509170139166875,-0.3055580549017502
2017-05-04,33.88774490356445,34.028818712660346,33.721231439422596,33.88543349087821,93487600,-0.0036040195159025012,-0.0036105296406893396,-0.3604019515902501,-0.36105296406893395
2017-05-05,34.449729919433594,34.45435274496605,33.94093680090705,33.94093680090705,109310800,0.016583724218545814,0.016447715887301585,1.6583724218545814,1.6447715887301584
2017-05-08,35.38636016845703,35.54593585491734,34.46591335230264,34.46591335230264,195009600,0.02718831907286079,0.026825282269802627,2.718831907286079,2.6825282269802626
2017-05-09,35.613014221191406,35.81884291000075,35.488127336953184,35.5852596197635,156521600,0.006405124789760519,0.006384699150756372,0.6405124789760519,0.6384699150756372
2017-05-10,35.44417190551758,35.601436155771424,35.178214820705925,35.52974356050255,103222800,-0.004741028507869394,-0.004752302832235521,-0.47410285078693937,-0.4752302832235521
2017-05-11,35.75072479248047,35.778593957851236,35.3698792711982,35.4023903445964,109020400,0.008648894034823496,0.008611706617002364,0.8648894034823496,0.8611706617002365
2017-05-12,36.24999237060547,36.32430184835647,35.917911815248516,35.92487821805518,130108000,0.013965243530671412,0.013868627984564452,1.3965243530671412,1.3868627984564452
2017-05-15,36.157108306884766,36.377719374463794,36.0061648247098,36.229096845874075,104038800,-0.002562319538473079,-0.0025656078976006615,-0.2562319538473079,-0.25656078976006613
2017-05-16,36.10368347167969,36.24069409022606,35.92951635010541,36.2128284846747,80194000,-0.0014775748865654137,-0.0014786675768252134,-0.14775748865654137,-0.14786675768252133
2017-05-17,34.891502380371094,35.894707344339146,34.7661035315958,35.669450772617836,203070800,-0.033574997749452606,-0.034151580602156,-3.3574997749452606,-3.4151580602156
2017-05-18,35.42327117919922,35.609050163687876,35.095839661114304,35.12835071764186,134272800,0.015240639197218409,0.015125667346953134,1.5240639197218409,1.5125667346953133
2017-05-19,35.544036865234375,35.757681510174486,35.44418271807944,35.61834989483456,107843200,0.003409218912172829,0.003403420699890082,0.3409218912172829,0.3403420699890082
2017-05-22,35.76000213623047,35.89701278335505,35.50920100363772,35.76232308936414,91865600,0.006075991644250545,0.0060576072384330906,0.6075991644250545,0.605760723843309
2017-05-23,35.71589279174805,35.971335927655765,35.602102263048735,35.971335927655765,79675600,-0.0012334827138540394,-0.0012342440798089555,-0.12334827138540394,-0.12342440798089555
2017-05-24,35.60905075073242,35.80179614026602,35.453461867396996,35.7251621750221,76712000,-0.0029914425390007437,-0.0029959258465031137,-0.2991442539000744,-0.29959258465031136
2017-05-25,35.73213577270508,35.843605313747204,35.537069391041626,35.69962470909451,76942400,0.0034565656589462534,0.0034506054664511674,0.34565656589462534,0.34506054664511676
2017-05-26,35.6717643737793,35.8180659533947,35.602096786179544,35.762331174626766,87710400,-0.001689554727705267,-0.0016909836349990846,-0.1689554727705267,-0.16909836349990848
2017-05-30,35.6856803894043,35.86216845728879,35.60672548088537,35.6276246842982,80507600,0.00039011290496260287,0.000390036830707683,0.03901129049626029,0.0390036830707683
2017-05-31,35.47437286376953,35.801808039519756,35.38613056151959,35.755364163055475,97804800,-0.00592135342044664,-0.005938954148090817,-0.592135342044664,-0.5938954148090817
2017-06-01,35.5719108581543,35.606746427774596,35.34897880372531,35.569589904222724,65616400,0.002749534001893039,0.0027457609477906032,0.2749534001893039,0.2745760947790603
2017-06-02,36.09904861450195,36.09904861450195,35.504558565386986,35.6647929311988,111082800,0.014818932793620787,0.014710205243789418,1.4818932793620787,1.4710205243789418
2017-06-05,35.74605941772461,35.866816284516716,35.636917944850886,35.84127163083837,101326800,-0.009778351793890194,-0.009826473835594263,-0.9778351793890194,-0.9826473835594263
2017-06-06,35.866825103759766,36.18264837987697,35.71123619071204,35.73910180396234,106499600,0.0033784335393141074,0.003372739453846407,0.33784335393141074,0.3372739453846407
2017-06-07,36.080482482910156,36.22213863936272,35.873804176949015,35.99920656774513,84278400,0.005956963810772153,0.005939291250323119,0.5956963810772153,0.5939291250323119
2017-06-08,35.99222183227539,36.11994156869703,35.855207653820855,36.05259849937361,85003200,-0.0024462159195507427,-0.002449212794045598,-0.24462159195507427,-0.2449212794045598
2017-06-09,34.59656524658203,36.03867095620318,33.909187474788965,36.03867095620318,259530800,-0.03877661657557996,-0.03954844809111266,-3.877661657557996,-3.954844809111266
2017-06-12,33.76984786987305,33.92543676083212,33.094078496969885,33.84416088591062,289229200,-0.023895937958484437,-0.02418607730847766,-2.3895937958484437,-2.418607730847766
2017-06-13,34.041542053222656,34.24125381851665,33.70714062822444,34.17391076038403,136661600,0.008045466606676488,0.008013274392534396,0.8045466606676488,0.8013274392534396
2017-06-14,33.7094841003418,34.25288495014194,33.402948107054954,34.25288495014194,126124800,-0.009754492095619516,-0.009802378815186358,-0.9754492095619516,-0.9802378815186358
2017-06-15,33.5074462890625,33.55156921439652,33.024425694460675,33.282193298333425,128661600,-0.00599350054358283,-0.006011533658391687,-0.599350054358283,-0.6011533658391687
2017-06-16,33.03834915161133,33.55620516651621,33.02209184964148,33.38900441439125,201444400,-0.013999787790581197,-0.014098709156990514,-1.3999787790581197,-1.4098709156990514
2017-06-19,33.983497619628906,34.076388903736074,33.36114196159167,33.36114196159167,130165600,0.028607617883095182,0.028206060400761252,2.860761788309518,2.8206060400761253
2017-06-20,33.674644470214844,34.10657924464875,33.658390708347625,34.10657924464875,99600400,-0.009088327307300692,-0.009129878096970209,-0.9088327307300692,-0.9129878096970209
2017-06-21,33.87434768676758,33.920795093838045,33.581748156797836,33.79307181127359,85063200,0.005930373421740853,0.0059128579719374364,0.5930373421740853,0.5912857971937436
2017-06-22,33.81861877441406,34.06709541067822,33.70018283912189,33.851129835517035,76425200,-0.0016451656241127655,-0.001646520395163877,-0.16451656241127655,-0.16465203951638768
2017-06-23,33.96957015991211,34.17392747367492,33.6978697550815,33.70251520587812,141757600,0.004463558565326542,0.004453626431932231,0.4463558565326542,0.4453626431932231
2017-06-26,33.86274337768555,34.434009700347254,33.76056473956652,34.17624215179792,102769600,-0.0031447787453203757,-0.0031497339534147005,-0.31447787453203757,-0.31497339534147006
2017-06-27,33.37739181518555,33.94169522684023,33.35184715797583,33.67463680265872,99047600,-0.014332907321969346,-0.014436615591541668,-1.4332907321969346,-1.4436615591541668
2017-06-28,33.86506271362305,33.93008483596802,33.24502805476496,33.55388490762354,88329600,0.014610815043242242,0.014505105509413366,1.4610815043242242,1.4505105509413367
2017-06-29,33.36578369140625,33.702509722280126,33.04067305735441,33.604976532064576,125997600,-0.014743189062985218,-0.01485295002859392,-1.4743189062985218,-1.485295002859392
2017-06-30,33.44474411010742,33.663034209976,33.389009336702564,33.544598259420724,92096400,0.0023665087393558437,0.0023637129674927287,0.23665087393558437,0.23637129674927287
2017-07-03,33.32398223876953,33.741984118396765,33.23109450704785,33.64445093705705,57111200,-0.0036107877201965177,-0.003617322349024005,-0.3610787720196518,-0.36173223490240053
2017-07-05,33.46099090576172,33.62354619838777,33.14284672280504,33.368103179529584,86278400,0.004111413396229446,0.004102984631032756,0.41114133962294463,0.4102984631032756
2017-07-06,33.145172119140625,33.323984736720405,33.07086263688104,33.21251874161098,96515200,-0.009438417036439661,-0.009483241163347669,-0.9438417036439661,-0.9483241163347669
2017-07-07,33.481895446777344,33.614264198357915,33.184650423351705,33.184650423351705,76806800,0.010159045981911419,0.010107789725088457,1.0159045981911419,1.0107789725088456
2017-07-10,33.68625259399414,33.89293082888166,33.29379533435106,33.46564155235199,84362400,0.006103511897695313,0.006084960914780595,0.6103511897695313,0.6084960914780595
2017-07-11,33.795406341552734,33.869719387969006,33.52835136080657,33.60962726895315,79127200,0.0032403054407439402,0.0032350669641949387,0.324030544074394,0.32350669641949387
2017-07-12,33.844173431396484,33.946348551163354,33.630528746253304,33.87436000484174,99538000,0.0014430094241473235,0.0014419692865469084,0.14430094241473235,0.14419692865469083
2017-07-13,34.31557846069336,34.482779229905475,33.77449868580418,33.788431492665154,100797600,0.013928690864690063,0.01383257810506599,1.3928690864690063,1.3832578105065991
2017-07-14,34.610504150390625,34.67785078484999,34.21340492186684,34.36202745628382,80528400,0.008594513131553017,0.008557790561963631,0.8594513131553017,0.8557790561963631
2017-07-17,34.73125457763672,35.04243239726825,34.50135618621704,34.55941190824262,95174000,0.0034888375714321462,0.0034827656960585394,0.3488837571432146,0.34827656960585396
2017-07-18,34.85200881958008,34.86362067178961,34.52457372184604,34.647651559699575,71475200,0.003476817736987714,0.0034707875793301506,0.3476817736987714,0.34707875793301507
2017-07-19,35.0703010559082,35.16318879245551,34.821820868312145,34.94489871378533,83692000,0.0062634047138621085,0.006243871116676081,0.6263404713862109,0.6243871116676081
2017-07-20,34.91239547729492,35.23750971496516,34.877563454142056,35.18177493447977,68974800,-0.004502544143021536,-0.004512711124568645,-0.4502544143021536,-0.4512711124568645
2017-07-21,34.896141052246094,34.93561852555064,34.57335131787063,34.83111891463383,105010400,-0.0004655774783314248,-0.0004656858931772358,-0.04655774783314248,-0.046568589317723584
2017-07-24,35.31877899169922,35.40005842173057,34.81021028841995,34.968123698453404,85972800,0.012111308778250285,0.012038553728251503,1.2111308778250285,1.2038553728251502
2017-07-25,35.469722747802734,35.725165780959614,35.25143268115461,35.25143268115461,75415600,0.004273753521858437,0.004264646974149603,0.42737535218584366,0.42646469741496035
2017-07-26,35.63691329956055,35.74605475820763,35.54402205127533,35.61136864921196,63124000,0.004713613155269636,0.004702538867085987,0.4713613155269636,0.47025388670859875
2017-07-27,34.963478088378906,35.76000445134357,34.20643273532199,35.704269681568036,129905200,-0.01889712516684061,-0.019077957602877078,-1.8897125166840611,-1.9077957602877078
2017-07-28,34.71731948852539,34.88684119353029,34.64533096489755,34.80788626719265,68854800,-0.007040449443596164,-0.007065350352336263,-0.7040449443596164,-0.7065350352336264
2017-07-31,34.53850555419922,34.91006355379913,34.39917396192902,34.81020587973777,79383600,-0.005150568562335978,-0.005163878462633162,-0.5150568562335978,-0.5163878462633162
2017-08-01,34.84505081176758,34.88452828403903,34.464205354244626,34.62443974039623,141474400,0.008875463852578092,0.008836308434394353,0.8875463852578092,0.8836308434394353
2017-08-02,36.49150466918945,37.09760655177292,36.26392722992396,36.988461510367614,279747200,0.04725072339013048,0.04616837159686267,4.725072339013048,4.616837159686267
2017-08-03,36.12692642211914,36.50777192249038,35.99920308955295,36.470615399663664,108389200,-0.009990770464944232,-0.01004101313427553,-0.9990770464944232,-1.004101313427553
2017-08-04,36.31733703613281,36.55188087558903,36.1547817244582,36.24302755512729,82239600,0.005270600985781471,0.0052567599807149205,0.5270600985781471,0.525675998071492
2017-08-07,36.87932586669922,36.90487053275964,36.38236889888449,36.47293570701855,87481200,0.01547439532824968,0.01535588786346036,1.547439532824968,1.535588786346036
2017-08-08,37.174232482910156,37.58062245105715,36.75390971137699,36.83054367344028,144823600,0.007996529472281688,0.00796472665940226,0.7996529472281688,0.796472665940226
2017-08-09,37.401817321777344,37.45058568678089,36.94898340434453,36.983815419747046,104526000,0.006122112648104139,0.006103448653116155,0.6122112648104139,0.6103448653116155
2017-08-10,36.21051788330078,37.30158761346341,36.04965421754066,37.278272698262356,163217200,-0.03185137845649344,-0.03236966883841569,-3.185137845649344,-3.2369668838415686
2017-08-11,36.71406173706055,36.96818133409081,36.38534442252871,36.50890556319154,105028400,0.013906010827643644,0.013810209381393952,1.3906010827643644,1.3810209381393952
2017-08-14,37.266597747802734,37.35052641481978,37.010148054874364,37.143036593215776,88490800,0.015049710781099401,0.014937587433472904,1.5049710781099401,1.4937587433472903
2017-08-15,37.674598693847656,37.814477489895324,37.334220197821885,37.45545133361468,117862000,0.010948167278537646,0.010888669958999469,1.0948167278537646,1.0888669958999468
2017-08-16,37.52305221557617,37.88674200095783,37.33654362997252,37.75385699046317,110686400,-0.004022510750624986,-0.004030622808194746,-0.4022510750624986,-0.4030622808194746
2017-08-17,36.80267333984375,37.46710918957584,36.79800964605219,37.42281299194622,111762400,-0.01919830166250136,-0.01938498221777958,-1.919830166250136,-1.938498221777958
2017-08-18,36.718746185302734,37.18501597813198,36.536901250687826,36.80267489030625,109712400,-0.0022804635349724656,-0.00228306775190746,-0.22804635349724656,-0.22830677519074602
2017-08-21,36.651123046875,36.80965300150056,36.161538549628425,36.718730572852444,105474000,-0.0018416516208498157,-0.0018433495461743048,-0.18416516208498157,-0.1843349546174305
2017-08-22,37.25028991699219,37.30157987390728,36.83997381902732,36.888930150492534,86418400,0.016347844767290898,0.01621565745905737,1.6347844767290898,1.621565745905737
2017-08-23,37.296897888183594,37.411135201168115,37.040451786737414,37.08474796028966,77596400,0.0012512109649418512,0.0012504288528259813,0.12512109649418512,0.12504288528259813
2017-08-24,37.13139724731445,37.474105841624464,36.96353983143378,37.40183103302768,79275600,-0.004437383542334028,-0.004447257950536562,-0.4437383542334028,-0.4447257950536562
2017-08-25,37.26892852783203,37.43212217310998,37.131379852337375,37.219968655571314,101920400,0.0037039080323735263,0.0036970654559949118,0.37039080323735263,0.3697065455994912
2017-08-28,37.644287109375,37.76784830380516,37.28525742350356,37.334217310615394,103864000,0.010071622565233085,0.010021241769853449,1.0071622565233085,1.0021241769853448
2017-08-29,37.9799919128418,38.028948229742845,37.30156877694594,37.32488368037345,118067600,0.008917815404271279,0.00887828652217449,0.8917815404271279,0.887828652217449
2017-08-30,38.08258819580078,38.208479479399884,37.91006708526627,38.18749819169276,109078400,0.0027013245077678327,0.0026976824880966875,0.2701324507767833,0.26976824880966876
2017-08-31,38.23411178588867,38.355342892488736,38.1128806792886,38.15018310552788,107140400,0.003978815444707573,0.003970920892252326,0.3978815444707573,0.3970920892252326
2017-09-01,38.24577331542969,38.45326319213896,38.14785710413093,38.42062445503937,66364400,0.000305003281005245,0.0003049567769602169,0.0305003281005245,0.03049567769602169
2017-09-05,37.7864875793457,38.29238965197478,37.432121698835864,38.175822255773944,117874000,-0.012008797215212641,-0.012081485337891057,-1.200879721521264,-1.2081485337891056
2017-09-06,37.74686050415039,37.99864654293107,37.42280323853875,37.93336907628665,86606800,-0.0010487102065811493,-0.001049260487887232,-0.10487102065811493,-0.10492604878872319
2017-09-07,37.59531784057617,37.823792513609234,37.38549793641219,37.788820158012,87714000,-0.004014709079118162,-0.004022789658314107,-0.40147090791181617,-0.4022789658314107
2017-09-08,36.982173919677734,37.5696710457614,36.95885901707796,37.50206351998956,114446000,-0.01630905006571537,-0.016443506531886767,-1.630905006571537,-1.6443506531886767
2017-09-11,37.65126037597656,37.7794851939909,37.275913303618495,37.41812563680643,126323200,0.018092134273989036,0.01793041921372002,1.8092134273989036,1.7930419213720021
2017-09-12,37.502071380615234,38.22479082443765,37.014820407399995,37.9100573601444,286856000,-0.00396239047170166,-0.003970261539870555,-0.396239047170166,-0.3970261539870555
2017-09-13,37.21997833251953,37.292253126048635,36.81432595984093,37.27126828542117,179629600,-0.007522065787585186,-0.007550499199509943,-0.7522065787585186,-0.7550499199509942
2017-09-14,36.90057373046875,37.16168355305076,36.85627755184762,37.066100994154894,95042800,-0.00858153648552007,-0.008618569890970384,-0.8581536485520069,-0.8618569890970383
2017-09-15,37.27360153198242,37.5277176686415,36.83530686885993,36.94488053464055,196458400,0.010108997335335879,0.010058243184220939,1.0108997335335879,1.0058243184220939
2017-09-18,36.991512298583984,37.418149571043095,36.83531235031033,37.327227106903024,113077600,-0.007568070210666189,-0.0075968533679521225,-0.7568070210666189,-0.7596853367952122
2017-09-19,37.0054931640625,37.247955396378906,36.937885623859245,37.187338059622085,83242400,0.0003779479293970489,0.0003778765250692265,0.03779479293970489,0.037787652506922655
2017-09-20,36.38535690307617,36.895919224555115,35.86313357054111,36.81199053820761,211805600,-0.01675795153538362,-0.01689995469542617,-1.675795153538362,-1.689995469542617
2017-09-21,35.76054382324219,36.322399497770945,35.61133770608045,36.322399497770945,150046800,-0.017172102543843937,-0.017321253047954593,-1.7172102543843937,-1.7321253047954595
2017-09-22,35.41084289550781,35.49943525352264,35.10077319981049,35.3292442965621,186581600,-0.009778960003038017,-0.009827088050942625,-0.9778960003038017,-0.9827088050942625
2017-09-25,35.09845733642578,35.39686970198637,34.774399991448774,34.96790237116252,177549200,-0.008821748750907576,-0.008860890747021616,-0.8821748750907576,-0.8860890747021616
2017-09-26,35.702274322509766,35.88411923893049,35.364229468002314,35.3852107528149,146640000,0.01720351924007013,0.017057214292510895,1.720351924007013,1.7057214292510896
2017-09-27,35.956382751464844,36.070620095370714,35.79551915443488,35.85613648511578,102016800,0.007117429737378611,0.007092220380881898,0.7117429737378611,0.7092220380881897
2017-09-28,35.73489761352539,35.9680323858252,35.59967901870899,35.87710996692245,88022000,-0.006159828130387512,-0.00617887814183908,-0.6159828130387512,-0.617887814183908
2017-09-29,35.93075180053711,35.933085426384814,35.43650692130457,35.71860173242812,105199200,0.005480754111286235,0.0054657894320563165,0.5480754111286235,0.5465789432056316
2017-10-02,35.85846710205078,36.00767324874679,35.604350994879546,35.963377062526,74795200,-0.0020117780693151843,-0.002013804412973869,-0.20117780693151843,-0.20138044129738691
2017-10-03,36.014671325683594,36.15688372921722,35.88178630844872,35.905097659484454,64921200,0.00435613221246367,0.004346671732654384,0.43561322124636703,0.4346671732654384
2017-10-04,35.78152847290039,35.87012083615752,35.54373353577037,35.81650082766994,80655200,-0.006473552144204642,-0.006494596453004461,-0.6473552144204642,-0.6494596453004461
2017-10-05,36.22682571411133,36.238483168569914,35.91442585581295,35.94473096857849,85135200,0.012444891546435466,0.012368090415008286,1.2444891546435466,1.2368090415008286
2017-10-06,36.20583724975586,36.25013343349978,36.03331620710981,36.12890233441458,69630400,-0.0005793625011780712,-0.0005795303964832514,-0.05793625011780712,-0.057953039648325134
2017-10-09,36.33174133300781,36.53923124812006,36.25014625383471,36.32474757071744,65051600,0.0034774526102914205,0.0034714202527428802,0.34774526102914205,0.347142025274288
2017-10-10,36.34571838378906,36.83530294716818,36.15921336664957,36.38302081015903,62468000,0.00038470632753706546,0.00038463234703107964,0.038470632753706546,0.03846323470310797
2017-10-11,36.497257232666016,36.59750349897214,36.31074866289442,36.36203860851548,67622400,0.004169372779395664,0.0041607050290779725,0.41693727793956636,0.41607050290779724
2017-10-12,36.36903381347656,36.6884273951515,36.30608641273993,36.45063242766684,64500400,-0.003513234388327957,-0.0035194202888569753,-0.3513234388327957,-0.35194202888569753
2017-10-13,36.59983444213867,36.66744197058261,36.464615827895976,36.539217115925325,65576800,0.006346075341066237,0.006326023792662053,0.6346075341066237,0.6326023792662053
2017-10-16,37.27360153198242,37.30157657606069,36.753708247157576,36.81199196055767,96486000,0.018409020153053346,0.018241625402759455,1.8409020153053346,1.8241625402759456
2017-10-17,37.41114807128906,37.50440058437659,37.12205958894918,37.25028446246104,75989200,0.0036901864497482784,0.0036833944158506976,0.36901864497482784,0.36833944158506976
2017-10-18,37.24562072753906,37.467101671243675,37.20832185675938,37.39949057557953,65496800,-0.004424545951772885,-0.004434363223896074,-0.44245459517728847,-0.4434363223896074
2017-10-19,36.36436080932617,36.620810481953264,36.14055341990099,36.543875580165135,170336800,-0.02366076604440359,-0.02394517718533421,-2.366076604440359,-2.394517718533421
2017-10-20,36.42731475830078,36.777016979980466,36.35970722734556,36.51124343379811,95896400,0.0017311991074091537,0.0017297023094888977,0.17311991074091537,0.17297023094888977
2017-10-23,36.40865707397461,36.7630229250079,36.25245720294092,36.57651439512963,87937200,-0.0005121893955117862,-0.0005123206093063459,-0.05121893955117862,-0.051232060930634586
2017-10-24,36.62548828125,36.70008958734267,36.415664770818275,36.43664605465474,71028800,0.005955484895662,0.0059378210918069226,0.5955484895662,0.5937821091806923
2017-10-25,36.46461868286133,36.730392239980006,36.19884512574264,36.58118609488452,84828400,-0.004392285425748876,-0.00440195985032884,-0.43922854257488764,-0.440195985032884
2017-10-26,36.697750091552734,36.79566628165683,36.55087402771921,36.6557839773054,68002000,0.006393359292167222,0.006373008464692687,0.6393359292167222,0.6373008464692688
2017-10-27,38.01263427734375,38.14085914374413,36.99849635632413,37.13604505057401,177816800,0.035830103548873504,0.03520313767557342,3.5830103548873504,3.520313767557342
2017-10-30,38.86824417114258,39.18297765530634,38.168839590650364,38.208472089995574,178803200,0.02250856616661223,0.022258986568785704,2.250856616661223,2.2258986568785706
2017-10-31,39.40910720825195,39.551319586418295,38.91952623556408,39.14333366383427,144187200,0.013915293799428463,0.01381936499265388,1.3915293799428463,1.381936499265388
2017-11-01,38.90787887573242,39.61894095100599,38.60946652239726,39.60261980233873,134551200,-0.012718591412661517,-0.01280016510281381,-1.2718591412661517,-1.280016510281381
2017-11-02,39.19229507446289,39.28321751276203,38.53252310122351,38.84026277383908,165573600,0.007309989825939001,0.007283401346030437,0.7309989825939001,0.7283401346030437
2017-11-03,40.21575164794922,40.62606760150672,39.89402449641215,40.565453836192255,237594400,0.026113718820033993,0.02577857766316842,2.6113718820033993,2.577857766316842
2017-11-06,40.623748779296875,40.79626985390001,40.033917876444164,40.1854541103544,140105200,0.01014520715463152,0.01009408997936092,1.014520715463152,1.0094089979360918
2017-11-07,40.75429916381836,40.85687905844864,40.47220801094028,40.544479239242015,97446000,0.0032136469046897265,0.0032084941778874137,0.32136469046897265,0.3208494177887414
2017-11-08,41.087677001953125,41.087677001953125,40.642388695693164,40.71932360389682,97638000,0.008180188224920837,0.008146911833484528,0.8180188224920837,0.8146911833484528
2017-11-09,41.003753662109375,41.055043607575804,40.36496296870802,40.82423885297688,117930400,-0.0020425428246956256,-0.002044631660132878,-0.20425428246956256,-0.2044631660132878
2017-11-10,40.86804962158203,41.0341719661069,40.77446188137926,40.97099827789114,100582000,-0.0033095516485054377,-0.0033150403279537206,-0.33095516485054377,-0.33150403279537205
2017-11-13,40.70427322387695,40.82827859819119,40.57090693255195,40.59430565493508,67928400,-0.004007443448404535,-0.0040154947672359975,-0.4007443448404535,-0.40154947672359975
2017-11-14,40.08891677856445,40.58961865361651,40.05148025684352,40.48667000395555,99130000,-0.01511773572096442,-0.015233173604891933,-1.511773572096442,-1.5233173604891932
2017-11-15,39.56013107299805,39.850258700804815,39.39635078719683,39.76836677283297,116632400,-0.01319032161650091,-0.013278086527951484,-1.319032161650091,-1.3278086527951485
2017-11-16,40.03276824951172,40.21292482835104,39.8455891985037,40.051482941483414,94550000,0.011947310681088119,0.011876504965489035,1.194731068108812,1.1876504965489036
2017-11-17,39.81048583984375,40.100613508945926,39.691160951092115,40.018721569317975,87598000,-0.0055525115895695976,-0.005567984082757616,-0.5552511589569598,-0.5567984082757615
2017-11-20,39.77071762084961,39.90642234859549,39.67244941871851,39.8432486578885,65049600,-0.0009989382986714812,-0.0009994375700556554,-0.09989382986714812,-0.09994375700556554
2017-11-21,40.510066986083984,40.64109123634763,39.95789080987073,39.95789080987073,100525200,0.018590294806417385,0.01841960744969615,1.8590294806417385,1.841960744969615
2017-11-22,40.9359016418457,40.945258987322624,40.48901252977826,40.56154356019002,102355600,0.010511823046552848,0.010456957987602395,1.0511823046552848,1.0456957987602395
2017-11-24,40.93824005126953,41.062245407058306,40.863367006944024,40.96865767179468,56106800,5.7123681903581414e-05,5.712205040819536e-05,0.005712368190358141,0.005712205040819536
2017-11-27,40.73235321044922,40.963987734408754,40.55687348415556,40.956968830968535,82867200,-0.005029205959085403,-0.005041894977042775,-0.5029205959085403,-0.5041894977042775
2017-11-28,40.493690490722656,40.91483884393796,40.21058171803251,40.781476150791256,105715200,-0.005859291224680319,-0.005876524219904748,-0.5859291224680319,-0.5876524219904748
2017-11-29,39.653724670410156,40.45859198877118,39.110909418349486,40.39074142106722,166665600,-0.02074312837712189,-0.020961289230407913,-2.074312837712189,-2.096128923040791
2017-11-30,40.208251953125,40.276102536188226,39.41040335529264,39.876007230103156,166108800,0.01398424201821924,0.013887364632280548,1.398424201821924,1.3887364632280548
2017-12-01,40.02106475830078,40.16612681204002,39.424433156736974,39.76369314346366,159037200,-0.004655442247090025,-0.004666312568906122,-0.4655442247090025,-0.46663125689061213
2017-12-04,39.728599548339844,40.38840127674619,39.688824583342225,40.355645213210316,130169600,-0.007307781832572968,-0.007334614474880591,-0.7307781832572968,-0.7334614474880591
2017-12-05,39.69116973876953,40.13104001218324,39.40104200543269,39.5554650039899,109400800,-0.0009421376538775172,-0.0009425817445085244,-0.09421376538775172,-0.09425817445085244
2017-12-06,39.54375457763672,39.82218287193415,38.94712659859109,39.190456819322876,114240000,-0.0037140543376029678,-0.003720968562595049,-0.3714054337602968,-0.3720968562595049
2017-12-07,39.61629867553711,39.878347217695996,39.52036891630265,39.54844452577864,102693200,0.0018345273147486463,0.0018328466247149488,0.18345273147486463,0.18328466247149489
2017-12-08,39.62797927856445,40.00935615512018,39.49929707102144,39.890031290435076,93420800,0.00029484337047769316,0.00029479991271308187,0.029484337047769316,0.029479991271308188
2017-12-11,40.40010452270508,40.451578851805564,39.49228843145303,39.58821818751698,141095200,0.019484345611290976,0.01929695594762876,1.9484345611290976,1.9296955947628762
2017-12-12,40.173152923583984,40.33459482276244,40.11700170310015,40.27844003213489,77636800,-0.005617599305802412,-0.005633437359191785,-0.5617599305802412,-0.5633437359191784
2017-12-13,40.30650329589844,40.60364624066995,40.24332962765703,40.36031605099325,95273600,0.0033193902546835297,0.0033138932399844868,0.33193902546835297,0.33138932399844867
2017-12-14,40.29482650756836,40.50774277412301,40.161460196601936,40.33693992988766,81906000,-0.0002896998592102351,-0.0002897418303206606,-0.02896998592102351,-0.02897418303206606
2017-12-15,40.70427322387695,40.75106709849942,40.35097536481199,40.62472328000438,160677200,0.010161272594924498,0.01010999394289749,1.0161272594924498,1.010999394289749
2017-12-18,41.277503967285156,41.46000256744993,40.91250676695561,40.91718722520547,117684400,0.014082814849816438,0.01398457328358328,1.4082814849816438,1.398457328358328
2017-12-19,40.83763122558594,41.03650963242742,40.732344127317134,40.9522792397837,109745600,-0.01065647627453059,-0.010713663154429938,-1.065647627453059,-1.0713663154429938
2017-12-20,40.79316711425781,41.04351620291852,40.53579555568858,40.9148304236339,93902400,-0.0010888024107594818,-0.0010893955867110133,-0.10888024107594818,-0.10893955867110133
2017-12-21,40.94758605957031,41.18390091641879,40.73467348527323,40.7510497278458,83799600,0.003785412024518431,0.0037782653820671234,0.3785412024518431,0.37782653820671236
2017-12-22,40.94758605957031,41.04351578224856,40.8282611946252,40.87037459279091,65397600,0.0,0.0,0.0,0.0
2017-12-26,39.908775329589844,40.11934959628683,39.70053593743797,39.96258811860893,132742000,-0.025369278874442402,-0.02569662729079454,-2.5369278874442402,-2.5696627290794543
2017-12-27,39.9157829284668,39.9578963418206,39.707547165438044,39.79879646451484,85992800,0.00017559042639314626,0.0001755750121985894,0.017559042639314626,0.01755750121985894
2017-12-28,40.0280876159668,40.20824776415976,39.88770243579035,40.00936935393371,65920800,0.0028135408918636973,0.0028095902940661176,0.2813540891863697,0.28095902940661177
2017-12-29,39.59523010253906,39.91343336712557,39.592891658953874,39.8970571217435,103999600,-0.010813844457936872,-0.010872739043345986,-1.0813844457936872,-1.0872739043345985
2018-01-02,40.30417251586914,40.31353343162475,39.60225378021744,39.812831542998936,102223600,0.01790474285650423,0.017746340917609807,1.790474285650423,1.7746340917609806
2018-01-03,40.29716110229492,40.83998007240303,40.23399097485094,40.367353702932206,118071600,-0.0001739624742688184,-0.00017397760749514636,-0.01739624742688184,-0.017397760749514636
2018-01-04,40.484336853027344,40.587285516147695,40.262063277732224,40.369688829071734,89738400,0.004644886776447477,0.004634132578361208,0.46448867764474766,0.4634132578361208
2018-01-05,40.94526290893555,41.031831750925626,40.48901640769327,40.58026570794173,94640000,0.011385293467484292,0.011320968790264407,1.1385293467484292,1.1320968790264407
2018-01-08,40.79316711425781,41.087971614866134,40.69489537724607,40.79316711425781,82271200,-0.0037146127261658,-0.003721529032931646,-0.37146127261658,-0.3721529032931646
2018-01-09,40.788509368896484,40.95930864188013,40.57325465921227,40.83998370927144,86336000,-0.00011417954747872106,-0.00011418606645947985,-0.011417954747872106,-0.011418606645947986
2018-01-10,40.779144287109375,40.78148630152458,40.47732074949381,40.51475727869783,95839600,-0.00022960098155122566,-0.00022962734389188037,-0.022960098155122566,-0.022962734389188038
2018-01-11,41.010772705078125,41.059908588629746,40.82593567106534,40.849330820735744,74670800,0.005680070585541097,0.0056639998113157276,0.5680070585541097,0.5663999811315727
2018-01-12,41.434268951416016,41.497442647697724,41.0973473314388,41.22135270960487,101672400,0.010326463472985381,0.010273509786602068,1.032646347298538,1.0273509786602069
2018-01-16,41.223697662353516,41.972410443367636,41.21199829996464,41.62378943698637,118263600,-0.005082056336251695,-0.0050950139039227585,-0.5082056336251695,-0.5095013903922758
2018-01-17,41.9045524597168,41.939646970546875,40.961641853884466,41.21432947214807,137547200,0.016516102047416714,0.016381194637060534,1.6516102047416714,1.6381194637060534
2018-01-18,41.941986083984375,42.13852605820033,41.70567471028857,41.96772324905173,124773600,0.0008933068621497231,0.0008929081010344317,0.08933068621497231,0.08929081010344317
2018-01-19,41.75480270385742,42.016851193088,41.5091304601323,41.78989720861405,129700400,-0.0044629116931215185,-0.004472900213179465,-0.44629116931215185,-0.4472900213179465
2018-01-22,41.413211822509766,41.59571043645508,41.3196240713074,41.48340442098347,108434400,-0.00818087643163734,-0.008214523434869453,-0.8180876431637341,-0.8214523434869453
2018-01-23,41.42255401611328,41.984091028334056,41.37108327088204,41.483389245269166,130756400,0.0002255848602989996,0.00022555941986031482,0.02255848602989996,0.02255594198603148
2018-01-24,40.762760162353516,41.48339714467017,40.52410679746099,41.47169778528601,204420400,-0.01592837210141862,-0.01605659199927578,-1.592837210141862,-1.6056591999275778
2018-01-25,40.03510284423828,40.93355791852135,39.89939813455858,40.83060927185792,166116000,-0.017851031559616093,-0.01801228311001019,-1.7851031559616093,-1.801228311001019
2018-01-26,40.128700256347656,40.24334828963391,39.78944018537663,40.24334828963391,156572000,0.0023378836435996586,0.002335155045569782,0.23378836435996586,0.2335155045569782
2018-01-29,39.298095703125,39.81283544569889,39.089859933941504,39.81283544569889,202561600,-0.02069851622197183,-0.020915733115079764,-2.069851622197183,-2.091573311507976
2018-01-30,39.06645584106445,39.16004357406714,38.535336352409104,38.7295342900257,184192800,-0.005894429689684122,-0.005911870409536368,-0.5894429689684122,-0.5911870409536368
2018-01-31,39.17408752441406,39.41040247806591,38.95649440447249,39.04306324959199,129915600,0.0027550920868657514,0.0027513037771617487,0.27550920868657514,0.2751303777161749
2018-02-01,39.255977630615234,39.452514033583086,39.01732424407224,39.11325400152449,188923200,0.002090415153898295,0.0020882332762980358,0.2090415153898295,0.20882332762980357
2018-02-02,37.55265426635742,39.026684400187065,37.45906652490365,38.839505347136026,346375200,-0.04339016544908092,-0.0443596670539771,-4.339016544908092,-4.43596670539771
2018-02-05,36.61442565917969,38.3434854954354,36.499777636480054,37.22509515859577,290954000,-0.024984348656767796,-0.025301755453407102,-2.4984348656767796,-2.53017554534071
2018-02-06,38.14459991455078,38.30604177963437,36.03182500659377,36.22602293342309,272975200,0.041791567881318326,0.04094189249827088,4.179156788131833,4.094189249827088
2018-02-07,37.32802963256836,38.23116504204853,37.21806566960294,38.158634024496976,206434400,-0.021407231529801174,-0.021639689823129204,-2.1407231529801174,-2.1639689823129205
2018-02-08,36.30089569091797,37.66963864747033,36.272820084061365,37.503516309901045,217562000,-0.027516425371518327,-0.027902093474348914,-2.7516425371518327,-2.7902093474348915
2018-02-09,36.74489974975586,37.092590392075465,35.295401898813765,36.89995229007209,282690400,0.012231214971066828,0.01215701806079409,1.2231214971066828,1.2157018060794091
2018-02-12,38.2249641418457,38.502176211529274,37.003341181062005,37.235920143110576,243278000,0.04027945108490005,0.03948938002535491,4.027945108490005,3.948938002535491
2018-02-13,38.607879638671875,38.70420051241455,37.975925806374015,38.0464045819101,130196800,0.010017419386065152,0.009967577621337912,1.0017419386065152,0.9967577621337912
2018-02-14,39.31970977783203,39.359646916272006,38.26489040714786,38.30247598263867,162579600,0.01843743157671751,0.018269522865174335,1.8437431576717511,1.8269522865174335
2018-02-15,40.63999938964844,40.66348992516853,39.70263991420008,39.88823055901645,204588800,0.0335783152845337,0.0330268740317461,3.35783152845337,3.30268740317461
2018-02-16,40.5084342956543,41.06991289835843,40.35338530181675,40.49199128049389,160704400,-0.0032373301173732605,-0.003242581607451929,-0.32373301173732605,-0.3242581607451929
2018-02-20,40.372188568115234,40.938359663897515,40.27116813864954,40.41917323044115,135722000,-0.003363391597529075,-0.0033690605138076224,-0.3363391597529075,-0.33690605138076224
2018-02-21,40.188934326171875,40.90545828630088,40.174835705295834,40.60240425439604,149886400,-0.004539120826560494,-0.004549453916117333,-0.45391208265604943,-0.4549453916117333
2018-02-22,40.5248908996582,40.86553419317909,40.33930022295099,40.36044278396192,123967600,0.008359429756452874,0.008324683229995454,0.8359429756452874,0.8324683229995454
2018-02-23,41.229671478271484,41.26490907984297,40.76921317110367,40.799754815599,135249600,0.0173913010736626,0.01724180321631117,1.7391301073662602,1.7241803216311171
2018-02-26,42.04486846923828,42.143537339161625,41.3964715020134,41.429361125321186,152648800,0.0197720952347733,0.019579166286287985,1.9772095234773301,1.9579166286287986
2018-02-27,41.908599853515625,42.399596100612726,41.85456768273009,42.075399491200336,155712400,-0.0032410284699155856,-0.0032462919785514956,-0.32410284699155856,-0.32462919785514954
2018-02-28,41.84516906738281,42.43248618806671,41.82872605204726,42.1129855310267,151128400,-0.0015135505923491444,-0.001514697167125607,-0.15135505923491444,-0.15146971671256068
2018-03-01,41.1121940612793,42.235143989434334,40.56246615530191,41.94383343816568,195208000,-0.017516359055049224,-0.01767158581504996,-1.7516359055049224,-1.7671585815049962
2018-03-02,41.39646530151367,41.41760785946614,40.5131379769265,40.595363815229945,153816000,0.006914523700940256,0.006890728009543457,0.6914523700940256,0.6890728009543456
2018-03-05,41.539764404296875,41.75589666087064,40.999431970512966,41.16153205911804,113605600,0.003461626535973039,0.0034556488977643906,0.3461626535973039,0.34556488977643907
2018-03-06,41.504512786865234,41.875697520435956,41.377653906005975,41.79582327749871,95154000,-0.0008486234319613484,-0.0008489837166711044,-0.08486234319613484,-0.08489837166711044
2018-03-07,41.11924362182617,41.31188534708122,40.940700517810946,41.098101067014966,126814000,-0.009282584932812088,-0.009325936609972002,-0.9282584932812088,-0.9325936609972002
2018-03-08,41.567955017089844,41.61024012699742,41.128642980010106,41.22496025858815,95096400,0.010912442830672386,0.010853331768334537,1.0912442830672386,1.0853331768334538
2018-03-09,42.282135009765625,42.286834550653744,41.67367530628129,41.807585336347394,128740800,0.017181023035224063,0.017035098311604133,1.7181023035224063,1.7035098311604133
2018-03-12,42.69089889526367,42.848299422989385,42.33616071349663,42.354951703187545,128828400,0.009667531817010522,0.0096211002439168,0.9667531817010522,0.96211002439168
2018-03-13,42.279788970947266,43.10908053311904,42.108293360008226,42.895296221645985,126774000,-0.009629919607104243,-0.009676587127576112,-0.9629919607104243,-0.9676587127576112
2018-03-14,41.920352935791016,42.409001275131494,41.77234785465769,42.362016616189074,117473600,-0.008501367767072776,-0.008537710515999133,-0.8501367767072776,-0.8537710515999133
2018-03-15,41.96967315673828,42.34320950886789,41.83341876152464,41.93443556913107,90975200,0.0011765220827890666,0.001175830523053807,0.11765220827890666,0.1175830523053807
2018-03-16,41.82167053222656,42.08008786506861,41.7276976600761,41.96967198072841,157618800,-0.0035264183249412717,-0.003532650794553143,-0.35264183249412717,-0.35326507945531427
2018-03-19,41.182674407958984,41.69246520374782,40.79739454647945,41.65722761279198,133787200,-0.015279067434075477,-0.015396995143900704,-1.5279067434075477,-1.5396995143900705
2018-03-20,41.1685791015625,41.53506438389557,41.098100335414074,41.1685791015625,78597600,-0.0003422630171332486,-0.00034232160248781195,-0.03422630171332486,-0.034232160248781195
2018-03-21,40.23592758178711,41.133346395785146,40.23357601878862,41.121599334891776,148219600,-0.022654450071607934,-0.02291500479509676,-2.2654450071607934,-2.291500479509676
2018-03-22,39.66740798950195,40.56717485041183,39.608676265256136,39.93757248715271,165963200,-0.014129650450571352,-0.014230424354424231,-1.4129650450571352,-1.4230424354424231
2018-03-23,38.748836517333984,39.91877126601318,38.748836517333984,39.55933346018585,164115200,-0.023156831230592867,-0.023429163090296728,-2.3156831230592867,-2.3429163090296727
2018-03-26,40.58831787109375,40.665844171294374,39.10123029749921,39.48416225720845,150164800,0.04747191190984257,0.04637955804876492,4.747191190984257,4.6379558048764915
2018-03-27,39.547576904296875,41.147427848964746,39.213981276329726,40.802085163982866,163690400,-0.025641391941942815,-0.02597586234374632,-2.5641391941942815,-2.597586234374632
2018-03-28,39.110618591308594,39.942261596856255,38.807564550618565,39.291513258456376,166674000,-0.011048927575150747,-0.01111042034775396,-1.1048927575150747,-1.111042034775396
2018-03-29,39.41602325439453,40.34868305635966,39.209286496871094,39.42307077251929,153594000,0.007808740288086424,0.007778409868236385,0.7808740288086424,0.7778409868236384
2018-04-02,39.15760040283203,39.688537307064934,38.63841414116743,39.14820490735568,150347200,-0.006556289301298035,-0.0065778761709056124,-0.6556289301298035,-0.6577876170905612
2018-04-03,39.559329986572266,39.643903791381845,38.734738078203186,39.38313485861057,121112000,0.010259300355677015,0.010207030928307196,1.0259300355677015,1.0207030928307195
2018-04-04,40.315799713134766,40.40976902587753,38.708900806216754,38.73474290492594,138422000,0.019122409980635968,0.018941874582902547,1.9122409980635968,1.8941874582902547
2018-04-05,40.595359802246094,40.93130347216911,40.42621218594805,40.54367560922729,107732800,0.006934256323836374,0.006910324935680588,0.6934256323836374,0.6910324935680588
2018-04-06,39.55698013305664,40.52017796942348,39.51469144030749,40.1654397524392,140021200,-0.025578777334349434,-0.025911602023901286,-2.5578777334349434,-2.5911602023901286
2018-04-09,39.949317932128906,40.66349409278615,39.902333271573795,39.90938079142207,116070800,0.00991829502031183,0.009869431561415383,0.9918295020311829,0.9869431561415383
2018-04-10,40.70107650756836,40.87727164396476,40.297002041323346,40.64234479543622,113634400,0.018817807520935315,0.01864294288770065,1.8817807520935315,1.864294288770065
2018-04-11,40.510780334472656,40.858471015088746,40.33693320181526,40.46144412632032,89726400,-0.004675457983533082,-0.0046864221254829036,-0.46754579835330823,-0.46864221254829036
2018-04-12,40.9101676940918,41.11220495899255,40.65174668618393,40.73867207140737,91557200,0.009858792062795274,0.009810511240044967,0.9858792062795274,0.9810511240044968
2018-04-13,41.048770904541016,41.30953987307731,40.84203769697408,41.06051796495608,100497200,0.00338798930098827,0.003382262995366212,0.338798930098827,0.3382262995366212
2018-04-16,41.30483627319336,41.3917580517207,41.07225742493238,41.11924207319854,86313600,0.0062380763908334025,0.006218700130947275,0.6238076390833402,0.6218700130947276
2018-04-17,41.87336730957031,42.03781540441986,41.44345070001389,41.46224528009664,106421600,0.01376427284729198,0.013670405605875147,1.376427284729198,1.3670405605875147
2018-04-18,41.779380798339844,42.0096116408246,41.55385308021811,41.77233328119219,83018000,-0.0022445415133591773,-0.0022470642723268616,-0.22445415133591773,-0.22470642723268616
2018-04-19,40.595359802246094,41.20381947450477,40.56247018711588,40.82088756751069,139235200,-0.028339840693397678,-0.028749165999638244,-2.8339840693397678,-2.874916599963824
2018-04-20,38.93207550048828,40.22417309688834,38.86394471070118,40.07851960585239,261964400,-0.040972276384794726,-0.04183529563729771,-4.097227638479472,-4.1835295637297705
2018-04-23,38.81932067871094,39.21399613411533,38.549152603802106,39.1928535742972,146062000,-0.002896193442754713,-0.002900395526309385,-0.2896193442754713,-0.2900395526309385
2018-04-24,38.27898025512695,39.075382107078006,37.87490579962444,38.9203295308435,134768000,-0.01391936834897567,-0.014017151200682108,-1.391936834897567,-1.4017151200682108
2018-04-25,38.445777893066406,38.861599424791336,38.15447089081557,38.20380352230031,113528400,0.004357421144130846,0.004347955073093863,0.43574211441308464,0.4347955073093863
2018-04-26,38.57968521118164,38.934423442282075,38.3799959671343,38.556191093752886,111852000,0.003483017523736587,0.003476965866149814,0.3483017523736587,0.34769658661498143
2018-04-27,38.133331298828125,38.605533017528785,37.736304314562105,38.52800672018398,142623200,-0.011569661854683777,-0.011637111140726126,-1.1569661854683777,-1.1637111140726126
2018-04-30,38.824012756347656,39.293866490425344,38.020563301238745,38.08869410011174,169709600,0.018112276950237316,0.017950203746292394,1.8112276950237316,1.7950203746292395
2018-05-01,39.726139068603516,39.74962960710038,38.82636863760575,39.094185152429375,214277600,0.02323629754393086,0.022970445188014693,2.323629754393086,2.2970445188014694
2018-05-02,41.48103332519531,41.75824527216936,40.83028498306096,41.166228639278565,266157600,0.04417480021305997,0.04322690859935281,4.417480021305997,4.322690859935281
2018-05-03,41.556209564208984,41.69951508337644,40.980639509575454,41.31893474070514,136272800,0.0018123039130755192,0.001810663671783648,0.18123039130755192,0.1810663671783648
2018-05-04,43.186607360839844,43.28527621703222,41.856920403424276,41.875714983370386,224805200,0.03923355411209273,0.038483474259549094,3.923355411209273,3.8483474259549095
2018-05-07,43.49906539916992,44.08873062408348,43.40274451042906,43.503761356157284,169805600,0.007235067939451056,0.007209020397107316,0.7235067939451056,0.7209020397107315
2018-05-08,43.70814895629883,43.74808609775909,43.14902180645542,43.459127024429044,113611200,0.004806621825325319,0.004795106902483746,0.4806621825325319,0.4795106902483746
2018-05-09,44.015892028808594,44.02528752495806,43.51314874438485,43.825601865665355,92844800,0.007040862627640809,0.00701619149073466,0.7040862627640809,0.701619149073466
2018-05-10,44.64550018310547,44.723026479302476,44.084025114920664,44.10517125730131,111957200,0.014304109840254764,0.014202771289715796,1.4304109840254764,1.4202771289715796
2018-05-11,44.475711822509766,44.82238636485183,44.20686254462442,44.68796352517083,104848800,-0.0038030341221253483,-0.0038102840433614526,-0.38030341221253483,-0.38102840433614527
2018-05-14,44.37194061279297,44.69739103369072,44.303550683014535,44.574756968080656,83115200,-0.0023332107675064773,-0.002335936945072708,-0.23332107675064773,-0.2335936945072708
2018-05-15,43.968666076660156,44.11724188633787,43.65265100074759,44.048848361857765,94780800,-0.00908850346780965,-0.009130055873183237,-0.908850346780965,-0.9130055873183237
2018-05-16,44.37900161743164,44.4450380927892,43.86488799085089,43.88139800932075,76732400,0.009332453708194244,0.009289175415491875,0.9332453708194244,0.9289175415491876
2018-05-17,44.098365783691406,44.55116421714171,43.949790004496656,44.33655555797642,69176000,-0.006323617555875849,-0.006343696317067482,-0.6323617555875849,-0.6343696317067482
2018-05-18,43.93800735473633,44.29175654638332,43.89555917902967,44.14554136536321,73190800,-0.003636380308097098,-0.0036430080110804127,-0.3636380308097098,-0.36430080110804125
2018-05-21,44.24930953979492,44.636075188940175,44.079509635436224,44.33656652451263,73603200,0.007085031930221142,0.007060051015808796,0.7085031930221142,0.7060051015808796
2018-05-22,44.138465881347656,44.54409856840905,44.04884826953651,44.42618217329871,60962800,-0.002504980520601774,-0.0025081232336931596,-0.2504980520601774,-0.25081232336931597
2018-05-23,44.42145919799805,44.45447564073993,43.80829257733751,43.94743664180622,80233600,0.0064114896383378195,0.006391023471145719,0.641148963833782,0.6391023471145719
2018-05-24,44.37194061279297,44.534665823241845,43.914427996002615,44.5181593982014,92936000,-0.0011147446774397718,-0.0011153664674220457,-0.11147446774397718,-0.11153664674220458
2018-05-25,44.473350524902344,44.725689753466725,44.25402414637075,44.39080760425134,69844000,0.0022854513620289563,0.002282843690446789,0.22854513620289563,0.2282843690446789
2018-05-29,44.3129768371582,44.51343613465707,44.07006936758996,44.24222988370924,90056400,-0.003606062638665808,-0.003612580155643286,-0.3606062638665808,-0.36125801556432857
2018-05-30,44.21863555908203,44.336551920572916,44.048835710653414,44.270519046019764,74762000,-0.0021289763137073425,-0.0021312458054811184,-0.21289763137073425,-0.21312458054811184
2018-05-31,44.070068359375,44.39080106892208,43.8979114457168,44.152611267873816,109931200,-0.0033598322930730173,-0.0033654892039938307,-0.33598322930730173,-0.33654892039938306
2018-06-01,44.864830017089844,44.8695440818223,44.27760509085612,44.33420625434989,93770000,0.018034046401604442,0.017873361971441373,1.8034046401604442,1.7873361971441373
2018-06-04,45.23979949951172,45.614772730208344,45.12660078050418,45.19499069863809,105064800,0.00835776001556332,0.008323027330102279,0.835776001556332,0.832302733010228
2018-06-05,45.58883285522461,45.73740865401023,45.36479244017438,45.532235292656786,86264000,0.00771518352367262,0.0076855736945986505,0.771518352367262,0.7685573694598651
2018-06-06,45.746829986572266,45.770414697964746,45.26101515946964,45.66429069374203,83734400,0.003465698098685799,0.0034597064066365733,0.3465698098685799,0.34597064066365735
2018-06-07,45.624210357666016,45.79872430858135,45.360075201959646,45.78457491780687,85388800,-0.002680396192309753,-0.002683994886239071,-0.2680396192309753,-0.2683994886239071
2018-06-08,45.209136962890625,45.279887506824466,44.7539814876387,45.08414589463377,106627200,-0.009097656518797126,-0.009139292917352309,-0.9097656518797126,-0.9139292917352309
2018-06-11,45.098289489746094,45.272806995892275,44.85774270920611,45.12659186279679,73234000,-0.002451882088249535,-0.0024548928735374275,-0.2451882088249535,-0.24548928735374276
2018-06-12,45.345924377441406,45.42374962276294,45.07943219787274,45.13603335770362,67644400,0.005491003993657317,0.005475983391598375,0.5491003993657317,0.5475983391598375
2018-06-13,44.973304748535156,45.48742201526099,44.91198952894419,45.37893736680692,86553600,-0.008217268343781337,-0.008251216193602489,-0.8217268343781337,-0.8251216193602489
2018-06-14,44.99688720703125,45.178479423187866,44.860103786934765,45.173761760833635,86440400,0.0005243657015634451,0.0005242282699098219,0.05243657015634451,0.05242282699098219
2018-06-15,44.5346565246582,44.84595748808827,44.397873095137925,44.81529807845651,246876800,-0.010272503523328536,-0.010325629827580727,-1.0272503523328536,-1.0325629827580727
2018-06-18,44.511070251464844,44.62426895299645,44.1478858362066,44.30825396202139,73939600,-0.0005296161469281468,-0.0005297564430972882,-0.052961614692814685,-0.052975644309728814
2018-06-19,43.791786193847656,43.94271901773257,43.26351951098928,43.662077454917885,134314000,-0.01615966665266866,-0.016291657954328603,-1.6159666652668658,-1.6291657954328604
2018-06-20,43.98280715942383,44.147889362033595,43.80121493729202,43.947433686908205,82514800,0.004362027269922297,0.004352541204616705,0.43620272699222973,0.4352541204616705
2018-06-21,43.737552642822266,44.4191092904368,43.61491857931583,44.159691771196826,102847600,-0.005576145144910671,-0.005591749878792851,-0.5576145144910671,-0.5591749878792851
2018-06-22,43.61018371582031,43.90025693763943,43.55830023243523,43.89318224431615,108801600,-0.0029121182897930975,-0.002916366756289346,-0.29121182897930975,-0.2916366756289346
2018-06-25,42.96165084838867,43.610190899003925,42.62205111884842,43.251724117986754,126652400,-0.014871133578746476,-0.01498281751333185,-1.4871133578746476,-1.498281751333185
2018-06-26,43.494632720947266,43.989882939520605,43.04890896364015,43.15503658085031,98276800,0.012405991437328234,0.012329667724785592,1.2405991437328234,1.2329667724785591
2018-06-27,43.43095779418945,44.1667547835361,43.40029838679268,43.6832969520397,101141200,-0.001463972052973439,-0.0014650447070776213,-0.1463972052973439,-0.14650447070776212
2018-06-28,43.74697494506836,43.91441778022943,43.34605999142176,43.416810535835204,69460800,0.0072763108835049994,0.0072499662507701556,0.7276310883504999,0.7249966250770156
2018-06-29,43.655006408691406,44.145539026947496,43.136175008129875,43.933287364088685,90950800,-0.002102283334846189,-0.0021044962344280668,-0.2102283334846189,-0.21044962344280668
2018-07-02,44.14316940307617,44.17147177813843,43.25643961910087,43.35077487177182,70925200,0.011182291208817086,0.011120231607599267,1.1182291208817086,1.1120231607599267
2018-07-03,43.374359130859375,44.32476482948047,43.28474153395483,44.287030725676225,55819200,-0.01741629073337947,-0.017569738596688228,-1.741629073337947,-1.7569738596688227
2018-07-05,43.72339630126953,43.96158971391458,43.45926473721124,43.690379855762245,66416800,0.00804708536112586,0.008014880226004486,0.8047085361125861,0.8014880226004486
2018-07-06,44.32948684692383,44.43796790786526,43.67622905491156,43.72811255310879,69940800,0.013861927410170116,0.013766729635364646,1.3861927410170116,1.3766729635364647
2018-07-09,44.945011138916016,44.96859225753732,44.64314547179164,44.69031130755683,79026400,0.013885211306814416,0.01378969492151966,1.3885211306814416,1.3789694921519662
2018-07-10,44.89076232910156,45.1100850442981,44.850667597646556,44.97566225723099,63756400,-0.0012070040353706624,-0.0012077330514172783,-0.12070040353706624,-0.12077330514172784
2018-07-11,44.30825424194336,44.756334987289726,44.24457839757625,44.45446938228382,75326000,-0.012976123748751234,-0.01306104911049798,-1.2976123748751234,-1.306104911049798
2018-07-12,45.05112075805664,45.14073833630945,44.645488222889085,44.69737170519109,72164400,0.016765871931150533,0.01662687613936729,1.6765871931150533,1.662687613936729
2018-07-13,45.12188720703125,45.24216063196947,45.020477238201885,45.06292901075361,50055600,0.001570803295985801,0.001569570874913718,0.1570803295985801,0.1569570874913718
2018-07-16,45.02284240722656,45.43318919162573,44.90728303540629,45.16670056458525,60172400,-0.0021950500286089802,-0.0021974626821664456,-0.21950500286089802,-0.21974626821664456
2018-07-17,45.150184631347656,45.24923396629142,44.61956088081296,44.749269628425964,62138000,0.0028283914855773418,0.0028243991126036443,0.2828391485577342,0.28243991126036444
2018-07-18,44.90255355834961,45.232721563034644,44.79171187945447,45.22800390051171,65573600,-0.0054846082030441945,-0.00549970388786056,-0.5484608203044194,-0.549970388786056
2018-07-19,45.251590728759766,45.40959824469999,44.735116413293575,44.735116413293575,81147200,0.007773214277370544,0.007743158500124967,0.7773214277370544,0.7743158500124967
2018-07-20,45.14781951904297,45.38129162443984,44.84831093697936,45.228001785572765,82704800,-0.0022932057867049993,-0.002295839209852866,-0.22932057867049993,-0.2295839209852866
2018-07-23,45.18791961669922,45.27046253001605,44.70446169267782,44.968593257655385,63957600,0.0008881956666664248,0.0008878014543031551,0.08881956666664248,0.08878014543031551
2018-07-24,45.515724182128906,45.67137467251111,45.2916837724395,45.38601544014374,74791600,0.007254252203027889,0.007228066676862282,0.7254252203027889,0.7228066676862283
2018-07-25,45.94493865966797,45.9520133543751,45.38129492550352,45.52987071139773,66839600,0.009430026331594288,0.009385841194097093,0.9430026331594288,0.9385841194097093
2018-07-26,45.80107498168945,46.21378224932292,45.65957390766355,45.89540663202553,76304000,-0.0031312192849830556,-0.003136131809563161,-0.31312192849830556,-0.31361318095631613
2018-07-27,45.03934860229492,46.03220630595924,44.8318181785361,45.985040464128744,96096000,-0.01663118998187396,-0.016771040982641112,-1.6631189981873962,-1.6771040982641112
2018-07-30,44.78700256347656,45.327058027636596,44.58890389877771,45.25630747638057,84118000,-0.0056027905964319835,-0.005618545101351335,-0.5602790596431984,-0.5618545101351335
2018-07-31,44.87662124633789,45.31291335911361,44.65258080944883,44.878981877356686,157492000,0.002000997560270168,0.0019989982313093815,0.2000997560270168,0.19989982313093815
2018-08-01,47.52030563354492,47.58162086147488,46.53216569994232,46.96138309102007,271742800,0.0589100585958835,0.057240132508110594,5.89100585958835,5.724013250811059
2018-08-02,48.90935134887695,49.14282705476914,47.24909045809848,47.303330980206844,249616000,0.029230572001024635,0.02881150561022537,2.9230572001024635,2.881150561022537
2018-08-03,49.05085372924805,49.227728287281295,48.458911238642635,48.82445271161577,133789600,0.00289315593988837,0.0028889788190107155,0.289315593988837,0.2888978819010716
2018-08-06,49.30556106567383,49.348009238803435,48.83389550544632,49.05321826366124,101701600,0.0051927197400420955,0.005179284062626333,0.5192719740042095,0.5179284062626333
2018-08-07,48.84332275390625,49.40696290274609,48.760779849027344,49.36451473350938,102349600,-0.00937497316280178,-0.00941919482531397,-0.9374973162801781,-0.941919482531397
2018-08-08,48.876346588134766,49.00841237709659,48.23252406768446,48.59334795485617,90102000,0.000676117683370947,0.0006758892187835618,0.0676117683370947,0.06758892187835619
2018-08-09,49.2607536315918,49.473001700187574,48.864552678750876,49.41404350351956,93970400,0.00786488905761118,0.00783412203187421,0.786488905761118,0.7834122031874211
2018-08-10,49.11402130126953,49.48557902120588,48.9104936737248,49.07378955771502,98444800,-0.0029786862665487357,-0.0029831313817496436,-0.29786862665487357,-0.29831313817496435
2018-08-13,49.4311408996582,49.92339381288648,49.15424931305655,49.5352718097257,103563600,0.0064568037799925815,0.006436047918905749,0.6456803779992581,0.6436047918905748
2018-08-14,49.639400482177734,49.83109437109607,49.28677602737051,49.73643188137967,82992000,0.00421312514194816,0.004204274779964271,0.42131251419481597,0.4204274779964271
2018-08-15,49.75537109375,49.87370102571761,49.303349886959445,49.51397702141606,115230400,0.002336261325595723,0.0023335365102003236,0.23362613255957232,0.23335365102003236
2018-08-16,50.48427963256836,50.60024064494456,50.04645747690956,50.11272194430814,114001600,0.014649846293879332,0.014543573953990795,1.4649846293879332,1.4543573953990796
2018-08-17,51.492454528808594,51.5800175244301,50.446418345260085,50.51268281942928,141708000,0.019970075904377937,0.019773289517182203,1.9970075904377937,1.9773289517182202
2018-08-20,50.9907341003418,51.87110544133441,50.90790170638591,51.615515974972475,121150800,-0.009743571811790419,-0.009791351021039636,-0.9743571811790419,-0.9791351021039636
2018-08-21,50.89134216308594,51.400163103334,50.65231696947076,51.307865888854536,104639200,-0.0019492156567165742,-0.0019511178498130789,-0.19492156567165742,-0.19511178498130788
2018-08-22,50.89371109008789,51.203734974438845,50.60735102852676,50.6688849122958,76072400,4.654872324572068e-05,4.6547639887521943e-05,0.004654872324572068,0.004654763988752194
2018-08-23,50.997833251953125,51.36702204650788,50.78720612628316,50.799036230072055,75532800,0.0020458748170462115,0.00204378486519715,0.20458748170462115,0.204378486519715
2018-08-24,51.156394958496094,51.33152093949992,50.907901389318916,51.26052587214312,73905600,0.0031091851639970525,0.0031043616433646813,0.31091851639970525,0.31043616433646815
2018-08-27,51.577640533447266,51.76696910721527,51.19661808777822,51.39067725781233,82100400,0.008234465608706998,0.008200747371424184,0.8234465608706998,0.8200747371424184
2018-08-28,51.994171142578125,52.192964560685056,51.80957673845841,51.83087525943924,91107200,0.008075798055569239,0.00804336330576266,0.8075798055569239,0.804336330576266
2018-08-29,52.770416259765625,52.89111510335813,51.92554241033305,52.10066840120375,109019200,0.014929464209726184,0.014819116689540862,1.4929464209726184,1.481911668954086
2018-08-30,53.25556945800781,54.019979815516336,52.63315285368258,52.83431518462097,195175200,0.009193658732081778,0.009151654304939173,0.9193658732081778,0.9151654304939173
2018-08-31,53.87088394165039,54.164339850677784,53.48512722248886,53.60582244851051,173360400,0.01155399312982186,0.011487755469277794,1.155399312982186,1.1487755469277794
2018-09-04,54.04364013671875,54.23769932388201,53.634219632745676,54.05547385071295,109560400,0.00320685651372421,0.0032017255160301673,0.320685651372421,0.3201725516030167
2018-09-05,53.69102478027344,54.35367315366947,53.27213940080851,54.19274617173465,133332000,-0.006524641115092766,-0.006546019628087714,-0.6524641115092766,-0.6546019628087714
2018-09-06,52.79881286621094,53.804617207503874,52.37282442296422,53.539555725515555,137160000,-0.016617524394697436,-0.016757144373266416,-1.6617524394697436,-1.6757144373266415
2018-09-07,52.372825622558594,53.33602933601762,52.233197177478694,52.50298926252407,150479200,-0.008068121621063185,-0.008100845044199556,-0.8068121621063185,-0.8100845044199556
2018-09-10,51.66995620727539,52.50300006328295,51.229768650474384,52.290003987392694,158066000,-0.013420498262756597,-0.013511367068473603,-1.3420498262756597,-1.3511367068473603
2018-09-11,52.97631072998047,53.082806943997085,51.25105834056841,51.59421441290767,142996000,0.025282671374146304,0.024968351521284727,2.5282671374146304,2.496835152128473
2018-09-12,52.31839370727539,53.248465165484035,52.02729949768136,53.23426615255607,197114800,-0.01241907965351674,-0.012496840909473334,-1.241907965351674,-1.2496840909473335
2018-09-13,53.5821533203125,54.041273971237196,52.673380433963544,52.89820655167568,166825600,0.02415516845008514,0.02386804682708553,2.415516845008514,2.386804682708553
2018-09-14,52.973941802978516,53.68392137771475,52.66155266788886,53.42596299890154,127997200,-0.011351009238059429,-0.011415923640236053,-1.1351009238059429,-1.1415923640236052
2018-09-17,51.56345748901367,52.763321241890075,51.419094813067105,52.57399260949638,148780400,-0.026626002633723944,-0.026986895144563452,-2.6626002633723944,-2.698689514456345
2018-09-18,51.648651123046875,52.50299339478895,51.3835896141256,51.54215129305673,126286800,0.001652209494511725,0.0016508460979427673,0.1652209494511725,0.16508460979427672
2018-09-19,51.679405212402344,51.97522999584311,50.95286142206586,51.710172145445746,108495200,0.0005954480646976901,0.000595270855841105,0.05954480646976901,0.059527085584110496
2018-09-20,52.072261810302734,52.60474642477888,51.86400000551983,52.121961963223164,106435200,0.007601801845159573,0.007573053749145086,0.7601801845159573,0.7573053749145086
2018-09-21,51.51138687133789,52.387027646018495,51.42382026606977,52.24976449154423,384986800,-0.010771088473323642,-0.010829516581758859,-1.0771088473323642,-1.0829516581758858
2018-09-24,52.25212860107422,52.36335902352826,51.267626333584346,51.31259228450954,110773600,0.014380155043903331,0.014277741264098209,1.438015504390333,1.427774126409821
2018-09-25,52.58345413208008,52.732550997350124,51.99416978895151,52.006003504013755,98217600,0.006340900167635333,0.0063208812409449805,0.6340900167635333,0.6320881240944981
2018-09-26,52.16456604003906,52.95264380917307,52.008369665368996,52.30182919252401,95938800,-0.00796615777633869,-0.007998057134352707,-0.7966157776338689,-0.7998057134352707
2018-09-27,53.236629486083984,53.58925394239841,52.90293825002227,52.969206326478,120724800,0.020551564547130585,0.020343230699834434,2.0551564547130585,2.0343230699834436
2018-09-28,53.42360305786133,53.44726687937326,53.01654777196668,53.19877328106708,91717600,0.003512122641539772,0.0035059695415676118,0.3512122641539772,0.3505969541567612
2018-10-01,53.78330993652344,54.294496019561734,53.56795224261596,53.946605791755864,94403200,0.00673310780391434,0.006710541670406081,0.673310780391434,0.671054167040608
2018-10-02,54.26136779785156,54.4317631714536,53.634220666637496,53.78094861179492,99152800,0.008888591310061367,0.008849320319951412,0.8888591310061367,0.8849320319951411
2018-10-03,54.92165756225586,55.2529799345801,54.37970443970897,54.44360361549401,114619200,0.012168690012831496,0.012095246710082917,1.2168690012831496,1.2095246710082916
2018-10-04,53.95607376098633,54.98791072252861,53.65788007610717,54.616353071097365,128168000,-0.01758111178955235,-0.01773749517550501,-1.758111178955235,-1.773749517550501
2018-10-05,53.080440521240234,54.05548163878989,52.202434427966345,53.94898541978365,134322000,-0.0162286315276563,-0.016361758040592683,-1.62286315276563,-1.6361758040592682
2018-10-08,52.9573860168457,53.201145421192365,52.112508453535554,52.58819715632624,118655600,-0.0023182645657451317,-0.002320955901333373,-0.23182645657451317,-0.2320955901333373
2018-10-09,53.69102478027344,53.78569089712608,52.59765731141301,52.92661439379682,107564000,0.013853379454838777,0.013758298515569426,1.3853379454838777,1.3758298515569427
2018-10-10,51.2037239074707,53.56795704512589,51.13035993373505,53.35732992876048,167962400,-0.046326194796650455,-0.0474335892698683,-4.6326194796650455,-4.74335892698683
2018-10-11,50.7516975402832,51.946830350297546,50.2476145806156,50.76826546098694,212497600,-0.008827997901175055,-0.008867195536255451,-0.8827997901175055,-0.8867195536255451
2018-10-12,52.56452178955078,52.74675089335789,51.31732331289701,52.16456604729884,161351600,0.03571948007903947,0.035096335047421545,3.5719480079039467,3.5096335047421547
2018-10-15,51.44038009643555,52.49824981109706,51.41908157869824,52.33968816048203,123164000,-0.02138593969552105,-0.021617932455468378,-2.138593969552105,-2.161793245546838
2018-10-16,52.5739860534668,52.77278307881881,51.29838956224378,51.81194102118885,116736000,0.022037278008173233,0.021797966662453896,2.2037278008173233,2.1797966662453896
2018-10-17,52.346797943115234,52.68995403710675,51.908975733135755,52.609490546874305,91541600,-0.0043213027469615195,-0.004330666561331517,-0.43213027469615195,-0.4330666561331517
2018-10-18,51.12327194213867,52.003647047544305,50.40855804234303,51.558725285783076,130325200,-0.02337346407140617,-0.023650955976237432,-2.337346407140617,-2.365095597623743
2018-10-19,51.90187072753906,52.363356709270114,51.456949057386716,51.606045917308556,132314800,0.015229830873923822,0.015115021219906223,1.5229830873923822,1.5115021219906222
2018-10-22,52.218990325927734,52.86034005758021,51.81430403669069,52.015462726587266,115168400,0.0061099839744389595,0.0060913937080770775,0.610998397443896,0.6091393708077077
2018-10-23,52.71125411987305,52.83431826872994,50.810875570252065,51.078302390515155,155071200,0.009426911375973068,0.009382755333417179,0.9426911375973068,0.9382755333417179
2018-10-24,50.903160095214844,53.066230717386226,50.77299647127529,52.68047766425556,163702000,-0.03430185934385732,-0.03490397739566573,-3.430185934385732,-3.490397739566573
2018-10-25,52.01783752441406,52.3917605334903,51.2960242350942,51.52321928773726,119423200,0.021898000578239207,0.021661683061296115,2.1898000578239207,2.1661683061296113
2018-10-26,51.18952941894531,52.11013614750111,50.3304529551545,51.09486330644962,189033600,-0.01592353978728911,-0.01605168148043961,-1.592353978728911,-1.605168148043961
2018-10-29,50.22868728637695,51.99180242637242,48.77322705892924,51.87347250273323,183742000,-0.018770286491689214,-0.018948684230889468,-1.8770286491689214,-1.8948684230889468
2018-10-30,50.47953796386719,50.924455949051364,49.5257992228298,49.97071720801397,146640000,0.0049941714793384495,0.004981741971175456,0.49941714793384495,0.49817419711754557
2018-10-31,51.795372009277344,52.17166028299006,51.26525267501024,51.326786543689,153435600,0.026066681639440148,0.025732736488005115,2.606668163944015,2.5732736488005115
2018-11-01,52.590545654296875,52.62367788475514,51.31021515740563,51.840334455880125,233292800,0.01535221418772914,0.015235561351984252,1.535221418772914,1.5235561351984253
2018-11-02,49.10218048095703,50.56237119763977,48.61702710758743,49.592068062043005,365314800,-0.06633065182990416,-0.06863292038059321,-6.633065182990416,-6.8632920380593205
2018-11-05,47.708255767822266,48.370904034951764,46.898879557030305,48.34960551625416,264654800,-0.028388244666147977,-0.028798982983453673,-2.8388244666147977,-2.8798982983453674
2018-11-06,48.22418975830078,48.44901594538071,47.731936723529905,47.78636749045285,127531600,0.010814354500599865,0.010756297559480044,1.0814354500599865,1.0756297559480044
2018-11-07,49.68674087524414,49.712773606380615,48.30938225721915,48.74483556791726,133697600,0.030328163609874004,0.029877356944086664,3.0328163609874004,2.9877356944086664
2018-11-08,49.51337432861328,49.90047339465784,49.100148077728555,49.86722555541948,101450400,-0.0034891913532053564,-0.0034952927781822943,-0.34891913532053564,-0.34952927781822946
2018-11-09,48.55868148803711,48.92440772185427,48.03146315999094,48.815166373876544,137463200,-0.019281514409420164,-0.019469827377824874,-1.9281514409420164,-1.9469827377824873
2018-11-12,46.112579345703125,47.46149946228675,46.02233365648393,47.259635249162585,204542000,-0.05037414664845474,-0.05168721053965244,-5.037414664845475,-5.1687210539652435
2018-11-13,45.65185546875,46.827408453582805,45.46661699229114,45.509366284258455,187531600,-0.009991284015997137,-0.010041531868011318,-0.9991284015997137,-1.0041531868011317
2018-11-14,44.362300872802734,46.186188133069685,44.15568598291519,46.048446081058614,243204000,-0.02824758342692124,-0.02865422242698592,-2.824758342692124,-2.865422242698592
2018-11-15,45.45711898803711,45.59011034254825,44.38605662645267,44.73991147050331,185915200,0.024679020107038152,0.02437941243323768,2.467902010703815,2.437941243323768
2018-11-16,45.960575103759766,46.30255485250831,44.99401086475405,45.24099422566041,147713200,0.011075407481392574,0.011014524280987762,1.1075407481392574,1.1014524280987763
2018-11-19,44.13908004760742,45.28850964562058,43.93246870577776,45.122270426691934,167701200,-0.03963168546172824,-0.04043840712194248,-3.963168546172824,-4.043840712194248
2018-11-20,42.03019332885742,43.096504796148025,41.6810892663004,42.36029811179492,271300800,-0.04777822094333195,-0.04895731012803804,-4.777822094333195,-4.895731012803804
2018-11-21,41.982704162597656,42.81153021281317,41.92808348913567,42.68328595925916,124496800,-0.0011298821751353216,-0.0011305209732232148,-0.11298821751353216,-0.11305209732232148
2018-11-23,40.91638946533203,41.939955371122814,40.871270248544576,41.545728433984664,94496000,-0.02539890458546512,-0.025727024610162727,-2.539890458546512,-2.5727024610162728
2018-11-26,41.4697265625,41.548097230703135,40.43428939505379,41.379484515509546,179994000,0.013523605195830068,0.013432977409121166,1.3523605195830068,1.3432977409121167
2018-11-27,41.37950134277344,41.50536844853661,40.58154940645296,40.73116290318941,165549600,-0.002175688802543263,-0.0021780590520002045,-0.2175688802543263,-0.21780590520002044
2018-11-28,42.97064971923828,43.05376751403634,41.543358788745984,41.9708336400061,184250000,0.038452574942465345,0.037731696408709874,3.8452574942465345,3.773169640870987
2018-11-29,42.64054489135742,43.41237317618883,42.201195033571544,43.379125333484275,167080000,-0.007682099992383118,-0.007711759317438018,-0.7682099992383118,-0.7711759317438018
2018-11-30,42.41018295288086,42.82578279276526,42.042079512806076,42.81628133855752,158126000,-0.005402415449040188,-0.005417061267729757,-0.5402415449040188,-0.5417061267729757
2018-12-03,43.892093658447266,43.920590773009714,43.03477043251187,43.80659869101698,163210000,0.03494233229818544,0.03434570757875577,3.494233229818544,3.434570757875577
2018-12-04,41.96133041381836,43.31499758229476,41.86158689864037,42.97301774526017,165377200,-0.043988861858662354,-0.04498571522314773,-4.398886185866235,-4.498571522314773
2018-12-06,41.49348831176758,41.50773686933884,40.4722994088251,40.790529273726726,172393600,-0.011149362935754636,-0.011211982966704438,-1.1149362935754636,-1.1211982966704437
2018-12-07,40.01396179199219,41.438875810181194,39.96883893495053,41.20139014048303,169126400,-0.035656836288594174,-0.03630806876332605,-3.5656836288594174,-3.630806876332605
2018-12-10,40.277565002441406,40.39393064398245,38.78852906163199,39.18512963582418,248104000,0.006587780830589196,0.0065661762347739,0.6587780830589196,0.65661762347739
2018-12-11,40.04720687866211,40.79765878910287,39.66010410415537,40.766788118317066,189126800,-0.0057192663897466245,-0.005735684021564136,-0.5719266389746624,-0.5735684021564136
2018-12-12,40.158809661865234,40.828517056992325,40.13981038220844,40.467537990997414,142510800,0.002786780699619573,0.002782904825423515,0.2786780699619573,0.2782904825423515
2018-12-13,40.59816360473633,40.982892750447746,40.26568520596623,40.488922255315906,127594400,0.010940412491565965,0.010880999123871056,1.0940412491565965,1.0880999123871056
2018-12-14,39.29910659790039,40.154056001259654,39.251610214100836,40.13505672299147,162814800,-0.031997925312178044,-0.0325210484353135,-3.1997925312178044,-3.2521048435313498
2018-12-17,38.933387756347656,39.98070006589324,38.64602860130792,39.2919896885735,177151600,-0.00930603449321854,-0.009349606162531807,-0.930603449321854,-0.9349606162531807
2018-12-18,39.439239501953125,39.78596648532235,39.04026176741648,39.2753738408261,135366000,0.01299274927656402,0.012909067567251896,1.299274927656402,1.2909067567251897
2018-12-19,38.20906066894531,39.766965732375674,37.78158583477407,39.422612313422675,196189200,-0.031191748333455838,-0.031688569369799816,-3.1191748333455838,-3.1688569369799815
2018-12-20,37.244873046875,38.49879692576656,36.8815203105907,38.09269489029062,259092000,-0.025234528281768642,-0.02555837874657039,-2.5234528281768642,-2.5558378746570387
2018-12-21,35.796207427978516,37.56072751526206,35.53497541336422,37.251995476406,382978400,-0.03889570564714362,-0.03967234899842697,-3.889570564714362,-3.9672348998426967
2018-12-24,34.870018005371094,35.990950549802086,34.81302014550831,35.18349717525792,148676800,-0.02587395395087322,-0.026214572984391626,-2.587395395087322,-2.6214572984391626
2018-12-26,37.32560729980469,37.33985585447229,34.843883771660536,35.219111414123994,234330000,0.07042122243972893,0.06805223683927354,7.0421222439728925,6.8052236839273545
2018-12-27,37.08338165283203,37.23062521543055,35.639472134315575,37.00976168340444,212468400,-0.006489529963359053,-0.006510678508663198,-0.6489529963359053,-0.6510678508663198
2018-12-28,37.102378845214844,37.64622296552479,36.70340472744858,37.403986609027776,169165600,0.0005122831720327792,0.00051215199980491,0.05122831720327792,0.051215199980491
2018-12-31,37.46097946166992,37.84570497009902,37.16174528956495,37.648591489285586,140014000,0.00966516508149251,0.009618756167062453,0.966516508149251,0.9618756167062453
2019-01-02,37.503719329833984,37.7245827857424,36.62739703060972,36.78413837044897,148158800,0.0011409169962519616,0.0011402666450732665,0.11409169962519616,0.11402666450732665
2019-01-03,33.7680778503418,34.60640172363963,33.72295500680148,34.19317547745964,365248800,-0.09960722686297696,-0.10492419626228704,-9.960722686297697,-10.492419626228704
2019-01-04,35.209617614746094,35.27849047559891,34.1504337518255,34.32379724419946,234428400,0.04268942315263313,0.04180335905105163,4.268942315263313,4.180335905105164
2019-01-07,35.13124465942383,35.34498388334802,34.64914915949289,35.31410959435231,219111200,-0.002225896236073943,-0.002228377225401084,-0.22258962360739432,-0.2228377225401084
2019-01-08,35.80095291137695,36.05506423362693,35.271361057087084,35.51834447775036,164101200,0.019063038000661336,0.01888361493822671,1.9063038000661336,1.8883614938226712
2019-01-09,36.408912658691406,36.6986453479839,35.534967488442895,35.929190786032024,180396400,0.016981663835021976,0.01683908724314126,1.6981663835021976,1.683908724314126
2019-01-10,36.52527618408203,36.565648290377936,35.82706812801261,36.21654426234322,143122800,0.003196017592764999,0.003190921184458281,0.3196017592764999,0.3190921184458281
2019-01-11,36.166683197021484,36.50153878834281,35.98144470474648,36.30680246578782,108092800,-0.00981766668247186,-0.009866177743436927,-0.981766668247186,-0.9866177743436927
2019-01-14,35.62283706665039,35.924444768462564,35.437598603803195,35.82470125952503,129756800,-0.01503721332167618,-0.015151418545737452,-1.503721332167618,-1.5151418545737452
2019-01-15,36.351924896240234,36.42791840883774,35.634717322934954,35.68696444823326,114843600,0.020466865910363063,0.020260234254969256,2.0466865910363063,2.0260234254969256
2019-01-16,36.7960205078125,37.01925755806657,36.33529785069117,36.354297134089684,122278800,0.012216563850190987,0.012142543870815599,1.2216563850190987,1.2142543870815599
2019-01-17,37.01450729370117,37.441982116151216,36.397043258635236,36.620280311678194,119284800,0.005937783023093113,0.005920223863512942,0.5937783023093113,0.5920223863512942
2019-01-18,37.24250030517578,37.494234507163135,37.04300961084738,37.40398880315132,135004000,0.0061595581879705374,0.006140665649537101,0.6159558187970537,0.6140665649537101
2019-01-22,36.406551361083984,37.221125412180456,36.245059232557935,37.145131887501456,121576000,-0.022446101557140108,-0.02270184957073954,-2.244610155714011,-2.270184957073954
2019-01-23,36.55377960205078,36.8435122960888,36.02656133084995,36.608400270150376,92522400,0.0040440040449469805,0.0040358490391136015,0.40440040449469805,0.40358490391136015
2019-01-24,36.2640495300293,36.68677359804413,36.036065388764655,36.59890508773824,101766000,-0.007926131720869423,-0.007957710478510568,-0.7926131720869423,-0.7957710478510568
2019-01-25,37.46572494506836,37.5535970765076,36.6487775687618,36.92425809596469,134142000,0.033136823675579574,0.03259963410172665,3.3136823675579574,3.259963410172665
2019-01-28,37.11899185180664,37.126116128342424,36.49203015046435,36.997871903214524,104768400,-0.009254674606459456,-0.009297765172998134,-0.9254674606459456,-0.9297765172998135
2019-01-29,36.73426818847656,37.55359634769264,36.598903290698956,37.107122292669665,166348800,-0.010364604320775794,-0.010418690880587953,-1.0364604320775794,-1.0418690880587953
2019-01-30,39.24449157714844,39.45822714683114,38.052312966631995,38.76952042341593,244439200,0.06833465078962231,0.06610103489217731,6.833465078962231,6.610103489217731
2019-01-31,39.527099609375,40.13506210044691,39.080625569606816,39.4487289349215,162958400,0.007201215275550288,0.007175410335388286,0.7201215275550288,0.7175410335388286
2019-02-01,39.54609298706055,40.130305383973045,39.40597376494257,39.650587204067136,130672400,0.0004805153394316086,0.00048039992890543283,0.04805153394316086,0.04803999289054328
2019-02-04,40.669410705566406,40.76678067534809,39.72659254412772,39.75746683302016,125982000,0.02840527682149041,0.02800932749473205,2.840527682149041,2.8009327494732053
2019-02-05,41.36524200439453,41.578981228642604,40.93064652495009,41.051762882070676,144406400,0.01710945122528873,0.01696473293274556,1.710945122528873,1.696473293274556
2019-02-06,41.37950134277344,41.695357695040244,41.04939643117397,41.476867706127805,112958400,0.00034471787636092266,0.00034465847480457475,0.034471787636092266,0.03446584748045747
2019-02-07,40.59578323364258,41.30823993167424,40.453290444539384,40.942510130722376,126966800,-0.018939766882128728,-0.01912142158925215,-1.8939766882128728,-1.912142158925215
2019-02-08,40.643489837646484,40.70311587039723,40.16886530680823,40.304814408336355,95280000,0.0011751615612227706,0.001174471599366815,0.11751615612227706,0.11744715993668149
2019-02-11,40.40974044799805,40.83428101567953,40.36681146478798,40.79611949330408,83973600,-0.005751213554302748,-0.005767815467677114,-0.5751213554302748,-0.5767815467677114
2019-02-12,40.75797653198242,40.78421213565277,40.474155993899046,40.56955984328428,89134000,0.008617627337461187,0.008580707542726803,0.8617627337461187,0.8580707542726803
2019-02-13,40.5886344909668,41.137194763699675,40.526624722123245,40.87722611368674,89960800,-0.004154819631017381,-0.004163474876408576,-0.4154819631017381,-0.4163474876408576
2019-02-14,40.736507415771484,40.846217281030114,40.39783197721137,40.47653877930612,87342800,0.0036432101414398677,0.0036365897262094445,0.36432101414398677,0.36365897262094443
2019-02-15,40.6458854675293,40.95117055343982,40.48608808969217,40.84384439092656,98507200,-0.0022245880658660067,-0.0022270661377055434,-0.22245880658660067,-0.22270661377055434
2019-02-19,40.76750183105469,40.88914124452737,40.42405900288239,40.476530193148335,75891200,0.0029920953160818,0.002987627907947101,0.29920953160818,0.2987627907947101
2019-02-20,41.02986145019531,41.33753378782997,40.781818778905716,40.82951887269788,104457600,0.006435508857713934,0.00641488938782513,0.6435508857713934,0.641488938782513
2019-02-21,40.79851531982422,41.11095514343004,40.61725349372424,40.9750096836761,68998800,-0.005638481881103052,-0.005654438127670686,-0.5638481881103052,-0.5654438127670686
2019-02-22,41.25405502319336,41.26120985514692,40.87483437251925,40.92253446530428,75652800,0.01116559511536419,0.0111037200137571,1.116559511536419,1.1103720013757101
2019-02-25,41.55458450317383,41.94573123389448,41.48780362031556,41.537891102101845,87493600,0.007284847024407792,0.0072584406928285035,0.7284847024407792,0.7258440692828504
2019-02-26,41.57841491699219,41.809764155796586,41.30174932264914,41.43054355831514,68280800,0.0005734725567172472,0.0005733081841696878,0.05734725567172472,0.05733081841696878
2019-02-27,41.707218170166016,41.738224873214264,41.19681945157351,41.31130406008195,111341600,0.0030978394301699463,0.003093051012220299,0.30978394301699463,0.30930510122202987
2019-02-28,41.2969856262207,41.71675519338844,41.24213069934181,41.57603864043286,112861600,-0.009836008296491006,-0.009884701386284575,-0.9836008296491006,-0.9884701386284575
2019-03-01,41.7310676574707,41.773996653747055,41.234978633444705,41.56649922650965,103544800,0.010511227990800176,0.010456369121728384,1.0511227990800176,1.0456369121728384
2019-03-04,41.940948486328125,42.3941048319121,41.4925596025787,41.902786955948635,109744800,0.005029366384299738,0.005016761367020235,0.5029366384299738,0.5016761367020235
2019-03-05,41.8646354675293,41.976732715355126,41.628515035862925,41.96242304785135,78949600,-0.0018195348830440938,-0.0018211922473659983,-0.18195348830440938,-0.18211922473659983
2019-03-06,41.62373733520508,41.855086607706475,41.48540451788479,41.659511495165575,83241600,-0.0057542154525879186,-0.005770834734944889,-0.5754215452587919,-0.5770834734944889
2019-03-07,41.14196014404297,41.60465871287591,41.0274791869895,41.46870961945666,99185600,-0.011574577921301343,-0.011642084762693385,-1.1574577921301343,-1.1642084762693385
2019-03-08,41.23974609375,41.27790762437119,40.42644621389484,40.622021328865515,95997600,0.0023767936521417177,0.002373973545765962,0.23767936521417177,0.23739735457659622
2019-03-11,42.66838836669922,42.72085956762917,41.82170159746949,41.85509203085361,128044000,0.03464236345445726,0.034055824447667304,3.464236345445726,3.4055824447667304
2019-03-12,43.14778518676758,43.5675511663907,42.780486770223504,42.930745544199205,129870400,0.011235409595233392,0.01117276119771055,1.1235409595233392,1.117276119771055
2019-03-13,43.338584899902344,43.71780557424151,43.15016460861008,43.46737552238741,124130000,0.004422004798366297,0.00441225646270751,0.4422004798366297,0.441225646270751
2019-03-14,43.820369720458984,43.908618737237624,43.54132028091361,43.86091499226116,94318000,0.011116764003010315,0.01105542694316467,1.1116764003010315,1.105542694316467
2019-03-15,44.39038848876953,44.67898009371108,43.82275112158004,44.08749085728255,156171600,0.013008077566365461,0.012924199140347668,1.3008077566365461,1.2924199140347667
2019-03-18,44.84355163574219,44.931797007327894,44.311684756998986,44.31407212765884,104879200,0.010208587092841226,0.010156831404561752,1.0208587092841226,1.0156831404561752
2019-03-19,44.48816680908203,45.07488846111762,44.34267917125134,44.92224599185948,126585600,-0.00792499286289583,-0.007956562522338827,-0.792499286289583,-0.7956562522338827
2019-03-20,44.87693786621094,45.19414879506152,44.05886680985221,44.416623003991106,124140800,0.008738752010108541,0.008700790116170844,0.8738752010108541,0.8700790116170843
2019-03-21,46.52976989746094,46.825516329115906,45.2704683808724,45.320555849510406,204136800,0.03683032109226114,0.03616829106890312,3.6830321092261142,3.616829106890312
2019-03-22,45.56621551513672,47.14988281885893,45.501818379976086,46.58939664841029,169630800,-0.0207083418733347,-0.02092576649174461,-2.07083418733347,-2.092576649174461
2019-03-25,45.015262603759766,45.78801351500889,44.50486400413485,45.67591630319227,175381200,-0.012091258954651019,-0.012164952863403918,-1.2091258954651019,-1.2164952863403917
2019-03-26,44.5501823425293,46.002675178612826,44.02309028279383,45.71169986519132,199202000,-0.010331612753751274,-0.010385354343455878,-1.0331612753751274,-1.0385354343455877
2019-03-27,44.95087814331055,45.258546900327964,44.4929506048766,45.017659015210214,119393600,0.008994257255794169,0.008954049834753999,0.8994257255794169,0.8954049834753999
2019-03-28,45.010501861572266,45.210844466944145,44.72668135098658,45.065356795101245,83121600,0.001326419432154946,0.001325540515022608,0.1326419432154946,0.1325540515022608
2019-03-29,45.30385971069336,45.33486641281112,44.96756800695002,45.2752403790673,94256000,0.0065175422843162245,0.006496394941669183,0.6517542284316225,0.6496394941669182
2019-04-01,45.61152648925781,45.716465238779,44.929404601308974,45.706926675834836,111448000,0.006791182484874092,0.006768226279681419,0.6791182484874092,0.676822627968142
2019-04-02,46.27457046508789,46.37951286036313,45.56621293626409,45.575751499796354,91062800,0.014536763552218224,0.014432117726919843,1.4536763552218224,1.4432117726919844
2019-04-03,46.59178924560547,46.866067574679796,46.067077180669855,46.09092905245227,93087200,0.0068551426264864546,0.006831752968391598,0.6855142626486455,0.6831752968391598
2019-04-04,46.67287826538086,46.83505934250355,46.06469194760166,46.458222344190496,76457200,0.0017404143753299017,0.0017389016092032507,0.17404143753299017,0.17389016092032508
2019-04-05,46.98531723022461,47.009169100776084,46.730116044604905,46.85413922076049,74106400,0.006694229635190396,0.006671922776139725,0.6694229635190396,0.6671922776139725
2019-04-08,47.72467803955078,47.755681101848495,46.82790017839874,46.84698094558115,103526800,0.015735996964825416,0.015613469883535411,1.5735996964825416,1.5613469883535411
2019-04-09,47.58156967163086,48.380559891254,47.51717254330135,47.7771447875635,143072800,-0.0029986240619858107,-0.003003128943002093,-0.29986240619858107,-0.3003128943002093
2019-04-10,47.84870147705078,47.8773244498053,47.26675076793066,47.38600284310168,86781200,0.005614186485722206,0.0055984856782038545,0.5614186485722206,0.5598485678203855
2019-04-11,47.45039749145508,47.93933170184318,47.328761691309175,47.903557536883895,83603200,-0.008324238136049322,-0.008359078085062439,-0.8324238136049322,-0.8359078085062439
2019-04-12,47.43132019042969,47.734221486599644,46.79690190331519,47.51002699837706,111042800,-0.0004020472331939251,-0.00040212807585188865,-0.04020472331939251,-0.040212807585188866
2019-04-15,47.51718521118164,47.66506027266798,47.22620982993786,47.36215895495653,70146400,0.0018103021464976887,0.0018086655244561251,0.18103021464976887,0.1808665524456125
2019-04-16,47.521942138671875,48.02756966837451,47.35737372664653,47.57202960118193,102785600,0.00010010962284678904,0.00010010461221290143,0.010010962284678904,0.010010461221290142
2019-04-17,48.44734191894531,48.50696794754076,47.36930230294008,47.59110938245884,115627200,0.01947310523574708,0.01928593033692821,1.947310523574708,1.928593033692821
2019-04-18,48.621456146240234,48.69062074842897,48.30186145878901,48.44496176516435,96783200,0.0035938860709061604,0.0035874434936724814,0.35938860709061604,0.35874434936724814
2019-04-22,48.781253814697266,48.87904139023964,48.258929140631615,48.37579748500796,77758000,0.0032865669011723497,0.0032811779443908955,0.328656690117235,0.32811779443908956
2019-04-23,49.484832763671875,49.54922989372461,48.63098759521515,48.75739448502875,93292000,0.014423141964478026,0.014320117891388312,1.4423141964478026,1.4320117891388313
2019-04-24,49.40850830078125,49.72333180806465,49.382272705234,49.45620839106254,70162400,-0.0015423809403405375,-0.001543571634316392,-0.15423809403405375,-0.15435716343163922
2019-04-25,48.96012496948242,49.55161416212724,48.92196343723849,49.32980707961694,74172800,-0.009075022637178853,-0.009116451490774722,-0.9075022637178853,-0.9116451490774722
2019-04-26,48.72639465332031,48.89334681703382,48.206453755716254,48.86949494823866,74596400,-0.004773891331114832,-0.004785322746402138,-0.47738913311148323,-0.4785322746402138
2019-04-29,48.800323486328125,49.12468920417565,48.6214454133817,48.75023602461829,88818800,0.001517223540419943,0.001516073719660628,0.1517223540419943,0.1516073719660628
2019-04-30,47.8606071472168,48.51172218295485,47.48854141250934,48.4306316796023,186139600,-0.019256354711964074,-0.01944417335467409,-1.9256354711964074,-1.944417335467409
2019-05-01,50.209896087646484,51.35232939695796,49.9022236875031,50.057253572929376,259309200,0.04908606640119273,0.047919372188876826,4.908606640119273,4.791937218887683
2019-05-02,49.88313293457031,50.717897315952065,49.63986136370917,50.047701352042424,127985200,-0.006507943225091961,-0.006529212216079245,-0.6507943225091961,-0.6529212216079245
2019-05-03,50.503238677978516,50.524703171639125,50.14071145926002,50.29812502467135,83569600,0.012431170757088772,0.012354538188674696,1.2431170757088772,1.2354538188674695
2019-05-06,49.72333908081055,49.809200711588794,48.53558955444818,48.72400621236716,129772400,-0.01544256601325722,-0.015563044375268259,-1.544256601325722,-1.5563044375268258
2019-05-07,48.3829460144043,49.47052422124375,47.898782941090104,49.10322947707866,155054800,-0.026957020409024368,-0.027327025530200697,-2.695702040902437,-2.73270255302007
2019-05-08,48.39248275756836,48.97443337179271,48.11820448511399,48.15397864611798,105358000,0.0001971096005857209,0.00019709017704073559,0.01971096005857209,0.01970901770407356
2019-05-09,47.872554779052734,48.10151673222708,46.90422848199932,47.796231701804864,139634400,-0.010743982306514521,-0.010802115648438127,-1.0743982306514521,-1.0802115648438126
2019-05-10,47.2093505859375,47.60918957732427,46.15349960538394,47.266813330080936,164834800,-0.013853536669938271,-0.013950392479813325,-1.3853536669938271,-1.3950392479813325
2019-05-13,44.46556091308594,45.365788479732885,43.77841929201786,44.94201315243579,229722400,-0.05811962331184595,-0.05987700112328004,-5.811962331184595,-5.987700112328004
2019-05-14,45.16947937011719,45.418477326075944,44.39135573445882,44.63077839158447,146118800,0.01583064381909316,0.015706646107673153,1.583064381909316,1.5706646107673152
2019-05-15,45.710567474365234,45.909288693023,44.53739806425962,44.59725372096499,106178800,0.011979064443368603,0.01190788334236417,1.1979064443368603,1.190788334236417
2019-05-16,45.50944137573242,46.08166115721115,45.212556081366245,45.46873997827308,132125600,-0.004399991287476479,-0.004409699737672107,-0.4399991287476479,-0.4409699737672107
2019-05-17,45.25088119506836,45.705782772217404,44.71457313979075,44.75527455220516,131516400,-0.00568146241412526,-0.005697663314050571,-0.568146241412526,-0.5697663314050571
2019-05-20,43.835872650146484,44.13754739332549,43.16309588686329,43.93882624365462,154449200,-0.031270298114682626,-0.031769651426670834,-3.1270298114682626,-3.1769651426670835
2019-05-21,44.6762580871582,45.011448261831,44.2213529606178,44.345853734052945,113459200,0.019171180729509407,0.018989729071681814,1.9171180729509407,1.8989729071681813
2019-05-22,43.76165771484375,44.46316775527912,43.70659154583368,44.21177332231356,118994400,-0.020471731775973168,-0.020684182163007343,-2.0471731775973168,-2.068418216300734
2019-05-23,43.01466751098633,43.22535692609775,42.571734215795686,43.048186530660814,146118800,-0.017069513424854743,-0.01721687692531846,-1.7069513424854743,-1.721687692531846
2019-05-24,42.849464416503906,43.608433644945144,42.76566504244201,43.143953201217286,94858800,-0.003840622374687186,-0.003848016502907525,-0.3840622374687186,-0.38480165029075253
2019-05-28,42.67229080200195,43.23732830832482,42.595677466437365,42.83749298760257,111792800,-0.0041347918092929925,-0.004143363697755191,-0.41347918092929925,-0.41433636977551913
2019-05-29,42.468788146972656,42.94045102998245,42.13838374175984,42.238940810020374,113924800,-0.004768964852942648,-0.004780372649197081,-0.47689648529426476,-0.4780372649197081
2019-05-30,42.68905258178711,42.91171385804956,42.29879255396897,42.605253206009266,84873600,0.005186501532659316,0.005173097958714193,0.5186501532659316,0.5173097958714192
2019-05-31,41.91572189331055,42.61483553961218,41.896567644374954,42.193449369628034,108174400,-0.018115433388805058,-0.01828152681289765,-1.8115433388805058,-1.828152681289765
2019-06-03,41.4919319152832,42.598063014392494,40.766481823880554,42.042604554336634,161584400,-0.01011052557095471,-0.010161984076795718,-1.011052557095471,-1.0161984076795718
2019-06-04,43.00987243652344,43.05536331158064,41.78402998710208,42.00429832390132,123872000,0.03658399238530308,0.0359306842321838,3.6583992385303077,3.5930684232183796
2019-06-05,43.70419692993164,44.29078518409569,43.36900677323679,44.120793541794136,119093600,0.016143374859642456,0.01601445618806172,1.6143374859642456,1.6014456188061719
2019-06-06,44.34585189819336,44.405707544999764,43.6108228018273,43.83348770766248,90105200,0.0146817700206332,0.014575036260594464,1.46817700206332,1.4575036260594465
2019-06-07,45.526206970214844,45.94998600483363,44.477538442467015,44.65470883240894,122737600,0.026617034547701923,0.02626896417579662,2.6617034547701923,2.626896417579662
2019-06-10,46.108001708984375,46.77598911152849,45.878154420674264,45.923645296205336,104883600,0.012779336946523223,0.01269837029061186,1.2779336946523223,1.269837029061186
2019-06-11,46.641902923583984,46.92681632149214,46.35220370540528,46.65387478085619,107731600,0.011579361386541587,0.011512833654721602,1.1579361386541587,1.1512833654721601
2019-06-12,46.49348068237305,46.919652667642254,46.301941849451076,46.436017936506644,73012800,-0.0031821652185611837,-0.0031872390730550526,-0.3182165218561184,-0.31872390730550526
2019-06-13,46.4838981628418,47.11597370565027,46.352218650285145,46.61558132869754,86698400,-0.00020610458478498295,-0.0002061258272537479,-0.020610458478498295,-0.020612582725374792
2019-06-14,46.14632034301758,46.34982739236637,45.56212852455843,45.86140682062975,75046000,-0.007262252805081415,-0.007288751333602551,-0.7262252805081415,-0.7288751333602551
2019-06-17,46.42164611816406,46.67783004464345,46.009838968534694,46.18461643739985,58676400,0.005966364665696444,0.005948636392646686,0.5966364665696444,0.5948636392646687
2019-06-18,47.513423919677734,47.953960716640516,46.73769687574321,46.938811023926256,106204000,0.023518722251567814,0.023246418332526782,2.3518722251567814,2.324641833252678
2019-06-19,47.37454605102539,47.85578778829949,47.240469987030195,47.80790034833085,84496800,-0.002922918560597121,-0.0029271986292825117,-0.2922918560597121,-0.2927198629282512
2019-06-20,47.7552375793457,48.03057213210239,47.41286133169161,47.97310938789001,86056000,0.008035782082434828,0.008003667116787915,0.8035782082434828,0.8003667116787915
2019-06-21,47.59242630004883,48.08803285817052,47.44158888613369,47.59721577519034,191202400,-0.003409286343228013,-0.003415111202757274,-0.3409286343228013,-0.3415111202757274
2019-06-24,47.5445442199707,47.92283239718668,47.446380069181274,47.53496526934287,72881600,-0.0010060861317775505,-0.0010065925761427576,-0.10060861317775505,-0.10065925761427576
2019-06-25,46.82387924194336,47.7073455597451,46.75683755347193,47.508624365019834,84281200,-0.015157679810602454,-0.015273731650375523,-1.5157679810602454,-1.5273731650375524
2019-06-26,47.836639404296875,48.12155290184591,47.2500547257955,47.35061178611295,104270000,0.02162913835311442,0.021398547601478607,2.162913835311442,2.139854760147861
2019-06-27,47.82227325439453,48.26041706742118,47.78157184924549,47.953952766753574,83598800,-0.0003003168717795601,-0.0003003619759218805,-0.030031687177956012,-0.03003619759218805
2019-06-28,47.38651657104492,47.764804685647896,47.17822009560668,47.568476416564636,124442400,-0.009112002707014066,-0.009153770925365595,-0.9112002707014066,-0.9153770925365595
2019-07-01,48.25563049316406,48.95953359072476,48.04014794005199,48.64349397414677,109012000,0.018340954031008216,0.01817478742761944,1.8340954031008216,1.817478742761944
2019-07-02,48.53814697265625,48.63391821311523,48.21013915067002,48.222111012389796,67740800,0.005854580628310568,0.005837509169558175,0.5854580628310568,0.5837509169558175
2019-07-03,48.940372467041016,48.94755485247247,48.52856532024344,48.66982377146037,45448000,0.008286791306873598,0.008252644367797414,0.8286791306873598,0.8252644367797414
2019-07-05,48.897281646728516,49.10079233915633,48.57884911730465,48.68659222111898,69062000,-0.0008804759371522364,-0.0008808637837666412,-0.08804759371522364,-0.08808637837666412
2019-07-08,47.88930892944336,48.219709629436664,47.50383840170208,48.07845117383741,101354400,-0.020614084941725896,-0.020829521011659493,-2.0614084941725896,-2.082952101165949
2019-07-09,48.181396484375,48.2460379441199,47.59959777358294,47.692972424290524,82312000,0.006099222591872788,0.006080697620879825,0.6099222591872788,0.6080697620879826
2019-07-10,48.65785598754883,48.777567292500045,48.25802066740765,48.32745527012685,71588400,0.009888868690809849,0.009840293800115443,0.9888868690809849,0.9840293800115443
2019-07-11,48.30350875854492,48.93558426605638,48.29393346215335,48.677007423897294,80767200,-0.007282425865508313,-0.007309072174077657,-0.7282425865508313,-0.7309072174077657
2019-07-12,48.67461395263672,48.84220903730102,48.41124763866507,48.47110328699509,70380800,0.007682779235496984,0.007653416980364341,0.7682779235496984,0.765341698036434
2019-07-15,49.13193130493164,49.289947502159286,48.84222824563044,48.86377541071144,67789600,0.009395397624312407,0.009351535397395345,0.9395397624312407,0.9351535397395345
2019-07-16,48.961917877197266,49.34738837923282,48.722495295890674,48.983465032723174,67467200,-0.0034603448962591266,-0.0034663457369779683,-0.34603448962591266,-0.3466345736977968
2019-07-17,48.686588287353516,49.103181282791674,48.66743404051857,48.854183380535474,56430000,-0.005623341604679588,-0.005639212114912894,-0.5623341604679588,-0.5639212114912894
2019-07-18,49.23965072631836,49.2923239883717,48.77038084256098,48.84220835020634,74162400,0.0113596466382202,0.011295610349111538,1.13596466382202,1.1295610349111538
2019-07-19,48.50461959838867,49.44076276284486,48.44955342792026,49.27077112361806,83717200,-0.014927626761918056,-0.015040165140619741,-1.4927626761918056,-1.5040165140619741
2019-07-22,49.613155364990234,49.61554827599075,48.74883956490333,48.758414862204624,89111600,0.022854230705860124,0.022596984837911598,2.2854230705860124,2.25969848379116
2019-07-23,50.00101089477539,50.01777222901384,49.629905163895735,49.9100327983194,73420800,0.007817594485410417,0.007787195422553966,0.7817594485410417,0.7787195422553966
2019-07-24,49.96030807495117,50.07522988754015,49.60117421397442,49.720885500966666,59966400,-0.0008140399383099739,-0.0008143714487412527,-0.08140399383099739,-0.08143714487412528
2019-07-25,49.56526565551758,50.09678409812618,49.4958310584991,50.01298473022078,55638400,-0.007907125369222001,-0.00793855245994593,-0.7907125369222001,-0.793855245994593
2019-07-26,49.73765182495117,50.214100456871776,49.59399680482801,49.67539961135831,70475600,0.0034779631896193486,0.0034719290625788222,0.34779631896193486,0.34719290625788224
2019-07-29,50.20212936401367,50.43197666906582,49.90524767605758,49.910037151014635,86693600,0.009338549811261698,0.00929521513474959,0.9338549811261698,0.929521513474959
2019-07-30,49.98665237426758,50.317056746119604,49.63470084424237,49.98186289912939,135742800,-0.004292188249300666,-0.004301426132583716,-0.4292188249300666,-0.4301426132583716
2019-07-31,51.006587982177734,53.00097863500099,50.58999500539061,51.81583752155325,277125600,0.020404159099784103,0.020198783227608638,2.0404159099784103,2.0198783227608637
2019-08-01,49.902854919433594,52.20131353212769,49.4982337605151,51.21249694274107,216071600,-0.021639029513791375,-0.021876586567758288,-2.1639029513791375,-2.1876586567758287
2019-08-02,48.84699249267578,49.4239980949657,48.27477271128733,49.20851924885061,163448400,-0.02115835714133918,-0.021385403510021946,-2.115835714133918,-2.1385403510021948
2019-08-05,46.28995895385742,47.56129222006281,46.10799911526764,47.40327609986838,209572000,-0.05234781935042909,-0.05376774209964801,-5.234781935042909,-5.376774209964801
2019-08-06,47.166263580322266,47.42244757771809,46.457570905876665,47.001061361934276,143299200,0.018930771300496474,0.018753814052917914,1.8930771300496474,1.8753814052917914
2019-08-07,47.654666900634766,47.779167660416284,46.40488444167236,46.78556545258096,133457600,0.010354929206566554,0.01030168417736568,1.0354929206566554,1.030168417736568
2019-08-08,48.70573806762695,48.72968178909559,47.73847236505692,47.93240408773638,108038000,0.02205599651307577,0.02181628138921943,2.205599651307577,2.181628138921943
2019-08-09,48.304386138916016,48.729771632927324,47.89581833034356,48.378888558753715,98478800,-0.00824034178793609,-0.008274481079973105,-0.824034178793609,-0.8274481079973105
2019-08-12,48.181819915771484,48.5591433982837,47.86217750716622,47.97513398491319,89927600,-0.0025373725440180905,-0.0025405971295364357,-0.25373725440180905,-0.2540597129536436
2019-08-13,50.22223663330078,50.98408951762822,48.181814264515985,48.31159574878954,188874000,0.0423482699718738,0.041476119706718745,4.23482699718738,4.147611970671875
2019-08-14,48.72737503051758,49.6142018262065,48.688920981443054,48.82591215607856,146189600,-0.02976493487731302,-0.03021690166510703,-2.976493487731302,-3.021690166510703
2019-08-15,48.4846305847168,49.30175878721862,47.98714105517574,48.89800235789184,108909600,-0.0049816852569782855,-0.004994135216040675,-0.49816852569782855,-0.4994135216040675
2019-08-16,49.62862014770508,49.78724034646014,48.989335347035194,49.095082146205236,110481600,0.02359489077656063,0.023320833865248775,2.359489077656063,2.3320833865248773
2019-08-19,50.553897857666016,51.125886205011135,50.476989765853084,50.61878493455606,97654400,0.01864403457535424,0.01847236502222894,1.864403457535424,1.8472365022228938
2019-08-20,50.55630111694336,51.27489599056535,50.546689438817666,50.68127493565582,107537200,4.7538555466353216e-05,4.7537425545035044e-05,0.004753855546635322,0.004753742554503505
2019-08-21,51.104248046875,51.346982292320256,50.854304127508136,51.1883657988658,86141600,0.010838350864794677,0.010780036913061649,1.0838350864794677,1.0780036913061648
2019-08-22,51.06100082397461,51.536857739537524,50.65003098745678,51.236442371877644,89014800,-0.0008462549504831829,-0.0008466132263465344,-0.08462549504831829,-0.08466132263465344
2019-08-23,48.700927734375,50.96245512141073,48.30678298506462,50.33278212314745,187272000,-0.04622065865366831,-0.04732293266655332,-4.622065865366832,-4.732293266655332
2019-08-26,49.626216888427734,49.79444876140259,49.282539799826424,49.47480636916046,104174400,0.0189994153519919,0.018821180493604622,1.89994153519919,1.8821180493604621
2019-08-27,49.066246032714844,50.121304742904,48.91483550162449,49.9554748597441,103493200,-0.011283770773255708,-0.011347915500768503,-1.1283770773255708,-1.1347915500768504
2019-08-28,49.3954963684082,49.44116009127208,48.86436404932155,49.051822946314466,63755200,0.0067103225193514415,0.006687908519436239,0.6710322519351442,0.6687908519436239
2019-08-29,50.23183822631836,50.306344298277274,49.66705968439187,50.109270108826465,83962000,0.016931540715219073,0.016789799869716557,1.6931540715219073,1.6789799869716557
2019-08-30,50.166954040527344,50.57792012503005,49.79684033035191,50.50822538767908,84573600,-0.0012916944328950075,-0.0012925293892320764,-0.12916944328950075,-0.12925293892320763
2019-09-03,49.436344146728516,49.743969139920104,49.08065343594684,49.61178566616297,80092000,-0.014563568942387972,-0.01467065872392304,-1.4563568942387972,-1.467065872392304
2019-09-04,50.275108337402344,50.344803082405896,49.82568816430708,50.082841787242316,76752400,0.01696654971460565,0.01682422538941665,1.696654971460565,1.682422538941665
2019-09-05,51.25807189941406,51.42390177073253,50.83268270783798,50.950446853296846,95654800,0.019551694556577237,0.019363015540479516,1.9551694556577237,1.9363015540479516
2019-09-06,51.253257751464844,51.532044060281095,51.073008551878715,51.443122295315995,77449200,-9.391980171757908e-05,-9.392421245832917e-05,-0.009391980171757908,-0.009392421245832918
2019-09-09,51.47196578979492,52.017521111519436,50.72693789572652,51.63298798303403,109237600,0.004267202670133141,0.0042581239787333304,0.4267202670133141,0.425812397873333
2019-09-10,52.08000946044922,52.0992364848002,50.88075361239367,51.39746659829906,127111600,0.011813103722081886,0.011743873693281304,1.1813103722081886,1.1743873693281304
2019-09-11,53.73588562011719,53.76472798311342,52.327538521905325,52.409254272019126,177158400,0.031794851360875453,0.03129985985751663,3.1794851360875453,3.1299859857516634
2019-09-12,53.6157341003418,54.41604113184608,53.560458695911414,54.02670396356076,128906800,-0.0022359642609185437,-0.002238467761528039,-0.22359642609185437,-0.2238467761528039
2019-09-13,52.57268524169922,53.062961469937115,52.156911432083696,52.8731005859375,159053200,-0.019454156063414385,-0.019645878766555068,-1.9454156063414385,-1.9645878766555067
2019-09-16,52.84906768798828,52.90434675357643,52.28669102458082,52.32754707272448,84632400,0.0052571491263651016,0.005243378559428078,0.5257149126365102,0.5243378559428078
2019-09-17,53.04133605957031,53.07017842826459,52.661610598516674,52.86349251065767,73274800,0.0036380655325303213,0.0036314637790171855,0.36380655325303213,0.36314637790171855
2019-09-18,53.53882598876953,53.558053012289186,52.738519012265336,53.12785615379395,101360000,0.009379287290962823,0.009335574890786751,0.9379287290962823,0.9335574890786751
2019-09-19,53.103816986083984,53.77674437024011,52.96201816775611,53.35616292155293,88242400,-0.008125112843841542,-0.008158301469678239,-0.8125112843841542,-0.8158301469678239
2019-09-20,52.327552795410156,53.48835829201576,52.26506771503566,53.204767926646866,221652400,-0.014617860536790594,-0.014725754200724852,-1.4617860536790594,-1.4725754200724852
2019-09-23,52.56547546386719,52.8346464382801,52.308318169456676,52.62075086028852,76662000,0.004546795249287916,0.004536489801800839,0.4546795249287916,0.45364898018008387
2019-09-24,52.31553649902344,53.471538013059494,52.19777601182611,53.12065122006928,124763200,-0.004754812215397086,-0.00476615229591403,-0.4754812215397086,-0.476615229591403
2019-09-25,53.12063980102539,53.2335962580172,52.1857474445808,52.52461681555622,87613600,0.015389372945013857,0.015272157595961636,1.5389372945013857,1.5272157595961635
2019-09-26,52.84666061401367,53.09901022097145,52.59190900463546,52.87309730935552,75334000,-0.005157678597960569,-0.005171025334116621,-0.5157678597960569,-0.5171025334116621
2019-09-27,52.589508056640625,53.103818957729175,52.21939431443392,53.002876179178735,101408000,-0.004866013375022127,-0.004877890964777191,-0.4866013375022127,-0.48778909647771906
2019-09-30,53.827232360839844,53.973835229146715,53.06297364283968,53.08941034588454,103909600,0.02353557486915725,0.023262883570027832,2.353557486915725,2.3262883570027832
2019-10-01,53.97623062133789,54.84863804778662,53.88250117060058,54.09159276622988,139223200,0.0027680832538297118,0.0027642591666819276,0.2768083253829712,0.2764259166681928
2019-10-02,52.6231575012207,53.73349145834526,52.37561187967944,53.60851764627017,138449200,-0.02506794388088096,-0.025387496444146968,-2.506794388088096,-2.538749644414697
2019-10-03,53.07018280029297,53.10382917722504,51.70269136073253,52.49578505515693,114426000,0.008494839920274666,0.008458961810318423,0.8494839920274666,0.8458961810318423
2019-10-04,54.557830810546875,54.6731929479549,53.80799525329293,54.22857675291312,138478800,0.02803171068492527,0.02764601352698704,2.803171068492527,2.7646013526987043
2019-10-07,54.56984329223633,55.25959571661038,54.276637636700606,54.37998241718254,122306000,0.00022017887278491521,0.00022015463697431516,0.02201788727849152,0.022015463697431518
2019-10-08,53.93055725097656,54.81017419574898,53.9137358998427,54.27183228459761,111820000,-0.011715005993992222,-0.011784167357882281,-1.1715005993992222,-1.178416735788228
2019-10-09,54.562625885009766,54.74527705963037,54.22856423198783,54.562625885009766,74770400,0.0117200464124958,0.011651898615289131,1.17200464124958,1.1651898615289131
2019-10-10,55.29804611206055,55.38216386580803,54.627520753094714,54.77892757578947,113013600,0.013478461036693368,0.01338843462359942,1.3478461036693368,1.338843462359942
2019-10-11,56.768890380859375,57.11256378651316,55.83159227355159,55.98540478852595,166795600,0.02659848533921405,0.02625089572822381,2.659848533921405,2.625089572822381
2019-10-14,56.68716049194336,57.23031366508729,56.398762556627126,56.45403794132788,96427600,-0.0014396950225324945,-0.001440732379182462,-0.14396950225324945,-0.1440732379182462
2019-10-15,56.55498504638672,57.114955944106484,56.44923827297353,56.812138638842434,87360000,-0.002331664602876482,-0.0023343871656788502,-0.2331664602876482,-0.23343871656788504
2019-10-16,56.3266716003418,56.53576316392705,56.04548329122299,56.08633933608511,73903200,-0.00403701717642857,-0.004045187927993476,-0.403701717642857,-0.4045187927993476
2019-10-17,56.54537582397461,56.754463724015515,56.12239235171388,56.49971210622329,67585200,0.0038827826572924717,0.0038752641123436845,0.3882782657292472,0.38752641123436843
2019-10-18,56.81695556640625,57.09814389578318,56.307448635792866,56.37954905370019,97433600,0.004802863867720442,0.004791366914559091,0.48028638677204416,0.4791366914559091
2019-10-21,57.80231475830078,57.91767689190389,57.03565787328163,57.08372359535983,87247200,0.017342696067952357,0.01719402792402454,1.7342696067952357,1.7194027924024542
2019-10-22,57.67013931274414,58.20848130833189,57.58842354511688,57.95853733426326,82293600,-0.0022866808381174497,-0.0022892992852085905,-0.22866808381174497,-0.22892992852085906
2019-10-23,58.444000244140625,58.45842326091589,57.97295104383975,58.18444461705697,75828800,0.013418745656220032,0.013329511674479525,1.3418745656220032,1.3329511674479524
2019-10-24,58.54014205932617,58.83334775862676,58.11475286162288,58.763649338023576,69275200,0.0016450245497217075,0.0016436729788789095,0.16450245497217075,0.16436729788789095
2019-10-25,59.261138916015625,59.29718729410837,58.37191014032259,58.43920289088229,73477200,0.012316281295641218,0.012241052962204223,1.2316281295641218,1.2241052962204224
2019-10-28,59.85475540161133,59.90282112444377,59.294780746023385,59.46301260952673,96572800,0.010016960464377389,0.009967123251162493,1.001696046437739,0.9967123251162493
2019-10-29,58.470436096191406,60.022984167085156,58.29740023636161,59.83552529068843,142839600,-0.0231279753151018,-0.023399623559059172,-2.31279753151018,-2.339962355905917
2019-10-30,58.463226318359375,58.953506199746954,57.970548101650635,58.82372472112932,124522000,-0.0001233063803418588,-0.0001233139831985689,-0.012330638034185881,-0.01233139831985689
2019-10-31,59.7850456237793,59.88358272052478,57.02122491363465,59.419743265937676,139162000,0.022609414304677555,0.022357609864957422,2.2609414304677555,2.2357609864957424
2019-11-01,61.48179626464844,61.508229290929656,59.881182643538374,59.9725064023454,151125200,0.028380853826667662,0.027985578798200145,2.8380853826667662,2.7985578798200144
2019-11-04,61.885562896728516,61.969680662683295,61.37605963006652,61.84470318148446,103272000,0.006567254969943592,0.0065457845011207055,0.6567254969943592,0.6545784501120705
2019-11-05,61.796630859375,62.051382450384814,61.60196232915728,61.77740017268105,79897600,-0.001437040130052969,-0.0014380736624910514,-0.1437040130052969,-0.14380736624910515
2019-11-06,61.82307815551758,61.883161230177926,61.37365793055572,61.710121681781736,75864400,0.00042797310751074846,0.00042788155314131283,0.042797310751074846,0.042788155314131285
2019-11-07,62.53659439086914,62.75836715496231,62.218401564449074,62.37026665689407,94940400,0.01154126026460034,0.011475167959915272,1.154126026460034,1.1475167959915271
2019-11-08,62.707740783691406,62.78005398312433,61.914671700144595,62.3582098215494,69986400,0.0027367398958848543,0.0027330018417574395,0.27367398958848543,0.2733001841757439
2019-11-11,63.204315185546875,63.269397069308496,62.259380964786935,62.26419939293928,81821200,0.007918869275938212,0.00788767958051183,0.7918869275938212,0.7887679580511829
2019-11-12,63.146480560302734,63.34655942630592,62.89578978908218,63.047647573879,87388800,-0.0009150423523197615,-0.0009154612591375133,-0.09150423523197615,-0.09154612591375133
2019-11-13,63.7514762878418,63.82620235096714,62.931895128277134,62.94635776266426,102734400,0.009580830509806626,0.009535225411603187,0.9580830509806626,0.9535225411603186
2019-11-14,63.31037521362305,63.850333385659255,63.180204098443475,63.57794140753723,89182800,-0.006919072308649743,-0.006943120079160133,-0.6919072308649743,-0.6943120079160133
2019-11-15,64.06249237060547,64.06731080072586,63.39959408814931,63.56109609557387,100206400,0.011879840459713131,0.01180982909214486,1.1879840459713131,1.1809829092144861
2019-11-18,64.38549041748047,64.46503495810572,63.69366698470871,64.07211597134203,86703200,0.005041921332164856,0.005029253409408985,0.5041921332164856,0.5029253409408985
2019-11-19,64.19023895263672,64.60243902243361,63.973291934658384,64.57833216346258,76167200,-0.003032538287395581,-0.0030371457488544847,-0.3032538287395581,-0.30371457488544845
2019-11-20,63.442955017089844,64.13959672655233,62.77041280435066,64.00943296128311,106234400,-0.011641706710240896,-0.011710001943964623,-1.1641706710240896,-1.1710001943964623
2019-11-21,63.15851593017578,63.64062358695327,62.95843713304087,63.5634845963379,121395200,-0.00448338332975573,-0.0044934638339233545,-0.448338332975573,-0.44934638339233546
2019-11-22,63.10306167602539,63.44053551515698,62.876470521956044,63.29831465996502,65325200,-0.000878017054924074,-0.0008784027376723226,-0.0878017054924074,-0.08784027376723226
2019-11-25,64.20951080322266,64.22638633771652,63.281452038993585,63.327252857545794,84020400,0.017534000693624652,0.01738205369142397,1.7534000693624652,1.738205369142397
2019-11-26,63.70811080932617,64.39993403773599,63.27662244789559,64.34690190752454,105207600,-0.007808811928704529,-0.007839460356707403,-0.7808811928704529,-0.7839460356707403
2019-11-27,64.5638656616211,64.59761673344,63.953999683634294,64.01908157822496,65235600,0.013432431780250553,0.013343016488432407,1.3432431780250553,1.3343016488432407
2019-11-29,64.421630859375,64.60242121725912,64.09620674390789,64.2649473538178,46617600,-0.0022030093890528235,-0.0022054395840545673,-0.22030093890528235,-0.22054395840545674
2019-12-02,63.67678451538086,64.66269385769631,63.50563834538534,64.42645844153186,94487200,-0.011562053522365057,-0.011629413781850029,-1.1562053522365057,-1.1629413781850029
2019-12-03,62.541412353515625,62.560693421017824,61.779681450558876,62.266607486055904,114430400,-0.017830237040172614,-0.01799111086427242,-1.7830237040172614,-1.799111086427242
2019-12-04,63.093421936035156,63.47187818362995,62.83790548569971,62.93192000275179,67181600,0.008826305031285342,0.008787580894912966,0.8826305031285342,0.8787580894912966
2019-12-05,64.0190658569336,64.09379930384016,63.332068402488204,63.58758484552913,74424400,0.014671005193487074,0.014564427137057438,1.4671005193487074,1.4564427137057439
2019-12-06,65.25567626953125,65.32558393574297,64.43368187672564,64.4770771543204,106075600,0.019316283298496773,0.019132092045987984,1.9316283298496773,1.9132092045987985
2019-12-09,64.34210205078125,65.2773848846026,63.8575814192928,65.08454473165352,128042400,-0.013999919562193819,-0.01409884279957983,-1.3999919562193819,-1.409884279957983
2019-12-10,64.71813201904297,65.10140670875774,64.08656483345956,64.74705730032277,90420400,0.005844228837362797,0.005827217578292968,0.5844228837362797,0.5827217578292968
2019-12-11,65.2701416015625,65.34969348345126,64.7229520666511,64.79767816395331,78756800,0.008529442449870306,0.00849327228431864,0.8529442449870306,0.8493272284318639
2019-12-12,65.43645477294922,65.70161539296117,64.43849598392988,64.54937865907041,137310400,0.002548074315541715,0.002544833478278349,0.2548074315541715,0.2544833478278349
2019-12-13,66.3259506225586,66.36210722075081,65.30870330727501,65.43646152513958,133587600,0.013593276908043572,0.013501717118070388,1.3593276908043572,1.3501717118070389
2019-12-16,67.4613265991211,67.6855122693703,66.7670976938844,66.77191612256408,128186000,0.01711812595078488,0.016973261698743556,1.711812595078488,1.6973261698743556
2019-12-17,67.59388732910156,67.92171691942357,67.20578694097172,67.39140304865965,114158400,0.0019649884854502364,0.0019630604209128475,0.19649884854502364,0.19630604209128474
2019-12-18,67.43238830566406,67.95306540143068,67.28293612524905,67.44685094529272,116028400,-0.0023892548545283443,-0.0023921136784553925,-0.23892548545283443,-0.23921136784553926
2019-12-19,67.49990844726562,67.77953184581898,67.24198637269039,67.3745630712442,98369200,0.0010013013523337833,0.0010008003845199678,0.10013013523337833,0.10008003845199678
2019-12-20,67.36006164550781,68.13384213651304,67.14793316484396,68.03260367934506,275978000,-0.0020718072805545606,-0.0020739564422040105,-0.20718072805545606,-0.20739564422040105
2019-12-23,68.45928955078125,68.51955300989285,67.58426294746009,67.62283244405702,98572000,0.016318689122618135,0.01618697036829392,1.6318689122618135,1.6186970368293923
2019-12-24,68.52435302734375,68.67381254514265,68.19893632067681,68.62559884825562,48478800,0.0009503966078152626,0.000949945266905132,0.09503966078152626,0.0949945266905132
2019-12-26,69.8839340209961,69.90080955880055,68.62804531588958,68.6569706056224,93121200,0.019840843927557028,0.019646579756255476,1.9840843927557028,1.9646579756255476
2019-12-27,69.8573989868164,70.86259672343512,69.45243030638008,70.17559181703608,146266000,-0.0003797014943622834,-0.00037977359922748824,-0.03797014943622834,-0.037977359922748824
2019-12-30,70.2719955444336,70.55403170483157,68.75335966764395,69.77542534439749,144114400,0.005934898287516033,0.0059173561516503775,0.5934898287516033,0.5917356151650377
2019-12-31,70.78544616699219,70.79267748666231,69.78989280626304,69.88872574600676,100805600,0.007306617929099923,0.007280053913247345,0.7306617929099923,0.7280053913247345
2020-01-02,72.40050506591797,72.46076851156026,71.15666666509587,71.40977019424241,135480400,0.02281625653832342,0.02255985846024926,2.281625653832342,2.255985846024926
2020-01-03,71.69664764404297,72.45596582996416,71.47246932030643,71.62915285765841,146322800,-0.009721719775769078,-0.009769284216626251,-0.9721719775769078,-0.9769284216626252
2020-01-06,72.2679443359375,72.30651383633005,70.56851756430221,70.81921563866376,118387200,0.00796824831658638,0.007936669467125138,0.7968248316586379,0.7936669467125137
2020-01-07,71.92806243896484,72.53310260522755,71.70870255084994,72.27758611058375,108872000,-0.004703079630890228,-0.004714173908411855,-0.4703079630890228,-0.4714173908411855
2020-01-08,73.08512878417969,73.38644614373833,71.631574135924,71.631574135924,132079200,0.016086438393869917,0.015958422696754668,1.6086438393869917,1.5958422696754668
2020-01-09,74.63748931884766,74.83032941641996,73.81067654984861,74.06136720541696,170108400,0.021240443308953916,0.021018009311281127,2.1240443308953916,2.1018009311281127
2020-01-10,74.80625915527344,75.37033179715374,74.30487024251312,74.87134842123443,140644800,0.0022611939116119473,0.0022586412599616837,0.22611939116119473,0.22586412599616837
2020-01-13,76.40442657470703,76.43094632364196,75.0039042885127,75.1220256778742,121532000,0.021364086875622412,0.02113907392755155,2.1364086875622412,2.1139073927551553
2020-01-14,75.37273406982422,76.5514912091606,75.24980157927621,76.34177548655019,161954400,-0.013503046238741656,-0.013595041449973802,-1.3503046238741656,-1.3595041449973801
2020-01-15,75.04969787597656,76.05248268254357,74.61820946436237,75.17263768221467,121923600,-0.0042858494896629296,-0.004295060068778172,-0.42858494896629296,-0.4295060068778172
2020-01-16,75.98979187011719,76.10068190640935,75.23047392822782,75.59205460116348,108829200,0.012526286190974067,0.012448481331656673,1.2526286190974067,1.2448481331656673
2020-01-17,76.83108520507812,76.83349074089385,75.93195182564011,76.23808752279956,137816400,0.011071136191541209,0.011010299770291703,1.1071136191541209,1.1010299770291703
2020-01-21,76.31040954589844,76.90098699093934,76.1730071029982,76.45986173724447,110843200,-0.006776887997740677,-0.006799955378982762,-0.6776887997740677,-0.6799955378982762
2020-01-22,76.58280944824219,77.13481745633268,76.48879491769239,76.79493065234263,101832400,0.0035696296739162747,0.0035632736671478444,0.3569629673916275,0.35632736671478443
2020-01-23,76.95160675048828,77.03115126719418,76.0886300322076,76.63582686293465,104472000,0.004815666921900386,0.004804108690158748,0.48156669219003856,0.4804108690158748
2020-01-24,76.72984313964844,77.93993070377184,76.53940855639385,77.19748815287878,146537600,-0.0028818580950349393,-0.0028860186434041747,-0.28818580950349393,-0.28860186434041746
2020-01-27,74.47357177734375,75.15333787807808,73.4924810810553,74.74113795467083,161940000,-0.029405395214978758,-0.029846400665434838,-2.940539521497876,-2.984640066543484
2020-01-28,76.58038330078125,76.75152944120848,75.25458738363722,75.35342032568062,162234000,0.02828938471940501,0.027896630063873516,2.828938471940501,2.7896630063873515
2020-01-29,78.18340301513672,79.02950436307852,77.46988569545148,78.20992276333985,216229200,0.020932510980773866,0.02071643609744829,2.0932510980773866,2.071643609744829
2020-01-30,78.0700912475586,78.12312337660362,76.83589699674123,77.26738534868132,126743200,-0.0014493071829604354,-0.0014503584444724034,-0.14493071829604354,-0.14503584444724035
2020-01-31,74.60856628417969,77.78324080814086,74.31448034488959,77.36139664518089,199588400,-0.04433868217730763,-0.04535169875914377,-4.433868217730764,-4.535169875914377
2020-02-03,74.4036865234375,75.56797344941275,72.8512990512171,73.3526878513845,173788400,-0.0027460621607686697,-0.0027498395062658877,-0.27460621607686697,-0.27498395062658876
2020-02-04,76.86001586914062,77.050450456367,75.60171457078681,76.00668324335653,136616400,0.03301354355512176,0.03248030094712247,3.301354355512176,3.248030094712247
2020-02-05,77.48677062988281,78.28465836318001,76.88413594573808,77.98574655750554,118826800,0.008154496894839047,0.00812142863342575,0.8154496894839047,0.8121428633425749
2020-02-06,78.39309692382812,78.395509815644,77.1998851389864,77.75671877652137,105425600,0.011696529440804904,0.011628653800580585,1.1696529440804904,1.1628653800580586
2020-02-07,77.32756042480469,78.1418387801139,76.83705999088563,77.89296432100895,117684000,-0.013592223560944139,-0.013685443506290189,-1.3592223560944139,-1.368544350629019
2020-02-10,77.69479370117188,77.69479370117188,75.8342789707218,75.91401226143752,109348800,0.0047490606757767395,0.004737819463209925,0.47490606757767395,0.4737819463209925
2020-02-11,77.22605895996094,78.26263625107545,77.0085971005104,78.19015142253798,94323200,-0.006033026395742547,-0.006051298627794494,-0.6033026395742547,-0.6051298627794494
2020-02-12,79.06001281738281,79.06484268174145,77.67549348632544,77.67549348632544,113730400,0.023747862860290736,0.023470268622807603,2.3747862860290736,2.34702686228076
2020-02-13,78.49701690673828,78.82321339617904,78.12974813739189,78.33271303943899,94747600,-0.007121120912855994,-0.007146597112495584,-0.7121120912855994,-0.7146597112495584
2020-02-14,78.516357421875,78.76523186182376,78.00894143905393,78.4656106619056,80113600,0.00024638535193877154,0.0002463550040526939,0.024638535193877154,0.024635500405269392
2020-02-18,77.07866668701172,77.25988612279623,76.01792538344428,76.19914481922879,152531200,-0.018310716162473595,-0.01848043226712108,-1.8310716162473595,-1.848043226712108
2020-02-19,78.19496154785156,78.42450907000605,77.32027709305024,77.32027709305024,93984000,0.014482539836511599,0.014378669525979642,1.4482539836511599,1.4378669525979642
2020-02-20,77.39276885986328,78.44384294584167,76.88777163956716,77.95576130740083,100566000,-0.010258879499510654,-0.010311864493085146,-1.0258879499510654,-1.0311864493085146
2020-02-21,75.64099884033203,77.42903672549149,75.02485563249914,76.98685711850104,129554000,-0.02263480226044401,-0.022894901758176305,-2.263480226044401,-2.2894901758176305
2020-02-24,72.04801177978516,73.49776723386336,69.88546431842104,71.8257200728422,222195200,-0.04750052373225777,-0.048665721831571584,-4.750052373225778,-4.8665721831571584
2020-02-25,69.60759735107422,73.09909512359589,69.13643119372864,72.71732938397975,230673600,-0.033872057929510535,-0.03445900833216516,-3.3872057929510535,-3.445900833216516
2020-02-26,70.71182250976562,71.97552869907848,69.22582460812832,69.23307309062069,198054800,0.015863572378775226,0.015739060985288517,1.5863572378775226,1.5739060985288518
2020-02-27,66.08951568603516,69.10500967174747,65.95420576749399,67.92104419759342,320605600,-0.0653682320674468,-0.06760265835345892,-6.53682320674468,-6.760265835345892
2020-02-28,66.05084991455078,67.27106508637516,61.94562839291094,62.160678974985316,426510000,-0.0005850515181267113,-0.0005852227275469534,-0.05850515181267113,-0.05852227275469534
2020-03-02,72.20024108886719,72.83571844288954,67.10435128397388,68.20616489725688,341397200,0.0931008636871713,0.08901848644374374,9.31008636871713,8.901848644374374
2020-03-03,69.90721893310547,73.45428597286327,69.05669090258408,73.37455265692115,319475600,-0.03175920358686013,-0.03227446601521477,-3.175920358686013,-3.2274466015214767
2020-03-04,73.14983367919922,73.30930768219956,70.82781196815235,71.62759322830975,219178400,0.04638454791337954,0.04534093470941407,4.638454791337954,4.534093470941407
2020-03-05,70.77706146240234,72.3790349760971,70.41220399588842,71.40528289969257,187572800,-0.032437151220366944,-0.03297489620905935,-3.2437151220366944,-3.297489620905935
2020-03-06,69.8371353149414,70.26964775134793,67.95245619771107,68.13850549074616,226176800,-0.013280095669982561,-0.013369064696538282,-1.3280095669982561,-1.3369064696538282
2020-03-09,64.31359100341797,67.19376858532901,63.54763339444034,63.728852881306615,286744800,-0.0790917938803497,-0.08239491531650728,-7.90917938803497,-8.239491531650728
2020-03-10,68.9455337524414,69.21132371848606,65.0867678159455,66.96420578722295,285290000,0.07202121164058894,0.0695458494310119,7.2021211640588945,6.95458494310119
2020-03-11,66.551025390625,67.9500415324096,65.68841908631278,67.02461750309321,255598800,-0.0347304347575903,-0.035347874431811054,-3.47304347575903,-3.5347874431811053
2020-03-12,59.97879409790039,65.23899079548863,59.923221175115486,61.84173134619349,418474000,-0.09875477130740706,-0.1039778844967502,-9.875477130740705,-10.397788449675021
2020-03-13,67.16474151611328,67.63591489908035,61.119261384040925,64.00427846865324,370732000,0.11980813429632531,0.11315736196800275,11.98081342963253,11.315736196800275
2020-03-16,58.524208068847656,62.60043194062402,57.99021323308223,58.46138297821733,322423600,-0.12864686518882384,-0.1377079482332787,-12.864686518882385,-13.77079482332787
2020-03-17,61.0975341796875,62.24525368604919,57.60362153116066,59.804833950382424,324056000,0.043970285045336954,0.043031026455127526,4.397028504533695,4.303102645512753
2020-03-18,59.601863861083984,60.406478598445545,57.29433564123959,57.93464652653443,300233600,-0.024480043895139136,-0.0247846618192894,-2.4480043895139136,-2.47846618192894
2020-03-19,59.14519500732422,61.09269941838276,58.62086718026377,59.77583883377371,271857200,-0.007661989477781073,-0.007691493321205588,-0.7661989477781073,-0.7691493321205588
2020-03-20,55.390323638916016,60.84865193316744,55.090706190239764,59.725089265820536,401693200,-0.06348565370260795,-0.06559043815778318,-6.348565370260795,-6.559043815778318
2020-03-23,54.21360397338867,55.21152015646839,51.372084613414366,55.1100377172106,336752800,-0.021244137752259085,-0.02147304216991097,-2.1244137752259085,-2.1473042169910967
2020-03-24,59.6525993347168,59.84831571056435,56.61294527600062,57.1106940064076,287531200,0.10032528669368501,0.0956058512652874,10.032528669368501,9.56058512652874
2020-03-25,59.323997497558594,62.399894457247456,59.029213577289134,60.58770003932158,303602000,-0.005508592095281317,-0.005523820338585498,-0.5508592095281317,-0.5523820338585498
2020-03-26,62.445796966552734,62.50378482179249,59.526955709117544,59.5656167372231,252087200,0.052622877767510845,0.05128502823252127,5.2622877767510845,5.128502823252127
2020-03-27,59.860408782958984,61.8248250722316,59.69368630258447,61.07095335601888,204216800,-0.041402116862701566,-0.042283600544775236,-4.140211686270156,-4.228360054477523
2020-03-30,61.56869888305664,61.74025490515105,60.2615017965214,60.5852833250574,167976400,0.028537895661413737,0.028138274994965618,2.8537895661413737,2.8138274994965617
2020-03-31,61.44305419921875,63.424386025978244,60.88973245903772,61.75958725464871,197002000,-0.0020407233889502274,-0.0020428085021678187,-0.20407233889502274,-0.20428085021678188
2020-04-01,58.210105895996094,60.0972038911912,57.78001201918498,59.56079401122782,176218400,-0.052616985684669326,-0.05405181738940044,-5.261698568466933,-5.405181738940044
2020-04-02,59.18143844604492,59.234596446659125,57.241182484383906,58.072376290076036,165934000,0.016686665229304065,0.0165489724750928,1.6686665229304065,1.65489724750928
2020-04-03,58.3309211730957,59.36749487099752,57.741353268233574,58.6667810943843,129880000,-0.014371351817084155,-0.014475619881281465,-1.4371351817084155,-1.4475619881281465
2020-04-06,63.419532775878906,63.57416947483236,60.25665150211028,60.62392011423058,201820400,0.08723694912485369,0.0836395688593951,8.723694912485369,8.36395688593951
2020-04-07,62.68501281738281,65.64976767726971,62.58111543792132,65.43229844270063,202887200,-0.01158192005437575,-0.011649512900598,-1.158192005437575,-1.1649512900598
2020-04-08,64.28941345214844,64.60352421399418,63.1199448269442,63.484794969799864,168895200,0.025594644758861973,0.025272585601663768,2.5594644758861973,2.5272585601663766
2020-04-09,64.75334930419922,65.2559355129586,63.958405074299385,64.92490907316245,161834800,0.007216364672483655,0.007190451305130064,0.7216364672483655,0.7190451305130064
2020-04-13,66.02428436279297,66.13301897916537,64.23141674512242,64.8306516969401,131022800,0.019627325416375463,0.019437193294460045,1.9627325416375463,1.9437193294460045
2020-04-14,69.35871887207031,69.64867293181604,67.1840855454915,67.6552590491188,194994800,0.050503152612077606,0.04926924235703231,5.050315261207761,4.926924235703231
2020-04-15,68.72564697265625,69.18473466784468,67.80747158227939,68.23514673339383,131154400,-0.009127502781326458,-0.009169413657527865,-0.9127502781326458,-0.9169413657527865
2020-04-16,69.27174377441406,69.63660131632508,68.22308804264783,69.43846626880793,157125200,0.007946040900496554,0.007914637363667655,0.7946040900496554,0.7914637363667656
2020-04-17,68.331787109375,69.33454028123167,66.89652897721241,68.78846350317025,215250000,-0.01356912088282436,-0.013662022758672768,-1.356912088282436,-1.3662022758672767
2020-04-20,66.9134521484375,68.06117506076643,66.8941253228232,67.15991526149827,130015200,-0.020756591052817797,-0.02097503717400504,-2.0756591052817797,-2.097503717400504
2020-04-21,64.84513854980469,66.99077762058634,64.1347578473476,66.75640021366904,180991600,-0.030910280851219052,-0.031398081956680104,-3.091028085121905,-3.1398081956680106
2020-04-22,66.7129135131836,67.14783719048366,65.77057396314187,66.11125999851906,116862400,0.028803623604633843,0.028396596661261035,2.8803623604633843,2.8396596661261033
2020-04-23,66.45437622070312,68.0781026916564,66.41571518879498,66.65734110784256,124814400,-0.003875371031867414,-0.003882899739503062,-0.3875371031867414,-0.38828997395030623
2020-04-24,68.37289428710938,68.38256138963163,66.93038709342744,66.97871523220005,126161200,0.028869702426136845,0.028460823398022195,2.8869702426136845,2.8460823398022193
2020-04-27,68.42121887207031,68.7522452213369,67.64318307081028,68.09018514896542,117087600,0.0007067798645179479,0.0007065302132549022,0.0706779864517948,0.07065302132549021
2020-04-28,67.3121337890625,69.06392140300909,67.22032214952667,68.88270199466979,112004800,-0.016209665675227303,-0.016342479506758014,-1.6209665675227303,-1.6342479506758014
2020-04-29,69.52301788330078,69.991772685642,68.59517537860054,68.79814023520653,137280800,0.03284525344518974,0.032317375861875934,3.2845253445189737,3.2317375861875934
2020-04-30,70.98969268798828,71.16608226501852,69.67283584195576,70.06185003558508,183064000,0.021096247679429192,0.020876802789946452,2.109624767942919,2.0876802789946454
2020-05-01,69.84680938720703,72.24615310349837,69.06877359729275,69.16542249456992,240616800,-0.01609928508641978,-0.016230286498647283,-1.609928508641978,-1.6230286498647284
2020-05-04,70.83504486083984,70.96310628408554,69.18232470328076,69.8709599457229,133568000,0.014148612976068398,0.014049455550342722,1.4148612976068398,1.4049455550342722
2020-05-05,71.89820098876953,72.72939466051092,71.1491592367676,71.2941362490643,147751200,0.015008900326361374,0.014897381249749705,1.5008900326361374,1.4897381249749704
2020-05-06,72.6400146484375,73.27065487426464,72.21475059268822,72.59893499011841,142333600,0.010317555230399122,0.010264692555557054,1.0317555230399122,1.0264692555557053
2020-05-07,73.39146423339844,73.7369949485584,72.9637889533335,73.2658213930559,115215200,0.010344843521821856,0.010291701808999137,1.0344843521821856,1.0291701808999136
2020-05-08,75.13831329345703,75.19161520035372,73.72339868487255,74.05047823202041,133838400,0.023801801453412708,0.023522954615313212,2.3801801453412708,2.3522954615313214
2020-05-11,76.32060241699219,76.81484814613628,74.4380826460871,74.64644722875487,145946400,0.015734837151822445,0.01561232803794896,1.5734837151822445,1.561232803794896
2020-05-12,75.44837951660156,77.45445665911758,75.32723957467718,77.00381223038532,162301200,-0.01142840691462399,-0.01149421300990617,-1.142840691462399,-1.149421300990617
2020-05-13,74.53746032714844,76.54838929776676,73.46173624980581,75.62772061684969,200622400,-0.012073409598581053,-0.012146885207879831,-1.2073409598581053,-1.2146885207879832
2020-05-14,74.995361328125,75.05593133463293,73.05469595359499,73.77669309293739,158929200,0.006143233200686105,0.006124440469753372,0.6143233200686105,0.6124440469753372
2020-05-15,74.55195617675781,74.59798995557082,72.73485667770787,72.76877941737926,166348400,-0.005912434362802421,-0.005929982003217342,-0.5912434362802421,-0.5929982003217341
2020-05-18,76.30850982666016,76.68162311206635,75.18433442581173,75.8748339325949,135178400,0.023561469611041108,0.023288182558129117,2.356146961104111,2.328818255812912
2020-05-19,75.8675765991211,77.17103702628488,75.83607901036319,76.32548203793918,101729600,-0.005778296923117376,-0.005795055870749735,-0.5778296923117376,-0.5795055870749735
2020-05-20,77.3430404663086,77.41329633678234,76.68645639876391,76.72522208271401,111504800,0.019447884502542534,0.019261191042632096,1.9447884502542534,1.9261191042632095
2020-05-21,76.76641082763672,77.7452239875939,76.5289737926269,77.20493698671349,102688800,-0.007455481904969363,-0.0074834129229155435,-0.7455481904969363,-0.7483412922915543
2020-05-22,77.26068115234375,77.3430554740474,76.40300778879455,76.5047612593345,81803200,0.006438627511410111,0.006417988094932376,0.6438627511410111,0.6417988094932375
2020-05-26,76.7373275756836,78.55684488586623,76.68160052806691,78.37756009740804,125522000,-0.006773866976764076,-0.006796913749820407,-0.6773866976764076,-0.6796913749820407
2020-05-27,77.07167053222656,77.2170399794521,75.85542785782724,76.59438613380821,112945200,0.00435697941413471,0.004347515259453841,0.43569794141347096,0.4347515259453841
2020-05-28,77.10562133789062,78.36305531429218,76.47084882755918,76.74704422339656,133560800,0.0004405095339132803,0.00044041253807256236,0.04405095339132803,0.044041253807256237
2020-05-29,77.03050994873047,77.8082267406315,76.67435802451047,77.34789618259597,153532400,-0.0009741363581132756,-0.0009746111372935253,-0.09741363581132756,-0.09746111372935252
2020-06-01,77.97781372070312,78.09895371175787,76.85363105469186,76.9844643152945,80791200,0.012297773604292184,0.01222277027637108,1.2297773604292184,1.222277027637108
2020-06-02,78.33882904052734,78.36305852384227,77.27037315240064,77.7113246098117,87642800,0.004629718410896766,0.004619034228427517,0.4629718410896766,0.46190342284275165
2020-06-03,78.77007293701172,79.03173947926652,78.08684155798949,78.65862620653965,104491200,0.005504855022294031,0.005489758684645184,0.5504855022294031,0.5489758684645184
2020-06-04,78.09168243408203,78.89120338502829,77.71856920653472,78.59320375117642,87560400,-0.008612287352738113,-0.008649587413096562,-0.8612287352738113,-0.8649587413096562
2020-06-05,80.31583404541016,80.37640405600247,78.3121807567844,78.3412531788607,137250400,0.02848128689256435,0.0280832353829447,2.848128689256435,2.80832353829447
2020-06-08,80.79067993164062,80.82460267780965,79.30308470158906,80.01296326734492,95654400,0.005912232523937799,0.005894823859577023,0.5912232523937799,0.5894823859577023
2020-06-09,83.34190368652344,83.734396145206,80.43939371025141,80.47089129660488,147712400,0.03157819388376826,0.03108985665096825,3.1578193883768257,3.1089856650968253
2020-06-10,85.48607635498047,85.95367499163955,83.8506863159115,84.28921253488384,166651600,0.02572742610394374,0.02540204488760746,2.572742610394374,2.540204488760746
2020-06-11,81.38185119628906,85.05481691401155,81.28009773597238,84.63082691049463,201662400,-0.048010451920247665,-0.04920122315886356,-4.801045192024766,-4.920122315886356
2020-06-12,82.0844497680664,84.26496946856898,80.97481077374836,83.5187504243347,200146000,0.008633356964106387,0.00859630265386362,0.8633356964106387,0.859630265386362
2020-06-15,83.09962463378906,83.7513585021509,80.57748864910177,80.73981952151668,138808800,0.012367444364810742,0.012291592282031793,1.2367444364810742,1.2291592282031794
2020-06-16,85.30191802978516,85.57327777339962,83.5187412202435,85.15170564997885,165428800,0.02650184529354216,0.026156755130902414,2.650184529354216,2.6156755130902414
2020-06-17,85.1832275390625,86.10631378252053,85.06208753447432,86.04574378022643,114406400,-0.001391416435457038,-0.0013923853541893925,-0.1391416435457038,-0.13923853541893927
2020-06-18,85.21714782714844,85.6338697266432,84.60902265567091,85.13961645194037,96820400,0.0003982038373737673,0.0003981245752666698,0.03982038373737673,0.039812457526666976
2020-06-19,84.73017120361328,86.38736569840516,83.62294970746999,85.92219218783181,264476000,-0.005714537929888519,-0.005730928374134962,-0.5714537929888519,-0.5730928374134963
2020-06-22,86.94701385498047,87.08995815364833,85.07661214341427,85.12264593038505,135445200,0.026163556852020653,0.025827146180285712,2.6163556852020653,2.582714618028571
2020-06-23,88.80288696289062,90.22022642343374,87.77077181014047,88.18991886652088,212155600,0.021344874603808517,0.021120263345939822,2.1344874603808517,2.112026334593982
2020-06-24,87.23534393310547,89.35045118216385,86.86223062980297,88.43220783059057,192623200,-0.01765193771729756,-0.01780959118440633,-1.7651937717297561,-1.780959118440633
2020-06-25,88.39344024658203,88.43220593644023,86.63206719010891,87.39040482402382,137522400,0.01327554017973065,0.013188192406222304,1.327554017973065,1.3188192406222303
2020-06-26,85.67747497558594,88.50972868089589,85.52968033530838,88.28925300034977,205256800,-0.03072586906245134,-0.031207806235931515,-3.072586906245134,-3.1207806235931517
2020-06-29,87.65206146240234,87.74655421504602,85.10812136493809,85.5854132789762,130646000,0.023046739967290897,0.022785175043359897,2.3046739967290897,2.2785175043359898
2020-06-30,88.38372802734375,88.66962400453063,87.22078715611465,87.24016629998945,140223200,0.008347397114615962,0.00831275026911415,0.8347397114615962,0.831275026911415
2020-07-01,88.216552734375,89.00396260480164,88.16810117862731,88.46125786012283,110737200,-0.0018914713907183245,-0.0018932624816170947,-0.18914713907183245,-0.18932624816170945
2020-07-02,88.216552734375,89.75745712558465,88.10268825115901,89.12268481304834,114041600,0.0,0.0,0.0,0.0
2020-07-06,90.57638549804688,91.0439841546096,89.61210837219791,89.6436059572989,118655600,0.026750453180566458,0.02639891522825036,2.675045318056646,2.639891522825036
2020-07-07,90.29531860351562,91.73203698734285,90.18387189252502,90.95432038842118,112424400,-0.003103092411844033,-0.0031079169864213036,-0.3103092411844033,-0.31079169864213035
2020-07-08,92.39833068847656,92.42982827430403,91.18450541379949,91.27173006638321,117092000,0.023290377812333896,0.023023295970823286,2.3290377812333896,2.3023295970823288
2020-07-09,92.79563903808594,93.34318665613293,91.74898795827369,93.28988477538888,125642800,0.00429995159705765,0.004290733221454277,0.42999515970576496,0.42907332214542776
2020-07-10,92.95796966552734,93.01612188144966,91.7804926547122,92.39103546841665,90257200,0.0017493346575778723,0.0017478063537893765,0.17493346575778723,0.17478063537893765
2020-07-13,92.5291748046875,96.86841138847204,92.3159671776289,94.26147568383803,191649200,-0.004612782124896797,-0.004623453834523083,-0.4612782124896797,-0.4623453834523083
2020-07-14,94.06035614013672,94.25175199437801,90.97855460222202,91.91132657887599,170989200,0.016548092411731385,0.016412664734664434,1.6548092411731385,1.6412664734664433
2020-07-15,94.70726776123047,96.18275234256372,93.51040375185602,95.93320419288929,153198000,0.0068776224930504615,0.0068540795322279925,0.6877622493050461,0.6854079532227992
2020-07-16,93.54187774658203,94.39712579079603,92.94344589283693,93.58064343111674,110577600,-0.012305180396361304,-0.0123815159905488,-1.2305180396361304,-1.23815159905488
2020-07-17,93.35291290283203,94.14759106406643,92.8804639114332,93.99253569772281,92186800,-0.002020109584093821,-0.0020221527575462585,-0.2020109584093821,-0.20221527575462586
2020-07-20,95.3202133178711,95.45831468469305,93.09608481622666,93.44012565034129,90318000,0.021073797848030207,0.020854816539145195,2.1073797848030207,2.0854816539145196
2020-07-21,94.00464630126953,96.185166447433,93.75509818029391,96.11006023390243,103433200,-0.013801553425131896,-0.013897680355724524,-1.3801553425131896,-1.3897680355724524
2020-07-22,94.26871490478516,94.94952104533722,93.61940634409747,93.7066235863698,89001600,0.0028091016125875168,0.0028051634600425005,0.2809101612587517,0.2805163460042501
2020-07-23,89.97795867919922,94.07975781052636,89.16874426666178,94.00222642645338,197004400,-0.04551622698919533,-0.04658463647335985,-4.551622698919533,-4.658463647335985
2020-07-24,89.75504302978516,90.09908386887433,86.39219558540321,88.17780532258647,185438800,-0.0024774472847158835,-0.0024805212353234416,-0.24774472847158835,-0.24805212353234415
2020-07-27,91.88226318359375,91.97433076494785,90.59333922603253,90.81623268150157,121214000,0.02370028559958115,0.02342379393112475,2.370028559958115,2.342379393112475
2020-07-28,90.37285614013672,91.63028980605597,90.3680058085899,91.45342276195278,103625600,-0.01642762151429622,-0.01656405109448954,-1.642762151429622,-1.656405109448954
2020-07-29,92.10515594482422,92.28929109136294,90.81864987240843,90.85499038980474,90329200,0.01916836402737232,0.018986965349470437,1.916836402737232,1.8986965349470437
2020-07-30,93.21964263916016,93.32382125064892,90.87194916313929,91.27897773393107,158130000,0.012100155337705143,0.01202753369329668,1.2100155337705143,1.2027533693296681
2020-07-31,102.97868347167969,103.12889587437893,97.71151174507618,99.70790378289954,374336800,0.10468867457790387,0.0995635528094165,10.468867457790388,9.95635528094165
2020-08-03,105.5735092163086,108.19013023936542,104.56078059833798,104.85878026409463,308151200,0.025197697787062046,0.024885469882025082,2.5197697787062046,2.488546988202508
2020-08-04,106.2785415649414,107.36880152265259,105.04048696818748,105.76248400195036,173071600,0.00667811796601625,0.0066559181168985414,0.667811796601625,0.6655918116898542
2020-08-05,106.66378021240234,106.98359161753405,105.5347544170492,105.9999353148589,121776800,0.0036248017877205108,0.003618248026336311,0.3624801787720511,0.3618248026336311
2020-08-06,110.38519287109375,110.87944616652167,106.40695920907454,106.99569786453769,202428800,0.034889187794402865,0.03429435605252925,3.4889187794402865,3.429435605252925
2020-08-07,107.8755111694336,110.36335897935025,107.0794001665455,109.9070500983417,198045600,-0.02273567347561667,-0.022998114376230044,-2.273567347561667,-2.2998114376230046
2020-08-10,109.44344329833984,110.46042737696229,106.79540187658976,109.31965534861051,212403600,0.014534643793655766,0.014430028339079883,1.4534643793655766,1.4430028339079883
2020-08-11,106.18860626220703,109.20557448641424,105.92889749318043,108.70800797992307,187902400,-0.029739899787876833,-0.030191098880452055,-2.9739899787876833,-3.0191098880452056
2020-08-12,109.71771240234375,109.97499163666492,107.08423344754698,107.27840393895296,165598000,0.03323432018141803,0.03269399905276717,3.323432018141803,3.2693999052767166
2020-08-13,111.65946197509766,112.66188375277733,110.60849386446708,111.09635710424106,210082000,0.017697685544457498,0.01754290501099862,1.7697685544457498,1.754290501099862
2020-08-14,111.5599365234375,111.64974056440289,109.75169319709691,111.48469489954057,165565200,-0.0008913302097259823,-0.0008917276807001768,-0.08913302097259823,-0.08917276807001769
2020-08-17,111.26866149902344,112.70554822258934,110.64245541048665,112.68127506102117,119561600,-0.002610928559939385,-0.0026143429784086466,-0.2610928559939385,-0.26143429784086464
2020-08-18,112.19583892822266,112.62059332113643,110.686140161124,111.02109052467661,105633600,0.008332781366362951,0.008298255409285384,0.8332781366362951,0.8298255409285384
2020-08-19,112.33662414550781,113.74923783578949,112.24196843606359,112.60361413274605,145538000,0.0012548167439188074,0.0012540301193660732,0.12548167439188074,0.12540301193660733
2020-08-20,114.82933044433594,114.94340764743272,112.3608970952543,112.37788905057565,126907200,0.02218961374163575,0.02194700660939844,2.218961374163575,2.194700660939844
2020-08-21,120.74679565429688,121.2297998733161,115.77595130487059,115.78808418597035,338054800,0.05153269802291027,0.050248812227686325,5.153269802291027,5.024881222768633
2020-08-24,122.19092559814453,125.03314486284968,120.32686221834298,124.9481850882098,345937600,0.011959985654462102,0.011889030216420338,1.1959985654462102,1.1889030216420338
2020-08-25,121.18850708007812,121.53316822878249,119.4676456893335,121.06472653687041,211495600,-0.008203706725024018,-0.00823754230555762,-0.8203706725024018,-0.8237542305557619
2020-08-26,122.83655548095703,123.29286429117482,121.43850421682247,122.50403462016395,163022400,0.013599048627523036,0.013507411416935646,1.3599048627523036,1.3507411416935646
2020-08-27,121.36811065673828,123.77100549354533,120.22490919644622,123.4384846629305,155552400,-0.011954461100518232,-0.012026490292948935,-1.1954461100518232,-1.2026490292948935
2020-08-28,121.17151641845703,122.75887903183632,120.9482136928383,122.34140581995463,187630000,-0.0016198179012382186,-0.0016211312246762863,-0.16198179012382186,-0.16211312246762863
2020-08-31,125.28072357177734,127.1836302061131,122.32929317534541,123.86326545477932,225702700,0.03391231928739313,0.03334997489632076,3.3912319287393133,3.3349974896320758
2020-09-01,130.27096557617188,130.87291336835037,126.72730590113318,128.89233580510103,151948100,0.03983248070510603,0.039059623934019336,3.9832480705106033,3.9059623934019334
2020-09-02,127.57193756103516,133.96024518458114,123.30012802751692,133.58160758872046,200119000,-0.02071856920073678,-0.020936210143258048,-2.071856920073678,-2.0936210143258047
2020-09-03,117.35842895507812,125.08653127360425,116.9895020715435,123.21276461682936,257599600,-0.08006077826536506,-0.08344767445324763,-8.006077826536506,-8.344767445324763
2020-09-04,117.43612670898438,120.0963014671478,107.65949171335286,116.57205526483132,332607200,0.0006620551638092387,0.0006618361019712903,0.06620551638092387,0.06618361019712903
2020-09-08,109.53325653076172,115.52350643380636,109.39733569135389,110.63033399373361,231366600,-0.06729505135848501,-0.06966636754717814,-6.729505135848502,-6.966636754717815
2020-09-09,113.90214538574219,115.66912348309229,111.90216122256825,113.84389572106855,176940500,0.03988641434899276,0.03911149021655116,3.988641434899276,3.911149021655116
2020-09-10,110.18373107910156,116.98951312845449,109.22257449751976,116.85359229498353,182274400,-0.03264569156312025,-0.03319045101230557,-3.264569156312025,-3.319045101230557
2020-09-11,108.73712921142578,111.8730336076421,106.79539476122176,111.2322576836528,180860300,-0.01312899693546643,-0.013215944073368381,-1.312899693546643,-1.3215944073368382
2020-09-14,111.99925231933594,112.55264638404466,109.51383440164483,111.37789783991316,140150100,0.03000008489802375,0.02955888466680678,3.000008489802375,2.955888466680678
2020-09-15,112.17400360107422,115.36815776085928,110.30022950147779,114.88272413305843,184642000,0.0015602897172921626,0.0015590737299885503,0.15602897172921626,0.15590737299885504
2020-09-16,108.86335754394531,112.62061700186764,108.77598303445264,111.8730523722857,154679000,-0.029513487535869687,-0.02995777398213151,-2.9513487535869687,-2.9957773982131513
2020-09-17,107.12548828125,108.93130194991431,105.54297733812126,106.52355532978139,178011000,-0.015963766890009667,-0.016092560341556296,-1.5963766890009667,-1.6092560341556297
2020-09-18,103.72746276855469,107.64976770036112,102.99931226553164,107.18375552641913,287104900,-0.03172004690213448,-0.03223402577232982,-3.172004690213448,-3.223402577232982
2020-09-21,106.87307739257812,106.97987339137704,100.09642017457678,101.49447149912258,195713800,0.03032576465349579,0.029875028599336186,3.032576465349579,2.9875028599336186
2020-09-22,108.55267333984375,109.5720869949024,105.97988085188311,109.3973305799532,183055400,0.015715800351626008,0.015593585962856857,1.5715800351626008,1.5593585962856857
2020-09-23,103.99930572509766,108.84393137946276,103.65949625131259,108.36820848614498,150718700,-0.041946158253431065,-0.04285130034988588,-4.1946158253431065,-4.285130034988588
2020-09-24,105.0672607421875,107.03812018263172,101.94106684060164,102.10611250444195,167743300,0.010268866793330167,0.010216500172843115,1.0268866793330167,1.0216500172843115
2020-09-25,109.00897216796875,109.16431448128618,104.53327361353669,105.2711347875361,149981400,0.03751607682485769,0.03682946873746125,3.751607682485769,3.682946873746125
2020-09-28,111.61090087890625,111.96041368995603,109.49440992627346,111.65944720543573,137672400,0.0238689408696402,0.02358853099423376,2.38689408696402,2.358853099423376
2020-09-29,110.76625061035156,111.9507099432901,110.26140285567331,111.21285610238571,99382200,-0.007567811583844342,-0.0075965927689322955,-0.7567811583844342,-0.7596592768932295
2020-09-30,112.43614959716797,113.84391175108092,110.30995505877512,110.4750007366762,142675200,0.01507588256905712,0.014963370851055438,1.507588256905712,1.4963370851055438
2020-10-01,113.3875961303711,114.29050304173128,112.45556438431055,114.2128318777771,116120400,0.008462105262515118,0.00842650235912329,0.8462105262515118,0.8426502359123291
2020-10-02,109.72742462158203,112.00896881944756,108.9507351859753,109.60121453266758,144712000,-0.032280175554481816,-0.03281267115697661,-3.2280175554481816,-3.2812671156976605
2020-10-05,113.10603332519531,113.25166489244758,110.2419779334605,110.59149073201426,106243800,0.03079092319231158,0.03032639416195187,3.079092319231158,3.0326394161951873
2020-10-06,109.86334991455078,112.73711630408881,108.97985709448719,112.32934639868184,161498200,-0.028669411483305818,-0.02908840672267108,-2.866941148330582,-2.908840672267108
2020-10-07,111.72740173339844,112.18371051307483,110.80507342782535,111.28080369994235,96849000,0.016967003284511728,0.016824671392094964,1.6967003284511728,1.6824671392094963
2020-10-08,111.62062072753906,113.0089613382161,111.25168639294162,112.86332975388186,83477200,-0.0009557279969167887,-0.0009561849961199917,-0.09557279969167887,-0.09561849961199917
2020-10-09,113.56233978271484,113.59146461414193,111.57205902106843,111.9215718124515,100506900,0.017395701999502577,0.01724612890330773,1.7395701999502577,1.724612890330773
2020-10-12,120.77587127685547,121.53314644573773,115.80502895311403,116.5623041219963,240226800,0.06352045500244774,0.06158458913792721,6.352045500244774,6.158458913792721
2020-10-13,117.572021484375,121.73704283997935,116.16426694681041,121.62053610441286,262330500,-0.026527233946723183,-0.02688542985315858,-2.6527233946723183,-2.6885429853158582
2020-10-14,117.65941619873047,119.44580856247916,116.13515475963598,117.4749490324475,150712000,0.0007433291802938502,0.0007430530479883726,0.07433291802938502,0.07430530479883726
2020-10-15,117.19338989257812,117.66911279151616,114.70797199610067,115.26136605608602,112559200,-0.003960807568220592,-0.00396867234061929,-0.39608075682205923,-0.39686723406192903
2020-10-16,115.55262756347656,118.0089281560019,115.34874631090426,117.74678982617324,115393800,-0.014000468205634498,-0.014099399233199061,-1.4000468205634498,-1.4099399233199061
2020-10-19,112.60118103027344,116.91182635817701,112.29050382279274,116.46522833536906,120639300,-0.0255420114231657,-0.025873871711036327,-2.55420114231657,-2.5873871711036327
2020-10-20,114.08663177490234,115.51380805714416,112.26139629791038,112.81479042703165,124423700,0.013192141778952893,0.013105883271398864,1.3192141778952893,1.3105883271398864
2020-10-21,113.46527862548828,115.25167113205254,113.05750867757199,113.27110069621133,89946000,-0.0054463274070534196,-0.005461212719624285,-0.544632740705342,-0.5461212719624284
2020-10-22,112.37787628173828,114.601163016686,111.25166679554484,114.02834752777623,101988000,-0.009583569149282711,-0.009629787073590596,-0.9583569149282711,-0.9629787073590597
2020-10-23,111.68858337402344,113.15459517987493,110.95072209723901,112.99925284491812,82572600,-0.006133706477836842,-0.006152594932515187,-0.6133706477836842,-0.6152594932515187
2020-10-26,111.69829559326172,113.15459667058127,109.59150773865373,110.68859262413119,111850700,8.69580304887485e-05,8.695424985838445e-05,0.00869580304887485,0.008695424985838446
2020-10-27,113.20313262939453,113.86332273009963,111.20314823922772,112.12546926784462,92276800,0.01347233660227487,0.013382391621050321,1.347233660227487,1.338239162105032
2020-10-28,107.96043395996094,112.06720563801413,107.86334871753533,111.69827875394513,143937800,-0.046312310866848394,-0.047419031012460325,-4.631231086684839,-4.741903101246033
2020-10-29,111.96041870117188,113.52351567412646,108.93131000553764,109.09636307884779,146129200,0.037050469273719244,0.036380596600935323,3.7050469273719244,3.6380596600935324
2020-10-30,105.6886215209961,108.72743369464578,104.58183332192213,107.82452675254544,190272600,-0.056017986114499374,-0.057648166105542145,-5.601798611449937,-5.764816610554215
2020-11-02,105.60123443603516,107.4555945603439,104.19347979423505,105.9313331743507,122866900,-0.0008268353177790511,-0.0008271773346411576,-0.0826835317779051,-0.08271773346411576
2020-11-03,107.22259521484375,108.24200151383607,105.56241289323033,106.46531984784082,107624400,0.015353615774166718,0.015236941745359698,1.5353615774166718,1.5236941745359698
2020-11-04,111.6012191772461,112.22257380146256,109.07696509047527,110.81481885128213,138235500,0.04083676536301728,0.04002497173045534,4.083676536301728,4.002497173045534
2020-11-05,115.56233978271484,116.1351553723964,113.46527015302647,114.51380126430563,126387100,0.03549352448540599,0.034878148319130525,3.549352448540599,3.4878148319130524
2020-11-06,115.43103790283203,115.92702909027747,112.94132478624495,115.07119461202119,114457900,-0.001136199562328799,-0.0011368455263939322,-0.1136199562328799,-0.11368455263939321
2020-11-09,113.1261215209961,118.64043465344767,112.86353836131654,117.19134868504119,154515300,-0.019967908317485406,-0.020169961238867322,-1.9967908317485406,-2.016996123886732
2020-11-10,112.78573608398438,114.36124992222891,110.99625432436308,112.37727008295128,138023400,-0.003008902209632791,-0.0030134380567851085,-0.3008902209632791,-0.3013438056785109
2020-11-11,116.20907592773438,116.34523125447596,113.24282640096855,113.97223311704505,112295000,0.030352595661572446,0.029901069546429033,3.0352595661572446,2.9901069546429033
2020-11-12,115.93677520751953,117.22053084100786,115.31434868339849,116.33552114136147,103162300,-0.002343196674106429,-0.002345946255479579,-0.23431966741064292,-0.2345946255479579
2020-11-13,115.98539733886719,116.38413582545107,114.63356412889462,116.16045525051373,81581900,0.0004193848868112582,0.00041929696954953706,0.04193848868112582,0.04192969695495371
2020-11-16,116.996826171875,117.66787522451466,114.90585901966058,115.65471322677983,91183000,0.008720311834193861,0.008682509521292198,0.8720311834193861,0.8682509521292199
2020-11-17,116.11183166503906,117.35668469756249,115.69363815380922,116.26744200405916,74271000,-0.007564260807689127,-0.007593014922662698,-0.7564260807689127,-0.7593014922662699
2020-11-18,114.7891616821289,116.53001321672764,114.75998660153422,115.35323797332128,76322100,-0.01139134542917053,-0.011456723776942474,-1.139134542917053,-1.1456723776942475
2020-11-19,115.38243103027344,115.7908970620543,113.60267663763,114.36125853091154,74113000,0.005168339409842515,0.005155029384502906,0.5168339409842515,0.5155029384502906
2020-11-20,114.11811828613281,115.50885417388024,114.06949561951376,115.38242633677936,73604300,-0.010957584554696198,-0.011018061074500906,-1.0957584554696198,-1.1018061074500907
2020-11-23,110.72393798828125,114.39042656864258,110.62668524347754,113.96250558761568,127959300,-0.0297426942261807,-0.030193978976549362,-2.97426942261807,-3.0193978976549363
2020-11-24,112.0076904296875,112.66901946402936,109.49852961528087,110.78229252304031,113874200,0.011594172540558612,0.011527475161017446,1.1594172540558612,1.1527475161017446
2020-11-25,112.84407806396484,113.54430968345936,112.00769112066959,112.37726193090761,76499200,0.007467234000350986,0.007439492225827682,0.7467234000350986,0.7439492225827682
2020-11-27,113.38870239257812,114.26399194036229,113.02886649286769,113.36925481147574,46691300,0.0048263439070730385,0.004814734448493039,0.48263439070730385,0.4814734448493039
2020-11-30,115.78115844726562,117.64843779643516,113.60265845332594,113.75826877571102,169410200,0.021099598145186027,0.0208800840283876,2.1099598145186027,2.08800840283876
2020-12-01,119.35037994384766,120.0797865936806,116.71479147284033,117.68733367261757,127728200,0.030827308557356492,0.03036169203086702,3.082730855735649,3.036169203086702
2020-12-02,119.70051574707031,119.98255392256038,117.57064559900594,118.66961579736986,89004200,0.0029336798373611472,0.0029293849964089633,0.2933679837361147,0.29293849964089635
2020-12-03,119.56433868408203,120.3812705585125,118.85437962376297,120.12840751265676,78967600,-0.001137648088969212,-0.0011382957017732854,-0.1137648088969212,-0.11382957017732855
2020-12-04,118.893310546875,119.48656201518021,118.1833513172949,119.23369890903952,78260400,-0.005612276575041708,-0.005628084572868052,-0.5612276575041708,-0.5628084572868052
2020-12-07,120.35211181640625,121.14959622013072,118.89329833984375,118.95164850453536,86712000,0.012269834718380501,0.012195170421667682,1.2269834718380501,1.2195170421667683
2020-12-08,120.96480560302734,121.54833690448348,119.7102251767506,120.9550855226028,82225500,0.005090843670078282,0.005077929137475167,0.5090843670078282,0.5077929137475167
2020-12-09,118.43618774414062,122.49168693103906,117.67760601650876,121.11067878997038,115089200,-0.020903748377730125,-0.021125325020543897,-2.0903748377730125,-2.1125325020543895
2020-12-10,119.85609436035156,120.46880067316184,116.85094263147249,117.19133090530717,81312200,0.0119887902781739,0.011917494003702178,1.19887902781739,1.1917494003702178
2020-12-11,119.04891204833984,119.38930038520903,117.23998269251022,119.06835963048555,86939800,-0.006734595485690553,-0.006757375206276124,-0.6734595485690553,-0.6757375206276124
2020-12-14,118.43618774414062,119.96307869896347,118.20277969407886,119.23367205010081,79184500,-0.005146828254511182,-0.005160118797426095,-0.5146828254511182,-0.5160118797426094
2020-12-15,124.36869049072266,124.3881454893434,120.72165733966631,120.92589030573652,157243700,0.05009028793968029,0.04887614898661288,5.009028793968029,4.887614898661289
2020-12-16,124.30062103271484,124.84524231148528,123.08494323552482,123.91161007354079,98208600,-0.0005473198900722842,-0.0005474697242773066,-0.05473198900722842,-0.05474697242773066
2020-12-17,125.16619873046875,126.02204075578122,124.5243172114844,125.36070423445284,94359800,0.006963583050209277,0.006939449279330603,0.6963583050209277,0.6939449279330603
2020-12-18,123.18220520019531,125.5552106694522,122.65703149372492,125.41905534776451,192541500,-0.015850873082322692,-0.01597784166708226,-1.5850873082322692,-1.597784166708226
2020-12-21,124.7090835571289,124.78688871478423,120.06033297589273,121.58722395031434,121251600,0.012395283510732158,0.01231909095685418,1.2395283510732158,1.231909095685418
2020-12-22,128.25885009765625,130.71938029303678,126.09007064495803,127.99625958942822,168904800,0.02846437836984994,0.028066794965484636,2.846437836984994,2.8066794965484636
2020-12-23,127.36415100097656,128.79377458393498,127.18908566358635,128.53119883757725,88223700,-0.006975729908684336,-0.00700017405607255,-0.6975729908684336,-0.700017405607255
2020-12-24,128.34637451171875,129.79546749710363,127.50026768364367,127.71422812013846,54930100,0.007711930735789574,0.007682345805224696,0.7711930735789574,0.7682345805224696
2020-12-28,132.9368133544922,133.56895993255333,129.84412103088945,130.3109520335808,124486200,0.03576601879279662,0.03514126774310329,3.5766018792796617,3.5141267743103293
2020-12-29,131.1667938232422,134.97915839822994,130.6513475184492,134.25948649182007,121047300,-0.013314743197055834,-0.01340417915530147,-1.3314743197055834,-1.340417915530147
2020-12-30,130.04835510253906,132.2560302372561,129.73713444926724,131.85728434018318,96452100,-0.008526843479991664,-0.00856340499442266,-0.8526843479991664,-0.8563404994422661
2020-12-31,129.04661560058594,131.040329904096,128.10324856194674,130.39844854670574,99116600,-0.007702823316475538,-0.007732643290694659,-0.7702823316475538,-0.773264329069466
2021-01-04,125.8567123413086,129.94138734935098,123.27947356294186,129.85386209713596,143301900,-0.024718999753937432,-0.025029644126905632,-2.471899975393743,-2.502964412690563
2021-01-05,127.41272735595703,128.12269373003411,124.90356711123319,125.35094297928433,97664900,0.012363385199739785,0.012287582697141107,1.2363385199739785,1.2287582697141106
2021-01-06,123.12384796142578,127.45166544679954,122.90988747820573,124.21309795786028,155088000,-0.033661310636175834,-0.0342408961115016,-3.3661310636175834,-3.4240896111501598
2021-01-07,127.32524108886719,128.0157526782517,124.34926390945633,124.83553507837492,109578200,0.034123309147694014,0.03355402347085388,3.4123309147694014,3.3554023470853878
2021-01-08,128.4242401123047,128.98831654316814,126.65420563892411,128.79379617128217,105158200,0.00863143092476415,0.008594393098555064,0.863143092476415,0.8594393098555064
2021-01-11,125.43849182128906,126.595819441527,124.97167570919714,125.64273221772613,100384500,-0.023249102259858767,-0.023523625937943857,-2.3249102259858767,-2.352362593794386
2021-01-12,125.26344299316406,126.12900498980764,123.3767086805256,124.97167735433455,91951100,-0.0013954953187287344,-0.0013964699291360595,-0.13954953187287344,-0.13964699291360597
2021-01-13,127.29605102539062,127.84067229611607,124.96195562519107,125.22453134083729,88636800,0.016226665846455157,0.016096420579576165,1.6226665846455157,1.6096420579576165
2021-01-14,125.37042999267578,127.40303981441828,125.22453974548624,127.20853432464988,90221800,-0.015127107378458682,-0.015242689160631437,-1.5127107378458682,-1.5242689160631437
2021-01-15,123.6490249633789,126.64445696844105,123.51286963768597,125.2439937099894,111598500,-0.013730550572391254,-0.013825686430839654,-1.3730550572391254,-1.3825686430839654
2021-01-19,124.32008361816406,125.1759255883475,123.45452156734409,124.27145353534586,90757300,0.00542712451621763,0.005412450742948467,0.542712451621763,0.5412450742948467
2021-01-20,128.40476989746094,128.85214592405728,125.02032655299224,125.12730680892926,104319500,0.03285620601609751,0.03232798007659216,3.285620601609751,3.232798007659216
2021-01-21,133.1118621826172,135.83498363825382,129.9219245699571,130.12616498605254,120150900,0.03665823542937807,0.036002304463636434,3.665823542937807,3.600230446363643
2021-01-22,135.25148010253906,136.01006199526975,131.31268037347158,132.53807846792435,114459400,0.01607383357755543,0.0159460173599429,1.607383357755543,1.5946017359942901
2021-01-25,138.99575805664062,141.106173284309,132.79093279458516,139.1416483205631,157611700,0.027683822397085,0.027307553963333574,2.7683822397085,2.7307553963333575
2021-01-26,139.22914123535156,140.33783872046894,137.48828243304504,139.6570621664172,98390600,0.0016790669152351168,0.0016776588583097228,0.16790669152351168,0.1677658858309723
2021-01-27,138.1593475341797,140.3378474829839,136.55465878230473,139.49172564743122,140843800,-0.007683691012382976,-0.007713362655718339,-0.7683691012382976,-0.7713362655718339
2021-01-28,133.32583618164062,138.09130292156465,132.94654523318187,135.6891219680526,142621100,-0.03498504761933163,-0.03561168306819955,-3.4985047619331633,-3.5611683068199547
2021-01-29,128.336669921875,132.98542025799577,126.63472114242195,132.10040333112443,177523800,-0.03742085107171933,-0.03813898354835787,-3.742085107171933,-3.8138983548357865
2021-02-01,130.45684814453125,131.66280616641993,127.33498024294086,130.0775571695549,106239800,0.016520439746074977,0.01638546184875998,1.6520439746074977,1.638546184875998
2021-02-02,131.2834930419922,132.56724118693242,130.91392221186754,132.0031648608857,83305400,0.006336538933894076,0.006316547477713441,0.6336538933894076,0.6316547477713441
2021-02-03,130.26234436035156,132.04209890979024,129.9414035557163,132.03236398733958,89880900,-0.007778195552079037,-0.007808603497028154,-0.7778195552079037,-0.7808603497028154
2021-02-04,133.61761474609375,133.62733482885022,130.89449275235532,132.55754697261725,84183100,0.02575779210959328,0.025431648811030508,2.575779210959328,2.543164881103051
2021-02-05,133.20361328125,133.84645384942093,132.32702331519238,133.77828189570104,75693800,-0.003098404844529279,-0.0031032148389291553,-0.3098404844529279,-0.31032148389291553
2021-02-08,133.34971618652344,133.39841892980013,131.41145995524053,132.49259546322395,71297200,0.0010968389045493687,0.0010962378162493061,0.10968389045493687,0.10962378162493061
2021-02-09,132.4730987548828,134.29448011812482,132.31727079805114,133.06723649739686,76774200,-0.006573823002476109,-0.0065955257425128,-0.6573823002476109,-0.65955257425128
2021-02-10,131.86923217773438,133.42763071013312,130.9049714138388,132.9308835611612,73046600,-0.0045584090870085525,-0.004568830315251364,-0.45584090870085525,-0.45688303152513643
2021-02-11,131.6160125732422,132.84324151471785,130.29137814000228,132.36597838425936,64280000,-0.001920232644950115,-0.0019220786552134705,-0.1920232644950115,-0.19220786552134705
2021-02-12,131.84979248046875,132.0056353585524,130.21348684657468,130.8563275721737,60145100,0.001776226939685488,0.0017746513141179998,0.1776226939685488,0.17746513141179998
2021-02-16,129.72645568847656,132.47311511495084,129.33684859330893,131.96664818421948,80576300,-0.016104210344561,-0.01623529235990356,-1.6104210344560999,-1.623529235990356
2021-02-17,127.43753814697266,128.7816563816007,126.10316937676207,127.83687977638945,97918500,-0.01764418467579565,-0.017801698858656564,-1.7644184675795649,-1.7801698858656563
2021-02-18,126.33696746826172,126.61941963432317,124.09677476387137,125.84022023340577,96856700,-0.008636157718628024,-0.00867366543319114,-0.8636157718628024,-0.867366543319114
2021-02-19,126.49278259277344,127.31095005461351,125.4506152038684,126.85317101046176,87668800,0.0012333296234205982,0.001232569697202763,0.12333296234205982,0.12325696972027629
2021-02-22,122.72344207763672,126.34670679460257,122.33384236261952,124.68116782712916,103916400,-0.02979885838444718,-0.03025186649107741,-2.979885838444718,-3.025186649107741
2021-02-23,122.58708190917969,123.4149766498793,115.31133387912055,120.54169271715817,158273000,-0.0011111175350734248,-0.0011117352837984877,-0.11111175350734248,-0.11117352837984877
2021-02-24,122.09033203125,122.29487019049711,119.05147088701199,121.69099774824254,111039900,-0.004052220431331466,-0.004060452923986501,-0.4052220431331466,-0.4060452923986501
2021-02-25,117.8437271118164,123.17148430278391,117.40543205845579,121.43777330096201,148199500,-0.03478248317275967,-0.035401797004684404,-3.478248317275967,-3.5401797004684403
2021-02-26,118.10670471191406,121.6033452358005,118.04825992472897,119.40211317040608,164560400,0.002231579113652238,0.002229092839173747,0.22315791136522378,0.22290928391737472
2021-03-01,124.4668960571289,124.60325484384613,119.5969181572381,120.53195302229754,116307900,0.05385123021363292,0.052451292351979366,5.385123021363292,5.245129235197936
2021-03-02,121.8663330078125,125.3727157063762,121.75919289657611,125.07077944616279,102260900,-0.020893612130592376,-0.021114972417668774,-2.0893612130592376,-2.1114972417668776
2021-03-03,118.88589477539062,122.44098002866822,118.6716145648539,121.56438254510716,112966300,-0.024456617007018733,-0.024760647336876582,-2.4456617007018733,-2.4760647336876582
2021-03-04,117.00608825683594,120.38585416346811,115.53536025738819,118.58396379730593,178155000,-0.01581185490596826,-0.015938195843254857,-1.581185490596826,-1.5938195843254856
2021-03-05,118.26253509521484,118.7690169305712,114.5126538027712,117.83398211644732,153766600,0.010738303084032008,0.01068105696031148,1.0738303084032008,1.068105696031148
2021-03-08,113.3341293334961,117.85346835184752,113.1880285063647,117.78528895665244,154376600,-0.041673432399794375,-0.04256667433915472,-4.167343239979438,-4.256667433915472
2021-03-09,117.94111633300781,118.8858931954571,115.7009310503409,115.93468789918522,129525800,0.04064959978609117,0.039845133341346185,4.064959978609117,3.9845133341346184
2021-03-10,116.8599853515625,118.99303047984385,116.34376148572666,118.52551679323263,111943300,-0.009166701274835543,-0.009208974013655832,-0.9166701274835543,-0.9208974013655832
2021-03-11,118.78848266601562,120.00597696289303,118.10668883216246,119.35340180320566,103026500,0.016502631834595993,0.016367943197124025,1.6502631834595993,1.6367943197124024
2021-03-12,117.88268280029297,118.01904158578925,116.06131583787986,117.2690682655597,88105100,-0.007625317247879959,-0.0076545386223924455,-0.7625317247879959,-0.7654538622392446
2021-03-15,120.76571655273438,120.77545858975141,117.28855243734995,118.25281346511821,92403800,0.024456804714273472,0.024162525498809956,2.4456804714273472,2.4162525498809955
2021-03-16,122.30461120605469,123.91170522216095,121.47671654048351,122.43122794234345,115227900,0.012742810602612842,0.01266230418888245,1.2742810602612842,1.2662304188882452
2021-03-17,121.51569366455078,122.58708734300565,119.15861865475401,120.82415767726631,111932600,-0.006450431702650694,-0.006471325635615451,-0.6450431702650694,-0.6471325635615451
2021-03-18,117.39567565917969,119.97676520351848,117.1911374972353,119.68456358302885,121229700,-0.03390523381074195,-0.0344933479360761,-3.3905233810741953,-3.4493347936076098
2021-03-19,116.8697280883789,118.27228410779664,116.56779183514182,116.7820720526636,185549500,-0.004480127294702929,-0.004490193140422579,-0.4480127294702929,-0.44901931404225787
2021-03-22,120.18130493164062,120.6488260443175,117.13270167198472,117.20088106018801,111912300,0.028335625464598113,0.02794159766367603,2.8335625464598113,2.7941597663676028
2021-03-23,119.35342407226562,121.0092136525593,118.96382433837393,120.12288150317761,95467100,-0.006888599352835256,-0.00691243528053102,-0.6888599352835256,-0.691243528053102
2021-03-24,116.96712493896484,119.70405755554833,116.94764829711929,119.62613612617307,88530500,-0.01999355403374048,-0.020196129822559868,-1.999355403374048,-2.0196129822559867
2021-03-25,117.45411682128906,118.4962991670475,115.90546750304253,116.43142597838931,98844700,0.004163493653266626,0.004154850296302028,0.41634936532666256,0.4154850296302028
2021-03-26,118.05799102783203,118.32097396831911,115.82754049090362,117.22035432205121,94071200,0.005141362626410073,0.005128190949204368,0.5141362626410073,0.5128190949204369
2021-03-29,118.23331451416016,119.3923715504468,117.59048134086395,118.48655542775977,80819200,0.0014850624239979293,0.0014839608093058679,0.14850624239979293,0.1483960809305868
2021-03-30,116.78206634521484,117.26906411360106,115.76911009525196,116.98660451621751,85671900,-0.012274443754780373,-0.012350396901205396,-1.2274443754780373,-1.2350396901205396
2021-03-31,118.97354125976562,120.30791022058675,117.99954584614659,118.4865435529561,118323800,0.01876550897868734,0.01859160899442035,1.876550897868734,1.859160899442035
2021-04-01,119.80147552490234,120.95079079059254,119.30473561887582,120.44431627752463,75089100,0.0069589780750412,0.006934876139074891,0.69589780750412,0.6934876139074891
2021-04-05,122.62603759765625,122.87927851383142,119.86962848939254,120.64882787870255,88651200,0.02357702240626236,0.023303377226474416,2.357702240626236,2.3303377226474415
2021-04-06,122.9280014038086,123.8240757008056,122.38256616754916,123.21046106001373,80171300,0.002462477073124525,0.0024594501445997226,0.2462477073124525,0.24594501445997224
2021-04-07,124.57402038574219,124.59349702523619,121.88579084483872,122.55785008781349,83466700,0.01339010610386926,0.013301250941033637,1.339010610386926,1.3301250941033638
2021-04-08,126.97006225585938,126.99928093380576,125.17791398584798,125.59672494440802,88844600,0.01923388089023592,0.019051247914944957,1.9233880890235922,1.9051247914944958
2021-04-09,129.54139709472656,129.58035037412546,126.1031942856078,126.42461457311639,106686700,0.020251504907398132,0.020049170340571187,2.0251504907398132,2.0049170340571187
2021-04-12,127.8271713256836,129.39530463290586,127.23303349221449,129.07388434312833,91420000,-0.013233034439094737,-0.013321371213886081,-1.3233034439094737,-1.3321371213886082
2021-04-13,130.93418884277344,131.15821847574705,128.4992004477625,128.99594759201815,91266500,0.024306393428464856,0.02401569419471859,2.4306393428464856,2.401569419471859
2021-04-14,128.5966339111328,131.4894019428346,128.2362603060902,131.43096458655666,87222800,-0.01785289963072656,-0.01801418513602361,-1.785289963072656,-1.801418513602361
2021-04-15,131.00238037109375,131.48937806764056,130.16474373855363,130.3400706375454,89347100,0.018707693870303244,0.018534857221372467,1.8707693870303244,1.8534857221372467
2021-04-16,130.67124938964844,131.16798178060714,129.81412853121648,130.8076081751269,84922400,-0.002527671485871519,-0.002530871440869127,-0.2527671485871519,-0.2530871440869127
2021-04-19,131.3335723876953,131.9471944147541,129.8725788847892,130.03815636501255,94264200,0.005068620688487346,0.005055818472141526,0.5068620688487346,0.5055818472141526
2021-04-20,129.64854431152344,132.00561168739057,128.3823471626382,131.50887932231677,94812300,-0.012830139662977302,-0.012913156749850238,-1.2830139662977302,-1.2913156749850239
2021-04-21,130.0283966064453,130.27189547649485,127.88560952240783,128.91804235349915,68847100,0.002929861626592256,0.0029255779470359947,0.2929861626592256,0.2925577947035995
2021-04-22,128.5089874267578,130.66150947358742,127.99277092528317,129.58037371612286,84566500,-0.011685210456653272,-0.011754019082455778,-1.1685210456653272,-1.1754019082455778
2021-04-23,130.82708740234375,131.60627194079382,128.72325347974677,128.72325347974677,78657500,0.018038426899185556,0.01787766486108657,1.8038426899185556,1.787766486108657
2021-04-26,131.21665954589844,131.54781441014728,130.0868213316481,131.3237996328013,66905100,0.0029777636366434823,0.0029733388802485054,0.29777636366434823,0.29733388802485056
2021-04-27,130.89527893066406,131.88875868630524,130.62256132903624,131.49915149684074,66015800,-0.002449236372474184,-0.00245224065835167,-0.2449236372474184,-0.245224065835167
2021-04-28,130.1063232421875,131.5088791677975,129.61932548257246,130.81733580986761,107760100,-0.00602738078043652,-0.006045618761739788,-0.602738078043652,-0.6045618761739788
2021-04-29,130.00892639160156,133.50558183329358,129.00571212903608,132.92117853809344,151101000,-0.0007485942893386,-0.0007488746259579413,-0.07485942893386,-0.07488746259579412
2021-04-30,128.04144287109375,130.08682431063778,127.66158525646483,128.3531136734093,109839500,-0.01513344948778006,-0.015249128702006828,-1.513344948778006,-1.524912870200683
2021-05-03,129.09335327148438,130.58358001612103,128.40182480933737,128.6063555356659,75135100,0.008215390086236729,0.008181827463828204,0.8215390086236729,0.8181827463828204
2021-05-04,124.52533721923828,128.070688075214,123.40524078183631,127.77848641989287,137564700,-0.03538536986206808,-0.03602660441072708,-3.5385369862068083,-3.6026604410727083
2021-05-05,124.76884460449219,127.05772538948398,124.6422204183204,125.84023086704354,84000900,0.0019554846482783272,0.0019535751770627077,0.19554846482783272,0.19535751770627077
2021-05-06,126.36618041992188,126.37591502452003,123.82404416158315,124.56428281581603,78128300,0.012802361202374879,0.01272110376601173,1.280236120237488,1.272110376601173
2021-05-07,127.03939819335938,128.06381882504127,126.3271629457147,127.66381362314827,78973300,0.005327515409584649,0.00531337440142314,0.5327515409584649,0.531337440142314
2021-05-10,123.7612075805664,126.38570115821472,123.7221806852606,126.25887677480436,88071200,-0.02580451938069972,-0.02614329668912672,-2.580451938069972,-2.614329668912672
2021-05-11,122.84407806396484,123.19530516720471,119.78053064001386,120.49275831659119,126142800,-0.0074104764694100655,-0.007438070457748654,-0.7410476469410066,-0.7438070457748653
2021-05-12,119.78054809570312,121.60501628867115,119.27321336720668,120.39521236408822,112172300,-0.02493836102271485,-0.025254590518673757,-2.493836102271485,-2.525459051867376
2021-05-13,121.92696380615234,123.07823093502375,121.23425330099667,121.5464609574558,105861300,0.017919568281940634,0.017760905460685112,1.7919568281940634,1.7760905460685112
2021-05-14,124.34658813476562,124.77587651193251,122.78554964091157,123.17581112527975,81918000,0.019844866574879605,0.0196505241358252,1.9844866574879605,1.96505241358252
2021-05-17,123.1953353881836,123.83926802992457,122.12212176223487,123.73194592296774,74244600,-0.009258418456438156,-0.009301544001882238,-0.9258418456438156,-0.9301544001882237
2021-05-18,121.80989074707031,123.89778097564653,121.7415955505699,123.47825121325309,63342900,-0.011245918011000944,-0.011309631474915174,-1.1245918011000944,-1.1309631474915174
2021-05-19,121.65380096435547,121.87819629608094,119.86835967667767,120.16105765432343,92612000,-0.0012814212520636525,-0.0012822429743328712,-0.12814212520636525,-0.12822429743328712
2021-05-20,124.20999908447266,124.61001915730156,122.05381347828964,122.18065274217139,76857100,0.02101206949436918,0.020794360360815965,2.101206949436918,2.0794360360815967
2021-05-21,122.37577819824219,124.8831983677244,122.16113401006866,124.70758107227505,79295400,-0.014767095239917483,-0.014877214227227386,-1.4767095239917483,-1.4877214227227387
2021-05-24,124.00511169433594,124.82466155300955,122.87336158160026,122.94165678285485,63092900,0.013314182921511764,0.013226328138724354,1.3314182921511764,1.3226328138724355
2021-05-25,123.80997467041016,125.19540319531397,123.24409593795775,124.70757079826137,72009500,-0.0015736208069130342,-0.0015748602485797943,-0.15736208069130342,-0.15748602485797944
2021-05-26,123.7612075805664,124.28805950176616,123.34167776055286,123.8685296817526,56575900,-0.00039388659898820233,-0.00039396419269071555,-0.03938865989882023,-0.03939641926907156
2021-05-27,122.22944641113281,124.53198130053191,122.03431936367312,123.36120412853428,94625600,-0.012376747119540177,-0.01245397695185635,-1.2376747119540177,-1.245397695185635
2021-05-28,121.57573699951172,122.736762785055,121.51720038633076,122.51236002849775,71311100,-0.005348215432656622,-0.00536256833462806,-0.5348215432656622,-0.5362568334628061
2021-06-01,121.25377655029297,122.29772171588232,120.92205913488071,122.03429950032661,67637100,-0.002648229467200669,-0.0026517422299612843,-0.2648229467200669,-0.2651742229961284
2021-06-02,122.01477813720703,122.19039542274523,121.02937706510446,121.25377238108098,59278900,0.006276106267077086,0.006256493530443208,0.6276106267077086,0.6256493530443208
2021-06-03,120.53181457519531,121.8099138277147,120.1317944601695,121.6440550967321,76229200,-0.012153966795268922,-0.012228430215407546,-1.2153966795268922,-1.2228430215407546
2021-06-04,122.82456970214844,123.08799935298282,120.83424294183042,121.04888711847525,75169300,0.0190219912894678,0.01884333525351367,1.90219912894678,1.8843335253513671
2021-06-07,122.83434295654297,123.2441141916509,121.79039769931899,123.09776519522116,71057600,7.957084171539286e-05,7.956767612389195e-05,0.007957084171539286,0.007956767612389195
2021-06-08,123.65386962890625,125.33199613747028,123.13677635872094,123.51727923465421,74403800,0.006671804095156109,0.006649646111430462,0.6671804095156109,0.6649646111430462
2021-06-09,124.03438568115234,124.63929137968418,123.43923856713752,124.11243947005046,56877900,0.0030772676454691172,0.003072542548498468,0.3077267645469117,0.3072542548498468
2021-06-10,123.03921508789062,125.06856875877892,122.87335638380547,123.92705266664278,71186400,-0.008023344395964083,-0.008055704631383439,-0.8023344395964083,-0.8055704631383439
2021-06-11,124.24903869628906,124.3368510759359,123.02947607177971,123.4490059123557,53522400,0.009832829375042929,0.00978480168371647,0.9832829375042929,0.978480168371647
2021-06-14,127.30281829833984,127.36135492119467,123.97585539548058,124.70759295564363,96906500,0.024577893190106392,0.02428071625087259,2.4577893190106392,2.428071625087259
2021-06-15,126.48323822021484,127.41986856929493,126.2393257726375,126.77593613475452,62746300,-0.006438035615238924,-0.006458849146794314,-0.6438035615238924,-0.6458849146794313
2021-06-16,126.98081970214844,127.70280593735949,125.331983991057,127.19546385620482,91815000,0.003933971717796192,0.003926253885591934,0.3933971717796192,0.39262538855919343
2021-06-17,128.58091735839844,129.3224209462561,126.49302678487064,126.6393832290609,96721700,0.012601097236600411,0.012522364136533624,1.2601097236600411,1.2522364136533624
2021-06-18,127.2833023071289,128.30772287123602,127.06865812161917,127.52721480091387,108953300,-0.010091816716882196,-0.010143084312973701,-1.0091816716882196,-1.01430843129737
2021-06-21,129.07852172851562,129.1858438437529,126.06376624672313,127.12722136946698,79663300,0.014104123548389191,0.014005585842307641,1.4104123548389191,1.4005585842307642
2021-06-22,130.7175750732422,130.8151460223462,128.4150406144124,128.91263161271146,74783600,0.012698110597934242,0.012618165646782331,1.2698110597934242,1.261816564678233
2021-06-23,130.44439697265625,131.04931007255976,129.98584029942936,130.51269961588608,60214200,-0.0020898345186779466,-0.0020920212699991106,-0.20898345186779466,-0.20920212699991106
2021-06-24,130.1614532470703,131.36149842351492,129.69313058879897,131.1761225655203,68711000,-0.002169075346680094,-0.0021714311979055827,-0.21690753466800938,-0.21714311979055828
2021-06-25,129.86875915527344,130.6297648884673,129.57606120699057,130.2102425761428,70783700,-0.00224870024492807,-0.002251232368026586,-0.22487002449280702,-0.22512323680265858
2021-06-28,131.49810791015625,131.9566646084623,130.1029355337376,130.1614721527149,62111300,0.012546117830653403,0.012468067435976287,1.2546117830653403,1.2468067435976287
2021-06-29,133.0103759765625,133.16648356087228,131.07859300425446,131.51763255879192,64556100,0.011500302859410505,0.011434677041743346,1.1500302859410505,1.1434677041743346
2021-06-30,133.625,134.06403942217588,132.56153042883813,132.85422833936676,63261400,0.0046208727621805945,0.004610229305084367,0.46208727621805945,0.4610229305084367
2021-07-01,133.92747497558594,133.98601159157678,132.4542339993765,133.27379128495963,52485800,0.002263610668556959,0.0022610525615724105,0.2263610668556959,0.22610525615724106
2021-07-02,136.5519256591797,136.59094509311012,134.39573347554227,134.54207496182084,78852600,0.019596058867474175,0.01940652814110342,1.9596058867474175,1.940652814110342
2021-07-06,138.56179809570312,139.66427232062847,136.65928383502748,136.65928383502748,108181800,0.014718741070996577,0.014611471700681724,1.4718741070996577,1.4611471700681724
2021-07-07,141.04971313476562,141.36191336128311,139.1862182535438,140.04478004189397,104911600,0.017955273915716052,0.017795981913361875,1.7955273915716052,1.7795981913361874
2021-07-08,139.75210571289062,140.55213093920304,137.24467816832617,138.13252320539087,105575500,-0.009199645947774449,-0.009242224027245142,-0.9199645947774449,-0.9242224027245142
2021-07-09,141.5765380859375,142.1033824089943,139.1764331121068,139.2740040435633,99890800,0.013054775552327147,0.012970296413093252,1.3054775552327147,1.2970296413093252
2021-07-12,140.9814453125,142.75713571421414,140.49362024221452,142.64981360326175,76299700,-0.004203329036597037,-0.004212187857165428,-0.42033290365970366,-0.4212187857165428
2021-07-13,142.0937042236328,143.86939485461454,140.13265254729112,140.52290669901112,100827100,0.007889399265750052,0.007858440678528776,0.7889399265750052,0.7858440678528776
2021-07-14,145.51821899414062,145.92800517220743,144.0840120326278,144.49379821069462,127050800,0.024100397615915314,0.0238145663580559,2.4100397615915314,2.38145663580559
2021-07-15,144.864501953125,146.34749406137325,143.50834910364574,145.6060054508676,106820300,-0.004492338110885896,-0.004502458984034438,-0.4492338110885896,-0.4502458984034438
2021-07-16,142.8253936767578,146.1133292004128,142.32781756831105,144.8449961921481,93251400,-0.0140759692600676,-0.014175975278948993,-1.40759692600676,-1.4175975278948993
2021-07-19,138.98135375976562,140.56191704499963,138.22034787278739,140.24970186714236,121434600,-0.026914260959028158,-0.027283082445045313,-2.691426095902816,-2.7283082445045315
2021-07-20,142.5912322998047,143.5181116494979,139.47892150687957,139.9667464752501,96350000,0.02597383348473392,0.025642242997174627,2.597383348473392,2.5642242997174627
2021-07-21,141.85948181152344,142.57171691870616,141.108242148076,141.98632105555998,74993500,-0.005131805627029751,-0.0051450185650643914,-0.5131805627029751,-0.5145018565064391
2021-07-22,143.2254638671875,144.59136830224742,142.2595647320254,142.38640403215305,77338200,0.009629120579186523,0.009583056068700592,0.9629120579186523,0.9583056068700592
2021-07-23,144.94253540039062,145.09864294509043,143.3424702853048,143.9571344380385,71447400,0.011988591182328756,0.011917297266478761,1.1988591182328756,1.1917297266478761
2021-07-26,145.362060546875,146.18160275793434,144.10346404174553,144.6595915410431,72434100,0.0028944239544690387,0.0028902431748112794,0.28944239544690387,0.28902431748112795
2021-07-27,143.19613647460938,145.57672455410125,142.00584243486344,145.48890475095865,104818600,-0.014900202048024669,-0.015012325224600023,-1.4900202048024669,-1.5012325224600023
2021-07-28,141.44973754882812,143.391286472983,139.06914908747908,141.28387882976534,118931200,-0.012195852267919971,-0.012270831925043675,-1.219585226791997,-1.2270831925043675
2021-07-29,142.0937042236328,142.98154953912368,141.05951732305735,141.16683944786658,56699500,0.004552618378541595,0.004542286557515561,0.4552618378541595,0.45422865575155613
2021-07-30,142.30833435058594,142.76689112133272,140.6009465535791,140.86437626783024,70440600,0.0015104830163013006,0.0015093433842822371,0.15104830163013006,0.1509343384282237
2021-08-02,141.9765625,143.37173456258094,141.7131328866216,142.79610475580563,62880000,-0.002331359242590758,-0.002334081091778178,-0.2331359242590758,-0.2334081091778178
2021-08-03,143.7718048095703,144.43523975697417,141.64487976916462,142.25954411950144,64786600,0.012644638509051953,0.012565362644506998,1.2644638509051953,1.2565362644506999
2021-08-04,143.37176513671875,144.19130756729243,142.71808142038705,143.68398028393023,56368300,-0.00278246262110593,-0.0027863408659429627,-0.278246262110593,-0.2786340865942963
2021-08-05,143.4790802001953,144.24008597517638,142.61075233452527,143.40102641721816,46397700,0.0007485090483068113,0.000748229055118691,0.07485090483068113,0.0748229055118691
2021-08-06,142.7951202392578,143.74291989384258,142.29679858037488,143.000320280882,54126800,-0.004766966445444054,-0.00477836466771174,-0.4766966445444054,-0.47783646677117403
2021-08-09,142.7462615966797,143.34230040071924,142.18931561461758,142.853744492803,48908700,-0.00034215904924661533,-0.00034221759901004113,-0.03421590492466153,-0.034221759901004116
2021-08-10,142.26747131347656,144.32917762337323,141.97433481779836,143.08824157374232,69023100,-0.0033541353577154487,-0.003359773079699446,-0.33541353577154487,-0.3359773079699446
2021-08-11,142.5215301513672,143.36184690994065,142.19908146277635,142.7071837820295,48493500,0.0017857830433412047,0.001784190428563347,0.17857830433412047,0.1784190428563347
2021-08-12,145.48216247558594,145.6385039280885,142.50196876649986,142.84396383015653,72282600,0.02077322858570474,0.02056040734922516,2.077322858570474,2.056040734922516
2021-08-13,145.6873779296875,146.01959236929383,144.87637333214747,145.56034862237908,59375000,0.0014105884227284538,0.0014095944774679472,0.14105884227284538,0.14095944774679472
2021-08-16,147.66111755371094,147.72952253031957,143.1175540441941,145.1401675406519,103296000,0.013547773678623143,0.013456823123728057,1.3547773678623143,1.3456823123728057
2021-08-17,146.7523956298828,148.2082823920191,145.67756689112312,146.79147353422863,92229700,-0.0061541043362182135,-0.006173118888139206,-0.6154104336218214,-0.6173118888139206
2021-08-18,143.0100860595703,147.27029417589944,142.80488601790597,146.37135309386304,86326000,-0.025500841429197507,-0.02583162348199284,-2.5500841429197507,-2.583162348199284
2021-08-19,143.34230041503906,144.61254875765684,141.19265740190144,141.71052547158095,86960300,0.0023230134644514067,0.0023203194400367197,0.23230134644514067,0.23203194400367197
2021-08-20,144.7981719970703,145.10107421090675,143.42044104748524,144.0653382889344,60549600,0.010156608187644967,0.010105376444508839,1.0156608187644967,1.0105376444508838
2021-08-23,146.2834014892578,146.75241093803115,144.50505101044897,144.91543614181833,60131800,0.01025723924344546,0.010204990744828207,1.025723924344546,1.0204990744828206
2021-08-24,146.19546508789062,147.40708910674365,145.7362213417673,146.02935786837372,48606400,-0.0006011372477802146,-0.0006013180032183967,-0.06011372477802146,-0.060131800321839665
2021-08-25,144.9643096923828,146.8794554129226,144.41712946066949,146.3811188443998,58991300,-0.008421296753409302,-0.008456956213305611,-0.8421296753409302,-0.8456956213305611
2021-08-26,144.16305541992188,145.70689371393732,144.13374326132688,144.95452843061085,48597200,-0.005527252012314077,-0.005542583790886059,-0.5527252012314077,-0.5542583790886059
2021-08-27,145.19882202148438,145.34538283026907,143.46932993010927,144.10444664756716,55802400,0.007184688188978106,0.007159001278370831,0.7184688188978106,0.715900127837083
2021-08-30,149.6153564453125,149.97689795560206,145.20858752404757,145.58966053577964,90956700,0.03041715051362215,0.02996372074964146,3.041715051362215,2.996372074964146
2021-08-31,148.3549041748047,149.30270392723426,147.8272553901817,149.16590885521063,86453100,-0.008424618304261666,-0.008460305979092936,-0.8424618304261666,-0.8460305979092937
2021-09-01,149.01931762695312,151.43278500420377,148.85321040744938,149.33200056452,80313700,0.004478540536587694,0.00446854171621855,0.4478540536587694,0.44685417162185503
2021-09-02,150.13320922851562,151.17872592141705,148.91181958328025,150.34817499884036,71115500,0.0074748134624462725,0.007447015481501329,0.7474813462446273,0.7447015481501329
2021-09-03,150.768310546875,151.09075913768157,149.58599904725085,150.24066197663203,57808700,0.004230252064969076,0.004221329702413863,0.42302520649690756,0.42213297024138635
2021-09-07,153.1036376953125,153.66058362239795,150.8562777588282,151.4230043452141,82278300,0.015489509300506743,0.015370771409369667,1.5489509300506743,1.5370771409369666
2021-09-08,151.55978393554688,153.4456022050819,150.45564303417842,153.38697789342345,74420200,-0.010083717036416862,-0.010134902092172344,-1.0083717036416862,-1.0134902092172344
2021-09-09,150.54360961914062,152.53691096459315,150.4263460744376,151.93110647020356,57305700,-0.006704775435932175,-0.006727353419551747,-0.6704775435932175,-0.6727353419551747
2021-09-10,145.5603485107422,151.92134106933233,145.2965241455898,151.45233157203938,140893200,-0.033101777757326034,-0.0336620401098245,-3.3101777757326034,-3.3662040109824503
2021-09-13,146.1270751953125,147.9542695218118,145.34538275990522,147.18235774668085,102404300,0.0038934139026776116,0.003885854182495382,0.38934139026776116,0.3885854182495382
2021-09-14,144.72982788085938,147.61232027246575,143.54753068396698,146.90879842408918,109296300,-0.009561864648187757,-0.009607872793293448,-0.9561864648187757,-0.9607872793293448
2021-09-15,145.61895751953125,146.0195769004921,143.01983678244974,145.15971382126716,83281300,0.006143375223273351,0.006124581625179891,0.6143375223273351,0.6124581625179891
2021-09-16,145.38441467285156,145.56030249720038,143.85035735869758,145.04243459087402,68034100,-0.0016106614871778113,-0.001611959996884641,-0.16106614871778113,-0.1611959996884641
2021-09-17,142.71693420410156,145.41377207009813,142.42379770872697,145.41377207009813,129868800,-0.018347774586102927,-0.018518182626352128,-1.8347774586102927,-1.8518182626352127
2021-09-20,139.66835021972656,141.52485650500037,138.0365754530921,140.50866688674913,123478900,-0.021361052921828994,-0.021592502147174533,-2.1361052921828994,-2.1592502147174533
2021-09-21,140.14712524414062,141.29035906389458,139.51200859720305,140.6356810985669,75834000,0.0034279421476723915,0.003422080146569072,0.34279421476723915,0.3422080146569072
2021-09-22,142.51177978515625,143.07849157950753,140.41098020716424,141.1438141486521,76404300,0.016872658193283208,0.016731896043985527,1.6872658193283208,1.6731896043985526
2021-09-23,143.46929931640625,143.71357721861844,142.30653411634987,143.29341147385273,64838200,0.00671887988974329,0.006696408813741756,0.671887988974329,0.6696408813741757
2021-09-24,143.55723571777344,144.09465008430436,142.22836333396052,142.326080458617,53477900,0.0006129283532168017,0.0006127405893536593,0.06129283532168017,0.06127405893536593
2021-09-27,142.04273986816406,142.6192471706429,140.52822848156046,142.14045701354505,74150700,-0.010549770215600995,-0.010605813552778672,-1.0549770215600995,-1.0605813552778671
2021-09-28,138.66192626953125,141.43691994614318,138.44696050068399,139.97125238193445,108972300,-0.023801382610407873,-0.024089211848888115,-2.3801382610407873,-2.4089211848888117
2021-09-29,139.56088256835938,141.14379894035906,138.77919013309102,139.2091217179658,74602000,0.006483079551922177,0.00646215478096225,0.6483079551922177,0.646215478096225
2021-09-30,138.2613067626953,141.075393254431,138.04634099404652,140.37187163149707,89056700,-0.009311891568380637,-0.009355518273314632,-0.9311891568380637,-0.9355518273314631
2021-10-01,139.3849639892578,139.64878829633227,135.9259954801677,138.65213028813756,94639600,0.008127054870753492,0.0080942082047478,0.8127054870753492,0.80942082047478
2021-10-04,135.95535278320312,138.95509355251514,135.1052701786628,138.51538125819243,98322000,-0.024605316871330607,-0.024913086686112754,-2.4605316871330607,-2.4913086686112753
2021-10-05,137.88023376464844,138.9843747661612,136.17028827499877,136.29731756814027,80861100,0.014158184595458811,0.014058893589402637,1.4158184595458811,1.4058893589402637
2021-10-06,138.74989318847656,138.89645401323804,135.20297213380132,136.27780121386797,83221100,0.006307353854016373,0.006287545745231774,0.6307353854016373,0.6287545745231774
2021-10-07,140.01031494140625,140.91903648455812,139.453369081024,139.78558344753552,61732700,0.009084127734913183,0.009043115234638193,0.9084127734913183,0.9043115234638194
2021-10-08,139.62925720214844,140.87995899645605,139.2970427994977,140.73339820397527,58773200,-0.002721640469256048,-0.0027253508664518873,-0.2721640469256048,-0.2725350866451887
2021-10-11,139.54132080078125,141.49554421911762,138.56420909161307,139.01368703802868,64452200,-0.0006297849256612364,-0.0006299833234905462,-0.06297849256612364,-0.06299833234905462
2021-10-12,138.27108764648438,139.97126757292082,137.8118439004276,139.9517211619384,73035900,-0.009102917666304333,-0.009144602382516834,-0.9102917666304333,-0.9144602382516834
2021-10-13,137.68479919433594,138.16357433643927,136.01393179740973,138.00724781162134,78762700,-0.004240137704328961,-0.004249152580105912,-0.4240137704328961,-0.4249152580105912
2021-10-14,140.46961975097656,140.58688333280563,138.27111768839706,138.85739086890345,69907100,0.02022605671022526,0.020024226966869965,2.022605671022526,2.0024226966869967
2021-10-15,141.5248565673828,141.58348088448486,140.22529620330172,140.47935479013262,67940300,0.007512206684099798,0.007484130580788766,0.7512206684099798,0.7484130580788766
2021-10-18,143.19570922851562,143.4790650348245,139.883301471598,140.16665727790686,85589200,0.011806072103929477,0.011736924146413556,1.1806072103929477,1.1736924146413557
2021-10-19,145.35513305664062,145.75575243725564,143.1957245202807,143.64518755891186,76378900,0.015080227192275197,0.014967650938874493,1.5080227192275197,1.4967650938874493
2021-10-20,145.84368896484375,146.32247907181252,144.7297822080243,145.29650879090318,58418800,0.003361119060121265,0.0033554831246223743,0.3361119060121265,0.33554831246223743
2021-10-21,146.05865478515625,146.21499623763387,144.4855043297612,145.40399172614036,61421000,0.0014739466742665908,0.0014728614810810162,0.14739466742665908,0.14728614810810162
2021-10-22,145.2867431640625,146.74263007605518,145.23788459644618,146.26385487822307,58883400,-0.005284942698049577,-0.0052989574074760555,-0.5284942698049577,-0.5298957407476056
2021-10-25,145.2378387451172,145.95112589659928,144.2411809366449,145.27691664114852,50720600,-0.0003366062028803407,-0.0003366628674643732,-0.03366062028803407,-0.033666286746437325
2021-10-26,145.90234375,147.38754297777294,145.5994265625498,145.91210950073977,60893400,0.004575288441526437,0.00456485362545469,0.4575288441526437,0.45648536254546895
2021-10-27,145.4430694580078,146.30291753836434,145.09130868119013,145.94139101285785,56094900,-0.0031478198374875754,-0.0031527846439674267,-0.31478198374875754,-0.3152784643967427
2021-10-28,149.07794189453125,149.66419997930225,146.29316753585874,146.3908846714247,100077900,0.02499171978471537,0.02468453429892792,2.499171978471537,2.4684534298927923
2021-10-29,146.371337890625,146.50813293434493,143.05892977311782,143.85038787675046,124953200,-0.018155630333433925,-0.018322466215370047,-1.8155630333433925,-1.8322466215370048
2021-11-01,145.55055236816406,146.27360541935798,144.41709931929685,145.57986452377787,74588300,-0.005607556330968766,-0.005623337699230582,-0.5607556330968766,-0.5623337699230582
2021-11-02,146.5863037109375,148.10082985163274,145.2476505224247,145.25743118168475,69122000,0.007116093521607247,0.00709089360744085,0.7116093521607247,0.709089360744085
2021-11-03,148.0226287841797,148.4916381367387,146.39085434317073,146.94780015379607,54511500,0.009798494380993228,0.009750800434429888,0.9798494380993228,0.9750800434429888
2021-11-04,147.50479125976562,148.94113176601576,147.192108353955,148.11059575284676,60394600,-0.003498367301455474,-0.0035045008975696356,-0.3498367301455474,-0.35045008975696357
2021-11-05,148.0331573486328,148.9334100905873,146.83934035942627,148.63006584323608,65463900,0.0035820266199808604,0.0035756264418132463,0.35820266199808604,0.3575626441813246
2021-11-08,147.21128845214844,148.3170413905721,146.9372989520394,148.1604716958504,55020900,-0.005551924387782847,-0.005567393602495733,-0.5551924387782847,-0.5567393602495734
2021-11-09,147.57330322265625,148.17999196283563,146.83939977322487,146.97639448653322,56787900,0.002459150886553685,0.002456132123062663,0.24591508865536849,0.24561321230626632
2021-11-10,144.74526977539062,146.90784428839714,144.67677991250417,146.8002045627489,65187100,-0.019163584371346132,-0.019349585993662932,-1.9163584371346132,-1.9349585993662932
2021-11-11,144.6964111328125,146.22292804332957,144.51048652142552,145.76302891424749,41000000,-0.0003375491486108384,-0.00033760613114800105,-0.03375491486108384,-0.0337606131148001
2021-11-12,146.77088928222656,147.1720784304826,144.31474986015922,145.24435777936998,63804000,0.014336762972717798,0.014234963416871922,1.4336762972717798,1.4234963416871922
2021-11-15,146.78065490722656,148.6203105600799,146.22288125155492,147.1427090779816,59222800,6.65365253815775e-05,6.653431192515583e-05,0.0066536525381577505,0.006653431192515583
2021-11-16,147.7592010498047,148.23868992516853,146.13482479249984,146.72195341819835,59256200,0.006666724189210216,0.006644599860266498,0.6666724189210216,0.6644599860266498
2021-11-17,150.19578552246094,151.67337235529826,147.7494408070529,147.7592208106454,88807000,0.016490238545855185,0.01635575103558571,1.6490238545855185,1.635575103558571
2021-11-18,154.4817352294922,155.26456834184324,149.765191484069,150.4110299216061,137827700,0.028535752132607728,0.028136190938511624,2.853575213260773,2.8136190938511625
2021-11-19,157.10423278808594,157.56414670764048,153.17050700157068,154.26646446197273,117305600,0.016976101120937503,0.01683361740086594,1.6976101120937503,1.683361740086594
2021-11-22,157.5641632080078,162.14371301680876,157.54458827093626,158.20998681834752,117467900,0.0029275495112996985,0.0029232725834745367,0.29275495112996985,0.29232725834745366
2021-11-23,157.94578552246094,158.3274146566765,155.64621578340464,157.66200120676388,96041900,0.002422012129428941,0.0024190837854214204,0.2422012129428941,0.24190837854214203
2021-11-24,158.46441650390625,158.66012108108276,156.2137765381209,157.29995411244806,69463600,0.0032836012669141823,0.0032782220205909546,0.32836012669141823,0.32782220205909546
2021-11-26,153.4445343017578,157.00641185994465,153.00419520836275,156.14530861301552,76959800,-0.03167829291205382,-0.03219090488593842,-3.167829291205382,-3.219090488593842
2021-11-29,156.80091857910156,157.73052659848017,155.38202667808307,155.94958045222978,88748200,0.021873599425465517,0.02163780450972528,2.1873599425465517,2.163780450972528
2021-11-30,161.75228881835938,161.96756831221649,156.48775108343634,156.55625589116394,174048100,0.031577431332202144,0.03108911744200428,3.1577431332202144,3.108911744200428
2021-12-01,161.23367309570312,166.6449857878265,160.99881865483053,163.88550209995378,152052500,-0.0032062342143339695,-0.003211385196369251,-0.32062342143339695,-0.3211385196369251
2021-12-02,160.245361328125,160.6759203936693,154.41328379839803,155.3331118145511,136739200,-0.0061296858689778855,-0.006148549518406011,-0.6129685868977885,-0.6148549518406011
2021-12-03,158.36656188964844,161.41961013164072,156.29206642790317,160.49978216462458,118023100,-0.011724516846571609,-0.01179379099721876,-1.1724516846571609,-1.1793790997218758
2021-12-06,161.77191162109375,164.27696654760885,160.75422372513128,160.7640037300002,107497000,0.021502959278854483,0.021275032264837773,2.1502959278854483,2.1275032264837774
2021-12-07,167.50608825683594,167.89751232351225,164.72704457429052,165.45116789916563,120405400,0.03544605845527071,0.0348323082274788,3.5446058455270713,3.48323082274788
2021-12-08,171.3223876953125,172.1835056764081,167.03638765651502,168.43570437579535,116998900,0.022783049130877364,0.022527391292943382,2.2783049130877364,2.2527391292943384
2021-12-09,170.81356811523438,172.95656843850207,170.18730447599066,171.15606234208923,108923700,-0.002969953821698068,-0.002974372886330438,-0.2969953821698068,-0.2974372886330438
2021-12-10,175.59860229492188,175.77474686026093,170.9407678198788,171.4496116481563,115402700,0.02801319726814344,0.02762800476004745,2.801319726814344,2.762800476004745
2021-12-13,171.96823120117188,178.22108688608395,171.76273170193855,177.23275419312068,153237000,-0.020674259625670044,-0.02089096413811068,-2.0674259625670044,-2.089096413811068
2021-12-14,170.5885009765625,173.92531854630914,168.51400556372403,171.48875398461132,139380400,-0.00802316925034452,-0.00805552806915981,-0.802316925034452,-0.8055528069159811
2021-12-15,175.4518280029297,175.6475325738547,168.611843504033,171.35175229088827,131063300,0.028509114028942406,0.028110291548464273,2.8509114028942406,2.8110291548464272
2021-12-16,168.56289672851562,177.25231617436867,167.08531019517628,175.43223547777242,150185800,-0.039263946992327936,-0.040055566418330336,-3.9263946992327936,-4.005556641833033
2021-12-17,167.46693420410156,169.74692873915046,166.04805758616632,166.28289706807027,195432700,-0.00650180167572223,-0.0065230304551430855,-0.650180167572223,-0.6523030455143085
2021-12-20,166.10678100585938,166.91896912005944,163.86593615587674,164.66832933666538,107499100,-0.00812192093147468,-0.008155083415393042,-0.812192093147468,-0.8155083415393042
2021-12-21,169.2772674560547,169.48275204230814,165.49031583648394,167.8779505711604,91185900,0.01908703805465639,0.01890716575941316,1.9087038054656391,1.890716575941316
2021-12-22,171.87039184570312,172.08567137280502,168.45528928513505,169.32618739702795,92135300,0.01531879872955555,0.015202650596904727,1.531879872955555,1.5202650596904728
2021-12-23,172.49664306640625,173.05441678226669,171.50832525865067,172.07587897729215,68356600,0.0036437411585430457,0.0036371188155883537,0.36437411585430457,0.3637118815588354
2021-12-27,176.45968627929688,176.5477510793258,173.26965909520445,173.28921909656728,74919600,0.022974610650045912,0.02271466813760048,2.2974610650045912,2.271466813760048
2021-12-28,175.44200134277344,177.43822642660322,174.69831813522254,176.29333921586215,79144300,-0.005767237593932162,-0.005783932327940679,-0.5767237593932162,-0.578393232794068
2021-12-29,175.53013610839844,176.75330850310786,174.31674371757737,175.48120622634931,62348900,0.0005023584144643323,0.0005022322747191809,0.05023584144643323,0.05022322747191809
2021-12-30,174.37542724609375,176.69457190920295,174.26778749437727,175.6181743920382,59773000,-0.006578408060890495,-0.006600141152395811,-0.6578408060890495,-0.6600141152395811
2021-12-31,173.7589569091797,175.38331824017646,173.45559766181222,174.2677857929612,64062300,-0.003535305098028796,-0.0035415690567913963,-0.3535305098028796,-0.35415690567913966
2022-01-03,178.10365295410156,178.95499096160628,173.895952516217,174.01337226981713,104487900,0.02500415588471072,0.024696667103820947,2.500415588471072,2.4696667103820946
2022-01-04,175.84326171875,179.013729963492,175.27570793184105,178.71038559647081,99310400,-0.012691436687904845,-0.012772660937245437,-1.2691436687904845,-1.2772660937245437
2022-01-05,171.1658172607422,176.3031403228598,170.8918278919333,175.75516158524204,94537600,-0.026600077889189055,-0.026960261600445103,-2.6600077889189055,-2.6960261600445103
2022-01-06,168.3085174560547,171.53769548653034,167.95624321761545,168.99349099432447,96904000,-0.01669316835811252,-0.01683406955221933,-1.669316835811252,-1.6834069552219328
2022-01-07,168.474853515625,170.40257420223315,167.35932100577125,169.17940193566972,86709100,0.000988280700729982,0.0009877926728708072,0.09882807007299821,0.09877926728708072
2022-01-10,168.49444580078125,168.79779016511287,164.56071920573362,165.45119229098708,106765600,0.00011629204446483854,0.00011628528306922823,0.011629204446483854,0.011628528306922823
2022-01-11,171.3223876953125,171.4202325096092,167.15382233749222,168.62162893365016,76138300,0.016783591180654422,0.016644303057006385,1.6783591180654422,1.6644303057006384
2022-01-12,171.76272583007812,173.37730710526796,171.06797240622825,172.34005950483805,74805200,0.0025702311337660877,0.002566933738562302,0.25702311337660877,0.2566933738562302
2022-01-13,168.49444580078125,172.8293615927784,168.1030216763988,172.00739332853072,84505800,-0.01902787705249931,-0.01921123679556863,-1.902787705249931,-1.9211236795568631
2022-01-14,169.35552978515625,170.0502832024392,167.4180143556812,167.66264878484014,80440800,0.005110459162512182,0.00509744508585992,0.5110459162512182,0.509744508585992
2022-01-18,166.1557159423828,168.83689986985863,165.77408681023036,167.82900716362772,90956700,-0.01889406178134667,-0.019074835218069134,-1.8894061781346672,-1.9074835218069135
2022-01-19,162.66233825683594,167.40825267441707,162.37856885772902,166.35143003303915,94815000,-0.021024721693945536,-0.02124888875610749,-2.1024721693945536,-2.124888875610749
2022-01-20,160.979248046875,166.03828667936338,160.65632878123083,163.3962376065405,91420500,-0.010347141372721524,-0.010401045196068048,-1.0347141372721524,-1.0401045196068048
2022-01-21,158.92433166503906,162.76019814543096,158.81669190708894,160.89118731707072,122848900,-0.012765101134262768,-0.012847275092672385,-1.2765101134262768,-1.2847275092672386
2022-01-24,158.15127563476562,158.81668910799385,151.37979580013618,156.58562410189697,162294600,-0.004864302540549814,-0.004876171766131907,-0.4864302540549814,-0.48761717661319076
2022-01-25,156.35076904296875,159.26680751652682,153.65001008067688,155.56793581393717,115798400,-0.011384711154369453,-0.011450013080540894,-1.1384711154369453,-1.1450013080540893
2022-01-26,156.26271057128906,160.8618354481178,154.43284958250229,159.99093736491258,108275300,-0.0005632109916612338,-0.0005633696545483827,-0.05632109916612338,-0.05633696545483827
2022-01-27,155.8028106689453,160.32365113506773,154.88298262420264,158.96348400735147,121954600,-0.0029431199590892465,-0.0029474594531619875,-0.29431199590892465,-0.29474594531619874
2022-01-28,166.67434692382812,166.69392186078738,159.30595841103175,162.15350702087153,179935700,0.06977753615743798,0.0674507167242713,6.977753615743798,6.74507167242713
2022-01-31,171.02879333496094,171.2440727924038,165.87189621924904,166.5079545912569,115541600,0.026125474564618223,0.025790034168455184,2.6125474564618223,2.5790034168455183
2022-02-01,170.8624725341797,171.0875320298687,168.61183278338754,170.27534392743365,86213900,-0.0009724725149379276,-0.0009729456731145026,-0.09724725149379276,-0.09729456731145027
2022-02-02,172.0660858154297,172.105235689561,169.6099612749151,170.9994831805343,84914300,0.007044339598967442,0.007019644146384771,0.7044339598967442,0.7019644146384771
2022-02-03,169.1891632080078,172.45749049022623,168.42590499267487,170.7352545735362,89418100,-0.016719870123086733,-0.016861224990039614,-1.6719870123086733,-1.6861224990039614
2022-02-04,168.9050750732422,170.5805134014752,167.22963674500915,168.20942139418403,82465400,-0.001679115431384659,-0.0016805267257392917,-0.1679115431384659,-0.16805267257392917
2022-02-07,168.18983459472656,170.43353483823722,167.49418092340588,169.36557317059368,77251200,-0.0042345706794509885,-0.004243561865389486,-0.42345706794509885,-0.4243561865389486
2022-02-08,171.29568481445312,171.8051768182553,167.96440934383466,168.25834761334826,74829200,0.018466337321815463,0.01829790490809777,1.8466337321815463,1.829790490809777
2022-02-09,172.71641540527344,173.07893089654075,171.36430797248656,172.49106914991745,71285000,0.008294024407907497,0.008259817996523387,0.8294024407907497,0.8259817996523388
2022-02-10,168.6405029296875,171.93257943938036,168.08203354026793,170.6196718007765,90865900,-0.02359887139865624,-0.023881784583885617,-2.359887139865624,-2.3881784583885617
2022-02-11,165.23085021972656,169.58109560057568,164.64297356543503,168.84625725787345,98670700,-0.02021846858095855,-0.020425659292891234,-2.021846858095855,-2.0425659292891236
2022-02-14,165.4660186767578,166.15186486791518,163.19291135712115,163.98653444619794,86185500,0.0014232720870135385,0.0014222601953143852,0.14232720870135385,0.1422260195314385
2022-02-15,169.2969512939453,169.45372039657573,166.80830532856646,167.51375134007887,62527400,0.023152382874886968,0.022888432743464075,2.3152382874886968,2.2888432743464073
2022-02-16,169.06182861328125,169.83585183660028,166.6123672162483,168.3759824121772,61177400,-0.0013888181616208417,-0.0013897834634198272,-0.13888181616208417,-0.13897834634198272
2022-02-17,165.4660186767578,168.43476465088062,165.06430342539218,167.57254946752525,69589300,-0.02126920054052317,-0.021498649280044323,-2.126920054052317,-2.1498649280044324
2022-02-18,163.91795349121094,167.0924457737123,162.83039207397334,166.3870146722984,82772700,-0.009355789170047424,-0.009399829468612078,-0.9355789170047424,-0.9399829468612078
2022-02-22,160.9982147216797,163.3202994694817,158.87206895600934,161.6448612037598,91162800,-0.017812196329597296,-0.017972742812668887,-1.7812196329597296,-1.7972742812668887
2022-02-23,156.83413696289062,162.79121451131508,156.52059869701176,162.19354527351996,90009200,-0.025864123810239614,-0.026204481794370942,-2.5864123810239614,-2.620448179437094
2022-02-24,159.4501190185547,159.55789590082478,148.92722915533128,149.49550590272597,141147500,0.01667992763771231,0.01654234544422152,1.667992763771231,1.654234544422152
2022-02-25,161.5175018310547,161.78203291625664,157.617948249187,160.5279097890242,91974200,0.012965702535847168,0.012882367374368608,1.2965702535847168,1.2882367374368608
2022-02-28,161.78204345703125,162.0759818545117,159.1464202451589,159.76368938483503,95056600,0.0016378511491172976,0.0016365113336699788,0.16378511491172976,0.16365113336699788
2022-03-01,159.9008331298828,163.23210951924372,158.69570233786408,161.37050993245586,83474400,-0.011628053935714311,-0.011696188451101517,-1.162805393571431,-1.1696188451101517
2022-03-02,163.19288635253906,163.97671685818776,159.6558640904533,161.06675601055625,79724800,0.020588092996252305,0.02037902290933918,2.0588092996252305,2.037902290933918
2022-03-03,162.8695831298828,165.49541352335572,162.203336805619,165.06430592514928,76678400,-0.0019811110023376655,-0.001983075998418604,-0.19811110023376655,-0.1983075998418604
2022-03-04,159.87144470214844,162.20333673673338,158.82308299816066,161.16476749621853,83737200,-0.018408215764532665,-0.018579755388730888,-1.8408215764532665,-1.8579755388730887
2022-03-07,156.0796661376953,161.68403439715155,155.82491261205914,160.05758861933697,96418800,-0.023717672480645158,-0.02400346440020517,-2.3717672480645158,-2.400346440020517
2022-03-08,154.2572784423828,159.58730866544224,152.65043241487155,155.60938587479396,131148300,-0.011676009696899081,-0.011744709582057356,-1.1676009696899081,-1.1744709582057355
2022-03-09,159.6558380126953,160.1065453386811,156.1874084009024,158.21555399203595,91454900,0.03499711407347905,0.034398638378642134,3.499711407347905,3.4398638378642135
2022-03-10,155.31549072265625,157.14768351502929,152.8268289578217,156.96152201092795,105342000,-0.0271856472275942,-0.027562013795598556,-2.71856472275942,-2.7562013795598554
2022-03-11,151.60203552246094,156.0600575177212,151.37668929729986,155.7171269987306,96970100,-0.0239091103077822,-0.024199572220229445,-2.39091103077822,-2.4199572220229446
2022-03-14,147.5751495361328,151.00439558659642,147.06567231572745,148.38837253642478,108732100,-0.02656221582019269,-0.026921365631994525,-2.656221582019269,-2.6921365631994525
2022-03-15,151.9547882080078,152.4250955746164,147.34001116939965,147.8494883910694,92964300,0.02967734530943278,0.029245496185194026,2.967734530943278,2.9245496185194026
2022-03-16,156.36378479003906,156.76549997179433,151.3375011134131,153.875139056129,102300200,0.029015186912016544,0.02860221564680717,2.9015186912016544,2.860221564680717
2022-03-17,157.37298583984375,157.7453087439647,154.44343967423552,155.40362432397723,75615400,0.006454186633815695,0.006433447559337589,0.6454186633815695,0.643344755933759
2022-03-18,160.66505432128906,161.1549465596943,156.53036263312293,157.2652009907308,123511700,0.02091889191703844,0.02070309618082527,2.091889191703844,2.070309618082527
2022-03-21,162.03675842285156,162.98715054298916,159.71465909153343,160.20455132045697,95811400,0.008537663074008828,0.008501423350900466,0.8537663074008828,0.8501423350900466
2022-03-22,165.4072265625,165.9950882926474,161.5762655771906,162.164127307338,81532000,0.02080063914172392,0.020587259726652322,2.080063914172392,2.0587259726652323
2022-03-23,166.76913452148438,169.15000379737148,164.2608735199057,164.5940116285297,98062700,0.008233666613530755,0.008199954901497707,0.8233666613530755,0.8199954901497707
2022-03-24,170.5511016845703,170.61967882805246,166.76913277034842,167.60194065734933,90131400,0.022677860468231392,0.022424540476049196,2.2677860468231392,2.2424540476049195
2022-03-25,171.18795776367188,171.73663471959298,169.25778100424003,170.36494232979024,80546200,0.0037341070964138634,0.0037271526256260775,0.37341070964138634,0.37271526256260773
2022-03-28,172.05014038085938,172.17750218202073,168.52291068864233,168.6894722365633,90371900,0.005036467684121471,0.00502382710556611,0.5036467684121471,0.502382710556611
2022-03-29,175.3422393798828,175.39121664425457,172.7751938429614,173.11812439551318,100589400,0.019134532478356947,0.01895376954812366,1.9134532478356947,1.895376954812366
2022-03-30,174.17630004882812,175.979099995584,173.12792342578476,174.94053078604693,92633200,-0.006649506332177313,-0.006671712795496935,-0.6649506332177313,-0.6671712795496935
2022-03-31,171.08016967773438,174.4310308254092,170.8744083575564,174.2448693810398,103049300,-0.017775841892529565,-0.017935729764714345,-1.7775841892529565,-1.7935729764714345
2022-04-01,170.7862548828125,171.3447392929013,168.46417011530542,170.51191638497735,78751300,-0.0017179945254643947,-0.0017194719704632531,-0.17179945254643947,-0.1719471970463253
2022-04-04,174.83277893066406,174.88177115423625,170.91364025013027,171.04101704135246,76468400,0.02369349951861266,0.023417164936724317,2.369349951861266,2.3417164936724317
2022-04-05,171.52108764648438,174.6955950948926,170.89402610794616,173.91176443413826,73401800,-0.018942050251875564,-0.019123749043089312,-1.8942050251875564,-1.9123749043089313
2022-04-06,168.35638427734375,170.11999949152553,166.69075350018778,168.87566890286308,89058800,-0.018450812157064234,-0.018623151551455927,-1.8450812157064234,-1.8623151551455928
2022-04-07,168.6601104736328,169.85544881098227,166.41641045043957,167.69992580849703,77594700,0.0018040669950996069,0.0018024416208006794,0.1804066995099607,0.18024416208006794
2022-04-08,166.65155029296875,168.30738857225097,165.77954264267717,168.30738857225097,76575500,-0.011908922477422812,-0.011980401755623078,-1.1908922477422812,-1.1980401755623078
2022-04-11,162.3992919921875,165.61298417615765,162.1543458504195,165.29946088886413,72246700,-0.02551586404870465,-0.025847039334503906,-2.551586404870465,-2.5847039334503905
2022-04-12,164.2706756591797,166.4359910689201,163.27129126604743,164.62339868320723,79265200,0.011523348679883583,0.011457460582070755,1.1523348679883583,1.1457460582070755
2022-04-13,166.95530700683594,167.58236861722457,163.39869870978032,164.00616044006455,70618900,0.016342730294883534,0.016210625239721953,1.6342730294883534,1.6210625239721954
2022-04-14,161.9485626220703,167.80768430539896,161.70361651341247,167.17081545269417,75329400,-0.02998853091001552,-0.030447383750501458,-2.998853091001552,-3.0447383750501458
2022-04-18,161.73304748535156,163.23211669383912,160.2633706181813,160.60628625032533,69023900,-0.001330762886866066,-0.001331649138144058,-0.1330762886866066,-0.1331649138144058
2022-04-19,164.0159149169922,164.4274375522312,160.59647667199232,161.6840380358106,67723800,0.014115033798812071,0.014016344295489057,1.411503379881207,1.4016344295489056
2022-04-20,163.84934997558594,165.46600329408383,162.74220370933205,165.34841899344127,67929800,-0.0010155413362815668,-0.0010160573477679927,-0.10155413362815668,-0.10160573477679927
2022-04-21,163.05575561523438,168.06245565058305,162.5560708382442,165.49542471534926,87227800,-0.004843439174276876,-0.004855206637832932,-0.48434391742768756,-0.4855206637832932
2022-04-22,158.51931762695312,164.47640880332085,158.23518671810965,163.09492410815207,84882400,-0.027821391346564694,-0.028215737643673702,-2.7821391346564694,-2.82157376436737
2022-04-25,159.5872802734375,159.8714111577949,155.25663522524357,157.8628502431654,96046400,0.006737113573738851,0.006714520641420388,0.6737113573738851,0.6714520641420388
2022-04-26,153.63021850585938,159.0582182667308,153.55183394880203,158.9700412464134,95623200,-0.0373279233618824,-0.03804244787688283,-3.73279233618824,-3.8042447876882832
2022-04-27,153.40487670898438,156.55976925790796,152.23893068313222,152.75821530720194,88063200,-0.0014667804229309134,-0.0014678571983930406,-0.14667804229309134,-0.14678571983930405
2022-04-28,160.3319549560547,161.194170207573,155.7171628080034,156.03070106321982,130216800,0.04515552827053382,0.04416570522345115,4.515552827053382,4.416570522345116
2022-04-29,154.46302795410156,162.84018882642286,154.07112011517893,158.568327600733,131747600,-0.036604849005687834,-0.03729161802028167,-3.6604849005687834,-3.729161802028167
2022-05-02,154.7667694091797,155.03130046543404,150.17157761678854,153.54203875876948,123055300,0.0019664346808505595,0.001964503779087289,0.19664346808505595,0.19645037790872888
2022-05-03,156.25604248046875,157.46118829235783,153.15993453329665,154.95292717961667,88966500,0.009622692758751494,0.009576689531954069,0.9622692758751494,0.9576689531954069
2022-05-04,162.663818359375,163.11451083359574,156.040465917951,156.4421811299961,108256500,0.04100817976179827,0.04018964720215151,4.100817976179827,4.018964720215151
2022-05-05,153.600830078125,160.76305283929582,151.8176149978829,160.53770657596968,130525300,-0.055716067486052956,-0.05732838209249566,-5.571606748605296,-5.732838209249566
2022-05-06,154.32693481445312,156.44638259515347,151.28513392702433,153.0807759379822,116124600,0.004727218830515412,0.004716080619626706,0.47272188305154117,0.4716080619626706
2022-05-09,149.2049102783203,152.90412873322438,148.6456204167706,152.02101820173502,131577900,-0.03318943995285728,-0.03375270753233835,-3.318943995285728,-3.375270753233835
2022-05-10,151.60894775390625,153.79708852885074,150.05861170075954,152.59999379126018,115366700,0.016112321445062028,0.015983895649208945,1.6112321445062028,1.5983895649208946
2022-05-11,143.74932861328125,152.53128118939546,143.07228159830737,150.61789721596364,142689800,-0.051841393645069345,-0.0532334844396779,-5.184139364506935,-5.32334844396779
2022-05-12,139.88328552246094,143.45494014257622,136.1938888181264,140.08934914213407,182602000,-0.02689433841615263,-0.027262609080637445,-2.689433841615263,-2.7262609080637445
2022-05-13,144.347900390625,145.31931779066926,140.4230033804494,141.87521108197208,113990900,0.03191671436289778,0.031417960665970676,3.191671436289778,3.1417960665970677
2022-05-16,142.807373046875,144.7502078730768,141.47290744658727,142.81719487180055,86643800,-0.010672322490186015,-0.010729680182065323,-1.0672322490186015,-1.0729680182065322
2022-05-17,146.4378662109375,146.95791370140876,143.92592034755194,146.06499632256597,78336300,0.025422308992903542,0.02510453651162698,2.542230899290354,2.510453651162698
2022-05-18,138.1759490966797,144.5931464578241,137.2732099832936,144.09272768669095,109742900,-0.05641926728402935,-0.05807335056767231,-5.641926728402935,-5.807335056767231
2022-05-19,134.77114868164062,139.00022255113117,134.03523053806913,137.25364468817165,136095600,-0.02464104959870239,-0.024949721478699168,-2.464104959870239,-2.494972147869917
2022-05-20,135.0066375732422,138.05824551298795,130.12014512321653,136.47847391127468,137426100,0.0017473242151986312,0.0017457994201912211,0.17473242151986312,0.1745799420191221
2022-05-23,140.4229736328125,140.57015125059797,135.0654837610607,135.20285452842407,117726300,0.04011903530766703,0.039335163630178506,4.011903530766703,3.9335163630178505
2022-05-24,137.724609375,139.3043807072169,134.75150167714628,138.1661572066265,104132700,-0.01921597433813338,-0.01940300098230899,-1.921597433813338,-1.940300098230899
2022-05-25,137.88162231445312,139.12776621000188,135.742545873108,135.8308524536192,92482700,0.0011400499893639005,0.0011394006258658158,0.11400499893639005,0.11394006258658158
2022-05-26,141.0803985595703,141.62988165478208,134.56507119637524,134.81037721904417,90601500,0.023199438702730557,0.022934422711910075,2.3199438702730557,2.2934422711910076
2022-05-27,146.83035278320312,146.86959515379783,142.53258704704527,142.6601509529846,90978500,0.04075657768435437,0.03994792721167802,4.075657768435437,3.9947927211678023
2022-05-31,146.04544067382812,147.8312763244264,144.08299181240406,146.27113307294545,103718400,-0.005345707440572167,-0.005360046860317703,-0.5345707440572167,-0.5360046860317703
2022-06-01,145.9178466796875,148.8909545900905,144.90717205322113,147.08549081541827,74286600,-0.0008736595511090739,-0.0008740414140430292,-0.08736595511090739,-0.08740414140430293
2022-06-02,148.3708953857422,148.429766433254,144.1025647736461,145.05435330119587,72348100,0.016811163006259955,0.016671419399188578,1.6811163006259955,1.6671419399188578
2022-06-03,142.6503448486328,145.19171132509297,141.74762059734428,144.14179449565412,88570300,-0.03855574587075716,-0.03931869365880171,-3.8555745870757163,-3.931869365880171
2022-06-06,143.3961181640625,145.78050099135527,142.17939464576176,144.2694071894969,71598400,0.005227981160655704,0.005214362711191209,0.5227981160655704,0.5214362711191209
2022-06-07,145.9178466796875,146.20239508903217,141.39440285018887,141.63970888221743,67808200,0.017585751608281575,0.017432911548421862,1.7585751608281575,1.7432911548421863
2022-06-08,145.1819305419922,147.0560572730291,144.69131847131706,145.79028471849585,53950200,-0.005043359358987587,-0.005056120018273672,-0.5043359358987587,-0.5056120018273672
2022-06-09,139.9617919921875,145.17208908244996,139.85385675234653,144.3184289860741,69473000,-0.03595584195854751,-0.036618178323762046,-3.5955841958547508,-3.6618178323762045
2022-06-10,134.55526733398438,138.11710068108783,134.48657445941151,137.6461172993445,91437900,-0.03862857556514365,-0.03939444683185229,-3.8628575565143652,-3.939444683185229
2022-06-13,129.4038543701172,132.6615109809625,128.97211331960065,130.37525676148604,122207100,-0.03828473656910569,-0.039036856087897344,-3.8284736569105693,-3.9036856087897345
2022-06-14,130.26731872558594,131.37610685696256,129.01135295389076,130.63038185886012,84784300,0.006672632431790504,0.006650468957853923,0.6672632431790504,0.6650468957853922
2022-06-15,132.88714599609375,134.761287244166,129.67855461334355,131.76855134556948,91533000,0.020111162923577064,0.019911604616344735,2.0111162923577064,1.9911604616344736
2022-06-16,127.61800384521484,129.90425779121338,126.61715107258264,129.60008071626916,108123900,-0.03965125529171798,-0.04045878475111613,-3.965125529171798,-4.045878475111613
2022-06-17,129.08984375,130.58130861525225,127.37270152778396,127.62782938306579,134520300,0.011533168208541555,0.01146716819881411,1.1533168208541555,1.146716819881411
2022-06-21,133.31890869140625,134.48656772231706,130.8167993077871,130.91491273074396,81000500,0.03276063258389561,0.03223544265098241,3.276063258389561,3.223544265098241
2022-06-22,132.80870056152344,135.17343948860204,131.395735327504,132.2592024365102,73409200,-0.0038269749947008602,-0.0038343166002522055,-0.382697499470086,-0.38343166002522056
2022-06-23,135.67385864257812,135.9878425646897,133.0834276529192,134.25108671150673,72433800,0.021573572129993224,0.02134415630408085,2.1573572129993224,2.134415630408085
2022-06-24,139.00021362304688,139.24551965514786,137.1457006192552,137.27324957478913,89116800,0.02451728736654979,0.024221562509114426,2.451728736654979,2.4221562509114425
2022-06-27,139.00021362304688,140.79585557470105,138.32316657888146,140.02068012877845,70207900,0.0,0.0,0.0,0.0
2022-06-28,134.85943603515625,140.72715167094702,134.74169394010806,139.46137923230657,67083400,-0.029789721036831973,-0.030242448542369866,-2.9789721036831973,-3.0242448542369864
2022-06-29,136.61581420898438,138.02877917366496,134.10388314834785,134.87905849783044,66242400,0.013023769233101667,0.012939689189787225,1.3023769233101667,1.2939689189787225
2022-06-30,134.15293884277344,135.77195236171494,131.25833120197146,134.67298633539292,98964500,-0.018027747230224933,-0.018192226862134404,-1.8027747230224933,-1.8192226862134404
2022-07-01,136.32147216796875,136.42940742984914,133.11287978462988,133.48573480288584,71051600,0.016164635258097748,0.016035378605677775,1.6164635258097748,1.6035378605677775
2022-07-05,138.90208435058594,138.951148551157,134.35901187342057,135.18325151505502,73353800,0.01893034267879301,0.01875339339451237,1.893034267879301,1.875339339451237
2022-07-06,140.2365264892578,141.41399224615117,138.43107799720204,138.6960126584971,74064300,0.009607070656360905,0.009561216203783153,0.9607070656360905,0.9561216203783153
2022-07-07,143.60215759277344,143.79839942455877,140.58979232323185,140.5995991745189,66253700,0.023999675318351787,0.023716209545343692,2.3999675318351787,2.3716209545343694
2022-07-08,144.27919006347656,144.7796239540416,142.2774994180926,142.5326123028861,64547800,0.004714639961211908,0.004703560855246729,0.47146399612119083,0.4703560855246729
2022-07-11,142.1499481201172,143.88671918371236,141.08041731246487,142.9349304914586,63141600,-0.01475778968832997,-0.0148677692446276,-1.475778968832997,-1.48677692446276
2022-07-12,143.12135314941406,145.66272006961017,142.32656399441228,143.02322474684678,77588800,0.006833664325195832,0.0068104206739305175,0.6833664325195832,0.6810420673930517
2022-07-13,142.75828552246094,143.700252180436,139.4515504526769,140.30522551606126,71185600,-0.002536781681864664,-0.0025400047645072507,-0.2536781681864664,-0.25400047645072504
2022-07-14,145.68234252929688,146.1533259024835,140.56035155748177,141.3747693527097,78140700,0.020482573015881966,0.02027562621443639,2.0482573015881966,2.027562621443639
2022-07-15,147.35043334960938,148.0274804295402,145.41742051675783,146.96775651820843,76259900,0.011450192187684172,0.011385134878591779,1.1450192187684172,1.1385134878591778
2022-07-18,144.30862426757812,148.7241323716371,143.9455611978647,147.90971463576915,81420900,-0.020643367059628104,-0.020859419905655856,-2.0643367059628104,-2.0859419905655856
2022-07-19,148.1648406982422,148.3905180514349,144.15163767930207,145.14266864096726,82982400,0.026722009514232647,0.026371212235536932,2.6722009514232647,2.6371212235536934
2022-07-20,150.16653442382812,150.83377461851506,147.5466677906739,148.28258588894056,64823400,0.013509910422423665,0.013419465275946165,1.3509910422423665,1.3419465275946165
2022-07-21,152.4331512451172,152.64902171844827,149.0871738807754,151.59910487340264,65086600,0.015094020981344602,0.014981239712431272,1.5094020981344602,1.4981239712431271
2022-07-22,151.19680786132812,153.3456908921451,150.52958270466215,152.47240210045547,66675400,-0.008110725086310056,-0.008143795957574695,-0.8110725086310056,-0.8143795957574695
2022-07-25,150.0782012939453,152.1289557716175,149.4207830391442,151.11829629325123,53623900,-0.007398347777346936,-0.007425851289931048,-0.7398347777346936,-0.7425851289931048
2022-07-26,148.75357055664062,150.21558479499407,147.96858832963514,149.4011670445513,55138700,-0.008826270077093024,-0.008865452324610659,-0.8826270077093024,-0.8865452324610659
2022-07-27,153.8461151123047,154.37598449377768,149.3030578563077,149.71517016840275,78620700,0.03423477188888713,0.03366180243071866,3.4234771888887128,3.366180243071866
2022-07-28,154.39561462402344,154.68016301876492,151.51081343985047,154.0325515340952,81378700,0.003571747725430896,0.003565384182668546,0.3571747725430896,0.3565384182668546
2022-07-29,159.4586944580078,160.55767543376024,156.50521583755506,158.21255085489784,101786900,0.03279289924337392,0.032266685278185,3.279289924337392,3.2266685278185
2022-08-01,158.47750854492188,160.5184565925083,157.86915435741844,157.98689646537588,67829400,-0.006153229313841657,-0.006172238447826305,-0.6153229313841657,-0.6172238447826305
2022-08-02,157.00564575195312,159.36059231885778,156.63279081571793,157.09396729027588,59907000,-0.00928751850330567,-0.009330916418242935,-0.928751850330567,-0.9330916418242935
2022-08-03,163.0107879638672,163.46214273028536,157.7317967556544,157.82010334400223,82507500,0.03824793804804538,0.03753461753883699,3.8247938048045382,3.7534617538836987
2022-08-04,162.69677734375,164.05087149041262,161.3426831970874,162.8930191834261,55474100,-0.0019263180310912231,-0.0019281757677808314,-0.1926318031091223,-0.19281757677808314
2022-08-05,162.4707794189453,162.96207295817032,160.1616937873522,160.36804367078585,56697000,-0.0013890743780817782,-0.0013900400362466345,-0.13890743780817782,-0.13900400362466345
2022-08-08,161.99908447265625,164.8878921269335,161.34075310138186,163.47296470499484,60276900,-0.0029032601922389656,-0.0029074828270296295,-0.29032601922389656,-0.29074828270296293
2022-08-09,162.0482635498047,162.9326009401167,160.40734488370262,161.16394115258205,63135500,0.000303576265930916,0.00030353019597989105,0.030357626593091602,0.030353019597989105
2022-08-10,166.29302978515625,166.3912794896035,163.99376480339055,164.76018146628317,70170500,0.026194456777051123,0.025857257812688644,2.6194456777051123,2.5857257812688643
2022-08-11,165.55609130859375,168.0125588424397,165.26131220591463,167.09874512344325,57149200,-0.0044315656375651935,-0.004441414131500688,-0.44315656375651935,-0.44414141315006883
2022-08-12,169.10325622558594,169.1720295303759,166.4502588992338,166.8629587003345,68039400,0.021425759021939772,0.021199454241718426,2.142575902193977,2.1199454241718425
2022-08-15,170.17425537109375,170.37076978453467,168.36629877849532,168.53333677957454,54091700,0.0063334034448105925,0.006313431726822086,0.6333403444810592,0.6313431726822085
2022-08-16,170.01702880859375,170.6851957704937,168.6708894053126,169.77138205657383,56377100,-0.0009239150901947379,-0.0009243421628145046,-0.0923915090194738,-0.09243421628145046
2022-08-17,171.5105743408203,173.08270464114312,169.5650561598673,169.76157057327157,79542000,0.008784681997401567,0.008746321173234926,0.8784681997401567,0.8746321173234926
2022-08-18,171.11753845214844,171.8544787813878,170.1054749327735,170.72450960712317,62290100,-0.002291613156695793,-0.0022942429204948155,-0.2291613156695793,-0.22942429204948156
2022-08-19,168.5333251953125,170.71466951867444,168.3269753298755,170.0170261568602,70346300,-0.015101977741215578,-0.015217173871462906,-1.5101977741215578,-1.5217173871462906
2022-08-22,164.65213012695312,166.9022480242965,164.22960987091767,166.73521001384654,69026800,-0.023029244001810723,-0.0232985598354564,-2.3029244001810723,-2.32985598354564
2022-08-23,164.3179931640625,165.77223248324796,163.74809099731448,164.17061113519893,54147100,-0.002029350987642786,-0.002031412910407239,-0.20293509876427862,-0.2031412910407239
2022-08-24,164.61282348632812,165.1827258305819,163.355113138006,164.4064885816526,53841500,0.0017942668151458285,0.0017926590413400352,0.17942668151458285,0.1792659041340035
2022-08-25,167.0692901611328,167.17737534622174,165.41855096314578,165.841056236527,51218200,0.01492269327977791,0.014812445336729952,1.492269327977791,1.4812445336729951
2022-08-26,160.77088928222656,168.0715189036816,160.71193645776907,167.59988131493301,78961000,-0.03769933344920329,-0.03842833395578329,-3.7699333449203287,-3.842833395578329
2022-08-29,158.56988525390625,160.06340660842702,157.03705202563728,158.34387946257124,73314000,-0.013690314447763918,-0.013784890982972031,-1.3690314447763918,-1.3784890982972031
2022-08-30,156.1428985595703,159.72933499269527,154.9736176696823,159.30682979347176,77906200,-0.01530547045833941,-0.015423808200641164,-1.530547045833941,-1.5423808200641165
2022-08-31,154.48233032226562,157.78382326299328,154.403721562595,157.51852057324083,87991100,-0.010634926420756585,-0.01069188141880276,-1.0634926420756585,-1.069188141880276
2022-09-01,155.20945739746094,155.66143904544523,151.97673759886456,153.91243529158203,74229900,0.004706862420306823,0.0046958197806181295,0.4706862420306823,0.46958197806181295
2022-09-02,153.0968780517578,157.56765189981036,152.2715085702032,156.9682732301626,76957800,-0.013611150899736857,-0.013704631838780491,-1.3611150899736857,-1.3704631838780492
2022-09-06,151.8391876220703,154.3546082697241,151.01381803326322,153.74540904842692,73714800,-0.008214997233727428,-0.008248926269225824,-0.8214997233727428,-0.8248926269225824
2022-09-07,153.24432373046875,153.94195232564746,150.93523755072505,152.12417479484878,87449600,0.009254107127442124,0.009211550227341384,0.9254107127442124,0.9211550227341384
2022-09-08,151.7703857421875,153.63729493578492,150.0213671908206,151.9472441951636,84923800,-0.009618222407204224,-0.009664776259038495,-0.9618222407204224,-0.9664776259038496
2022-09-09,154.62969970703125,155.07187581808674,152.0553267593616,152.76279054534643,68028800,0.018839735768352517,0.018664465883544843,1.8839735768352517,1.8664465883544843
2022-09-12,160.5841827392578,161.39973173078485,156.5261087123494,156.81105233922636,104956000,0.03850801652921931,0.03778508363906445,3.8508016529219313,3.778508363906445
2022-09-13,151.16116333007812,157.74449248447965,150.6993462930314,157.11563747555653,122656600,-0.05867962366181445,-0.06047173364510481,-5.867962366181445,-6.047173364510481
2022-09-14,152.6055908203125,154.3644300184662,150.9351958505273,152.0946413613245,87965400,0.009555546268721793,0.009510180802059284,0.9555546268721793,0.9510180802059284
2022-09-15,149.71676635742188,152.5368010537083,148.7440148881969,151.9570633678186,90481100,-0.01893000411952217,-0.019111470402055346,-1.893000411952217,-1.9111470402055346
2022-09-16,148.07583618164062,148.71452663381027,145.78640700828322,148.57696507371128,162278800,-0.010960229877419514,-0.01102073570828773,-1.0960229877419514,-1.102073570828773
2022-09-19,151.7900390625,151.8686478234834,146.50373107588743,146.71006595451675,81474200,0.025083112657917184,0.024773694823037633,2.5083112657917184,2.4773694823037635
2022-09-20,154.16790771484375,155.3273682721185,150.41443284470995,150.7288529156578,107689800,0.015665511828247602,0.015544074309788911,1.5665511828247602,1.5544074309788911
2022-09-21,151.0432586669922,155.97584907691603,150.92535303740462,154.60021842835445,101696800,-0.020267830667009212,-0.02047604126882961,-2.0267830667009212,-2.0476041268829612
2022-09-22,150.08035278320312,151.7802241971407,148.28221666613402,149.72662084225365,86652500,-0.0063750338299572995,-0.00639544113586789,-0.63750338299573,-0.639544113586789
2022-09-23,147.81056213378906,148.8324610577634,145.97312915554878,148.55733788432917,96029900,-0.015123836047299721,-0.01523936758913679,-1.5123836047299721,-1.523936758913679
2022-09-26,148.14463806152344,151.09239889982268,147.0343100146429,147.05396595162924,93339400,0.0022601627577329975,0.0022576124319319706,0.22601627577329975,0.22576124319319707
2022-09-27,149.11741638183594,152.02588086273627,147.33893608818533,150.08036255735442,84442700,0.006566409240599702,0.006544944289306731,0.6566409240599702,0.6544944289306731
2022-09-28,147.2308349609375,148.01690757279204,142.31789987820665,145.06914652315353,146691400,-0.012651650401905967,-0.012732364027190694,-1.2651650401905967,-1.2732364027190695
2022-09-29,139.99899291992188,144.16516723784525,138.2303333041484,143.55596808972413,128138200,-0.049119072393594254,-0.05036643184011029,-4.911907239359426,-5.036643184011029
2022-09-30,135.79351806640625,140.60820327947016,135.59700366840286,138.8198877735382,124925300,-0.03003932218227534,-0.030499746638651563,-3.003932218227534,-3.0499746638651564
2022-10-03,139.9695281982422,140.57874239032802,135.29241903979042,135.8033685254817,114311700,0.030752647043092107,0.030289260676367086,3.0752647043092107,3.0289260676367085
2022-10-04,143.5559539794922,143.67385961125873,141.74798266491518,142.50457878595228,87830100,0.025622903980718315,0.02530013920939835,2.5622903980718315,2.530013920939835
2022-10-05,143.8507537841797,144.81369999304195,140.51978392175167,141.5613389023429,79471000,0.002053553311551326,0.0020514476531780057,0.2053553311551326,0.20514476531780057
2022-10-06,142.8976287841797,144.97088807825529,142.69129389793306,143.27101666436323,68402200,-0.006625790793074238,-0.006647838789128679,-0.6625790793074238,-0.6647838789128678
2022-10-07,137.65060424804688,140.60820060654387,137.02174919053795,140.05793931227225,85925600,-0.03671876560007492,-0.03740986994404366,-3.671876560007492,-3.7409869944043663
2022-10-10,137.97488403320312,139.41928832461434,136.15710682488464,137.97488403320312,74899000,0.0023558181014002866,0.002353047512419451,0.23558181014002866,0.2353047512419451
2022-10-11,136.55995178222656,138.88869341854974,135.8131909792421,137.46393012049913,77033700,-0.010254998660742198,-0.010307943436275864,-1.0254998660742198,-1.0307943436275864
2022-10-12,135.9311065673828,137.91593686444165,135.7542480720767,136.70735883391194,70433700,-0.0046049021447120975,-0.004615537368596621,-0.46049021447120975,-0.46155373685966217
2022-10-13,140.50013732910156,141.08968060374895,132.03022618093473,132.6394403890868,113224000,0.033612841660005444,0.03306027817568215,3.3612841660005444,3.3060278175682147
2022-10-14,135.97039794921875,142.00348171103434,135.78370401470698,141.79713183786654,88598000,-0.032240106422618986,-0.03277126629853719,-3.2240106422618986,-3.277126629853719
2022-10-17,139.9302520751953,140.4117102259384,137.8275159869022,138.6135887754333,85250900,0.02912291341131068,0.028706899097714175,2.912291341131068,2.8706899097714174
2022-10-18,141.2468719482422,144.14550040873658,138.1615495711484,142.95657861316172,99136600,0.009409115280799796,0.00936512527833717,0.9409115280799796,0.936512527833717
2022-10-19,141.35498046875,142.42599680685538,139.03607431855443,139.22276826600364,61758300,0.0007653870065698065,0.0007650942473081261,0.07653870065698065,0.07650942473081261
2022-10-20,140.89312744140625,143.34959455977452,140.1660077768585,140.5295751056751,64522000,-0.0032673275876957675,-0.0032726769577528106,-0.32673275876957675,-0.3272676957752811
2022-10-21,144.70559692382812,145.27549920361895,140.1660346242772,140.38220497154572,86548600,0.027059300561039556,0.026699670818916423,2.7059300561039556,2.669967081891642
2022-10-24,146.84764099121094,147.61405773965313,143.45771845108737,144.62699951406933,75981900,0.014802772753222282,0.014694281054217852,1.4802772753222282,1.4694281054217853
2022-10-25,149.6873016357422,149.83469868322362,146.75919654145045,147.47648086131204,74732300,0.019337461775781772,0.019152868970305742,1.9337461775781772,1.9152868970305743
2022-10-26,146.7493896484375,149.3434189974195,145.46218795090752,148.33135548203074,88194300,-0.019626995444503192,-0.01982216284039047,-1.9626995444503192,-1.982216284039047
2022-10-27,142.2786102294922,146.45460526216635,141.6202786941001,145.49167413504986,109180200,-0.03046540384021912,-0.03093912039791269,-3.046540384021912,-3.093912039791269
2022-10-28,153.02809143066406,154.75743900232175,145.24600486857483,145.6193777007102,164762400,0.0755523348438194,0.0728343294843918,7.55523348438194,7.283432948439179
2022-10-31,150.66986083984375,151.55419798226043,149.2745893410994,150.49300240721152,97943200,-0.015410442414677927,-0.015530417457400136,-1.5410442414677927,-1.5530417457400136
2022-11-01,148.02676391601562,152.74318573696127,146.5332420839713,152.37963325052954,80379300,-0.017542306796431095,-0.017697996518445974,-1.7542306796431095,-1.7697996518445973
2022-11-02,142.5045928955078,149.5202635488904,142.47511648464766,146.35633217647393,93604600,-0.037305220180594234,-0.03801886465043113,-3.7305220180594234,-3.801886465043113
2022-11-03,136.4617156982422,140.31345573900342,136.33397456392473,139.5863358104831,97918500,-0.04240478902807432,-0.043330125824473806,-4.240478902807432,-4.33301258244738
2022-11-04,136.19593811035156,140.41822196260875,132.25907054843208,139.84737436397546,140814800,-0.001947634811204746,-0.0019495339181287879,-0.1947634811204746,-0.1949533918128788
2022-11-07,136.7274169921875,136.95378268582516,133.52871190234,134.94598671425354,83374600,0.0039023108119811134,0.003894716547519916,0.39023108119811134,0.3894716547519916
2022-11-08,137.29827880859375,139.19781051108808,135.32000793975288,138.19391993058036,89908500,0.004175181751871149,0.00416648986561152,0.41751817518711487,0.41664898656115196
2022-11-09,132.74136352539062,136.36329048249235,132.4657839221066,136.31407662091405,74917800,-0.03318989373170422,-0.033753176888975715,-3.3189893731704223,-3.3753176888975713
2022-11-10,144.55194091796875,144.55194091796875,137.298266687944,139.0108096143879,118854000,0.088974356439536,0.08523629586781742,8.8974356439536,8.523629586781741
2022-11-11,147.3372802734375,147.64238513720315,142.0914019190675,143.5185285677149,93979700,0.01926877866724319,0.01908548655265,1.9268778667243192,1.9085486552650002
2022-11-14,145.93968200683594,147.9081158240503,145.10309162733654,146.6187940766482,73374100,-0.009485706971160468,-0.00953098283271316,-0.9485706971160468,-0.953098283271316
2022-11-15,147.67189025878906,151.16586309626985,146.2152535189844,149.8174908111913,89868300,0.011869343746219618,0.011799455560112802,1.1869343746219618,1.1799455560112801
2022-11-16,146.44166564941406,147.5046219917799,144.96533989912186,146.7763108997982,64218300,-0.00833079746740617,-0.008365692498061307,-0.833079746740617,-0.8365692498061307
2022-11-17,148.34121704101562,149.08921670380388,143.84333724490105,144.11891685845265,80389400,0.012971386136437113,0.012887978210580393,1.2971386136437113,1.2887978210580393
2022-11-18,148.90219116210938,150.2899408094876,147.60303246304494,149.9060967599958,74829600,0.003781647018162415,0.0037745145670305233,0.3781647018162415,0.37745145670305236
2022-11-21,145.67398071289062,147.99673387925796,145.38856433603218,147.79005667966175,58724100,-0.021680073503446362,-0.021918539233340393,-2.168007350344636,-2.1918539233340395
2022-11-22,147.8097381591797,148.04595570366934,144.61103212345353,145.79210482793843,51804100,0.014661214280252466,0.014554777742896412,1.4661214280252466,1.4554777742896412
2022-11-23,148.6857147216797,149.43371446322294,146.98300797972192,147.091272483442,58301400,0.005926379231905754,0.005908887321611725,0.5926379231905754,0.5908887321611724
2022-11-25,145.7723846435547,146.5302359602774,144.79800437919693,145.96922504559745,35195900,-0.019593880175902356,-0.019788385177019578,-1.9593880175902356,-1.9788385177019578
2022-11-28,141.94378662109375,144.32559012136235,141.11704788902577,142.8492645206864,69246000,-0.026264220289890283,-0.026615285539130517,-2.6264220289890283,-2.6615285539130515
2022-11-29,138.94190979003906,142.5244590100729,138.13485967272496,142.01266197350824,83763800,-0.02114834965667023,-0.02137517975872874,-2.114834965667023,-2.137517975872874
2022-11-30,145.69363403320312,146.3727461321645,138.33169544585772,139.16827084330671,111380900,0.04859386381954067,0.04745008935540541,4.859386381954067,4.7450089355405405
2022-12-01,145.96923828125,146.77630352615344,144.29607218523327,145.87082558028513,71250400,0.0018916698033908386,0.0018898828492648584,0.18916698033908386,0.18898828492648584
2022-12-02,145.4771270751953,145.66413072697534,143.35121453595042,143.6563344518848,65447400,-0.0033713350281824317,-0.0033770307832539483,-0.33713350281824317,-0.3377030783253948
2022-12-05,144.31573486328125,148.53801893223152,143.4693076933105,145.43774157529282,68826400,-0.00798333205544921,-0.008015369474963929,-0.798333205544921,-0.8015369474963929
2022-12-06,140.65443420410156,144.97514559227898,139.68005411221395,144.74877992089566,64727200,-0.025370072519453668,-0.025697441594424827,-2.537007251945367,-2.569744159442483
2022-12-07,138.71554565429688,141.10718574311466,137.7903792762826,139.9458168978351,69721100,-0.013784766621656508,-0.01388065877080407,-1.3784766621656508,-1.388065877080407
2022-12-08,140.3985595703125,141.25483863673134,138.87303512029186,140.11314322681335,62128300,0.012132842848125991,0.012059829886919633,1.213284284812599,1.2059829886919633
2022-12-09,139.91632080078125,143.272505058159,138.676197516891,140.09347268821548,76097000,-0.003434784309804373,-0.003440696723892196,-0.3434784309804373,-0.3440696723892196
2022-12-12,142.2095184326172,142.21935519606154,138.8336463442299,140.44776160871248,70462700,0.016389779396079884,0.016256916722718805,1.6389779396079884,1.6256916722718804
2022-12-13,143.174072265625,147.60304951034107,141.96348935709867,147.14046624112265,93886200,0.00678262498627924,0.006759726468486864,0.678262498627924,0.6759726468486864
2022-12-14,140.94970703125,144.34525228867759,138.93205940879196,143.05593056925082,82291200,-0.015536089734517144,-0.015658039507345685,-1.5536089734517144,-1.5658039507345685
2022-12-15,134.34561157226562,139.5619643292127,133.88302841156911,138.88285224146853,98931900,-0.04685426878908072,-0.047987468644235955,-4.685426878908072,-4.798746864423595
2022-12-16,132.38705444335938,135.47749595050237,131.61936620399007,134.53265581803083,160156900,-0.014578497250375189,-0.01468580776914992,-1.4578497250375189,-1.468580776914992
2022-12-19,130.28077697753906,133.06611240851234,129.24736132043492,132.9775364981246,79592600,-0.015909995691621548,-0.016037918319739615,-1.5909995691621548,-1.6037918319739615
2022-12-20,130.21194458007812,131.14694795968774,127.83997741416957,129.3163032823837,77432800,-0.0005283388620932472,-0.0005284784822498484,-0.05283388620932472,-0.052847848224984846
2022-12-21,133.3122100830078,134.6507460089221,130.65482677922608,130.881192518899,85928000,0.02380937872426192,0.023530355698998046,2.380937872426192,2.3530355698998044
2022-12-22,130.14300537109375,132.4362327068824,128.24347383297044,132.2295555538223,77852100,-0.023772801530637988,-0.02405993434237312,-2.377280153063799,-2.405993434237312
2022-12-23,129.7788543701172,130.33001348787815,127.59389142616514,128.8536879861786,63814900,-0.0027980835384753266,-0.0028020054918967826,-0.27980835384753266,-0.28020054918967824
2022-12-27,127.97772979736328,129.33595400462013,126.68840798575984,129.30642869732836,69007800,-0.013878413255346445,-0.013975618853488598,-1.3878413255346445,-1.3975618853488598
2022-12-28,124.05072021484375,128.9619612841453,123.883405115354,127.62342547026658,85438400,-0.030685101140155102,-0.031165746860091027,-3.06851011401551,-3.116574686009103
2022-12-29,127.56437683105469,128.4206408882066,125.71405141675788,125.969942452078,75703700,0.028324354829424747,0.027930637529009657,2.8324354829424747,2.7930637529009656
2022-12-30,127.8792953491211,127.8989838922634,125.41876059384748,126.38329646538533,77034200,0.002468702673031453,0.0024656604324837547,0.24687026730314532,0.24656604324837547
2023-01-03,123.09601593017578,128.83399514878522,122.21021915687207,128.2237854341601,112117500,-0.03740464322927772,-0.03812214575791964,-3.7404643229277723,-3.812214575791964
2023-01-04,124.36567687988281,126.62937927760363,123.10588015763084,124.88731075622333,89113600,0.010314395150101685,0.010261564741709663,1.0314395150101685,1.0261564741709663
2023-01-05,123.04680633544922,125.75340309203497,122.79091532129203,125.12350481122068,80962700,-0.010604779208554516,-0.010661410611105468,-1.0604779208554516,-1.0661410611105469
2023-01-06,127.57418823242188,128.2336117453076,122.91884655664052,124.02117217456781,87754700,0.03679398134584777,0.03613324156994194,3.679398134584777,3.6133241569941936
2023-01-09,128.09585571289062,131.30441322455866,127.83996466106093,128.4108124086458,70790800,0.004089130314655298,0.004080792543051456,0.4089130314655298,0.4080792543051456
2023-01-10,128.66668701171875,129.18832083166095,126.09787998496417,128.20410381019116,63896200,0.004456282333657802,0.004446382507589768,0.44562823336578017,0.44463825075897684
2023-01-11,131.3831329345703,131.4028064616691,128.40095662151043,129.1784814447806,69458900,0.021112270673481648,0.02089249461956012,2.111227067348165,2.089249461956012
2023-01-12,131.30441284179688,132.14098840377943,129.36550386584642,131.76699610111268,71379600,-0.0005991643753284759,-0.0005993439460346365,-0.05991643753284759,-0.05993439460346365
2023-01-13,132.633056640625,132.7905349401524,129.5819934315568,129.9461488585014,57809700,0.010118805378071638,0.010067953022609127,1.0118805378071638,1.0067953022609126
2023-01-17,133.79446411132812,135.12314807764807,132.01303370787318,132.7019826183309,63646600,0.008756546068677373,0.008718429868378681,0.8756546068677373,0.8718429868378681
2023-01-18,133.07598876953125,136.42232060237055,132.8988218980733,134.6605787592018,69672800,-0.005369993045445054,-0.005384463284737306,-0.5369993045445054,-0.5384463284737305
2023-01-19,133.1350860595703,134.09961486420556,131.65876002436804,131.9638650021021,58280400,0.000444086800222232,0.0004439882228626892,0.0444086800222232,0.04439882228626892
2023-01-20,135.69398498535156,135.84162653742413,132.1015991542997,133.14486670992753,80223600,0.019220319763313842,0.019037942610447136,1.9220319763313842,1.9037942610447136
2023-01-23,138.8828887939453,141.05801539977267,135.72354499448727,135.94007397852303,81760300,0.023500701294445703,0.023228811311396168,2.3500701294445703,2.3228811311396167
2023-01-24,140.28042602539062,140.90048744485267,138.08562666123444,138.0954634232415,66435100,0.01006270278204524,0.01001241088858384,1.006270278204524,1.001241088858384
2023-01-25,139.6210174560547,140.18201330953534,136.61915274790366,138.6663258108729,65799300,-0.004700645614068688,-0.004711728393113339,-0.4700645614068688,-0.4711728393113339
2023-01-26,141.6878662109375,141.97328249331738,139.6603668579937,140.91032647908082,54105100,0.014803278134922326,0.014694779063868369,1.4803278134922326,1.4694779063868368
2023-01-27,143.6267852783203,144.9062704324847,140.82177572822627,140.90051489349364,70555800,0.013684439742329468,0.013591653325229977,1.3684439742329468,1.3591653325229978
2023-01-30,140.7430419921875,143.2527985417942,140.59541543784155,142.6721140707524,64015300,-0.020078032663229828,-0.02028233565433236,-2.007803266322983,-2.028233565433236
2023-01-31,142.01266479492188,142.06187864867766,140.03439402480078,140.4477633640219,65874500,0.009020856624690987,0.008980411747224724,0.9020856624690987,0.8980411747224724
2023-02-01,143.13467407226562,144.29605796571016,139.08955653554688,141.69772563249788,77663600,0.007900769124810303,0.007869721474753165,0.7900769124810303,0.7869721474753165
2023-02-02,148.43960571289062,148.7939093931277,145.831421817907,146.5498959772077,118339000,0.037062519441981356,0.036392216188033816,3.7062519441981356,3.6392216188033815
2023-02-03,152.0615692138672,154.89611977583527,145.49684178200022,145.69368223370049,154357300,0.02440025007868929,0.024107319465313137,2.440025007868929,2.410731946531314
2023-02-06,149.33523559570312,150.68362304726807,148.40023248441526,150.16198925829823,69858300,-0.017929142992925473,-0.01809181741909167,-1.7929142992925473,-1.8091817419091671
2023-02-07,152.20916748046875,152.7800151967711,148.26246234257331,148.26246234257331,83322600,0.019244834437776248,0.019061994701220494,1.9244834437776248,1.9061994701220493
2023-02-08,149.52227783203125,152.14029923404468,148.78411491914525,151.45135018561032,64120100,-0.017652613787420335,-0.017810279403156257,-1.7652613787420335,-1.7810279403156257
2023-02-09,148.4888458251953,151.89424398332804,148.04595108381588,151.3529215136586,56007100,-0.006911558744422397,-0.006935554194452762,-0.6911558744422397,-0.6935554194452762
2023-02-10,148.85353088378906,149.17882019931434,147.08909918660703,147.32567733632254,57450700,0.002455976114347891,0.002452965133933756,0.2455976114347891,0.2452965133933756
2023-02-13,151.65298461914062,152.0571182724141,148.7648180243575,148.79438841262413,62199000,0.01880676742251497,0.018632106643815285,1.880676742251497,1.8632106643815285
2023-02-14,151.0122833251953,151.57415087909246,148.70570240485208,149.94770404483108,61707600,-0.004224785259283603,-0.004233734880239427,-0.4224785259283603,-0.4233734880239427
2023-02-15,153.11184692382812,153.27941747242824,150.69683660205456,150.92354792770303,65573800,0.01390326371075079,0.013807499938324181,1.390326371075079,1.3807499938324181
2023-02-16,151.5149688720703,154.09754945424802,151.16010920849044,151.31781291605773,68167900,-0.010429487226760736,-0.01048425546457701,-1.0429487226760736,-1.048425546457701
2023-02-17,150.3715362548828,150.8151070910907,148.69581585093724,150.17439533222245,59144100,-0.0075466643705213166,-0.0075752845241316355,-0.7546664370521317,-0.7575284524131636
2023-02-21,146.3596649169922,149.1394018439348,146.29067235544917,148.05510409777494,58867200,-0.026679725683525835,-0.027042089276068333,-2.6679725683525835,-2.7042089276068335
2023-02-22,146.78355407714844,147.80869615626176,145.0585442502877,146.74411685820635,51011300,0.0028962157053082915,0.002892029752935462,0.28962157053082915,0.2892029752935462
2023-02-23,147.2665557861328,148.19313495368198,145.13741210681397,147.94670496405263,48394200,0.0032905710181299064,0.0032851689366950477,0.32905710181299064,0.32851689366950476
2023-02-24,144.61495971679688,145.0881010134071,143.6390916917033,145.00924162382364,55469600,-0.0180054191882284,-0.018169489164515776,-1.80054191882284,-1.8169489164515777
2023-02-27,145.80764770507812,147.03979725813033,145.34435826985944,145.60065500306268,44998500,0.008247334788993532,0.008213511364914402,0.8247334788993532,0.8213511364914402
2023-02-28,145.30496215820312,146.95111245136155,144.73324285815977,144.9501024216552,50547000,-0.0034475938319213917,-0.003453550478208263,-0.34475938319213917,-0.3453550478208263
2023-03-01,143.23492431640625,145.12750429739225,142.9392054041828,144.73322244168676,55479000,-0.01424616070264062,-0.014348611433750982,-1.424616070264062,-1.4348611433750982
2023-03-02,143.82640075683594,144.61497972086136,141.84509404159934,142.31825044455022,52238100,0.0041294149681199155,0.004120912333364765,0.41294149681199155,0.41209123333647646
2023-03-03,148.8732452392578,148.95210462024477,145.2260853537234,145.9259379185379,70732300,0.03508983368744989,0.03448821878407692,3.508983368744989,3.448821878407692
2023-03-06,151.63327026367188,154.06799923846452,151.26855877090114,151.59383305095145,87558000,0.01853942943191944,0.018369669172419743,1.853942943191944,1.8369669172419743
2023-03-07,149.43507385253906,151.83036488385042,148.9717845101983,151.5050756621504,56182000,-0.014496794847927652,-0.014602900084075214,-1.4496794847927652,-1.4602900084075214
2023-03-08,150.68698120117188,151.278419098267,149.66183922588297,150.62784041964048,47204800,0.008377600494701598,0.008342703168119914,0.8377600494701598,0.8342703168119914
2023-03-09,148.43954467773438,152.33313497413033,148.08468493947933,151.3671337581158,53833600,-0.014914603143035277,-0.015026944251327874,-1.4914603143035277,-1.5026944251327874
2023-03-10,146.37939453125,148.78455331931613,145.50210448552664,148.0649820559655,68572400,-0.013878715075265169,-0.01397592492118752,-1.387871507526517,-1.397592492118752
2023-03-13,148.32125854492188,150.9531285889032,145.59081050522525,145.69924028415588,84457100,0.013265965608686203,0.013178743232823023,1.3265965608686203,1.3178743232823023
2023-03-14,150.41099548339844,151.20942619347872,147.95656256587642,149.11970482478546,73695900,0.014089261101055461,0.01399092999395858,1.4089261101055461,1.3990929993958579
2023-03-15,150.80526733398438,151.06154904978908,147.7791005346977,149.03096880678774,77167900,0.002621296729795608,0.0026178671235591636,0.2621296729795608,0.2617867123559164
2023-03-16,153.62440490722656,154.22569446185167,149.4745187940127,149.98709719489494,76161100,0.018693893277604845,0.018521309972969732,1.8693893277604845,1.8521309972969733
2023-03-17,152.78659057617188,154.50174868510317,152.07687101667568,153.8511699154162,98944600,-0.005453653874595288,-0.005468579335151867,-0.5453653874595288,-0.5468579335151866
2023-03-20,155.1522674560547,155.5662829465371,151.94867858194203,152.85555389921097,73641400,0.015483537337678932,0.015364890521055849,1.5483537337678932,1.536489052105585
2023-03-21,157.0054473876953,157.1237289497417,154.3045697408097,155.07344501678244,73938300,0.011944265862344094,0.011873496090132949,1.1944265862344094,1.187349609013295
2023-03-22,155.57618713378906,159.82463786522675,155.55646852262672,157.02519671590775,75701800,-0.009103252643056114,-0.009144940436603756,-0.9103252643056114,-0.9144940436603756
2023-03-23,156.66043090820312,159.24302685232914,155.4282812343858,156.56186795883147,67622100,0.006969214211951735,0.006945041483549263,0.6969214211951735,0.6945041483549264
2023-03-24,157.9615936279297,158.0503047976887,155.59587218901564,156.5914437450547,59196500,0.008305624542096268,0.008271322644156287,0.8305624542096268,0.8271322644156287
2023-03-27,156.01974487304688,158.47419284355544,155.6155961034445,157.65604352005258,52390300,-0.012293170195894154,-0.0123693562351179,-1.2293170195894154,-1.23693562351179
2023-03-28,155.39869689941406,156.22671283698608,153.75254688783264,155.71413440722972,45992200,-0.003980572934138338,-0.003988516501554051,-0.3980572934138338,-0.3988516501554051
2023-03-29,158.4741668701172,158.75016719414856,157.074446643704,157.09415020907082,51305700,0.019790835007411856,0.01959754254951695,1.9790835007411856,1.9597542549516949
2023-03-30,160.04147338867188,160.14990317241256,158.96704237580855,159.22332411879057,49501700,0.009889981121271596,0.009841395337010781,0.9889981121271596,0.9841395337010781
2023-03-31,162.54518127441406,162.64375926608275,159.59788883873148,160.120319104618,68749800,0.015644119194414996,0.015523011411738626,1.5644119194414996,1.5523011411738625
2023-04-03,163.7970733642578,163.91535493872908,161.87492257463953,161.92421157763323,56976200,0.007701809921576652,0.0076723023942775175,0.7701809921576652,0.7672302394277517
2023-04-04,163.26478576660156,164.4574983782598,162.75220722625122,164.22093523724538,46278300,-0.003249677095710557,-0.003254968763574943,-0.3249677095710557,-0.3254968763574943
2023-04-05,161.4214630126953,162.69304993016723,159.48946069965245,162.38747921010668,51511700,-0.011290387852169181,-0.011354608119803863,-1.1290387852169181,-1.1354608119803864
2023-04-06,162.30862426757812,162.60434321282244,159.686606015777,160.1104583059446,45390100,0.00549593119976266,0.0054808836781384054,0.549593119976266,0.5480883678138405
2023-04-10,159.71617126464844,159.71617126464844,157.7940207437735,159.11488161033475,47716900,-0.01597236754749287,-0.016101300563490913,-1.5972367547492872,-1.6101300563490912
2023-04-11,158.50375366210938,160.0414742096721,158.21788648492154,160.03162242596915,47644200,-0.007591076050339929,-0.007620034913849299,-0.7591076050339929,-0.7620034913849298
2023-04-12,157.81375122070312,159.74575366976245,157.49831365463328,158.9177526201656,50133100,-0.004353224611179596,-0.004362727482220015,-0.4353224611179596,-0.4362727482220015
2023-04-13,163.19577026367188,163.43234843413578,159.11489082873655,159.3218986080038,68445600,0.034103612653132886,0.033534976726655646,3.4103612653132886,3.3534976726655645
2023-04-14,162.85076904296875,163.94491858408577,161.48061917083933,162.23961256067847,49386500,-0.00211403285848466,-0.0021162705802491495,-0.21140328584846602,-0.21162705802491494
2023-04-17,162.87046813964844,163.02818690758198,161.68760746192598,162.73246797792896,41516200,0.0001209640998041106,0.00012095678423733124,0.01209640998041106,0.012095678423733124
2023-04-18,164.09275817871094,165.019337094876,163.28446081239204,163.72804670609275,49923000,0.007504675666643701,0.007476655688124495,0.7504675666643701,0.7476655688124495
2023-04-19,165.23623657226562,165.7586669315568,163.1760704888179,163.43236729662357,47720200,0.006968487861660266,0.006944320160053783,0.6968487861660266,0.6944320160053783
2023-04-20,164.27023315429688,165.47281276613842,163.19580195645452,163.71823235690607,52456400,-0.005846195955608535,-0.00586335185636651,-0.5846195955608535,-0.586335185636651
2023-04-21,162.66346740722656,164.0730393438838,162.14103717495192,162.69303779464673,58337300,-0.009781234957894624,-0.009829385474828794,-0.9781234957894624,-0.9829385474828793
2023-04-24,162.96902465820312,163.23517316391397,161.5495860155954,162.64373538253156,41949600,0.001878462668028602,0.0018767005633844533,0.1878462668028602,0.18767005633844533
2023-04-25,161.4313201904297,163.93504162144998,161.3918829793584,162.83104036567903,48714100,-0.009435562807094677,-0.00948035974205902,-0.9435562807094677,-0.9480359742059021
2023-04-26,161.4214630126953,162.91976126426218,160.47518046288778,160.73146218660858,45498800,-6.106112322412649e-05,-6.106298753040266e-05,-0.006106112322412649,-0.006106298753040266
2023-04-27,166.00506591796875,166.1529178634098,162.83104713478986,162.83104713478986,64902300,0.028395250666963356,0.027999578222118456,2.8395250666963356,2.7999578222118457
2023-04-28,167.25692749023438,167.424513091262,165.4826438930684,166.08393356927388,55275900,0.007541104636434648,0.007512812653044108,0.7541104636434648,0.7512812653044109
2023-05-01,167.16819763183594,168.0159171618742,166.23176694003394,166.86262693627947,52472900,-0.000530500348953411,-0.0005306411140496875,-0.0530500348953411,-0.05306411140496876
2023-05-02,166.13319396972656,167.91735928630777,165.14747425578494,167.6610625345139,48425700,-0.0061913909270518985,-0.006210637069240803,-0.6191390927051899,-0.6210637069240803
2023-05-03,165.05877685546875,168.47922575134587,164.77292473257992,167.07950544573387,65136000,-0.006467203143362132,-0.006488206104191837,-0.6467203143362132,-0.6488206104191837
2023-05-04,163.4224853515625,164.6546351492701,161.9636242025262,162.53534351356944,81235400,-0.009913386825464277,-0.009962851625271543,-0.9913386825464277,-0.9962851625271543
2023-05-05,171.0913848876953,171.8109560965244,168.32149974515366,168.5383592942621,113453200,0.04692683212860893,0.045859046092680315,4.692683212860893,4.585904609268032
2023-05-08,171.0223846435547,171.36739258858663,169.65223472844943,170.0169462399646,55962800,-0.00040329467311239764,-0.00040337601828052856,-0.040329467311239764,-0.040337601828052856
2023-05-09,169.3170928955078,171.06180609803263,169.14952233576255,170.57881302608763,45326900,-0.009971161094502579,-0.010021206070204545,-0.9971161094502579,-1.0021206070204545
2023-05-10,171.08151245117188,171.54480192353225,169.44521410372417,170.5492304195713,53724500,0.010420799964673044,0.010366877713866471,1.0420799964673044,1.0366877713866471
2023-05-11,171.26878356933594,172.0967844383617,169.71134476851833,171.36736154745756,49514700,0.0010946309480255323,0.0010940322764124992,0.10946309480255323,0.10940322764124992
2023-05-12,170.34095764160156,171.8117019924622,168.79122976444327,171.3773829679925,45533100,-0.005417367417447472,-0.005432094564641499,-0.5417367417447472,-0.5432094564641499
2023-05-15,169.84742736816406,170.97270170588305,169.25517137496644,170.92334452950067,37266700,-0.0028973083178027714,-0.0029015136402549997,-0.28973083178027714,-0.29015136402549996
2023-05-16,169.84742736816406,170.9035986466086,169.58091066505557,169.76845889829133,42110300,0.0,0.0,0.0,0.0
2023-05-17,170.45938110351562,170.6962714054677,168.21869827349877,169.49204389326178,57951600,0.0036029614627313133,0.003596486345484815,0.36029614627313133,0.3596486345484815
2023-05-18,172.78890991210938,172.97645812210007,170.35081330561755,170.76538642479474,65496700,0.013666181312597114,0.013573641216674875,1.3666181312597114,1.3573641216674874
2023-05-19,172.8975067138672,174.11161490131875,172.68034719263906,174.11161490131875,55809500,0.0006284940498382241,0.0006282966301666115,0.06284940498382241,0.06282966301666115
2023-05-22,171.94992065429688,172.45334281427654,171.20960812415922,171.7327611071874,43570900,-0.005480623044139654,-0.005495696759410971,-0.5480623044139654,-0.5495696759410971
2023-05-23,169.34397888183594,171.1404774028389,169.0675968111729,170.89370662105455,50747300,-0.015155236841895126,-0.015271251085083724,-1.5155236841895126,-1.5271251085083724
2023-05-24,169.62039184570312,170.19290197111815,168.31744971265542,168.88007936551583,45143500,0.0016322574070382068,0.0016309267227328777,0.16322574070382068,0.16309267227328778
2023-05-25,170.7555389404297,171.65377326209193,169.47232768730396,170.18302884098296,56058300,0.006692279639108234,0.006669985745099554,0.6692279639108234,0.6669985745099554
2023-05-26,173.16397094726562,173.4995906286618,170.87394612033412,171.0812401864408,54835000,0.014104561537392701,0.01400601773968263,1.4104561537392701,1.400601773968263
2023-05-30,175.00985717773438,176.67803022234617,174.28929064745816,174.6742524991613,55964400,0.010659759188768492,0.010603344512902945,1.0659759188768492,1.0603344512902946
2023-05-31,174.96051025390625,177.03339115324283,174.47683402760893,175.03947872320146,99625300,-0.00028196653962186957,-0.0002820062996607788,-0.028196653962186957,-0.02820062996607788
2023-06-01,177.7637939453125,177.79340523372372,174.64460769798924,175.40466591116137,68901800,0.016022379492024008,0.015895375972776793,1.6022379492024008,1.5895375972776793
2023-06-02,178.6127166748047,179.43199760539318,176.94454352013497,178.69168514468382,61996900,0.004775565994914244,0.004764199153995755,0.47755659949142437,0.47641991539957546
2023-06-05,177.2603759765625,182.561007136821,175.74025964458482,180.27098229225282,121946500,-0.007571357311049409,-0.007600165540533715,-0.7571357311049409,-0.7600165540533715
2023-06-06,176.89520263671875,177.79343698174293,175.13818052764557,177.64538051324874,64848400,-0.0020600957085413762,-0.002062220624560692,-0.20600957085413762,-0.2062220624560692
2023-06-07,175.5231475830078,178.86935913776645,175.02960596689772,176.135134367242,61944600,-0.007756315791834445,-0.007786552460746041,-0.7756315791834445,-0.7786552460746041
2023-06-08,178.2376251220703,178.50412674833163,175.1677956906412,175.60209965770608,50214900,0.015465068718522046,0.015346703335912587,1.5465068718522046,1.5346703335912588
2023-06-09,178.62258911132812,179.87617397731293,178.2968498358667,179.1556074319137,48900000,0.0021598357192773587,0.0021575066271448985,0.21598357192773587,0.21575066271448984
2023-06-12,181.41598510742188,181.51469943599687,178.63241876957142,178.9285466936045,54274900,0.01563853715250274,0.015517515335754491,1.563853715250274,1.551751533575449
2023-06-13,180.94224548339844,181.77139187803073,180.08348779336475,180.43883839987808,54929100,-0.002611344439923058,-0.0026147599471546316,-0.2611344439923058,-0.2614759947154632
2023-06-14,181.57394409179688,182.00826309164242,179.668880824476,181.00143405215442,57462900,0.0034911615400308182,0.0034850815822155537,0.3491161540030818,0.34850815822155534
2023-06-15,183.60736083984375,184.1107829667957,181.40616927858855,181.58385210624687,65433200,0.011198835594047774,0.01113659290074208,1.1198835594047774,1.1136592900742082
2023-06-16,182.5314178466797,184.57468723659963,181.88981981135748,184.31803597311566,101256200,-0.005860021015729244,-0.005877258312483747,-0.5860021015729244,-0.5877258312483747
2023-06-20,182.6202850341797,183.69621733182024,182.02804406160988,182.02804406160988,49799100,0.00048685967899864124,0.00048674120127824744,0.048685967899864124,0.048674120127824745
2023-06-21,181.5838165283203,183.01508403325016,180.2315024183292,182.51166200493424,49515700,-0.005675538758826204,-0.00569170582917011,-0.5675538758826204,-0.5691705829170111
2023-06-22,184.58453369140625,184.63389085713814,181.29754526800113,181.36664831236425,51245300,0.01652524558882118,0.016390189576012622,1.652524558882118,1.6390189576012621
2023-06-23,184.26869201660156,185.13733008755815,182.62026481317798,183.15329819733586,53117000,-0.0017110950115285517,-0.0017125606066847733,-0.17110950115285517,-0.17125606066847732
2023-06-26,182.87689208984375,185.62098193195177,182.83740033087778,184.41673933227065,48088700,-0.0075531003749265135,-0.007581769489260771,-0.7553100374926514,-0.7581769489260771
2023-06-27,185.630859375,185.9565986299679,183.27173119056016,183.48889069387212,50730800,0.015059132149967125,0.01494686907263289,1.5059132149967125,1.4946869072632891
2023-06-28,186.8054962158203,187.44709427325768,185.17681495512898,185.50253915791174,51216800,0.0063278101753942995,0.006307873643446248,0.63278101753943,0.6307873643446248
2023-06-29,187.14109802246094,187.61490879718235,186.49949997485513,186.63769101872532,46347300,0.0017965306880098897,0.0017949188569340011,0.17965306880098897,0.1794918856934001
2023-06-30,191.46453857421875,191.96794560784363,188.78953634841974,189.1547673916645,85213200,0.023102571254759452,0.022839747099442222,2.310257125475945,2.2839747099442222
2023-07-03,189.97402954101562,191.37568580561538,189.28305928715224,191.27697146600818,31458200,-0.007784778551174654,-0.007815238123382867,-0.7784778551174654,-0.7815238123382867
2023-07-05,188.858642578125,190.48732393792235,188.15780683402295,189.09554798353173,46920300,-0.005871260222175878,-0.005888563833051159,-0.5871260222175878,-0.5888563833051159
2023-07-06,189.33242797851562,189.53972207962792,186.756140199604,187.3878728511301,45094300,0.002508677357429656,0.0025055358792610075,0.2508677357429656,0.2505535879261007
2023-07-07,188.217041015625,190.1813422528557,187.7827370048323,188.93762268666168,46815000,-0.005891156495479999,-0.0059085778127405866,-0.5891156495479999,-0.5908577812740586
2023-07-10,186.1737823486328,187.5359621262765,184.6240543335807,186.81538047079187,59922200,-0.010855864357269152,-0.010915219209095692,-1.0855864357269152,-1.0915219209095692
2023-07-11,185.650634765625,186.85487763479418,184.1897556525184,186.71668657087457,46638100,-0.0028099959962577525,-0.0028139514466114296,-0.28099959962577525,-0.28139514466114296
2023-07-12,187.31875610351562,189.22381917553403,186.03554511598557,187.229907181424,60750200,0.008985271394286176,0.008945144034293216,0.8985271394286176,0.8945144034293216
2023-07-13,188.07882690429688,188.72044002337208,187.32864909209994,188.03935020331573,41342300,0.004057633184160192,0.004049423191896254,0.4057633184160192,0.4049423191896254
2023-07-14,188.2268829345703,188.71054402484233,187.1805772351739,187.7728180713282,41616200,0.0007872020083832254,0.0007868923273925657,0.07872020083832254,0.07868923273925657
2023-07-17,191.48426818847656,191.81000743962883,189.33241906132668,189.421252931179,50520200,0.01730563245335448,0.01715759547121938,1.730563245335448,1.715759547121938
2023-07-18,191.2276153564453,191.81987127398517,189.93453883356673,190.85253399958415,48288200,-0.00134033377498477,-0.001341232825740809,-0.134033377498477,-0.1341232825740809
2023-07-19,192.57992553710938,195.6694855056854,190.1615598085878,190.60575926840173,80507300,0.00707173060827726,0.007046843183934467,0.707173060827726,0.7046843183934467
2023-07-20,190.6353759765625,193.93223012421538,190.01350876450033,192.57005054034346,59581200,-0.01009736375753334,-0.010148687919739005,-1.009736375753334,-1.0148687919739006
2023-07-21,189.46075439453125,192.45161532627134,188.75991868585442,191.59285775033445,71951700,-0.006161613897809115,-0.006180674979073593,-0.6161613897809115,-0.6180674979073593
2023-07-24,190.26028442382812,192.3923877240068,189.76674282999198,190.9117629424984,45377800,0.004220029799057778,0.004211150445298374,0.42200297990577784,0.4211150445298374
2023-07-25,191.11903381347656,191.92844922240585,190.4280786239598,190.83278632842445,37283200,0.004513550435651936,0.0045033949137250106,0.4513550435651936,0.45033949137250107
2023-07-26,191.98768615722656,193.11296042478057,190.8229351880455,191.1684052777898,47471900,0.004545085470648358,0.004534787760539345,0.4545085470648358,0.4534787760539345
2023-07-27,190.72421264648438,194.65279947329122,190.06286872536143,193.48804855415668,47460200,-0.006581013272421443,-0.006602763618998237,-0.6581013272421443,-0.6602763618998237
2023-07-28,193.3004913330078,194.0901608500724,191.63231843190331,192.15547128634879,48291400,0.013507874279699683,0.013417456272631691,1.3507874279699683,1.3417456272631691
2023-07-31,193.9124755859375,193.9519673452193,192.7378442652397,193.52751377225187,38824100,0.0031659736025988483,0.0031609724610472114,0.31659736025988483,0.3160972461047211
2023-08-01,193.08335876464844,194.1888872056883,192.7576194786216,193.70522604358104,35175100,-0.004275727071111568,-0.0042848941320037205,-0.4275727071111568,-0.42848941320037204
2023-08-02,190.0924835205078,192.65889079076135,189.37191700535638,192.52069974591456,50389300,-0.015490072594947168,-0.015611297251356345,-1.5490072594947168,-1.5611297251356344
2023-08-03,188.70069885253906,189.885195713569,188.22690312046603,189.09554118067888,61235200,-0.007321618625802162,-0.007348553225895251,-0.7321618625802162,-0.7348553225895251
2023-08-04,179.63926696777344,184.9596445164711,179.57016391801557,183.12366926443607,115956800,-0.04802012891243568,-0.049211388229889054,-4.802012891243567,-4.9211388229889055
2023-08-07,176.53982543945312,180.76454006954836,175.05920073091434,179.7774569305225,97576100,-0.017253697260278478,-0.017404276844739552,-1.7253697260278478,-1.7404276844739552
2023-08-08,177.47756958007812,177.94149990785485,175.2862435821482,177.3689898212007,67823000,0.00531179941008042,0.005297741563261952,0.531179941008042,0.5297741563261952
2023-08-09,175.88836669921875,178.59296516430098,174.72360063232372,178.53374257918168,60378500,-0.008954387219858417,-0.008994718688008252,-0.8954387219858417,-0.8994718688008252
2023-08-10,175.67120361328125,178.41529378720278,175.30598763799586,177.16169386807627,54686900,-0.0012346642931130303,-0.0012354271190252969,-0.12346642931130303,-0.12354271190252969
2023-08-11,175.73048400878906,176.55087114534,174.50485775151037,175.26594233781003,52036700,0.00033745084162073447,0.0003373939178910928,0.033745084162073447,0.03373939178910928
2023-08-14,177.38116455078125,177.60849603671858,175.2560608313475,175.90841909398483,43675600,0.009393250984898183,0.009349408736523039,0.9393250984898183,0.9349408736523038
2023-08-15,175.39443969726562,177.40092323969566,174.99907927707545,176.8078826094104,43622600,-0.011200314636263808,-0.011263510478866336,-1.1200314636263808,-1.1263510478866336
2023-08-16,174.52464294433594,176.47180884084688,174.45544657600635,175.07815356283987,46964900,-0.004959089663452154,-0.004971426752651905,-0.4959089663452154,-0.4971426752651905
2023-08-17,171.98439025878906,175.4537251155125,171.47040969711574,175.08801600845376,66062900,-0.014555266480946627,-0.014662233597547468,-1.4555266480946627,-1.466223359754747
2023-08-18,172.46875,173.0716844916875,169.96805819399307,170.30411608587545,61172200,0.0028163005984560563,0.002812342254109064,0.28163005984560563,0.28123422541090637
2023-08-21,173.80311584472656,174.0897650131681,171.72745069652257,173.04204616473623,46311900,0.0077368557766352986,0.007707079791038472,0.7736855776635299,0.7707079791038473
2023-08-22,175.177001953125,175.62178623446252,174.20835828322907,175.00897300604348,42038900,0.007904841646370953,0.007873762064320824,0.7904841646370953,0.7873762064320824
2023-08-23,179.02194213867188,179.44696895877536,176.2642675025049,176.45206899868776,52722800,0.021948886798369482,0.021711477613378345,2.1948886798369482,2.1711477613378345
2023-08-24,174.33685302734375,179.00217866700072,173.9711287799832,178.57715186115848,54945800,-0.026170474162876767,-0.026519015466112784,-2.6170474162876767,-2.6519015466112785
2023-08-25,176.541015625,177.07475372946672,173.78334110152613,175.3252679389123,51449600,0.012643124843549458,0.012563867878647168,1.2643124843549458,1.2563867878647168
2023-08-28,178.1027069091797,178.49806733287568,176.48170504077262,178.003859262239,43820700,0.008846053585060076,0.008807156475349532,0.8846053585060076,0.8807156475349532
2023-08-29,181.98715209960938,182.75811538578077,177.42067493043544,177.61835511729424,53003900,0.021810141226042523,0.021575702729316575,2.1810141226042523,2.1575702729316575
2023-08-30,185.47630310058594,185.6739984160231,182.60002327821,182.7977035116121,60813900,0.0191725127885225,0.018991036073064682,1.91725127885225,1.8991036073064682
2023-08-31,185.69371032714844,186.9292303353549,185.30822868786927,185.664059053514,60794500,0.0011721563505855404,0.0011714699116872104,0.11721563505855404,0.11714699116872104
2023-09-01,187.2653350830078,187.7199980774023,186.09899615427736,187.29498636168424,45766500,0.008463532518632633,0.008427917637992059,0.8463532518632633,0.8427917637992058
2023-09-05,187.50254821777344,187.7793035443977,185.43676200045883,186.09899903788357,45280000,0.0012667220799860157,0.0012659204644500425,0.12667220799860157,0.12659204644500424
2023-09-06,180.7911834716797,186.66237722656214,179.36786194540127,186.21757793807612,81755800,-0.035793458861683725,-0.03644975302790532,-3.5793458861683725,-3.644975302790532
2023-09-07,175.50315856933594,176.14563807720947,171.5297216636145,173.1507234483217,112488800,-0.029249351659740075,-0.029685642494961525,-2.9249351659740075,-2.9685642494961524
2023-09-08,176.11598205566406,178.15213198996554,175.7305003611282,176.2840260730559,65551300,0.003491808872978286,0.0034857266628734473,0.3491808872978286,0.34857266628734473
2023-09-11,177.2823028564453,178.21141635408188,175.2856982178241,177.98408488615974,58953100,0.006622458604651937,0.006600626460971735,0.6622458604651937,0.6600626460971735
2023-09-12,174.25779724121094,178.0434334916735,172.79494533569144,177.4108476610135,90370200,-0.017060392190885953,-0.01720759733558879,-1.7060392190885953,-1.7207597335588791
2023-09-13,172.1919708251953,175.24617287306006,171.96462426919445,174.46531572894506,84267900,-0.011855001318282876,-0.011925832203126211,-1.1855001318282876,-1.1925832203126212
2023-09-14,173.70423889160156,174.06006926639952,171.56925664281374,171.98438956640607,60895800,0.008782454020120678,0.00874411259514985,0.8782454020120678,0.874411259514985
2023-09-15,172.98268127441406,174.45542656560403,171.80647888602266,174.4356540223445,109259500,-0.004153943633107171,-0.004162595224086918,-0.4153943633107171,-0.4162595224086918
2023-09-18,175.9084014892578,177.30207170667876,174.12924962468128,174.4356561798522,67257600,0.016913370710230247,0.016771932229084532,1.6913370710230247,1.6771932229084532
2023-09-19,176.9956817626953,177.54919237650395,175.07815207769175,175.46363376102514,51826900,0.006180945675320126,0.0061619219799735605,0.6180945675320126,0.616192197997356
2023-09-20,173.45716857910156,177.61839243619755,173.3681996565953,177.1834868845125,58436200,-0.019992087650691714,-0.020194633524287825,-1.9992087650691714,-2.0194633524287826
2023-09-21,171.91517639160156,174.257732414101,171.8459951187846,172.5280045272833,63149100,-0.008889757627957628,-0.008929507275136049,-0.8889757627957628,-0.8929507275136049
2023-09-22,172.76527404785156,175.02875576323612,172.0338556569529,172.6466689211189,56725400,0.004944866847087281,0.004932681147617234,0.49448668470872814,0.4932681147617234
2023-09-25,174.040283203125,174.9199727999802,172.13263256691485,172.18205638108142,46172700,0.007380008293335072,0.0073529092777614964,0.7380008293335072,0.7352909277761497
2023-09-26,169.9680633544922,173.17052232124786,169.6715354659317,172.79493440563715,64588900,-0.023398145381549718,-0.023676228300011048,-2.3398145381549718,-2.3676228300011046
2023-09-27,168.45574951171875,171.0355161486817,167.09174554279588,170.6203831944849,66921800,-0.00889763531410781,-0.008937455651735182,-0.889763531410781,-0.8937455651735182
2023-09-28,168.71275329589844,170.03722730338785,165.67830850769053,167.37838547451082,56294400,0.0015256456661445483,0.0015244830511373837,0.15256456661445483,0.15244830511373836
2023-09-29,169.22671508789062,171.06516950648842,168.3667828862352,170.027329658855,51861100,0.00304637190699375,0.003041741118448322,0.304637190699375,0.30417411184483223
2023-10-02,171.73728942871094,172.28092127496365,168.94994891630552,169.2365980179806,52164500,0.014835567419224649,0.014726596827285516,1.483556741922465,1.4726596827285516
2023-10-03,170.40292358398438,171.61868620307462,168.84123947337378,170.26454593815689,49594600,-0.007769808462479877,-0.007800150695331588,-0.7769808462479877,-0.7800150695331588
2023-10-04,171.6483612060547,172.19199313339385,168.98951921036945,169.10812432832188,53020300,0.007308780834716755,0.007282201127666692,0.7308780834716755,0.7282201127666692
2023-10-05,172.88388061523438,173.41761872545223,170.67970163713667,171.77684421895017,48527900,0.007197967988150644,0.007172186260014719,0.7197967988150644,0.7172186260014719
2023-10-06,175.43397521972656,175.9281832590251,171.17388925206592,171.78671747657816,57266700,0.014750331814725959,0.01464260372841646,1.4750331814725959,1.464260372841646
2023-10-09,176.9165802001953,176.97588274537105,173.76353083741722,174.761825539281,42390800,0.008451071000425303,0.008415560626757428,0.8451071000425303,0.8415560626757428
2023-10-10,176.3235321044922,177.63812721273464,175.88862664528037,176.0368980965743,43698000,-0.0033521340681130773,-0.003357765056926209,-0.33521340681130773,-0.3357765056926209
2023-10-11,177.71722412109375,177.76664794425923,175.54271164011269,176.13575227199846,47551100,0.007904174785788864,0.007873100433604173,0.7904174785788864,0.7873100433604172
2023-10-12,178.61668395996094,180.227791982292,176.96601576479657,177.98409824545533,56743100,0.005061185505881527,0.005048420758239726,0.5061185505881527,0.5048420758239726
2023-10-13,176.77822875976562,179.82253713140665,176.07644667980117,179.31845034069394,51427100,-0.010292740630026609,-0.010346077186746272,-1.0292740630026609,-1.0346077186746272
2023-10-16,176.6497344970703,177.0055649122618,174.46532818230494,174.70255348644375,52517000,-0.0007268670106992392,-0.0007271313066046043,-0.07268670106992392,-0.07271313066046044
2023-10-17,175.09791564941406,176.35320838797153,172.77514673671925,174.60370757241088,57549400,-0.008784722219222996,-0.008823535367126881,-0.8784722219222996,-0.8823535367126881
2023-10-18,173.80311584472656,175.52296560926894,173.08157618002008,173.54613304029243,54764400,-0.00739471854867757,-0.007422195017521547,-0.739471854867757,-0.7422195017521547
2023-10-19,173.427490234375,175.7799102245973,173.16061367257353,174.00075828264139,59302900,-0.002161213327654843,-0.0021635521195383822,-0.2161213327654843,-0.21635521195383822
2023-10-20,170.87738037109375,173.38795063159753,170.64015507731645,173.2792242572037,64244000,-0.014704184785439445,-0.014813362882294722,-1.4704184785439445,-1.4813362882294723
2023-10-23,170.99598693847656,171.99428177951037,167.96154224302492,168.93020088937016,55980100,0.000694103380595168,0.0006938626022539561,0.0694103380595168,0.06938626022539561
2023-10-24,171.43087768554688,171.65820914819068,169.46392436745393,171.04539603931104,43816600,0.0025432804293048505,0.0025400517647414275,0.25432804293048505,0.2540051764741427
2023-10-25,169.1180419921875,171.05532957477058,168.6732425730708,169.88900553166965,57157000,-0.013491360043094258,-0.013583195365315206,-1.3491360043094258,-1.3583195365315206
2023-10-26,164.95677185058594,169.39476582537458,163.75090293239452,168.3964558542296,70625300,-0.024605713811384988,-0.024913493639464063,-2.460571381138499,-2.4913493639464064
2023-10-27,166.2713623046875,167.00279566914165,164.89746448966903,164.97653958977486,58499100,0.007969302741279938,0.007937715555773077,0.7969302741279938,0.7937715555773076
2023-10-30,168.31736755371094,169.18717852998205,166.91381853056686,167.06208999172168,51131000,0.012305217330656149,0.012230123546515724,1.2305217330656149,1.2230123546515723
2023-10-31,168.79183959960938,168.92032345051314,165.95507483465602,167.3882903979478,44846000,0.0028189131804656764,0.0028149474955723895,0.28189131804656764,0.28149474955723897
2023-11-01,171.95474243164062,172.2117251766134,168.14933458405196,169.01914553939386,56934900,0.018738481904895243,0.018565079403396616,1.8738481904895243,1.8565079403396616
2023-11-02,175.5130615234375,175.7206204672586,173.42750286114074,173.4868054165182,77334800,0.020693346641552868,0.02048214797906256,2.0693346641552868,2.048214797906256
2023-11-03,174.60369873046875,174.77174274032964,171.34193765305042,172.22162738228718,79829200,-0.005181168769295974,-0.00519463756708947,-0.5181168769295974,-0.5194637567089471
2023-11-06,177.15382385253906,177.35150406781844,174.16881791314302,174.33684685023218,63841300,0.014605218220530736,0.014499589268047465,1.4605218220530736,1.4499589268047464
2023-11-07,179.71383666992188,180.32664987384885,176.89684453064555,177.10440348202485,70530000,0.014450790627662302,0.014347373072444006,1.4450790627662302,1.4347373072444005
2023-11-08,180.7714385986328,181.32494925868284,179.48649451949703,180.23770048559436,49340300,0.005884922097865175,0.0058676735815168714,0.5884922097865175,0.5867673581516871
2023-11-09,180.2969970703125,181.98718027395728,179.70394133589065,180.8406289798602,53763500,-0.002624538101805518,-0.002627988239930886,-0.2624538101805518,-0.26279882399308857
2023-11-10,184.4835205078125,184.65178594080095,181.6430332739287,182.07851182586327,66133400,0.0232201506709917,0.0229546648639784,2.32201506709917,2.29546648639784
2023-11-13,182.8999481201172,184.11729742228064,182.31601793716675,183.9094650326421,43627500,-0.008583814875910534,-0.008620868005331085,-0.8583814875910534,-0.8620868005331085
2023-11-14,185.5128173828125,186.17592689168708,184.38453902262373,185.7701387274506,60108400,0.014285784602734442,0.01418470431859362,1.4285784602734442,1.418470431859362
2023-11-15,186.0769500732422,187.55163591900057,185.84931907084464,185.91860660743325,53790500,0.003040936461363719,0.0030363221662348563,0.3040936461363719,0.3036322166234856
2023-11-16,187.7594757080078,188.9966236513369,186.7103615664657,187.6209157424311,54412900,0.009042095939896688,0.00900146095699243,0.9042095939896688,0.9001460956992431
2023-11-17,187.7396697998047,188.42257785422723,186.63119011836693,188.29390964052354,50922700,-0.00010548553210665279,-0.00010549109609667844,-0.010548553210665279,-0.010549109609667843
2023-11-20,189.4815673828125,189.93684445013852,187.92771748948175,187.93760923589429,46505100,0.009278260608774236,0.009235481952905293,0.9278260608774236,0.9235481952905293
2023-11-21,188.6798858642578,189.55084275358138,187.78914548337832,189.44197314241592,38134500,-0.0042309208733483095,-0.004239896544917053,-0.42309208733483095,-0.42398965449170534
2023-11-22,189.34298706054688,190.94632571731435,188.8679265514864,189.52114419013287,39617700,0.0035144244085780763,0.003508263250180174,0.3514424408578076,0.3508263250180174
2023-11-24,188.01678466796875,188.93721542830764,187.30418629136327,188.9075250877743,24048300,-0.007004232969843427,-0.007028877755560255,-0.7004232969843427,-0.7028877755560256
2023-11-27,187.838623046875,188.7095799535061,186.95777439426936,187.9672912540552,40552600,-0.0009475835969027235,-0.0009480328380574039,-0.09475835969027235,-0.0948032838057404
2023-11-28,188.44236755371094,189.11538388382388,187.45264920500045,187.82874701011957,38415400,0.0032141659528950317,0.003209011563264529,0.32141659528950317,0.3209011563264529
2023-11-29,187.42295837402344,190.11499348364924,187.02707707633283,188.93722623545,43014200,-0.005409660220899837,-0.0054243454179812925,-0.5409660220899837,-0.5424345417981292
2023-11-30,187.9969940185547,188.36320007044645,186.2550951920731,187.88812439803064,48794400,0.003062781899887179,0.003058101138403024,0.3062781899887179,0.3058101138403024
2023-12-01,189.2737274169922,189.59042941044567,187.2843840288066,188.37308016671426,45704800,0.006791243685053239,0.0067682870670406564,0.6791243685053239,0.6768287067040657
2023-12-04,187.48231506347656,188.09595062883508,185.52267721747734,188.0266631045601,43389500,-0.009464664631287811,-0.009509739205525012,-0.9464664631287811,-0.9509739205525012
2023-12-05,191.43128967285156,192.4012092663407,188.22459731438218,188.2543027537032,66628400,0.021063184589106276,0.02084442227175246,2.1063184589106276,2.084442227175246
2023-12-06,190.34262084960938,192.7575206909756,190.1347733725338,192.45071045016567,41089700,-0.005686995188209143,-0.005703227717476684,-0.5686995188209143,-0.5703227717476684
2023-12-07,192.27259826660156,192.9950884718347,191.59958189996593,191.63917909312914,47477700,0.010139491661812716,0.010088431873033463,1.0139491661812716,1.0088431873033463
2023-12-08,193.69775390625,193.97487379172213,191.67872033849463,192.20326977184553,53406400,0.0074121619642979475,0.007384826883398701,0.7412161964297947,0.7384826883398701
2023-12-11,191.19375610351562,191.50058143348204,189.45185749474888,191.12448368196934,60943700,-0.012927345579579197,-0.013011630889631783,-1.2927345579579197,-1.3011630889631782
2023-12-12,192.7080535888672,192.71794533501543,189.748790485074,191.09480795445688,52696900,0.007920224573294554,0.007889024228862462,0.7920224573294554,0.7889024228862461
2023-12-13,195.92465209960938,195.96423418895137,192.8466274130704,193.08415015292962,70404200,0.01669156244816139,0.016553789305322097,1.669156244816139,1.6553789305322097
2023-12-14,196.07310485839844,197.567574144968,194.14315707722483,195.98403383047588,66831600,0.0007577033170567127,0.0007574164048187955,0.07577033170567127,0.07574164048187955
2023-12-15,195.5386505126953,196.36010340669733,194.97450383643803,195.4990533238864,128538400,-0.002725791209809758,-0.002729512943320295,-0.2725791209809758,-0.2729512943320295
2023-12-18,193.87591552734375,194.60831249977454,192.39133809002112,194.0738561652729,55751900,-0.008503357167454761,-0.00853971697603159,-0.8503357167454761,-0.8539716976031589
2023-12-19,194.91513061523438,194.92502236186388,193.87592334681435,194.1431515248431,40714100,0.005360207249383908,0.0053458924691804815,0.5360207249383908,0.5345892469180481
2023-12-20,192.82684326171875,195.64753172216422,192.82684326171875,194.87555255598716,52242800,-0.01071382886964245,-0.01077163518959855,-1.071382886964245,-1.077163518959855
2023-12-21,192.67835998535156,195.05369307239374,191.51049958819766,194.08377332368417,46482500,-0.0007700342641903113,-0.0007703308928602601,-0.07700342641903113,-0.07703308928602601
2023-12-22,191.60946655273438,193.40085423729087,190.98593919883143,193.17320815773428,37149600,-0.005547553096769353,-0.005562997916573773,-0.5547553096769353,-0.5562997916573773
2023-12-26,191.0651092529297,191.89646895007564,190.8473700319769,191.61934905102697,28919300,-0.002840972889274651,-0.002845016112360613,-0.2840972889274651,-0.2845016112360613
2023-12-27,191.1641082763672,191.51051576683653,189.1252907315366,190.51090559150927,48087700,0.0005181428667149213,0.0005180086770507015,0.05181428667149213,0.05180086770507014
2023-12-28,191.5896759033203,192.65857351066379,191.18388776405135,192.14391575114956,34049900,0.0022261900039199922,0.0022237157144317965,0.22261900039199922,0.22237157144317965
2023-12-29,190.55047607421875,192.40124458871406,189.75869835988954,191.90638540499626,42672100,-0.005424090960026273,-0.005438854752367252,-0.5424090960026273,-0.5438854752367251
2024-01-02,183.73129272460938,186.50250680575422,181.99928581163158,185.2257618242656,82488700,-0.035786755772540424,-0.03644280112957468,-3.5786755772540424,-3.644280112957468
2024-01-03,182.3555908203125,183.96883642924203,181.5440145919006,182.32590048043423,58414500,-0.007487575381940448,-0.007515747992286417,-0.7487575381940448,-0.7515747992286417
2024-01-04,180.03965759277344,181.2075179249861,179.0202489631632,180.27718031693732,71983600,-0.012700094453485189,-0.012781430033212502,-1.270009445348519,-1.2781430033212502
2024-01-05,179.31715393066406,180.88091065327836,178.31754388665928,180.1188384374096,62379700,-0.004013025084415478,-0.004021098877040124,-0.4013025084415478,-0.40210988770401246
2024-01-08,183.652099609375,183.69169679289456,179.63384629047616,180.21777638123424,59144500,0.024174740584981258,0.023887157161617465,2.417474058498126,2.3887157161617467
2024-01-09,183.23643493652344,183.24632668227045,180.8512103460259,182.0289774717032,42841800,-0.002263326549141964,-0.002265891743989306,-0.2263326549141964,-0.2265891743989306
2024-01-10,184.27566528320312,184.48349768333688,182.02900036017593,182.4545871112419,46792900,0.005671526773808333,0.005655504218855382,0.5671526773808333,0.5655504218855382
2024-01-11,183.6818389892578,185.12683453552387,181.73209248260326,184.6220684732307,49128400,-0.0032224889435764625,-0.0032276923426766573,-0.32224889435764625,-0.32276923426766574
2024-01-12,184.0084228515625,184.8199990991005,183.28593272766105,184.14698280822722,40477800,0.0017779866757745566,0.0017764079285156641,0.17779866757745566,0.17764079285156642
2024-01-16,181.7419891357422,182.3655014396163,179.06973745492456,180.28710192352952,65603000,-0.012317010714496535,-0.012393493768249993,-1.2317010714496535,-1.2393493768249992
2024-01-17,180.80172729492188,181.04915686376333,178.44620806884475,179.40623600410183,47317400,-0.005173608175477962,-0.005187037625421037,-0.5173608175477962,-0.5187037625421037
2024-01-18,186.69056701660156,187.1953179109023,183.91935276727983,184.17667408756796,78005800,0.032570704991517374,0.03205152291911354,3.2570704991517374,3.205152291911354
2024-01-19,189.59042358398438,189.97641309339812,186.87860527237555,187.3833561379468,68903000,0.015532957094318123,0.01541355556812408,1.5532957094318123,1.541355556812408
2024-01-22,191.896484375,193.32168117146784,190.2832386815117,190.32283587135973,60133900,0.01216338223957858,0.012090002735217644,1.216338223957858,1.2090002735217644
2024-01-23,193.1732177734375,193.73736447446063,191.83710707958323,193.01487431695855,42355600,0.006653240170583441,0.006631205050831661,0.6653240170583441,0.6631205050831661
2024-01-24,192.50022888183594,194.36090430723632,192.34187031331157,193.4107679979945,53631300,-0.0034838623043017547,-0.003489945084400839,-0.34838623043017547,-0.3489945084400839
2024-01-25,192.17361450195312,194.2520291241628,191.1245154438125,193.21282181305796,54822100,-0.0016966960599476,-0.0016981370789190021,-0.16966960599476,-0.1698137078919002
2024-01-26,190.4416046142578,192.75754194727924,189.9665440310004,192.2725896171282,44594000,-0.009012735136319727,-0.009053595528182091,-0.9012735136319727,-0.9053595528182091
2024-01-29,189.75869750976562,190.22386634852867,187.63080907007364,190.03581744325376,47145600,-0.0035859134135917126,-0.0035923582127038284,-0.35859134135917126,-0.35923582127038284
2024-01-30,186.10662841796875,189.82797900977772,185.54249682198056,188.97682064057707,55859400,-0.019245858765493118,-0.019433471383411952,-1.9245858765493118,-1.9433471383411953
2024-01-31,182.50405883789062,185.17631048108575,182.45458500160478,185.11691469411622,55467800,-0.01935755652929927,-0.019547367537609335,-1.935755652929927,-1.9547367537609335
2024-02-01,184.9387664794922,185.02783750412453,181.93002942176474,182.0982797244824,64885400,0.013340567092615663,0.01325236530278025,1.3340567092615663,1.3252365302780251
2024-02-02,183.93914794921875,185.40392677166545,177.4070012757119,178.01073002917815,102551700,-0.005405132462502293,-0.0054197930430884,-0.5405132462502293,-0.54197930430884
2024-02-05,185.7503204345703,187.30418539055444,183.9292424150712,186.21548923655902,69668800,0.009846585164413169,0.00979842343900241,0.9846585164413169,0.9798423439002409
2024-02-06,187.3536834716797,187.36357521832525,184.8496972971495,184.93876832266957,43490800,0.00863181841817684,0.008594777275893166,0.863181841817684,0.8594777275893165
2024-02-07,187.46255493164062,189.0856924097343,186.67077723703076,188.67990426473503,53439000,0.0005811012516196978,0.0005809324776673856,0.05811012516196978,0.05809324776673856
2024-02-08,186.38375854492188,187.59120098390878,185.42373058041275,187.44274927884152,40962000,-0.005754729989208451,-0.005771352249589325,-0.5754729989208451,-0.5771352249589325
2024-02-09,187.1468048095703,188.2765227675386,186.30446474496694,186.9485964735415,45155200,0.004093952555767055,0.004085595134162695,0.40939525557670553,0.4085595134162695
2024-02-12,185.46214294433594,186.9684387436886,185.10538907399385,186.72069342042812,41781900,-0.009001820078887168,-0.00904258126219806,-0.9001820078887168,-0.904258126219806
2024-02-13,183.3711395263672,184.53060074172208,181.85493962465304,184.094566630165,56529500,-0.011274556547081094,-0.011338596160226646,-1.1274556547081094,-1.1338596160226646
2024-02-14,182.48919677734375,183.85675578337245,180.79462725534452,183.64865818230027,54630500,-0.004809604997282668,-0.0048212083674325,-0.4809604997282668,-0.48212083674324996
2024-02-15,182.20181274414062,182.82613576875198,179.71445525689393,181.8946109768474,65434500,-0.0015748002527172789,-0.0015760415540074823,-0.15748002527172789,-0.15760415540074824
2024-02-16,180.6658172607422,183.18291849360295,180.03158976732098,181.7658072235232,49752500,-0.008430187714736803,-0.00846592272414222,-0.8430187714736803,-0.8465922724142219
2024-02-20,179.9225311279297,180.78467987026374,178.37660298808711,180.1504525533752,53665600,-0.004114149229124897,-0.00412263562526244,-0.4114149229124897,-0.412263562526244
2024-02-21,180.6757049560547,181.24055639365764,179.03067248659073,180.2991272502037,41371400,0.004186100670123816,0.004177363325828405,0.41861006701238157,0.4177363325828405
2024-02-22,182.70721435546875,183.29190480468338,180.81445159653885,181.82524161821627,52292200,0.011243954464758676,0.01118121109309854,1.1243954464758676,1.118121109309854
2024-02-23,180.87391662597656,183.37117869088894,180.58652357235425,183.3414504606763,45119700,-0.010034074111191837,-0.010084754739957687,-1.0034074111191837,-1.0084754739957686
2024-02-26,179.5261688232422,181.11172976770854,179.02075870271764,180.59643039937333,40867400,-0.007451310989861182,-0.007479210686876189,-0.7451310989861182,-0.7479210686876189
2024-02-27,180.98289489746094,182.2612539462515,177.94057546451762,179.4666949255866,54318900,0.008114282635045988,0.008081538852651811,0.8114282635045988,0.8081538852651812
2024-02-28,179.7838134765625,181.46847854843006,178.50545433930714,180.8639793914523,48953900,-0.006625385352454383,-0.006647430644309377,-0.6625385352454383,-0.6647430644309377
2024-02-29,179.11985778808594,180.92345088953732,177.9108594746495,179.63517226295397,136682600,-0.003693078234560443,-0.003699914484377478,-0.3693078234560443,-0.36999144843774784
2024-03-01,178.03970336914062,178.90185225837237,175.78026722267666,177.93069482167198,73563100,-0.006030344330795634,-0.006048600287306754,-0.6030344330795634,-0.6048600287306755
2024-03-04,173.5208282470703,175.30458245485661,172.2226300679557,174.56134649455421,81510100,-0.02538127752718755,-0.025708938339834165,-2.538127752718755,-2.5708938339834164
2024-03-05,168.58572387695312,170.48840604509627,168.0902332564625,169.21995126633416,95132400,-0.028440991320593856,-0.02885327224658554,-2.8440991320593856,-2.8853272246585537
2024-03-06,167.59475708007812,169.69564777442116,167.1587228770791,169.5172632726602,68587700,-0.005878118111580344,-0.005895462248502171,-0.5878118111580344,-0.5895462248502171
2024-03-07,167.475830078125,169.1902233947002,166.97043508778398,167.62447121611535,71765100,-0.0007096105154190679,-0.0007098624081317257,-0.0709610515419068,-0.07098624081317256
2024-03-08,169.19020080566406,172.13341591430694,167.41635127072408,167.47580771798204,76267000,0.010236526230318344,0.010184487822738779,1.0236526230318344,1.018448782273878
2024-03-11,171.1920166015625,172.80732093128213,170.49833272784605,171.38030546468005,60139500,0.011831747857535602,0.011762299985265977,1.1831747857535602,1.1762299985265976
2024-03-12,171.6676788330078,172.4604668624585,169.4676992338398,171.58839851794536,59825400,0.0027785304530432153,0.0027746774727359447,0.27785304530432153,0.27746774727359447
2024-03-13,169.5866241455078,171.62804307697533,169.21995080494636,171.21183277143888,52488700,-0.01212257718894405,-0.012196654911802239,-1.212257718894405,-1.2196654911802238
2024-03-14,171.4397735595703,172.73795670875472,170.49834430125284,171.35058886714742,72913500,0.01092745034226561,0.010868177168946301,1.092745034226561,1.08681771689463
2024-03-15,171.06317138671875,171.06317138671875,168.75418335618096,169.62625165850892,121752700,-0.0021967024630996645,-0.0021991187531841395,-0.21967024630996645,-0.21991187531841394
2024-03-18,172.15325927734375,176.107279800922,171.95506605696912,173.98658058844927,75604200,0.0063724288623217,0.006352210784237806,0.63724288623217,0.6352210784237806
2024-03-19,174.49197387695312,175.01719271038215,171.46947815172825,172.76766112194616,55215200,0.013585073029849681,0.013493623229149182,1.3585073029849681,1.349362322914918
2024-03-20,177.05860900878906,177.05860900878906,173.51089450186836,174.1352174960067,53423100,0.0147091873328562,0.014602056497503789,1.47091873328562,1.4602056497503788
2024-03-21,169.82444763183594,175.8892630091755,169.29922879245808,175.45322885093574,106181300,-0.04085743933859787,-0.04171555960835869,-4.085743933859787,-4.171555960835869
2024-03-22,170.7262420654297,171.48930183291895,168.52626256417108,170.21092760104455,71160100,0.005310156730488957,0.0052961075618163335,0.5310156730488957,0.5296107561816333
2024-03-25,169.30914306640625,170.3893089389317,167.92176032191367,169.03166954174233,54288300,-0.008300416982647274,-0.008335057262715655,-0.8300416982647274,-0.8335057262715655
2024-03-26,168.17945861816406,169.87402832990531,168.0506261984825,168.4668365684045,57388400,-0.006672318031868518,-0.00669467746080807,-0.6672318031868518,-0.6694677460808071
2024-03-27,171.7469482421875,172.0343412561863,168.575811446925,168.87310882923745,60273300,0.02121239807367381,0.020990547002518217,2.121239807367381,2.0990547002518216
2024-03-28,169.9334259033203,170.67666168943495,168.9721730769184,170.2009950202494,65672700,-0.010559269654735637,-0.010615414323438712,-1.0559269654735637,-1.0615414323438712
2024-04-01,168.4965362548828,169.70553455748254,167.9514935576168,169.6460781034487,46240500,-0.008455603368197728,-0.008491554786428934,-0.8455603368197728,-0.8491554786428934
2024-04-02,167.31727600097656,167.81276664190898,166.71277681419204,167.5551169522469,49329500,-0.006998721042683065,-0.0070233269646650595,-0.6998721042683065,-0.702332696466506
2024-04-03,168.1199493408203,169.14065873561202,167.05960735256843,167.26770493028647,47691700,0.004797312979438306,0.004785842543745332,0.4797312979438306,0.4785842543745332
2024-04-04,167.2974395751953,170.36947196785653,167.2974395751953,168.75416790697062,53704400,-0.00489239836705857,-0.004904405325841351,-0.489239836705857,-0.4904405325841351
2024-04-05,168.05059814453125,168.85329051832247,167.42627513328318,168.06050251317026,42104800,0.004501913306314664,0.00449181000604518,0.45019133063146644,0.449181000604518
2024-04-08,166.9307861328125,167.67402205960258,166.72268854116854,167.50555706407098,37425500,-0.006663540767380405,-0.006685841277271918,-0.6663540767380405,-0.6685841277271918
2024-04-09,168.13978576660156,168.5460917055098,166.83169838821917,167.17853275073267,42373800,0.007242520458911494,0.007216419357019694,0.7242520458911494,0.7216419357019694
2024-04-10,166.266845703125,167.56502882108228,165.60289002910008,167.27765088979615,49709300,-0.01113918430987193,-0.011201689629050332,-1.113918430987193,-1.120168962905033
2024-04-11,173.4613494873047,173.87757491447604,166.64340884278624,166.8217782077108,91070300,0.04327082620563871,0.04236080310420659,4.327082620563871,4.236080310420659
2024-04-12,174.957763671875,176.75143752987137,172.6388708981507,172.68840786964623,101670900,0.008626787402457259,0.008589789302903411,0.8626787402457259,0.8589789302903411
2024-04-15,171.13255310058594,175.0370216134587,170.94426424521788,173.77847120218846,73531800,-0.021863622916803327,-0.02210617379850767,-2.1863622916803327,-2.210617379850767
2024-04-16,167.85240173339844,172.19288913903023,166.7524119884344,170.20102235595408,73711200,-0.01916731391986848,-0.019353388417342954,-1.9167313919868478,-1.9353388417342954
2024-04-17,166.48486328125,169.11095775477588,166.48486328125,168.08034382587564,50901200,-0.008147267706782757,-0.008180638067429784,-0.8147267706782757,-0.8180638067429784
2024-04-18,165.5335235595703,167.1190998208078,165.04795235946295,166.51460057234328,43122900,-0.005714271573581731,-0.00573066048701273,-0.5714271573581731,-0.573066048701273
2024-04-19,163.51190185546875,164.89926951971245,162.6002009445124,164.7109957890585,68149400,-0.012212763074387456,-0.012287951666098657,-1.2212763074387456,-1.2287951666098658
2024-04-22,164.3443145751953,165.75150603037284,163.28397258003716,164.0272084619306,48116400,0.005090838711315104,0.005077924203828401,0.5090838711315104,0.5077924203828401
2024-04-23,165.39476013183594,165.54341638804536,163.43262154349364,163.85875133255257,49537800,0.006391736515837909,0.006371395996145804,0.6391736515837909,0.6371395996145804
2024-04-24,167.4956512451172,167.77312477902248,164.71099641624178,165.03800691456527,48251800,0.012702283383141166,0.012622286101403877,1.2702283383141166,1.2622286101403877
2024-04-25,168.35780334472656,169.07131105182287,166.63349053238153,168.0010494911784,50558300,0.005147310352241252,0.005134108234528753,0.5147310352241252,0.5134108234528754
2024-04-26,167.7731170654297,169.79471202253325,167.6541890412428,168.3478879652858,44838400,-0.0034728789974747265,-0.0034789234402100217,-0.34728789974747265,-0.34789234402100216
2024-04-29,171.93524169921875,174.44242297655094,171.53885525962073,171.80640930182136,68169400,0.024808054511891164,0.024505331163461923,2.4808054511891164,2.4505331163461923
2024-04-30,168.79383850097656,173.41181476528868,168.46681287321124,171.76678225756265,65934800,-0.018270851090189666,-0.018439824445961303,-1.8270851090189666,-1.8439824445961304
2024-05-01,167.7731170654297,171.15236652369296,167.58482822154218,168.05059058657778,50383100,-0.006047148667342905,-0.00606550671750057,-0.6047148667342905,-0.6065506717500571
2024-05-02,171.469482421875,171.8559644998941,169.34878317714927,170.95416794412498,94214900,0.022031928720760208,0.021792732703255813,2.2031928720760208,2.1792732703255813
2024-05-03,181.7261505126953,185.313497878847,181.01264278710423,184.9666483851495,163224100,0.05981628885765988,0.05809558070521248,5.981628885765988,5.809558070521248
2024-05-06,180.07118225097656,182.53871551128475,178.79280816471214,180.70540954983616,78569700,-0.009106935116655834,-0.009148656747563655,-0.9106935116655834,-0.9148656747563655
2024-05-07,180.7549591064453,183.2324120279765,179.68471275097576,181.79549235772294,77305800,0.0037972586558339128,0.0037900672684737288,0.3797258655833913,0.37900672684737285
2024-05-08,181.09190368652344,181.41892928578648,179.81352951475225,181.20091221961113,45057100,0.001864095910528718,0.0018623606398861753,0.1864095910528718,0.18623606398861753
2024-05-09,182.9053955078125,182.99458018096053,180.46757526022824,180.9135137471405,48983000,0.010014207064873881,0.009964397155102422,1.0014207064873881,0.9964397155102422
2024-05-10,181.64515686035156,183.66949389545601,180.7322193628195,183.48094965782863,50759500,-0.006890111928967713,-0.006913958349628152,-0.6890111928967713,-0.6913958349628152
2024-05-13,184.85035705566406,185.6640710757596,183.2030934113359,184.01680743143146,72044800,0.017645393087890815,0.017491520596128053,1.7645393087890815,1.7491520596128054
2024-05-14,185.9915313720703,186.8548647149755,184.8602810891409,186.07091921634225,52393600,0.00617350344669676,0.006154525441429719,0.617350344669676,0.6154525441429719
2024-05-15,188.2639923095703,189.18684774302332,185.9320213621053,186.46788560358823,70400000,0.012218088214747791,0.01214404983649866,1.221808821474779,1.214404983649866
2024-05-16,188.38302612304688,189.63336565724362,188.2044148419799,189.00819589014523,52845200,0.000632270738638363,0.0006320709397084693,0.0632270738638363,0.06320709397084694
2024-05-17,188.41281127929688,189.34559954047234,187.72810435814964,188.0555735439889,41282900,0.0001581095540452715,0.00015809705604708256,0.01581095540452715,0.015809705604708256
2024-05-20,189.57382202148438,190.44707314635468,187.5594028379898,187.87695420764547,44361300,0.006162058377582769,0.006143150530275499,0.6162058377582769,0.6143150530275499
2024-05-21,190.873779296875,191.25085261805762,189.4547462309282,189.62343971650407,42309400,0.006857261522338787,0.006833857435591549,0.6857261522338787,0.6833857435591549
2024-05-22,189.43490600585938,191.3401840301744,188.8097513226368,190.79440205142186,34648500,-0.007538349669168998,-0.0075669066324726185,-0.7538349669168998,-0.7566906632472619
2024-05-23,185.4457550048828,189.5341303535584,185.1976736824305,189.5142796080912,51005900,-0.021058162326499485,-0.021283048151604138,-2.1058162326499485,-2.128304815160414
2024-05-24,188.52195739746094,189.11735863774422,186.59684388111853,187.37087155015982,36327000,0.016588152112174903,0.016452071538371367,1.6588152112174903,1.6452071538371367
2024-05-28,188.53189086914062,191.5187845976106,187.64872194997955,190.04021443649896,52280100,5.2691324749831736e-05,5.26899366107415e-05,0.005269132474983174,0.00526899366107415
2024-05-29,188.82960510253906,190.77456966628964,188.05559245514976,188.15483105781396,53068000,0.0015791186945930402,0.0015778731976864677,0.15791186945930402,0.15778731976864677
2024-05-30,189.82191467285156,190.70508365256933,189.16699143181853,189.29598343446253,49889100,0.005255052933959448,0.005241293327213613,0.5255052933959448,0.5241293327213613
2024-05-31,190.77456665039062,191.09211806054816,188.45252874493116,189.9707854632458,75158300,0.005018661723968476,0.005006110218210186,0.5018661723968476,0.5006110218210186
2024-06-03,192.54087829589844,193.49351725389894,191.04247253185534,191.41954585254337,50080500,0.009258632723012417,0.009216034316523437,0.9258632723012417,0.9216034316523437
2024-06-04,192.85842895507812,193.82098571162214,191.54855228534223,193.14619663099631,47471400,0.001649263584908356,0.0016479050432458495,0.1649263584908356,0.16479050432458495
2024-06-05,194.3667755126953,195.38886948576234,193.37445009094603,193.9003813531384,54156800,0.007821004069096249,0.007790578552533994,0.7821004069096249,0.7790578552533993
2024-06-06,192.9874267578125,194.9919281725913,192.67980832687616,194.1881470745491,41181800,-0.007096628275302774,-0.007121929113227841,-0.7096628275302774,-0.7121929113227841
2024-06-07,195.3789520263672,195.4285713258788,192.65005711175448,193.15613762673084,53103900,0.012392129936816598,0.012315975988937432,1.2392129936816598,1.231597598893743
2024-06-10,191.6378631591797,195.7857909182053,190.6753063763642,195.3888517006261,97010200,-0.01914786023973869,-0.019333554772433058,-1.914786023973869,-1.9333554772433057
2024-06-11,205.5601806640625,205.57011360777915,192.14395345618084,192.16378906024917,172373300,0.07264909593214641,0.0701313793441919,7.264909593214641,7.01313793441919
2024-06-12,211.43478393554688,218.5100538646653,205.3121227860245,205.7785169434978,198134300,0.028578508018948234,0.028177759739209662,2.8578508018948234,2.8177759739209662
2024-06-13,212.5957794189453,215.08651049080893,209.97604121171418,213.09194207290335,97862700,0.005491033508244092,0.005476012745005043,0.5491033508244092,0.5476012745005042
2024-06-14,210.8592071533203,213.51863167298376,209.67833763090172,212.20877015870124,70122700,-0.008168423053229512,-0.008201967415400139,-0.8168423053229512,-0.8201967415400139
2024-06-17,215.00714111328125,217.26964179829142,211.08745883873982,211.7324642876032,93728300,0.01967158093762955,0.01948059597674771,1.9671580937629551,1.948059597674771
2024-06-18,212.64540100097656,216.95210469802018,211.36530791117931,215.92007781385274,79943300,-0.010984472888090457,-0.011045247672848127,-1.0984472888090457,-1.1045247672848126
2024-06-20,208.07078552246094,212.59580212894483,207.2471687535905,212.28816853161533,86172500,-0.021512882277170076,-0.021747657564473732,-2.1512882277170076,-2.174765756447373
2024-06-21,205.89759826660156,210.26382387597764,205.5205097773767,208.77533580800622,241805100,-0.010444461246217451,-0.010499387415819274,-1.0444461246217451,-1.0499387415819275
2024-06-24,206.5426025390625,211.06760381745957,205.00449518251241,206.12582769938734,80727000,0.003132645926378297,0.0031277494144885277,0.3132645926378297,0.31277494144885276
2024-06-25,207.46546936035156,209.75773850908567,207.0089930344414,207.54484206411715,55549700,0.004468166905733373,0.004458214283623168,0.4468166905733373,0.44582142836231675
2024-06-26,211.61337280273438,213.21101716086312,209.02340313251779,209.87680350658064,66213200,0.019993223234552993,0.01979598338641585,1.9993223234552993,1.979598338641585
2024-06-27,212.4568634033203,214.0842763709762,210.7202940415425,213.04233172557286,49772700,0.003985998566226057,0.00397807552112669,0.39859985662260566,0.397807552112669
2024-06-28,209.00355529785156,214.41174043740799,208.68601906723538,214.1140398112984,82542700,-0.016254161198422268,-0.016387709194334073,-1.6254161198422268,-1.6387709194334072
2024-07-01,215.08653259277344,215.84069445328046,210.29359904602236,210.46229254870087,60402900,0.029104659421955725,0.028689161516509482,2.9104659421955725,2.8689161516509483
2024-07-02,218.5795135498047,218.6886699462021,213.44919320249295,214.4911227279333,58046200,0.016239886872157383,0.016109430413056305,1.6239886872157383,1.6109430413056305
2024-07-03,219.8496856689453,219.8496856689453,217.34902153194005,218.31157833867707,37369800,0.005811030038966658,0.005794211129247919,0.5811030038966658,0.5794211129247919
2024-07-05,224.60293579101562,224.71209219476,219.9489270685169,219.9489270685169,60412400,0.021620454482831786,0.021390047543225193,2.1620454482831786,2.1390047543225195
2024-07-08,226.07156372070312,226.1013322692385,221.53662969916704,225.34715532852172,59085900,0.0065387744132339165,0.006517489362865815,0.6538774413233917,0.6517489362865815
2024-07-09,226.9249267578125,227.63940213609902,224.63265789484376,226.18068283390414,48076100,0.0037747473546192456,0.003767640873656293,0.37747473546192456,0.37676408736562933
2024-07-10,231.19195556640625,231.29119415797783,227.49058625437067,227.54020555015646,62627700,0.01880370248239749,0.018629098276747337,1.8803702482397489,1.8629098276747338
2024-07-11,225.823486328125,230.60648662367137,224.03729767642758,229.61416127735984,64710600,-0.02322083060861191,-0.023494681769922584,-2.322083060861191,-2.3494681769922585
2024-07-12,228.77069091796875,230.8545803134063,226.92496506939614,227.1631286162611,53046500,0.013050921486357003,0.012966492005479394,1.3050921486357003,1.2966492005479395
2024-07-15,232.60107421875,235.40935699641528,231.3011303310065,234.66511292556817,62631300,0.01674333056132049,0.016604706217732967,1.674333056132049,1.6604706217732967
2024-07-16,233.01783752441406,234.4567062015191,230.54694204130521,233.19644881294397,43234300,0.0017917514227476783,0.0017901481509911758,0.17917514227476783,0.17901481509911757
2024-07-17,227.12344360351562,229.6836449661141,224.9006292447048,227.6890612108438,57345900,-0.025295891436984408,-0.025621332440084476,-2.529589143698441,-2.5621332440084474
2024-07-18,222.45948791503906,228.67145424701283,220.56415801938329,228.51267855827928,66034600,-0.020534893335882654,-0.020748665852172426,-2.0534893335882654,-2.0748665852172428
2024-07-19,222.5885009765625,225.0593965950336,221.56640705838353,223.09459660515446,49151500,0.0005799395779095828,0.000579771477941313,0.057993957790958284,0.0579771477941313
2024-07-22,222.24118041992188,226.03185518490554,221.37784711424985,225.2677604657143,48201800,-0.0015603706171559706,-0.0015615892632454228,-0.15603706171559706,-0.15615892632454229
2024-07-23,223.28314208984375,225.19833806517673,220.9710219946754,222.6480544130964,39960300,0.004688427536035933,0.004677471091971797,0.4688427536035933,0.4677471091971797
2024-07-24,216.86279296875,223.0747598557794,215.46362561910502,222.28089648286087,61777600,-0.028754294036718475,-0.02917579845467963,-2.8754294036718475,-2.917579845467963
2024-07-25,215.8208465576172,219.15506035064124,212.97286249707204,217.24978234747041,51391200,-0.00480463428912381,-0.0048162136490648546,-0.48046342891238103,-0.48162136490648544
2024-07-26,216.28721618652344,217.8054725938896,214.35216985326556,217.0215271741731,41601300,0.0021609109423159634,0.0021585795323078028,0.21609109423159634,0.21585795323078028
2024-07-29,216.56509399414062,217.61695646267233,214.0941983741811,215.29491873308154,36311800,0.001284762976363485,0.001283938374613735,0.1284762976363485,0.1283938374613735
2024-07-30,217.1207733154297,218.63902977566391,214.4613337033208,217.50777956722112,41643800,0.002565876665720168,0.002562590424381296,0.2565876665720168,0.25625904243812964
2024-07-31,220.37559509277344,222.1022464925354,218.93672649714605,219.74050753338085,50036300,0.01499083541221169,0.014879583302457275,1.499083541221169,1.4879583302457275
2024-08-01,216.68414306640625,222.7571687754724,215.35443086006643,222.64801239186647,62501000,-0.016750729702230238,-0.01689260980345079,-1.6750729702230238,-1.689260980345079
2024-08-02,218.1726531982422,223.86860618805187,216.0391597412521,217.46809553371503,105568600,0.006869492666935706,0.006846005205463131,0.6869492666935706,0.6846005205463132
2024-08-05,207.6639404296875,211.8614726265992,194.4957781490091,197.562059997048,119548600,-0.04816695683214689,-0.04936563439441804,-4.816695683214689,-4.936563439441803
2024-08-06,205.63955688476562,208.3783842596741,199.52684486531666,203.7243764243061,69660500,-0.00974836334480178,-0.009796189711774025,-0.974836334480178,-0.9796189711774026
2024-08-07,208.209716796875,212.00039184379946,204.80603289763474,205.31211338628992,63516400,0.012498373129395501,0.012420913211484051,1.2498373129395501,1.242091321148405
2024-08-08,211.6729278564453,212.55609685346144,207.22731432081122,211.4744658055274,47161100,0.016633282600105215,0.01649646462528972,1.6633282600105215,1.6496464625289722
2024-08-09,214.5804443359375,215.11629337558463,210.3432107490655,210.47221789303094,42201600,0.013735892014797635,0.01364240971912943,1.3735892014797635,1.3642409719129431
2024-08-12,216.1103973388672,218.07747160820446,214.1929998012183,214.65993379251097,38028100,0.007129974064805644,0.007104675978345761,0.7129974064805644,0.710467597834576
2024-08-13,219.82598876953125,220.44193777769505,217.58072790378117,217.58072790378117,44155300,0.017193024844787574,0.017046897331136613,1.7193024844787574,1.7046897331136612
2024-08-14,220.27305603027344,221.57450454206742,218.2662343099079,219.13056699635618,41960600,0.002033732513815334,0.0020316672794619224,0.2033732513815334,0.20316672794619223
2024-08-15,223.25347900390625,223.8793724762866,221.30626328939533,223.13426697458056,46414000,0.013530583482816771,0.01343986256002212,1.3530583482816771,1.343986256002212
2024-08-16,224.57479858398438,225.34970708383625,222.19045191126241,222.45869413327577,44340200,0.005918472518204432,0.0059010271591399665,0.5918472518204432,0.5901027159139967
2024-08-19,224.41583251953125,224.51518597934856,221.58442566604344,224.2469437652095,40687800,-0.0007078535323440382,-0.0007081041789433644,-0.07078535323440382,-0.07081041789433644
2024-08-20,225.0317840576172,225.68748051768907,223.97870407222223,224.29662301984854,30299000,0.0027446884258146564,0.0027409286465810527,0.27446884258146564,0.2740928646581053
2024-08-21,224.92250061035156,226.4921913011218,223.58131984717622,225.04172779494317,34765500,-0.00048563560797987293,-0.00048575356714340126,-0.04856356079798729,-0.04857535671434013
2024-08-22,223.064697265625,226.84983046212884,222.43880384726458,226.30341677619586,43695300,-0.008259748756505925,-0.008294049488802305,-0.8259748756505925,-0.8294049488802305
2024-08-23,225.35963439941406,226.73063334528243,222.866020162344,224.187342377279,38677300,0.010288213069664875,0.010235649620812791,1.0288213069664875,1.0235649620812792
2024-08-26,225.69740295410156,225.79675641202357,222.4288803537143,225.28014571740593,30602200,0.001498797935076679,0.0014976758584890426,0.1498797935076679,0.14976758584890426
2024-08-27,226.5418701171875,227.35652605602343,223.4223624308928,224.52511915345738,35934600,0.003741590076061563,0.0037346077391881235,0.3741590076061563,0.3734607739188123
2024-08-28,225.0119171142578,228.35991942602843,224.20719049274723,226.43257756563742,38052200,-0.006753510960857967,-0.006776419114575258,-0.6753510960857967,-0.6776419114575258
2024-08-29,228.29039001464844,231.3999685703833,227.38634017099784,228.59837969678284,51906300,0.014570218957451253,0.014465093223554014,1.4570218957451253,1.4465093223554013
2024-08-30,227.50552368164062,228.89638108151303,225.9954391052015,228.68776005113654,52990800,-0.003438017399494786,-0.0034439409620855123,-0.3438017399494786,-0.3443940962085512
2024-09-03,221.3162078857422,227.50554667965343,219.72664341730942,227.05848641015993,50190600,-0.027205123180039537,-0.027582034210952018,-2.7205123180039537,-2.758203421095202
2024-09-04,219.4087371826172,220.33266071869627,216.06071952153204,220.21344869061124,43840200,-0.008618757393989651,-0.008656113681560084,-0.8618757393989651,-0.8656113681560085
2024-09-05,220.9287567138672,224.0085170705176,220.07436845302396,220.1836512012438,36615400,0.006927798549721587,0.00690391161248481,0.6927798549721587,0.690391161248481
2024-09-06,219.37892150878906,223.7700744804958,218.33577084564575,222.4884846157397,48423000,-0.0070150904215939835,-0.007039811851625284,-0.7015090421593984,-0.7039811851625284
2024-09-09,219.46835327148438,219.82600453136772,215.29576534565257,219.37894424631622,67180000,0.00040765886749838387,0.00040757579719772187,0.04076588674983839,0.04075757971977219
2024-09-10,218.67355346679688,220.03460793809228,215.31560663834654,217.49131703149231,51591000,-0.0036214779618104487,-0.0036280513882692056,-0.36214779618104487,-0.36280513882692056
2024-09-11,221.20689392089844,221.6340804054664,216.46801935094325,220.01472831742512,44587100,0.011585033553159985,0.011518440877379929,1.1585033553159985,1.151844087737993
2024-09-12,221.3162078857422,222.09111639532034,218.38546260882887,221.04796566036197,37455600,0.0004941706965193582,0.0004940486343920711,0.04941706965193582,0.04940486343920711
2024-09-13,221.04794311523438,222.57788625371046,220.461797151476,222.12089674811224,36766600,-0.0012121334134114203,-0.0012128686413069596,-0.12121334134114203,-0.12128686413069595
2024-09-16,214.90829467773438,215.80241517960704,212.52394807405793,215.126845002842,59357400,-0.02777518917830124,-0.028168214410779345,-2.777518917830124,-2.8168214410779346
2024-09-17,215.37521362304688,215.48449636527135,213.10016491936787,214.34200737227792,45519300,0.0021726427358825795,0.002170285960656738,0.21726427358825795,0.2170285960656738
2024-09-18,219.24977111816406,221.25659276615585,216.12031904206836,216.13026348358338,59894900,0.017989802215117034,0.017829900607740323,1.7989802215117034,1.7829900607740323
2024-09-19,227.3763885498047,228.32020097310811,223.16406850984052,223.52171975466862,66781300,0.03706556859875043,0.036395156369777325,3.706556859875043,3.6395156369777326
2024-09-20,226.7107696533203,231.56885703306253,226.13455289925716,228.4692229235467,318679900,-0.002927387934735237,-0.0029316811153794,-0.2927387934735237,-0.29316811153794
2024-09-23,224.99203491210938,227.95258288382507,224.336338501163,225.8563523524968,54146000,-0.0075811781850468885,-0.007610061388122199,-0.7581178185046888,-0.7610061388122199
2024-09-24,225.8861846923828,227.8532741806864,224.2568878942957,227.15783023434298,43556100,0.00397413970953564,0.003966263676394814,0.397413970953564,0.3966263676394814
2024-09-25,224.89271545410156,225.80670975939722,222.55806053621265,223.46211039913067,42308700,-0.004398096499943938,-0.004407796578056881,-0.43980964999439376,-0.4407796578056881
2024-09-26,226.0352020263672,227.00880227293717,223.9389713421174,225.81663654010723,36636700,0.00508014041254623,0.005067280035864502,0.508014041254623,0.5067280035864502
2024-09-27,226.30343627929688,228.02215721764472,225.81664372013879,226.9690772008412,34026000,0.0011866923847481115,0.0011859888218935476,0.11866923847481115,0.11859888218935476
2024-09-30,231.4794158935547,231.4794158935547,228.15127230522148,228.53872651515564,54541900,0.02287185603257824,0.02261421620317874,2.287185603257824,2.261421620317874
2024-10-01,224.73374938964844,228.15128705136544,222.2798675150603,228.02214574584622,63285000,-0.029141539336734024,-0.029574587882973027,-2.9141539336734024,-2.957458788297303
2024-10-02,225.30001831054688,225.8861642954019,221.56456176324298,224.41582711263038,32880600,0.0025197324497827633,0.0025165632465533063,0.25197324497827633,0.2516563246553306
2024-10-03,224.19725036621094,225.3298099915582,221.86259582618194,223.6707104185886,34044200,-0.004894664246391289,-0.004906682347852569,-0.4894664246391289,-0.4906682347852569
2024-10-04,225.3199005126953,226.5120662505933,222.66732681912907,226.41271278943105,37245100,0.005007421565833559,0.00499492612639319,0.5007421565833559,0.49949261263931904
2024-10-07,220.24327087402344,224.21716718776875,219.8856195994179,223.0349306089557,39505400,-0.02253076460232961,-0.02278846035684938,-2.253076460232961,-2.278846035684938
2024-10-08,224.296630859375,224.50525191173782,221.79307211654884,222.83622285599392,31855700,0.01840401284119153,0.01823670859225136,1.840401284119153,1.823670859225136
2024-10-09,228.04202270507812,228.25065892191472,223.36276850208282,223.76015205132026,33591100,0.01669838655780498,0.016560501357426958,1.6698386557804978,1.6560501357426958
2024-10-10,227.54525756835938,228.00226223679437,225.68746620848788,226.2934858996686,28183500,-0.0021783929594467732,-0.002180769108808177,-0.21783929594467732,-0.21807691088081768
2024-10-11,226.06500244140625,227.91286461183438,225.85636623992795,227.80358186995707,31759200,-0.0065053218105783905,-0.006526573633277011,-0.650532181057839,-0.6526573633277011
2024-10-14,229.79052734375,230.21771386522883,227.1081507143634,227.20748901369805,39882100,0.016479883494170622,0.016345563919137326,1.6479883494170622,1.6345563919137325
2024-10-15,232.32388305664062,235.9401275315396,230.853530735341,232.08544385770335,64751400,0.011024630745987585,0.010964302497242409,1.1024630745987585,1.0964302497242409
2024-10-16,230.2673797607422,230.60515724916505,228.34003796565733,230.0885617348273,34082200,-0.008851880697074321,-0.008891291337576919,-0.8851880697074321,-0.8891291337576919
2024-10-17,230.63497924804688,232.3238971476739,229.0156269629083,231.9066247344228,32993800,0.0015964027891690602,0.0015951298927599443,0.15964027891690602,0.15951298927599444
2024-10-18,233.4663848876953,234.63867690560429,232.4828401919167,234.63867690560429,46431500,0.012276566411911327,0.012201820497484262,1.2276566411911327,1.2201820497484261
2024-10-21,234.9367218017578,235.30431748145634,232.9199708414818,232.9199708414818,36254500,0.006297852749850064,0.006278104147709115,0.6297852749850064,0.6278104147709116
2024-10-22,234.32078552246094,234.67843677993508,231.0820656392084,232.36364046895116,38846600,-0.0026217113892336164,-0.0026251540930381356,-0.26217113892336164,-0.26251540930381356
2024-10-23,229.25404357910156,233.60546433739609,226.27362172475395,232.55238437433343,52287000,-0.02162310070812601,-0.021860305587140763,-2.162310070812601,-2.1860305587140765
2024-10-24,229.06529235839844,229.31366084202813,226.91938502162782,228.4791312160334,31109500,-0.0008233277710454345,-0.0008236668915056936,-0.08233277710454345,-0.08236668915056936
2024-10-25,229.8998260498047,231.69801159617745,228.07183749564092,228.24072625952675,38802300,0.003643213176531823,0.0036365927502840564,0.3643213176531823,0.3636592750284056
2024-10-28,231.8768310546875,233.1981533252385,231.03238723011694,231.79736647290133,36087100,0.00859941931602215,0.008562654927645309,0.859941931602215,0.8562654927645309
2024-10-29,232.14508056640625,232.80077708078602,230.8038996879506,231.57880823795904,35417200,0.00115686207413912,0.001156193424850147,0.115686207413912,0.11561934248501471
2024-10-30,228.59837341308594,231.9463759413976,228.05195968136482,231.0919876952183,47070900,-0.015277976792214432,-0.015395887580101663,-1.5277976792214432,-1.5395887580101664
2024-10-31,224.43572998046875,228.33014650168323,223.8992454954501,227.84333875182722,64370100,-0.01820941842440471,-0.01837725042151815,-1.820941842440471,-1.8377250421518152
2024-11-01,221.4552764892578,223.87935529424118,218.83250593091054,219.5279346472888,65276700,-0.013279763839163738,-0.013368728399721355,-1.3279763839163738,-1.3368728399721355
2024-11-04,220.56112670898438,221.33603510883145,218.27614895309117,219.54779428408165,44944500,-0.004037608832123785,-0.004045781982070943,-0.40376088321237846,-0.4045781982070943
2024-11-05,221.99176025390625,222.48849724939907,219.69683776020295,220.3525342324639,28111300,0.00648633585740388,0.00646539010630478,0.648633585740388,0.646539010630478
2024-11-06,221.26651000976562,224.59465366535846,219.7464961432124,221.15722727351368,54561100,-0.0032670142500383914,-0.0032723625930120956,-0.32670142500383914,-0.3272362593012096
2024-11-07,225.99545288085938,226.39285156162418,223.10445516924474,223.16406118155706,42137700,0.021372158266901975,0.02114697645662137,2.1372158266901975,2.114697645662137
2024-11-08,225.7269287109375,227.4176895436531,225.17991383614745,225.9357792784742,38328800,-0.0011881839501586278,-0.0011888904003589718,-0.11881839501586278,-0.11888904003589719
2024-11-11,223.01174926757812,224.47376393957063,220.29658566640109,223.77757009002366,42005600,-0.012028602253461695,-0.012101531302571149,-1.2028602253461695,-1.210153130257115
2024-11-12,223.01174926757812,224.36436096493557,222.14648085284745,223.33001798502116,40398300,0.0,0.0,0.0,0.0
2024-11-13,223.8969268798828,225.41861323491412,221.54974806168275,222.79295685996902,48566200,0.003969197206926678,0.003961340726112201,0.3969197206926678,0.3961340726112201
2024-11-14,226.9801025390625,227.62656507733544,223.77759529455372,223.79749088560675,44923900,0.013770513522205485,0.013676561529764077,1.3770513522205485,1.3676561529764077
2024-11-15,223.77755737304688,225.6871240415238,223.05152776948486,225.1699449930133,47923700,-0.014109365227132575,-0.014209848611622966,-1.4109365227132575,-1.4209848611622966
2024-11-18,226.7811737060547,228.49183017609323,223.94665165924164,224.0262188410909,44633700,0.013422330497605106,0.013333049042482625,1.3422330497605106,1.3333049042482625
2024-11-19,227.0397491455078,228.90953992555222,225.4285554930197,225.74680903538962,36211800,0.001140197994513814,0.0011395484624636774,0.11401979945138141,0.11395484624636773
2024-11-20,227.75582885742188,228.68076882556113,224.66272507245372,226.82093350733243,35169600,0.003153983893168899,0.0031490205194984093,0.3153983893168899,0.31490205194984094
2024-11-21,227.27845764160156,228.90954693288327,224.48372676835862,227.63650237265796,42108300,-0.002095978040233426,-0.002098177676336091,-0.2095978040233426,-0.2098177676336091
2024-11-22,228.62110900878906,229.46649702017746,226.82094518602503,226.82094518602503,38168300,0.005907517065716572,0.005890136105396066,0.5907517065716572,0.5890136105396065
2024-11-25,231.60479736328125,231.982737654973,228.4918131754458,230.2024695182051,90152800,0.013050799934565482,0.012966372019606784,1.3050799934565482,1.2966372019606784
2024-11-26,233.7829132080078,234.29015208323423,232.06231657216094,232.06231657216094,45986200,0.009404450467017211,0.009360503936513696,0.9404450467017211,0.9360503936513695
2024-11-27,233.65362548828125,234.4095061449918,232.53971526898803,233.19613315216662,33498400,-0.0005530246755524049,-0.0005531776501000228,-0.055302467555240487,-0.05531776501000228
2024-11-29,236.04058837890625,236.51797629056327,232.698842645531,233.5342752849028,28481400,0.010215817904116964,0.010163989119800081,1.0215817904116964,1.016398911980008
2024-12-02,238.28829956054688,239.4817769036961,235.8715090788613,235.9809120539101,48137100,0.009522562187620265,0.009477508384913737,0.9522562187620265,0.9477508384913738
2024-12-03,241.33168029785156,241.441083276618,237.60205398884364,238.50711361537608,38861000,0.012771842943683387,0.012690970820369615,1.2771842943683387,1.2690970820369616
2024-12-04,241.68972778320312,242.78375758332757,239.9392952788925,241.55048900644988,44383900,0.001483632339151164,0.0014825328440555825,0.1483632339151164,0.14825328440555827
2024-12-05,241.7195587158203,243.21140922639395,240.81451427308068,242.6644095132275,40033900,0.0001234265638461185,0.00012341894741449395,0.01234265638461185,0.012341894741449394
2024-12-06,241.5206298828125,243.30091318780651,240.76476447856876,241.59025685240857,36870600,-0.0008229736727332071,-0.0008233125014770583,-0.08229736727332071,-0.08233125014770583
2024-12-09,245.40939331054688,245.89673657618508,240.43655859300793,240.51612576959502,44649200,0.016101164648424593,0.015972915703731865,1.6101164648424593,1.5972915703731865
2024-12-10,246.4238739013672,246.861485816723,244.0070681600661,245.54865007065558,36914800,0.004133829504792352,0.0041253087058867365,0.41338295047923523,0.41253087058867366
2024-12-11,245.1508026123047,249.43738355757404,244.92204129682997,246.61281718111218,45205800,-0.005166184870432078,-0.005179575743216254,-0.5166184870432078,-0.5179575743216254
2024-12-12,246.6128387451172,247.3885997871069,244.34521203481492,245.54864477609476,32777500,0.005963823561796255,0.005946110356788128,0.5963823561796255,0.5946110356788128
2024-12-13,246.7819061279297,247.9355922748061,244.90217516923994,246.47359279661413,33155300,0.000685557912040613,0.0006853230245617479,0.0685557912040613,0.06853230245617478
2024-12-16,249.67608642578125,250.01425073054844,246.3045049916291,246.6426692963963,51694800,0.011727684347941025,0.011659448042268787,1.1727684347941025,1.1659448042268787
2024-12-17,252.1028289794922,252.45093348613432,248.42293425963442,248.72130738305802,51356400,0.009719563408938203,0.009672632307345554,0.9719563408938203,0.9672632307345554
2024-12-18,246.7023468017578,252.89849494785605,246.39403346062903,250.7900177691265,56774100,-0.021421743657520365,-0.02165451952123476,-2.1421743657520365,-2.165451952123476
2024-12-19,248.43287658691406,250.6308762664829,245.7475488049507,246.15532490458142,60882300,0.007014646628176857,0.006990158445125982,0.7014646628176857,0.6990158445125982
2024-12-20,253.1073760986328,253.61459983498276,244.35518295150268,246.69240643268387,147495300,0.01881594568295153,0.01864111543663801,1.881594568295153,1.864111543663801
2024-12-23,253.88311767578125,254.26104280923545,252.07299848460428,253.38583418491564,40858800,0.0030648714751249084,0.0030601843310993754,0.30648714751249084,0.30601843310993754
2024-12-24,256.7972412109375,256.80716624287646,253.90303208844082,254.101957652135,23234700,0.01147820919261644,0.011412834331439387,1.147820919261644,1.1412834331439385
2024-12-26,257.6127624511719,258.68691192924337,256.2303299482693,256.78728510290654,27237100,0.0031757398809610926,0.003170707869822982,0.31757398809610926,0.3170707869822982
2024-12-27,254.2013702392578,257.29448932345014,251.68511699924173,256.42919055718573,42355300,-0.013242326115580738,-0.013330787540695846,-1.3242326115580738,-1.3330787540695845
2024-12-30,250.82980346679688,252.122743648892,249.38768429964367,250.8596392638085,35557500,-0.013263369781553735,-0.01335211384088333,-1.3263369781553735,-1.335211384088333
2024-12-31,249.05947875976562,251.90394112888606,248.07485191726244,251.06850844936815,39480700,-0.00705787224071075,-0.007082896837447056,-0.705787224071075,-0.7082896837447056
2025-01-02,242.52517700195312,247.74665392379396,240.5062071395791,247.57756417344766,55740700,-0.026235908748991066,-0.026586210784032085,-2.6235908748991066,-2.6586210784032085
2025-01-03,242.03782653808594,242.85336358935695,240.5758118291158,242.03782653808594,40244100,-0.002009484004472095,-0.002011505726320049,-0.20094840044720952,-0.2011505726320049
2025-01-06,243.66891479492188,245.98625772407811,241.87869116125097,242.98266113735735,45045600,0.006738980762493574,0.00671637533317459,0.6738980762493574,0.671637533317459
2025-01-07,240.8940887451172,244.21593900697974,240.03876048613398,241.6598944370817,40856000,-0.01138768994042616,-0.011453026174287267,-1.138768994042616,-1.1453026174287266
2025-01-08,241.38140869140625,242.38593107741448,238.74581220273618,240.6056476428208,37628900,0.0020229634891733017,0.0020209200539332093,0.20229634891733017,0.20209200539332092
2025-01-10,235.5631866455078,238.85520080045117,231.73409784256125,238.70600665338932,61710900,-0.024103853223164884,-0.024399105221617683,-2.4103853223164884,-2.4399105221617683
2025-01-13,233.1265106201172,233.39504797306242,228.4719441071402,232.26124214226888,49630700,-0.010344044246003103,-0.010397915692782941,-1.0344044246003103,-1.0397915692782942
2025-01-14,232.0125732421875,234.83713969366363,231.2069764534674,233.47458784982285,39435300,-0.00477825269621468,-0.004789705041659728,-0.477825269621468,-0.47897050416597275
2025-01-15,236.57763671875,237.66172623332486,233.15632396556444,233.36518970349533,39832000,0.0196759314065158,0.01948486250695889,1.96759314065158,1.948486250695889
2025-01-16,227.0198516845703,236.7168796666606,226.79110553013876,236.06047699847062,71759100,-0.040400205052104066,-0.041238961701597514,-4.040020505210407,-4.123896170159751
2025-01-17,228.7305145263672,231.0279618693864,227.2386640256131,230.85888730040747,68488300,0.007535300675703516,0.007507052116405549,0.7535300675703516,0.7507052116405549
2025-01-21,221.43040466308594,223.20073277609362,218.18812158355374,222.78301644137267,98070400,-0.031915767244250715,-0.032436178181688154,-3.1915767244250715,-3.2436178181688153
2025-01-22,222.61392211914062,222.90233985709415,218.59586314481808,218.59586314481808,64126500,0.005344873292606023,0.005330640151049322,0.5344873292606023,0.5330640151049322
2025-01-23,222.44485473632812,225.7965406078772,221.09224303438072,223.51898889751178,60234800,-0.0007594645528145039,-0.0007597530921174928,-0.07594645528145039,-0.07597530921174929
2025-01-24,221.5696258544922,224.4041477572621,220.2070739772995,223.55875977197638,54697900,-0.00393458811566294,-0.003942348971352075,-0.39345881156629403,-0.39423489713520754
2025-01-27,228.6111602783203,230.88871192185238,222.76310174211312,222.80289291870474,94863400,0.031780233399195223,0.0312856922492833,3.1780233399195223,3.12856922492833
2025-01-28,236.96551513671875,238.88503723433337,229.55599442275542,229.5957855991,75707600,0.03654395020885026,0.03589205451171639,3.654395020885026,3.589205451171639
2025-01-29,238.0595703125,238.55685383878983,232.73863051084334,232.84803349366265,45486100,0.0046169383555663135,0.004606312987570815,0.46169383555663135,0.4606312987570815
2025-01-30,236.29916381835938,239.48177510143526,235.9212386876704,237.37329797187644,55658300,-0.007394815053348824,-0.007422292241138779,-0.7394815053348824,-0.7422292241138778
2025-01-31,234.71780395507812,245.8470107317681,232.1717149504871,245.8470107317681,100959800,-0.006692194071819979,-0.006714687211034742,-0.6692194071819979,-0.6714687211034742
2025-02-03,226.77120971679688,230.5704628324937,224.47376244068877,228.7404632470789,73063300,-0.03385595001477659,-0.03444233581939207,-3.3855950014776592,-3.444233581939207
2025-02-04,231.5352020263672,231.86341095944582,225.4186058340825,226.0153521080233,45067300,0.021007923869700296,0.02079030004340246,2.1007923869700296,2.079030004340246
2025-02-05,231.2069854736328,231.4058958330951,227.0298072213747,227.2883891710869,39620300,-0.0014175665292441852,-0.0014185722272181526,-0.14175665292441852,-0.14185722272181525
2025-02-06,231.95291137695312,232.5297620441898,229.17806101517482,230.03338922164468,29925300,0.0032262256341100137,0.0032210325345983335,0.3226225634110014,0.32210325345983337
2025-02-07,226.39328002929688,232.72866665415378,226.0252799376335,231.33627899238985,39707200,-0.023968793125519916,-0.02426071882357078,-2.3968793125519916,-2.4260718823570784
2025-02-10,226.66209411621094,229.58933825388894,226.21404995469493,228.57377553913867,33115600,0.0011873766168293276,0.0011866722427306515,0.11873766168293276,0.11866722427306516
2025-02-11,231.61053466796875,234.2092091135714,227.1400288616486,227.20971719471092,53718400,0.021831795788583408,0.021596894859062483,2.183179578858341,2.1596894859062483
2025-02-12,235.84210205078125,235.93172304376256,229.67896101319025,230.19670873650108,45243300,0.018270185287032614,0.018105290857913178,1.8270185287032614,1.8105290857913177
2025-02-13,240.4818878173828,241.28837041996871,234.54775953627293,235.88194100703416,53614100,0.01967327176214928,0.019482254180378637,1.967327176214928,1.9482254180378638
2025-02-14,243.53854370117188,244.48441805735465,239.9442089936196,240.203075232316,40896200,0.012710545112279759,0.012630444170734143,1.2710545112279759,1.2630444170734143
2025-02-18,243.4091339111328,244.1160443880909,240.79054182412452,243.09051524526637,48822500,-0.0005313729320720606,-0.000531514160700793,-0.05313729320720606,-0.0531514160700793
2025-02-19,243.807373046875,244.94242536854557,242.10480216065562,243.5982928571997,32204200,0.0016360895310016943,0.001634752594558137,0.16360895310016943,0.1634752594558137
2025-02-20,244.76321411132812,245.70908851524857,243.2298884862767,243.87707690453925,32316900,0.0039204764503546485,0.0039128114097650045,0.39204764503546485,0.39128114097650046
2025-02-21,244.48443603515625,247.61080936192474,244.15586625078134,244.88269415360097,53197400,-0.0011389704828973501,-0.0011396196027101538,-0.11389704828973501,-0.11396196027101538
2025-02-24,246.0277099609375,247.7800669312537,243.3593319822528,243.86711335623195,51326400,0.006312360618159429,0.006292521115498759,0.6312360618159429,0.6292521115498759
2025-02-25,245.9679718017578,248.91513366913293,243.84722519384715,246.92381259977986,48013300,-0.000242810694735085,-0.00024284017802449242,-0.0242810694735085,-0.02428401780244924
2025-02-26,239.3169403076172,243.91688660847365,238.09228223905913,243.26971340939616,44433600,-0.027040233919158996,-0.02741254803048537,-2.7040233919158996,-2.741254803048537
2025-02-27,236.27024841308594,241.40786042901627,236.0312844149354,238.37109275336516,41153600,-0.012730782411872088,-0.012812513228052148,-1.2730782411872088,-1.2812513228052147
2025-02-28,240.79052734375,241.03944246427386,229.2010399398617,235.92174819400608,56833400,0.019131816049733796,0.01895110411764632,1.9131816049733796,1.895110411764632
2025-03-03,236.99705505371094,242.97101773746803,235.0853888180174,240.74073286620586,47184000,-0.01575424221162791,-0.01587965926321279,-1.5754242211627911,-1.5879659263212789
2025-03-04,234.9061737060547,239.02822274747484,233.6615980851158,236.6784633674393,53798100,-0.008822393793806338,-0.008861541531184647,-0.8822393793806338,-0.8861541531184647
2025-03-05,234.7169952392578,235.5234777567522,228.23523611666363,234.3983766092207,47227600,-0.0008053362915595441,-0.0008056607490407478,-0.08053362915595441,-0.08056607490407477
2025-03-06,234.30877685546875,236.82779659290307,232.14819548977783,233.42263965762712,45170400,-0.0017391939743134355,-0.001740708128012921,-0.17391939743134355,-0.17407081280129208
2025-03-07,238.03256225585938,240.32256924437755,233.74125275300776,234.08974000390756,46273600,0.015892641540643737,0.01576767579810055,1.5892641540643737,1.5767675798100549
2025-03-10,226.49285888671875,235.13520040766255,223.24701094546666,234.51788053236876,72071200,-0.048479515826648445,-0.04969406418197066,-4.8479515826648445,-4.969406418197066
2025-03-11,219.8816680908203,224.85997074742775,216.5063794973434,222.83878108425105,76137400,-0.029189400621257744,-0.02962388699940678,-2.9189400621257744,-2.962388699940678
2025-03-12,216.0384063720703,220.78771110845915,213.9773970817033,219.18469713036333,62547500,-0.017478772796841624,-0.017633330176276298,-1.7478772796841624,-1.7633330176276298
2025-03-13,208.7700958251953,215.89902897504837,207.51556900756947,215.01289169752292,61368300,-0.03364360378754694,-0.034222572632788856,-3.364360378754694,-3.4222572632788855
2025-03-14,212.56356811523438,213.0215634427817,208.67053186821337,210.33328309966757,60107600,0.018170573113188482,0.018007461177857242,1.8170573113188482,1.8007461177857242
2025-03-17,213.0713348388672,214.28604179494317,209.05882446828872,212.3843267022667,48073400,0.0023887758760126054,0.002385927286445827,0.23887758760126054,0.2385927286445827
2025-03-18,211.7670135498047,214.21632963340127,210.57222410469132,213.23063555765447,42432400,-0.006121523995937239,-0.0061403373408097294,-0.6121523995937239,-0.614033734080973
2025-03-19,214.30596923828125,217.8106832228152,212.8224296395377,213.29039128502816,54385400,0.01198938232124358,0.011918079032807427,1.198938232124358,1.1918079032807427
2025-03-20,213.17091369628906,216.5462020975973,211.29906714235267,213.0613904363763,48862900,-0.005296425228035306,-0.005310501011020059,-0.5296425228035306,-0.5310501011020059
2025-03-21,217.32281494140625,217.89033350890864,210.36314278996363,210.64192650603025,94127800,0.019476865643276886,0.01928961890955973,1.9476865643276886,1.9289618909559731
2025-03-24,219.7721405029297,220.5188858867363,217.63147647971348,220.04097309502072,44299500,0.011270448352069362,0.011207410053437512,1.1270448352069362,1.1207410053437512
2025-03-25,222.77903747558594,223.12752472855482,219.1249652538438,219.81197343150768,34493600,0.013681884181385495,0.01358913226042406,1.3681884181385495,1.358913226042406
2025-03-26,220.56866455078125,224.04352508950674,219.51326687455483,222.5400680439697,34466100,-0.009921817374971442,-0.009971366623139497,-0.9921817374971442,-0.9971366623139497
2025-03-27,222.87860107421875,224.0136533961419,219.6028696378956,220.4292696466093,37094800,0.010472641379690062,0.010418183155279457,1.0472641379690062,1.0418183155279457
2025-03-28,216.9544219970703,222.8387793372666,216.73537546649092,220.7080664246457,39818600,-0.026580295499861295,-0.026939938824715872,-2.6580295499861295,-2.693993882471587
2025-03-31,221.1660614013672,224.6409066608951,215.29165561007284,216.0682695484103,65299300,0.019412553869742055,0.019226533807503023,1.9412553869742055,1.9226533807503023
2025-04-01,222.22146606445312,222.70932997882656,217.95007407622174,218.85612876373423,36412700,0.004772000986040137,0.004760651082845126,0.4772000986040137,0.4760651082845126
2025-04-02,222.91842651367188,224.21278818927524,220.06088576879955,220.3595869543347,35905900,0.003136332693514765,0.003131424661602211,0.3136332693514765,0.31314246616022107
2025-04-03,202.3082733154297,206.58961679788308,200.37668938200366,204.64806653552571,103419000,-0.0924560321036455,-0.09701326454420206,-9.24560321036455,-9.701326454420206
2025-04-04,187.5625457763672,199.01264249852213,186.52705026060866,193.04863012782926,125910900,-0.07288741729346704,-0.0756802723476851,-7.288741729346704,-7.568027234768509
2025-04-07,180.6725616455078,193.30748067285785,173.86223225537526,176.43103817745248,160466300,-0.036734328286812556,-0.037426025986430786,-3.6734328286812556,-3.7426025986430784
2025-04-08,171.67178344726562,189.5140179775097,168.47572171547168,185.88981432593783,120859500,-0.04981818000622773,-0.051101923233049365,-4.9818180006227735,-5.110192323304936
2025-04-09,197.98709106445312,199.7394480269994,171.14407803694525,171.20381523449285,184395900,0.1532884850891707,0.14261741388461774,15.32884850891707,14.261741388461774
2025-04-10,189.5936737060547,193.93475416517637,182.20587449762067,188.24954112448538,121880000,-0.042393760690519144,-0.043318609189966585,-4.239376069051914,-4.331860918996658
2025-04-11,197.2901153564453,198.67408279715283,185.2525839628914,185.2924188893916,87435900,0.04059440117354951,0.039792089476687206,4.059440117354951,3.9792089476687207
2025-04-14,201.6411590576172,212.01593914767514,200.28706023476008,210.52244846919626,101352900,0.02205403800038752,0.02181436513945285,2.205403800038752,2.181436513945285
2025-04-15,201.2628173828125,202.62686743682656,198.93297540670014,200.98403365195668,51343900,-0.0018763117439558608,-0.001878074221819785,-0.18763117439558608,-0.1878074221819785
2025-04-16,193.42697143554688,199.82906121923162,191.5352073519423,197.49921927320653,59732400,-0.038933400859441525,-0.03971157049785799,-3.8933400859441525,-3.9711570497857993
2025-04-17,196.12521362304688,197.96719174329118,193.5763250102755,196.34426016251078,52164700,0.013949668794763115,0.013853267639991866,1.3949668794763115,1.3853267639991866
2025-04-21,192.32177734375,192.958999427942,188.98630873883343,192.43130060162235,46742500,-0.019392898082992494,-0.019583407371275747,-1.9392898082992494,-1.9583407371275747
2025-04-22,198.87322998046875,200.7151927551101,195.11958571249494,195.26892870764283,52976400,0.0340650587115201,0.03349769355710467,3.40650587115201,3.349769355710467
2025-04-23,203.71212768554688,207.0973670311424,201.9199358938783,205.1060461943045,52929200,0.02433156893742483,0.024040271996578873,2.433156893742483,2.4040271996578872
2025-04-24,207.4657745361328,207.92378505310097,202.0593452871763,204.00088023313933,47311000,0.01842623163005852,0.01825852561792464,1.842623163005852,1.825852561792464
2025-04-25,208.371826171875,208.8397878176709,205.30519003897632,205.47445049920006,38222300,0.004367234247518725,0.00435772555444044,0.43672342475187254,0.43577255544404403
2025-04-28,209.2281036376953,210.5822025692478,206.55974070372147,209.08871177088434,38743100,0.004109372565147096,0.004100952154228793,0.4109372565147096,0.41009521542287924
2025-04-29,210.29345703125,211.31898611202763,207.46576971677675,207.78438836336602,36827600,0.005091827412437189,0.005078907896642737,0.5091827412437189,0.5078907896642737
2025-04-30,211.57785034179688,212.65316547487808,205.7731479657814,208.39173986928208,52286500,0.006107623740076784,0.006089047804380452,0.6107623740076784,0.6089047804380452
2025-05-01,212.39430236816406,213.62891164873253,207.99346964638974,208.1726964341785,57365700,0.003858872869008989,0.003851446517865031,0.3858872869008989,0.3851446517865031
2025-05-02,204.45889282226562,206.0917754590827,201.2827333487594,205.19567188008233,101010600,-0.03736168747193236,-0.038077521816382055,-3.736168747193236,-3.8077521816382056
2025-05-05,198.02691650390625,203.21431440062256,197.34987465543003,202.21865389928206,69018500,-0.03145853051229541,-0.031963978788773405,-3.1458530512295413,-3.1963978788773404
2025-05-06,197.64854431152344,199.77925700053618,196.165020010421,197.3498583398735,51216500,-0.0019107109228524433,-0.0019125386595231632,-0.19107109228524433,-0.1912538659523163
2025-05-07,195.3983612060547,198.5745204381265,192.4113798882551,198.30568786560423,68536700,-0.011384769431552866,-0.011450072028835329,-1.1384769431552866,-1.1450072028835327
2025-05-08,196.63299560546875,199.18188402861682,193.83517686729027,196.86199326420865,50478900,0.006318550430994163,0.006298672082177023,0.6318550430994163,0.6298672082177023
2025-05-09,197.66848754882812,199.66975978270045,196.68277813613466,198.13644922219603,36453900,0.005266114876452566,0.0052522973819535855,0.5266114876452566,0.5252297381953586
2025-05-12,210.15049743652344,210.6290521628615,206.1227607044075,210.32995926202443,63775800,0.0631461799626103,0.06123260633296095,6.314617996261029,6.123260633296095
2025-05-13,212.28399658203125,212.75257189298435,208.36592688565332,209.79158118866218,51909300,0.01015224408951143,0.010101056215818433,1.015224408951143,1.0101056215818434
2025-05-14,211.68580627441406,213.29092224655892,209.9411156617564,211.78549375335473,49325800,-0.002817877547288572,-0.0028218552384126757,-0.2817877547288572,-0.28218552384126755
2025-05-15,210.80848693847656,212.31391554357438,208.90427796298633,210.31000386923802,45029500,-0.004144441006121102,-0.004153053004596958,-0.41444410061211023,-0.41530530045969577
2025-05-16,210.6190643310547,211.92510277199543,209.1335944967917,211.71573318604425,54737900,-0.000898553042967154,-0.0008989569837456049,-0.0898553042967154,-0.08989569837456049
2025-05-19,208.14659118652344,208.84446444770495,203.64029993754312,207.27923550566183,46140500,-0.011739075721298287,-0.011808522701296861,-1.1739075721298287,-1.1808522701296862
2025-05-20,206.232421875,207.83753801206538,204.40797196423648,207.03996203611737,42496600,-0.009196255872420789,-0.009238802480674083,-0.9196255872420789,-0.9238802480674083
2025-05-21,201.47689819335938,206.4118779017609,200.10109516487896,204.54755595275296,59211800,-0.023059049776969598,-0.02332906866046245,-2.30590497769696,-2.332906866046245
2025-05-22,200.74911499023438,202.13489740214874,199.0941474443519,200.1010930441042,46742400,-0.003612241451258269,-0.003618781349286485,-0.3612241451258269,-0.3618781349286485
2025-05-23,194.67758178710938,197.10020219746903,192.8730755135501,193.0824298832746,78432900,-0.03024438341070823,-0.03071118088786429,-3.024438341070823,-3.071118088786429
2025-05-27,199.60260009765625,200.1309909415137,196.83102019804124,197.6983910952664,56288500,0.02529833309688767,0.02498362692148352,2.529833309688767,2.498362692148352
2025-05-28,199.81195068359375,202.11494001836002,199.2935240345892,199.98143310081724,45339700,0.0010488369682313259,0.00104828732303026,0.10488369682313259,0.104828732303026
2025-05-29,199.34336853027344,203.19165828241367,197.90773491315443,202.96236033905296,51396800,-0.0023451157536734657,-0.00234786984423916,-0.23451157536734657,-0.23478698442391602
2025-05-30,200.24066162109375,201.3472946799051,196.18300200128658,198.7651407343476,70819900,0.004501243745582917,0.004491143445886329,0.4501243745582917,0.4491143445886329
2025-06-02,201.08807373046875,201.51677709467234,199.51286535414474,199.67238359256916,35423300,0.004231968185255619,0.004223038592199533,0.4231968185255619,0.4223038592199533
2025-06-03,202.6533203125,203.1518034040851,200.35033086337637,200.73914706631285,46381600,0.007783885702387527,0.00775374755762891,0.7783885702387527,0.775374755762891
2025-06-04,202.20468139648438,205.6143037964219,201.48686455307688,202.29440469878628,43604000,-0.002213824650510565,-0.002216278782983811,-0.22138246505105652,-0.2216278782983811
2025-06-05,200.0213165283203,204.12881205428334,199.54276184010462,202.8826044104843,55126100,-0.010797795842732771,-0.01085651511529286,-1.0797795842732771,-1.085651511529286
2025-06-06,203.3013458251953,205.07594444547604,201.43702389784912,202.38413874603313,46607700,0.016398398699723593,0.016265396999942606,1.6398398699723593,1.6265396999942605
2025-06-09,200.8388214111328,205.3750202901374,199.41316716451473,203.76990423179717,72862600,-0.012112681320761376,-0.012186637658254843,-1.2112681320761376,-1.2186637658254844
2025-06-10,202.0551300048828,203.73004106569937,199.96151019448254,199.99141796230995,54672600,0.006056142857262303,0.006037878129545515,0.6056142857262303,0.6037878129545515
2025-06-11,198.1769256591797,203.8795731269679,197.80805305990708,202.88260699920767,60989900,-0.019193793028711492,-0.01938038534214743,-1.9193793028711492,-1.9380385342147428
2025-06-12,198.5956573486328,199.07419684911244,196.7612432530472,198.47602627663701,43904600,0.0021129184846335747,0.0021106894117195567,0.21129184846335747,0.21106894117195568
2025-06-13,195.85398864746094,199.76209396079906,195.1062640673262,199.12403626091725,51447300,-0.013805280225029803,-0.013901459318216885,-1.3805280225029803,-1.3901459318216884
2025-06-16,197.81802368164062,198.08720880439395,195.96366601516638,196.701426450214,43020700,0.01002805736938539,0.009978110040971773,1.002805736938539,0.9978110040971773
2025-06-17,195.0464630126953,197.7881200100286,194.61777485692886,196.60172782081946,38856200,-0.014010657964138473,-0.014109733732180564,-1.4010657964138473,-1.4109733732180563
2025-06-18,195.9835968017578,196.97059871241268,194.4781834746436,195.34553910938874,45394700,0.004804669485349855,0.004793163899890253,0.4804669485349855,0.4793163899890253
2025-06-20,200.3902130126953,201.0880863339216,196.26277341287403,197.63859168364695,96813500,0.022484617502937843,0.022235564814750797,2.2484617502937843,2.2235564814750797
2025-06-23,200.888671875,201.686247808318,198.3563846401482,201.01828233775666,55814300,0.002487441151994396,0.0024843525909344025,0.24874411519943962,0.24843525909344025
2025-06-24,199.6923065185547,202.82277936444737,199.59260382672892,201.9753521214132,54064000,-0.0059553649555199595,-0.005973168862430719,-0.595536495551996,-0.5973168862430719
2025-06-25,200.948486328125,203.052085424857,200.01133575244882,200.83881944772682,39525700,0.00629057689537782,0.006270873802582309,0.629057689537782,0.627087380258231
2025-06-26,200.3902130126953,202.02523702778157,198.85489170599743,200.81890119127095,50799100,-0.002778191195320079,-0.0027820575310859453,-0.2778191195320079,-0.2782057531085945
2025-06-27,200.469970703125,202.6034778198992,199.39324535272064,201.27751091280393,73188600,0.00039801190502575245,0.0003979327192980262,0.039801190502575245,0.039793271929802615
2025-06-30,204.5475311279297,206.76079706763053,198.65545787730727,201.39711462840114,91912800,0.02034000608920694,0.02013591105412152,2.034000608920694,2.013591105412152
2025-07-01,207.18951416015625,209.55231908550664,205.51460310500556,206.04299395149746,78788900,0.012916230362977066,0.012833527240028552,1.2916230362977066,1.2833527240028553
2025-07-02,211.7954864501953,212.69274987948137,207.5085290616707,208.2761972389462,67941800,0.02223072103194701,0.021987220737205337,2.223072103194701,2.1987220737205337
2025-07-03,212.90213012695312,213.9987837940836,211.16740350258758,211.5063683517463,34955800,0.005225057886292905,0.0052114546359404825,0.5225057886292905,0.5211454635940482
2025-07-07,209.3130340576172,215.57398008038285,208.16652910348648,212.03474730839852,50229000,-0.01685796223455238,-0.01700167510697276,-1.6857962234552382,-1.7001675106972762
2025-07-08,209.3728485107422,210.78853856973336,207.81758380403343,209.46258702266434,42848900,0.00028576554438819457,0.00028572472119207156,0.028576554438819457,0.028572472119207156
2025-07-09,210.4994354248047,210.6888614301138,206.59132988433592,208.8943192909964,48749400,0.005380768910944633,0.005366344294458053,0.5380768910944633,0.5366344294458053
2025-07-10,211.7655792236328,212.83232507172787,209.39279496736208,209.87133445003573,44443600,0.006014951043801897,0.0059969334396774284,0.6014951043801897,0.5996933439677429
2025-07-11,210.5193634033203,211.48642172848318,209.22330444266433,209.93115706069412,39765800,-0.005884883770447158,-0.005902267935020674,-0.5884883770447158,-0.5902267935020674
2025-07-14,207.98707580566406,210.27013683517245,206.91035052542594,209.29309904361602,38840100,-0.012028763324753222,-0.01210169433492717,-1.2028763324753222,-1.210169433492717
2025-07-15,208.4755859375,211.24715053377864,208.28615994072268,208.5852528191871,42296300,0.0023487523440752778,0.0023459983367661347,0.23487523440752778,0.23459983367661347
2025-07-16,209.52239990234375,211.75559423754484,208.00700716596054,209.6619745482938,47490500,0.0050212784395655685,0.005008713863585393,0.5021278439565569,0.5008713863585393
2025-07-17,209.38284301757812,211.1574416148312,208.95413964633332,209.93117746335784,48068100,-0.0006660714311723659,-0.0006662933552984299,-0.06660714311723659,-0.06662933552984299
2025-07-18,210.539306640625,211.1474566075158,209.06380098140497,210.23024956462245,48974600,0.00552320145423657,0.005508004508599717,0.552320145423657,0.5508004508599718
2025-07-21,211.83535766601562,215.12534891613055,210.98794558852114,211.45652088357517,51377400,0.006155862513610666,0.006136992592796734,0.6155862513610666,0.6136992592796734
2025-07-22,213.74954223632812,214.29787667610697,211.5861274580158,212.49337032996837,46404100,0.009036190140318423,0.008995608062564086,0.9036190140318423,0.8995608062564087
2025-07-23,213.5002899169922,214.4972560435483,211.76557859278188,214.3477172095632,46989300,-0.001166095219330865,-0.001166775637367384,-0.11660952193308649,-0.1166775637367384
2025-07-24,213.11148071289062,215.03563331063384,212.8821827557749,213.25105536667797,46022600,-0.0018211179209767225,-0.0018227781721994732,-0.18211179209767225,-0.18227781721994732
2025-07-25,213.2311248779297,214.58699944946258,212.7525701732737,214.04862920984866,40268800,0.0005614158591495944,0.000561258324225121,0.056141585914959435,0.056125832422512095
2025-07-28,213.40060424804688,214.19818019857897,212.41360229785764,213.3806606658472,37858000,0.0007948153451529105,0.0007944996467067031,0.07948153451529105,0.07944996467067031
2025-07-29,210.6290283203125,214.15828155569844,210.18039662608902,213.53018805628847,51411700,-0.012987666728969671,-0.013072743911396656,-1.2987666728969671,-1.3072743911396656
2025-07-30,208.415771484375,211.74563469104578,207.0898047125579,211.25711581327238,45512500,-0.010507843356575286,-0.010563440556657583,-1.0507843356575286,-1.0563440556657584
2025-07-31,206.9402618408203,209.2033639475293,206.5315020865265,207.85746883247032,80698400,-0.007079644851470834,-0.007104824449200994,-0.7079644851470834,-0.7104824449200994
2025-08-01,201.76600646972656,212.93202387361222,200.88867142379772,210.23023901853355,104434500,-0.02500361855671096,-0.025321519331393285,-2.500361855671096,-2.5321519331393283
2025-08-04,202.7330780029297,207.24933356384108,201.06813110178,203.8895472057539,75109300,0.004793035011813274,0.004781584991822558,0.47930350118132736,0.47815849918225584
2025-08-05,202.3043670654297,204.71702329589334,201.54667827641916,202.78290655256814,44155100,-0.0021146570738387327,-0.0021168961182062526,-0.21146570738387327,-0.21168961182062526
2025-08-06,212.60302734375,214.72657006985978,204.96626313259566,205.00615029681612,108483100,0.050906762062084,0.04965337441251654,5.0906762062084,4.965337441251654
2025-08-07,219.36245727539062,220.1799768073744,215.92292715514498,218.2159523061407,90224800,0.03179366736256095,0.031298712343558535,3.179366736256095,3.1298712343558535
2025-08-08,228.65419006347656,230.29917810781973,218.58482597462978,220.16003429974123,113854000,0.042357898901638213,0.04148535739201776,4.235789890163821,4.148535739201776
2025-08-11,226.74781799316406,229.12329528601256,224.3324234952035,227.4864157407103,61806100,-0.008337359003931955,-0.008372309178519716,-0.8337359003931955,-0.8372309178519716
2025-08-12,229.21310424804688,230.36092560837628,226.63802588155738,227.57622481823222,55626200,0.010872370357086103,0.010813691077267767,1.0872370357086103,1.0813691077267766
2025-08-13,232.88612365722656,234.55294488479396,229.99163136972763,230.6304284784954,69878500,0.016024473911425474,0.015897437361664515,1.6024473911425474,1.5897437361664515
2025-08-14,232.33717346191406,234.67271834509882,230.41085227691244,233.61473725595164,51916300,-0.002357161460252888,-0.002359943938688332,-0.2357161460252888,-0.23599439386883322
2025-08-15,231.1494140625,233.834298979768,228.9036945156081,233.5548328767578,56038700,-0.005112222817020617,-0.005125334935222635,-0.5112222817020617,-0.5125334935222635
2025-08-18,230.45074462890625,232.67649791960375,229.6722297518056,231.2592012143754,37476200,-0.0030225879499951036,-0.0030271651946962514,-0.30225879499951036,-0.30271651946962513
2025-08-19,230.1213836669922,232.42698672077375,228.9136940815642,230.84001516813981,39402600,-0.0014292032878627792,-0.0014302255730334458,-0.14292032878627792,-0.1430225573033446
2025-08-20,225.5800323486328,230.0315543310328,225.3404986724704,229.54248102593337,42263900,-0.019734590701623533,-0.01993191816954049,-1.9734590701623533,-1.993191816954049
2025-08-21,224.47213745117188,226.08906587116957,223.3542730460458,225.8395414786139,30621200,-0.004911316333835347,-0.004923416482597182,-0.4911316333835347,-0.49234164825971816
2025-08-22,227.3267059326172,228.65417758009713,224.98118568943215,225.73973438952316,42477800,0.012716805363276906,0.01263662583012143,1.2716805363276906,1.263662583012143
2025-08-25,226.7278594970703,228.86378779922748,225.79962078901826,226.0491451945495,30983100,-0.002634298654397349,-0.002637774524759978,-0.2634298654397349,-0.2637774524759978
2025-08-26,228.87376403808594,229.0534295301293,224.26255788237486,226.43840339540802,54575100,0.009464670754514737,0.00942016138224148,0.9464670754514737,0.942016138224148
2025-08-27,230.05152893066406,230.46073738560713,227.82576024347395,228.17510050695543,31259500,0.005145914812595631,0.005132719840409774,0.5145914812595631,0.5132719840409774
2025-08-28,232.11758422851562,232.9659733126178,228.90370861616245,230.3809040856524,38074700,0.008980837064874514,0.008940749184059526,0.8980837064874514,0.8940749184059525
2025-08-29,231.69837951660156,232.9360260407387,230.92984008944924,232.0676707602769,39418400,-0.0018060015285242814,-0.0018076343154580796,-0.18060015285242814,-0.18076343154580796
2025-09-02,229.28298950195312,230.4108447009183,226.53822101083426,228.81388239599917,44075600,-0.010424716908628007,-0.010479434881734952,-1.0424716908628007,-1.0479434881734953
2025-09-03,238.01634216308594,238.395624134605,233.9141603097862,236.75874463665696,66427800,0.03808984120498149,0.0373823332188683,3.808984120498149,3.73823332188683
2025-09-04,239.3238525390625,239.4436193831587,236.28964239378743,237.9963808412042,47549400,0.005493363876168944,0.005478330383996061,0.5493363876168944,0.5478330383996061
2025-09-05,239.2340087890625,240.86091270031892,238.03629475202086,239.54341659874092,54870400,-0.00037540658420298634,-0.00037547706689504754,-0.037540658420298634,-0.03754770668950475
2025-09-08,237.42745971679688,239.69313028194867,235.89038089866295,238.84475646782593,48999500,-0.007551389041256629,-0.00758004513282915,-0.7551389041256629,-0.758004513282915
2025-09-09,233.9041748046875,238.3257397896772,232.9160527142261,236.54912730927947,66313900,-0.014839416284502027,-0.0149506219450665,-1.4839416284502027,-1.49506219450665
2025-09-10,226.35855102539062,231.97784546194652,225.52015268533836,231.7482872752143,83440800,-0.03225946602106422,-0.032791271045805905,-3.225946602106422,-3.2791271045805903
2025-09-11,229.59239196777344,230.01159113632517,226.21881717306923,226.44839058875493,50208600,0.014286365271970913,0.014185276809186579,1.4286365271970913,1.418527680918658
2025-09-12,233.62472534179688,234.0638755168574,228.58432913969838,228.78394562468256,55824200,0.01756300955560164,0.017410562270457654,1.7563009555601639,1.7410562270457655
2025-09-15,236.24969482421875,237.7368657054393,234.58287368836292,236.54912714503797,42699500,0.01123583763910907,0.0111731844856819,1.123583763910907,1.11731844856819
2025-09-16,237.6969451904297,240.76111223381088,235.87043992435724,236.72878926810645,63421100,0.006125935389198034,0.006107248126145962,0.6125935389198034,0.6107248126145962
2025-09-17,238.5353546142578,239.6432435766681,237.27774187166392,238.5153883976145,46508000,0.003527220020250743,0.003521013968839509,0.3527220020250743,0.3521013968839509
2025-09-18,237.42745971679688,240.74113579799257,236.199788714976,239.5134800259323,44249600,-0.004644573125239804,-0.004655392669439339,-0.46445731252398037,-0.46553926694393394
2025-09-19,245.032958984375,245.83144010441063,239.7530294205925,240.77107799962133,163741300,0.03203293872010393,0.03153058391446455,3.203293872010393,3.1530583914464545
2025-09-22,255.5928192138672,256.15178189089505,247.64797087114997,247.82763635806887,105517400,0.04309567281585802,0.042192900302590174,4.309567281585802,4.2192900302590175
2025-09-23,253.9459686279297,256.8504363399061,253.0975947938589,255.39322235208516,60275200,-0.006443258425658294,-0.006464105813548765,-0.6443258425658294,-0.6464105813548765
2025-09-24,251.8300018310547,255.2534845023776,250.56241362070242,254.73446948849343,42303700,-0.008332350414175016,-0.00836725849202465,-0.8332350414175016,-0.836725849202465
2025-09-25,256.3813171386719,256.6807646844572,251.2311452680336,252.72829161839874,55202100,0.018072966979806315,0.01791159235712427,1.8072966979806315,1.791159235712427
2025-09-26,254.97401428222656,257.10994249251326,253.2972024297037,253.61660096533106,46076300,-0.005489100657377954,-0.005504221127631377,-0.5489100657377954,-0.5504221127631377
2025-09-29,253.9459686279297,254.5148915782133,252.52867184357527,254.0757261912774,40127700,-0.004031962461707783,-0.0040401127374681736,-0.4031962461707783,-0.40401127374681733
2025-09-30,254.14559936523438,255.4331385813304,252.6284867333586,254.37515755125318,37704300,0.0007861150085717306,0.0007858061820065801,0.07861150085717306,0.07858061820065801
2025-10-01,254.9640350341797,258.29769267334166,254.44502000530687,254.55481135314994,48713900,0.0032203416899190263,0.0032151674950933427,0.3220341689919026,0.3215167495093343
2025-10-02,256.6408386230469,257.68882891050583,253.66649683440303,256.09186667190835,42630200,0.00657662791005964,0.006555096245001334,0.657662791005964,0.6555096245001334
2025-10-03,257.5291442871094,258.7468246365968,253.46689477740222,254.18552630266564,49155600,0.003461279462880995,0.0034553030219053762,0.3461279462880995,0.3455303021905376
2025-10-06,256.2016906738281,258.5771679771474,254.56481112131073,257.49920544747016,44664100,-0.005154576259537191,-0.0051679069167358494,-0.5154576259537191,-0.5167906916735849
2025-10-07,255.99208068847656,256.91031341337026,254.94405994391948,256.3214394907812,31955800,-0.0008181444267610916,-0.000818479289569163,-0.08181444267610916,-0.0818479289569163
2025-10-08,257.5690612792969,258.0281776413904,255.62275879770374,256.03198246417537,36496900,0.006160270999708617,0.006141374097297482,0.6160270999708617,0.6141374097297483
2025-10-09,253.55670166015625,257.50917476461467,252.65841993311406,257.3195337882977,38322000,-0.015577801150541859,-0.0157004100800648,-1.557780115054186,-1.57004100800648
2025-10-10,244.80340576171875,255.8922708493858,243.53581752909898,254.45500785015722,61999100,-0.034522045132806656,-0.035132010240949876,-3.4522045132806656,-3.513201024094988
2025-10-13,247.18885803222656,249.2149949644775,245.09284695690994,248.90558714178317,38142900,0.009744359001401026,0.009697188915848344,0.9744359001401026,0.9697188915848344
2025-10-14,247.29864501953125,248.37659224814226,244.23447809703134,246.13087266264282,35478000,0.0004441421356069508,0.00044404353368307243,0.04441421356069508,0.04440435336830724
2025-10-15,248.8656463623047,251.3409393203658,246.99920876557604,249.01537013681215,33893600,0.006336473629484196,0.0063164825844998175,0.6336473629484196,0.6316482584499817
2025-10-16,246.979248046875,248.56621957555782,244.66366953460536,247.7777291727393,39777000,-0.007579986804138628,-0.007608860906866748,-0.7579986804138628,-0.7608860906866748
2025-10-17,251.81002807617188,252.89796599708643,246.79958926324147,247.5481624372989,49147000,0.019559457191237417,0.019370629284000622,1.9559457191237417,1.9370629284000622
2025-10-20,261.7411193847656,263.87706298772724,255.14370850365398,255.4032084113237,90483000,0.0394388237214669,0.03868097494530444,3.94388237214669,3.868097494530444
2025-10-21,262.2701110839844,264.7853366806196,261.33189684706855,261.38182000576944,46695900,0.002021049273656983,0.0020190097011623834,0.2021049273656983,0.20190097011623834
2025-10-22,257.9583435058594,262.349966966352,254.94406918261987,262.15033525743416,45015300,-0.016440179021178225,-0.01657681841829787,-1.6440179021178225,-1.657681841829787
2025-10-23,259.0861511230469,260.12418111371363,257.51916110368444,259.4454820834593,32754900,0.004372053262009956,0.004362523603168023,0.4372053262009956,0.43625236031680226
2025-10-24,262.32000732421875,263.6275126875418,258.68691759501684,260.69310343226954,38253700,0.012481779466614773,0.012404524248105989,1.2481779466614773,1.2404524248105988
2025-10-27,268.2986145019531,268.60802232244004,264.1465248140549,264.37609822840903,44888200,0.02279127405766279,0.02253543297267336,2.279127405766279,2.253543297267336
2025-10-28,268.4882507324219,269.3765722048576,267.63986169210665,268.4782600095115,41534800,0.0007068103233436318,0.0007065606505676427,0.07068103233436318,0.07065606505676426
2025-10-29,269.1869201660156,270.8936584399069,266.6018207191691,268.76770579477784,51086700,0.0026022346664624774,0.0025988547161788934,0.26022346664624774,0.25988547161788933
2025-10-30,270.8836669921875,273.6184749716116,267.969239224885,271.4725408872279,69886500,0.006303229091240592,0.006283446827328092,0.6303229091240592,0.6283446827328092
2025-10-31,269.85565185546875,276.79244258078194,268.647962249571,276.4630533049319,86167100,-0.003795042898427692,-0.003802262344922466,-0.3795042898427692,-0.3802262344922466
2025-11-03,268.53814697265625,270.33474092754267,265.74348587775046,269.90556627002525,50194600,-0.004882257880291285,-0.004894215035782787,-0.4882257880291285,-0.4894215035782787
2025-11-04,269.5262756347656,270.9734988318123,267.11086611942017,267.8195068636227,49274800,0.003679658451690937,0.003672905070218473,0.3679658451690937,0.3672905070218473
2025-11-05,269.6260986328125,271.18312844251227,266.4221834255846,268.0989800730272,43683100,0.0003703646251622672,0.00037029605711407865,0.03703646251622672,0.03702960571140786
2025-11-06,269.25677490234375,272.8798740142925,267.38037702601645,267.38037702601645,51204000,-0.0013697625428008564,-0.0013707015250657905,-0.13697625428008564,-0.13707015250657906
2025-11-07,267.9592590332031,271.7719991063764,266.26248096015127,269.28671541495146,48227400,-0.0048188791892468386,-0.004830527423589156,-0.48188791892468386,-0.4830527423589156
2025-11-10,269.1781311035156,273.4741297822401,267.20997142836535,268.7085692371889,41312400,0.004548721603090611,0.004538407434672484,0.4548721603090611,0.4538407434672484
2025-11-11,274.99267578125,275.65206242273547,269.5477586519058,269.55775905965567,46208300,0.02160110352909128,0.02137110593244862,2.160110352909128,2.137110593244862
2025-11-12,273.21435546875,275.4722525277038,271.4460210796085,274.74292397164845,48398000,-0.0064667915516215535,-0.006487791833362907,-0.6466791551621554,-0.6487791833362907
2025-11-13,272.6948547363281,276.4413491841305,271.83564282199285,273.85374352181776,49602800,-0.0019014401037990014,-0.0019032501358421112,-0.19014401037990014,-0.1903250135842111
2025-11-14,272.15533447265625,275.70200347225597,269.3479639093673,270.7965900477885,47431300,-0.00197847614027602,-0.0019804359095259394,-0.19784761402760198,-0.19804359095259394
2025-11-17,267.2099609375,270.2371271729127,265.48159771217263,268.5687054184609,45018300,-0.01817114312581336,-0.018338265985077234,-1.817114312581336,-1.8338265985077236
2025-11-18,267.19000244140625,270.4569347049811,265.0719890725528,269.7376065335732,45677300,-7.469218596389826e-05,-7.469497556412872e-05,-0.007469218596389826,-0.007469497556412872
2025-11-19,268.3089294433594,271.9555110777923,265.2517925781922,265.2817633125939,40424500,0.004187757744410714,0.004179013490990589,0.4187757744410714,0.4179013490990589
2025-11-20,266.0010986328125,275.17250947675234,265.67142054546326,270.5768036466949,45823600,-0.00860139398019577,-0.008638599469070626,-0.8601393980195771,-0.8638599469070627
2025-11-21,271.2361755371094,273.0744516711978,265.4216397990326,265.70137680880595,59030800,0.01968065895668869,0.01948949882234899,1.968065895668869,1.9489498822348987
2025-11-24,275.6620788574219,276.7410558404627,270.64675212306133,270.64675212306133,65585800,0.016317525903571717,0.01618582582601152,1.6317525903571717,1.618582582601152
2025-11-25,276.7110900878906,280.1179060838009,274.9926967216935,275.012667049666,46914200,0.0038054245067611348,0.003798202195763628,0.3805424506761135,0.3798202195763628
2025-11-26,277.29052734375,279.26868736786383,276.3714044558947,276.70108254872224,33431400,0.002094015298321983,0.00209182590417099,0.20940152983219829,0.20918259041709902
2025-11-28,278.5893249511719,278.73917862681736,275.73198274965245,277.0008150112318,20135600,0.0046838874009274,0.004672952133414649,0.46838874009274,0.46729521334146495
2025-12-01,282.8353576660156,283.1550658399818,275.88187257202503,277.75011957449965,46587700,0.01524118957389331,0.015126209461309542,1.524118957389331,1.5126209461309543
2025-12-02,285.9224548339844,287.1313151163589,282.36578537497866,282.7354345985028,53669500,0.010914820528252767,0.010855683796743168,1.0914820528252767,1.0855683796743167
2025-12-03,283.8843688964844,288.35019153510143,283.0351573834178,285.9324708384744,43538700,-0.007128107299873898,-0.007153633631999635,-0.7128107299873898,-0.7153633631999635
2025-12-04,280.4375915527344,284.46382276925783,278.32954829392816,283.83440686502166,43989100,-0.012141483369261685,-0.012215793279375341,-1.2141483369261685,-1.2215793279375342
2025-12-05,278.5193786621094,280.8771882481053,277.79005013345267,280.27774306596746,47265800,-0.006840070477014848,-0.006863570983802831,-0.6840070477014848,-0.6863570983802831
2025-12-08,277.6302185058594,279.4085531850005,275.8918244790692,277.86998437615557,38211800,-0.0031924534677664207,-0.003197560218945108,-0.31924534677664207,-0.3197560218945108
2025-12-09,276.9208679199219,279.7682096639769,276.6611317163261,277.8999627322321,32193300,-0.0025550193698475887,-0.0025582890023414006,-0.25550193698475887,-0.25582890023414007
2025-12-10,278.5193786621094,279.48847306800184,276.1815698919154,277.490342786908,33038300,0.005772445948890148,0.005755849221286536,0.5772445948890148,0.5755849221286536
2025-12-11,277.77008056640625,279.3286197507982,273.5540244422053,278.83908758708685,33248000,-0.0026902907054526803,-0.0026939160410902646,-0.26902907054526803,-0.26939160410902646
2025-12-12,278.0198669433594,278.9589906850317,276.5612402656973,277.64021728323,39532900,0.0008992558753764257,0.0008988517870461178,0.08992558753764257,0.08988517870461178
2025-12-15,273.8537292480469,279.8880911943856,272.5849275039148,279.8880911943856,50409100,-0.014985035929685031,-0.015098445975886323,-1.498503592968503,-1.5098445975886323
2025-12-16,274.353271484375,275.2424541197232,271.53593087885605,272.5649667835892,37648600,0.0018241206270945831,0.0018224589395023538,0.1824120627094583,0.18224589395023538
2025-12-17,271.58587646484375,275.90184538512057,271.38608172110213,274.75292651919426,50138700,-0.010086976563313366,-0.010138194827446007,-1.0086976563313366,-1.0138194827446008
2025-12-18,271.935546875,273.374203136776,266.7004552212896,273.35420232069225,51630700,0.0012875132341483297,0.001286685099730744,0.12875132341483297,0.12866850997307439
2025-12-19,273.4141845703125,274.34330788170604,269.64768928264715,271.8955859651445,144632000,0.005437456457254575,0.005422726861126484,0.5437456457254575,0.5422726861126483
2025-12-22,270.7166748046875,273.62395794129594,270.25711338978425,272.6048920133635,36571800,-0.0098660198257976,-0.009915011500959322,-0.9866019825797601,-0.9915011500959322
2025-12-23,272.1053771972656,272.2452609569047,269.30800689497966,270.5868091030317,29642000,0.005129726100470355,0.005116613877828172,0.5129726100470355,0.5116613877828172
2025-12-24,273.55401611328125,275.17249671786806,271.9455359163183,272.085389177814,17910600,0.0053238158353827725,0.0053096944255422995,0.5323815835382772,0.53096944255423
2025-12-26,273.1444091796875,275.1125687682936,272.6049054553,273.9037084592662,21521800,-0.0014973530252399003,-0.0014984751785940306,-0.14973530252399003,-0.14984751785940306
2025-12-29,273.50408935546875,274.10350406329195,272.0954038139857,272.4350823114352,23715200,0.0013168132449112857,0.0013159470067161956,0.13168132449112857,0.13159470067161955
2025-12-30,272.82470703125,273.82377221524894,272.02546707967076,272.5549704076282,22139600,-0.002483993295382736,-0.0024870835251959533,-0.2483993295382736,-0.24870835251959533
2025-12-31,271.6058349609375,273.42414083736213,271.49595243002375,272.80472532736104,27293600,-0.004467601499789753,-0.004477611054965066,-0.4467601499789753,-0.44776110549650655
2026-01-02,270.75665283203125,277.58025431004916,268.7485221479618,272.0054842546519,37838100,-0.003126523879828924,-0.003131421666977736,-0.3126523879828924,-0.3131421666977736
2026-01-05,267.0101623535156,271.25618925068443,265.89121426121545,270.38700744645297,45647200,-0.013837113287258118,-0.013933738517613961,-1.3837113287258118,-1.393373851761396
2026-01-06,262.1147155761719,267.2998660934885,261.8749496989937,266.7503924619391,52352100,-0.018334308830022295,-0.018504465279846907,-1.8334308830022295,-1.8504465279846907
2026-01-07,260.08660888671875,263.4334831315393,259.56710600115036,262.95395138764474,48309800,-0.00773747740562758,-0.007767566996107173,-0.773747740562758,-0.7767566996107174
2026-01-08,258.7978515625,259.0476178563403,255.46096229095477,256.7797203952787,50419300,-0.004955108337700187,-0.004967425592754203,-0.4955108337700187,-0.49674255927542027
2026-01-09,259.1275329589844,259.9667440583015,255.98048371428257,258.8377955175017,39997000,0.0012738954148727721,0.0012730846985475868,0.1273895414872772,0.1273084698547587
2026-01-12,260.0067138671875,261.05572011368304,256.5599267903311,258.9177364764393,45263800,0.0033928502238405045,0.0033871074933367975,0.33928502238405045,0.33871074933367973
2026-01-13,260.8059387207031,261.56523797230057,258.148452318208,258.4781303943212,45730800,0.0030738623692765366,0.003069147713342097,0.30738623692765366,0.3069147713342097
2026-01-14,259.71697998046875,261.57525710051715,256.4700180914029,259.247418118488,40019400,-0.0041753602144793955,-0.004184101371076401,-0.41753602144793955,-0.41841013710764013
2026-01-15,257.9685974121094,260.7959687899761,256.8096782083212,260.40631875644857,39388600,-0.00673187624656213,-0.006754637533752875,-0.673187624656213,-0.6754637533752875
2026-01-16,255.29112243652344,258.6579671912775,254.69167723491495,257.6589020182799,72142800,-0.010379073276537754,-0.010433311478838362,-1.0379073276537754,-1.0433311478838363
2026-01-20,246.46937561035156,254.55180921698133,243.19244305608962,252.49373739571587,80267500,-0.03455563492367564,-0.035166801688047915,-3.4555634923675638,-3.5166801688047915
2026-01-21,247.41848754882812,251.3248360900433,244.9507953165175,248.46750904444812,54641700,0.003850831106810837,0.003843435636429064,0.3850831106810837,0.3843435636429064
2026-01-22,248.1178436279297,250.76536025794266,247.9180183962477,248.96703988447874,39708300,0.0028266120532465244,0.002822624697434856,0.28266120532465244,0.2822624697434856
2026-01-23,247.80812072753906,249.17685039145397,244.45126111041233,247.08880782235642,41689000,-0.001248289505752287,-0.001249069268077672,-0.12482895057522869,-0.1249069268077672
2026-01-26,255.17123413085938,256.32015295784896,249.5664780183616,251.24490015634893,55969200,0.029712962519965025,0.029280086238765112,2.9712962519965025,2.928008623876511
2026-01-27,258.0285339355469,261.70511669708895,257.96859246831417,258.92771692213245,49648300,0.011197578028024013,0.011135349261250545,1.1197578028024013,1.1135349261250544
2026-01-28,256.2002868652344,258.61800761819165,254.27208306792676,257.409147241713,41288000,-0.007085445328186779,-0.007110666301096413,-0.7085445328186779,-0.7110666301096413
2026-01-29,258.0385437011719,259.4072580677027,254.17216647920577,257.75880668092503,67253000,0.007175077196164281,0.00714945879943628,0.7175077196164281,0.714945879943628
2026-01-30,259.2374267578125,261.6551472598355,251.94423313215475,254.93144331105526,92443400,0.0046461394466286166,0.004635379456155208,0.46461394466286166,0.46353794561552075
2026-02-02,269.7575988769531,270.2371306501278,258.9676766447768,259.7869174093499,73913400,0.04058122413384724,0.039779426403429755,4.058122413384724,3.9779426403429756
2026-02-03,269.22808837890625,271.6258386480508,267.3598109321867,268.9483513556569,64394700,-0.0019629122599374993,-0.0019648412969745957,-0.19629122599374993,-0.19648412969745957
2026-02-04,276.23150634765625,278.68922850453845,272.03545112075,272.03545112075,90545700,0.026012954335186356,0.0256803727265563,2.6012954335186356,2.56803727265563
2026-02-05,275.6520690917969,279.2387093202658,272.97458180817284,277.86999494352693,52977400,-0.0020976508564164442,-0.0020998540074744607,-0.20976508564164442,-0.20998540074744607
2026-02-06,277.8599853515625,280.6473855638201,276.67109542368036,276.8609202349588,50453400,0.008009793893585249,0.007977885766246336,0.8009793893585249,0.7977885766246336
2026-02-09,274.6199951171875,278.20001220703125,271.70001220703125,277.9100036621094,44623400,-0.01166051394653178,-0.011729030888589332,-1.166051394653178,-1.1729030888589331
2026-02-10,273.67999267578125,275.3699951171875,272.94000244140625,274.8900146484375,34376900,-0.003422920610733904,-0.0034287922059860762,-0.3422920610733904,-0.34287922059860765
2026-02-11,275.5,280.17999267578125,274.45001220703125,274.70001220703125,51931300,0.0066501292492171515,0.006628114685600525,0.6650129249217152,0.6628114685600526
2026-02-12,261.7300109863281,275.7200012207031,260.17999267578125,275.5899963378906,81077200,-0.049981811301894274,-0.051274148572826785,-4.998181130189428,-5.1274148572826785
2026-02-13,255.77999877929688,262.2300109863281,255.4499969482422,262.010009765625,56290700,-0.022733396848946263,-0.022995784787441406,-2.2733396848946263,-2.2995784787441407
2026-02-17,263.8800048828125,266.2900085449219,255.5399932861328,258.04998779296875,58469100,0.031667863563111576,0.03117677762588167,3.1667863563111576,3.117677762588167
2026-02-18,264.3500061035156,266.82000732421875,262.45001220703125,263.6000061035156,34203300,0.0017811172199722058,0.0017795329116435036,0.17811172199722058,0.17795329116435035
2026-02-19,260.5799865722656,264.4800109863281,260.04998779296875,262.6000061035156,30845300,-0.014261469431454121,-0.0143641415256223,-1.4261469431454121,-1.43641415256223
2026-02-20,264.5799865722656,264.75,258.1600036621094,258.9700012207031,42070500,0.015350373037534393,0.015233748038497256,1.5350373037534393,1.5233748038497257
2026-02-23,266.17999267578125,269.42999267578125,263.3800048828125,263.489990234375,37266000,0.006047343656806037,0.006029131859271349,0.6047343656806037,0.6029131859271348
