Date,Close,High,Low,Open,Volume,daily_return,log_return
2016-02-19,21.75117874145508,21.91424491280335,21.69682392697512,21.742119317723684,141496800,-0.002285999549781703,-0.0022886164356464437
2016-02-22,21.941429138183597,21.945959715589726,21.724008076232284,21.812335328652846,137123200,0.008746670651274657,0.008708640126958739
2016-02-23,21.4454402923584,21.85536946725895,21.41373315882516,21.83272176157937,127770400,-0.022605129442642036,-0.02286454220839268
2016-02-24,21.764772415161133,21.82818666911204,21.135156996778832,21.28463493358496,145022800,0.01489044377030213,0.01478066949599876
2016-02-25,21.91424369812012,21.91424369812012,21.57225781482665,21.753442823594813,110330800,0.00686757849371622,0.006844104090122007
2016-02-26,21.948219299316406,22.199610986924736,21.87348034272305,22.013897103452752,115964400,0.0015503889463088782,0.0015491883341501433
2016-02-29,21.898401260375977,22.247181456239563,21.88934183254598,21.93690253272158,140865200,-0.002269798668449674,-0.0022723785660854513
2016-03-01,22.76807975769043,22.822434582820552,22.06372540771771,22.11581667240276,201628400,0.03971424612115815,0.03894591205387733
2016-03-02,22.817909240722656,22.84961637091377,22.56651575998669,22.763554407239177,132678400,0.002188567659747287,0.002186176234108896
2016-03-03,22.987768173217773,23.035328865537437,22.74996298371058,22.779406551271965,147822800,0.007444105886440067,0.0074165352713909324
2016-03-04,23.32975578308105,23.49735086204157,22.958327917325843,23.184808407562382,184220400,0.014876938347660795,0.014767362135992371
2016-03-07,23.07156753540039,23.28898859276928,22.865469465490182,23.189336626842675,143315600,-0.011066907432777384,-0.01112860124827925
2016-03-08,22.88132095336914,23.04665245202157,22.73863888339616,22.824700837488127,126247600,-0.00824593221675729,-0.008280117974488075
2016-03-09,22.901704788208008,23.005885592690777,22.70919501445261,22.944734900725788,108806800,0.000890850439990265,0.0008904538682436499
2016-03-10,22.913026809692383,23.155360823111348,22.682017509985283,22.96738336201888,134054400,0.0004943746148629025,0.0004942524519941479
2016-03-11,23.159893035888672,23.16442188494813,22.987767397179063,23.15536245892038,109632800,0.010774055660418558,0.01071642906796704
2016-03-14,23.21877670288086,23.30710567463495,23.05118164121407,23.08062520776838,100304400,0.0025424844104824373,0.002539257764967082
2016-03-15,23.68532943725586,23.82121738210756,23.519997923615165,23.54491091509402,160270800,0.020093768950244062,0.019894553414221184
2016-03-16,24.00013732910156,24.07713986478873,23.687593153195103,23.692123730534927,153214000,0.013291260849026765,0.013203706989100549
2016-03-17,23.961631774902344,24.11337325837161,23.77138730256809,23.89821579885181,137682800,-0.0016043889112469234,-0.0016056773213945638
2016-03-18,23.98881149291992,24.120170583094065,23.823481713829104,24.08393287770441,176820800,0.0011343016315792376,0.0011336587975494066
2016-03-21,23.986549377441406,24.380624943797773,23.81215843358732,23.991078226933524,142010800,-9.429877254152341e-05,-9.430321895030429e-05
2016-03-22,24.16999244689941,24.299086226519456,23.82800650415177,23.837065928955983,129777600,0.007647747350876921,0.007618651581675195
2016-03-23,24.03637313842773,24.24926534626152,23.98428359475072,24.11564269013365,102814000,-0.005528314035067927,-0.0055436517169032175
2016-03-24,23.932188034057617,24.063547105898483,23.755533564710287,23.886892636551156,104532000,-0.004334476910060503,-0.004343897988590142
2016-03-28,23.8234806060791,24.04996107050679,23.79403703984186,24.006929229334705,77645600,-0.004542310457523402,-0.004552658096351553
2016-03-29,24.38741111755371,24.412324101396788,23.75326526539828,23.755530553359044,124760400,0.023671205765404046,0.02339538693776599
2016-03-30,24.81319999694824,25.007973341395772,24.595778950848203,24.60710366562889,182404400,0.017459371859608774,0.017308708161108362
2016-03-31,24.684106826782227,24.8902048912702,24.65919383595601,24.849438336091747,103553600,-0.005202600639252042,-0.005216181289569585
2016-04-01,24.91058349609375,24.912848784343115,24.5051832948904,24.63654236681501,103496000,0.009174999561490926,0.009133164946699577
2016-04-04,25.1665153503418,25.408849431326896,24.974005531017948,25.00797795371681,149424800,0.010274020850943977,0.010221601829081483
2016-04-05,24.86981773376465,25.07818106158013,24.781490496240934,24.80187463531264,106314800,-0.011789380152430251,-0.011859425970096578
2016-04-06,25.13027000427246,25.13480058080752,24.731663936712053,24.96494024682486,105616400,0.010472624821620924,0.0104181667688197
2016-04-07,24.58219146728516,25.00797414695786,24.487070080535236,24.90152804506245,127207600,-0.021809496551136176,-0.02205083911367602
2016-04-08,24.609373092651367,24.86076486955153,24.498396398446378,24.66599322025871,94326800,0.0011057445957323164,0.0011051337104574111
2016-04-11,24.690900802612305,25.051005658976692,24.64787068702946,24.679577815525835,117630000,0.003312872280573531,0.0033073968088927364
2016-04-12,25.01250457763672,25.026092853404545,24.609369602707936,24.76337466916709,108929200,0.013025194082444624,0.012941095719805755
2016-04-13,25.37487030029297,25.442813399819443,25.094035020850985,25.094035020850985,133029200,0.014487382562249795,0.014383443106587955
2016-04-14,25.388452529907227,25.45413205334804,25.214063381943124,25.27974290538393,101895600,0.0005352630162644978,0.0005351198141144719
2016-04-15,24.878881454467773,25.433759691123253,24.851704901558435,25.39072784513812,187756000,-0.020070978128311934,-0.020275136601999536
2016-04-18,24.34212875366211,24.67505368992081,24.21982905695286,24.66146541070068,243286000,-0.021574631551985357,-0.021810766441617852
2016-04-19,24.213031768798828,24.45989469138026,24.059024955329328,24.43271640856477,129539600,-0.005303438584592146,-0.005317551735938887
2016-04-20,24.262853622436523,24.48027467966977,24.020519573737165,24.15187866912047,122444000,0.0020576462342025703,0.0020555321796775113
2016-04-21,24.00013732910156,24.217558387870543,23.89822007386333,24.217558387870543,126210000,-0.010827922280832736,-0.010886970867147577
2016-04-22,23.9344539642334,24.115639014935997,23.694385240774857,23.78271247781748,134732400,-0.0027367912094617974,-0.0027405430694590095
2016-04-25,23.798564910888672,23.92765869181828,23.669471129959064,23.780446061096438,112126400,-0.005677549759346645,-0.005693728310394736
2016-04-26,23.633235931396484,23.848393407654267,23.533585702810782,23.533585702810782,224064800,-0.006947014667113116,-0.006971257515696493
2016-04-27,22.154312133789062,22.355879546778908,21.66964422750917,21.742117884675096,458408400,-0.06257813368852672,-0.0646218672118539
2016-04-28,21.477140426635746,22.16790472824773,21.345781357430408,22.106755770050007,328970800,-0.030566135525395777,-0.031043022743218834
2016-04-29,21.230283737182617,21.452235409950184,20.95171366158771,21.28690386791922,274126000,-0.011493927243078406,-0.011560492984244445
2016-05-02,21.207632064819336,21.30728402921264,20.92679675269424,21.282371038114317,192640400,-0.0010669509952714318,-0.0010675205926756425
2016-05-03,21.556400299072266,21.683228745183268,21.21667976592524,21.334448790470027,227325200,0.016445411405995314,0.016311650141523273
2016-05-04,21.332189559936523,21.719470838965908,21.248391189374903,21.5609335212473,164102000,-0.010401121524236667,-0.010455591215168716
2016-05-05,21.24560546875,21.43472914791066,21.11800478807721,21.41877906282656,143562000,-0.004058846886919376,-0.004067106362819572
2016-05-06,21.127124786376957,21.293461182259097,20.928886473720148,21.27523375065416,174799600,-0.005576714796258209,-0.0055923227245747754
2016-05-09,21.1430721282959,21.366373347698225,21.09749920913177,21.1909223895964,131745600,0.0007548278376821038,0.000754543098426902
2016-05-10,21.28662109375,21.320800345595995,20.988125887048184,21.266114585699786,134747200,0.00678940905952774,0.006766464815199888
2016-05-11,21.079269409179688,21.320799769083543,21.067875746062786,21.30029326158782,114876400,-0.009740939327904541,-0.009788692638511768
2016-05-12,20.584815979003903,21.14079343395983,20.38657942691291,21.127122427175387,305258800,-0.023456858042739337,-0.023736349449552163
2016-05-13,20.625837326049805,20.887876049836084,20.507351173070024,20.507351173070024,177571200,0.0019927963936010595,0.0019908134088873785
2016-05-16,21.391437530517575,21.50764629869804,20.88331209704313,21.05192754803012,245039200,0.037118502990462376,0.036446197540566834
2016-05-17,21.30257606506348,21.5782857465761,21.193204520187564,21.54410822532073,187667600,-0.004154067033939279,-0.004162719139664999
2016-05-18,21.5463809967041,21.694489931630287,21.39371563938697,21.455238641453214,168249600,0.011444856757979904,0.011379859835077227
2016-05-19,21.464357376098636,21.5646160805006,21.320806562601756,21.5646160805006,121768400,-0.0038068397944885923,-0.003814104251375362
2016-05-20,21.696765899658203,21.74461615082954,21.537263323991663,21.56460706970189,128104000,0.01082764880808229,0.0107694495492595
2016-05-23,21.97247695922852,22.14565055016951,21.79930336828752,21.84487628086613,152074400,0.012707472664147623,0.012627410280341965
2016-05-24,22.307430267333984,22.35072236083805,22.06589817902436,22.152485842890183,140560800,0.01524422161083594,0.015129195975692684
2016-05-25,22.699352264404297,22.72669427765415,22.35528411076761,22.482884808411256,152675200,0.017569123488160088,0.01741657065925875
2016-05-26,22.879358291625977,22.95227321448298,22.4760462664256,22.713020200318088,225324800,0.007930007214520973,0.00789872995111527
2016-05-27,22.86568832397461,22.893032075275944,22.615043354880893,22.658337193167394,145364800,-0.0005974803784759564,-0.0005976589410059027
2016-05-31,22.75403594970703,22.877080213373,22.51706200543505,22.694792029031795,169228800,-0.0048829658082285565,-0.004894926437217127
2016-06-01,22.435029983520508,22.68111848328965,22.40540889571504,22.56263065521024,116693200,-0.014019753106289334,-0.014118958156534758
2016-06-02,22.26642799377441,22.293770017956604,22.01806026406401,22.23908423116241,160766400,-0.007515122104581162,-0.007543502914278102
2016-06-03,22.31198501586914,22.391735433109687,22.20489085339096,22.28236392901657,114019600,0.0020459959768790448,0.002043905777650914
2016-06-06,22.473766326904297,23.216588270279274,22.2276795581887,22.32793648676586,93170000,0.007250870369448936,0.007224709193636191
2016-06-07,22.56491470336914,22.756317491473023,22.54896461589625,22.615044046406567,89638000,0.004055767739995053,0.004047565284704079
2016-06-08,22.544408798217773,22.68568050864705,22.485164869544324,22.562636228369517,83392400,-0.0009087517245658372,-0.0009091648897429644
2016-06-09,22.706186294555664,22.783657644976127,22.43503309122601,22.44414767452766,106405600,0.007175947605717603,0.007150323007851402
2016-06-10,22.51933860778809,22.63782469767143,22.439588187825372,22.450980111575035,126851600,-0.008228933046866449,-0.008262977612015667
2016-06-13,22.179834365844727,22.58542558014755,22.125148593635664,22.487445963290416,152082000,-0.015076119590206272,-0.015190919567989318
2016-06-14,22.20717430114746,22.439591835307525,22.0453943548038,22.175274127977108,127727600,0.0012326483079980743,0.001231889220800135
2016-06-15,22.134262084960938,22.42364449789377,22.109197411764256,22.289206547254377,117780800,-0.003283273017889332,-0.0032886747856372294
2016-06-16,22.22767639160156,22.27324755824188,21.89044384780605,21.97702975979409,125307200,0.00422034880955402,0.004211468115167631
2016-06-17,21.721834182739254,22.022608481926333,21.714998679780532,22.01577297896761,244032800,-0.022757313897795894,-0.023020258499571948
2016-06-20,21.66942977905273,22.00438339354534,21.653479689716388,21.87450359796957,137647600,-0.0024125220386851387,-0.0024154368589678725
2016-06-21,21.85399436950684,21.954251316406683,21.573726562077685,21.63297048872019,142185600,0.008517279519395737,0.008481212146749947
2016-06-22,21.77196311950684,22.07729383554068,21.7263902032435,21.931463980356007,116876400,-0.0037536044264044888,-0.003760666878138757
2016-06-23,21.89729118347168,21.940585032078385,21.703611012931944,21.860834578141965,128960800,0.005756397035807437,0.005739892290677241
2016-06-24,21.282062530517575,21.569165783341536,21.111168026908118,21.170411941586124,301245600,-0.02809610776964444,-0.028498355716500747
2016-06-27,20.9721794128418,21.202317893911776,20.84913512806466,21.190924228524736,181958400,-0.014560765303241352,-0.014667813654398525
2016-06-28,21.32535552978516,21.341307353025577,20.99496017079048,21.168133761908027,161779600,0.016840220083521817,0.016699995661084252
2016-06-29,21.509933471679688,21.54411273852452,21.334480713143414,21.41195383388702,146124000,0.008655327768708254,0.008618085162999783
2016-06-30,21.783357620239254,21.822093299821137,21.48714145243588,21.51904162837733,143345600,0.012711529253196518,0.012631415959211434
2016-07-01,21.84943962097168,21.98159850165106,21.72183890220781,21.758295505384886,104106000,0.003033600323901764,0.0030290082431203703
2016-07-05,21.644363403320312,21.737786589539503,21.52359820234758,21.735507508833635,110820800,-0.009385879968039523,-0.00943020490984121
2016-07-06,21.76740264892578,21.79702547596092,21.503086716361015,21.55549339146673,123796400,0.00568458601959132,0.005668489732161659
2016-07-07,21.860820770263672,21.988421415965966,21.78790586722973,21.806133289166905,100558400,0.004291652194089446,0.004282469318575677
2016-07-08,22.029449462890625,22.077299733929525,21.88589864977392,21.986155615480897,115648400,0.007713740229567723,0.007684141449494011
2016-07-11,22.097801208496094,22.250466560475083,22.04083636924164,22.045392791473265,95179600,0.0031027441571160885,0.003097940580079343
2016-07-12,22.19806480407715,22.26186516503708,22.129708019518414,22.141099947730144,96670000,0.00453726570508306,0.00452700334537014
2016-07-13,22.072738647460938,22.25502510742093,22.06590140581734,22.19578292060921,103568800,-0.005645814521326731,-0.005661812374487812
2016-07-14,22.510231018066406,22.555802204078333,22.175277411747874,22.191227500694986,155676000,0.019820484335585364,0.019626616057684326
2016-07-15,22.50794982910156,22.626437683121686,22.4441494792888,22.539850004007945,120548000,-0.00010134009566653557,-0.00010134523092097147
2016-07-18,22.74720573425293,22.815562515447628,22.466937889909502,22.489723483641068,145975600,0.010629839988448353,0.010573740441982574
2016-07-19,22.75631523132324,22.78593632270833,22.635548308532545,22.68567764659114,95119600,0.0004004666409023194,0.0004003864755387368
2016-07-20,22.77682304382324,22.89075273196067,22.72669370289412,22.78593762748573,105104000,0.0009011921434349812,0.0009007863135974256
2016-07-21,22.65605735778809,23.013796501190217,22.587698851026797,22.74720145399346,130808000,-0.005302130406984018,-0.005316236584365385
2016-07-22,22.48060607910156,22.62643593553281,22.40085390956624,22.617321352202232,113254800,-0.007744122285522792,-0.007774263713954892
2016-07-25,22.179834365844727,22.52162348440273,22.08413382987153,22.38718726554934,161531600,-0.013379163897918045,-0.013469471307509098
2016-07-26,22.02717018127441,22.323388128927636,21.970205325066445,22.061349442685085,224959200,-0.006883017341437259,-0.006906814565969765
2016-07-27,23.458120346069336,23.777123796795603,23.41254916957799,23.758894630827488,369379200,0.06496295951857656,0.06294001876179356
2016-07-28,23.774845123291016,23.79990979231886,23.42849965611466,23.430778736506912,159479200,0.013501711669526406,0.013411375778275853
2016-07-29,23.74522399902344,23.822697086391937,23.62445881483596,23.74066757667422,110934800,-0.0012459018813357758,-0.001246678662347048
2016-08-01,24.16449546813965,24.187281065548262,23.79080610766344,23.79080610766344,152671600,0.017657086289581958,0.017503010978328983
2016-08-02,23.806745529174805,24.169041059345936,23.69737227683456,24.164484637278324,135266400,-0.014804775851270269,-0.014915460343190263
2016-08-03,24.105243682861328,24.11663560864509,23.872826144980184,23.88194072866465,120810400,0.012538385531139395,0.012460430915622486
2016-08-04,24.254152297973636,24.283933851774712,24.118986096899697,24.187714910713066,109634800,0.006177436622147869,0.0061584344767503475
2016-08-05,24.622995376586918,24.661940892005887,24.32517282231439,24.34579041947273,162213600,0.015207419912346198,0.01509294620963949
2016-08-08,24.826889038085938,24.826889038085938,24.549685824604097,24.63215796233773,112148800,0.008280619736983574,0.008246523501362457
2016-08-09,24.927690505981445,24.957473812255955,24.744416553749847,24.794817458663687,105260800,0.004060173134897038,0.004051952874894786
2016-08-10,24.74212646484375,24.94831120162012,24.68714445098562,24.904782827232136,96034000,-0.0074440927888272945,-0.007471938323447422
2016-08-11,24.726089477539062,24.95518323652753,24.707761557336784,24.86125395637585,109938000,-0.0006481652790626402,-0.0006483754289899621
2016-08-12,24.78335952758789,24.84292438617509,24.691721686956768,24.691721686956768,74641600,0.0023161790343293465,0.0023135008263453776
2016-08-15,25.0811767578125,25.09492181924825,24.76044525749188,24.774190318927623,103472800,0.012016822412356687,0.011945193664225664
2016-08-16,25.05827140808105,25.25300247569181,25.01932589369748,25.115544840238,135177600,-0.0009132486068188506,-0.0009136658723919242
2016-08-17,25.021623611450195,25.05598802895373,24.82001996094777,24.99413172787799,101424000,-0.0014625029809134382,-0.0014635734822662804
2016-08-18,24.989545822143555,25.108673799051683,24.975799009073988,25.02391023304765,87938800,-0.0012820027111254406,-0.0012828251796141441
2016-08-19,25.053691864013672,25.12929321865578,24.8245981211078,24.918525646819003,101472400,0.0025669150742737568,0.0025636261747893152
2016-08-22,24.858959197998047,24.99412364921774,24.707756508993324,24.93914164769162,103280800,-0.007772613596135569,-0.0078029777990065415
2016-08-23,24.93685340881348,25.044527746957115,24.86354348145878,24.877288546635743,85030800,0.003133446183125166,0.0031285471718249212
2016-08-24,24.748992919921875,24.913940668833003,24.668810471936265,24.87270373160522,94700400,-0.007533448018153255,-0.007561967762633354
2016-08-25,24.64361953735352,24.714638054720496,24.43972619897668,24.60238258420725,100344800,-0.00425768365239354,-0.004266773397449919
2016-08-26,24.499282836914062,24.73066623435003,24.35495267551242,24.606957164357716,111065200,-0.005856960265949507,-0.005874179525660216
2016-08-29,24.471790313720703,24.613829044778868,24.350370925679744,24.4259722703323,99881200,-0.0011221766521236631,-0.0011228067637847874
2016-08-30,24.283937454223636,24.398484329007708,24.16939057943956,24.238119403448643,99455600,-0.007676302268401769,-0.007705916727029785
2016-08-31,24.30684471130371,24.41451904542296,24.20146180391049,24.206044657362558,118649600,0.0009433090133450506,0.0009428643769954028
2016-09-01,24.451171875,24.467208364417324,24.196877722920807,24.31600568032861,106806000,0.005937716943950733,0.005920158174415996
2016-09-02,24.680265426635746,24.742119957477087,24.471789317657468,24.6733911473456,107210000,0.009369430340882001,0.00932580948512253
2016-09-06,24.673397064208984,24.81085471743533,24.62987043867753,24.71921686456665,107521600,-0.0002782937017908882,-0.0002783324326689894
2016-09-07,24.82460021972656,24.91623807420509,24.52906905665283,24.70318080537736,169457200,0.0061281855564554455,0.00610948459045133
2016-09-08,24.173967361450195,24.57488135148412,24.10982140270017,24.57030024636467,212008000,-0.026209197832694486,-0.026558780577686146
2016-09-09,23.626436233520508,24.219789915352397,23.626436233520508,23.972368262360416,186228000,-0.022649618068187882,-0.022910060800134364
2016-09-12,24.155637741088867,24.21978369067191,23.48897430539501,23.516466175721764,181171200,0.02239870212916606,0.022151535204848364
2016-09-13,24.73067092895508,24.923110598072498,24.568014567543862,24.629870862128524,248704800,0.02380534076680907,0.02352641163919576
2016-09-14,25.605810165405277,25.89446880795095,24.879583326570245,24.9093666355964,443554800,0.035386797186548025,0.03477507399094695
2016-09-15,26.47636604309082,26.513021884030763,25.99985059795173,26.08461591924033,359934400,0.033998372715490444,0.03343320230887757
2016-09-16,26.327455520629883,26.604658771448115,26.12585363308392,26.373275323149475,319547600,-0.005624280999083631,-0.0056401568221722985
2016-09-19,26.020463943481445,26.616107238589027,25.944862599866276,26.389304955589807,188092000,-0.01166051071315577,-0.011729027617065678
2016-09-20,26.018178939819336,26.144181210282788,25.775340107122563,25.899050950528483,138057200,-8.781563876314458e-05,-8.781949478209776e-05
2016-09-21,26.013595581054688,26.11439564085053,25.759301382936105,26.082322656209136,144012800,-0.000176159860198144,-0.0001761753781687723
2016-09-22,26.258724212646484,26.33203413703288,26.11668546946502,26.196867926161627,124296000,0.009423096889009885,0.009378976462329608
2016-09-23,25.821157455444336,26.29767289527699,25.555409602975875,26.21290757493233,209924800,-0.016663671610954056,-0.016804072501650977
2016-09-26,25.86009979248047,25.97693808498759,25.55540645783113,25.57602405470779,119477600,0.0015081561352674466,0.0015070200099627244
2016-09-27,25.9082088470459,25.928828191435294,25.73638855113548,25.887591250502936,98429600,0.0018603584267458118,0.0018586301032100165
2016-09-28,26.10523223876953,26.26330748633983,25.98610425724975,26.045669121932946,118564400,0.007604670507590727,0.00757590076504198
2016-09-29,25.69973564147949,26.07086812688124,25.612680650119508,25.924248274145206,143548000,-0.01553315418078638,-0.01565505763129779
2016-09-30,25.899045944213867,25.97235586526352,25.61267879201268,25.763879739494783,145516400,0.007755344471819914,0.007725426371772304
2016-10-03,25.77762985229492,25.899051016800733,25.722647837700507,25.82115822726581,86807200,-0.004688052686592337,-0.004699076071220291
2016-10-04,25.887590408325195,26.187702622774587,25.80282510254227,25.901335472240014,118947200,0.004265735704187978,0.004256663244963785
2016-10-05,25.899045944213867,26.03879325431576,25.81657206455221,25.97922839726092,85812400,0.000442510705244592,0.0004424128262563995
2016-10-06,26.09148406982422,26.19457554641964,25.91737235029872,26.04795570298124,115117200,0.007430317163993561,0.007402848341536668
2016-10-07,26.13043212890625,26.244979001991545,26.004431617220373,26.187705565448898,97433600,0.0014927498557690821,0.0014916368122291762
2016-10-10,26.58633041381836,26.74669533984366,26.28163530652368,26.350362382885976,144944000,0.017447024322563065,0.017296572431357817
2016-10-11,26.64360618591309,27.19114015712052,26.62069541060492,26.964336066066327,256164000,0.002154331613397842,0.002152014368526724
2016-10-12,26.88186264038086,27.02848426396819,26.74669815249531,26.884154067521216,150347200,0.008942350101006191,0.00890260406127411
2016-10-13,26.799388885498047,26.904771805638177,26.51073025772928,26.75586051167074,140769600,-0.003068007451199617,-0.0030727234343109625
2016-10-14,26.94829368591309,27.07200450459943,26.83374682577903,27.005567115980117,142608800,0.005556275967756097,0.005540896807381371
2016-10-17,26.929975509643555,26.996411170135023,26.753572313885545,26.87957459656984,94499600,-0.0006797527325119734,-0.0006799838691504287
2016-10-18,26.911645889282227,27.08117479250557,26.9070630350118,27.07430225894672,98214000,-0.0006806400679705282,-0.0006808718085821887
2016-10-19,26.831457138061523,26.97807697915642,26.07086605693936,26.861238692461733,80138400,-0.002979704457713561,-0.0029841526153689315
2016-10-20,26.817716598510746,26.891026536204105,26.65047912245094,26.77189854289493,96503200,-0.000512105603511448,-0.0005122367743701547
2016-10-21,26.712326049804688,26.78334628794399,26.63901613303072,26.760435518827016,92770800,-0.003929885242799136,-0.003937627532673913
2016-10-24,26.952880859375,26.97349845853765,26.803969567762543,26.826878593892157,94154800,0.009005386094861345,0.00896507940961439
2016-10-25,27.09033203125,27.115532479943987,26.874983377990965,27.021603217021607,192516000,0.005099683873948102,0.0050867245265178935
2016-10-26,26.48094367980957,26.5061441301924,25.95861024977724,26.187703982096437,264536800,-0.022494680048124605,-0.02275154473141542
2016-10-27,26.226652145385746,26.542800877615743,26.139595405493814,26.435126540073536,138248000,-0.009602812403460836,-0.009649216720074768
2016-10-28,26.05254173278809,26.393890933552548,25.99068544101169,26.086906145125347,151446800,-0.006638682346205904,-0.0066608164129317
2016-10-31,26.01129913330078,26.16937434698233,25.93340636574529,26.036499580347005,105677600,-0.0015830547326367572,-0.0015843090877633514
2016-11-01,25.541662216186523,26.063995697126007,25.32173242146709,25.99297719249639,175303200,-0.01805511192299536,-0.018220094323752867
2016-11-02,25.56456756591797,25.738679283809557,25.482095434123416,25.521040947329865,113326800,0.0008967838325311117,0.0008963819621525928
2016-11-03,25.290552139282227,25.665891571470038,25.22607682644707,25.55536296570134,107730400,-0.010718562945733257,-0.010776420546511534
2016-11-04,25.06258201599121,25.387263508213582,24.89448592624151,24.99119888939781,123348000,-0.00901404295309649,-0.009054915240035214
2016-11-07,25.424108505249023,25.447135151133345,25.2053509772968,25.348118992692346,130240000,0.014424949872568593,0.01432190009292212
2016-11-08,25.573776245117188,25.725755232572485,25.260609019591147,25.401073808547093,97016800,0.005886843184187418,0.005869583426714419
2016-11-09,25.532337188720703,25.63365655178101,24.88067441825933,25.30206718672597,236705600,-0.0016203729945590828,-0.0016216872187606356
2016-11-10,24.82079696655273,25.580686712107354,24.36946809636885,25.580686712107354,228538000,-0.027868197764609914,-0.028263884706809433
2016-11-11,24.96817398071289,25.069493334010403,24.53526705113169,24.666520869348684,136575600,0.005937642306923507,0.005920083977943654
2016-11-14,24.34183883666992,24.825405432611905,23.96649941002581,24.802378786485235,204702000,-0.025085340422843716,-0.02540534045395879
2016-11-15,24.664216995239254,24.795470809824764,24.44546122320357,24.539870998765544,129058000,0.013243788225386188,0.013156855962595044
2016-11-16,25.327394485473636,25.38266054531642,24.5467793976046,24.56980604412884,235362000,0.0268882442269458,0.02653310733006463
2016-11-17,25.31818008422852,25.41028841480842,25.06027886678912,25.28594243204859,110528000,-0.0003638116526515356,-0.0003638778481664581
2016-11-18,25.343515396118164,25.454045768065143,25.25140880245312,25.265224440138745,113715600,0.0010006766602244088,0.0010001763170952246
2016-11-21,25.72806167602539,25.787930596694206,25.331997090331967,25.35732692477656,117058400,0.015173359887007853,0.015059395827681179
2016-11-22,25.744178771972656,25.886945003626835,25.652070448983423,25.778717855876,103862000,0.0006264403494602444,0.0006262442176101904
2016-11-23,25.612926483154297,25.677401785977857,25.405683183492684,25.64286094323088,109705600,-0.005098328829243992,-0.005111369650816945
2016-11-25,25.74187469482422,25.76029671015207,25.548447047521943,25.589895703599566,45903600,0.005034497395474569,0.005021866688564789
2016-11-28,25.691221237182617,25.89846456763348,25.649772571092445,25.658983580981428,108776000,-0.0019677454824914564,-0.0019696840371055575
2016-11-29,25.6658878326416,25.797141630884603,25.345812749964452,25.50930419992888,114115200,-0.000986072413885486,-0.0009865589031235705
2016-11-30,25.44943046569824,25.836283996711312,25.391862986421412,25.698122397810938,144649200,-0.008433659819399475,-0.008469424354283306
2016-12-01,25.212251663208008,25.546144082949095,25.106327716648067,25.41489030603569,148347600,-0.009319611407803796,-0.009363310705095792
2016-12-02,25.30667495727539,25.350425065413624,25.06489073920397,25.13857707360713,106112000,0.003745135314715764,0.003738139756221526
2016-12-05,25.124753952026367,25.336601880738343,24.926721657893783,25.32969406344865,137298000,-0.007188656967229257,-0.007214619862113803
2016-12-06,25.31818008422852,25.412591606198497,25.14317618862901,25.2145593103388,104782000,0.007698627917769096,0.007669144705365859
2016-12-07,25.566871643066406,25.60371567744042,25.136267971446728,25.15929461452036,119994800,0.00982264752089379,0.009774718920328654
2016-12-08,25.8178653717041,25.88924848834048,25.467854091740875,25.52772476588567,108273200,0.009817146663141374,0.009769271555141781
2016-12-09,26.2392635345459,26.41196601965301,25.86162090765732,25.86162090765732,137610400,0.016321959882231063,0.016190188605235637
2016-12-12,26.08958625793457,26.481044473510515,25.903066402222468,26.08728306650545,105497600,-0.005704324605538824,-0.005720656402670115
2016-12-13,26.52479553222656,26.692891608292037,26.1932062491754,26.21392970095597,174935200,0.016681340592729077,0.016543735216947936
2016-12-14,26.52479553222656,26.75736691181415,26.476439054584976,26.49025468910536,136127200,0.0,0.0
2016-12-15,26.669864654541016,26.879411145367666,26.534006231818875,26.56854531771756,186098000,0.005469189089062132,0.005454287383222794
2016-12-16,26.70441246032715,26.826455280511983,26.630726129829476,26.819547461531062,177404400,0.001295387368238865,0.0012945490778843646
2016-12-19,26.85868453979492,27.029083796371665,26.653744442296095,26.665258641543502,111117600,0.0057770257891636145,0.005760402766041782
2016-12-20,26.93006706237793,27.05671622402695,26.86789495554484,26.88171058888106,85700000,0.0026577073228306602,0.0026541818637678513
2016-12-21,26.955400466918945,27.03369316544668,26.890925160378657,26.895531543314583,95132800,0.0009407107855445851,0.0009402685944477925
2016-12-22,26.77809715270996,26.82875683123196,26.62842130893696,26.79191278982665,104343600,-0.006577654612350492,-0.006599382714829731
2016-12-23,26.831056594848636,26.831056594848636,26.61690544877681,26.61690544877681,56998000,0.0019777149151658513,0.001975761811720269
2016-12-27,27.001449584960938,27.12579554463016,26.824140774076696,26.831048590143883,73187600,0.006350588151829095,0.006330508135329998
2016-12-28,26.88631629943848,27.17645513317043,26.757363949848656,27.0613201733917,83623600,-0.00426396683482444,-0.004273083465980122
2016-12-29,26.879419326782227,26.96692129905935,26.80342980103535,26.8149422475656,60158000,-0.00025652352592453465,-0.0002565564337120791
2016-12-30,26.669864654541016,26.987636542550614,26.58005951756395,26.860989128341537,122345200,-0.00779610116176932,-0.007826649634670009
2017-01-03,26.745853424072266,26.78730208283485,26.425778353502388,26.665259297817293,115127600,0.00284923716395058,0.0028451857814842507
2017-01-04,26.71592330932617,26.828756868671924,26.6537511853937,26.67677783289385,84472400,-0.001119056261602025,-0.0011196828725792524
2017-01-05,26.851783752441406,26.90935125010862,26.66756705717808,26.6928968966973,88774400,0.005085373301240592,0.0050724864615629564
2017-01-06,27.1511287689209,27.20869625243724,26.819539501684314,26.890922619062124,127007600,0.011148049576120922,0.011086368067099603
2017-01-09,27.399826049804688,27.50114540918331,27.158043610588383,27.1603450456138,134247600,0.009159740024085705,0.009118044028344235
2017-01-10,27.427453994750977,27.48962610849872,27.24093589668743,27.349161297891264,97848400,0.0010083255600261687,0.0010078175412788464
2017-01-11,27.574831008911133,27.616279676942654,27.310020171866448,27.34225782957757,110354400,0.005373339216551365,0.005358954336269459
2017-01-12,27.459688186645508,27.47120238546857,27.22020725705048,27.37909406534432,108344800,-0.0041756492443567605,-0.004184391612859706
2017-01-13,27.41133689880371,27.54489390040559,27.358374033747648,27.427455726112875,104447600,-0.001760809791908402,-0.0017623618396448643
2017-01-17,27.632402420043945,27.6876667329742,27.22252206523796,27.25015334329267,137759200,0.00806474788356204,0.008032401597731376
2017-01-18,27.63009452819824,27.74753271041764,27.56561921460972,27.632397719917986,94852000,-8.352121580401661e-05,-8.352470389498239e-05
2017-01-19,27.581735610961918,27.65311873659486,27.48732584062354,27.49423365835313,102389200,-0.0017502262682079772,-0.0017517597037035382
2017-01-20,27.632402420043945,27.736023226390778,27.57023028760001,27.736023226390778,130391600,0.0018369695727882274,0.0018352844075983966
2017-01-23,27.65081787109375,27.818913962042,27.57943298717096,27.63239585222204,88200800,0.0006664440814760919,0.0006662221062364725
2017-01-24,27.62548446655273,27.65541892573796,27.517257315684336,27.528771515197217,92844000,-0.000916190062048905,-0.0009166100206913538
2017-01-25,28.065305709838867,28.115965388659937,27.69687407771373,27.729111735723396,129510400,0.015920851770713673,0.015795444321308624
2017-01-26,28.079116821289062,28.194251790368558,28.0008241287685,28.016942954166822,105350400,0.0004921062180112123,0.0004919851734558672
2017-01-27,28.081417083740234,28.17352540652359,28.000822960112348,28.12516893234686,82251600,8.192075505131236e-05,8.191739972950401e-05
2017-01-30,28.007732391357425,28.007732391357425,27.78437202351905,27.8465441348101,121510000,-0.0026239663106415456,-0.002627414944294575
2017-01-31,27.943267822265625,27.952478834295054,27.775171683986034,27.897214518939386,196804000,-0.002301670416977153,-0.002304323331870254
2017-02-01,29.64724922180176,30.04792010726303,29.24658009316037,29.25118471809699,447940000,0.06098003320064005,0.05919304060523119
2017-02-02,29.59660148620605,29.79463381783453,29.423898993982657,29.469954046001256,134841600,-0.0017083451896935387,-0.0017098060753722056
2017-02-03,29.723249435424805,29.74857927376652,29.511401475494605,29.545940567032822,98029200,0.00427913824084758,0.004270008763735767
2017-02-06,30.00187492370605,30.05023316675811,29.68179978377818,29.734764410368804,107383600,0.009373991524263658,0.009330328319296564
2017-02-07,30.28740882873535,30.416359449564307,30.038716839861973,30.059440293857865,152735200,0.009517202033386463,0.0094721987775164
2017-02-08,30.40484046936035,30.446290884477907,30.216020951008037,30.245957166724025,92016400,0.00387724289288105,0.0038697457592128935
2017-02-09,30.624549865722656,30.631487632866527,30.323900350281978,30.446472274989613,113399600,0.007226132187199363,0.007200148791884848
2017-02-10,30.55517196655273,30.7448136993057,30.538985017759696,30.63380588413618,80262000,-0.0022654340871660628,-0.0022680040651117807
2017-02-13,30.82575225830078,30.94832771223141,30.700868920481543,30.777187888155584,92141600,0.008855466172608795,0.008816486485221276
2017-02-14,31.22584724426269,31.24203419045037,30.816501360063,30.86738066900869,132904800,0.012979244840786386,0.012895736251896061
2017-02-15,31.33916473388672,31.514930892914077,31.133336096768414,31.34147967526806,142492400,0.0036289644517122355,0.0036223956473912505
2017-02-16,31.302165985107425,31.429360727692984,31.18421689299279,31.376170006491336,90338400,-0.001180591413123655,-0.0011812888601533814
2017-02-17,31.387744903564453,31.413184566590516,31.24435963680417,31.24435963680417,88792800,0.0027339615570929343,0.002730231081965328
2017-02-21,31.6143798828125,31.62594400504265,31.447866403547277,31.505683485823404,98028800,0.007220492582195925,0.007194549631366908
2017-02-22,31.709197998046875,31.71150941074283,31.47792968897465,31.551933712863104,83347600,0.0029992084483656534,0.0029947197954049726
2017-02-23,31.575056076049805,31.794760222984667,31.521865362952116,31.77163551370787,83152800,-0.00423037889527611,-0.0042393522641836325
2017-02-24,31.605131149291992,31.605131149291992,31.28597972137464,31.43167990001077,87106400,0.0009524946897876418,0.0009520413545640294
2017-02-27,31.66757202148437,31.785521133063103,31.51724901241812,31.71613992546529,81029600,0.0019756561647357174,0.001973707122764083
2017-02-28,31.681442260742188,31.78551227871117,31.614372484826877,31.70225555856122,93931600,0.0004379950331654392,0.0004378991413399742
2017-03-01,32.32899856567383,32.412255306318166,31.82252388303502,31.889590146585466,145658400,0.020439609396635694,0.02023352405138201
2017-03-02,32.137046813964844,32.442319156734115,32.09079032756467,32.377564310423224,104844000,-0.005937448118569111,-0.005955144847358335
2017-03-03,32.32668685913086,32.338250981396506,32.051476982031915,32.095418529316575,84432400,0.005900979211431734,0.005883636625652383
2017-03-06,32.22492218017578,32.32436937834266,32.05378590671845,32.23185994645789,87000000,-0.0031480083127150005,-0.0031529737143722405
2017-03-07,32.26654815673828,32.37292957863088,32.0977197885904,32.16016320597213,69785200,0.001291732415357405,0.001290898846795433
2017-03-08,32.146297454833984,32.331312822219466,32.10467084983143,32.1347333327084,74828800,-0.003726791639445448,-0.0037337534295506297
2017-03-09,32.072288513183594,32.09772816921292,31.695323556043785,32.08616757646052,88623600,-0.0023022539922171736,-0.0023049082535779386
2017-03-10,32.178672790527344,32.229552101477296,32.06303863452733,32.20411244600232,78451200,0.0033170154758372927,0.0033115263150752645
2017-03-13,32.19255065917969,32.24574138671217,32.10467109388138,32.11160886143455,69686800,0.0004312753587658591,0.00043118238627852117
2017-03-14,32.143985748291016,32.29662016078054,32.109293382231215,32.215678364390186,61236400,-0.001508576049248922,-0.0015097150958001326
2017-03-15,32.48395156860352,32.55101783239167,32.15323601777822,32.241119113457266,102767200,0.010576343051377224,0.010520804786498715
2017-03-16,32.53714370727539,32.61346268385059,32.43769648487442,32.54408147524815,76928000,0.001637489778899992,0.0016361505542904073
2017-03-17,32.375244140625,32.60882380671838,32.35211590368076,32.60882380671838,175540000,-0.004975838325175119,-0.004988259028097484
2017-03-20,32.71521759033203,32.72446677028318,32.43075502037318,32.47007021069586,86168000,0.01050103122714141,0.010446278372785776
2017-03-21,32.340576171875,33.0251322724614,32.31513650360276,32.8655564922879,158119600,-0.011451594886159211,-0.011517669321670154
2017-03-22,32.705955505371094,32.7475856254029,32.32204936327906,32.34286618773169,103440800,0.01129786097669605,0.01123451680133021
2017-03-23,32.590328216552734,32.742966140564654,32.51863560860373,32.66895859115008,81385200,-0.0035353588369974043,-0.0035416229864191416
2017-03-24,32.525577545166016,32.77997411780058,32.4585112826758,32.72446844862359,89582400,-0.00198680636035542,-0.0019887826782533737
2017-03-27,32.58107376098633,32.65970412284992,32.05840523229322,32.23648278146844,94300400,0.0017062330636019585,0.0017047791015987134
2017-03-28,33.256385803222656,33.31188794268025,32.5209506955383,32.58802048588234,133499200,0.020727126649980665,0.02051524259026376
2017-03-29,33.33038711547852,33.41595878829196,33.11530928486144,33.22862849626748,116760000,0.0022251760216438488,0.0022227039839470067
2017-03-30,33.28644561767578,33.418270246070115,33.18700193986894,33.34657763576764,84829200,-0.001318361459484385,-0.0013192312625138868
2017-03-31,33.22400665283203,33.36508046474853,33.07368013223692,33.237882186975554,78646800,-0.0018758075151945608,-0.0018775690453172427
2017-04-03,33.23326873779297,33.330401043390495,33.082945687698746,33.23558368029876,79942800,0.00027877688135924394,0.0002787380303048032
2017-04-04,33.480716705322266,33.50846777533685,33.11068597037959,33.129187860014184,79565600,0.007445790827307341,0.0074182077606619575
2017-04-05,33.30726623535156,33.64029319877768,33.25869833282079,33.35351919607748,110871600,-0.005180608034687895,-0.005194073912248564
2017-04-06,33.22400665283203,33.42289754292948,33.1754387544553,33.36970329021344,84596000,-0.0024997423064148094,-0.002502871878718125
2017-04-07,33.15000534057617,33.34426991291158,33.13381839065242,33.24019985836583,66688800,-0.002227344613463411,-0.002229828834974076
2017-04-10,33.11067199707031,33.27487399273446,33.04822858701514,33.21011917077841,75733600,-0.001186526008118416,-0.001187230487412858
2017-04-11,32.75453567504883,33.1523174967134,32.391442692359455,33.057496631681495,121517600,-0.010755937603833421,-0.010814200861311612
2017-04-12,32.79384994506836,32.87479174335535,32.61114598794621,32.74759698477941,81400000,0.0012002694957902182,0.001199549748228749
2017-04-13,32.620399475097656,32.92798678522125,32.620399475097656,32.8192903850695,71291600,-0.0052891158025435425,-0.0053031526925650056
2017-04-17,32.80078125,32.81234537001245,32.57876214393246,32.71983593878682,66328400,0.005529723050756941,0.005514490261849595
2017-04-18,32.65507507324219,32.84933954964385,32.63426177838629,32.70364295677926,58790000,-0.004442155680600246,-0.004452051370483002
2017-04-19,32.534820556640625,32.84009638591853,32.48162983931152,32.81234532102925,69313600,-0.00368256745182316,-0.003689364796259267
2017-04-20,32.94186019897461,33.0528680049398,32.645837030484415,32.65971256512075,93278400,0.012510892495176451,0.01243327796061743
2017-04-21,32.90254211425781,32.99735943555886,32.805409851471275,32.94185730189468,69283600,-0.0011935599410387576,-0.001194272800989025
2017-04-24,33.21937561035156,33.2910682125583,33.11299064880763,33.186998192294524,68537200,0.009629453401913679,0.00958338571714824
2017-04-25,33.42521667480469,33.510784841033605,33.27257870622726,33.281831417042675,75486000,0.006196415816707379,0.0061772969704535635
2017-04-26,33.22862243652344,33.441392344548845,33.15924478050825,33.411326341026495,80164800,-0.005881614476696551,-0.005898979293371966
2017-04-27,33.25407028198242,33.33964196027927,33.14306247612717,33.28413629291438,56985200,0.0007658411210875737,0.0007655480144154143
2017-04-28,33.2216911315918,33.3720176495641,33.13381157392462,33.32344975203475,83441600,-0.000973689840553682,-0.0009741641844406935
2017-05-01,33.8993034362793,34.04268863442368,33.52464996816074,33.55702738480217,134411600,0.02039668305877207,0.020191456651827575
2017-05-02,34.11439514160156,34.2485312163374,33.95944576101237,34.121332910219344,181408800,0.006345018437519556,0.00632497355345749
2017-05-03,34.01033020019531,34.10977744680371,33.36509291954122,33.67036537127653,182788000,-0.00305047007207071,-0.003055132239516625
2017-05-04,33.88775634765625,34.02883020439361,33.72124282728181,33.88544493418944,93487600,-0.0036040183031906814,-0.0036105284235910745
2017-05-05,34.44973373413086,34.45435656017521,33.94094055926449,33.94094055926449,109310800,0.016583493480927247,0.016447488913724048
2017-05-08,35.386356353759766,35.5459320230176,34.46590963683079,34.46590963683079,195009600,0.02718809459769367,0.02682506373617303
2017-05-09,35.61301040649414,35.81883907325609,35.488123535633214,35.58525580803918,156521600,0.006405125480241525,0.006384699836842908
2017-05-10,35.44417190551758,35.601436155771424,35.178214820705925,35.52974356050255,103222800,-0.004740921900434847,-0.004752195716970157
2017-05-11,35.75072479248047,35.77859395785124,35.3698792711982,35.4023903445964,109020400,0.008648894034823496,0.008611706617002364
2017-05-12,36.249996185302734,36.32430567087355,35.91791559499993,35.92488199853969,130108000,0.01396535023332679,0.01386873321760912
2017-05-15,36.1571044921875,36.37771553649131,36.00616102593758,36.229093023581775,104038800,-0.002562529734910557,-0.002565818634034369
2017-05-16,36.10370635986328,36.24071706526849,35.92953912787453,36.21285144205154,80194000,-0.0014768365186917931,-0.0014779281166167558
2017-05-17,34.89149475097656,35.894699495583275,34.76609592962105,35.669442973116695,203070800,-0.03357582173985163,-0.034152433219532805
2017-05-18,35.423282623291016,35.60906166779874,35.09585099942377,35.12836206645458,134272800,0.01524118918119921,0.015126209074510717
2017-05-19,35.544036865234375,35.757681510174486,35.44418271807944,35.61834989483456,107843200,0.003408894743819113,0.0034030976328901282
2017-05-22,35.7599983215332,35.897008954042185,35.50919721569466,35.76231927441929,91865600,0.00607588432112105,0.006057500563454153
2017-05-23,35.71588897705078,35.97133208567546,35.60209846050506,35.97133208567546,79675600,-0.001233482845435785,-0.001234244211553205
2017-05-24,35.60905456542969,35.80179997561155,35.45346566542646,35.725166002158055,76712000,-0.002991229245049465,-0.002995711912603683
2017-05-25,35.732139587402344,35.84360914034475,35.537073184913964,35.69962852032095,76942400,0.003456565288654234,0.003450605097434678
2017-05-26,35.67176055908203,35.818062123052115,35.602092978932454,35.76232735024439,87710400,-0.0016897680636398515,-0.0016911973320092577
2017-05-30,35.68568420410156,35.86217229085212,35.606729287142585,35.62762849278948,80507600,0.0003903268243929947,0.0003902506666950248
2017-05-31,35.474369049072266,35.801804189612106,35.38612675631136,35.75536031814212,97804800,-0.005921566581733373,-0.005939168579122326
2017-06-01,35.5718994140625,35.6067349724756,35.348967431354566,35.569578460877615,65616400,0.0027493192297605162,0.0027455467645392125
2017-06-02,36.09904861450195,36.09904861450195,35.504558565386986,35.6647929311988,111082800,0.01481925927832406,0.014710526960935407
2017-06-05,35.746070861816406,35.866827767268795,35.63692935400107,35.84128310541234,101326800,-0.00977803477468231,-0.009826153685900795
2017-06-06,35.86682891845703,36.18265222816433,35.7112399888613,35.7391056050753,106499600,0.0033782190246149923,0.0033725256614079062
2017-06-07,36.08046722412109,36.22212332066588,35.87378900556623,35.99919134332844,84278400,0.005956431390959027,0.00593876198319423
2017-06-08,35.99222946166992,36.119949225164746,35.855215254172016,36.05260614156639,85003200,-0.0024455825891349647,-0.002448577910769288
2017-06-09,34.5965576171875,36.03866300878883,33.90917999697816,36.03866300878883,259530800,-0.03877703230272933,-0.039548880589163
2017-06-12,33.76985168457031,33.92544059310496,33.094082235331136,33.8441647090024,289229200,-0.02389561244111993,-0.02418574382220003
2017-06-13,34.04155349731445,34.241265329747584,33.707151959897104,34.173922248975565,136661600,0.008045691621094253,0.008013497611030096
2017-06-14,33.709476470947266,34.25287719776067,33.40294054703805,34.25287719776067,126124800,-0.009755049116468406,-0.00980294132317161
2017-06-15,33.5074462890625,33.55156921439652,33.024425694460675,33.282193298333425,128661600,-0.005993275572193646,-0.00601130733053181
2017-06-16,33.03835678100586,33.55621291549686,33.022099475281784,33.389012124760995,201444400,-0.013999560098071684,-0.014098478231600839
2017-06-19,33.98350143432617,34.07639272886052,33.3611457064286,33.3611457064286,130165600,0.028607495814189088,0.028205941726826493
2017-06-20,33.674644470214844,34.10657924464875,33.658390708347625,34.10657924464875,99600400,-0.009088438538571442,-0.009129990348425165
2017-06-21,33.87434768676758,33.920795093838045,33.58174815679784,33.79307181127359,85063200,0.005930373421740853,0.0059128579719374364
2017-06-22,33.8186149597168,34.067091567953106,33.70017903778404,33.85112601715256,76425200,-0.0016452782372707864,-0.0016466331939008537
2017-06-23,33.96957015991211,34.17392747367492,33.6978697550815,33.70251520587812,141757600,0.004463671867553476,0.004453739230669007
2017-06-26,33.86274719238281,34.43401357939867,33.760568542753184,34.17624600181138,102769600,-0.0031446664478362862,-0.0031496213016721304
2017-06-27,33.37739181518555,33.94169522684023,33.35184715797583,33.67463680265872,99047600,-0.014333018359078742,-0.014436728243284305
2017-06-28,33.86506271362305,33.93008483596802,33.24502805476496,33.55388490762354,88329600,0.014610815043242242,0.014505105509413366
2017-06-29,33.365779876708984,33.7025058690851,33.04066927982692,33.60497269002048,125997600,-0.014743301707018985,-0.014853064358217382
2017-06-30,33.44474792480469,33.66303804957136,33.38901314504274,33.54460208550732,92096400,0.002366737669177832,0.002363941356803275
2017-07-03,33.32399368286133,33.741995706038395,33.23110591924023,33.64446249120392,57111200,-0.0036105591889900035,-0.0036170929896757807
2017-07-05,33.46099090576172,33.62354619838777,33.14284672280504,33.368103179529584,86278400,0.004111068565315623,0.004102641211997345
2017-07-06,33.145172119140625,33.323984736720405,33.07086263688104,33.21251874161098,96515200,-0.009438417036439661,-0.009483241163347669
2017-07-07,33.481895446777344,33.614264198357915,33.184650423351705,33.184650423351705,76806800,0.010159045981911419,0.010107789725088457
2017-07-10,33.686256408691406,33.89293466698357,33.2937991046057,33.46564534206682,84362400,0.006103625830828907,0.006085074156734128
2017-07-11,33.79539108276367,33.86970409562724,33.52833622259411,33.60961209404422,79127200,0.0032397388640699187,0.0032345022173133242
2017-07-12,33.84416961669922,33.94634472494956,33.63052495563669,33.874356186742034,99538000,0.001443348704445846,0.0014423080779088302
2017-07-13,34.31557846069336,34.482779229905475,33.77449868580418,33.788431492665154,100797600,0.013928805148214929,0.013832690818631999
2017-07-14,34.61049270629883,34.67783931848978,34.21339360907738,34.36201609435176,80528400,0.008594179636029597,0.008557459908193248
2017-07-17,34.73125076293945,35.04242854839286,34.50135239677059,34.559408112419646,95174000,0.0034890591609129107,0.0034829865151130247
2017-07-18,34.85201644897461,34.863628303726074,34.524581279562305,34.647659144358606,71475200,0.0034771476230284204,0.0034711163223371156
2017-07-19,35.0703010559082,35.16318879245551,34.821820868312145,34.94489871378533,83692000,0.006263184434483815,0.0062436522083849
2017-07-20,34.91238784790039,35.23750201452352,34.87755583235936,35.18176724621783,68974800,-0.004502761688759738,-0.0045129296542702445
2017-07-21,34.89615249633789,34.93562998258896,34.57336265610444,34.831130337401795,105010400,-0.00046503125576036197,-0.00046513941632810854
2017-07-24,35.31877136230469,35.40005077477844,34.81020276888402,34.968116144805755,85972800,0.012110758227891871,0.012038009765840078
2017-07-25,35.4697265625,35.72516962312926,35.25143647237522,35.25143647237522,75415600,0.00427407846798511,0.00426497053739415
2017-07-26,35.63692855834961,35.74607006372819,35.544037270290794,35.61138389706348,63124000,0.004713935292255167,0.004702859492714694
2017-07-27,34.96346664428711,35.75999274653627,34.20642153902295,35.7042579950036,129905200,-0.018897866379248063,-0.019078713092139675
2017-07-28,34.71731948852539,34.88684119353029,34.64533096489755,34.80788626719265,68854800,-0.007040124432339145,-0.007065023036683127
2017-07-31,34.53850173950195,34.910059698064146,34.39917016262061,34.81020203503184,79383600,-0.005150678441131928,-0.00516398891030348
2017-08-01,34.84505081176758,34.88452828403903,34.464205354244626,34.62443974039623,141474400,0.008875575280528736,0.00883641888206454
2017-08-02,36.49150085449219,37.09760267371583,36.26392343901686,36.98845764372018,279747200,0.04725061391411667,0.04616826706027263
2017-08-03,36.12692642211914,36.50777192249038,35.99920308955295,36.470615399663664,108389200,-0.009990666972749862,-0.010040908597685493
2017-08-04,36.31734848022461,36.55189239358881,36.15479311732659,36.24303897580315,82239600,0.005270917760357374,0.0052570750944024025
2017-08-07,36.87931823730469,36.90486289808057,36.38236137229772,36.472928161695805,87481200,0.015473865262660258,0.015355365875185517
2017-08-08,37.17424392700195,37.58063402025614,36.75392102607237,36.83055501172744,144823600,0.007997048313082455,0.007965241384058613
2017-08-09,37.40182495117188,37.45059332612342,36.94899094136792,36.98382296387563,104526000,0.006122008146737912,0.006103344787620764
2017-08-10,36.21050262451172,37.301571894907305,36.04963902653811,37.27825698953095,163217200,-0.0318519839129624,-0.03237029421415326
2017-08-11,36.71406555175781,36.96818517519184,36.385348203071295,36.50890935657249,105028400,0.01390654342658082,0.013810734675446459
2017-08-14,37.26660919189453,37.35053788468499,37.01015942021377,37.14304799936353,88490800,0.0150499170231575,0.014937790617646995
2017-08-15,37.674583435058594,37.81446217445321,37.33420507689132,37.455436163583656,117862000,0.010947447380128095,0.010887957856550329
2017-08-16,37.52304458618164,37.88673429761588,37.33653603849995,37.75384931414014,110686400,-0.0040223098720697514,-0.004030421118360241
2017-08-17,36.80266952514648,37.46710530600799,36.79800583183834,37.422809112969794,111762400,-0.019198203903220912,-0.019384882544955052
2017-08-18,36.718746185302734,37.18501597813198,36.53690125068783,36.80267489030625,109712400,-0.002280360118615876,-0.002282964099179965
2017-08-21,36.65113067626953,36.809660663895095,36.16154607710975,36.71873821632033,105474000,-0.0018414438415729206,-0.0018431413835560122
2017-08-22,37.25027847290039,37.3015684140581,36.83996250099347,36.88891881741825,86418400,0.016347320957789346,0.016215142074841985
2017-08-23,37.29690933227539,37.41114668031221,37.040463152141896,37.084759339285874,77596400,0.0012518257926292797,0.0012510429120070592
2017-08-24,37.13138198852539,37.47409044200262,36.963524641624105,37.40181566310647,79275600,-0.004438098135031265,-0.0044479757285465875
2017-08-25,37.268924713134766,37.43211834170887,37.13137605171904,37.219964845885386,101920400,0.003704217759842088,0.003697374040447253
2017-08-28,37.64427185058594,37.76783299493163,37.28524231024411,37.33420217751046,103864000,0.010071316528187602,0.010020938784317562
2017-08-29,37.97999954223633,38.028955868971686,37.3015762700593,37.3248911781703,118067600,0.008918427031419984,0.008878892742972632
2017-08-30,38.08256912231445,38.2084603428615,37.91004809818634,38.18747906566275,109078400,0.0027006208876874105,0.002696980763355632
2017-08-31,38.23411560058594,38.355346719281485,38.11288448189038,38.15018691185141,107140400,0.003979418452172867,0.003971521509790196
2017-09-01,38.24576187133789,38.453251685961,38.14784568933811,38.42061295862774,66364400,0.00030460416225164266,0.0003045577798224271
2017-09-05,37.7864875793457,38.29238965197478,37.43212169883586,38.17582225577394,117874000,-0.01200850158344935,-0.012081186112839024
2017-09-06,37.746864318847656,37.99865038307383,37.42280702048679,37.93337290983247,86606800,-0.0010486092525758828,-0.001049159427904431
2017-09-07,37.5953254699707,37.8238001893692,37.38550552322698,37.78882782667486,87714000,-0.004014607613414101,-0.004022687783617946
2017-09-08,36.9821891784668,37.56968654695089,36.958874266247335,37.502078993284286,114446000,-0.01630884382138542,-0.01644329686816226
2017-09-11,37.651275634765625,37.779500504745165,37.27592841029202,37.41814080111383,126323200,0.01809212680920491,0.017930411881589753
2017-09-12,37.5020751953125,38.22479471264968,37.01482417253426,37.91006121634185,286856000,-0.003962692815521973,-0.0039705650865070555
2017-09-13,37.219974517822266,37.29224930394388,36.81432218671921,37.27126446546717,179629600,-0.007522268461706227,-0.0075507034097344215
2017-09-14,36.900577545166016,37.16168739474096,36.85628136196564,37.066104825964,95042800,-0.008581332383860496,-0.008618364022665451
2017-09-15,37.27359008789063,37.52770614652858,36.83529555933749,36.944869191475775,196458400,0.010108582779444264,0.010057832777049261
2017-09-18,36.99150848388672,37.41814571234946,36.83530855172097,37.32722325758565,113077600,-0.007567867847952603,-0.007596649462085251
2017-09-19,37.005496978759766,37.2479592360703,36.937889431587216,37.18734189306476,83242400,0.00037815421555831286,0.0003780827332732578
2017-09-20,36.38535690307617,36.89591922455512,35.86313357054111,36.81199053820761,211805600,-0.016758052892507758,-0.016900057780042537
2017-09-21,35.76054763793945,36.32240337240325,35.61134150486139,36.32240337240325,150046800,-0.017171997702292607,-0.017321146374603125
2017-09-22,35.41084671020508,35.499439077763675,35.10077698110493,35.329248102469,186581600,-0.009778958959883677,-0.00982708699748658
2017-09-25,35.09845352172852,35.396865854855974,34.77439621197188,34.967898570654704,177549200,-0.008821963254172283,-0.008861107159445563
2017-09-26,35.70225524902344,35.88410006829582,35.36421057511215,35.38519184871575,146640000,0.01720308636735557,0.017056788740693114
2017-09-27,35.956390380859375,36.070627749004665,35.79552674969661,35.85614409323959,102016800,0.007118181472384411,0.00709296680300016
2017-09-28,35.73491287231445,35.968047744162725,35.599694219759755,35.87712528643613,88022000,-0.006159614638704736,-0.0061786633269564776
2017-09-29,35.93073654174805,35.93307016660472,35.43649187240753,35.718586563733275,105199200,0.0054798977720555975,0.005464937760264693
2017-10-02,35.85846710205078,36.00767324874679,35.604350994879546,35.963377062526,74795200,-0.0020113542513467975,-0.0020133797407492064
2017-10-03,36.0146598815918,36.15687223993574,35.88177490658272,35.905086250211006,64921200,0.004355813066311498,0.004346353970664744
2017-10-04,35.78152847290039,35.87012083615752,35.54373353577037,35.81650082766994,80655200,-0.006473236439213603,-0.006494278691014773
2017-10-05,36.22682189941406,36.23847935264511,35.9144220740115,35.9447271835859,85135200,0.012444784935638609,0.012367985114657264
2017-10-06,36.205833435058594,36.2501296141354,36.0333124105896,36.12889852782328,69630400,-0.0005793625621851595,-0.0005795304575257053
2017-10-09,36.33172607421875,36.53921590218833,36.25013102931436,36.32473231486565,65051600,0.0034771368924835233,0.003471105628974561
2017-10-10,36.34571075439453,36.83529521500408,36.15920577640464,36.38301317293429,62468000,0.00038491648173311077,0.0003848424203885012
2017-10-11,36.49726104736328,36.59750732414715,36.31075245809779,36.362042409079685,67622400,0.0041696885223361235,0.004161019460984959
2017-10-12,36.36904525756836,36.68843893974554,36.306097837024325,36.45064389743493,64500400,-0.0035130249809303127,-0.003519210143190351
2017-10-13,36.59983444213867,36.66744197058261,36.464615827895976,36.539217115925325,65576800,0.006345758678454327,0.006325709126893
2017-10-16,37.27359008789063,37.30156512337973,36.75369696268831,36.81198065819359,96486000,0.018408707471535557,0.018241318373305077
2017-10-17,37.4111442565918,37.50439676017066,37.12205580372936,37.25028066416653,75989200,0.003690392269078746,0.0036835994784408708
2017-10-18,37.24562454223633,37.46710550862503,37.208325667636494,37.39949440603615,65496800,-0.004424342469190989,-0.00443415883701583
2017-10-19,36.36437225341797,36.62082200675138,36.14056479355921,36.54388708075136,170336800,-0.023660558781046226,-0.023944964899144987
2017-10-20,36.42732238769531,36.77702468261719,36.35971484258026,36.51125108077079,95896400,0.001731093660538141,0.0017295970448463903
2017-10-23,36.40866470336914,36.763030628659415,36.25246479960394,36.57652205969848,87937200,-0.0005121892882380408,-0.0005123205019776278
2017-10-24,36.62549209594727,36.700093409809966,36.41566856366155,36.436649849683306,71028800,0.0059553788732622515,0.005937715697078301
2017-10-25,36.46461868286133,36.730392239980006,36.19884512574264,36.58118609488452,84828400,-0.0043923891224316725,-0.0044020640044918485
2017-10-26,36.69775390625,36.79567010653239,36.550877827148845,36.65578778764032,68002000,0.006393463905828511,0.0063731124137647735
2017-10-27,38.01263427734375,38.14085914374413,36.99849635632413,37.13604505057401,177816800,0.035829995875301,0.03520303372650134
2017-10-30,38.86823654174805,39.1829699641332,38.168832098541,38.20846459010681,178803200,0.02250836545980328,0.022258790280133178
2017-10-31,39.40911102294922,39.55132341488135,38.9195300028712,39.14333745280536,144187200,0.013915590963851088,0.013819658078655142
2017-11-01,38.907859802246094,39.618921528941605,38.60944759519914,39.60260038827533,134551200,-0.012719170965598048,-0.012800752121977337
2017-11-02,39.19229507446289,39.28321751276203,38.53252310122351,38.84026277383908,165573600,0.007310483631391529,0.0072838915678454475
2017-11-03,40.21575927734375,40.62607530874295,39.89403206477131,40.56546153192935,237594400,0.026113913485707796,0.025778767374748886
2017-11-06,40.62374877929688,40.79626985390001,40.03391787644416,40.1854541103544,140105200,0.010145015518405964,0.01009390026778047
2017-11-07,40.75429916381836,40.85687905844864,40.47220801094028,40.544479239242015,97446000,0.0032136469046897265,0.0032084941778874137
2017-11-08,41.087684631347656,41.087684631347656,40.64239624240402,40.71933116489338,97638000,0.00818037542957617,0.008147097519178552
2017-11-09,41.00374603271485,41.05503596863797,40.36495545817056,40.82423125698391,117930400,-0.0020429138167782357,-0.0020450034116027437
2017-11-10,40.86805725097656,41.03417962651376,40.7744694933025,40.971005926504496,100582000,-0.0033091801327134185,-0.003314667578597697
2017-11-13,40.70428085327149,40.82828625082863,40.57091453694901,40.594313263717865,67928400,-0.004007442700280528,-0.004015494016101863
2017-11-14,40.08892059326172,40.58962251595852,40.05148406797848,40.48667385650138,99130000,-0.015117826604724716,-0.015233265883703101
2017-11-15,39.56014633178711,39.85027407149938,39.39636598281399,39.768382111940895,116632400,-0.01319003489366799,-0.013277795972642241
2017-11-16,40.03277587890625,40.21293249207959,39.84559679222589,40.05149057444457,94550000,0.011947113217308125,0.011876309832998267
2017-11-17,39.810489654541016,40.10061735144364,39.6911647543555,40.01872540396868,87598000,-0.005552605820731027,-0.005568078840064555
2017-11-20,39.77072525024414,39.90643000402287,39.67245702926181,39.84325630119698,65049600,-0.0009988423815414649,-0.0009993415570191445
2017-11-21,40.510066986083984,40.64109123634763,39.95789080987073,39.95789080987073,100525200,0.018590099405725757,0.018419415615244787
2017-11-22,40.93590545654297,40.94526280289188,40.48901630283123,40.56154734000195,102355600,0.010511917213201993,0.010457051174681072
2017-11-24,40.9382438659668,41.06224923331061,40.86337081466449,40.96866148932631,56106800,5.71236765805061e-05,5.7122045085424095e-05
2017-11-27,40.73234558105469,40.963980061627794,40.55686588762935,40.95696115950226,82867200,-0.005029485035709547,-0.005042175464334416
2017-11-28,40.49369430541992,40.91484269830939,40.21058550605959,40.781479992599294,105715200,-0.005859011363827937,-0.005876242709641141
2017-11-29,39.65374374389648,40.4586114493996,39.11092823074107,40.39076084905944,166665600,-0.020742749604128363,-0.02096090243412264
2017-11-30,40.20824813842773,40.276098715053735,39.41039961629005,39.87600344692711,166108800,0.013983658090709339,0.013886788757771027
2017-12-01,40.02107238769531,40.16613446908838,39.42444067239296,39.76370072379429,159037200,-0.00465515806826533,-0.004666027060956222
2017-12-04,39.728607177734375,40.38840903284762,39.68883220509846,40.35565296302134,130169600,-0.0073077804394581225,-0.0073346130715102225
2017-12-05,39.691165924072266,40.13103615521028,39.40103821861945,39.555461202335145,109400800,-0.0009424255296595074,-0.0009428698918064091
2017-12-06,39.54376220703125,39.82219055504739,38.9471341128749,39.19046438055372,114240000,-0.0037137663661227505,-0.0037206795176277356
2017-12-07,39.61629867553711,39.878347217696,39.52036891630265,39.54844452577864,102693200,0.0018343340253286211,0.0018326536892217097
2017-12-08,39.62799453735352,40.00937156075876,39.49931228026131,39.8900466501275,93420800,0.0002952285349069328,0.0002951849635384844
2017-12-11,40.40010452270508,40.45157885180557,39.49228843145303,39.58821818751698,141095200,0.019483953058077708,0.019296570896803276
2017-12-12,40.17314147949219,40.33458333268083,40.116990275004106,40.278428558050045,77636800,-0.005617882574668442,-0.0056337222283791115
2017-12-13,40.30651092529297,40.60365392630902,40.24333724509378,40.3603236905737,95273600,0.0033198659823221455,0.0033143673936093967
2017-12-14,40.29482269287109,40.50773893926903,40.16145639453041,40.336936111203535,81906000,-0.0002899837310043063,-0.0002900257844164966
2017-12-15,40.70428085327149,40.75107473666475,40.35098292798623,40.62473089448849,160677200,0.010161557565876667,0.010110276047270033
2017-12-18,41.27749633789063,41.45999490432386,40.91249920502416,40.91717966240892,117684400,0.014082437340815268,0.013984201017072193
2017-12-19,40.83763122558594,41.03650963242742,40.732344127317134,40.9522792397837,109745600,-0.010656293412372508,-0.010713478322633096
2017-12-20,40.79318618774414,41.04353539345949,40.53581450883679,40.91484955400582,93902400,-0.0010883353541316643,-0.0010889280211058274
2017-12-21,40.94758987426758,41.18390475313127,40.73467728013545,40.75105352423365,83799600,0.0037850362021936146,0.0037778909769495862
2017-12-22,40.94758987426758,41.043519605882686,40.82826499820611,40.87037840029512,65397600,0.0,0.0
2017-12-26,39.90877151489258,40.11934576146174,39.70053214264536,39.96258429876794,132742000,-0.025369462831994816,-0.025696816036712134
2017-12-27,39.915775299072266,39.95788870437662,39.70753957584513,39.79878885748078,85992800,0.00017549485774259743,0.00017547946032146953
2017-12-28,40.02809143066406,40.20825159602638,39.88770623710885,40.00937316684711,65920800,0.0028138281356244743,0.0028098767318812503
2017-12-29,39.59523010253906,39.91343336712557,39.592891658953874,39.8970571217435,103999600,-0.010813938727875505,-0.010872834343853981
2018-01-02,40.30416870117188,40.3135296160415,39.60225003195517,39.81282777480597,102223600,0.017904646514160794,0.017746246269904634
2018-01-03,40.29716873168945,40.83998780456858,40.23399859228558,40.36736134561619,118071600,-0.00017367854760452772,-0.00017369363146999792
2018-01-04,40.48434066772461,40.58728934054545,40.26206707148543,40.36969263296612,89738400,0.004644791232887968,0.004634037476534374
2018-01-05,40.94525909423828,41.03182792816311,40.48901263550257,40.58026192724971,94640000,0.011385103941710772,0.011320781397989177
2018-01-08,40.79318618774414,41.08799082619294,40.6949144047839,40.79318618774414,82271200,-0.003714054077521789,-0.0037209683015443137
2018-01-09,40.78850173950195,40.959300980538,40.57324707008062,40.83997607024875,86336000,-0.00011483408578649712,-0.0001148406797249371
2018-01-10,40.77914047241211,40.78148248660823,40.47731696303072,40.51475348873273,95839600,-0.00022950750065864334,-0.00022953384153543557
2018-01-11,41.010772705078125,41.05990858862975,40.82593567106534,40.849330820735744,74670800,0.005680164662193343,0.005664093356619645
2018-01-12,41.43427658081055,41.49745028872458,41.09735489879511,41.22136029979461,101672400,0.010326649506898544,0.010273693919060993
2018-01-16,41.22369384765625,41.972406559387096,41.21199448635,41.623785585266006,118263600,-0.005082331599143286,-0.005095290572899756
2018-01-17,41.90455627441406,41.9396507884389,40.96164558274575,41.214333224012265,137547200,0.016516288648803945,0.01638137820657776
2018-01-18,41.941986083984375,42.13852605820033,41.70567471028857,41.96772324905173,124773600,0.0008932157478342972,0.0008928170680352615
2018-01-19,41.75480651855469,42.01685503172588,41.509134252385074,41.78990102651753,129700400,-0.004462820741365947,-0.004472808853698753
2018-01-22,41.413204193115234,41.59570277343954,41.319616459154176,41.48339677865763,108434400,-0.008181149762666373,-0.008214799020467876
2018-01-23,41.42256164550781,41.98409876115503,41.37109089079645,41.48339688586861,130756400,0.00022595335412689543,0.00022592783051246664
2018-01-24,40.76276779174805,41.4834049089433,40.52411438218777,41.471705547369424,204420400,-0.015928369167659162,-0.016056589018029935
2018-01-25,40.03510665893555,40.93356181882684,39.89940193632538,40.83061316235407,166116000,-0.017851121801395586,-0.018012374991981803
2018-01-26,40.128684997558594,40.24333298725036,39.789425055589945,40.24333298725036,156572000,0.002337407001816061,0.002334679515407045
2018-01-29,39.298095703125,39.81283544569889,39.089859933941504,39.81283544569889,202561600,-0.020698143846082373,-0.02091535286872578
2018-01-30,39.06645965576172,39.16004739790291,38.53534011524448,38.7295380718238,184192800,-0.005894332618892273,-0.005911772763179674
2018-01-31,39.1740837097168,39.41039864035675,38.95649061096402,39.04305944765361,129915600,0.0027548965251373847,0.002751108752724596
2018-02-01,39.2559814453125,39.452517867378766,39.01732803557838,39.11325780235259,188923200,0.002090610113629543,0.0020884278293137465
2018-02-02,37.55265426635742,39.026684400187065,37.45906652490365,38.839505347136026,346375200,-0.04339025840757493,-0.04435976422891214
2018-02-05,36.61442947387695,38.34348949027586,36.49978143923265,37.22509903691603,290954000,-0.02498424707414104,-0.025301651267775494
2018-02-06,38.14459609985352,38.30603794879191,36.03182140318713,36.22601931059545,272975200,0.04179135515598542,0.0409416883064141
2018-02-07,37.32804107666016,38.23117676302514,37.2180770799818,38.1586457232369,206434400,-0.021406833645736145,-0.02163928323522363
2018-02-08,36.3008918762207,37.66963468893804,36.27281627231443,37.5035123688258,217562000,-0.027516825710998782,-0.027902505141520786
2018-02-09,36.744911193847656,37.09260194445449,35.295412891463684,36.89996378245455,282690400,0.012231636598378337,0.012157434593318936
2018-02-12,38.22496032714844,38.50217236916736,37.003337488277786,37.23591642711591,243278000,0.04027902327734001,0.03948896878234942
2018-02-13,38.60787582397461,38.70419668820018,37.9759220541177,38.046400822690046,130196800,0.010017420385763254,0.009967578611120942
2018-02-14,39.3197135925293,39.35965073484387,38.26489411950926,38.30247969864652,162579600,0.01843763101083784,0.018269718688790612
2018-02-15,40.64001083374024,40.66350137587519,39.70265109433449,39.88824179141258,204588800,0.03357850606169732,0.033027058611030696
2018-02-16,40.50844192504883,41.06992063350234,40.35339290200922,40.49199890679154,160704400,-0.0032374230713093644,-0.0032426748632923075
2018-02-20,40.37218475341797,40.938355795703735,40.27116433349752,40.4191694113044,135722000,-0.0033636734753454967,-0.0033693433429289963
2018-02-21,40.18894577026367,40.90546993442809,40.17484714537294,40.60241581622641,149886400,-0.00453874330243631,-0.004549074670623618
2018-02-22,40.52488708496094,40.86553034641632,40.33929642572378,40.36043898474452,123967600,0.008359047699774136,0.00832430434054409
2018-02-23,41.22966384887695,41.264901443927855,40.76920562691521,40.79974726575893,135249600,0.017391208578532158,0.01724171230228964
2018-02-26,42.044864654541016,42.14353351551222,41.39646774614467,41.42935736646841,152648800,0.019772191416648432,0.019579260603313373
2018-02-27,41.90860748291016,42.39960381939235,41.85457530228816,42.07540715096048,155712400,-0.003240756576347703,-0.003246019200940694
2018-02-28,41.84517288208008,42.43249005630509,41.82872986524554,42.11298937013871,151128400,-0.0015136413410050675,-0.0015147880533465474
2018-03-01,41.11220169067383,42.23515182722027,40.5624736826807,41.94384122189168,195208000,-0.017516266296037752,-0.0176714914022748
2018-03-02,41.39645767211914,41.41760022617503,40.51313051032975,40.59535633347892,153816000,0.0069141512678898565,0.006890358133937822
2018-03-05,41.53976821899414,41.75590049541586,40.9994357355902,41.16153583908132,113605600,0.0034619036249452506,0.003455925030828802
2018-03-06,41.5045280456543,41.875712915688,41.37766911815642,41.79583864338566,95154000,-0.0008483478567828939,-0.0008487079074725043
2018-03-07,41.119239807128906,41.31188151451228,40.94069671967741,41.098097254279125,126814000,-0.009283041072086884,-0.009326397023176478
2018-03-08,41.56795883178711,41.61024394557519,41.128646754391646,41.22496404180873,95096400,0.01091262938621762,0.010853516310061512
2018-03-09,42.28213882446289,42.28683836577501,41.67367906608328,41.80758910823076,128740800,0.017181021458519297,0.017035096761531206
2018-03-12,42.69089889526367,42.848299422989385,42.33616071349663,42.354951703187545,128828400,0.00966744072474146,0.009621010023849005
2018-03-13,42.279781341552734,43.10907275407872,42.1082857615601,42.89528848118307,126774000,-0.009630098319540203,-0.009676767577748853
2018-03-14,41.92034530639648,42.40899355680424,41.77234025219969,42.36200890641291,117473600,-0.008501369301146311,-0.008537712063226214
2018-03-15,41.969669342041016,42.343205660219255,41.83341495921178,41.93443175763661,90975200,0.0011766132956212427,0.0011759216286940306
2018-03-16,41.82167816162109,42.0800955416054,41.72770527232746,41.969679637122375,157618800,-0.003526145970172978,-0.003532377475986467
2018-03-19,41.18267059326172,41.69246134182931,40.79739076747016,41.65722375413747,133787200,-0.015279338286950273,-0.015397270199404338
2018-03-20,41.1685791015625,41.53506438389557,41.09810033541408,41.1685791015625,78597600,-0.00034217042013595655,-0.0003422289737914314
2018-03-21,40.23590850830078,41.13332689688534,40.23355694641703,41.12157984156057,148219600,-0.02265491337363934,-0.02291547883638262
2018-03-22,39.66740798950195,40.56717485041183,39.608676265256136,39.93757248715271,165963200,-0.01412918310721245,-0.014229950313138433
2018-03-23,38.74884033203125,39.91877519588673,38.74884033203125,39.55933735467391,164115200,-0.023156735063551537,-0.023429064643545324
2018-03-26,40.58831024169922,40.66583652732721,39.101222947632834,39.48415483536228,150164800,0.04747161189614735,0.04637927163178822
2018-03-27,39.5475959777832,41.14744769404664,39.2140001889255,40.80210484250869,163690400,-0.02564073886591156,-0.02597519208147636
2018-03-28,39.11062240600586,39.94226549266874,38.80756833575712,39.291517090797406,166674000,-0.011049308079884912,-0.01111080510370193
2018-03-29,39.41603088378906,40.34869086628051,39.20929408624951,39.42307840327794,153594000,0.007808837062544427,0.007778505892858407
2018-04-02,39.15761184692383,39.68854890632688,38.63842543352329,39.14821634870157,150347200,-0.0065561912519079835,-0.006577777474437804
2018-04-03,39.55932235717773,39.64389614567644,38.73473060783908,39.38312726319695,121112000,0.010258810262083307,0.010206545811553098
2018-04-04,40.31580352783203,40.40977284946621,38.70890446886859,38.73474657002297,138422000,0.019122702957955262,0.01894216206286993
2018-04-05,40.59535598754883,40.93129962590363,40.42620838714539,40.54367179938673,107732800,0.006934066426923735,0.0069101363464759286
2018-04-06,39.5569953918457,40.520193599758414,39.51470668278402,40.1654552459367,140021200,-0.02557830989391019,-0.02591112231315992
2018-04-09,39.94932174682617,40.66349797567897,39.902337081784566,39.9093846023058,116070800,0.009918001888013617,0.009869141307894678
2018-04-10,40.70107269287109,40.87726781275365,40.29699826449784,40.642340986243575,113634400,0.018817614747230094,0.018642753674553772
2018-04-11,40.51079177856445,40.858482557401416,40.33694459679612,40.46145555647489,89726400,-0.004675083522797663,-0.004686045905818691
2018-04-12,40.91016006469727,41.11219729191981,40.651739104982695,40.7386644739953,91557200,0.009858318452915071,0.009810042253692634
2018-04-13,41.04876327514648,41.309532195215816,40.842030106003335,41.06051033337822,100497200,0.003387989932818858,0.0033822636250633925
2018-04-16,41.30484008789063,41.3917618744456,41.07226121814989,41.1192458707553,86313600,0.0062383563428620725,0.006218978347401507
2018-04-17,41.87337493896485,42.0378230637771,41.443458251076926,41.462252834584085,106421600,0.01376436393082403,0.013670495452726528
2018-04-18,41.77939224243164,42.00962314798059,41.55386446253399,41.77234472335356,83018000,-0.002244450003616838,-0.002246972556729253
2018-04-19,40.59535598754883,41.20381560263127,40.56246637550921,40.82088373162085,139235200,-0.028340198153487983,-0.028749533885624547
2018-04-20,38.93208694458008,40.224184920792496,38.86395613476592,40.07853138694167,261964400,-0.04097190435967346,-0.04183490771832525
2018-04-23,38.81931686401367,39.21399228063409,38.54914881565372,39.192849722893605,146062000,-0.002896584524917367,-0.0029007877444884524
2018-04-24,38.27897644042969,39.0753782130152,37.87490202519528,38.920325652232485,134768000,-0.013919369716804297,-0.014017152587818804
2018-04-25,38.44577407836914,38.8615955688351,38.1544671050226,38.20379973161242,113528400,0.0043574215783701575,0.0043479555054492195
2018-04-26,38.579689025878906,38.93442729205529,38.37999976208661,38.55619490612709,111852000,0.0034832163149267625,0.0034771639673304156
2018-04-27,38.1333236694336,38.60552529366012,37.73629676460138,38.527999011826125,142623200,-0.011569957345842985,-0.011637410090679373
2018-04-30,38.82400131225586,39.29385490783552,38.02055209397845,38.08868287276864,169709600,0.0181121805381963,0.01795010904942274
2018-05-01,39.72613525390625,39.74962579014744,38.82636490930883,39.0941813984154,214277600,0.02323650090557794,0.022970643931577012
2018-05-02,41.48103713989258,41.758249112359714,40.83028873791382,41.166232425025626,266157600,0.044174996504694475,0.04322709658666682
2018-05-03,41.55622100830078,41.699526566932896,40.98065079516202,41.31894611945424,136272800,0.001812487671285723,0.0018108470975537578
2018-05-04,43.18660736083984,43.28527621703222,41.85692040342428,41.87571498337039,224805200,0.03923326791946247,0.03848319887133772
2018-05-07,43.499061584472656,44.08872675767489,43.40274070417876,43.5037575410482,169805600,0.007234979608890191,0.007208932701029657
2018-05-08,43.708133697509766,43.74807082502772,43.14900674286115,43.45911185257509,113611200,0.004806359158601614,0.0047948454922259595
2018-05-09,44.015907287597656,44.02530278700422,43.51316382889019,43.8256170584874,92844800,0.007041563298444409,0.007016887262461358
2018-05-10,44.64548873901367,44.72301501533817,44.08401381475316,44.10515995171336,111957200,0.014303498217186794,0.014202168291811677
2018-05-11,44.47569274902344,44.82236714269352,44.20684358643458,44.68794436066,104848800,-0.003803205985330793,-0.0038104565626785724
2018-05-14,44.37194061279297,44.69739103369072,44.303550683014535,44.574756968080656,83115200,-0.0023327829161862157,-0.0023355080932424806
2018-05-15,43.96866607666016,44.11724188633787,43.65265100074759,44.048848361857765,94780800,-0.009088503467809539,-0.009130055873183125
2018-05-16,44.37900161743164,44.4450380927892,43.86488799085089,43.88139800932075,76732400,0.009332453708194244,0.009289175415491875
2018-05-17,44.09836959838867,44.55116807100797,43.94979380634148,44.33655939327812,69176000,-0.006323531598618426,-0.006343609812793833
2018-05-18,43.93800735473633,44.29175654638332,43.89555917902967,44.14554136536321,73190800,-0.00363646649780458,-0.00364309451535406
2018-05-21,44.249305725097656,44.63607134090016,44.07950583537728,44.33656270229301,73603200,0.007084945110233276,0.0070599648066120985
2018-05-22,44.13846206665039,44.5440947186547,44.0488444625845,44.426178333735365,60962800,-0.002504980736554141,-0.0025081234501878416
2018-05-23,44.42146682739258,44.45448327580504,43.80830010142055,43.94744418978728,80233600,0.006411749469540595,0.006391281647022991
2018-05-24,44.37194061279297,44.534665823241845,43.914427996002615,44.5181593982014,92936000,-0.0011149162361533405,-0.0011155382176079526
2018-05-25,44.47333526611328,44.725674408100176,44.254008962832486,44.39079237378272,69844000,0.002285107478285031,0.0022825005907814683
2018-05-29,44.31296157836914,44.5134208068416,44.070054192443976,44.24221464928128,90056400,-0.003606063875904897,-0.0036125813973600838
2018-05-30,44.21863555908203,44.33655192057292,44.04883571065341,44.27051904601976,74762000,-0.002128632705360678,-0.002130901464098967
2018-05-31,44.070068359375,44.39080106892208,43.8979114457168,44.152611267873816,109931200,-0.0033598322930730173,-0.0033654892039938307
2018-06-01,44.86483383178711,44.86954789692039,44.27760885562374,44.334210023930105,93770000,0.018034132961426197,0.017873446997888554
2018-06-04,45.23979949951172,45.61477273020834,45.12660078050418,45.19499069863809,105064800,0.008357674278488991,0.008322942303654947
2018-06-05,45.58883666992188,45.73741248113974,45.36479623612481,45.532239102618185,86264000,0.0077152678453831225,0.0076856573707289235
2018-06-06,45.74684143066406,45.77042614795653,45.26102648202931,45.66430211718568,83734400,0.003465865160942494,0.0034598728918917294
2018-06-07,45.624210357666016,45.79872430858135,45.360075201959646,45.78457491780687,85388800,-0.00268064568313231,-0.0026842450476244595
2018-06-08,45.20914077758789,45.27989132749158,44.753985263930446,45.08414969878442,106627200,-0.00909757290754698,-0.009139208538455469
2018-06-11,45.09829330444336,45.272810825351335,44.85774650355641,45.126595679888055,73234000,-0.002451881881362472,-0.002454892666141855
2018-06-12,45.34591674804688,45.42374198027441,45.07942461331518,45.13602576362299,67644400,0.005490749770327152,0.0054757305565543085
2018-06-13,44.97330856323242,45.48742587356639,44.91199333844062,45.37894121591051,86553600,-0.008217017353177924,-0.008250963123485777
2018-06-14,44.99689483642578,45.17848708337205,44.86011139313714,45.17376942021792,86440400,0.0005244504784476245,0.0005243130023596191
2018-06-15,44.53465270996094,44.84595364672595,44.3978692921571,44.81529423972038,246876800,-0.010272756112287396,-0.010325885038224052
2018-06-18,44.511077880859375,44.62427660179374,44.147893403349705,44.30826155665231,73939600,-0.0005293592217974208,-0.0005294993818558007
2018-06-19,43.791786193847656,43.94271901773257,43.26351951098928,43.662077454917885,134314000,-0.016159835287229196,-0.016291829358741773
2018-06-20,43.98281478881836,44.1478970200638,43.801222535187,43.947441310166745,82514800,0.0043622014896835815,0.004352714667712127
2018-06-21,43.73754501342773,44.4191015421544,43.614910971313066,44.15968406816612,102847600,-0.005576491103815973,-0.005592097777693095
2018-06-22,43.61019134521485,43.900264617780905,43.558307852753,43.893189923219936,108801600,-0.002911769926130514,-0.0029160173752486996
2018-06-25,42.96165084838867,43.610190899003925,42.62205111884842,43.251724117986754,126652400,-0.014871305922333211,-0.01498299245856763
2018-06-26,43.49462890625,43.98987908138741,43.04890518803509,43.15503279593732,98276800,0.012405902644249123,0.012329580019770255
2018-06-27,43.430965423583984,44.16676254218602,43.40030601080136,43.68330462576194,101141200,-0.0014637090663134344,-0.0014647813348827156
2018-06-28,43.74697494506836,43.91441778022943,43.34605999142176,43.4168105358352,69460800,0.007276133938131979,0.007249790583590604
2018-06-29,43.65501403808594,44.145546742070266,43.13618254685051,43.93329504211716,90950800,-0.0021021089366268786,-0.0021043214688171645
2018-07-02,44.14316940307617,44.17147177813843,43.25643961910087,43.35077487177182,70925200,0.011182114488941686,0.01112005684198838
2018-07-03,43.37436294555664,44.32476872776422,43.28474534077039,44.28703462064132,55819200,-0.017416204316900608,-0.017569650648481632
2018-07-05,43.72339630126953,43.96158971391458,43.45926473721124,43.690379855762245,66416800,0.008046996705196374,0.008014792277797826
2018-07-06,44.32947540283203,44.43795643576801,43.67621777946467,43.72810126426766,69940800,0.01386166567176983,0.013766471475523552
2018-07-09,44.94500732421875,44.96858844083861,44.64314168271515,44.69030751447716,79026400,0.01388538699800157,0.01378986820659175
2018-07-10,44.890769958496094,45.11009271096756,44.8506752202268,44.97566990105466,63756400,-0.0012067495134977513,-0.0012074782219966581
2018-07-11,44.30825424194336,44.756334987289726,44.24457839757625,44.45446938228382,75326000,-0.012976291498036252,-0.013061219065149848
2018-07-12,45.05113983154297,45.14075744773756,44.64550712464103,44.697390628909154,72164400,0.016766302403681044,0.01662729951356903
2018-07-13,45.12187957763672,45.24215298223861,45.02046962595416,45.06292139132797,50055600,0.0015702099071912556,0.0015689784165788987
2018-07-16,45.02282333374024,45.4331699443,44.90726401087555,45.16668143015482,60172400,-0.0021953040259778955,-0.002197717238331206
2018-07-17,45.150177001953125,45.249226320159714,44.619553341082245,44.749262066777305,62138000,0.0028286468680307486,0.002824653774740314
2018-07-18,44.902565002441406,45.23273309127472,44.791723295296585,45.22801542754942,65573600,-0.005484186684384551,-0.005499280044676441
2018-07-19,45.2515869140625,45.40959441668274,44.73511264213496,44.73511264213496,81147200,0.007772872476263126,0.007742819335359979
2018-07-20,45.1478157043457,45.381287790015705,44.84830714758862,45.22799796410062,82704800,-0.0022932059800215843,-0.002295839403613785
2018-07-23,45.18792343139648,45.27046635168146,44.70446546656228,44.96859705383744,63957600,0.0008883647287263319,0.0008879703663218607
2018-07-24,45.515716552734375,45.67136701702628,45.29167618059886,45.38600783249112,74791600,0.007253998335098322,0.007227814637259565
2018-07-25,45.9449462890625,45.95202098494442,45.38130246130209,45.52987827186808,66839600,0.009430363154468102,0.009386174870338966
2018-07-26,45.80107879638672,46.213786098393896,45.65957771057542,45.89541045457952,76304000,-0.003131301792598462,-0.003136214576342919
2018-07-27,45.039344787597656,46.03220240716992,44.83181438141604,45.98503656933422,96096000,-0.016631355173432172,-0.016771208968009776
2018-07-30,44.78698348999024,45.3270387241563,44.58888490965586,45.25628820303088,84118000,-0.00560312985896072,-0.005618886275465062
2018-07-31,44.87661361694336,45.31290565554583,44.65257321814302,44.87897424756083,157492000,0.0020012539351561554,0.0019992540941815877
2018-08-01,47.520301818847656,47.58161704185553,46.53216196456808,46.96137932119036,271742800,0.05891015361520413,0.05724022224124289
2018-08-02,48.90935897827149,49.142834720583664,47.24909782850807,47.30333835907744,249616000,0.029230815172829994,0.028811741875823426
2018-08-03,49.05084609985352,49.2277206303756,48.45890370131914,48.824445117435765,133789600,0.0028928435076176484,0.0028886672879991247
2018-08-06,49.30555725097656,49.34800542082201,48.8338917272411,49.05321446848736,101701600,0.0051927983179844706,0.005179362234640277
2018-08-07,48.84331512451172,49.40695518531018,48.76077223252612,49.36450702270394,102349600,-0.009375051256634737,-0.009419273658206254
2018-08-08,48.8763427734375,49.00840855209186,48.2325203032362,48.59334416224635,90102000,0.0006761958896850384,0.0006759673722536541
2018-08-09,49.260738372802734,49.47298637565351,48.86453754268723,49.41402819724811,93970400,0.007864655527666464,0.007833890324257142
2018-08-10,49.114017486572266,49.48557517764964,48.91048987483557,49.07378574614256,98444800,-0.002978454872521241,-0.002982899296439675
2018-08-13,49.4311408996582,49.92339381288648,49.15424931305655,49.5352718097257,103563600,0.006456881951728777,0.006436125589137463
2018-08-14,49.6393928527832,49.83108671223889,49.28676845217307,49.73642423707177,82992000,0.004212970798058935,0.00420412108360518
2018-08-15,49.75536346435547,49.87369337817859,49.30334232687699,49.51396942903644,115230400,0.002336261684670493,0.0023335368684381562
2018-08-16,50.48426818847656,50.600229174566,50.046446132066016,50.11271058444336,114001600,0.014649771871192874,0.014543500605840733
2018-08-17,51.49244689941406,51.580009882061766,50.44641087085181,50.51267533520291,141708000,0.01997015599341956,0.01977336803815097
2018-08-20,50.990718841552734,51.87108991909747,50.907886472384135,51.615500529219744,121150800,-0.009743721420763074,-0.009791502102092682
2018-08-21,50.89133834838867,51.4001592504967,50.65231317269027,51.30786204293562,104639200,-0.0019489918052121302,-0.0019508935611467586
2018-08-22,50.89371109008789,51.203734974438845,50.60735102852676,50.6688849122958,76072400,4.662368442698295e-05,4.6622597576790014e-05
2018-08-23,50.99783706665039,51.36702588882089,50.78720992522527,50.79904002989907,75532800,0.002045949771243505,0.002043859666357829
2018-08-24,51.15641021728516,51.33153625052508,50.907916573988,51.26054116199207,73905600,0.003109409334900448,0.0031045851194146097
2018-08-27,51.5776481628418,51.766976764615386,51.19662566081168,51.39068485955114,82100400,0.0082343140139709,0.00820059701478328
2018-08-28,51.99415969848633,52.19295307283816,51.80956533499646,51.830863851289415,91107200,0.008075427059595963,0.008042995281808253
2018-08-29,52.77042388916016,52.89112275020295,51.92554991757816,52.10067593376807,109019200,0.014929834334767245,0.014819481370030122
2018-08-30,53.25557708740234,54.01998755442032,52.63316039390969,52.834322753666605,195175200,0.009193657402889022,0.009151652987855238
2018-08-31,53.87088394165039,54.16433985067778,53.48512722248886,53.60582244851051,173360400,0.011553848214586493,0.01148761220925734
2018-09-04,54.04364776611328,54.23770698067207,53.634227204341904,54.05548148177805,109560400,0.003206998137435857,0.00320186668701672
2018-09-05,53.69102478027344,54.35367315366947,53.27213940080851,54.19274617173465,133332000,-0.0065247813649793596,-0.006546160799074229
2018-09-06,52.79882049560547,53.80462498223648,52.3728319908037,53.53956346194695,137160000,-0.016617382296561622,-0.016756999873919445
2018-09-07,52.37282180786133,53.33602545116315,52.23319337295159,52.50298543834602,150479200,-0.008068337204229725,-0.008101062380888362
2018-09-10,51.66994857788086,52.502992310884245,51.22976108607632,52.28999626644421,158066000,-0.013420572077614601,-0.013511441887442206
2018-09-11,52.97631454467773,53.08281076636289,51.25106203103439,51.59421812808349,142996000,0.025282896591774406,0.02496857118519757
2018-09-12,52.318397521972656,53.24846904799571,52.02730329115404,53.23427003403245,197114800,-0.012419078759248414,-0.012496840003959358
2018-09-13,53.5821533203125,54.0412739712372,52.67338043396354,52.89820655167568,166825600,0.024155093775742875,0.02386797391396915
2018-09-14,52.973934173583984,53.683913646067786,52.66154508348513,53.425955304406166,127997200,-0.011351151624918843,-0.011416067661896923
2018-09-17,51.56344604492188,52.76330953149824,51.41908340101543,52.573980941124496,148780400,-0.02662607847928078,-0.02698697306482842
2018-09-18,51.64863586425781,52.50297788359779,51.38357443364483,51.54213606573139,126286800,0.001652135880556127,0.0016507726054095255
2018-09-19,51.679420471191406,51.975245341976986,50.95287646633662,51.71018741331901,108495200,0.0005960391096195838,0.0005958615488614199
2018-09-20,52.07227325439453,52.60475798589657,51.864011403841246,52.12197341823773,106435200,0.007601725786033464,0.007572978263840435
2018-09-21,51.511375427246094,52.38701600738887,51.42380884143232,52.24975288340984,384986800,-0.010771525652590985,-0.010829958521292623
2018-09-24,52.25212860107422,52.36335902352826,51.267626333584346,51.31259228450954,110773600,0.014380380404991344,0.014277963430375674
2018-09-25,52.58345031738281,52.73254717183654,51.99416601700422,52.00599973120798,98217600,0.006340827162049534,0.006320808695360841
2018-09-26,52.16456604003906,52.95264380917307,52.008369665369,52.30182919252401,95938800,-0.007966085808661316,-0.007997984588768374
2018-09-27,53.23662185668945,53.58924626246891,52.90293066844936,52.96919873540815,120724800,0.02055141829086682,0.020343087388825638
2018-09-28,53.42359161376953,53.44725543021233,53.01653641507188,53.198761885137,91717600,0.0035120514893562937,0.0035058986384022234
2018-10-01,53.7833251953125,54.2945114233787,53.56796744030618,53.94662109687337,94403200,0.006733609079368819,0.006711039593168126
2018-10-02,54.26136779785156,54.4317631714536,53.634220666637496,53.78094861179492,99152800,0.008888305079744807,0.008849036611363935
2018-10-03,54.92164993286133,55.2529722591602,54.37969688559939,54.44359605250793,114619200,0.012168549408293927,0.012095107795938741
2018-10-04,53.956085205078125,54.98792238547319,53.65789145695204,54.61636465523451,128168000,-0.017580766946432846,-0.017737144161224724
2018-10-05,53.08042526245117,54.055466099710266,52.20241942157365,53.948969911318,134322000,-0.016229122985826572,-0.016362257606151082
2018-10-08,52.95737075805664,53.201130092168086,52.11249343818389,52.5881820039128,118655600,-0.00231826523216605,-0.0023209565693028214
2018-10-09,53.69102478027344,53.78569089712608,52.59765731141301,52.92661439379682,107564000,0.013853671579894034,0.013758586648961386
2018-10-10,51.2037239074707,53.56795704512589,51.13035993373505,53.35732992876048,167962400,-0.046326194796650455,-0.0474335892698683
2018-10-11,50.75170516967773,51.946838159353845,50.247622134232415,50.76827309287209,212497600,-0.008827848900400448,-0.008867045208398034
2018-10-12,52.56451797485352,52.74674706543594,51.31731958871107,52.16456226162704,161351600,0.035719249217637694,0.03509611214785082
2018-10-15,51.44038009643555,52.49824981109706,51.41908157869824,52.33968816048203,123164000,-0.021385868675819597,-0.02161785988375522
2018-10-16,52.57398223876953,52.772779249697095,51.298385840102064,51.811937261784536,116736000,0.02203720385053165,0.021797894103804748
2018-10-17,52.346797943115234,52.68995403710675,51.90897573313576,52.60949054687431,91541600,-0.004321230501857731,-0.004330594002682461
2018-10-18,51.12325668334961,52.00363152598924,50.40854299687499,51.55870989702403,130325200,-0.023373755565626708,-0.023651254446792263
2018-10-19,51.90187454223633,52.36336055788579,51.45695283938301,51.606049710263214,132314800,0.015230208507829746,0.015115393188719793
2018-10-22,52.218994140625,52.8603439191293,51.81430782182485,52.015466526416446,115168400,0.0061099835253659585,0.006091393261731242
2018-10-23,52.71124649047852,52.83431062152317,50.810868215917154,51.07829499747305,155071200,0.009426691531589038,0.009382537542108573
2018-10-24,50.903167724609375,53.066238670983005,50.77300408116082,52.68048556003546,163702000,-0.03430157482987528,-0.034903682775713436
2018-10-25,52.01782989501953,52.39175284925293,51.29601671156717,51.52321173088781,119423200,0.021897697535064653,0.021661386511915143
2018-10-26,51.18953323364258,52.11014003080295,50.33045670583249,51.09486711409227,189033600,-0.015923322119523076,-0.016051460290571994
2018-10-29,50.22867965698242,51.99179452917274,48.77321965060917,51.873464623507054,183742000,-0.018770508656028695,-0.018948910645113958
2018-10-30,50.47953796386719,50.92445594905136,49.5257992228298,49.97071720801397,146640000,0.004994324131112116,0.0049818938643569335
2018-10-31,51.795372009277344,52.17166028299006,51.26525267501024,51.326786543689,153435600,0.026066681639440148,0.025732736488005115
2018-11-01,52.590553283691406,52.623685518956215,51.310222601060566,51.84034197644032,233292800,0.015352361486497879,0.015235706423572215
2018-11-02,49.10218811035156,50.56237905391569,48.617034661599845,49.59207576755525,365314800,-0.06633064220721185,-0.06863291007427623
2018-11-05,47.70825958251953,48.37090790263362,46.898883307010784,48.349609382233005,264654800,-0.028388317944188834,-0.028799058402511974
2018-11-06,48.22417449951172,48.44900061545359,47.73192162049639,47.786352370196695,127531600,0.010813953841678714,0.010755901186992087
2018-11-07,49.68672561645508,49.7127583395969,48.30936742141667,48.74482059838714,133697600,0.030328173206120246,0.029877366257863126
2018-11-08,49.51337432861328,49.90047339465784,49.10014807772856,49.86722555541948,101450400,-0.0034888853248238316,-0.003494985678317568
2018-11-09,48.55868148803711,48.92440772185427,48.03146315999094,48.815166373876544,137463200,-0.019281514409420164,-0.019469827377824874
2018-11-12,46.1125602722168,47.461479830848354,46.02231462032581,47.25961570122101,204542000,-0.050374539440963595,-0.051687624168439715
2018-11-13,45.65186309814453,46.8274162794372,45.46662459072839,45.50937388984001,187531600,-0.009990709068258719,-0.010040951118001561
2018-11-14,44.3623046875,46.18619210460232,44.15568977984572,46.04845004074686,243204000,-0.028247662266755236,-0.028654303558595006
2018-11-15,45.45711898803711,45.59011034254825,44.38605662645267,44.73991147050331,185915200,0.024678931995289144,0.024379326443624286
2018-11-16,45.96059799194336,46.302577910996455,44.9940332715925,45.24101675549559,147713200,0.011075910992923932,0.011015022276886246
2018-11-19,44.13907623291016,45.28850573158445,43.93246490893677,45.122266527022944,167701200,-0.039632246720386455,-0.04043899154232967
2018-11-20,42.03020858764648,43.09652044205455,41.68110439834949,42.36031349042638,271300800,-0.04777779295007789,-0.048956860660101804
2018-11-21,41.982704162597656,42.81153021281317,41.92808348913567,42.68328595925916,124496800,-0.0011302448083206906,-0.0011308840166707297
2018-11-23,40.91639709472656,41.93996319137456,40.87127786952604,41.54573618072765,94496000,-0.025398722858378076,-0.025726838147136
2018-11-26,41.46973037719727,41.548101052609525,40.43429311450375,41.37948832190566,179994000,0.013523509442673332,0.013432882933609426
2018-11-27,41.37949752807617,41.505364622235895,40.58154566531735,40.73115914826122,165549600,-0.0021758725774285725,-0.0021782432276112517
2018-11-28,42.97064971923828,43.05376751403634,41.543358788745984,41.9708336400061,184250000,0.03845267067543556,0.03773178859680601
2018-11-29,42.64054107666016,43.41236929244246,42.201191258179286,43.37912145271232,167080000,-0.007682188766867215,-0.007711848779180134
2018-11-30,42.4101791381836,42.82577894068575,42.04207573121886,42.81627748733265,158126000,-0.005402415932349691,-0.0054170617536644814
2018-12-03,43.89208984375,43.92058695583574,43.034766692325256,43.80659488375015,163210000,0.034942335441167094,0.034345710615622214
2018-12-04,41.961334228515625,43.31500152005368,41.86159070426997,42.97302165192976,165377200,-0.04398869186014176,-0.044985537402515006
2018-12-06,41.49348449707031,41.507733053331634,40.47229568801068,40.79052552365589,172393600,-0.011149543741804435,-0.01121216581137233
2018-12-07,40.013954162597656,41.43886790910072,39.96883131415951,41.20138228468355,169126400,-0.035656931501549805,-0.036308167496810054
2018-12-10,40.27755737304688,40.39392299254589,38.78852171429132,39.18512221335925,248104000,0.006587782086670657,0.006566177482634726
2018-12-11,40.04719924926758,40.79765101673973,39.6600965485078,40.766780351835095,189126800,-0.005719267473093037,-0.005735685111142136
2018-12-12,40.158809661865234,40.828517056992325,40.13981038220844,40.46753799099741,142510800,0.0027869717405941685,0.0027830953354701913
2018-12-13,40.59817123413086,40.98290045214236,40.26569277287988,40.4889298641813,127594400,0.010940602472160554,0.010881187048475108
2018-12-14,39.29911422729492,40.15406379663115,39.251617834274576,40.1350645146745,162814800,-0.0319979192989811,-0.03252104222334652
2018-12-17,38.933387756347656,39.98070006589324,38.64602860130792,39.2919896885735,177151600,-0.009306226823129093,-0.009349800299102654
2018-12-18,39.439239501953125,39.78596648532235,39.04026176741648,39.2753738408261,135366000,0.01299274927656402,0.012909067567251896
2018-12-19,38.20905685424805,39.76696176214106,37.78158206275483,39.42260837756745,196189200,-0.031191845056854017,-0.0316886692073093
2018-12-20,37.24486923217773,38.498792982639806,36.88151653310877,38.09269098875768,259092000,-0.02523453080112137,-0.025558381331143604
2018-12-21,35.79620361328125,37.56072351252504,35.53497162650569,37.25199150656966,382978400,-0.038895709630922815,-0.03967235314342895
2018-12-24,34.87001037597656,35.99094267515283,34.81301252858464,35.18348947727564,148676800,-0.025874063275275527,-0.026214685212587234
2018-12-26,37.32561874389648,37.33986730293272,34.84389445485186,35.21912221236073,234330000,0.0704217848358224,0.06805276223613035
2018-12-27,37.08337020874024,37.23061372589875,35.63946113582049,37.00975026203208,212468400,-0.006490141176717867,-0.006511293714607433
2018-12-28,37.10237121582031,37.64621522429912,36.70339718009544,37.40397891761338,169165600,0.0005123861982638811,0.0005122549732791293
2018-12-31,37.46098327636719,37.84570882397336,37.16174907379083,37.64859532308761,140014000,0.009665475515321376,0.009619063629171554
2019-01-02,37.503719329833984,37.7245827857424,36.62739703060972,36.78413837044897,148158800,0.001140815048860544,0.001140164813857623
2019-01-03,33.76808166503906,34.6064056330403,33.72295881640133,34.19317934017915,365248800,-0.0996071251478049,-0.10492408329473625
2019-01-04,35.20961380004883,35.278486653439785,34.15043005188284,34.32379352547417,234428400,0.042689192395025,0.04180313774101574
2019-01-07,35.13124465942383,35.34498388334802,34.64914915949289,35.31410959435231,219111200,-0.002225788134742057,-0.002228268882915924
2019-01-08,35.80094528198242,36.055056550079776,35.2713535405517,35.518336908581354,164101200,0.01906282083230848,0.01888340183229715
2019-01-09,36.40890884399414,36.69864150293026,35.53496376531212,35.929187021597,180396400,0.016981774006891603,0.01683919557534387
2019-01-10,36.52529144287109,36.56566356603284,35.827083095118475,36.216559392156526,143122800,0.003196541796284702,0.003191443717815225
2019-01-11,36.16667938232422,36.50153493832651,35.98144090958733,36.306798636311406,108092800,-0.00981818478047658,-0.009866700978524882
2019-01-14,35.62284851074219,35.924456309448,35.437609988385816,35.824712768467144,129756800,-0.01503679300587979,-0.015150991813161973
2019-01-15,36.3519172668457,36.427910763494,35.63470984406504,35.68695695839793,114843600,0.02046632390679437,0.020259703121886213
2019-01-16,36.7960205078125,37.01925755806657,36.33529785069117,36.35429713408968,122278800,0.012216776290141729,0.012142753746780918
2019-01-17,37.01449966430664,37.44197439864599,36.3970357565118,36.62027276354135,119284800,0.005937575680167839,0.005920017744456534
2019-01-18,37.24249649047852,37.49423066668109,37.04300581658366,37.40398497191301,135004000,0.0061596625171118635,0.006140769339985667
2019-01-22,36.40653610229492,37.22110981198544,36.24504404145378,37.14511631915699,121576000,-0.022446411142102773,-0.022702166264286748
2019-01-23,36.55378341674805,36.84351614102213,36.02656509052752,36.60840409054777,92522400,0.004044529642682537,0.004036372519753762
2019-01-24,36.26405334472656,36.6867774572087,36.03606917947976,36.59890893765972,101766000,-0.007926130893710415,-0.00795770964474301
2019-01-25,37.46572494506836,37.5535970765076,36.6487775687618,36.92425809596469,134142000,0.03313671499759541,0.032599528909473895
2019-01-28,37.11899948120117,37.12612375920128,36.49203765099391,36.99787950771421,104768400,-0.009254470969814466,-0.009297559634179182
2019-01-29,36.73427200317383,37.55360024747364,36.59890709133916,37.10712614608624,166348800,-0.010364704959846427,-0.010418792573672283
2019-01-30,39.2444953918457,39.45823098230422,38.05231666544547,38.7695241919444,244439200,0.06833464369336051,0.06610102824981874
2019-01-31,39.527103424072266,40.13506597381766,39.080629341215584,39.44873274205534,162958400,0.0072012145755677714,0.007175409640410454
2019-02-01,39.546119689941406,40.130332481334186,39.40600037321012,39.65061397750608,130672400,0.0004810943434210291,0.0004809786546407179
2019-02-04,40.66941452026367,40.76678449917844,39.72659627039081,39.75747056217919,125982000,0.028404678869365263,0.028008746058295987
2019-02-05,41.3652458190918,41.57898506305087,40.93065029956902,41.051766667858935,144406400,0.017109449620461792,0.016964731354914445
2019-02-06,41.37949752807617,41.69535385122478,41.04939264690845,41.47686388245452,112958400,0.00034453340484685846,0.0003444740668422227
2019-02-07,40.59579086303711,41.30824769496477,40.45329804715444,40.94251782527925,126966800,-0.01893949206384915,-0.01912114146553313
2019-02-08,40.64349365234375,40.70311969069085,40.16886907695841,40.30481819124638,95280000,0.0011750673725652305,0.001174377521261817
2019-02-11,40.40975189208984,40.83429258000177,40.36682289672223,40.79613104681893,83973600,-0.005751025299480683,-0.00576762612391647
2019-02-12,40.75797271728516,40.78420831850001,40.47415220576565,40.56955604622166,89134000,0.008617247295287012,0.008580330747561347
2019-02-13,40.588623046875,41.1371831649396,40.52661329551529,40.877214588225634,89960800,-0.004155007207665706,-0.004163663235673338
2019-02-14,40.736515045166016,40.846224930971815,40.3978395431766,40.47654636001206,87342800,0.0036436810906399497,0.0036370589657607403
2019-02-15,40.64587020874024,40.95115518004431,40.48607289089232,40.84382905782214,98507200,-0.0022251495083777106,-0.002227628832138528
2019-02-19,40.76750946044922,40.889148896686,40.42406656800364,40.47653776808927,75891200,0.0029926595514941923,0.0029881904599914507
2019-02-20,41.02986907958984,41.33754147443536,40.78182636217737,40.82952646483924,104457600,0.006435507653347106,0.006414888191159453
2019-02-21,40.79851150512695,41.11095129951937,40.61724969597512,40.97500585247645,68998800,-0.005638759753634481,-0.005654717575904745
2019-02-22,41.254051208496094,41.261206039788064,40.874830592887925,40.9225306812622,75652800,0.011165596159357305,0.011103721046222127
2019-02-25,41.55458450317383,41.94573123389448,41.48780362031556,41.537891102101845,87493600,0.007284940166454312,0.007258533161252394
2019-02-26,41.57841873168945,41.80976799171946,41.30175311196315,41.43054735944564,68280800,0.0005735643563902215,0.000573399931224033
2019-02-27,41.707218170166016,41.73822487321426,41.19681945157351,41.31130406008195,111341600,0.0030977473989022286,0.0030929592651660017
2019-02-28,41.29698944091797,41.71675904686079,41.242134508972,41.5760424809069,112861600,-0.009835916832772407,-0.009884609013995599
2019-03-01,41.73107147216797,41.77400047236852,41.23498240279376,41.56650302616348,103544800,0.010511227019853964,0.010456368160881848
2019-03-04,41.940956115722656,42.3941125437394,41.4925671504077,41.90279457840128,109744800,0.005029457335996357,0.005016851863572421
2019-03-05,41.8646354675293,41.976732715355126,41.628515035862925,41.96242304785135,78949600,-0.0018197164600343152,-0.0018213741553606765
2019-03-06,41.62375259399414,41.85510195130556,41.485419725962615,41.65952676706904,83241600,-0.005753850973382768,-0.005770468146376943
2019-03-07,41.14196395874024,41.60466257047475,41.027482991072056,41.46871346445025,99185600,-0.011574848619569589,-0.011642358630907684
2019-03-08,41.23974609375,41.27790762437119,40.42644621389484,40.62202132886552,95997600,0.0023767007114152694,0.002373880825412353
2019-03-11,42.66838455200195,42.7208557482408,41.82169785846887,41.855088288867776,128044000,0.034642270953954,0.034055735044303724
2019-03-12,43.14778518676758,43.5675511663907,42.780486770223504,42.930745544199205,129870400,0.011235500003084375,0.011172850601074084
2019-03-13,43.33858489990234,43.71780557424151,43.15016460861008,43.46737552238741,124130000,0.004422004798366075,0.004412256462707289
2019-03-14,43.82035827636719,43.90860727009879,43.54130890969814,43.86090353758059,94318000,0.011116499940586166,0.011055165783951382
2019-03-15,44.390380859375,44.6789724147162,43.82274358974559,44.087483279947165,156171600,0.013008168016627852,0.012924288429130607
2019-03-18,44.843544006347656,44.931789362919865,44.31167721809288,44.31406458834656,104879200,0.010208588847395506,0.010156833141385513
2019-03-19,44.48818206787109,45.07490392114361,44.34269438014027,44.92226139953133,126585600,-0.007924483810339944,-0.007956049403450013
2019-03-20,44.87693405151367,45.19414495340022,44.05886306469387,44.41661922842223,124140800,0.008738320281316714,0.008700362127374581
2019-03-21,46.529781341552734,46.825527845947136,45.27047951523642,45.32056699619354,204136800,0.03683066423703951,0.036168622024426514
2019-03-22,45.56621170043945,47.14987887158073,45.50181457067001,46.58939274805469,169630800,-0.02070866471604882,-0.020926096161424376
2019-03-25,45.0152702331543,45.78802127537282,44.50487154702467,45.67592404455743,175381200,-0.012091008813880477,-0.012164699661130792
2019-03-26,44.55018997192383,46.00268305675248,44.02309782192176,45.71170769350031,199202000,-0.01033161100270219,-0.010385352574126773
2019-03-27,44.95087814331055,45.25854690032797,44.4929506048766,45.01765901521021,119393600,0.008994084461575458,0.00895387858082241
2019-03-28,45.01049423217773,45.21083680359104,44.72667376970035,45.065349156408665,83121600,0.0013262497047803468,0.0013253710124651102
2019-03-29,45.303855895996094,45.334862595503004,44.96756422056934,45.27523656677985,94256000,0.006517628140342513,0.006496480241744959
2019-04-01,45.61153793334961,45.7164767092003,44.929415874254,45.70693814386287,111448000,0.006791519866650164,0.006768561385635277
2019-04-02,46.27457809448242,46.37952050705975,45.56622044887009,45.575759013975,91062800,0.014536676270413995,0.014432031695726969
2019-04-03,46.59177017211914,46.86604838891095,46.067058321987226,46.090910184005295,93087200,0.006854564443333988,0.006831178721616667
2019-04-04,46.67287826538086,46.83505934250355,46.06469194760166,46.458222344190496,76457200,0.0017408244623908775,0.0017393109836990296
2019-04-05,46.98530960083008,47.00916146750853,46.730108456649496,46.85413161266641,74106400,0.006694066169922852,0.006671760397856425
2019-04-08,47.72469329833984,47.75569637055003,46.8279151504652,46.84699592374821,103526800,0.015736486654899018,0.015613951987110578
2019-04-09,47.58156967163086,48.380559891254,47.51717254330135,47.7771447875635,143072800,-0.0029989428284907804,-0.003003448668293975
2019-04-10,47.84870147705078,47.8773244498053,47.26675076793066,47.38600284310168,86781200,0.005614186485722206,0.0055984856782038545
2019-04-11,47.45040130615234,47.93933555584752,47.32876549622773,47.90356138801222,83603200,-0.008324158411895044,-0.008358997691697853
2019-04-12,47.43131637573242,47.73421764754132,46.796898139641456,47.51002317734974,111042800,-0.000402207987594827,-0.0004022888949225792
2019-04-15,47.51717758178711,47.66505261953051,47.22620224726255,47.362151350453125,70146400,0.0018102218663831326,0.001808585389407004
2019-04-16,47.52194595336914,48.02757352365968,47.35737752813351,47.57203341989984,102785600,0.00010035048007273062,0.00010034544530013028
2019-04-17,48.44733810424805,48.5069641281486,47.36929857312662,47.5911056351805,115627200,0.019472943127938125,0.019285771325551638
2019-04-18,48.62144088745117,48.6906054679341,48.30184630029781,48.44494656176422,96783200,0.003593650136742177,0.003587208404364953
2019-04-22,48.78125762939453,48.879045212583904,48.25893291448305,48.3758012679985,77758000,0.003286960218091828,0.0032815699728056657
2019-04-23,49.48483657836914,49.54923371338613,48.63099134409102,48.7573982436491,93292000,0.014423140836587356,0.014320116779534073
2019-04-24,49.40852737426758,49.72335100308434,49.38229176859243,49.456227482962845,70162400,-0.0015420724686179277,-0.0015432626861256321
2019-04-25,48.96013641357422,49.55162574447555,48.92197487241029,49.32981861011938,74172800,-0.009075173548420468,-0.00911660378409314
2019-04-26,48.72638702392578,48.89333916149856,48.20644620773211,48.86948729643802,74596400,-0.004774279787007063,-0.004785713065712151
2019-04-29,48.80032730102539,49.12469304422843,48.62144921409616,48.75023983540025,88818800,0.0015174586423429837,0.0015163084653943208
2019-04-30,47.86062240600586,48.51173764933064,47.48855655267741,48.43064712012503,186139600,-0.019256118698199542,-0.019443932706939827
2019-05-01,50.20989608764648,51.35232939695796,49.9022236875031,50.057253572929376,259309200,0.049085731934522814,0.047919053371637765
2019-05-02,49.88313674926758,50.71790119448601,49.63986515980281,50.04770517932468,127985200,-0.0065078672500836765,-0.0065291357433939715
2019-05-03,50.50325012207031,50.5247146205948,50.14072282120273,50.29813642228416,83569600,0.01243132275180825,0.012354688317110542
2019-05-06,49.72334671020508,49.80920835415768,48.53559700159812,48.72401368842716,129772400,-0.015442638047653334,-0.015563117539510651
2019-05-07,48.38295364379883,49.47053202213597,47.89879049413808,49.10323722005303,155054800,-0.026957016272823653,-0.027327021279411376
2019-05-08,48.39248275756836,48.97443337179271,48.11820448511399,48.15397864611798,105358000,0.00019695188184831736,0.00019693248937265015
2019-05-09,47.87255096435547,48.10151289928511,46.90422474446259,47.79622789318936,139634400,-0.010744061134816962,-0.010802195332871856
2019-05-10,47.20934677124024,47.60918573031847,46.1534958760035,47.26680951074046,164834800,-0.013853537773849345,-0.013950393599232312
2019-05-13,44.4655647277832,45.36579237166061,43.77842304776529,44.94201700800786,229722400,-0.058119466400423536,-0.05987683452950314
2019-05-14,45.169464111328125,45.4184619831724,44.39134073852921,44.63076331477503,146118800,0.015830213511380586,0.01570622250576044
2019-05-15,45.7105598449707,45.90928103046059,44.53739063067478,44.59724627738985,106178800,0.011979237396063658,0.011908054247757722
2019-05-16,45.50944900512695,46.08166888253502,45.21256366098968,45.46874760084426,132125600,-0.0043996582086464064,-0.0044093651868771675
2019-05-17,45.25087738037109,45.70577891917145,44.71456937030482,44.75527077928806,131516400,-0.005681712927940286,-0.005697915259314703
2019-05-20,43.83589553833008,44.13757043902362,43.16311842376751,43.93884918559375,154449200,-0.03126971064332995,-0.031769044992106685
2019-05-21,44.67626190185547,45.01145210514859,44.22135673647284,44.34585752053852,113459200,0.019170735608459832,0.018989292323513113
2019-05-22,43.76166915893555,44.4631793828225,43.70660297552515,44.2117848841149,118994400,-0.020471559257332128,-0.020684006038814255
2019-05-23,43.01466369628906,43.22535309271578,42.57173044037936,43.04818271299096,146118800,-0.017069857640335417,-0.017217227118486386
2019-05-24,42.849456787109375,43.6084258804153,42.76565742796805,43.1439455193887,94858800,-0.0038407113989348263,-0.0038481058703858802
2019-05-28,42.67229461669922,43.23733217353372,42.59568127428577,42.837496817068114,111792800,-0.004134525468790895,-0.004143096251453934
2019-05-29,42.46879196166992,42.940454887046144,42.138387526779006,42.23894460407194,113924800,-0.004768964426620226,-0.0047803722208318005
2019-05-30,42.689056396484375,42.91171769264385,42.29879633379257,42.60525701321821,84873600,0.005186501066789306,0.005173097495247952
2019-05-31,41.91570663452149,42.61482002632129,41.89655239255871,42.19343400973646,108174400,-0.01811587857038166,-0.018281980208024393
2019-06-03,41.49193572998047,42.59806693078556,40.76648557188118,42.0426084196618,161584400,-0.0101100742076482,-0.010161528103462065
2019-06-04,43.0098762512207,43.05536713031265,41.78403369307506,42.00430204941067,123872000,0.036583989021833796,0.035930680987420895
2019-06-05,43.704193115234375,44.290781318198384,43.36900298779642,44.120789690734455,119093600,0.016143196040792285,0.01601428021007443
2019-06-06,44.34585571289063,44.4057113648459,43.61082655329625,43.8334914782854,90105200,0.014681945871060753,0.014575209566568327
2019-06-07,45.52621078491211,45.94998985503987,44.47754216929505,44.654712574082296,122737600,0.026617032258064333,0.026268961945522314
2019-06-10,46.108009338378906,46.77599685145349,45.87816201203644,45.9236528950948,104883600,0.012779419666958391,0.012698451967270114
2019-06-11,46.64192581176758,46.92683934948886,46.35222645142724,46.65389767491463,107731600,0.011579690406288146,0.011513158908187233
2019-06-12,46.49348449707031,46.91965651730608,46.30194564843296,46.4360217464892,73012800,-0.0031825725913704472,-0.0031876477464137048
2019-06-13,46.48389434814453,47.11596983908178,46.35221484639415,46.615577503193705,86698400,-0.00020626866386808107,-0.00020628994017473523
2019-06-14,46.14631652832031,46.34982356084615,45.56212475815353,45.86140302948494,75046000,-0.007262253401057683,-0.007288751933938612
2019-06-17,46.4216423034668,46.67782620889428,46.00983518767767,46.1846126421805,58676400,0.005966365158907472,0.00594863688293249
2019-06-18,47.5134162902832,47.95395301650747,46.73768937090985,46.9388034867993,106204000,0.023518642009243917,0.023246339934032162
2019-06-19,47.37455368041992,47.8557954951952,47.24047759483256,47.80790804751456,84496800,-0.0029225978829832133,-0.0029268770116580483
2019-06-20,47.75522613525391,48.03056062202927,47.41284996964704,47.973097891587294,86056000,0.008035378177954744,0.008003266432042211
2019-06-21,47.59242630004883,48.08803285817052,47.44158888613369,47.59721577519034,191202400,-0.0034090475196159042,-0.0034148715621704013
2019-06-24,47.54454803466797,47.92283624223558,47.44638387600242,47.53496908327158,72881600,-0.0010060059783253417,-0.001006512341971277
2019-06-25,46.82388305664063,47.70734944641752,46.75684136270738,47.50862823550264,84281200,-0.015157678594438395,-0.015273730415493519
2019-06-26,47.83663558959961,48.12154906442843,47.25005095787499,47.3506080101736,104270000,0.021628973652909167,0.02139838638816514
2019-06-27,47.82227325439453,48.26041706742118,47.78157184924549,47.95395276675357,83598800,-0.00030023715146476615,-0.00030028223166171837
2019-06-28,47.38652420043945,47.76481237594813,47.17822769146476,47.56848407525534,124442400,-0.009111843170588663,-0.00915360992188892
2019-07-01,48.25563049316406,48.95953359072476,48.04014794005199,48.64349397414677,109012000,0.018340790074587332,0.018174626424142724
2019-07-02,48.53814697265625,48.63391821311523,48.21013915067002,48.2221110123898,67740800,0.005854580628310568,0.005837509169558175
2019-07-03,48.94038009643555,48.94756248298667,48.52857288544068,48.66983135867862,45448000,0.008286948490346946,0.00825280025941719
2019-07-05,48.89728546142578,49.10079616973039,48.57885290715956,48.686596019379415,69062000,-0.0008805537456972878,-0.00088094166088365
2019-07-08,47.88930130004883,48.21970194740497,47.50383083371806,48.07844351431004,101354400,-0.02061431737702768,-0.0208297583392806
2019-07-09,48.181400299072266,48.24604176393507,47.59960154221708,47.69297620031747,82312000,0.006099462533255551,0.006080936107650079
2019-07-10,48.657859802246094,48.777571116582486,48.25802445075848,48.32745905892124,71588400,0.009888867907871912,0.009840293024844063
2019-07-11,48.30351257324219,48.93558813067086,48.29393727609442,48.67701126809106,80767200,-0.00728242529457801,-0.007309071598959095
2019-07-12,48.67461013793945,48.8422052094691,48.41124384460819,48.47109948824724,70380800,0.007682620681768615,0.007653259635469588
2019-07-15,49.13191604614258,49.28993219429551,48.84221307681378,48.863760235202925,67789600,0.009395163246447513,0.00935130320107995
2019-07-16,48.96193313598633,49.34740375815225,48.72251048006464,48.98348029822733,67467200,-0.003459724835412681,-0.0034657235232503306
2019-07-17,48.68658447265625,49.10317743545347,48.667430227322086,48.85417955270678,56430000,-0.0056237294096482815,-0.005639602113049959
2019-07-18,49.23965835571289,49.292331625927645,48.77038839924491,48.84221591801951,74162400,0.011359882584642156,0.011295843645343218
2019-07-19,48.5046272277832,49.44077053948735,48.44956104865332,49.2707788735222,83717200,-0.014927624448970334,-0.015040162792621988
2019-07-22,49.6131477355957,49.61554064622825,48.74883206842125,48.75840736425008,89111600,0.022853912526876297,0.02259667376813864
2019-07-23,50.001007080078125,50.01776841303781,49.62990137751102,49.91002899056307,73420800,0.007817672576419632,0.007787272907811831
2019-07-24,49.96031188964844,50.07523371101221,49.60117800125017,49.720889297382925,59966400,-0.000813887415597736,-0.000814218801779933
2019-07-25,49.56526947021485,50.09678795373076,49.49583486785246,50.0129885793759,55638400,-0.007907124765476836,-0.007938551851388828
2019-07-26,49.73764419555664,50.21409275439349,49.59398919746912,49.67539199151281,70475600,0.003477732032615588,0.0034716987067176432
2019-07-29,50.20212936401367,50.43197666906582,49.90524767605758,49.91003715101464,86693600,0.009338704636487893,0.009295368527498089
2019-07-30,49.98665618896485,50.31706058603145,49.63470463208069,49.981866713461145,135742800,-0.004292112262538339,-0.0043013498182688835
2019-07-31,51.00659942626953,53.0009905265642,50.59000635601354,51.8158491472123,277125600,0.020404310171278084,0.020198931278242745
2019-08-01,49.90285110473633,52.20130954173058,49.49822997674807,51.21249302793154,216071600,-0.021639323811983968,-0.02187688737517573
2019-08-02,48.84699630737305,49.42400195472412,48.2747764812972,49.20852309178124,163448400,-0.02115820587379358,-0.02138524897273288
2019-08-05,46.28996658325195,47.56130005899529,46.108006714672,47.40328391275704,209572000,-0.05234773716751817,-0.053767655376999096
2019-08-06,47.16625213623047,47.4224360714676,46.45755963373709,47.00104995792599,143299200,0.018930356136734883,0.018753406602423865
2019-08-07,47.65467071533203,47.77917148507969,46.40488815632608,46.78556919770773,133457600,0.010355255229753224,0.010302006859152687
2019-08-08,48.70573425292969,48.72967797252302,47.73846862611717,47.932400333607646,108038000,0.022055834650001938,0.021816123019142642
2019-08-09,48.30438232421875,48.729767784636486,47.89581454791173,48.37888473817284,98478800,-0.008240342433330494,-0.00827448173072997
2019-08-12,48.18182373046875,48.55914724285479,47.86218129655646,47.97513778324653,89927600,-0.002537214800251153,-0.002540438984509121
2019-08-13,50.22224426269531,50.98409726275787,48.18182158394449,48.31160308793351,188874000,0.04234834579198932,0.04147619244643055
2019-08-14,48.72737884521485,49.61420571033035,48.688924793129885,48.82591597848995,146189600,-0.029765006311970765,-0.030216975291244594
2019-08-15,48.48463821411133,49.30176654519396,47.98714860628682,48.898010052333305,108909600,-0.004981606580452436,-0.004994056145613957
2019-08-16,49.62861633300781,49.78723651957056,48.98933158147647,49.0950783725183,110481600,0.02359465102832381,0.023320599643422292
2019-08-19,50.55389022827149,51.12587848929439,50.47698214806522,50.61877729536903,97654400,0.018643959143553213,0.01847229097103808
2019-08-20,50.556297302246094,51.274892121646914,50.54668562484565,50.68127111152873,107537200,4.7614020676434166e-05,4.7612887164932227e-05
2019-08-21,51.104251861572266,51.34698612513652,50.85430792354824,51.18836961984207,86141600,0.01083850259148278,0.010780187012903612
2019-08-22,51.060997009277344,51.536853889289645,50.65002720346251,51.23643854407338,89014800,-0.0008464041781119924,-0.0008467625803780763
2019-08-23,48.700931549072266,50.96245911325128,48.306786768888905,50.33278606566632,187272000,-0.04622051268948535,-0.04732277962887944
2019-08-26,49.62621307373047,49.79444493377358,49.28253601154714,49.47480256610192,104174400,0.018999257205703834,0.01882102529596863
2019-08-27,49.06623458862305,50.12129305273288,48.91482409284731,49.95546320825073,103493200,-0.011283925377812976,-0.011348071869769825
2019-08-28,49.39548873901367,49.44115245482456,48.86435650196321,49.0518153700021,63755200,0.006710401830324342,0.006687987301751273
2019-08-29,50.23184967041016,50.306355759343454,49.667070999812736,50.10928152499413,83962000,0.016931929468609885,0.016790182150431574
2019-08-30,50.16696548461914,50.57793166287148,49.79685169001332,50.508236909621736,84573600,-0.0012916941386142966,-0.001292529094570753
2019-09-03,49.43634414672852,49.7439691399201,49.08065343594684,49.61178566616297,80092000,-0.014563793740217768,-0.014670886844021251
2019-09-04,50.27510452270508,50.34479926242044,49.82568438371023,50.08283798713356,76752400,0.01696647255078343,0.016824149512953288
2019-09-05,51.258060455322266,51.42389028961686,50.83267135872036,50.95043547788671,95654800,0.01955154428715833,0.019362868152729796
2019-09-06,51.25325393676758,51.53204022483421,51.07300475059711,51.44311846648742,77449200,-9.377097986129623e-05,-9.377537663449028e-05
2019-09-09,51.47196960449219,52.01752496664898,50.72694165520818,51.63299180966499,109237600,0.004267351844517986,0.004258272519254587
2019-09-10,52.08000564575195,52.09923266869462,50.88074988553813,51.39746283359591,127111600,0.01181295462232912,0.011743726334284664
2019-09-11,53.73589706420898,53.76473943334776,52.32754966606249,52.40926543357923,177158400,0.031795146677217945,0.031300146073618446
2019-09-12,53.6157341003418,54.41604113184608,53.56045869591141,54.02670396356076,128906800,-0.00223617675394161,-0.0022386807307653357
2019-09-13,52.57268905639648,53.06296532020904,52.15691521661223,52.87310442243304,159053200,-0.0194540849145749,-0.01964580620611606
2019-09-16,52.84907150268555,52.90435057226379,52.28669479868519,52.32755084977788,84632400,0.005257148744904017,0.005243378179961903
2019-09-17,53.04133987426758,53.070182245036186,52.661614385904336,52.86349631256455,73274800,0.0036380652699312677,0.003631463517370021
2019-09-18,53.538822174072266,53.55804919622197,52.73851525459077,53.12785236837871,101360000,0.009379142777764526,0.009335431720414166
2019-09-19,53.10382461547852,53.77675209631372,52.96202577677849,53.35617058720185,88242400,-0.008124899669615826,-0.008158086549222475
2019-09-20,52.327545166015625,53.48835049337496,52.2650600947515,53.20476016935374,221652400,-0.014618145775448177,-0.01472604367085775
2019-09-23,52.56547164916992,52.834642604048994,52.30831437342142,52.6207470415799,76662000,0.004546868812581373,0.004536563032128297
2019-09-24,52.31552505493164,53.47152631609086,52.197764593494576,53.12063959985759,124763200,-0.0047549577012542255,-0.004766298476844678
2019-09-25,53.12065124511719,53.23360772644387,52.18575868726323,52.52462813124328,87613600,0.015389813814162379,0.01527259178314594
2019-09-26,52.84666442871094,53.09901405388438,52.59191280094367,52.8731011259611,75334000,-0.005157821110700955,-0.005171168585712907
2019-09-27,52.58951568603516,53.10382666173709,52.21940189013441,53.002883868542426,101408000,-0.0048659408395143045,-0.0048778180745873735
2019-09-30,53.82722091674805,53.973823753886,53.06296236123528,53.08939905865949,103909600,0.02353520876864712,0.02326252588771117
2019-10-01,53.976219177246094,54.84862641872618,53.88248974638139,54.091581297678886,139223200,0.0027680838423460585,0.002764259753573709
2019-10-02,52.6231689453125,53.73350314390421,52.37562326993685,53.608529304650745,138449200,-0.025067525153817716,-0.025387066950654888
2019-10-03,53.07017517089844,53.10382154299348,51.70268392792921,52.49577750833809,114426000,0.00849447561872374,0.008458600577318209
2019-10-04,54.55783462524414,54.67319677071832,53.80799901556151,54.22858054458887,138478800,0.028031930355516765,0.02764622720771862
2019-10-07,54.569854736328125,55.25960730535331,54.2766490193029,54.37999382145774,122306000,0.00022031869788352587,0.00022029443128339905
2019-10-08,53.93056488037109,54.81018194958028,53.91374352685756,54.271839962271294,111820000,-0.011715073442030821,-0.011784235605443774
2019-10-09,54.5626335144043,54.74528471456468,54.22857181467111,54.5626335144043,74770400,0.011720044754496284,0.011651896976496342
2019-10-10,55.29805374145508,55.38217150680817,54.62752828997779,54.77893513356194,113013600,0.013478459152024502,0.013388432763995158
2019-10-11,56.76888656616211,57.11255994872208,55.83158852183792,55.98540102647654,166795600,0.026598274716572945,0.026250690562654486
2019-10-14,56.68717193603516,57.230325218831695,56.3987739424967,56.45404933835654,96427600,-0.0014394263313886047,-0.0014404633006837462
2019-10-15,56.55499267578125,57.114963649042345,56.44924588810258,56.812146302927566,87360000,-0.0023317314259928557,-0.0023344541449707057
2019-10-16,56.32667541503906,56.53576699278494,56.04548708687691,56.08634313450599,73903200,-0.004037084082940012,-0.0040452551057047394
2019-10-17,56.54537582397461,56.75446372401552,56.12239235171388,56.49971210622329,67585200,0.003882714669809051,0.0038751963878175767
2019-10-18,56.81695556640625,57.09814389578318,56.30744863579287,56.37954905370019,97433600,0.004802863867720442,0.004791366914559091
2019-10-21,57.80231475830078,57.91767689190389,57.03565787328163,57.08372359535983,87247200,0.017342696067952357,0.01719402792402454
2019-10-22,57.67013549804688,58.208477458025,57.58841973582485,57.95853350048938,82293600,-0.0022867468336970065,-0.002289365432047038
2019-10-23,58.44399642944336,58.45841944527722,57.97294725988833,58.18444081930115,75828800,0.013418746543827353,0.013329512550333978
2019-10-24,58.54012680053711,58.83333242341212,58.1147377137137,58.76363402097619,69275200,0.0016448288441364145,0.0016434775946862908
2019-10-25,59.26114273071289,59.2971911111261,58.371913897779336,58.439206652670734,73477200,0.01231661032495679,0.012241377988352847
2019-10-28,59.85475540161133,59.90282112444377,59.294780746023385,59.46301260952673,96572800,0.010016895448605512,0.009967058880190009
2019-10-29,58.470436096191406,60.02298416708516,58.29740023636161,59.83552529068843,142839600,-0.0231279753151018,-0.023399623559059172
2019-10-30,58.46323013305664,58.95351004643474,57.97055188420088,58.82372855934893,124522000,-0.0001232411388707444,-0.00012324873368390148
2019-10-31,59.78505325317383,59.883590362494,57.02123219032763,59.4197508487146,139162000,0.022609478078936984,0.022357672229195956
2019-11-01,61.481815338134766,61.50824837261629,59.88120122046664,59.97252500760501,151125200,0.028381041625497927,0.027985761414214844
2019-11-04,61.885555267333984,61.969673022918535,61.37605206348472,61.84469555712721,103272000,0.006566818610978631,0.0065453509890454915
2019-11-05,61.79664611816406,62.051397772077,61.6019775398789,61.77741542672168,79897600,-0.0014366704602689628,-0.0014377034607807575
2019-11-06,61.82308197021485,61.883165048582526,61.37366171752221,61.7101254895092,75864400,0.0004277878123069012,0.000427696337187753
2019-11-07,62.53659057617188,62.75836332673703,62.218397769161385,62.3702628523427,94940400,0.01154113614557084,0.01147504525702416
2019-11-08,62.7077522277832,62.7800654404132,61.91468299950218,62.35822120185219,69986400,0.0027369840606010776,0.002733245340052437
2019-11-11,63.20431518554688,63.269397069308496,62.259380964786935,62.26419939293928,81821200,0.007918685331917752,0.007887497081659142
2019-11-12,63.14645385742188,63.34653263881731,62.89576319221143,63.04762091279184,87388800,-0.0009154648374107843,-0.0009158841312637699
2019-11-13,63.75151824951172,63.82624436182228,62.93193655049298,62.94639919439951,102734400,0.009581921946971272,0.00953630649054377
2019-11-14,63.31037902832031,63.85033723289111,63.18020790529742,63.5779452383564,89182800,-0.006919666124104995,-0.006943718032072358
2019-11-15,64.06246185302734,64.06728028085237,63.39956388635737,63.5610658168469,100206400,0.011879297458803784,0.011809292466121364
2019-11-18,64.38546752929688,64.46501204164511,63.69364434245913,64.07209319455887,86703200,0.005042042827054782,0.005029374294796951
2019-11-19,64.19023132324219,64.60243134404664,63.9732843310493,64.57832448794083,76167200,-0.0030323023742252486,-0.0030369091181203034
2019-11-20,63.44293975830078,64.1395813002126,62.77039770731604,64.00941756624933,106234400,-0.011641826949933765,-0.011710123599948085
2019-11-21,63.15851593017578,63.64062358695327,62.95843713304087,63.5634845963379,121395200,-0.0044831438960516445,-0.004493223321940648
2019-11-22,63.10307693481445,63.44055085554972,62.876485725953685,63.29832996596771,65325200,-0.0008777754598068288,-0.0008781609302732667
2019-11-25,64.20951080322266,64.22638633771652,63.28145203899359,63.327252857545794,84020400,0.017533754646404276,0.017381811884024947
2019-11-26,63.70811462402344,64.39993789385807,63.27662623675631,64.34690576047116,105207600,-0.007808752518545181,-0.007839400478975888
2019-11-27,64.56387329101562,64.59762436682284,63.95400724096207,64.01908914324333,65235600,0.013432490853676704,0.01334307477887445
2019-11-29,64.4216537475586,64.60244416967522,64.09622951647245,64.26497018633374,46617600,-0.0022027727923941143,-0.002205202465048512
2019-12-02,63.6767807006836,64.66268998393599,63.50563454094097,64.42645458192374,94487200,-0.011562463916152121,-0.01162982897622184
2019-12-03,62.54142761230469,62.560708684511056,61.77969652350162,62.26662267779835,114430400,-0.01782993857236137,-0.017990806978144838
2019-12-04,63.09341812133789,63.4718743460508,62.83790168645125,62.93191619781911,67181600,0.008825997904221117,0.008787276454882562
2019-12-05,64.01905822753906,64.09379166553936,63.33206085496577,63.58757726755583,74424400,0.014670945619415177,0.014564368424358107
2019-12-06,65.25566864013672,65.32557629817515,64.43367434343493,64.47706961595611,106075600,0.01931628560049181,0.019132094304359675
2019-12-09,64.34210205078125,65.2773848846026,63.8575814192928,65.08454473165352,128042400,-0.013999804283570838,-0.014098725884157073
2019-12-10,64.71813201904297,65.10140670875774,64.08656483345956,64.74705730032277,90420400,0.005844228837362797,0.005827217578292968
2019-12-11,65.27015686035156,65.34970876083788,64.72296719751874,64.79769331229033,78756800,0.00852967822288453,0.008493506063300928
2019-12-12,65.43647003173828,65.70163071358168,64.4385110100101,64.54939371100679,137310400,0.00254807371985577,0.0025448328841063982
2019-12-13,66.3259506225586,66.36210722075081,65.30870330727501,65.43646152513958,133587600,0.0135930405535154,0.013501483933260353
2019-12-16,67.46131896972656,67.68550461462198,66.76709014300219,66.77190857113695,128186000,0.017118010921984617,0.01697314860587476
2019-12-17,67.59390258789062,67.9217322522176,67.20580211215017,67.39141826173947,114158400,0.0019653279863021123,0.001963399255900357
2019-12-18,67.43240356445312,67.95308077804,67.28295135021965,67.44686620735443,116028400,-0.002389254315173006,-0.002392113137808311
2019-12-19,67.49988555908203,67.77950886281938,67.24196357196422,67.3745402255633,98369200,0.0010007354189058848,0.001000235017035316
2019-12-20,67.36009216308594,68.1338730046536,67.14796358631695,68.03263450161938,275978000,-0.002071016785261559,-0.0020731643060706907
2019-12-23,68.45928192138672,68.51954537378231,67.58425541558223,67.62282490788083,98572000,0.016318115415274725,0.01618640587261803
2019-12-24,68.52436828613281,68.6738278372129,68.19895150700309,68.62561412958978,48478800,0.0009507310465342034,0.0009502793880206265
2019-12-26,69.88392639160156,69.90080192756368,68.62803782360339,68.65696311017838,93121200,0.019840505494216787,0.019646247907027813
2019-12-27,69.85738372802734,70.86258124508305,69.45241513604739,70.1755764887449,146266000,-0.0003798107081947055,-0.0003798828545502858
2019-12-30,70.27200317382812,70.55403936484663,68.75336713216096,69.77543291987965,144114400,0.005935227225442707,0.00591768314882828
2019-12-31,70.78543853759766,70.79266985648837,69.7898852841712,69.88871821326251,100805600,0.007306399996873214,0.007279837561794465
2020-01-02,72.40052032470703,72.46078378305016,71.15668166173941,71.40978524422886,135480400,0.022816582343436753,0.02256017699748345
2020-01-03,71.69664001464844,72.45595811976894,71.47246171476719,71.62914523544616,146322800,-0.009722033859726142,-0.0097696013840459
2020-01-06,72.2679214477539,72.306490935931,70.56849521434884,70.8191932093111,118387200,0.007968036340179285,0.007936459166423961
2020-01-07,71.92807006835938,72.53311029879856,71.708710156977,72.27759377705218,108872000,-0.004702658836538198,-0.004713751125768339
2020-01-08,73.0851058959961,73.38642316119072,71.63155170295238,71.63155170295238,132079200,0.016086012408467187,0.015958003455363454
2020-01-09,74.63749694824219,74.83033706552648,73.81068409472688,74.06137477592067,170108400,0.021240867523065976,0.021018424702217448
2020-01-10,74.80622863769531,75.37030104945943,74.30483992947904,74.87131787710281,140644800,0.002260682583850926,0.002258131085673224
2020-01-13,76.40443420410156,76.43095395568463,75.00391177805751,75.12203317921409,121532000,0.021364605535011627,0.02113958173790458
2020-01-14,75.3727035522461,76.55146021431688,75.24977111147209,76.34174457661803,161954400,-0.0135035441673369,-0.013595546194280422
2020-01-15,75.0497055053711,76.0524904138791,74.6182170498927,75.17264532410701,121923600,-0.00428534511371359,-0.0042945535219732125
2020-01-16,75.98979949951172,76.10068954693726,75.23048148138665,75.5920621906251,108829200,0.012526284917578234,0.012448480074014426
2020-01-17,76.83108520507812,76.83349074089385,75.93195182564011,76.23808752279956,137816400,0.011071034679750902,0.011010199370041149
2020-01-21,76.31041717529297,76.90099467937888,76.17301471865545,76.459869381581,110843200,-0.006776788696858604,-0.0067998554005631005
2020-01-22,76.58281707763672,77.1348251407198,76.48880253772091,76.79493830286927,101832400,0.0035696293170304205,0.0035632733115314092
2020-01-23,76.95160675048828,77.03115126719418,76.0886300322076,76.63582686293465,104472000,0.004815566819351913,0.004804009067355528
2020-01-24,76.72982788085938,77.93991520434014,76.53939333547534,77.19747280109205,146537600,-0.002882056385749232,-0.002886217507235526
2020-01-27,74.47358703613281,75.15335327614349,73.49249613883003,74.74115326828117,161940000,-0.029405003334946778,-0.029845996912981513
2020-01-28,76.58038330078125,76.75152944120848,75.25458738363722,75.35342032568062,162234000,0.028289174034631603,0.027896425175251576
2020-01-29,78.18338775634766,79.02948893915872,77.46987057591716,78.209907499375,216229200,0.020932311728845132,0.020716240930827544
2020-01-30,78.07010650634766,78.1231386457578,76.83591201430718,77.26740045058162,126743200,-0.001448917132537586,-0.0014499678280024786
2020-01-31,74.60855865478516,77.78323285410741,74.31447274556798,77.36138873428479,199588400,-0.04433896668606507,-0.045351996467960155
2020-02-03,74.40367126464844,75.56795795185045,72.85128411079334,73.35267280813538,173788400,-0.0027461647005504464,-0.002749942328408932
2020-02-04,76.86002349853516,77.05045810466474,75.60172207527795,76.00669078804627,136616400,0.033013857947273184,0.03248060529173203
2020-02-05,77.48674774169922,78.28463523931488,76.88411323556181,77.98572352193352,118826800,0.008154099031416617,0.008121033988059228
2020-02-06,78.39311218261719,78.39552507490272,77.1999001655233,77.7567339114429,105425600,0.011697025198932343,0.01162914382697837
2020-02-07,77.3275375366211,78.14181565091206,76.83703724788526,77.89294126547146,117684000,-0.013592707526572378,-0.013685934140851801
2020-02-10,77.69482421875,77.69482421875,75.83430875751218,75.91404207954616,109348800,0.0047497527249587,0.004738508241105533
2020-02-11,77.22606658935547,78.26264398287658,77.00860470842123,78.19015914717811,94323200,-0.006033318616884165,-0.006051592622657838
2020-02-12,79.06000518798828,79.06483505188083,77.67548599053883,77.67548599053883,113730400,0.023747662928174984,0.02347007332849488
2020-02-13,78.49700927734375,78.82320573508036,78.12974054369347,78.3327054260137,94747600,-0.007121121600053626,-0.007146597804621932
2020-02-14,78.51632690429688,78.76520124751363,78.00891111869721,78.46558016405162,80113600,0.00024609379555950994,0.00024606351944847705
2020-02-18,77.07866668701172,77.25988612279623,76.01792538344428,76.19914481922879,152531200,-0.018310334601330913,-0.01848004358907925
2020-02-19,78.19498443603516,78.42453202537972,77.32029972520789,77.32029972520789,93984000,0.014482836782275799,0.014378962232565592
2020-02-20,77.39276885986328,78.44384294584167,76.88777163956716,77.95576130740083,100566000,-0.010259169203212792,-0.01031215719967128
2020-02-21,75.64098358154297,77.42902110600791,75.02484049800245,76.98684158821678,129554000,-0.02263499942084135,-0.022895103484631966
2020-02-24,72.04801177978516,73.49776723386336,69.88546431842104,71.8257200728422,222195200,-0.04750033158789502,-0.04866552010511591
2020-02-25,69.60758972167969,73.09908711151304,69.13642361597664,72.71732141374063,230673600,-0.03387216382271063,-0.034459117937944365
2020-02-26,70.7118148803711,71.9755209333374,69.22581713906433,69.23306562077462,198054800,0.0158635741175146,0.015739062696876
2020-02-27,66.0895004272461,69.10499371673924,65.95419053994536,67.9210285159399,320605600,-0.06536834701449745,-0.06760278133992446
2020-02-28,66.05084991455078,67.27106508637516,61.94562839291094,62.16067897498532,426510000,-0.0005848207725198673,-0.0005849918468896676
2020-03-02,72.20022583007812,72.83570304979878,67.10433710214947,68.20615048257532,341397200,0.09310063267138458,0.08901827510385846
2020-03-03,69.9072265625,73.45429398937054,69.05669843915538,73.37456066472664,319475600,-0.031758893288985734,-0.032274145539331264
2020-03-04,73.14982604980469,73.30930003617219,70.82780458094045,71.62758575768213,219178400,0.04638432457917152,0.04534072127523034
2020-03-05,70.77706146240234,72.3790349760971,70.41220399588842,71.40528289969257,187572800,-0.032437050305312076,-0.03297479191087373
2020-03-06,69.83714294433594,70.26965542799252,67.95246362121284,68.13851293457299,226176800,-0.013279987875248311,-0.013368955451018972
2020-03-09,64.3135757446289,67.19375264320037,63.54761831737935,63.72883776125021,286744800,-0.07909211297646612,-0.08239526181811252
2020-03-10,68.94554901123047,69.21133903609883,65.08678222072572,66.96422060751131,285290000,0.07202170324028989,0.06954630800364357
2020-03-11,66.551025390625,67.9500415324096,65.68841908631278,67.02461750309321,255598800,-0.034730648387692575,-0.035348095748356824
2020-03-12,59.978790283203125,65.23898664623883,59.92321736395271,61.84172741301199,418474000,-0.09875482862729412,-0.1039779480975184
2020-03-13,67.16477966308594,67.63595331366125,61.11929609741494,64.00431482060526,370732000,0.11980884152468851,0.11315799352989109
2020-03-16,58.52421569824219,62.60044010140755,57.99022079286357,58.4613905994218,322423600,-0.12864724649119397,-0.1377083858313527
2020-03-17,61.0975227355957,62.245242026979696,57.60361074150865,59.80482274842446,324056000,0.043969953405643025,0.04303070878349323
2020-03-18,59.60186767578125,60.40648246464056,57.29433930824816,57.93465023452481,300233600,-0.024479798735654423,-0.024784410507717174
2020-03-19,59.14519119262695,61.09269547807698,58.62086339938416,59.7758349784017,271857200,-0.0076621169933549504,-0.007691621821354447
2020-03-20,55.390323638916016,60.84865193316744,55.09070619023976,59.725089265820536,401693200,-0.06348559330008585,-0.06559037366061836
2020-03-23,54.21360397338867,55.21152015646839,51.372084613414366,55.1100377172106,336752800,-0.021244137752259085,-0.02147304216991097
2020-03-24,59.65260314941406,59.8483195377774,56.612948896316425,57.11069765855371,287531200,0.10032535705789236,0.09560591521383602
2020-03-25,59.32399368286133,62.399890444761496,59.02920978154729,60.587696143364745,303602000,-0.005508719640107795,-0.005523948589904356
2020-03-26,62.44580078125,62.50378864003213,59.526959345508246,59.565620375975534,252087200,0.05262300975685252,0.0512851536234245
2020-03-27,59.86039733886719,61.82481325258339,59.69367489036661,61.0709416804956,204216800,-0.041402358686048024,-0.04228385281257304
2020-03-30,61.568695068359375,61.740251079824446,60.26149806281595,60.585279571290975,167976400,0.028538028570401774,0.02813840421624177
2020-03-31,61.443058013916016,63.42438996368667,60.88973623938196,61.75959108899796,197002000,-0.0020405995986088055,-0.0020426844586956595
2020-04-01,58.21010208129883,60.09719995282628,57.78000823267317,59.56079010801558,176218400,-0.05261710658810259,-0.054051945007733415
2020-04-02,59.18144226074219,59.234600264782834,57.2411861740168,58.07238003328574,165934000,0.01668679738933876,0.016549102466004086
2020-04-03,58.33090591430664,59.36747934105108,57.74133816366961,58.666765747737614,129880000,-0.014371673179038869,-0.01447594592903555
2020-04-06,63.41957473754883,63.574211538817984,60.25669137105302,60.62396022617738,201820400,0.08723795290815306,0.08364049210141407
2020-04-07,62.68500900268555,65.64976368215225,62.58111162954673,65.43229446081726,202887200,-0.011582634193041508,-0.011650235407539377
2020-04-08,64.2894058227539,64.6035165473233,63.1199373363336,63.48478743589154,168895200,0.025594585461407915,0.0252725277840298
2020-04-09,64.75331115722656,65.2558970699064,63.95836739563788,64.92487082512187,161834800,0.007215890838245587,0.007189980865643432
2020-04-13,66.0242919921875,66.13302662112467,64.23142416734326,64.83065918840516,131022800,0.019628043913845428,0.019437897960958187
2020-04-14,69.35871887207031,69.64867293181604,67.1840855454915,67.6552590491188,194994800,0.050503031221862615,0.049269126802669906
2020-04-15,68.72566986083984,69.18475770892147,67.8074941646766,68.23516945822269,131154400,-0.009127172784118232,-0.009169080620578913
2020-04-16,69.27173614501953,69.63659364674618,68.22308052874929,69.43845862105105,157125200,0.007945594204980422,0.007914194189532346
2020-04-17,68.33180236816406,69.33455576393993,66.89654391550201,68.78847886393716,215250000,-0.013568791965712035,-0.01366168931710636
2020-04-20,66.91346740722656,68.06119058127958,66.89414057720502,67.15993057649021,130015200,-0.020756586417780554,-0.020975032440720968
2020-04-21,64.84513854980469,66.99077762058634,64.1347578473476,66.75640021366904,180991600,-0.030910501840149762,-0.03139830999434426
2020-04-22,66.71292114257812,67.14784486961675,65.77058148476895,66.11126755910753,116862400,0.028803741260246873,0.02839671102283948
2020-04-23,66.45439147949219,68.07811832327417,66.41573043870696,66.657356413235,124814400,-0.003875256227101942,-0.0038827844881022654
2020-04-24,68.37288665771484,68.3825537591584,66.93037962499518,66.9787077583751,126161200,0.02886935137784996,0.02846048219996189
2020-04-27,68.42121887207031,68.7522452213369,67.64318307081028,68.09018514896542,117087600,0.000706891528471365,0.0007066417983360008
2020-04-28,67.31214904785156,69.06393705890572,67.22033738750322,68.88271760948632,112004800,-0.016209442662698192,-0.016342252819733297
2020-04-29,69.52301788330078,69.991772685642,68.59517537860054,68.79814023520653,137280800,0.03284501931259887,0.0323171491748513
2020-04-30,70.98970031738281,71.16608991336996,69.67284332982524,70.06185756526263,183064000,0.02109635741854521,0.020876910261803654
2020-05-01,69.84679412841797,72.2461373205468,69.068758508474,69.16540738463718,240616800,-0.01609960577175429,-0.016230612431317022
2020-05-04,70.83505249023438,70.96311392727311,69.1823321546666,69.87096747127923,133568000,0.014148943758240717,0.014049781717646155
2020-05-05,71.898193359375,72.72938694291523,71.14915168685677,71.29412868376939,147751200,0.015008683296835246,0.014897167429408562
2020-05-06,72.6399917602539,73.27063178737225,72.21472783850132,72.59891211487862,142333600,0.01031734409752283,0.010264483578788057
2020-05-07,73.39143371582031,73.73696428730197,72.96375861359095,73.26579092772248,115215200,0.010344741751162623,0.010291601080356821
2020-05-08,75.1383056640625,75.19160756554702,73.72339119914562,74.05047071308249,133838400,0.0238021232151735,0.02352326889656352
2020-05-11,76.32062530517578,76.81487118254181,74.43810496971201,74.64646961486733,145946400,0.015735244901573076,0.015612729471131986
2020-05-12,75.44842529296875,77.45450365262057,75.32728527754581,77.00385895047138,162301200,-0.011428103592173833,-0.011493906180936224
2020-05-13,74.53743743896484,76.54836579208815,73.46171369194431,75.62769739388037,200622400,-0.012074312359290573,-0.012147799001607786
2020-05-14,74.99534606933594,75.0559160635201,73.05468108965971,73.77667808210235,158929200,0.006143337443631047,0.006124544076214264
2020-05-15,74.55197143554688,74.59800522378177,72.73487156458532,72.7687943111998,166348400,-0.005912028639472489,-0.005929573866890964
2020-05-18,76.3084945678711,76.68160777866888,75.18431939181484,75.87481876052446,135178400,0.023561055442280265,0.02328777792308087
2020-05-19,75.86756134033203,77.17102150533867,75.83606375790906,76.32546668705436,101729600,-0.005778298078556454,-0.005795057032904087
2020-05-20,77.34305572509766,77.41331160943199,76.68647152801736,76.72523721961544,111504800,0.019448290662022805,0.019261589453777515
2020-05-21,76.76643371582031,77.7452471676142,76.52899661001778,77.20496000564525,102688800,-0.007455381790536508,-0.007483312056479852
2020-05-22,77.26068115234375,77.3430554740474,76.40300778879455,76.5047612593345,81803200,0.006438327438175406,0.006417689941352778
2020-05-26,76.73735046386719,78.5568683167511,76.68162339962899,78.37758347481825,125522000,-0.006773570730558953,-0.006796615483241334
2020-05-27,77.07169342041016,77.21706291080646,75.85545038481993,76.59440888025136,112945200,0.004356978114593568,0.00434751396555021
2020-05-28,77.10560607910156,78.36303980666368,76.47083369438819,76.74702903556799,133560800,0.00044001444870844786,0.00043991767073900764
2020-05-29,77.03047943115234,77.80819591494127,76.67432764803091,77.3478655392773,153532400,-0.0009743344455673819,-0.000974809417919637
2020-06-01,77.97781372070312,78.09895371175787,76.85363105469186,76.9844643152945,80791200,0.012298174651729665,0.012223166451655169
2020-06-02,78.33882141113281,78.36305089208805,77.2703656270627,77.71131704152964,87642800,0.004629620570316684,0.004618936838729548
2020-06-03,78.77008056640625,79.03174713400516,78.08684912120862,78.65863382513984,104491200,0.005505050337815565,0.00548995293085055
2020-06-04,78.09168243408203,78.89120338502829,77.71856920653472,78.59320375117642,87560400,-0.008612383375084964,-0.008649684269604139
2020-06-05,80.31582641601562,80.37639642085425,78.31217331772173,78.34124573703636,137250400,0.028481189194649703,0.028083140390531582
2020-06-08,80.7906723022461,80.82459504521165,79.30307721267422,80.01295571139336,95654400,0.0059122330855552185,0.005894824417893545
2020-06-09,83.34188842773438,83.73438081455681,80.43937898287314,80.47087656345983,147712400,0.03157810243172543,0.03108976799840907
2020-06-10,85.4860610961914,85.95365964938672,83.85067134903046,84.28919748972832,166651600,0.025727430814292518,0.025402049479810656
2020-06-11,81.38184356689453,85.05480894028344,81.28009011611704,84.63081897651477,201662400,-0.048010371242613314,-0.0492011384125225
2020-06-12,82.08447265625,84.26499296476219,80.97483335252352,83.5187737124544,200146000,0.008633732765932267,0.00859667523895936
2020-06-15,83.099609375,83.75134312369018,80.57747385342842,80.73980469603605,138808800,0.01236697618806848,0.012291129824597858
2020-06-16,85.30193328857422,85.57329308072946,83.51875616005826,85.15172088189794,165428800,0.026502217400756756,0.026157117631124754
2020-06-17,85.1832275390625,86.10631378252053,85.06208753447432,86.04574378022643,114406400,-0.0013915950663174748,-0.0013925642339620617
2020-06-18,85.21714782714844,85.6338697266432,84.60902265567091,85.13961645194037,96820400,0.0003982038373737673,0.0003981245752666698
2020-06-19,84.73016357421875,86.38735791979117,83.62294217777347,85.92218445110363,264476000,-0.005714627458753618,-0.005731018417560664
2020-06-22,86.947021484375,87.08996579558588,85.07661960868549,85.12265339969562,135445200,0.0261637392947367,0.025827323971339206
2020-06-23,88.80287170410156,90.2202109211066,87.77075672869731,88.18990371305667,212155600,0.021344609487975008,0.021120003770673416
2020-06-24,87.23532104492188,89.35042773903359,86.86220783951416,88.43218462838242,192623200,-0.01765202666421528,-0.017809681729626665
2020-06-25,88.39342498779297,88.4321906709593,86.63205223537432,87.39038973838228,137522400,0.013275631120503562,0.013188282155520717
2020-06-26,85.6774673461914,88.50972079929527,85.52967271907464,88.28924513838203,205256800,-0.030725788054672964,-0.031207722660220164
2020-06-29,87.65203857421875,87.74653130218796,85.10809914104198,85.58539093044703,130646000,0.023046563923847296,0.02278500296572955
2020-06-30,88.38373565673828,88.66963165860406,87.22079468512266,87.24017383067029,140223200,0.008347747461685984,0.00831309771584745
2020-07-01,88.21656036376953,89.00397030229519,88.16810880383152,88.46126551068063,110737200,-0.0018914712274441525,-0.0018932623180335092
2020-07-02,88.21656036376953,89.75746488824406,88.10269587070599,89.12269252080957,114041600,0.0,0.0
2020-07-06,90.57636260986328,91.04396114826623,89.61208572768216,89.64358330482388,118655600,0.026750104927724117,0.026398576048559403
2020-07-07,90.29533386230467,91.7320524889195,90.18388713248098,90.95433575857336,112424400,-0.0031026720378369843,-0.003107495303983314
2020-07-08,92.39830780029295,92.42980537831812,91.18448282629508,91.2717074572722,117092000,0.023289951407624132,0.023022879271118245
2020-07-09,92.79566192626952,93.34320967936996,91.74901058829924,93.28990778547892,125642800,0.004300448086510311,0.004291227585044705
2020-07-10,92.95797729492188,93.01612951561695,91.78050018746696,92.39104305128085,90257200,0.0017491697918090576,0.0017476417759087854
2020-07-13,92.5291519165039,96.86838742692706,92.31594434218474,94.26145236714936,191649200,-0.004613110040652679,-0.0046237832699468125
2020-07-14,94.06036376953124,94.251759639297,90.9785619816464,91.91133403395912,170989200,0.016548426320918352,0.016412993208186365
2020-07-15,94.7072525024414,96.18273684605153,93.51038868590004,95.93318873658312,153198000,0.00687737860014237,0.0068538373052361694
2020-07-16,93.54190063476562,94.39714888824498,92.94346863459394,93.58066632878568,110577600,-0.012304779590620485,-0.012381110191458291
2020-07-17,93.3529052734375,94.14758336972574,92.8804563206502,93.99252801605422,92186800,-0.002020435334813886,-0.002022479167703775
2020-07-20,95.3202133178711,95.45831468469304,93.09608481622666,93.44012565034129,90318000,0.02107388129669019,0.020854898265516737
2020-07-21,94.0046157836914,96.18513522197291,93.75506774372884,96.11002903282474,103433200,-0.013801873583648705,-0.013898004994817081
2020-07-22,94.26873016357422,94.94953641432484,93.6194214977863,93.70663875417604,89001600,0.0028095894832500523,0.002805649963947457
2020-07-23,89.97794342041016,94.0797418561393,89.16872914510222,94.00221048521436,197004400,-0.045516543351318384,-0.04658496792181862
2020-07-24,89.75504302978516,90.09908386887432,86.39219558540321,88.17780532258647,185438800,-0.0024772781211893635,-0.00248035165167672
2020-07-27,91.88226318359376,91.97433076494784,90.59333922603253,90.81623268150156,121214000,0.02370028559958115,0.02342379393112475
2020-07-28,90.37286376953124,91.63029754160468,90.36801343757494,91.45343048257014,103625600,-0.016427538479831916,-0.016563966673187543
2020-07-29,92.1051788330078,92.28931402530422,90.81867244089452,90.85501296732149,90329200,0.019168531251751775,0.01898712942870566
2020-07-30,93.21965789794922,93.3238365264906,90.87196403764284,91.27899267505968,158130000,0.012100069497308574,0.012027448879160692
2020-07-31,102.97870635986328,103.12891879594892,97.71153346257094,99.70792594411512,374336800,0.10468873928498668,0.09956361138436381
2020-08-03,105.57350158691406,108.19012242087766,104.56077304212948,104.85877268635082,308151200,0.02519739583815661,0.024885175354490974
2020-08-04,106.27852630615234,107.36878610733102,105.04047188715032,105.76246881725352,173071600,0.006678046182430286,0.006655846809509176
2020-08-05,106.66378784179688,106.98359926980388,105.53476196568732,105.99994289677024,121776800,0.0036250176685244107,0.0036184631274182068
2020-08-06,110.38517761230467,110.87943083941089,106.40694450020553,106.995683074286,202428800,0.03488897071635355,0.034294146292803626
2020-08-07,107.87550354003906,110.363351174005,107.07939259345515,109.90704232526846,198045600,-0.02273560750230519,-0.022998046868077476
2020-08-10,109.44343566894533,110.46041967667294,106.79539443179245,109.31964772784534,212403600,0.014534644821605047,0.014430029352302337
2020-08-11,106.18860626220705,109.20557448641424,105.92889749318044,108.70800797992308,187902400,-0.029739832150224133,-0.030191029169608204
2020-08-12,109.71771240234376,109.97499163666492,107.08423344754698,107.27840393895296,165598000,0.03323432018141803,0.03269399905276717
2020-08-13,111.65945434570312,112.66187605488996,110.6084863068824,111.096349513322,210082000,0.017697616007877004,0.017542836683651652
2020-08-14,111.55995178222656,111.64975583547503,109.7517082085606,111.48471014803832,165565200,-0.0008911252885805965,-0.0008915225767604684
2020-08-17,111.26866149902344,112.70554822258934,110.64245541048663,112.68127506102115,119561600,-0.0026110649794089946,-0.0026144797550014982
2020-08-18,112.1958465576172,112.62060097941456,110.68614768785795,111.02109807418744,105633600,0.008332849933688768,0.008298323409973999
2020-08-19,112.33663940429688,113.7492532864552,112.24198368199546,112.6036294278006,145538000,0.0012548846592763674,0.0012540979496068081
2020-08-20,114.82933807373048,114.94341528440668,112.36090456064323,112.37789651709356,126907200,0.02218954281214036,0.02194693721963269
2020-08-21,120.74677276611328,121.22977689357654,115.77592935893642,115.78806223773633,338054800,0.051532428834374144,0.0502485562313002
2020-08-24,122.19092559814452,125.03314486284968,120.32686221834298,124.9481850882098,345937600,0.011960177476780798,0.011889219771643108
2020-08-25,121.18849182128906,121.5331529265973,119.4676306472173,121.0647112936665,211495600,-0.008203831601637956,-0.008237668215104415
2020-08-26,122.83655548095705,123.29286429117482,121.43850421682248,122.50403462016396,163022400,0.01359917624932816,0.013507537326482683
2020-08-27,121.3681182861328,123.77101327398972,120.22491675397728,123.43849242247208,155552400,-0.011954398990387638,-0.012026427431343679
2020-08-28,121.1715087890625,122.75887130249572,120.94820607750373,122.34139811689964,187630000,-0.001619943522620848,-0.0016212570498807374
2020-08-31,125.28070831298828,127.18361471555612,122.32927827603108,123.86325036863212,225702700,0.033912258459033895,0.033349916063129696
2020-09-01,130.27096557617188,130.87291336835037,126.72730590113318,128.89233580510103,151948100,0.03983260735337213,0.039059745730809434
2020-09-02,127.5719223022461,133.9602291616911,123.30011327967595,133.58159161111902,200119000,-0.020718686331894887,-0.02093632975255669
2020-09-03,117.35843658447266,125.08653940539764,116.98950967695431,123.2127726268104,257599600,-0.08006060842742047,-0.08344748983460663
2020-09-04,117.43610382080078,120.0962780604988,107.65947073062564,116.57203254505438,332607200,0.0006617950834086894,0.0006615761936106148
2020-09-08,109.53323364257812,115.52348229389388,109.39731283157244,110.63031087630355,231366600,-0.06729506447422573,-0.06966638160922513
2020-09-09,113.90215301513672,115.66913123084257,111.90216871799984,113.8439033465614,176940500,0.03988670129848426,0.03911176615962335
2020-09-10,110.18373107910156,116.98951312845448,109.22257449751976,116.85359229498351,182274400,-0.03264575635845102,-0.03319051799431245
2020-09-11,108.73712158203124,111.87302575822105,106.7953872680664,111.23224987919092,180860300,-0.013129066177944182,-0.013216014237027021
2020-09-14,111.99925994873048,112.5526540511364,109.51384186173256,111.377905426981,140150100,0.030000227330261753,0.029559022950512038
2020-09-15,112.17400360107422,115.36815776085928,110.3002295014778,114.88272413305845,184642000,0.0015602214909609113,0.0015590056099419834
2020-09-16,108.86333465576172,112.6205933237319,108.77596016463926,111.8730288513231,154679000,-0.029513691577651713,-0.02995798422905494
2020-09-17,107.12548065185548,108.93129419191116,105.54296982143195,106.52354774325607,178011000,-0.01596363008171231,-0.016092421313862758
2020-09-18,103.72745513916016,107.649759782472,102.99930468969426,107.18374764280628,287104900,-0.03172004916121207,-0.03223402810541291
2020-09-21,106.8730697631836,106.9798657543586,100.0964130289504,101.49446425369293,195713800,0.030325766884025995,0.02987503076421479
2020-09-22,108.55265045166016,109.57206389177682,105.97985850616932,109.39730751367478,183055400,0.01571565869866265,0.015593446501628444
2020-09-23,103.9993133544922,108.84393936425928,103.65950385577868,108.36821643604246,150718700,-0.04194588596614335,-0.04285101614117322
2020-09-24,105.06725311279295,107.03811241012444,101.94105943821374,102.10610509006938,167743300,0.010268719319910913,0.010216354198405156
2020-09-25,109.00897979736328,109.16432212155291,104.53328092968296,105.27114215532433,149981400,0.03751622477784555,0.036829611340530845
2020-09-28,111.61090850830078,111.96042134324225,109.49441741099088,111.65945483814876,137672400,0.023868939199084505,0.02358852936262289
2020-09-29,110.7662353515625,111.95069452133389,110.26138766643038,111.21284078207376,99382200,-0.007568016137736722,-0.007596798882675731
2020-09-30,112.43614196777344,113.8439040261622,110.30994757365428,110.4749932403561,142675200,0.015075953524201546,0.014963440752373325
2020-10-01,113.38760375976562,114.2905107318788,112.45557195099242,114.21283956269843,116120400,0.008462241547427807,0.008426637500446666
2020-10-02,109.7274169921875,112.00896103141628,108.95072761058432,109.60120691204848,144712000,-0.03228030795441239,-0.032812807973373555
2020-10-05,113.10604095458984,113.25167253166546,110.24198536966456,110.59149819179416,106243800,0.030791064394078527,0.030326531145848507
2020-10-06,109.86334228515624,112.73710847512729,108.97984952644627,112.32933859803764,161498200,-0.028669544456387586,-0.029088543620543382
2020-10-07,111.72740173339844,112.18371051307484,110.80507342782536,111.28080369994235,96849000,0.016967073907181218,0.01682474083649858
2020-10-08,111.62061309814452,113.00895361392692,111.25167878876417,112.86332203954676,83477200,-0.0009557962827125843,-0.0009562533472432032
2020-10-09,113.56234741210938,113.59147224549314,111.57206651675104,111.92157933161523,100506900,0.01739583989076965,0.0172462644368641
2020-10-12,120.77590942382812,121.5331848318952,115.80506553004967,116.56234093811678,240226800,0.06352071946471183,0.06158483780472997
2020-10-13,117.572021484375,121.73704283997937,116.1642669468104,121.62053610441286,262330500,-0.026527541417303735,-0.026885745702394256
2020-10-14,117.65940856933594,119.4458008172495,116.1351472290792,117.47494141501436,150712000,0.0007432642890514707,0.0007429882049436165
2020-10-15,117.1933822631836,117.66910513115164,114.70796452850908,115.26135855246798,112559200,-0.003960807825051371,-0.003968672598471372
2020-10-16,115.55261993408205,118.00892036442944,115.34873869497105,117.74678205190853,115393800,-0.014000469117077419,-0.014099400157583802
2020-10-19,112.60120391845705,116.9118501225756,112.29052664782569,116.46525200898868,120639300,-0.025541749008448744,-0.0258736024180707
2020-10-20,114.0866241455078,115.51380033230907,112.26138879057608,112.81478288268984,124423700,0.013191868073865853,0.013105613130018248
2020-10-21,113.46526336669922,115.25165563302974,113.05749347361974,113.27108546353529,89946000,-0.0054463946449681,-0.005461280325746313
2020-10-22,112.3778839111328,114.60117079702069,111.2516743484804,114.02835526922216,101988000,-0.009583368718338092,-0.009629584703235971
2020-10-23,111.68856048583984,113.15457199126362,110.9506993602643,112.99922968814089,82572600,-0.006133977623551501,-0.006152867751659384
2020-10-26,111.6982879638672,113.15458894171616,109.59150025316038,110.688585063703,111850700,8.709466739520444e-05,8.709087487486404e-05
2020-10-27,113.20314025878906,113.86333040398806,111.20315573383206,112.12547682460936,92276800,0.013472474129672118,0.013382527320252904
2020-10-28,107.96044921875,112.06722147724142,107.86336396260268,111.69829454102944,143937800,-0.04631224034999348,-0.04741895707121823
2020-10-29,111.9604263305664,113.52352341003616,108.93131742851756,109.09637051307504,146129200,0.03705039336870142,0.03638052340775635
2020-10-30,105.68861389160156,108.72742584588708,104.58182577242384,107.82451896896532,190272600,-0.0560181185845714,-0.05764830643669186
2020-11-02,105.60124206542967,107.45560232371076,104.19348732192324,105.93134082759394,122866900,-0.0008266910025095386,-0.0008270328999583703
2020-11-03,107.22258758544922,108.24199381190596,105.56240538196562,106.46531227233,107624400,0.015353470170502037,0.015236798343422817
2020-11-04,111.6011962890625,112.22255078584595,109.07694271998844,110.8147961243806,138235500,0.04083662595928139,0.04002483779615377
2020-11-05,115.56233978271484,116.1351553723964,113.46527015302648,114.51380126430564,126387100,0.03549373685379176,0.034878353408161956
2020-11-06,115.4310302734375,115.92702142810047,112.94131732140758,115.07118700641044,114457900,-0.0011362655820593703,-0.0011369116212236016
2020-11-09,113.12612915039062,118.64044265473572,112.86354597300208,117.1913565886007,154515300,-0.019967777447597368,-0.020169827702547022
2020-11-10,112.78572845458984,114.36124218625868,110.99624681601809,112.37726248118744,138023400,-0.003009036889684902,-0.0030135731433084544
2020-11-11,116.20907592773438,116.34523125447596,113.24282640096855,113.97223311704504,112295000,0.030352665359809627,0.02990113719146154
2020-11-12,115.9367446899414,117.22049998551182,115.31431832965924,116.33549051882304,103162300,-0.0023434592833551093,-0.0023462094815532826
2020-11-13,115.98540496826172,116.38414348107418,114.633571669367,116.16046289142338,81581900,0.00041971402983964623,0.00041962597454405783
2020-11-16,116.996826171875,117.66787522451466,114.90585901966058,115.65471322677983,91183000,0.008720245481662614,0.00868244374237147
2020-11-17,116.1118392944336,117.35669240875296,115.69364575572538,116.26744964367845,74271000,-0.007564195597419943,-0.007592949215368546
2020-11-18,114.78916931152344,116.53002096182686,114.75999422898964,115.35324564020682,76322100,-0.011391344680676041,-0.01145672301982338
2020-11-19,115.3824234008789,115.7908894056509,113.60266912591756,114.36125096903965,74113000,0.00516820613750979,0.005154896797416411
2020-11-20,114.11810302734376,115.5088387291352,114.06948036722603,115.38241090893904,73604300,-0.01095765140191629,-0.011018128662322529
2020-11-23,110.72394561767578,114.39043445067524,110.6266928661709,113.96251344016258,127959300,-0.029742497637335497,-0.030193776361403753
2020-11-24,112.0076904296875,112.66901946402936,109.49852961528087,110.78229252304033,113874200,0.011594102837017894,0.011527406256366737
2020-11-25,112.84407043457033,113.54430200672212,112.00768354782322,112.37725433307456,76499200,0.007467165885434168,0.007439424615768693
2020-11-27,113.38871002197266,114.26399962865096,113.02887409805057,113.36926243956174,46691300,0.004826479453505117,0.004814869343864521
2020-11-30,115.78116607666016,117.64844554887398,113.6026659391683,113.75827627180732,169410200,0.021099596725492997,0.020880082638030546
2020-12-01,119.3503875732422,120.07979426970196,116.7147989337566,117.68734119570294,127728200,0.030827306525992526,0.030361690060251814
2020-12-02,119.70050811767578,119.98254627518948,117.57063810536371,118.66960823368215,89004200,0.0029335518011512907,0.002929257334709488
2020-12-03,119.56434631347656,120.3812782400354,118.85438720785504,120.1284151780445,78967600,-0.0011375206867573207,-0.001138168154465568
2020-12-04,118.89330291748048,119.48655434771668,118.18334373345851,119.23369125780223,78260400,-0.005612403836815383,-0.005628212552909258
2020-12-07,120.35210418701172,121.14958854018184,118.89329080292671,118.9516409639194,86712000,0.012269835505736904,0.01219517119948045
2020-12-08,120.96481323242188,121.54834457068203,119.71023272701726,120.95509315138428,82225500,0.005090970777362536,0.005078055600945625
2020-12-09,118.43618774414062,122.49168693103906,117.67760601650876,121.11067878997038,115089200,-0.02090381013049425,-0.02112538809173426
2020-12-10,119.85610961914062,120.46881600995408,116.85095750767796,117.1913458248472,81312200,0.011988919113704366,0.011917621312940682
2020-12-11,119.04891204833984,119.38930038520904,117.23998269251022,119.06835963048556,86939800,-0.006734721937544652,-0.006757502515514494
2020-12-14,118.43618774414062,119.96307869896349,118.20277969407886,119.2336720501008,79184500,-0.005146828254511182,-0.005160118797426095
2020-12-15,124.3686981201172,124.3881531199314,120.72166474533368,120.92589772393254,157243700,0.05009035235744563,0.048876210331588746
2020-12-16,124.3006362915039,124.84525763713047,123.08495834508076,123.91162528457596,98208600,-0.0005472585115232631,-0.000547408312118074
2020-12-17,125.16617584228516,126.02201771109635,124.52429444067675,125.36068131070152,94359800,0.006963275302561023,0.006939143659842013
2020-12-18,123.18220520019533,125.5552106694522,122.65703149372492,125.41905534776453,192541500,-0.01585069311848053,-0.015977658804728595
2020-12-21,124.70909881591795,124.78690398309315,120.0603476658836,121.58723882712805,121251600,0.012395407382431056,0.012319213311919772
2020-12-22,128.2588653564453,130.71939584455194,126.0900856457302,127.99627481697722,168904800,0.028464374887089416,0.028066791579115014
2020-12-23,127.36415100097656,128.79377458393498,127.18908566358635,128.53119883757725,88223700,-0.006975848047479971,-0.007000293024768705
2020-12-24,128.34640502929688,129.79549835924004,127.5002980000386,127.71425848740788,54930100,0.007712170344642555,0.00768258358034394
2020-12-28,132.93682861328125,133.5689752639016,129.84413593469228,130.31096699096756,124486200,0.03576589140098263,0.03514114475024631
2020-12-29,131.16677856445312,134.97914269594398,130.6513323196226,134.25947087325437,121047300,-0.013314971233271078,-0.013404410268759407
2020-12-30,130.04835510253906,132.2560302372561,129.73713444926724,131.85728434018318,96452100,-0.008526728140727302,-0.008563288663227111
2020-12-31,129.046630859375,131.04034539862676,128.10326370918978,130.39846396533886,99116600,-0.007702705984818037,-0.007732525048243385
2021-01-04,125.85670471191406,129.94137947234472,123.27946608977872,129.85385422543547,143301900,-0.02471917419476899,-0.025029822989045995
2021-01-05,127.41273498535156,128.122701401941,124.9035745903808,125.35095048522052,97664900,0.012363507188586143,0.012287703196203786
2021-01-06,123.12384796142578,127.45166544679954,122.90988747820572,124.21309795786028,155088000,-0.03366136849992951,-0.034240955990875205
2021-01-07,127.32521057128906,128.0157219951703,124.3492341051666,124.8355051575347,109578200,0.03412306128687237,0.03355378378874909
2021-01-08,128.42420959472656,128.98828589154795,126.654175541961,128.79376556588605,105158200,0.008631432993563948,0.008594395149650968
2021-01-11,125.4384765625,126.59580404195644,124.97166050719326,125.64271693409252,100384500,-0.02324898896904848,-0.023523509950537057
2021-01-12,125.26345825195312,126.12902035403393,123.3767237094848,124.9716925775826,91951100,-0.0013952522012627977,-0.0013962264719563626
2021-01-13,127.29607391357422,127.84069528222408,124.96197809369782,125.22455385655589,88636800,0.016226724776612134,0.016096478568760317
2021-01-14,125.37044525146484,127.40305532059554,125.22455498651908,127.20854980715394,90221800,-0.015127164592811826,-0.015242747253767348
2021-01-15,123.64901733398438,126.64444915422231,123.5128620166925,125.24398598218208,111598500,-0.013730731465678936,-0.013825869842486821
2021-01-19,124.32007598876952,125.17591790643084,123.4545139910682,124.27144590893572,90757300,0.005427124851081988,0.005412451076005284
2021-01-20,128.40476989746094,128.85214592405728,125.02032655299224,125.12730680892926,104319500,0.03285626940141517,0.032328041445556545
2021-01-21,133.1118927001953,135.835014780142,129.9219543562017,130.12619481912182,120150900,0.03665847309639125,0.036002533726259174
2021-01-22,135.25146484375,136.01004665089906,131.31266555904966,132.53806351525557,114459400,0.01607348599853209,0.015945675279405734
2021-01-25,138.9957275390625,141.1061423033731,132.79090363932372,139.14161777095364,157611700,0.027683712702395447,0.02730744722360194
2021-01-26,139.2291717529297,140.33786948106203,137.48831256904506,139.65709277779112,98390600,0.0016795063992278703,0.00167809760552014
2021-01-27,138.1593475341797,140.3378474829839,136.55465878230473,139.49172564743122,140843800,-0.007683908517738369,-0.007713581845282453
2021-01-28,133.32582092285156,138.09128711738057,132.94653001780165,135.68910643879175,142621100,-0.03498515806273872,-0.03561179751555928
2021-01-29,128.33670043945312,132.98545188101477,126.63475125528836,132.1004347436925,177523800,-0.037420512012338314,-0.03813863130789881
2021-02-01,130.45680236816406,131.66275996689075,127.3349355620146,130.0775115262782,106239800,0.016519841334951213,0.01638487316281083
2021-02-02,131.2834930419922,132.56724118693242,130.91392221186754,132.0031648608857,83305400,0.006336892050252008,0.006316898370563216
2021-02-03,130.2623291015625,132.04208344252265,129.94138833452192,132.03234852121233,89880900,-0.007778311779859881,-0.00780872063594521
2021-02-04,133.61758422851562,133.6273043090521,130.8944628567243,132.55751669715318,84183100,0.0257576779879094,0.02543153755504873
2021-02-05,133.20364379882812,133.84648451427685,132.32705363193958,133.77831254493844,75693800,-0.0030979487623393753,-0.0031027573393245895
2021-02-08,133.3497314453125,133.39843419416206,131.411474992241,132.49261062393538,71297200,0.0010967241009187667,0.0010961231383952532
2021-02-09,132.47315979003906,134.29454199245745,132.3173317614118,133.0672978062939,76774200,-0.006573478969719049,-0.006595179433239443
2021-02-10,131.86924743652344,133.42764614924684,130.9049865610518,132.93089894279558,73046600,-0.004558752538799449,-0.004569175339864844
2021-02-11,131.615966796875,132.8431953115175,130.29133282434617,132.36593234705228,64280000,-0.0019206952687764733,-0.0019225421692017368
2021-02-12,131.84976196289062,132.00560480490336,130.2134567077312,130.85629728454018,60145100,0.0017763434916406862,0.0017747676594107745
2021-02-16,129.7264404296875,132.47309953309198,129.33683338034655,131.96663266193272,80576300,-0.016104098343391327,-0.016235178525527527
2021-02-17,127.43758392333984,128.78170264078364,126.10321467381556,127.83692569620268,97918500,-0.01764371625989558,-0.017801222029608387
2021-02-18,126.3369598388672,126.61941198787154,124.09676726976038,125.84021263400942,96856700,-0.008636573690338656,-0.008674085028681878
2021-02-19,126.49279022216795,127.31095773335568,125.45062277040476,126.85317866159306,87668800,0.0012334504764044407,0.001232690401311359
2021-02-22,122.72344970703124,126.34671464924598,122.33384996779368,124.68117557823038,103916400,-0.029798856587133327,-0.030251864638560676
2021-02-23,122.58708953857422,123.41498433079911,115.31134105569778,120.54170021925478,158273000,-0.0011111174659980128,-0.0011117352146462393
2021-02-24,122.09034729003906,122.29488547484924,119.0514857660057,121.691012957123,111039900,-0.004052157942609824,-0.004060390181018483
2021-02-25,117.84373474121094,123.17149227710613,117.40543965947438,121.43778116304092,148199500,-0.03478254131540659,-0.035401857242555825
2021-02-26,118.10669708251952,121.60333738053184,118.04825229910983,119.40210545733144,164560400,0.0022314494859319023,0.002228963500075459
2021-03-01,124.46688079833984,124.6032395683404,119.59690349547498,120.53193824590556,116307900,0.05385116909481047,0.05245123435629414
2021-03-02,121.8663330078125,125.3727157063762,121.75919289657612,125.0707794461628,102260900,-0.020893492098839728,-0.021114849824509563
2021-03-03,118.88590240478516,122.44098788620713,118.67162218049718,121.56439034639122,112966300,-0.02445655440240646,-0.024760583162785146
2021-03-04,117.00608825683594,120.38585416346812,115.5353602573882,118.58396379730593,178155000,-0.01581191806534632,-0.01593826001734637
2021-03-05,118.2625503540039,118.76903225470892,114.51266857773292,117.83399731994244,153766600,0.010738433494246413,0.010681185985011141
2021-03-08,113.33414459228516,117.85348421909974,113.18804374548344,117.7853048147253,154376600,-0.04167342702289267,-0.042566668728435085
2021-03-09,117.9411163330078,118.8858931954571,115.7009310503409,115.93468789918522,129525800,0.04064945967780531,0.0398449987059268
2021-03-10,116.85997772216795,118.99302271119,116.34375389003466,118.52550905510115,111943300,-0.0091667659630017,-0.009209039300287148
2021-03-11,118.78848266601562,120.00597696289304,118.10668883216246,119.35340180320566,103026500,0.016502698198630927,0.01636800848375555
2021-03-12,117.88268280029295,118.01904158578924,116.06131583787986,117.2690682655597,88105100,-0.00762531724788007,-0.007654538622392557
2021-03-15,120.76569366455078,120.77543569972144,117.28853020817763,118.25279105319385,92403800,0.02445661055357884,0.02416233597328566
2021-03-16,122.30462646484376,123.91172068145192,121.476731695984,122.43124321692927,115227900,0.012743128893605071,0.012662618474936995
2021-03-17,121.51567840576172,122.58707194968112,119.15860369194408,120.82414250531376,111932600,-0.006450680418935928,-0.00647157596667522
2021-03-18,117.39568328857422,119.97677300065472,117.19114511333716,119.68457136117529,121229700,-0.03390504971243402,-0.03449315737682991
2021-03-19,116.86973571777344,118.27229182875168,116.5677994448256,116.78207967633584,185549500,-0.004480127003545165,-0.0044901928479545205
2021-03-22,120.18132781982422,120.64884902153916,117.1327239795706,117.20090338075846,111912300,0.028335754177179595,0.027941722829594857
2021-03-23,119.35342407226562,121.0092136525593,118.96382433837393,120.1228815031776,95467100,-0.006888788488006892,-0.006912625727634459
2021-03-24,116.96711730957033,119.70404974763235,116.94764066899516,119.62612832333969,88530500,-0.01999361795645216,-0.02019619504938978
2021-03-25,117.45413970947266,118.49632225832028,115.90549008944214,116.431448667282,98844700,0.004163754832166688,0.004155110392260254
2021-03-26,118.05799102783205,118.32097396831912,115.82754049090362,117.2203543220512,94071200,0.005141166755407989,0.005127996080076053
2021-03-29,118.23332214355467,119.39237925463333,117.59048892877756,118.4865630734955,80819200,0.0014851270481242018,0.001484025337601508
2021-03-30,116.78205108642578,117.26904879118068,115.76909496881612,116.9865892307034,85671900,-0.012274636547612294,-0.012350592089888646
2021-03-31,118.97354125976562,120.30791022058676,117.9995458461466,118.4865435529561,118323800,0.018765642090992296,0.018591739654807933
2021-04-01,119.80145263671876,120.95076768283118,119.30471282559483,120.44429326652572,75089100,0.006958785694589631,0.006934685088124321
2021-04-05,122.62603759765624,122.87927851383142,119.86962848939254,120.64882787870256,88651200,0.023577217961643804,0.023303568277424646
2021-04-06,122.927978515625,123.82405264578033,122.38254338092112,123.21043811923847,80171300,0.0024622904228501774,0.002459263952801034
2021-04-07,124.57404327392578,124.59351991699825,121.8858132391096,122.55787260556288,83466700,0.013390480980630004,0.01330162086441176
2021-04-08,126.97007751464844,126.9992961961062,125.17792902926334,125.59674003815452,88844600,0.019233816112510738,0.019051184359633013
2021-04-09,129.54139709472656,129.58035037412546,126.1031942856078,126.4246145731164,106686700,0.020251382297387988,0.02004905016430394
2021-04-12,127.82714080810548,129.39527374095013,127.23300311648138,129.0738535279088,91420000,-0.013233270020760579,-0.013321609954847408
2021-04-13,130.93423461914062,131.15826433043802,128.49924537282473,128.99599269074992,91266500,0.024306996083871768,0.024016282549173363
2021-04-14,128.5966339111328,131.4894019428346,128.2362603060902,131.43096458655666,87222800,-0.017853243002545427,-0.01801453474951711
2021-04-15,131.00241088867188,131.48940869866695,130.16477406100063,130.34010100083557,89347100,0.018707931182721182,0.018535090175724068
2021-04-16,130.67123413085938,131.16796646381349,129.81411337251544,130.80759290041487,84922400,-0.0025280203285261704,-0.0025312211675790107
2021-04-19,131.3335723876953,131.9471944147541,129.8725788847892,130.03815636501255,94264200,0.005068738052727451,0.0050559352444999855
2021-04-20,129.6485595703125,132.0056272235911,128.38236227240412,131.50889480005517,94812300,-0.012830023479515784,-0.01291303905637179
2021-04-21,130.02841186523438,130.2719107638584,127.88562452974152,128.9180574819885,68847100,0.0029298612817667546,0.002925577603217833
2021-04-22,128.50897216796875,130.66149395921403,127.99275572778816,129.58035833012048,84566500,-0.011685443784704708,-0.011754255169258735
2021-04-23,130.8270721435547,131.6062565911259,128.72323846633472,128.72323846633472,78657500,0.018038429041016935,0.01787766696496725
2021-04-26,131.21669006347656,131.5478450047434,130.08685158645528,131.32383017529745,66905100,0.0029781138837561283,0.0029736880874435103
2021-04-27,130.8952178955078,131.8886971878993,130.62250042104546,131.49909018010476,66015800,-0.0024499335245633524,-0.0024529395223676135
2021-04-28,130.1063232421875,131.5088791677975,129.61932548257246,130.8173358098676,107760100,-0.006026917300753332,-0.006045152471656773
2021-04-29,130.00892639160156,133.50558183329358,129.00571212903608,132.92117853809344,151101000,-0.0007485942893386,-0.0007488746259579413
2021-04-30,128.04148864746094,130.0868708182536,127.66163089702832,128.35315956120257,109839500,-0.015133097386055505,-0.015248771189954631
2021-05-03,129.0933837890625,130.58361088598772,128.40185516343865,128.6063859381181,75135100,0.008215267978473495,0.008181706351046323
2021-05-04,124.52532958984376,128.07068022860358,123.40523322106765,127.77847859118502,137564700,-0.035385656996046344,-0.03602690207780782
2021-05-05,124.7688446044922,127.05772538948398,124.6422204183204,125.84023086704354,84000900,0.0019555460358990917,0.0019536364448733286
2021-05-06,126.3661651611328,126.3758997645555,123.8240292097585,124.56426777460712,78128300,0.01280223890590615,0.012720983015428202
2021-05-07,127.03938293457033,128.06380344320834,126.32714777247271,127.66379828936026,78973300,0.005327516052885617,0.005313375041315073
2021-05-10,123.7612075805664,126.38570115821472,123.7221806852606,126.25887677480436,88071200,-0.025804402369399848,-0.02614317657843521
2021-05-11,122.8440933227539,123.19532046962064,119.78054551827158,120.4927732833166,126142800,-0.007410353177230267,-0.007437946245101614
2021-05-12,119.78054809570312,121.60501628867117,119.27321336720668,120.39521236408822,112172300,-0.024938482137694562,-0.025254714731320828
2021-05-13,121.92698669433594,123.07825403932372,121.23427605914434,121.54648377421124,105861300,0.01791975936625234,0.017761093181109914
2021-05-14,124.34659576416016,124.7758841676664,122.7855571745272,123.17581868284024,81918000,0.019844737702655157,0.019650397771280147
2021-05-17,123.19529724121094,123.8392296835606,122.1220839475788,123.73190760983564,74244600,-0.009258786023646381,-0.009301915004051984
2021-05-18,121.80989837646484,123.8977887358132,121.74160317568686,123.47825894714308,63342900,-0.011245549917652697,-0.01130925919500611
2021-05-19,121.65380859375,121.8782039395482,119.86836719410006,120.16106519010208,92612000,-0.0012814211718035207,-0.0012822428939697603
2021-05-20,124.20999908447266,124.61001915730156,122.05381347828964,122.1806527421714,76857100,0.021012005462638594,0.02079429764683392
2021-05-21,122.3757781982422,124.8831983677244,122.16113401006866,124.70758107227503,79295400,-0.014767095239917372,-0.014877214227227273
2021-05-24,124.0051040649414,124.82465387319236,122.87335402183648,122.9416492188892,63092900,0.013314120577519795,0.013226266613883453
2021-05-25,123.8099594116211,125.1953877657797,123.24408074890964,124.70755542884932,72009500,-0.001573682428572587,-0.0015749219673632105
2021-05-26,123.7612075805664,124.28805950176616,123.34167776055286,123.8685296817526,56575900,-0.00039376340390040454,-0.0003938409490664973
2021-05-27,122.22940826416016,124.53194243495388,122.03428127759828,123.3611656283478,94625600,-0.012377055349989785,-0.012454289045052625
2021-05-28,121.57575225830078,122.73677818956268,121.517215637773,122.51237540484098,71311100,-0.0053477801712555895,-0.00536213073293413
2021-06-01,121.25379180908205,122.29773710604329,120.92207435192589,122.03431485733806,67637100,-0.0026482291348253195,-0.0026517418967033917
2021-06-02,122.01478576660156,122.19040306312084,121.02938463288338,121.253779962891,59278900,0.006276042556407013,0.006256430217132186
2021-06-03,120.53179168701172,121.80989069682865,120.13177164794703,121.64403199734149,76229200,-0.012154216149070862,-0.012228682637166635
2021-06-04,122.8245849609375,123.0880146444984,120.83425795335646,121.04890215666704,75169300,0.019022311390504587,0.018843649379204037
2021-06-07,122.8343276977539,123.24409888195902,121.7903825702114,123.09774990370911,71057600,7.932236709362606e-05,7.931922124102194e-05
2021-06-08,123.65387725830078,125.33200387040456,123.13678395621102,123.51728685562117,74403800,0.0066719912577162255,0.006649832033537306
2021-06-09,124.0343780517578,124.63928371308172,123.43923097435068,124.1124318358548,56877900,0.0030771440564065777,0.003072419338578216
2021-06-10,123.03922271728516,125.06857651400928,122.87336400291548,123.9270603510902,71186400,-0.008023221868838526,-0.00805558111323682
2021-06-11,124.2490234375,124.33683580636276,123.02946096276284,123.44899075181716,53522400,0.009832642741857134,0.009784616867777027
2021-06-14,127.30282592773438,127.36136255409735,123.97586282548664,124.70760042950351,96906500,0.024578080420652126,0.024280898990057063
2021-06-15,126.48326110839844,127.4198916269695,126.23934861668312,126.7759590759042,62746300,-0.006437915367261238,-0.006458728119646818
2021-06-16,126.98084259033205,127.7028289556805,125.33200658203938,127.19548678307784,91815000,0.003933971005911863,0.0039262531764971634
2021-06-17,128.58090209960938,129.32240559947226,126.49301177385304,126.63936820067508,96721700,0.012600794550083894,0.012522065216689884
2021-06-18,127.28329467773438,128.30771518043744,127.06865050509046,127.52720715689917,108953300,-0.010091758579122145,-0.010143025582518367
2021-06-21,129.07852172851562,129.1858438437529,126.06376624672312,127.12722136946698,79663300,0.014104184334060132,0.014005645782571867
2021-06-22,130.71762084960938,130.81519183288202,128.41508558444835,128.91267675700027,74783600,0.0126984652376263,0.012618515839624847
2021-06-23,130.4443817138672,131.04929474301073,129.98582509428016,130.51268434910727,60214200,-0.002090300710541171,-0.00209248843827562
2021-06-24,130.1614532470703,131.36149842351492,129.69313058879897,131.1761225655203,68711000,-0.0021689586249676873,-0.002171314222471473
2021-06-25,129.86875915527344,130.6297648884673,129.57606120699057,130.2102425761428,70783700,-0.00224870024492807,-0.002251232368026586
2021-06-28,131.49807739257812,131.95663398446408,130.10290533994575,130.1614419453381,62111300,0.012545882842821765,0.012467835359772776
2021-06-29,133.01036071777344,133.16646828417475,131.07857796707717,131.51761747124857,64556100,0.011500421566472685,0.011434794399152808
2021-06-30,133.62503051757812,134.0640700400228,132.56156070353867,132.8542586809143,63261400,0.004621217448683712,0.004610572406102205
2021-07-01,133.92750549316406,133.98604212249344,132.45426418125246,133.27382165358517,52485800,0.002263610151588713,0.002261052045771736
2021-07-02,136.55197143554688,136.5909908825578,134.39577852908815,134.54212006442484,78852600,0.019596168335389352,0.019406635505101494
2021-07-06,138.5618438720703,139.66431846121773,136.65932898286508,136.65932898286508,108181800,0.014718736136827726,0.014611466838084175
2021-07-07,141.04969787597656,141.36189806872017,139.18620319634806,140.0447648918188,104911600,0.01795482749351396,0.01779554336531225
2021-07-08,139.75209045410156,140.5521155930635,137.2446631833098,138.13250812343543,105575500,-0.009199646942994355,-0.009242225031705732
2021-07-09,141.5765838623047,142.10342835570765,139.17647811244083,139.27404907544525,99890800,0.013055213716479885,0.012970728930730556
2021-07-12,140.9813995361328,142.7570893612842,140.49357462424308,142.64976728517905,76299700,-0.0042039743433189836,-0.004212835887983218
2021-07-13,142.09364318847656,143.8693330567253,140.13259235448814,140.52284633857775,100827100,0.007889293594781632,0.007858335834709566
2021-07-14,145.5181884765625,145.9279745686904,144.0839818158266,144.4937679079545,127050800,0.02410062273893243,0.023814786183175483
2021-07-15,144.86451721191406,146.34750947636803,143.50836421958925,145.60602078776031,106820300,-0.004492024478120249,-0.004502143936015975
2021-07-16,142.825439453125,146.11337603058237,142.3278631852022,144.8450426158096,93251400,-0.014075757114533571,-0.014175760104650983
2021-07-19,138.98133850097656,140.56190161268026,138.2203326975493,140.24968646910114,121434600,-0.026914679673785025,-0.0272835127409896
2021-07-20,142.5912322998047,143.5181116494979,139.47892150687957,139.9667464752501,96350000,0.025973946126607306,0.025642352787369586
2021-07-21,141.85948181152344,142.57171691870616,141.108242148076,141.98632105555998,74993500,-0.005131805627029751,-0.0051450185650643914
2021-07-22,143.22540283203125,144.59130668501456,142.25950410848452,142.38634335455993,77338200,0.009628690328381317,0.009582629921229099
2021-07-23,144.94252014160156,145.09862766986717,143.3424551949622,143.95711928298726,71447400,0.011988915901909314,0.0119176181391954
2021-07-26,145.3621063232422,146.18164879238583,144.1035094217646,144.65963709619385,72434100,0.002894845358220044,0.0028906633622730955
2021-07-27,143.19615173339844,145.5767400665626,142.00585756681636,145.48892025406204,104818600,-0.014900407297533946,-0.015012533578648096
2021-07-28,141.44973754882812,143.391286472983,139.06914908747908,141.28387882976534,118931200,-0.012195957526999535,-0.012270938483702507
2021-07-29,142.09364318847656,142.98148812260095,141.0594567321274,141.16677881083731,56699500,0.00455218688140846,0.004541857015829129
2021-07-30,142.30828857421875,142.7668451974614,140.60090132642787,140.8643309559415,70440600,0.001510591050561505,0.0015094512555988231
2021-08-02,141.97659301757812,143.37176538004852,141.71316334757606,142.79613544954273,62880000,-0.0023308238751507115,-0.002333544473431633
2021-08-03,143.77175903320312,144.43519376937195,141.64483467000184,142.25949882463198,64786600,0.012644098421228822,0.012564829300482234
2021-08-04,143.3717498779297,144.191292221281,142.7180662311683,143.6839649919127,56368300,-0.0027822512429652724,-0.0027861288980319185
2021-08-05,143.4790802001953,144.24008597517638,142.61075233452527,143.40102641721816,46397700,0.0007486155561120533,0.0007483354832558416
2021-08-06,142.79513549804688,143.74293525391155,142.29681378591434,143.00033556159832,54126800,-0.004766860096915404,-0.004778257809800696
2021-08-09,142.74624633789062,143.34228507821692,142.18930041536296,142.8537292225246,48908700,-0.0003423727284947997,-0.00034243135141838357
2021-08-10,142.2674560546875,144.3291621434574,141.97431959044945,143.0882262269222,69023100,-0.003354135716254092,-0.003359773439444724
2021-08-11,142.52151489257812,143.36183156118472,142.19906623850963,142.70716850336376,48493500,0.0017857832348739944,0.0017841906197547104
2021-08-12,145.482177734375,145.63851920327534,142.5019837127135,142.84397881224007,72282600,0.02077344493586386,0.02056061929653151
2021-08-13,145.6873779296875,146.01959236929383,144.87637333214747,145.56034862237908,59375000,0.0014104833905301817,0.0014094895932126833
2021-08-16,147.66111755371094,147.72952253031957,143.1175540441941,145.1401675406519,103296000,0.013547773678623143,0.013456823123728057
2021-08-17,146.75245666503906,148.20834403268694,145.67762747925198,146.79153458563758,92229700,-0.006153690990056027,-0.006172702982536503
2021-08-18,143.01007080078125,147.2702784625577,142.8048707810112,146.37133747643588,86326000,-0.025501350705152248,-0.02583214608489438
2021-08-19,143.34228515625,144.61253336364982,141.1926423719419,141.71051038649435,86960300,0.0023230137123106953,0.0023203196873215625
2021-08-20,144.79820251464844,145.10110479232438,143.4204712746936,144.06536865206095,60549600,0.01015692861887496,0.010105693653916345
2021-08-23,146.2834014892578,146.75241093803115,144.50505101044897,144.91543614181833,60131800,0.010257026322264773,0.010204779985434606
2021-08-24,146.19544982910156,147.40707372149436,145.73620613091066,146.02934262692168,48606400,-0.0006012415575578078,-0.000601422375743646
2021-08-25,144.96429443359375,146.87943995254733,144.41711425947602,146.3811034364789,58991300,-0.008421297632361324,-0.008456957099722412
2021-08-26,144.16305541992188,145.70689371393732,144.13374326132688,144.95452843061085,48597200,-0.005527147335159244,-0.005542478531944036
2021-08-27,145.1988525390625,145.34541337865105,143.46936008418646,144.1044769351318,55802400,0.007184899876903517,0.007159211456211745
2021-08-30,149.61532592773438,149.976867364279,145.2085579053338,145.58963083933705,90956700,0.030416723764974174,0.029963306598211493
2021-08-31,148.3549041748047,149.30270392723426,147.8272553901817,149.16590885521063,86453100,-0.00842441604905153,-0.008460102005503794
2021-09-01,149.019287109375,151.43275399237308,148.85317992388826,149.3319699829077,80313700,0.0044783348300201364,0.004468336926787697
2021-09-02,150.1331787109375,151.17869519131676,148.911789313974,150.34814443756616,71115500,0.007474814993209122,0.007447017000906904
2021-09-03,150.7683563232422,151.0908050119508,149.58604446464392,150.24070759279422,57808700,0.0042307610999674505,0.004221836593008243
2021-09-07,153.1036834716797,153.6606295652861,150.85632286325858,151.4230496190897,82278300,0.015489504597573811,0.015370766778171709
2021-09-08,151.55975341796875,153.44557130778168,150.45561273892648,153.38694700792755,74420200,-0.010084212337037157,-0.01013540243826497
2021-09-09,150.5436248779297,152.53692642541913,150.42636132134103,151.93112186962642,57305700,-0.006704474750871325,-0.006727050704902665
2021-09-10,145.56033325195312,151.9213251437336,145.2965089144569,151.45231569560596,140893200,-0.033101977118043524,-0.033662246295680945
2021-09-13,146.12705993652344,147.9542540722246,145.34536758274157,147.18234237769772,102404300,0.0038934143108160235,0.003885854589050905
2021-09-14,144.7297821044922,147.61227358439965,143.5474852815467,146.9087519585389,109296300,-0.009562074489408157,-0.009608084660380488
2021-09-15,145.6189422607422,146.01956159972383,143.01982179601146,145.1596986106003,83281300,0.006143588025359081,0.006124793127902532
2021-09-16,145.3844451904297,145.56033305169905,143.8503875542624,145.04246503666727,68034100,-0.0016103472987231138,-0.0016116453016118244
2021-09-17,142.71694946289062,145.41378761722353,142.4238129361749,145.41378761722353,129868800,-0.018347875689487148,-0.01851828561943543
2021-09-20,139.66835021972656,141.52485650500037,138.0365754530921,140.50866688674913,123478900,-0.021361157554427468,-0.021592609063626592
2021-09-21,140.14712524414062,141.29035906389458,139.51200859720305,140.6356810985669,75834000,0.0034279421476723915,0.003422080146569072
2021-09-22,142.51173400878906,143.0784456211062,140.41093510559722,141.14376881169068,76404300,0.016872331562486353,0.01673157483282238
2021-09-23,143.46932983398438,143.71360778815728,142.30656438659437,143.29344195401745,64838200,0.006719417399947192,0.006696942736439686
2021-09-24,143.55726623535156,144.09468071612673,142.22839356904527,142.32611071447462,53477900,0.0006129282228399813,0.0006127404590567015
2021-09-27,142.042724609375,142.61923184992318,140.52821338546616,142.14044174425882,74150700,-0.010550086844741013,-0.010606133557950382
2021-09-28,138.6619415283203,141.43693551030117,138.44697573581757,139.9712677848058,108972300,-0.023801170319367126,-0.024088994381854377
2021-09-29,139.5608673095703,141.14378350850296,138.77917495976774,139.2091064976362,74602000,0.006482858752316023,0.0064619354035729435
2021-09-30,138.26129150390625,141.07537768507382,138.0463257589815,140.37185613978193,89056700,-0.009311892586489678,-0.009355519300993306
2021-10-01,139.38499450683594,139.64881887167329,135.9260252404235,138.65216064526572,94639600,0.008127386853593377,0.008094537511241083
2021-10-04,135.95535278320312,138.95509355251514,135.1052701786628,138.51538125819243,98322000,-0.024605530428633116,-0.024913305630638063
2021-10-05,137.8802490234375,138.98439014714222,136.1703033445533,136.29733265175278,80861100,0.014158296829282158,0.01405900425637633
2021-10-06,138.74990844726562,138.89646928814489,135.20298700252363,136.27781620079284,83221100,0.006307353156000506,0.0062875450515909445
2021-10-07,140.0103302001953,140.9190518423827,139.45338427911526,139.7855986818326,61732700,0.009084126735901421,0.009043114244619885
2021-10-08,139.62924194335938,140.87994360098938,139.29702757701324,140.73338282452485,58773200,-0.0027218581392604024,-0.002725569130516307
2021-10-11,139.54132080078125,141.49554421911762,138.5642090916131,139.01368703802868,64452200,-0.000629675713728961,-0.0006298740427408693
2021-10-12,138.27110290527344,139.9712830193318,137.8118591085372,139.95173660619236,73035900,-0.009102808316693967,-0.009144492028367767
2021-10-13,137.684814453125,138.16358964828814,136.0139468710265,138.00726310614547,78762700,-0.004240137236412256,-0.004249152110196727
2021-10-14,140.46954345703125,140.5868069751704,138.27104258853484,138.85731545061583,69907100,0.02022538952437869,0.02002357300781811
2021-10-15,141.5248565673828,141.58348088448486,140.22529620330172,140.47935479013262,67940300,0.007512753899384439,0.007484673715782471
2021-10-18,143.1957244873047,143.47908032380766,139.88331637742027,140.16667221392322,85589200,0.011806179920955007,0.011737030705390379
2021-10-19,145.35513305664062,145.75575243725564,143.1957245202807,143.64518755891186,76378900,0.015080119026370742,0.014967544379897852
2021-10-20,145.84368896484375,146.32247907181252,144.7297822080243,145.29650879090318,58418800,0.003361119060121265,0.0033554831246223743
2021-10-21,146.05862426757812,146.21496568738968,144.485474140878,145.40396134534794,61421000,0.0014737374257325353,0.0014726525404923862
2021-10-22,145.28675842285156,146.74264548774926,145.23789985010384,146.26387023963363,58883400,-0.0052846303913729464,-0.005298643441556558
2021-10-25,145.23789978027344,145.95118723150932,144.24124155296286,145.27697769272697,50720600,-0.00033629109155230985,-0.00033634765008188044
2021-10-26,145.90234375,147.38754297777294,145.5994265625498,145.91210950073977,60893400,0.004574866276170209,0.004564433382741383
2021-10-27,145.44305419921875,146.3029021893665,145.09129345930518,145.94137570178864,56094900,-0.003147924419694248,-0.0031528895564251007
2021-10-28,149.07794189453125,149.66419997930225,146.29316753585874,146.3908846714247,100077900,0.024991827319121418,0.024684639211385584
2021-10-29,146.37136840820312,146.50816348044404,143.058959600078,143.85041786872506,124953200,-0.01815542562455652,-0.018322257721170368
2021-11-01,145.55056762695312,146.2736207539483,144.4171144592604,145.57987978563986,74588300,-0.0056076594089148335,-0.005623441358456943
2021-11-02,146.58631896972656,148.10084526807523,145.24766564186768,145.25744630214584,69122000,0.007116092775591776,0.007090892866696584
2021-11-03,148.0226593017578,148.49166875101167,146.39088452432864,146.94783044977856,54511500,0.009798597455250135,0.009750902508509242
2021-11-04,147.50479125976562,148.94113176601576,147.192108353955,148.11059575284676,60394600,-0.003498572748490303,-0.003504707065878112
2021-11-05,148.033203125,148.9334561453401,146.83938576662882,148.6301118041856,65463900,0.0035823369581522435,0.0035759356722649366
2021-11-08,147.2112274169922,148.31697989696048,146.93723803048172,148.16041026715402,55020900,-0.005552644208568047,-0.005568117442245008
2021-11-09,147.5732879638672,148.17997664131613,146.83938459031998,146.97637928946335,56787900,0.002459462863178441,0.002456443334323426
2021-11-10,144.74530029296875,146.9078752619248,144.67681041564214,146.80023551358215,65187100,-0.019163276158696507,-0.019349271759203153
2021-11-11,144.69635009765625,146.22286636426517,144.5104255646951,145.76296742917555,41000000,-0.00033818158664511433,-0.00033823878293340505
2021-11-12,146.77085876464844,147.1720478294866,144.31471985327795,145.24432757919843,63804000,0.01433697992791183,0.014235177305571169
2021-11-15,146.78067016601562,148.62032601011296,146.22289645235986,147.14272437440852,59222800,6.684842924387091e-05,6.68461949871952e-05
2021-11-16,147.7592315673828,148.2387205417783,146.13485497458598,146.72198372154762,59256200,0.006666827452554758,0.006644702439736709
2021-11-17,150.19578552246094,151.67337235529826,147.7494408070529,147.7592208106454,88807000,0.01649002860418225,0.01635554449971684
2021-11-18,154.48178100585938,155.26461435018126,149.76523586281957,150.41107449173293,137827700,0.028536056910581475,0.028136487260664707
2021-11-19,157.104248046875,157.5641620110988,153.1705218782956,154.2664794451428,117305600,0.016975898542470613,0.016833418203965594
2021-11-22,157.56419372558594,162.14374442137012,157.54461878472307,158.210017461011,117467900,0.002927646352208768,0.0029233691416999455
2021-11-23,157.94583129882812,158.3274605436487,155.64626089330295,157.66204690088375,96041900,0.0024221085020550426,0.0024191799251912006
2021-11-24,158.4644317626953,158.66013635871653,156.2137915801923,157.2999692591092,69463600,0.0032834070997798115,0.0032780284889186396
2021-11-26,153.44448852539062,157.00636502097973,153.0041495633598,156.14526203093936,76959800,-0.031678675027984715,-0.03219129950273106
2021-11-29,156.8009033203125,157.73051124922804,155.38201155737082,155.9495652762871,88748200,0.021873804834420474,0.021638005521801944
2021-11-30,161.7522735595703,161.9675530331192,156.4877363212738,156.556241122539,174048100,0.03157743440510141,0.031089120420839576
2021-12-01,161.23365783691406,166.64497001692308,160.99880341826756,163.88548659020162,152052500,-0.003206234516791806,-0.0032113854997999577
2021-12-02,160.245361328125,160.6759203936693,154.41328379839803,155.3331118145511,136739200,-0.006129591811336987,-0.006148454880669971
2021-12-03,158.36654663085938,161.4195945786872,156.29205136899398,160.49976670029744,118023100,-0.011724612067980478,-0.011793887348302116
2021-12-06,161.7718963623047,164.27695105253582,160.75420856233345,160.7639885662799,107497000,0.021502961350688077,0.021275034293058614
2021-12-07,167.50608825683594,167.89751232351225,164.72704457429052,165.45116789916565,120405400,0.035446156121511585,0.03483240255034137
2021-12-08,171.32241821289062,172.18353634737676,167.03641741062992,168.4357343791699,116998900,0.022783231318751485,0.022527569422467576
2021-12-09,170.81356811523438,172.95656843850207,170.18730447599066,171.15606234208923,108923700,-0.0029701314221699526,-0.0029745510158546017
2021-12-10,175.59857177734375,175.77471631207035,170.94073811179362,171.44958185163827,115402700,0.02801301860799077,0.027627830968340622
2021-12-13,171.96824645996094,178.22110269969062,171.76274694249355,177.2327699190323,153237000,-0.02067400253110263,-0.020890701616129416
2021-12-14,170.58848571777344,173.92530298904865,168.51399049049428,171.48873864529648,139380400,-0.008023345998987907,-0.008055706247372904
2021-12-15,175.45187377929688,175.64757840128232,168.6118874958098,171.35179699752268,131063300,0.028509474370794097,0.028110641901984385
2021-12-16,168.5629119873047,177.2523322197485,167.08532532021002,175.43225135839342,150185800,-0.03926411068517799,-0.04005573680109414
2021-12-17,167.4669647216797,169.74695967221308,166.0480878451819,166.28292736988075,195432700,-0.0065017105643472295,-0.006522938747507404
2021-12-20,166.10682678222656,166.91901512025265,163.865981314703,164.66837471661833,107499100,-0.008121828336195125,-0.008154990061908186
2021-12-21,169.27728271484375,169.48276731961977,165.49033075391415,167.8779657038139,91185900,0.019086849071975776,0.018906980316275253
2021-12-22,171.87042236328125,172.0857019286085,168.45531919632216,169.3262174628531,92135300,0.015318887489503163,0.015202738017667392
2021-12-23,172.49664306640625,173.05441678226669,171.50832525865067,172.07587897729215,68356600,0.0036435629500075617,0.0036369412540254234
2021-12-27,176.459716796875,176.54778161213417,173.26968906108772,173.2892490658333,74919600,0.022974787566985233,0.022714841081212356
2021-12-28,175.4420166015625,177.4382418590108,174.69833332933095,176.293354548695,79144300,-0.0057673230683238375,-0.005784018298146633
2021-12-29,175.5301055908203,176.7532777728696,174.316713410959,175.48117571727812,62348900,0.0005020974505660636,0.0005019714418184807
2021-12-30,174.37545776367188,176.69460283265636,174.2678179931173,175.61820512711046,59773000,-0.0065780614855894814,-0.0065997922821443775
2021-12-31,173.7589874267578,175.38334904304386,173.45562812611084,174.2678163999058,64062300,-0.0035353044793123845,-0.003541568435879873
2022-01-03,178.10365295410156,178.95499096160628,173.895952516217,174.01337226981713,104487900,0.02500397586153702,0.02469649147215304
2022-01-04,175.84320068359375,179.01366782786695,175.27564709368258,178.7103235661365,99310400,-0.012691779382483226,-0.012773008037078855
2022-01-05,171.16583251953125,176.3031560396219,170.89184312629723,175.7551772531539,94537600,-0.026599653247206256,-0.026959825354375497
2022-01-06,168.30850219726562,171.53767993498516,167.95622799076347,168.99347567343597,96904000,-0.01669334516244403,-0.016834249358096513
2022-01-07,168.47483825683594,170.40255876885018,167.3593058480161,169.1793866130696,86709100,0.0009882807903272006,0.0009877927623795659
2022-01-10,168.49441528320312,168.79775959259328,164.5606894006289,165.45116232460057,106765600,0.00011620148486124471,0.00011619473399167171
2022-01-11,171.32241821289062,171.42026304461638,167.1538521125257,168.62165897014336,76138300,0.016783956458938043,0.016644662305740507
2022-01-12,171.7627410888672,173.37732250749067,171.0679876032979,172.3400748149154,74805200,0.0025701416111778563,0.00256684444547395
2022-01-13,168.49441528320312,172.82933029006384,168.10299122971512,172.0073621746904,84505800,-0.01902814187142654,-0.019211506751214448
2022-01-14,169.35556030273438,170.05031384521072,167.41804452412237,167.66267899736397,80440800,0.0051108223265670105,0.005097806403350858
2022-01-18,166.1557159423828,168.83689986985863,165.77408681023036,167.82900716362772,90956700,-0.01889423857493444,-0.01907501541635029
2022-01-19,162.66233825683594,167.40825267441707,162.37856885772902,166.35143003303915,94815000,-0.021024721693945536,-0.02124888875610749
2022-01-20,160.979248046875,166.03828667936338,160.65632878123083,163.3962376065405,91420500,-0.010347141372721524,-0.010401045196068048
2022-01-21,158.9243621826172,162.76022939959458,158.81672240399746,160.89121821233596,122848900,-0.012764911559653092,-0.01284708306685189
2022-01-24,158.15127563476562,158.81668910799385,151.37979580013618,156.58562410189697,162294600,-0.0048644936322803645,-0.004876363791952492
2022-01-25,156.35076904296875,159.26680751652682,153.65001008067688,155.56793581393717,115798400,-0.011384711154369453,-0.011450013080540894
2022-01-26,156.26266479492188,160.86178832446035,154.4328043421836,159.99089049638027,108275300,-0.0005635037715910896,-0.0005636625995109456
2022-01-27,155.8027801513672,160.3236197319786,154.88295228679408,158.9634528706825,121954600,-0.0029430231729263845,-0.002947362381309717
2022-01-28,166.67434692382812,166.69392186078738,159.30595841103175,162.15350702087153,179935700,0.0697777456981119,0.06745091259738166
2022-01-31,171.02879333496094,171.2440727924038,165.87189621924904,166.5079545912569,115541600,0.026125474564618223,0.025790034168455184
2022-02-01,170.8625030517578,171.08756258764447,168.61186289898112,170.27537434014533,86213900,-0.0009722940796140778,-0.0009727670641142441
2022-02-02,172.0660858154297,172.105235689561,169.6099612749151,170.9994831805343,84914300,0.007044159731800725,0.007019465537384445
2022-02-03,169.1891632080078,172.45749049022623,168.42590499267487,170.7352545735362,89418100,-0.016719870123086733,-0.016861224990039614
2022-02-04,168.9050750732422,170.5805134014752,167.22963674500917,168.20942139418403,82465400,-0.001679115431384659,-0.0016805267257392917
2022-02-07,168.18980407714844,170.4335039135459,167.4941505320522,169.36554243968104,77251200,-0.004234751358321187,-0.004243743312627229
2022-02-08,171.2957305908203,171.80522273077705,167.96445422996524,168.2583925780297,74829200,0.018466794290616928,0.018298353591262057
2022-02-09,172.71641540527344,173.07893089654075,171.36430797248656,172.49106914991745,71285000,0.00829375495555551,0.008259550760596696
2022-02-10,168.64051818847656,171.93259499604034,168.08204874852603,170.61968723864308,90865900,-0.02359878305274521,-0.023881694102725316
2022-02-11,165.23081970214844,169.58106427952197,164.6429431564357,168.8462260725419,98670700,-0.020218738195036612,-0.02042593447067987
2022-02-14,165.4659881591797,166.15183422384362,163.19288125878157,163.98650420148718,86185500,0.0014232723498870392,0.0014222604578142772
2022-02-15,169.29696655273438,169.45373566949445,166.80832036305304,167.5137664381475,62527400,0.023152663796195183,0.022888707307912492
2022-02-16,169.06182861328125,169.83585183660028,166.6123672162483,168.3759824121772,61177400,-0.0013889081667619596,-0.0013898735937396263
2022-02-17,165.4659881591797,168.43473358576446,165.06427298190405,167.57251856143097,69589300,-0.021269381051868486,-0.02149883371417275
2022-02-18,163.91796875,167.0924613280084,162.83040723152354,166.3870301609273,82772700,-0.009355514244356211,-0.009399551946520838
2022-02-22,160.99819946289062,163.32028399061443,158.87205389872815,161.64484588368407,91162800,-0.01781238084741321,-0.017972930676774468
2022-02-23,156.8341064453125,162.79118283457873,156.5205682404435,162.19351371308113,90009200,-0.025864221037688817,-0.026204581603295377
2022-02-24,159.45010375976562,159.55788063172187,148.92721490354398,149.4954915965567,141147500,0.016680028175920514,0.016542444332967626
2022-02-25,161.51748657226562,161.78201763247694,157.61793335879435,160.52789462372328,91974200,0.012965703776617321,0.01288236859925722
2022-02-28,161.78201293945312,162.07595128148682,159.14639022474867,159.76365924798694,95056600,0.0016377568324104086,0.0016364171711827872
2022-03-01,159.9008331298828,163.23210951924372,158.69570233786408,161.37050993245586,83474400,-0.011627867495222377,-0.011695999817181776
2022-03-02,163.19288635253906,163.97671685818776,159.6558640904533,161.06675601055625,79724800,0.020588092996252305,0.02037902290933918
2022-03-03,162.86956787109375,165.49539801856008,162.20332160924863,165.06429046074288,76678400,-0.001981204503895273,-0.001983169685585268
2022-03-04,159.87142944335938,162.2033212553789,158.82306783943153,161.16475211398938,83737200,-0.01840821748914634,-0.01857975714568699
2022-03-07,156.07965087890625,161.6840185904636,155.82489737817548,160.05757297165496,96418800,-0.02371767474435771,-0.024003466718912052
2022-03-08,154.25726318359375,159.58729287941838,152.65041731502816,155.60937048225745,131148300,-0.01167601083837888,-0.011744710737022542
2022-03-09,159.6558837890625,160.10659124427465,156.1874531828048,158.21559935544633,91454900,0.03499751320651545,0.03439902401542702
2022-03-10,155.31544494628906,157.14763719865718,152.82678391494153,156.9614757494235,105342000,-0.027186212870851878,-0.0275625952461297
2022-03-11,151.60202026367188,156.0600418102309,151.37667406119195,155.71711132575638,96970100,-0.023908920866829164,-0.024199378138984907
2022-03-14,147.57513427734375,151.0043799732345,147.06565710961667,148.38835719355112,108732100,-0.026562218493687673,-0.02692136837844122
2022-03-15,151.95480346679688,152.42511088063213,147.3400259647883,147.84950323761805,92964300,0.029677555171471193,0.029245699998571083
2022-03-16,156.36380004882812,156.76551526978483,151.33751588171134,153.87515407206308,102300200,0.02901518399840941,0.028602212815355143
2022-03-17,157.3729705810547,157.74529344907543,154.44342469949348,155.40360925613626,75615400,0.006453990833629186,0.006433253014759053
2022-03-18,160.66505432128906,161.1549465596943,156.53036263312293,157.2652009907308,123511700,0.020918990904723378,0.02070319314022226
2022-03-21,162.03677368164062,162.9871658912754,159.71467413165345,160.2045664067095,95811400,0.008537758046678112,0.00850151751958478
2022-03-22,165.40724182128906,165.99510360566663,161.57628048257416,162.1641422669517,81532000,0.020800637182955217,0.020587257807797035
2022-03-23,166.7691192626953,169.14998832074127,164.26085849061369,164.59399656875675,98062700,0.008233481354326999,0.008199771155182828
2022-03-24,170.55108642578125,170.61966356312797,166.76911784992285,167.60192566241446,90131400,0.022677862543176053,0.022424542504982
2022-03-25,171.18797302246094,171.7366500272882,169.25779609098333,170.36495751522006,80546200,0.0037342863656095737,0.0037273312278858135
2022-03-28,172.05018615722656,172.17754799227433,168.5229555265403,168.6895171187773,90371900,0.005036645504602699,0.005024004034932572
2022-03-29,175.34222412109375,175.39120138120336,172.77517880756406,173.11810933027303,100589400,0.019134172635296043,0.01895341646115333
2022-03-30,174.17633056640625,175.97913082903224,173.12795375967593,174.94056143752658,92633200,-0.006649245842132778,-0.006671450561761672
2022-03-31,171.08021545410156,174.43107749837506,170.8744540788675,174.24491600419395,103049300,-0.017775751172598442,-0.01793563740297982
2022-04-01,170.78627014160156,171.3447546015878,168.4641851666293,170.51193161925582,78751300,-0.0017181724474673032,-0.0017196501986771128
2022-04-04,174.83274841308594,174.8817406281064,170.9136104166494,171.0409871856376,76468400,0.02369322936866869,0.023416901039395924
2022-04-05,171.52110290527344,174.69561063609092,170.89404131095085,173.91177990560575,73401800,-0.018941791728789292,-0.0191234855285311
2022-04-06,168.35638427734375,170.11999949152553,166.69075350018778,168.87566890286308,89058800,-0.018450899477234994,-0.018623240513044124
2022-04-07,168.6601104736328,169.85544881098227,166.41641045043957,167.69992580849703,77594700,0.0018040669950996069,0.0018024416208006794
2022-04-08,166.65155029296875,168.30738857225097,165.77954264267717,168.30738857225097,76575500,-0.011908922477422812,-0.011980401755623078
2022-04-11,162.39926147460938,165.61295305467232,162.1543153788709,165.29942982629515,72246700,-0.025516047170782263,-0.025847227251462285
2022-04-12,164.2706756591797,166.4359910689201,163.27129126604743,164.62339868320723,79265200,0.011523538762292285,0.011457648499028965
2022-04-13,166.95526123046875,167.5823226689275,163.39865390857594,164.00611547230426,70618900,0.01634245163061787,0.016210351056323423
2022-04-14,161.94854736328125,167.8076684945636,161.70360127770223,167.1707997018646,75329400,-0.029988356343416567,-0.03044720378707957
2022-04-18,161.73301696777344,163.23208589340007,160.26334037791807,160.60625594535696,69023900,-0.001330857232231475,-0.0013317436092325418
2022-04-19,164.0159149169922,164.4274375522312,160.59647667199232,161.6840380358106,67723800,0.014115225153276123,0.014016532986554291
2022-04-20,163.849365234375,165.4660187034269,162.742218865016,165.34843439183405,67929800,-0.0010154483039129802,-0.0010159642208294824
2022-04-21,163.0557403564453,168.06243992326603,162.55605562621574,165.49540922825548,87227800,-0.004843624977090788,-0.004855393344968846
2022-04-22,158.51931762695312,164.47640880332085,158.23518671810965,163.09492410815207,84882400,-0.027821300369894497,-0.028215644063476472
2022-04-25,159.58729553222656,159.87142644375086,155.25665006996203,157.8628653370747,96046400,0.006737209831969793,0.006714616255483923
2022-04-26,153.63018798828125,159.05818667091813,153.55180344679445,158.97000966811646,95623200,-0.037328206634984595,-0.038042742134035135
2022-04-27,153.40487670898438,156.55976925790796,152.23893068313222,152.75821530720194,88063200,-0.001466582071188105,-0.001467658555304139
2022-04-28,160.33193969726562,161.19415486672693,155.717147988404,156.030686213781,130216800,0.045155428803102415,0.044165610053465976
2022-04-29,154.46302795410156,162.84018882642286,154.07112011517893,158.568327600733,131747600,-0.036604757319381176,-0.03729152285029644
2022-05-02,154.7667694091797,155.03130046543404,150.17157761678854,153.54203875876948,123055300,0.0019664346808505595,0.001964503779087289
2022-05-03,156.25604248046875,157.46118829235783,153.15993453329665,154.9529271796167,88966500,0.009622692758751494,0.009576689531954069
2022-05-04,162.66384887695312,163.11454143572888,156.04049519291306,156.44221048032446,108256500,0.04100837506674537,0.040189834813481165
2022-05-05,153.600830078125,160.76305283929582,151.8176149978829,160.53770657596968,130525300,-0.055716244644400614,-0.05732856970382545
2022-05-06,154.32691955566406,156.44636712680793,151.2851189689877,153.0807608024048,116124600,0.004727119489977838,0.004715981746479226
2022-05-09,149.2049102783203,152.90412873322438,148.6456204167706,152.02101820173502,131577900,-0.03318934436124932,-0.03375260865919071
2022-05-10,151.60894775390625,153.79708852885074,150.05861170075954,152.59999379126018,115366700,0.016112321445062028,0.015983895649208945
2022-05-11,143.7493438720703,152.53129738037643,143.07229678522884,150.6179132038416,142689800,-0.051841292999366684,-0.053233378291089845
2022-05-12,139.88330078125,143.45495579096956,136.19390367446763,140.08936442340104,182602000,-0.026894335561356675,-0.02726260614694169
2022-05-13,144.34786987304688,145.3192870677171,140.42297369266063,141.87518108716213,113990900,0.031916383634516876,0.031417640166816724
2022-05-16,142.80734252929688,144.7501769403197,141.4728772141811,142.8171643521235,86643800,-0.010672324746495265,-0.010729682462714397
2022-05-17,146.4378662109375,146.95791370140876,143.92592034755194,146.06499632256595,78336300,0.02542252812313084,0.025104750209146494
2022-05-18,138.17599487304688,144.5931943601473,137.27325546059197,144.09277542323014,109742900,-0.05641895468477909,-0.058073019277314585
2022-05-19,134.7711181640625,139.0001910759216,134.03520018713232,137.25361360845713,136095600,-0.024641593585866373,-0.024950279209076744
2022-05-20,135.00660705566406,138.05821430560903,130.12011571020568,136.47844306099526,137426100,0.0017473246108627993,0.0017457998151652414
2022-05-23,140.42300415039062,140.57018180016163,135.06551311431642,135.202883911534,117726300,0.04011949646651991,0.03933560700130719
2022-05-24,137.724609375,139.3043807072169,134.75150167714628,138.1661572066265,104132700,-0.019216187488060643,-0.019403218308391847
2022-05-25,137.8816375732422,139.12778160669652,135.74256089517434,135.83086748545804,92482700,0.0011401607813941173,0.0011395112917252904
2022-05-26,141.0804443359375,141.6299276094401,134.5651148587137,134.8104209609771,90601500,0.023199657467051216,0.022934636516070826
2022-05-27,146.8303680419922,146.869610416665,142.5326018592053,142.6601657784012,90978500,0.04075634814675744,0.0399477066628704
2022-05-31,146.04537963867188,147.8312145429356,144.08293159739236,146.2710719434681,103718400,-0.005346226491074413,-0.005360568700560649
2022-06-01,145.9178466796875,148.8909545900905,144.90717205322113,147.08549081541827,74286600,-0.0008732419971101413,-0.0008736234950123958
2022-06-02,148.37091064453125,148.42978169809749,144.10257959347064,145.05436821890447,72348100,0.016811267577355515,0.016671522241381884
2022-06-03,142.65036010742188,145.19172685572278,141.7476357595722,144.14180991397814,88570300,-0.03855574190559996,-0.03931868953463416
2022-06-06,143.39608764648438,145.78046996633253,142.17936438712687,144.2693764860653,71598400,0.0052276597023726,0.005214042924694487
2022-06-07,145.9178466796875,146.20239508903217,141.39440285018887,141.63970888221743,67808200,0.017585968171042632,0.017433124368557828
2022-06-08,145.1819305419922,147.0560572730291,144.69131847131706,145.79028471849583,53950200,-0.005043359358987587,-0.005056120018273672
2022-06-09,139.96177673339844,145.17207325562853,139.85384150532468,144.3184132523197,69473000,-0.03595594705970573,-0.03661828734487179
2022-06-10,134.5552520751953,138.117085018381,134.48655920841233,137.64610169004794,91437900,-0.03862857977647405,-0.03939445121239689
2022-06-13,129.40382385253906,132.6614796951245,128.9720829038409,130.37522601482007,122207100,-0.038284854312319316,-0.039036978518335236
2022-06-14,130.2672882080078,131.37607607962988,129.0113227305463,130.63035125622758,84784300,0.006672634005411737,0.006650470521044558
2022-06-15,132.88719177246094,134.76133366612893,129.67859928442957,131.7685967366082,91533000,0.020111753307320956,0.01991218336069585
2022-06-16,127.61798095703124,129.90423449299203,126.61712836390116,129.60005747260172,108123900,-0.03965175834592116,-0.04045930857575558
2022-06-17,129.08982849121094,130.58129318016776,127.37268647196602,127.627814297091,134520300,0.011533230060075006,0.011467229345134868
2022-06-21,133.3189239501953,134.48658311474856,130.8168142802015,130.91492771438774,81000500,0.03276087286204987,0.03223567530714564
2022-06-22,132.80868530273438,135.17342395812105,131.39572023105475,132.25918724085466,73409200,-0.0038272034632649277,-0.003834545946545
2022-06-23,135.67384338378906,135.98782727058793,133.08341268546732,134.2510716127321,72433800,0.021573574608645618,0.021344158730389105
2022-06-24,139.0001678466797,139.24547379799503,137.1456554536271,137.27320436715587,89116800,0.02451706519053376,0.024221345649874607
2022-06-27,139.0001678466797,140.7958092069825,138.32312102548337,140.02063401634524,70207900,0.0,0.0
2022-06-28,134.8594207763672,140.7271357482501,134.74167869464102,139.46136345282662,67083400,-0.029789511296704596,-0.030242232362321833
2022-06-29,136.61581420898438,138.02877917366496,134.10388314834785,134.87905849783044,66242400,0.01302388385257669,0.012939802335669897
2022-06-30,134.15296936035156,135.77198324759192,131.25836106107414,134.67301697127326,98964500,-0.01802752384775408,-0.018191999378674644
2022-07-01,136.32142639160156,136.4293616172376,133.11283508569903,133.4856899787513,71051600,0.0161640628723263,0.016034815324972272
2022-07-05,138.90211486816406,138.9511790795148,134.3590413928598,135.18328121558443,73353800,0.01893090869772096,0.018753948897422656
2022-07-06,140.23654174804688,141.41400763305737,138.43109305954474,138.69602774966668,74064300,0.009606958692812917,0.009561105305635299
2022-07-07,143.60215759277344,143.79839942455877,140.58979232323185,140.5995991745189,66253700,0.023999563899495868,0.02371610073782679
2022-07-08,144.2791748046875,144.77960864232728,142.27748437099987,142.53259722881296,64547800,0.004714533703831458,0.00470345509647519
2022-07-11,142.14991760253906,143.88668829327412,141.08038702449986,142.93489980535588,63141600,-0.014757897007872667,-0.014867878171698953
2022-07-12,143.121337890625,145.66270453987497,142.32654882035914,143.0232094985196,77588800,0.006833773135219712,0.006810528745424207
2022-07-13,142.75827026367188,143.70023682096436,139.45153554732985,140.30521051946872,71185600,-0.002536781952322098,-0.0025400050356525214
2022-07-14,145.6823272705078,146.15331059436355,140.56033683517074,141.37475454509644,78140700,0.02048257520517205,0.020275628359784227
2022-07-15,147.35044860839844,148.02749575844047,145.41743557537487,146.9677717373696,76259900,0.011450402867282605,0.011385343173155486
2022-07-18,144.30865478515625,148.72416382298212,143.94559163866427,147.90974591488566,81420900,-0.020643261367504384,-0.02085931198570672
2022-07-19,148.16482543945312,148.39050276940443,144.1516228338136,145.1426536934173,82982400,0.026721686651697052,0.02637089777594284
2022-07-20,150.16651916503906,150.8337592919261,147.54665279809592,148.2825708215841,64823400,0.013509911813744946,0.013419466648721375
2022-07-21,152.4331512451172,152.64902171844827,149.0871738807754,151.59910487340264,65086600,0.01509412412754263,0.014981341324883572
2022-07-22,151.1968231201172,153.34570636779952,150.5295978961148,152.47241748797757,66675400,-0.008110624984797088,-0.008143695037532058
2022-07-25,150.07823181152344,152.1289867062053,149.42081342303993,151.11832702232695,53623900,-0.007398246110667861,-0.00742574886548551
2022-07-26,148.75357055664062,150.21558479499407,147.96858832963514,149.4011670445513,55138700,-0.008826471626787291,-0.00886565566909879
2022-07-27,153.8461151123047,154.37598449377768,149.3030578563077,149.71517016840275,78620700,0.03423477188888713,0.03366180243071866
2022-07-28,154.39561462402344,154.68016301876492,151.51081343985047,154.0325515340952,81378700,0.003571747725430896,0.003565384182668546
2022-07-29,159.4586944580078,160.55767543376024,156.50521583755506,158.21255085489784,101786900,0.03279289924337392,0.032266685278185
2022-08-01,158.47747802734375,160.51842568191043,157.8691239569894,157.9868660422736,67829400,-0.006153420696181966,-0.006172431015095607
2022-08-02,157.0056915283203,159.3606387818302,156.632836483376,157.094013092394,59907000,-0.009287038873558418,-0.009330432292282972
2022-08-03,163.01077270507812,163.46212742924678,157.73178199101062,157.82008857109244,82507500,0.03824753815166404,0.03753423237413432
2022-08-04,162.69676208496094,164.05085610462757,161.3426680652943,162.89300390623217,55474100,-0.0019263182114062083,-0.001928175948443831
2022-08-05,162.47079467773438,162.96208826310027,160.16170882927858,160.368058732092,56697000,-0.0013888869349997224,-0.0013898523324476326
2022-08-08,161.99911499023438,164.88792318870864,161.34078349494277,163.47299550022427,60276900,-0.002903166002453439,-0.0029073883629948797
2022-08-09,162.0482635498047,162.9326009401167,160.40734488370262,161.16394115258203,63135500,0.00030338782760197525,0.00030334181482124986
2022-08-10,166.29307556152344,166.39132529301642,163.99380994682684,164.76022682069504,70170500,0.02619473926305993,0.02585753308797206
2022-08-11,165.55612182617188,168.01258981282774,165.26134266915503,167.0987759253846,57149200,-0.00443165617607999,-0.004441505073032971
2022-08-12,169.10325622558594,169.1720295303759,166.4502588992338,166.8629587003345,68039400,0.02142557073871565,0.021199269907967475
2022-08-15,170.1742706298828,170.37078506094434,168.36631387517275,168.53335189122956,54091700,0.006333493678372104,0.006313521392490697
2022-08-16,170.0170135498047,170.68518045173758,168.67087426733767,169.7713668198312,56377100,-0.000924094338680348,-0.0009245215770797415
2022-08-17,171.51055908203125,173.08268924248625,169.56504107416526,169.76155547008622,79542000,0.008784682785814457,0.008746321954782171
2022-08-18,171.11753845214844,171.8544787813878,170.1054749327735,170.72450960712317,62290100,-0.0022915243935205387,-0.002294153953445449
2022-08-19,168.53334045410156,170.71468497495962,168.32699056998192,170.01704154998163,70346300,-0.015101888569823751,-0.015217083332761665
2022-08-22,164.65211486816406,166.90223255698254,164.22959465128477,166.73519456201245,69026800,-0.023029422994167215,-0.02329874304705387
2022-08-23,164.31800842285156,165.77224787707962,163.74810620318166,164.1706263803019,54147100,-0.002029165829907642,-0.0020312273761751943
2022-08-24,164.61279296875,165.18269520734955,163.3550828535949,164.40645810232692,53841500,0.0017939880645330142,0.0017923807899456828
2022-08-25,167.0692596435547,167.1773448089003,165.4185207470986,165.84102594330326,51218200,0.014922696046297146,0.014812448062572276
2022-08-26,160.7709197998047,168.0715508070674,160.71196696415674,167.59991312879245,78961000,-0.037698975007057656,-0.03842796147128719
2022-08-29,158.5699005126953,160.06342201093398,157.03706713692557,158.34389469961232,73314000,-0.013690406759195861,-0.013784984575722477
2022-08-30,156.1428985595703,159.72933499269527,154.9736176696823,159.30682979347176,77906200,-0.015305565213056926,-0.015423904428170852
2022-08-31,154.4823455810547,157.78383884788298,154.40373681361956,157.5185361319256,87991100,-0.010634828697522303,-0.010691782645122482
2022-09-01,155.2094268798828,155.66140843899765,151.97670771690994,153.91240502902684,74229900,0.004706565634366555,0.004695524385020465
2022-09-02,153.09686279296875,157.56763619543025,152.27149339367668,156.9682575855211,76957800,-0.013611055265019378,-0.013704534884407042
2022-09-06,151.8391571044922,154.3545772465812,151.01378768157298,153.74537814772464,73714800,-0.008215097720045028,-0.008249027587880986
2022-09-07,153.2443084716797,153.94193699739438,150.93522252185548,152.12415964759478,87449600,0.00925420948049993,0.009211651641892877
2022-09-08,151.77041625976562,153.63732582875608,150.0213973567108,151.94727474830393,84923800,-0.009617924649948373,-0.009664475610119232
2022-09-09,154.62969970703125,155.07187581808674,152.0553267593616,152.76279054534643,68028800,0.01883953090285906,0.01866426480627345
2022-09-12,160.58419799804688,161.39974706706778,156.52612358553827,156.81106723949068,104956000,0.03850811520876851,0.037785178659558216
2022-09-13,151.16119384765625,157.7445243311509,150.69937671737435,157.1156691952697,122656600,-0.05867952306555868,-0.060471626777928736
2022-09-14,152.6055908203125,154.3644300184662,150.9351958505273,152.0946413613245,87965400,0.009555342451925464,0.009509978914389351
2022-09-15,149.71678161621094,152.5368165999088,148.74403004784534,151.9570788549336,90481100,-0.018929904131120834,-0.01911136848435665
2022-09-16,148.07586669921875,148.71455728301882,145.78643705402317,148.57699569456918,162278800,-0.010960126842684659,-0.011020631531759546
2022-09-19,151.79005432128906,151.86866309017464,146.5037458032671,146.71008070263835,81474200,0.02508300444133016,0.024773589254434073
2022-09-20,154.16787719726562,155.32733752502483,150.41440307013318,150.72882307884146,107689800,0.015665208676607367,0.015543775833881297
2022-09-21,151.0432891845703,155.97588059110078,150.92538353116046,154.60024966459952,101696800,-0.020267438778424962,-0.02047564127328171
2022-09-22,150.08035278320312,151.7802241971407,148.28221666613402,149.72662084225365,86652500,-0.006375234587155387,-0.00639564318113165
2022-09-23,147.81056213378906,148.8324610577634,145.97312915554878,148.55733788432917,96029900,-0.015123836047299721,-0.01523936758913679
2022-09-26,148.1446533203125,151.09241446222893,147.03432515906897,147.05398109807987,93339400,0.002260265989794785,0.0022577154311933475
2022-09-27,149.1173858642578,152.02584974992726,147.33890593458156,150.08033184270485,84442700,0.006566099566496675,0.006544636635337931
2022-09-28,147.23080444335938,148.01687689227907,142.31787037896737,145.0691164536439,146691400,-0.012651652991126028,-0.012732366649588416
2022-09-29,139.9989776611328,144.16515152497595,138.2303182381293,143.55595244325275,128138200,-0.049118978936291136,-0.05036633355514546
2022-09-30,135.79351806640625,140.60820327947016,135.59700366840286,138.8198877735382,124925300,-0.030039216464179286,-0.03049963764651125
2022-10-03,139.9695281982422,140.57874239032802,135.29241903979042,135.8033685254817,114311700,0.030752647043092107,0.030289260676367086
2022-10-04,143.55599975585938,143.67390542522304,141.748027864766,142.50462422706246,87830100,0.025623231025952986,0.02530045808408539
2022-10-05,143.85073852539062,144.81368463210958,140.51976901629106,141.56132388640066,79471000,0.00205312749054376,0.002051022704734248
2022-10-06,142.89764404296875,144.9709035584296,142.69130913468942,143.2710319630231,68402200,-0.006625579348371935,-0.006647625934116097
2022-10-07,137.65060424804688,140.60820060654387,137.02174919053795,140.05793931227225,85925600,-0.03671886846044925,-0.03740997672529938
2022-10-10,137.97488403320312,139.41928832461434,136.15710682488464,137.97488403320312,74899000,0.0023558181014002866,0.002353047512419451
2022-10-11,136.55996704101562,138.8887089375452,135.8132061545904,137.46394548029593,77033700,-0.010254888069679446,-0.010307831699357341
2022-10-12,135.9310760498047,137.9159059012539,135.7542175942047,136.70732814205925,70433700,-0.004605236840911409,-0.004615873613225817
2022-10-13,140.50015258789062,141.0896959265644,132.03024051986287,132.63945479417762,113224000,0.033613185967952264,0.03306061128676165
2022-10-14,135.9704132080078,142.00349764686453,135.78371925254498,141.79714775053986,88598000,-0.032240102921235025,-0.032771262680507576
2022-10-17,139.9302215576172,140.41167960335844,137.82748592791265,138.61355854500806,85250900,0.029122573478920444,0.02870656878493817
2022-10-18,141.24688720703125,144.1455159806622,138.1615644966325,142.95659405664904,99136600,0.009409444469949069,0.009365451398926543
2022-10-19,141.35499572753906,142.42601218125702,139.03608932702545,139.22278329462767,61758300,0.0007653869238857247,0.0007650941646872812
2022-10-20,140.8931427001953,143.34961008460004,140.16602295690015,140.52959032509128,64522000,-0.003267327234999007,-0.0032726766038998966
2022-10-21,144.70559692382812,145.27549920361895,140.1660346242772,140.38220497154572,86548600,0.027059189330067568,0.026699562518472667
2022-10-24,146.84764099121094,147.61405773965313,143.45771845108737,144.62699951406933,75981900,0.014802772753222282,0.014694281054217852
2022-10-25,149.68731689453125,149.83471395703802,146.75921150175503,147.476495894735,74732300,0.019337565684764968,0.0191529709080661
2022-10-26,146.74940490722656,149.34343452593197,145.46220307585523,148.33137090531034,88194300,-0.01962699344377139,-0.019822160799604166
2022-10-27,142.2786407470703,146.45463667546065,141.6203090704716,145.49170534180345,109180200,-0.0304652966939295,-0.030939009884802457
2022-10-28,153.028076171875,154.7574235710954,145.24599038575582,145.61936318066134,164762400,0.07555199690102476,0.07283401528039002
2022-10-31,150.66990661621094,151.55424402730603,149.27463469355658,150.49304812984573,97943200,-0.015410045101890035,-0.01553001392609649
2022-11-01,148.0267333984375,152.74315424703352,146.5332118743015,152.3796018355527,80379300,-0.017542807831600893,-0.017698506499996346
2022-11-02,142.50462341308594,149.52029556888522,142.47514699591338,146.35636351890798,93604600,-0.037304815546310266,-0.0380184443363218
2022-11-03,136.46170043945312,140.31344004952294,136.33395931941936,139.58632020230726,97918500,-0.042405101174267545,-0.043330451793359745
2022-11-04,136.19595336914062,140.41823769444375,132.25908536615194,139.84739003185524,140814800,-0.0019474113942351545,-0.001949310065200447
2022-11-07,136.7274627685547,136.9538285379796,133.52875660778008,134.9460318941975,83374600,0.0039025344458911704,0.0038949393121084017
2022-11-08,137.29827880859375,139.19781051108808,135.32000793975288,138.19391993058036,89908500,0.00417484555392722,0.004166155065462782
2022-11-09,132.74134826660156,136.36327480735815,132.46576869499577,136.31406095143706,74917800,-0.03319000486775925,-0.033753291840257965
2022-11-10,144.5519256591797,144.5519256591797,137.29825219484707,139.0107949405163,118854000,0.08897436666725289,0.08523630525988142
2022-11-11,147.3373260498047,147.64243100836367,142.0914460655875,143.51857315763027,93979700,0.019269202938135388,0.01908590280282147
2022-11-14,145.93968200683594,147.9081158240503,145.10309162733654,146.6187940766482,73374100,-0.009486014714942703,-0.009531293523666542
2022-11-15,147.6719207763672,151.16589433590542,146.2152837355369,149.81752177217496,89868300,0.011869552857118881,0.011799662218095818
2022-11-16,146.441650390625,147.50460662223392,144.96532479416155,146.77629560614008,64218300,-0.008331105732722888,-0.008366003353096275
2022-11-17,148.34117126464844,149.0891706966127,143.84329285652703,144.11887238503795,80389400,0.01297117909390244,0.01288777381926326
2022-11-18,148.90219116210938,150.2899408094876,147.60303246304494,149.9060967599958,74829600,0.0037819567735517534,0.0037748231553997817
2022-11-21,145.67393493652344,147.9966873729924,145.3885186493538,147.79001023834212,58724100,-0.021680380929192222,-0.02191885347184851
2022-11-22,147.8096923828125,148.04590985414606,144.6109873377189,145.79205967642807,51804100,0.014661218887371374,0.01455478228344535
2022-11-23,148.68565368652344,149.43365312101446,146.98294764352303,147.09121210280074,58301400,0.005926277834624516,0.005908786521703857
2022-11-25,145.77236938476562,146.53022062215993,144.79798922240155,145.96920976620405,35195900,-0.01959358034568648,-0.019788079354601737
2022-11-28,141.9438018798828,144.32560563619245,141.1170630589414,142.84927987681326,69246000,-0.02626401368819986,-0.02661507336487051
2022-11-29,138.94189453125,142.5244433578434,138.13484450256723,142.012646377485,83763800,-0.021148562380857716,-0.02137539707890236
2022-11-30,145.69363403320312,146.3727461321645,138.33169544585772,139.16827084330671,111380900,0.04859397897755424,0.04745019917676831
2022-12-01,145.96922302246094,146.7762881829984,144.29605710134743,145.87081033178356,71250400,0.0018915650713675625,0.0018897783149804575
2022-12-02,145.47714233398438,145.66414600537885,143.351229571757,143.65634951969474,65447400,-0.003371126312022965,-0.0033768213610840397
2022-12-05,144.3157501220703,148.53803463745106,143.46932286260514,145.4377569527139,68826400,-0.00798333121809447,-0.00801536863087051
2022-12-06,140.6544647216797,144.97517704731527,139.68008441838234,144.74881132681773,64727200,-0.025369964105052323,-0.02569733035795213
2022-12-07,138.71554565429688,141.10718574311466,137.7903792762826,139.9458168978351,69721100,-0.013784980599225616,-0.013880875739255864
2022-12-08,140.39852905273438,141.25480793302907,138.8730049343077,140.11311277127444,62128300,0.01213262284698624,0.01205961252299827
2022-12-09,139.91629028320312,143.27247380855323,138.67616726979998,140.09344213199822,76097000,-0.0034347850564027116,-0.0034406974730637778
2022-12-12,142.2095184326172,142.21935519606154,138.8336463442299,140.44776160871248,70462700,0.01639000108402211,0.01625713483581138
2022-12-13,143.1740264892578,147.603002317918,141.96344396778542,147.1404191965991,93886200,0.006782303092444764,0.006759406743177799
2022-12-14,140.94972229003906,144.3452679150581,138.9320744491566,143.05594605605327,82291200,-0.015535668401318814,-0.01565761152506642
2022-12-15,134.34561157226562,139.5619643292127,133.88302841156911,138.88285224146853,98931900,-0.0468543719737442,-0.047987576901206204
2022-12-16,132.38702392578125,135.4774647205223,131.61933586337778,134.5326248058533,160156900,-0.014578724407613652,-0.014686038287018682
2022-12-19,130.28079223632812,133.0661279935264,129.24737645818792,132.97755207276447,79592600,-0.015909653582317218,-0.01603757067954068
2022-12-20,130.2119140625,131.14691722297425,127.83994745250584,129.31627297471567,77432800,-0.0005286901671827104,-0.0005288299731073317
2022-12-21,133.31219482421875,134.6507305969255,130.65481182459862,130.88117753836192,85928000,0.023809501488708973,0.02353047560846776
2022-12-22,130.1429901123047,132.43621717922085,128.24345879689446,132.2295400503929,77852100,-0.023772804251650625,-0.024059937129647074
2022-12-23,129.7788543701172,130.33001348787815,127.59389142616514,128.8536879861786,63814900,-0.0027979666202019304,-0.0028018882455652103
2022-12-27,127.97774505615234,129.33596942535033,126.68842309082302,129.30644411453827,69007800,-0.013878295680036179,-0.013975499623461755
2022-12-28,124.05071258544922,128.96195335269854,123.88339749624971,127.62341762114276,85438400,-0.030685276326599453,-0.031165927592338504
2022-12-29,127.56439208984376,128.4206562494189,125.71406645421771,125.9699575201466,75703700,0.028324541078103227,0.02793081864760394
2022-12-30,127.87932586669922,127.89901441454006,125.41879052423468,126.38332662595286,77034200,0.0024688219941004785,0.002465779459702865
2023-01-03,123.09603118896484,128.83401111884518,122.21023430585916,128.2238013285794,112117500,-0.03740475362468254,-0.03812226044308862
2023-01-04,124.36566162109376,126.62936374107429,123.10586505340991,124.88729543343348,89113600,0.01031414595471336,0.010261318090350193
2023-01-05,123.04682159423828,125.7534186864637,122.79093054834856,125.12352032753697,80962700,-0.010604535123799774,-0.010661163910171904
2023-01-06,127.57421875,128.2336424206293,122.91887596059404,124.02120184221346,87754700,0.036794100791090356,0.03613335677627787
2023-01-09,128.09584045410156,131.30439758356596,127.83994943275364,128.41079711233908,70790800,0.004088770515018769,0.004080434208626622
2023-01-10,128.66668701171875,129.18832083166097,126.09787998496417,128.20410381019116,63896200,0.0044564019845885205,0.004446501627680605
2023-01-11,131.3831329345703,131.4028064616691,128.40095662151043,129.1784814447806,69458900,0.021112270673481648,0.02089249461956012
2023-01-12,131.30438232421875,132.14095769176564,129.36547379890666,131.76696547602162,71379600,-0.0005993966545978502,-0.000599576364587921
2023-01-13,132.633056640625,132.7905349401524,129.5819934315568,129.9461488585014,57809700,0.010119040148450331,0.010068185441162432
2023-01-17,133.79446411132812,135.12314807764807,132.01303370787318,132.7019826183309,63646600,0.008756546068677373,0.008718429868378681
2023-01-18,133.0760040283203,136.42233624485746,132.898837136548,134.6605941996835,69672800,-0.005369878998954691,-0.005384348622518163
2023-01-19,133.13504028320312,134.0995687562006,131.65871475561192,131.96381962844052,58280400,0.00044362810045184276,0.0004435297265992824
2023-01-20,135.69400024414062,135.84164181281548,132.10161400912494,133.14488168206822,80223600,0.019220784817386205,0.019038398894488225
2023-01-23,138.8828582763672,141.0579844042408,135.72351517113088,135.94004410758745,81760300,0.023500361301820094,0.023228479125319845
2023-01-24,140.2804718017578,140.90053342355856,138.0856717213938,138.0955084866108,66435100,0.010063254333443128,0.010012956945027443
2023-01-25,139.62103271484375,140.18202862963406,136.61916767862735,138.6663409653264,65799300,-0.004700861627026542,-0.004711945426290688
2023-01-26,141.68788146972656,141.9732977828438,139.6603818984353,140.9103416541343,54105100,0.014803276517113773,0.014694777469659333
2023-01-27,143.62677001953125,144.9062550377642,140.82176076743906,140.90049992434123,70555800,0.01368422288266724,0.013591439393086085
2023-01-30,140.74302673339844,143.2527830109075,140.59540019505755,142.67209860282117,64015300,-0.020078034796303434,-0.02028233783111141
2023-01-31,142.01266479492188,142.06187864867766,140.03439402480078,140.4477633640219,65874500,0.009020966018646437,0.00898052016316955
2023-02-01,143.1346893310547,144.29607334830789,139.08957136310852,141.69774073810188,77663600,0.007900876571488302,0.007869828079168565
2023-02-02,148.4396209716797,148.79392468833726,145.83143680858885,146.54991104174482,118339000,0.037062515490953185,0.0363922123782074
2023-02-03,152.0615234375,154.8960731461596,145.4967979818679,145.69363837431163,154357300,0.024399836392140273,0.024106915632306932
2023-02-06,149.33523559570312,150.68362304726807,148.40023248441526,150.16198925829823,69858300,-0.017928847351824873,-0.018091516380674747
2023-02-07,152.20916748046875,152.7800151967711,148.26246234257331,148.26246234257331,83322600,0.019244834437776248,0.019061994701220494
2023-02-08,149.52224731445312,152.14026818212696,148.78408455222657,151.45131927430748,64120100,-0.017652814285055496,-0.017810483503720307
2023-02-09,148.48883056640625,151.89422837459855,148.0459358705389,151.3529059605557,56007100,-0.006911458104783219,-0.006935452854400962
2023-02-10,148.853515625,149.17880490718028,147.08908410868764,147.32566223415182,57450700,0.002455976366725121,0.0024529653856926723
2023-02-13,151.65301513671875,152.05714887131725,148.76484796074135,148.7944183549585,62199000,0.0188070768766484,0.01863241038550245
2023-02-14,151.0122833251953,151.57415087909246,148.70570240485208,149.94770404483108,61707600,-0.0042249856420315535,-0.004233936113173472
2023-02-15,153.11184692382812,153.27941747242824,150.69683660205456,150.92354792770303,65573800,0.01390326371075079,0.013807499938324181
2023-02-16,151.51498413085938,154.09756497312395,151.16012443154224,151.3178281549916,68167900,-0.01042938756896572,-0.010484154756452918
2023-02-17,150.37156677246094,150.8151376986906,148.69584602843153,150.17442580979125,59144100,-0.007546562902391862,-0.007575182284438721
2023-02-21,146.35968017578125,149.1394173925265,146.29068760704538,148.05511953332274,58867200,-0.026679821742832455,-0.027042187968465786
2023-02-22,146.78350830078125,147.80865006019064,145.0584990118873,146.74407109413818,51011300,0.0028957983817057276,0.0028916136344150642
2023-02-23,147.26654052734375,148.19311959888688,145.13739706863274,147.946689634791,48394200,0.003290779953104117,0.003285377186387102
2023-02-24,144.6149444580078,145.0880857046954,143.6390765358812,145.0092263234326,55469600,-0.018005421053831294,-0.018169491064325544
2023-02-27,145.80763244628906,147.03978187039664,145.3443430595537,145.60063976593543,44998500,0.008247335659196553,0.008213512227999271
2023-02-28,145.30496215820312,146.95111245136155,144.73324285815977,144.9501024216552,50547000,-0.0034474895425732344,-0.0034534458280744067
2023-03-01,143.23495483398438,145.12753521820275,142.93923585875515,144.7332532784917,55479000,-0.014245950678305142,-0.014348398374156657
2023-03-02,143.82635498046875,144.61493369350907,141.8450488958328,142.31820514818978,52238100,0.004128881439379395,0.0041203809985842985
2023-03-03,148.87327575683594,148.9521351539883,145.22611512366896,145.92596783194648,70732300,0.035090375314402955,0.0344887420495885
2023-03-06,151.6332244873047,154.06795272708024,151.2685131046362,151.5937872864899,87558000,0.018538913155754955,0.018369162293372734
2023-03-07,149.43511962890625,151.83041139396585,148.9718301446463,151.50512207262017,56182000,-0.01449619544681302,-0.014602291865929179
2023-03-08,150.6869659423828,151.27840377958802,149.6618240709013,150.6278251668401,47204800,0.008377189489226389,0.008342295577194878
2023-03-09,148.43954467773438,152.33313497413033,148.08468493947933,151.3671337581158,53833600,-0.014914503391804779,-0.015026842989827333
2023-03-10,146.37936401367188,148.7845223003039,145.50207415084836,148.06495118697146,68572400,-0.013878920664538552,-0.013976133403955265
2023-03-13,148.32125854492188,150.9531285889032,145.59081050522525,145.69924028415588,84457100,0.013266176857201106,0.013178951715590678
2023-03-14,150.4109649658203,151.2093955139033,147.95653254628945,149.11967456920323,73695900,0.014089055347824786,0.013990727099342256
2023-03-15,150.8052520751953,151.0615337650689,147.77908558210245,149.03095372752588,77167900,0.0026213987089611646,0.002617968836100781
2023-03-16,153.62442016601562,154.225709780364,149.47453364061312,149.98711209240733,76161100,0.018694097533251686,0.018521510480332848
2023-03-17,152.78656005859375,154.50171782493953,152.07684064085686,153.8511391851991,98944600,-0.005453951308759586,-0.005468878400358765
2023-03-20,155.1522674560547,155.5662829465371,151.94867858194203,152.85555389921095,73641400,0.015483740170298299,0.01536509026097447
2023-03-21,157.00543212890625,157.1237136794573,154.30455474450915,155.07342994575768,73938300,0.011944167515157034,0.011873398903760974
2023-03-22,155.57614135742188,159.82459083880553,155.55642275206148,157.02515051318744,75701800,-0.009103447900521533,-0.009145137487896108
2023-03-23,156.66043090820312,159.24302685232914,155.4282812343858,156.56186795883147,67622100,0.006969510500264953,0.006945335721213579
2023-03-24,157.96160888671875,158.0503200650471,155.5958872192805,156.5914588714899,59196500,0.008305721942499122,0.008271419242246964
2023-03-27,156.0197296142578,158.47417734472043,155.61558088418133,157.6560281012329,52390300,-0.012293362204569225,-0.012369550633585077
2023-03-28,155.3987274169922,156.226743517172,153.7525770821358,155.71416498675424,45992200,-0.00398027992229566,-0.003988222318738318
2023-03-29,158.4741973876953,158.75019776487642,157.07447689173614,157.09418046089732,51305700,0.019790831120839902,0.01959753873837075
2023-03-30,160.0414581298828,160.1498879032855,158.96702721945866,159.22330893800608,49501700,0.00988969035983378,0.009841107422995288
2023-03-31,162.5452117919922,162.64378980216873,159.59791880296052,160.12034916693244,68749800,0.01564440671414924,0.015523294502723068
2023-04-03,163.7970428466797,163.91532439911353,161.87489241518372,161.92418140899423,56976200,0.007701432979086764,0.007671928332668541
2023-04-04,163.26475524902344,164.45746763773894,162.75217680448466,164.22090454094308,46278300,-0.003249677701168796,-0.0032549693710071407
2023-04-05,161.4214630126953,162.69304993016723,159.48946069965243,162.38747921010668,51511700,-0.011290203041780855,-0.011354421199024715
2023-04-06,162.30862426757812,162.60434321282244,159.686606015777,160.1104583059446,45390100,0.00549593119976266,0.0054808836781384054
2023-04-10,159.71617126464844,159.71617126464844,157.7940207437735,159.11488161033475,47716900,-0.01597236754749287,-0.016101300563490913
2023-04-11,158.50372314453125,160.04144339602837,158.21785602238293,160.03159161422226,47644200,-0.007591267124154699,-0.007620227449233205
2023-04-12,157.81373596191406,159.7457382241708,157.49829842634344,158.9177372546322,50133100,-0.004353129181628224,-0.004362631635430614
2023-04-13,163.19573974609375,163.43231787231758,159.11486107428212,159.32186881483895,68445600,0.03410351926196431,0.033534886415422176
2023-04-14,162.85076904296875,163.94491858408577,161.48061917083933,162.23961256067847,49386500,-0.0021138462539630476,-0.0021160835804212037
2023-04-17,162.87046813964844,163.02818690758198,161.68760746192598,162.73246797792896,41516200,0.0001209640998041106,0.00012095678423733124
2023-04-18,164.0927734375,165.01935243982652,163.2844759960185,163.72806193096773,49923000,0.007504769353297025,0.0074767486769226925
2023-04-19,165.2362060546875,165.7586363174907,163.17604035173306,163.43233711220313,47720200,0.006968208247287722,0.006944042480647986
2023-04-20,164.2701873779297,165.47276665465435,163.1957564794937,163.71818673436218,52456400,-0.005846289380658454,-0.005863445830813852
2023-04-21,162.6634979248047,164.07307012591417,162.141067594516,162.6930683177726,58337300,-0.009780773241760299,-0.009828919198039278
2023-04-24,162.96905517578125,163.23520373133107,161.54961626736943,162.643765839196,41949600,0.0018784623156069546,0.0018767002116235755
2023-04-25,161.43130493164062,163.93502612600452,161.39186772429704,162.8310249745858,48714100,-0.00943584193012581,-0.009480641523899736
2023-04-26,161.4214630126953,162.91976126426218,160.47518046288778,160.73146218660858,45498800,-6.0966607124179895e-05,-6.096846566331161e-05
2023-04-27,166.0050811767578,166.15293313578908,162.8310621018307,162.8310621018307,64902300,0.028395345194597965,0.027999670139725236
2023-04-28,167.2569122314453,167.42449781718415,165.48262879614657,166.08391841749662,55275900,0.007540920108069393,0.0075126295057945285
2023-05-01,167.168212890625,168.01593249804148,166.2317821133474,166.86264216717663,52472900,-0.0005303179380566903,-0.0005304586063492136
2023-05-02,166.13320922851562,167.91737470896658,165.1474894240389,167.66107793363267,48425700,-0.006191390361913851,-0.006210636500581967
2023-05-03,165.05877685546875,168.4792257513459,164.77292473257992,167.07950544573387,65136000,-0.0064672943960830676,-0.006488297950908337
2023-05-04,163.42247009277344,164.65461977543495,161.96360907995128,162.535328337613,81235400,-0.009913479270042824,-0.009962944995469293
2023-05-05,171.09136962890625,171.81094077356033,168.32148473339686,168.5383442631647,113453200,0.046926836510176706,0.04585905027785126
2023-05-08,171.0223846435547,171.36739258858665,169.65223472844943,170.0169462399646,55962800,-0.00040320552404948806,-0.00040328683325374816
2023-05-09,169.3170928955078,171.06180609803263,169.14952233576255,170.57881302608763,45326900,-0.009971161094502579,-0.010021206070204545
2023-05-10,171.08152770996094,171.54481722364216,169.4452292165715,170.54924563088602,53724500,0.01042089008427527,0.010366966904031806
2023-05-11,171.268798828125,172.09679977091955,169.71135988855104,171.3673768150292,49514700,0.001094630850395184,0.0010940321788889035
2023-05-12,170.34097290039062,171.81171738299747,168.79124488441096,171.3773983196224,45533100,-0.005417366934799883,-0.005432094079364989
2023-05-15,169.84742736816406,170.97270170588305,169.25517137496644,170.92334452950067,37266700,-0.0028973976361821308,-0.0029016032181732074
2023-05-16,169.84742736816406,170.9035986466086,169.58091066505557,169.76845889829133,42110300,0.0,0.0
2023-05-17,170.45938110351562,170.6962714054677,168.21869827349877,169.49204389326178,57951600,0.0036029614627313133,0.003596486345484815
2023-05-18,172.78892517089844,172.97647339745131,170.35082834910114,170.7654015048888,65496700,0.013666270828286864,0.013573729525516038
2023-05-19,172.89749145507812,174.11159953538055,172.68033195301507,174.11159953538055,55809500,0.0006283173766623573,0.0006281200679434545
2023-05-22,171.94989013671875,172.45331220735133,171.2095777379714,171.73273062815065,43570900,-0.005480711781209235,-0.005495785985499066
2023-05-23,169.343994140625,171.140492823502,169.06761204505847,170.89372201948223,50747300,-0.01515497331240967,-0.015270983500323104
2023-05-24,169.62037658691406,170.19288666082696,168.317434571077,168.88006417332414,45143500,0.0016320770493907233,0.0016307466589795512
2023-05-25,170.75555419921875,171.6537886011476,169.47234283142473,170.1830440486123,56058300,0.006692460158069569,0.006670165063992527
2023-05-26,173.16400146484375,173.49962120538788,170.87397623432938,171.08127033696854,54835000,0.014104649637429079,0.014006104614385588
2023-05-30,175.00985717773438,176.67803022234617,174.28929064745816,174.6742524991613,55964400,0.01065958107502718,0.010603168277770015
2023-05-31,174.96051025390625,177.03339115324283,174.47683402760893,175.03947872320146,99625300,-0.00028196653962186957,-0.0002820062996607788
2023-06-01,177.7637939453125,177.79340523372372,174.64460769798924,175.40466591116137,68901800,0.016022379492024008,0.015895375972776793
2023-06-02,178.61270141601562,179.43198227661338,176.94452840385708,178.69166987914852,61996900,0.004775480157473977,0.004764113724525893
2023-06-05,177.26039123535156,182.5610228518948,175.7402747725204,180.2709978101985,121946500,-0.007571187098919352,-0.007599994029849582
2023-06-06,176.89517211914062,177.79340630920336,175.13815031318512,177.64534986625156,64848400,-0.0020603537748375977,-0.002062479223629112
2023-06-07,175.52316284179688,178.86937468745242,175.02962118278165,176.13514967923302,61944600,-0.007756058353134088,-0.007786293009694794
2023-06-08,178.23760986328125,178.50411146672758,175.16778069465795,175.6020846245424,50214900,0.0154648935077073,0.015346530793463558
2023-06-09,178.62258911132812,179.87617397731293,178.2968498358667,179.1556074319137,48900000,0.0021599215134346927,0.0021575922363966404
2023-06-12,181.41603088378903,181.51474523727245,178.63246384356634,178.92859184232086,54274900,0.015638793426736575,0.015517767663912715
2023-06-13,180.94224548339844,181.77139187803076,180.08348779336475,180.43883839987808,54929100,-0.0026115961091337514,-0.0026150122753128093
2023-06-14,181.57395935058597,182.00827838693,179.66889592317074,181.00144926283195,57462900,0.003491245869641224,0.003485165618438387
2023-06-15,183.6073455810547,184.1107676661695,181.4061542027307,181.5838370156226,65433200,0.011198666580501282,0.011136425758974638
2023-06-16,182.5314483642578,184.57471809579368,181.8898502216663,184.31806678939995,101256200,-0.005859772186085577,-0.005877008016129323
2023-06-20,182.6202392578125,183.69617128575536,182.0279984336963,182.0279984336963,49799100,0.00048644162061051155,0.00048632334623954386
2023-06-21,181.58383178710935,183.015099412311,180.23151756348105,182.5116773416917,49515700,-0.0056752059624674,-0.005691371133287545
2023-06-22,184.5845489501953,184.6339061200073,181.29756025506936,181.3666633051449,51245300,0.016525244200177758,0.01639018820994382
2023-06-23,184.2686462402344,185.1372840954023,182.6202194463161,183.1532526980569,53117000,-0.0017114255324054417,-0.0017128916941384694
2023-06-26,182.8769073486328,185.6209974197008,182.83741558637175,184.4167547195407,48088700,-0.007552771022082405,-0.007581437629904282
2023-06-27,185.6308441162109,185.9565833444032,183.27171612569057,183.48887561115208,50730800,0.015058964018502596,0.014946703435505823
2023-06-28,186.80552673339844,187.4471248956508,185.1768452066367,185.5025694626316,51216800,0.006328057294466394,0.006308119208598332
2023-06-29,187.1410980224609,187.61490879718235,186.49949997485515,186.6376910187253,46347300,0.001796367029019308,0.0017947554914212083
2023-06-30,191.4645233154297,191.96793030893548,188.7895213028153,189.1547523169529,85213200,0.023102489718479058,0.0228396674043208
2023-07-03,189.9740295410156,191.37568580561535,189.28305928715224,191.27697146600815,31458200,-0.007784699476458989,-0.007815158428261481
2023-07-05,188.85862731933597,190.4873085475444,188.15779163185772,189.09553270560195,46920300,-0.005871340542570436,-0.005888644627816051
2023-07-06,189.33245849609372,189.5397526306188,186.7561703019228,187.3879030552748,45094300,0.002508919944422594,0.0025057778591750634
2023-07-07,188.21701049804688,190.1813114167851,187.7827065576724,188.9375920522482,46815000,-0.005891477916185495,-0.005908901138259274
2023-07-10,186.17376708984372,187.5359467558433,184.6240392018072,186.8153651594175,59922200,-0.010855785047251931,-0.01091513902865365
2023-07-11,185.650634765625,186.85487763479415,184.1897556525184,186.71668657087457,46638100,-0.002809914266633906,-0.002813869486683864
2023-07-12,187.31878662109372,189.22385000348103,186.03557542450565,187.22993768452707,60750200,0.008985435776046158,0.008945306952178394
2023-07-13,188.07882690429688,188.72044002337208,187.32864909209997,188.0393502033157,41342300,0.0040574696052273485,0.004049260274011102
2023-07-14,188.22686767578125,188.7105287268448,187.1805620612046,187.77280284934832,41616200,0.0007871208786287553,0.00078681126145008
2023-07-17,191.48426818847656,191.81000743962883,189.33241906132668,189.421252931179,50520200,0.01730571492219779,0.01715767653716194
2023-07-18,191.22764587402344,191.8199018860801,189.9345691447857,190.8525644573039,48288200,-0.001340174401170846,-0.0013410732380388151
2023-07-19,192.57992553710935,195.6694855056854,190.1615598085878,190.60575926840173,80507300,0.00707156989202673,0.007046683596232351
2023-07-20,190.63540649414065,193.93226116956544,190.01353918252772,192.57008136763105,59581200,-0.01009720529045477,-0.01014852783625192
2023-07-21,189.4607696533203,192.4516308259383,188.75993388819955,191.5928731808388,71951700,-0.006161692953173703,-0.006180754524569961
2023-07-24,190.26026916503903,192.392372294224,189.76672761078476,190.91174763146105,45377800,0.004219868383210201,0.004210989707755047
2023-07-25,191.1190643310547,191.9284798692301,190.42810903120733,190.83281680029503,37283200,0.004513791396304034,0.004503634791647108
2023-07-26,191.98768615722656,193.11296042478057,190.8229351880455,191.1684052777898,47471900,0.004544925066539918,0.0045346280821699355
2023-07-27,190.72422790527344,194.6528150463848,190.06288393124004,193.48806403406496,47460200,-0.00658093379446445,-0.006602683614533982
2023-07-28,193.30050659179688,194.09017617119656,191.63233355900985,192.15548645475204,48291400,0.01350787319900948,0.013417455206344756
2023-07-31,193.91249084472656,193.95198260711592,192.7378594315981,193.52752900074864,38824100,0.0031659733526827605,0.0031609722119198542
2023-08-01,193.08335876464844,194.1888872056883,192.7576194786216,193.70522604358104,35175100,-0.0042758054237055365,-0.004284972821053673
2023-08-02,190.0924835205078,192.65889079076132,189.3719170053564,192.52069974591456,50389300,-0.015490072594947168,-0.015611297251356345
2023-08-03,188.70068359375,189.8851803589987,188.22688789998924,189.09552588996192,61235200,-0.007321698896146311,-0.007348634088286234
2023-08-04,179.6392822265625,184.95966022717985,179.57017917093492,183.12368481919472,115956800,-0.0480199710706698,-0.049211222426222834
2023-08-07,176.53982543945312,180.7645400695484,175.05920073091434,179.7774569305225,97576100,-0.017253780735999147,-0.017404361786014812
2023-08-08,177.47760009765625,177.94153050520663,175.286273722924,177.36902032010835,67823000,0.005311972275200638,0.005297913514994198
2023-08-09,175.88832092285156,178.59291868404023,174.72355515909632,178.53369611433408,60378500,-0.008954815559429452,-0.008995150897846102
2023-08-10,175.67120361328125,178.41529378720278,175.30598763799586,177.16169386807627,54686900,-0.0012344043563048412,-0.001235166860919543
2023-08-11,175.73049926757812,176.5508864753638,174.5048729038775,175.2659575562626,52036700,0.0003375377015542025,0.00033748074851972106
2023-08-14,177.3811798095703,177.60851131506328,175.25607590732963,175.90843422608452,43675600,0.00939325016927639,0.009349407928491291
2023-08-15,175.3944549560547,177.40093867304276,174.99909450146933,176.80789799116474,43622600,-0.011200313672783624,-0.011263509504472637
2023-08-16,174.524658203125,176.47182426987777,174.4554618287455,175.0781688700227,46964900,-0.004959089232026259,-0.0049714263190758674
2023-08-17,171.98440551757812,175.4537406821077,171.47042491030345,175.08803154260252,66062900,-0.01455526520837147,-0.01466223230617606
2023-08-18,172.46876525878906,173.07169980381985,169.968073231539,170.30413115315332,61172200,0.002816300348588374,0.0028123420049431078
2023-08-21,173.8031005859375,174.08974972921308,171.7274356199635,173.04203097276417,46311900,0.007736678146598175,0.00770690352473268
2023-08-22,175.17698669433594,175.62177093693052,174.2083431088137,175.00895776189057,42038900,0.007904842340364926,0.00787376275287191
2023-08-23,179.02194213867188,179.44696895877536,176.2642675025049,176.45206899868776,52722800,0.02194897581521338,0.02171156471836096
2023-08-24,174.33685302734375,179.00217866700072,173.9711287799832,178.57715186115848,54945800,-0.026170474162876767,-0.026519015466112784
2023-08-25,176.54100036621094,177.0747384245456,173.78332608108835,175.3252527852027,51449600,0.012643037318801786,0.012563781446666042
2023-08-28,178.10272216796875,178.49808262553688,176.48172016068384,178.00387451255935,43820700,0.008846227213611835,0.008807328581426768
2023-08-29,181.98716735839844,182.7581307092116,177.4206898063463,177.61837000977968,53003900,0.021810139357478553,0.021575700900636378
2023-08-30,185.47630310058597,185.6739984160231,182.60002327821,182.7977035116121,60813900,0.01917242733558333,0.01899095222764923
2023-08-31,185.69374084472656,186.9292610559829,185.30825914209595,185.66408956621916,60794500,0.0011723208868503754,0.0011716342553021134
2023-09-01,187.26531982421875,187.7199827815663,186.09898099052413,187.29497110047916,45766500,0.008463284612303168,0.008427671812186819
2023-09-05,187.5025177001953,187.77927298177536,185.43673181910435,186.09896874874457,45280000,0.0012666407010075709,0.0012658391884224293
2023-09-06,180.7912139892578,186.66240873519865,179.36789222272253,186.21760937163043,81755800,-0.035793139170901433,-0.03644942146955589
2023-09-07,175.503173828125,176.1456533918577,171.52973657694065,173.15073850258275,112488800,-0.029249431122504777,-0.029685724351994625
2023-09-08,176.115966796875,178.15211655476327,175.7304851357375,176.2840107997074,65551300,0.003491634683200129,0.0034855530792011788
2023-09-11,177.28231811523438,178.21143169284028,175.28571330476424,177.98410020535158,58953100,0.006622632459580391,0.006600799172112793
2023-09-12,174.25778198242188,178.04341790139725,172.79493020499618,177.4108321261293,90370200,-0.017060562863615902,-0.017207770970615203
2023-09-13,172.1919708251953,175.24617287306006,171.96462426919445,174.46531572894506,84267900,-0.011854914791896931,-0.011925744638667277
2023-09-14,173.7042694091797,174.06009984649242,171.5692867853032,171.98441978182902,60895800,0.008782631250092487,0.00874428828214315
2023-09-15,172.9827117919922,174.45545734300367,171.80650919609533,174.43568479625586,109259500,-0.00415394290331339,-0.00416259449124897
2023-09-18,175.90843200683594,177.3021024660386,174.12927983360214,174.4356864419302,67257600,0.016913367726376416,0.016771929294858354
2023-09-19,176.99566650390625,177.54917706999674,175.07813698421282,175.46361863431386,51826900,0.00618068437462993,0.006161662284413583
2023-09-20,173.4571533203125,177.61837681135137,173.36818440563272,177.18347129792434,58436200,-0.01999208937420882,-0.02019463528296455
2023-09-21,171.91519165039062,174.25774788080986,171.84601037143327,172.52801984046553,63149100,-0.00888958247270688,-0.008929330548846901
2023-09-22,172.7652587890625,175.02874030453424,172.03384046276338,172.64665367280514,56725400,0.0049446888928850186,0.004932504069029254
2023-09-25,174.04029846191406,174.91998813589507,172.13264765845275,172.18207147695253,46172700,0.007380185587012811,0.007353085272580411
2023-09-26,169.9680633544922,173.17052232124786,169.6715354659317,172.79493440563715,64588900,-0.023398231004028158,-0.023676315973899634
2023-09-27,168.4557647705078,171.03553164114703,167.0917606780329,170.62039864934732,66921800,-0.008897545539659824,-0.008937365071339937
2023-09-28,168.71275329589844,170.03722730338785,165.67830850769053,167.37838547451082,56294400,0.001525554947559904,0.001524392470742218
2023-09-29,169.22671508789062,171.06516950648842,168.3667828862352,170.027329658855,51861100,0.00304637190699375,0.003041741118448322
2023-10-02,171.73728942871094,172.28092127496365,168.94994891630552,169.2365980179806,52164500,0.014835567419224649,0.014726596827285516
2023-10-03,170.40292358398438,171.61868620307462,168.84123947337378,170.26454593815689,49594600,-0.007769808462479877,-0.007800150695331588
2023-10-04,171.6483612060547,172.19199313339385,168.98951921036945,169.10812432832188,53020300,0.007308780834716755,0.007282201127666692
2023-10-05,172.88388061523438,173.41761872545223,170.67970163713667,171.77684421895017,48527900,0.007197967988150644,0.007172186260014719
2023-10-06,175.4340057373047,175.92821386257307,171.17391902858174,171.78674735969838,57266700,0.014750508335394263,0.014642777683178943
2023-10-09,176.91661071777344,176.9759132731787,173.76356081110382,174.76185568517045,42390800,0.008451069530321265,0.008415559168973226
2023-10-10,176.3235626220703,177.63815795783916,175.8886570875863,176.03692856454262,43698000,-0.0033521334898800603,-0.0033577644767483583
2023-10-11,177.71722412109375,177.76664794425923,175.54271164011269,176.13575227199846,47551100,0.007904000340615891,0.007872927356448196
2023-10-12,178.61669921875,180.2278073787141,176.96603088257305,177.98411345020415,56743100,0.005061271365815134,0.005048506185804911
2023-10-13,176.77822875976562,179.82253713140665,176.07644667980117,179.31845034069394,51427100,-0.010292825178304432,-0.010346162614311477
2023-10-16,176.64968872070312,177.00551904368604,174.46528297199683,174.70250821466192,52517000,-0.0007271259586901779,-0.000727390442986782
2023-10-17,175.097900390625,176.35319301979084,172.7751316803463,174.60369235668924,57549400,-0.008784551738053814,-0.008823363375069917
2023-10-18,173.8031005859375,175.5229501994882,173.08156098457755,173.5461178040648,54764400,-0.0073947191930853196,-0.007422195666730011
2023-10-19,173.42750549316406,175.77992569036093,173.16062890788183,174.0007735918687,59302900,-0.0021610379303200755,-0.0021633763423269782
2023-10-20,170.8773956298828,173.3879661145723,170.64017031492207,173.27923973046956,64244000,-0.01470418349171132,-0.014813361569259486
2023-10-23,170.99598693847656,171.99428177951037,167.96154224302492,168.93020088937016,55980100,0.0006940140219049429,0.0006937733055408917
2023-10-24,171.430908203125,171.6582397062376,169.46395453488128,171.04542648826694,43816600,0.0025434588988624274,0.002540229781536488
2023-10-25,169.11801147460938,171.0552987076063,168.67321213575732,169.88897487497013,57157000,-0.013491713674964156,-0.013583553833471446
2023-10-26,164.95675659179688,169.39475015606334,163.75088778515044,168.39644027726376,70625300,-0.024605628025831217,-0.024913405689851058
2023-10-27,166.2713623046875,167.00279566914165,164.89746448966903,164.97653958977486,58499100,0.00796939598020674,0.007937808057521131
2023-10-30,168.3173828125,169.18719386762373,166.91383366211736,167.06210513671374,51131000,0.012305309101053874,0.012230214201381463
2023-10-31,168.7918243408203,168.92030818010912,165.9550598323106,167.38827526603964,44846000,0.00281873161519397,0.002814766440662319
2023-11-01,171.9547576904297,172.2117404582064,168.14934950515965,169.01916053768616,56934900,0.018738664398951332,0.0185652585406757
2023-11-02,175.5130615234375,175.7206204672586,173.42750286114074,173.4868054165182,77334800,0.020693256068051502,0.020482059241827538
2023-11-03,174.60369873046875,174.77174274032964,171.34193765305042,172.22162738228718,79829200,-0.005181168769295974,-0.00519463756708947
2023-11-06,177.15383911132812,177.3515193436343,174.1688329148246,174.33686186638658,63841300,0.014605305611514963,0.014499675401036822
2023-11-07,179.71383666992188,180.32664987384885,176.89684453064555,177.10440348202485,70530000,0.014450703249986985,0.01434728693945472
2023-11-08,180.77142333984372,181.32493395317235,179.4864793691692,180.23768527185777,49340300,0.005884837191831194,0.0058675891722214345
2023-11-09,180.29698181152344,181.9871648721256,179.7039261272927,180.84061367506283,53763500,-0.0026245383233407527,-0.002627988462049078
2023-11-10,184.4834899902344,184.65175539538808,181.6430032262288,182.07848170612576,66133400,0.023220068004728978,0.022954584073675347
2023-11-13,182.89993286132807,184.1172820619318,182.31600272709323,183.9094496896321,43627500,-0.008583733584995423,-0.008620786010591644
2023-11-14,185.51280212402344,186.175911578356,184.3845238566377,185.77012344749636,60108400,0.01428578579455464,0.014184705493627535
2023-11-15,186.0769500732422,187.55163591900055,185.84931907084464,185.91860660743325,53790500,0.0030410189634328955,0.0030364044181777077
2023-11-16,187.7594757080078,188.9966236513369,186.7103615664657,187.6209157424311,54412900,0.009042095939896688,0.00900146095699243
2023-11-17,187.7396545410156,188.42256253993392,186.63117494967105,188.2938943366879,50922700,-0.00010556679985107564,-0.00010557237241787986
2023-11-20,189.4815826416016,189.93685974559065,187.92773262314063,187.9376243703497,46505100,0.009278423915526135,0.009235643758370703
2023-11-21,188.67990112304688,189.55085808280583,187.78916067013205,189.441988462836,38134500,-0.004230920532635962,-0.004239896202757054
2023-11-22,189.3430328369141,190.9463718813115,188.8679722130009,189.52119000957208,39617700,0.0035145858669638486,0.0035084241431069287
2023-11-24,188.0167694091797,188.9372000948196,187.3041710904062,188.90750975669584,24048300,-0.007004553628739751,-0.007029200676320589
2023-11-27,187.8386383056641,188.70959528304604,186.957789581504,187.9673065232965,40552600,-0.0009474213607401083,-0.000947870448029835
2023-11-28,188.44235229492188,189.1153685705385,187.4526340263521,187.8287318010173,38415400,0.003214003224807138,0.0032088493565228244
2023-11-29,187.42295837402344,190.11499348364924,187.02707707633283,188.93722623545,43014200,-0.005409579685691002,-0.005424264444737985
2023-11-30,187.99700927734372,188.36321535895863,186.2551103094808,187.88813964798328,48794400,0.003062863313547215,0.003058182303468861
2023-12-01,189.27374267578125,189.5904446947665,187.28439912721964,188.3730953528953,45704800,0.006791243133841718,0.006768286519547296
2023-12-04,187.4823303222656,188.09596593756663,185.52269231677565,188.02667840765253,43389500,-0.009464663868269718,-0.009509738435216204
2023-12-05,191.4313201904297,192.40123993854132,188.22462732075607,188.25433276481263,66628400,0.02106326426269689,0.020844500301779107
2023-12-06,190.34263610839844,192.7575361433548,190.1347886146608,192.45072587794945,41089700,-0.005687073990547908,-0.005703306970530307
2023-12-07,192.2725830078125,192.99507315570867,191.5995666945876,191.63916388460837,47477700,0.010139330519279843,0.01008827234799058
2023-12-08,193.6977996826172,193.97491963358075,191.678765637706,192.203315195023,53406400,0.007412479993295751,0.007385142572408236
2023-12-11,191.1937561035156,191.50058143348204,189.45185749474888,191.1244836819693,60943700,-0.012927578853268229,-0.013011867218452718
2023-12-12,192.70806884765625,192.7179605945877,189.7488055095461,191.09482308550776,52696900,0.007920304381283216,0.007889103409717808
2023-12-13,195.92465209960935,195.96423418895137,192.8466274130704,193.0841501529296,70404200,0.01669148194565717,0.01655371012446688
2023-12-14,196.0730743408203,197.5675433947849,194.1431268600313,195.98400332676115,66831600,0.0007575475552483724,0.000757260760930224
2023-12-15,195.53863525390625,196.3600880838065,194.97448862167192,195.49903806818725,128538400,-0.002725713812112174,-0.0027294353340791264
2023-12-18,193.8759307861328,194.6083278162061,192.39135323196817,194.07387143964067,55751900,-0.008503201761710266,-0.00853956023749552
2023-12-19,194.9151153564453,194.92500710230044,193.87590816937887,194.14313632648785,40714100,0.005360049419743884,0.00534573548101716
2023-12-20,192.82684326171875,195.64753172216425,192.82684326171875,194.8755525559872,52242800,-0.010713751424088924,-0.010771556905323732
2023-12-21,192.6783599853516,195.0536930723937,191.5104995881977,194.08377332368417,46482500,-0.0007700342641902003,-0.0007703308928601489
2023-12-22,191.6094665527344,193.40085423729087,190.98593919883143,193.17320815773428,37149600,-0.005547553096769353,-0.005562997916573773
2023-12-26,191.0651397705078,191.8964996004414,190.84740051477695,191.6193796571302,28919300,-0.0028408136195963163,-0.0028448563889250478
2023-12-27,191.16409301757807,191.5105004803971,189.12527563548676,190.5108903848591,48087700,0.0005179031988207239,0.0005177691332457124
2023-12-28,191.58970642089844,192.65860419850247,191.18391821699305,192.1439463570104,34049900,0.0022264296427323416,0.0022239548209190244
2023-12-29,190.5504608154297,192.40122918172025,189.758683164504,191.9063700376295,42672100,-0.005424329025201735,-0.005439094115900784
2024-01-02,183.73130798339844,186.5025222946912,181.9993009265784,185.22577720716956,82488700,-0.03578659848341381,-0.0364426380026785
2024-01-03,182.3555908203125,183.96883642924203,181.5440145919006,182.32590048043423,58414500,-0.007487657809578385,-0.007515831041767024
2024-01-04,180.03965759277344,181.2075179249861,179.0202489631632,180.2771803169373,71983600,-0.012700094453485189,-0.012781430033212502
2024-01-05,179.31715393066406,180.8809106532784,178.31754388665928,180.1188384374096,62379700,-0.004013025084415478,-0.004021098877040124
2024-01-08,183.6521148681641,183.6917120549736,179.63386121540748,180.21779135468157,59144500,0.02417482567884277,0.023887240246910045
2024-01-09,183.23643493652344,183.24632668227045,180.8512103460259,182.0289774717032,42841800,-0.0022634094463821475,-0.002265974829282082
2024-01-10,184.27566528320312,184.48349768333688,182.02900036017596,182.4545871112419,46792900,0.005671526773808333,0.005655504218855382
2024-01-11,183.68182373046875,185.1268191566964,181.73207738578324,184.62205313633504,49128400,-0.003222571747722225,-0.0032277754145239685
2024-01-12,184.0084381103516,184.82001442518904,183.28594792653803,184.14699807850627,40477800,0.0017781529671772045,0.00177657392476539
2024-01-16,181.74197387695312,182.36548612847807,179.0697224204938,180.28708678689063,65603000,-0.012317175541913139,-0.012393660651179177
2024-01-17,180.80172729492188,181.04915686376333,178.44620806884475,179.40623600410183,47317400,-0.0051735246513160416,-0.005186953666894102
2024-01-18,186.6905670166016,187.1953179109023,183.91935276727983,184.176674087568,78005800,0.032570704991517596,0.032051522919113756
2024-01-19,189.5904541015625,189.97644367310735,186.8786353534436,187.3833863002625,68903000,0.015533120560413893,0.01541371653393171
2024-01-22,191.8964691162109,193.3216657993532,190.28322355100104,190.32282073770045,60133900,0.01216313883299791,0.012089762253676613
2024-01-23,193.1732177734375,193.73736447446063,191.83710707958323,193.01487431695853,42355600,0.006653320215357361,0.006631284566565127
2024-01-24,192.50021362304688,194.36088890095837,192.34185506707504,193.41075266703035,53631300,-0.003483941294491255,-0.0034900243507465034
2024-01-25,192.17361450195312,194.2520291241628,191.1245154438125,193.212821813058,54822100,-0.0016966169280897558,-0.001698057812573398
2024-01-26,190.4416046142578,192.75754194727924,189.9665440310004,192.2725896171282,44594000,-0.009012735136319727,-0.009053595528182091
2024-01-29,189.7586975097656,190.22386634852867,187.63080907007364,190.03581744325376,47145600,-0.0035859134135918236,-0.00359235821270394
2024-01-30,186.1066131591797,189.82796344587695,185.5424816094444,188.9768051464624,55859400,-0.019245939177032767,-0.019433553372913262
2024-01-31,182.5040435791016,185.1762949988752,182.45456974695213,185.11689921687164,55467800,-0.019357558116415596,-0.019547369156054813
2024-02-01,184.93875122070312,185.02782223798647,181.93001441121828,182.0982647000541,64885400,0.013340568207993009,0.013252366403473721
2024-02-02,183.93914794921875,185.40392677166545,177.4070012757119,178.01073002917815,102551700,-0.005405050401208089,-0.005419710535834947
2024-02-05,185.75035095214844,187.30421616342252,183.929272633458,186.2155198305614,69668800,0.009846751075685667,0.009798587732531056
2024-02-06,187.35366821289065,187.36355995873055,184.8496822422945,184.93875326056028,43490800,0.008631570559752166,0.00859453153859775
2024-02-07,187.46255493164065,189.0856924097343,186.6707772370308,188.67990426473503,53439000,0.0005811827427166794,0.000581013921433974
2024-02-08,186.3837432861328,187.5911856262693,185.42371540021887,187.44273393335544,40962000,-0.005754811385672354,-0.005771434117182453
2024-02-09,187.14682006835935,188.27653811843788,186.30447993507684,186.9486117161699,45155200,0.004094116626121691,0.004085758535546413
2024-02-12,185.46212768554688,186.96842336096995,185.1053738445565,186.72067805809252,41781900,-0.009001982412509602,-0.009042745070405802
2024-02-13,183.37115478515625,184.53061609699293,181.8549547572752,184.0945819491523,56529500,-0.011274392925847865,-0.011338430673214276
2024-02-14,182.48919677734372,183.85675578337245,180.7946272553445,183.64865818230027,54630500,-0.004809687809654961,-0.004821291580027954
2024-02-15,182.2017974853516,182.82612045767797,179.71444020641266,181.89459574378543,65434500,-0.001574883867469623,-0.0015761253006475577
2024-02-16,180.665771484375,183.18287207946287,180.0315441516518,181.76576116844507,49752500,-0.008430355914024856,-0.008466092353451457
2024-02-20,179.9225616455078,180.7847105340753,178.3766332434525,180.15048310961225,53665600,-0.004113727978248827,-0.004122212634227221
2024-02-21,180.6757049560547,181.24055639365764,179.03067248659073,180.2991272502037,41371400,0.004185930345026678,0.004177193710742647
2024-02-22,182.7071990966797,183.29188949706392,180.8144364958238,181.82522643308516,52292200,0.011243870010741785,0.011181127578116772
2024-02-23,180.8739013671875,183.3711632214272,180.58650833781007,183.3414349937225,45119700,-0.0100340749491874,-0.010084755586446986
2024-02-26,179.52615356445312,181.11171437415507,179.0207434868858,180.59641504961763,40867400,-0.007451311618464795,-0.007479211320198888
2024-02-27,180.98287963867188,182.26123857968312,177.94056046222855,179.4666797946294,54318900,0.008114283324717642,0.008081539536772318
2024-02-28,179.7838134765625,181.46847854843008,178.50545433930714,180.8639793914523,48953900,-0.0066253016003684495,-0.006647346333636276
2024-02-29,179.1198272705078,180.9234200646717,177.91082916305467,179.63514165757906,136682600,-0.003693247980532166,-0.0037000848595725865
2024-03-01,178.03968811035156,178.90183692569337,175.78025215753124,177.93067957222544,73563100,-0.006030260170612034,-0.006048515616532795
2024-03-04,173.52081298828125,175.30456703921072,172.22261492332544,174.56133114426578,81510100,-0.02538127970247539,-0.025708940571771425
2024-03-05,168.58572387695312,170.48840604509627,168.0902332564625,169.21995126633416,95132400,-0.028440905885228962,-0.0288531843102272
2024-03-06,167.59475708007812,169.69564777442116,167.1587228770791,169.5172632726602,68587700,-0.005878118111580344,-0.005895462248502171
2024-03-07,167.47581481933594,169.1902079797121,166.97041987504164,167.62445594378354,71765100,-0.0007097015611613466,-0.0007099535185310494
2024-03-08,169.1902313232422,172.13344696276567,167.41638146834518,167.47583792632756,76267000,0.010236800494182852,0.010184759307505127
2024-03-11,171.1920166015625,172.8073209312821,170.49833272784605,171.38030546468005,60139500,0.011831565349041062,0.011762119610899008
2024-03-12,171.6676788330078,172.4604668624585,169.4676992338398,171.58839851794536,59825400,0.0027785304530432153,0.0027746774727359447
2024-03-13,169.5866241455078,171.62804307697533,169.21995080494636,171.21183277143888,52488700,-0.01212257718894405,-0.012196654911802239
2024-03-14,171.43975830078125,172.73794133442243,170.49832912625453,171.35057361629617,72913500,0.010927360365894367,0.010868088165155557
2024-03-15,171.0631866455078,171.0631866455078,168.75419840900892,169.6262667891251,121752700,-0.0021965246510250447,-0.0021989405496652538
2024-03-18,172.1532440185547,176.10726419166866,171.9550508157469,173.98656516716397,75604200,0.006372249894454507,0.006352032949593322
2024-03-19,174.49200439453125,175.01722331981782,171.46950814069035,172.76769133795253,55215200,0.01358534013872248,0.013493886757929063
2024-03-20,177.05860900878906,177.05860900878906,173.51089450186836,174.1352174960067,53423100,0.014709009866461509,0.014601881603640184
2024-03-21,169.82443237304688,175.88924720546055,169.2992135808601,175.4532130863986,106181300,-0.040857525517909665,-0.04171564945873047
2024-03-22,170.7262420654297,171.48930183291895,168.52626256417108,170.21092760104457,71160100,0.005310247057984219,0.005296197412187981
2024-03-25,169.3091583251953,170.38932429506946,167.92177545566648,169.0316847755244,54288300,-0.008300327606878932,-0.008334967138885973
2024-03-26,168.179443359375,169.8740129173693,168.05061095138228,168.46682128354186,57388400,-0.006672497678184897,-0.006694858313849704
2024-03-27,171.74696350097656,172.0343565405087,168.57582642397568,168.87312383270142,60273300,0.02121258145669014,0.020990726576326963
2024-03-28,169.93344116210938,170.67667701496117,168.97218824939392,170.2010103030642,65672700,-0.010559268716601622,-0.010615413375292971
2024-04-01,168.49655151367188,169.70554992575666,167.9515087670476,169.64609346633853,46240500,-0.008455602608945956,-0.008491554020702483
2024-04-02,167.3172607421875,167.81275133793278,166.71276161053132,167.55510167176752,49329500,-0.006998901525819612,-0.007023508719872
2024-04-03,168.11997985839844,169.140689438472,167.05963767767048,167.26773529316293,47691700,0.004797587007163706,0.004786115263113203
2024-04-04,167.29747009277344,170.3695030458197,167.29747009277344,168.75419869027797,53704400,-0.004892397478977628,-0.004904404433394203
2024-04-05,168.0506134033203,168.85330584999502,167.4262903353845,168.06051777285862,42104800,0.004501821277567597,0.004491718389742549
2024-04-08,166.9307861328125,167.67402205960258,166.72268854116854,167.50555706407098,37425500,-0.006663630961109557,-0.006685932076046501
2024-04-09,168.13978576660156,168.5460917055098,166.83169838821917,167.17853275073267,42373800,0.007242520458911494,0.007216419357019694
2024-04-10,166.26683044433594,167.5650134431552,165.60287483124418,167.27763553824258,49709300,-0.011139275060487508,-0.011201781401945266
2024-04-11,173.4613494873047,173.87757491447604,166.64340884278624,166.8217782077108,91070300,0.04327092194962723,0.04236089487710172
2024-04-12,174.95773315429688,176.7514066994258,172.63884078505302,172.68837774790788,101670900,0.008626611469442658,0.008589614874629106
2024-04-15,171.13255310058594,175.0370216134587,170.94426424521788,173.77847120218846,73531800,-0.021863452302148145,-0.022105999370233352
2024-04-16,167.85240173339844,172.19288913903023,166.7524119884344,170.20102235595408,73711200,-0.01916731391986848,-0.019353388417342954
2024-04-17,166.48483276367188,169.1109267558204,166.48483276367188,168.08031301583728,50901200,-0.008147449518766448,-0.008180821372868621
2024-04-18,165.53346252441406,167.11903820102137,165.04789150334545,166.5145391754465,43122900,-0.005714455926494555,-0.005730845899439605
2024-04-19,163.51190185546875,164.89926951971245,162.6002009445124,164.7109957890585,68149400,-0.012212398859518525,-0.012287582948232938
2024-04-22,164.3443145751953,165.75150603037284,163.28397258003716,164.0272084619306,48116400,0.005090838711315104,0.005077924203828401
2024-04-23,165.39474487304688,165.54340111554177,163.4326064657252,163.85873621547074,49537800,0.006391643669370284,0.006371303739354995
2024-04-24,167.49563598632812,167.7731094949557,164.7109814111337,165.03799187966663,48251800,0.0127022845550131,0.012622287258577067
2024-04-25,168.35780334472656,169.07131105182287,166.63349053238153,168.0010494911784,50558300,0.005147401920780892,0.0051341993341462175
2024-04-26,167.77313232421875,169.79472746518425,167.65420428921547,168.34790327634968,44838400,-0.003472788364378032,-0.00347883249126276
2024-04-29,171.9352569580078,174.44243845784558,171.5388704832316,171.8064245491769,68169400,0.024808052255624657,0.024505328961814017
2024-04-30,168.7938232421875,173.4117990890393,168.46679764398493,171.76676673002254,65934800,-0.01827102696329208,-0.01844000359223435
2024-05-01,167.77313232421875,171.1523820898212,167.58484346320657,168.05060587060277,50383100,-0.006046968416043574,-0.006065325369579746
2024-05-02,171.469482421875,171.8559644998941,169.34878317714927,170.95416794412498,94214900,0.022031835768036467,0.02179264175430857
2024-05-03,181.72613525390625,185.31348231884328,181.01262758822543,184.9666328542693,163224100,0.05981619986929387,0.058095496739367945
2024-05-06,180.07119750976562,182.53873097916653,178.79282331517493,180.7054248623681,78569700,-0.009106767949631278,-0.009148488044182454
2024-05-07,180.7549743652344,183.23242749590463,179.68472791941784,181.79550770435063,77305800,0.0037972583340637467,0.003790066947920785
2024-05-08,181.09190368652344,181.41892928578648,179.81352951475225,181.20091221961115,45057100,0.001864011336187188,0.0018622762229024295
2024-05-09,182.90542602539065,182.99461071341904,180.46760537105857,180.9135439323752,48983000,0.0100143755847113,0.009964564004065715
2024-05-10,181.6451416015625,183.669478466616,180.73220418072015,183.48093424482693,50759500,-0.006890361052783622,-0.00691420920187537
2024-05-13,184.8503570556641,185.6640710757596,183.2030934113359,184.01680743143143,72044800,0.01764547857344967,0.017491604599412347
2024-05-14,185.9915313720703,186.8548647149755,184.8602810891409,186.07091921634225,52393600,0.006173503446696538,0.006154525441429498
2024-05-15,188.2639923095703,189.1868477430233,185.9320213621053,186.46788560358823,70400000,0.012218088214747791,0.01214404983649866
2024-05-16,188.38304138183597,189.6333810173086,188.2044300863017,189.00821119957223,52845200,0.0006323517885984398,0.0006321519384521281
2024-05-17,188.41282653808597,189.3456148748041,187.72811956148703,188.05558877384672,41282900,0.00015810954123862686,0.00015809704324246245
2024-05-20,189.5738220214844,190.44707314635468,187.5594028379898,187.87695420764547,44361300,0.006161976892606891,0.006143069544336406
2024-05-21,190.87376403808597,191.25083732912464,189.4547310855792,189.62342455766935,42309400,0.006857181032380311,0.006833777493811548
2024-05-22,189.43492126464844,191.3401994424317,188.8097665310703,190.7944174197169,34648500,-0.00753819038823178,-0.007566746141712715
2024-05-23,185.4457550048828,189.5341303535584,185.1976736824305,189.5142796080912,51005900,-0.021058241179262804,-0.021283128700584127
2024-05-24,188.5219573974609,189.11735863774425,186.59684388111853,187.37087155015985,36327000,0.016588152112174903,0.016452071538371367
2024-05-28,188.5319061279297,191.5188000981433,187.64873713728957,190.0402298173639,52280100,5.2772263804845565e-05,5.277087139791878e-05
2024-05-29,188.82960510253903,190.77456966628964,188.05559245514976,188.154831057814,53068000,0.0015790376320035104,0.001577792262899293
2024-05-30,189.8219146728516,190.70508365256933,189.16699143181853,189.29598343446253,49889100,0.00525505293395967,0.005241293327213834
2024-05-31,190.77456665039065,191.09211806054816,188.4525287449312,189.9707854632458,75158300,0.005018661723968476,0.005006110218210186
2024-06-03,192.54086303710935,193.4935019196136,191.04245739181437,191.41953068261944,50080500,0.009258552739661363,0.009215955066912258
2024-06-04,192.85841369628903,193.82097037667648,191.54853713018943,193.14618134943933,47471400,0.001649263715611804,0.0016479051737340882
2024-06-05,194.3667755126953,195.38886948576237,193.37445009094603,193.9003813531384,54156800,0.007821083807013185,0.007790657671656794
2024-06-06,192.9874267578125,194.9919281725913,192.67980832687616,194.1881470745491,41181800,-0.007096628275302774,-0.007121929113227841
2024-06-07,195.37896728515625,195.42858658854308,192.65007215742116,193.1561527119216,53103900,0.012392209003050603,0.012316054087362516
2024-06-10,191.63784790039065,195.7857753291456,190.67529119421684,195.38883614317197,97010200,-0.019148014941165137,-0.019333712493900316
2024-06-11,205.5601806640625,205.57011360777915,192.14395345618084,192.1637890602492,172373300,0.07264918133973408,0.07013145896723415
2024-06-12,211.43478393554688,218.5100538646653,205.3121227860245,205.7785169434978,198134300,0.028578508018948234,0.028177759739209662
2024-06-13,212.5957794189453,215.08651049080893,209.97604121171415,213.09194207290332,97862700,0.005491033508244092,0.005476012745005043
2024-06-14,210.85922241210935,213.5186471242216,209.67835280423736,212.2087855151512,70122700,-0.008168351279513764,-0.008201895050580527
2024-06-17,215.00714111328125,217.26964179829145,211.08745883873985,211.7324642876032,93728300,0.01967150714928234,0.019480523611928233
2024-06-18,212.6453857421875,216.95208913019516,211.36529274424583,215.9200623200828,79943300,-0.01098454385684522,-0.011045319429817924
2024-06-20,208.0707855224609,212.59580212894485,207.2471687535905,212.28816853161533,86172500,-0.021512812063897102,-0.021747585807504036
2024-06-21,205.89761352539065,210.2638394583417,205.52052500822023,208.77535128006048,241805100,-0.010444387911611286,-0.010499313307191132
2024-06-24,206.54258728027344,211.0675882243761,205.00448003735443,206.12581247138849,80727000,0.0031324974769717517,0.003127601428658207
2024-06-25,207.4654693603516,209.75773850908567,207.0089930344414,207.54484206411715,55549700,0.0044682411130341215,0.004458288160825504
2024-06-26,211.6134033203125,213.21104790884368,209.0234332765864,209.87683377372144,66213200,0.019993370331697236,0.019796127600250103
2024-06-27,212.45687866210935,214.08429174664712,210.72030917561003,213.04234702641065,49772700,0.003985925884477659,0.00397800312793482
2024-06-28,209.0035400390625,214.41172478378184,208.6860038316288,214.11402417940656,82542700,-0.016254303672318504,-0.016387854022297695
2024-07-01,215.08653259277344,215.8406944532805,210.2935990460224,210.46229254870087,60402900,0.02910473455413265,0.02868923452383045
2024-07-02,218.5794982910156,218.68865467979296,213.4491783018458,214.49110775455017,58046200,0.016239815929598223,0.016109360604182877
2024-07-03,219.8496856689453,219.8496856689453,217.34902153194005,218.31157833867707,37369800,0.005811100253504176,0.005794280938121525
2024-07-05,224.60289001464844,224.71204639614564,219.9488822406841,219.9488822406841,60412400,0.021620246266172094,0.021389843733013683
2024-07-08,226.0715789794922,226.1013475300368,221.53664465186893,225.34717053841652,59085900,0.0065390474928794795,0.006517760668468203
2024-07-09,226.92495727539065,227.63943274976205,224.6326881041504,226.180713251394,48076100,0.0037748145952298806,0.003767707861402857
2024-07-10,231.1919403076172,231.29117889263892,227.49057123987387,227.5401905323848,62627700,0.018803498228924242,0.018628897793088687
2024-07-11,225.823486328125,230.60648662367137,224.0372976764276,229.61416127735984,64710600,-0.023220766140675475,-0.02349461576940135
2024-07-12,228.77069091796875,230.8545803134063,226.9249650693961,227.1631286162611,53046500,0.013050921486357003,0.012966492005479394
2024-07-15,232.6010589599609,235.409341553401,231.30111515749465,234.6650975313768,62631300,0.016743263862264657,0.016604640617048885
2024-07-16,233.01785278320312,234.4567215545301,230.54695713829173,233.19646408342908,43234300,0.001791882741660089,0.0017902792350249757
2024-07-17,227.1234130859375,229.68361410453292,224.9005990257964,227.6890306172661,57345900,-0.02529608623056767,-0.025621532289044808
2024-07-18,222.45948791503903,228.67145424701283,220.56415801938329,228.51267855827928,66034600,-0.020534761729446904,-0.02074853148656204
2024-07-19,222.58848571777344,225.0593811668608,221.5663918696606,223.09458131167176,49151500,0.0005798709865936225,0.0005797029263787659
2024-07-22,222.24118041992188,226.03185518490557,221.37784711424985,225.2677604657143,48201800,-0.00156030217255676,-0.0015615207116827141
2024-07-23,223.28314208984372,225.19833806517676,220.9710219946754,222.6480544130964,39960300,0.004688427536035711,0.004677471091971576
2024-07-24,216.86276245117188,223.0747284640348,215.4635952984219,222.2808652028311,61777600,-0.028754430713306744,-0.029175939177667694
2024-07-25,215.82086181640625,219.1550758451632,212.9728775545053,217.24979770728692,51391200,-0.004804423880749087,-0.0048160022248965656
2024-07-26,216.2872467041016,217.80550332568987,214.3522000978136,217.02155779536065,41601300,0.002160981490714642,0.002158649928583915
2024-07-29,216.56509399414065,217.61695646267236,214.0941983741811,215.29491873308157,36311800,0.0012846216976407643,0.0012837972771578348
2024-07-30,217.1207733154297,218.63902977566391,214.4613337033208,217.50777956722112,41643800,0.002565876665719946,0.0025625904243810746
2024-07-31,220.37564086914065,222.10229262756215,218.9367719746318,219.7405531778278,50036300,0.014991046245871331,0.014879791022202507
2024-08-01,216.6841735839844,222.7572001483694,215.35446119036925,222.64804374939,62501000,-0.0167507954626811,-0.016892676684205292
2024-08-02,218.1726226806641,223.8685748737346,216.039129522103,217.4680651146891,105568600,0.006869210021482219,0.006845724488354095
2024-08-05,207.6639404296875,211.8614726265992,194.4957781490091,197.562059997048,119548600,-0.048166823691522365,-0.04936549451629953
2024-08-06,205.6395721435547,208.3783997216886,199.52685967053256,203.72439154098564,69660500,-0.00974828986652232,-0.009796115510152928
2024-08-07,208.209716796875,212.00039184379943,204.80603289763476,205.31211338628992,63516400,0.012498298000377606,0.012420839009862916
2024-08-08,211.6729278564453,212.55609685346144,207.2273143208112,211.4744658055274,47161100,0.016633282600105215,0.01649646462528972
2024-08-09,214.58045959472656,215.11630867247783,210.34322570654535,210.4722328596845,42201600,0.013735964101432518,0.01364248082900419
2024-08-12,216.1103973388672,218.0774716082045,214.1929998012183,214.65993379251097,38028100,0.0071299024479218875,0.00710460486847102
2024-08-13,219.82598876953125,220.44193777769505,217.5807279037812,217.5807279037812,44155300,0.017193024844787574,0.017046897331136613
2024-08-14,220.2730407714844,221.5744891931242,218.2662191901357,219.13055181670975,41960600,0.0020336631007804584,0.0020315980073056794
2024-08-15,223.2534637451172,223.87935717471936,221.30624816369337,223.13425172393931,46414000,0.01353058442010946,0.013439863484801995
2024-08-16,224.5747833251953,225.34969177239583,222.1904368144784,222.45867901826597,44340200,0.005918472922716411,0.005901027561271939
2024-08-19,224.41583251953125,224.51518597934856,221.58442566604344,224.2469437652095,40687800,-0.0007077856351925815,-0.0007080362336989331
2024-08-20,225.03176879882807,225.68746521443904,223.97868888483964,224.2966078109087,30299000,0.0027446204324430568,0.002740860839316961
2024-08-21,224.9225006103516,226.4921913011218,223.58131984717625,225.0417277949432,34765500,-0.00048556783364295253,-0.00048568575987915664
2024-08-22,223.0647125244141,226.84984597984075,222.4388190632393,226.3034322565302,43695300,-0.008259680916298695,-0.008293981083587509
2024-08-23,225.3596343994141,226.73063334528243,222.866020162344,224.187342377279,38677300,0.010288143960685003,0.010235581215597981
2024-08-26,225.6974029541016,225.7967564120236,222.4288803537143,225.28014571740596,30602200,0.001498797935076679,0.0014976758584890426
2024-08-27,226.54183959960935,227.35649542870257,223.42233233354528,224.5250889075569,35934600,0.003741454861487581,0.003734473028636696
2024-08-28,225.0119171142578,228.35991942602843,224.20719049274723,226.43257756563744,38052200,-0.0067533771600668535,-0.006776284404023972
2024-08-29,228.29037475585935,231.39995310375195,227.3863249726349,228.59836441740796,51906300,0.014570151144202681,0.01446502638416767
2024-08-30,227.50555419921875,228.8964117856607,225.99546942021695,228.68779072729976,52990800,-0.0034378171111240086,-0.0034437399827644587
2024-09-03,221.31619262695312,227.5055309941364,219.7266282681139,227.05847075546575,50190600,-0.027205320740634864,-0.02758223729653573
2024-09-04,219.40872192382807,220.3326453956529,216.06070449558095,220.2134333758585,43840200,-0.008618757988215764,-0.008656114280952214
2024-09-05,220.92872619628903,224.00848612752256,220.07433805346517,220.18362078658944,36615400,0.006927729486472467,0.006903843024397772
2024-09-06,219.37892150878903,223.7700744804958,218.33577084564573,222.4884846157397,48423000,-0.007014953257472922,-0.0070396737184973135
2024-09-09,219.46832275390625,219.82597396405737,215.2957354082824,219.37891374117063,67180000,0.000407519758518049,0.0004074367448936201
2024-09-10,218.67355346679688,220.03460793809228,215.3156066383465,217.49131703149231,51591000,-0.0036213394130713006,-0.003627912335964834
2024-09-11,221.20692443847656,221.6341109819789,216.4680492147489,220.01475867053276,44587100,0.011585173110859825,0.011518578836805567
2024-09-12,221.31619262695312,222.09110108310472,218.38544755210197,221.04795042006705,37455600,0.000493963689219612,0.0004938417293173344
2024-09-13,221.0479431152344,222.5778862537105,220.461797151476,222.12089674811224,36766600,-0.0012120645513312711,-0.001212799695657859
2024-09-16,214.90830993652344,215.80243050187988,212.52396316355507,215.12686027714844,59357400,-0.02777512014898198,-0.028168143409385386
2024-09-17,215.37521362304688,215.48449636527133,213.10016491936787,214.34200737227792,45519300,0.0021725715802303203,0.0021702149592626157
2024-09-18,219.2497711181641,221.25659276615585,216.1203190420684,216.13026348358335,59894900,0.017989802215117034,0.017829900607740323
2024-09-19,227.3763885498047,228.3202009731081,223.1640685098405,223.52171975466865,66781300,0.03706556859875021,0.03639515636977711
2024-09-20,226.71075439453125,231.56884144729943,226.1345376792504,228.4692075464048,318679900,-0.0029274550427984547,-0.0029317484204729946
2024-09-23,224.99205017089844,227.95259834339623,224.33635371548323,225.8563676699032,54146000,-0.007581044085107069,-0.0076099262637897985
2024-09-24,225.88616943359372,227.85325878901887,224.25687274556688,227.15781488965328,43556100,0.00397400380153945,0.00396612830636882
2024-09-25,224.89268493652344,225.80667911779156,222.5580303354434,223.46208007568333,42308700,-0.004398164347828026,-0.00440786472566303
2024-09-26,226.03518676757807,227.008786948424,223.93895622483703,225.81662129607275,36636700,0.005080208951114162,0.0050673482280044506
2024-09-27,226.30343627929688,228.02215721764472,225.8166437201388,226.9690772008412,34026000,0.0011867599711130605,0.0011860563281470584
2024-09-30,231.47946166992188,231.47946166992188,228.1513174234294,228.5387717099848,54541900,0.022872058311288246,0.02261441395882996
2024-10-01,224.73374938964844,228.15128705136544,222.2798675150603,228.02214574584625,63285000,-0.029141731329462295,-0.02957478563862438
2024-10-02,225.30001831054688,225.8861642954019,221.56456176324295,224.4158271126304,32880600,0.0025197324497827633,0.0025165632465533063
2024-10-03,224.19723510742188,225.3297946556875,221.86258072628863,223.6706951956357,34044200,-0.004894731972924005,-0.004906750407516794
2024-10-04,225.3199005126953,226.5120662505933,222.66732681912907,226.41271278943103,37245100,0.005007489966303735,0.0049949941860576086
2024-10-07,220.24322509765625,224.2171205854488,219.8855738973866,223.0348842523572,39505400,-0.02253096776399932,-0.022788668201437698
2024-10-08,224.29661560058597,224.5052366387564,221.79305702807565,222.83620769655573,31855700,0.018404155229439834,0.018236848407331183
2024-10-09,228.0419921875,228.250628376416,223.3627386107029,223.76012210676075,33591100,0.016698319664276928,0.01656043556256475
2024-10-10,227.54527282714844,228.00227752622936,225.68748134269669,226.2935010745161,28183500,-0.002178192514399546,-0.0021805682261797797
2024-10-11,226.0649871826172,227.9128492283195,225.85635099522128,227.8035664938185,31759200,-0.006505455490854017,-0.00652670818888919
2024-10-14,229.79052734375,230.21771386522883,227.1081507143634,227.20748901369805,39882100,0.01647995210387565,0.016345631416491504
2024-10-15,232.3238983154297,235.9401430278398,230.8535458975589,232.085459100832,64751400,0.01102469714902532,0.0109643681761918
2024-10-16,230.2673797607422,230.60515724916505,228.34003796565733,230.0885617348273,34082200,-0.008851945794639438,-0.008891357016526397
2024-10-17,230.6349639892578,232.3238817771462,229.01561181125544,231.90660939150175,32993800,0.0015963365236428828,0.0015950637328494405
2024-10-18,233.46636962890625,234.6386615701971,232.4828249974097,234.6386615701971,46431500,0.012276567224127843,0.012201821299850476
2024-10-21,234.93670654296875,235.3043021987925,232.91995571367767,232.91995571367767,36254500,0.006297853161462141,0.006278104556745144
2024-10-22,234.3207855224609,234.67843677993508,231.0820656392084,232.3636404689512,38846600,-0.0026216466109998393,-0.002625089144530219
2024-10-23,229.2540435791016,233.60546433739609,226.27362172475395,232.55238437433343,52287000,-0.021623100708125786,-0.021860305587140534
2024-10-24,229.0653076171875,229.3136761173618,226.91940013747097,228.4791464357764,31109500,-0.000823261212616222,-0.0008236002782341415
2024-10-25,229.8998107910156,231.69799621804017,228.0718223581781,228.2407111108546,38802300,0.0036430797073065957,0.0036364597655417197
2024-10-28,231.87680053710935,233.1981226337596,231.03235682367705,231.79733596578163,36087100,0.008599353515305275,0.008562589687949785
2024-10-29,232.14505004882807,232.80074647701065,230.8038693466829,231.5787777948225,35417200,0.0011568622263951056,0.001156193576930197
2024-10-30,228.59835815429688,231.94636045913165,228.0519444590485,231.09197226998216,47070900,-0.015277913071095828,-0.015395822870351053
2024-10-31,224.4357147216797,228.33013097812315,223.8992302731352,227.84332326136388,64370100,-0.018209419639871327,-0.018377251659528214
2024-11-01,221.4552764892578,223.8793552942412,218.83250593091051,219.5279346472888,65276700,-0.013279696754671555,-0.013368660412375555
2024-11-04,220.56114196777344,221.33605042123,218.2761640538016,219.54780947276663,44944500,-0.004037539929773293,-0.0040457128003942855
2024-11-05,221.9917449951172,222.4884819564664,219.6968226591573,220.3525190863484,28111300,0.00648619704531983,0.006465252188790477
2024-11-06,221.2665100097656,224.5946536653585,219.7464961432124,221.15722727351368,54561100,-0.003266945738759519,-0.0032722938571746176
2024-11-07,225.99545288085935,226.39285156162416,223.10445516924477,223.16406118155703,42137700,0.021372158266901975,0.02114697645662137
2024-11-08,225.7269287109375,227.4176895436531,225.17991383614745,225.9357792784742,38328800,-0.0011881839501585167,-0.0011888904003588606
2024-11-11,223.01174926757807,224.47376393957063,220.29658566640109,223.7775700900237,42005600,-0.012028602253461917,-0.012101531302571373
2024-11-12,223.01174926757807,224.3643609649356,222.14648085284745,223.3300179850212,40398300,0.0,0.0
2024-11-13,223.89691162109372,225.4185978724207,221.54973296285613,222.79294167641655,48566200,0.003969128785468623,0.003961272575156397
2024-11-14,226.98008728027344,227.62654977508777,223.77758025105396,223.7974758407695,44923900,0.01377051446067945,0.013676562455490315
2024-11-15,223.77757263183597,225.68713943052103,223.0515429787679,225.16996034674557,47923700,-0.014109231725173421,-0.01420971319908794
2024-11-18,226.7811737060547,228.49183017609323,223.94665165924164,224.0262188410909,44633700,0.013422261395069857,0.013332980855177564
2024-11-19,227.03973388671875,228.90952454109907,225.42854034251505,225.7467938634959,36211800,0.0011401307103171554,0.0011394812548946932
2024-11-20,227.7558441162109,228.68078414631773,224.6627401240164,226.82094870348703,35169600,0.0031541185202828004,0.003149154723326565
2024-11-21,227.2784423828125,228.9095315645878,224.48371169719937,227.63648708983084,42108300,-0.0020961118923246147,-0.002098311809576583
2024-11-22,228.62112426757807,229.46651233539,226.82096032466632,226.82096032466632,38168300,0.005907651736296371,0.005890269985070389
2024-11-25,231.60482788085935,231.98276822235076,228.49184328283928,230.2024998510045,90152800,0.013050865806211176,0.012966437042647638
2024-11-26,233.7829132080078,234.29015208323423,232.0623165721609,232.0623165721609,45986200,0.009404317462107903,0.009360372170779941
2024-11-27,233.65362548828125,234.4095061449918,232.53971526898803,233.19613315216665,33498400,-0.0005530246755524049,-0.0005531776501000228
2024-11-29,236.04058837890625,236.51797629056327,232.698842645531,233.5342752849028,28481400,0.010215817904116964,0.010163989119800081
2024-12-02,238.28829956054688,239.4817769036961,235.8715090788613,235.9809120539101,48137100,0.009522562187620265,0.009477508384913737
2024-12-03,241.3316802978516,241.441083276618,237.60205398884364,238.50711361537608,38861000,0.012771842943683609,0.012690970820369836
2024-12-04,241.6897125244141,242.78374225546824,239.9392801306149,241.55047375645148,44383900,0.0014835691116914518,0.0014824697102612135
2024-12-05,241.7195587158203,243.21140922639395,240.81451427308068,242.6644095132275,40033900,0.0001234897054347428,0.00012348208120873777
2024-12-06,241.5206451416016,243.3009285590703,240.76477968960373,241.5902721155965,36870600,-0.0008229105467323361,-0.0008232493234843567
2024-12-09,245.40939331054688,245.89673657618508,240.43655859300796,240.51612576959505,44649200,0.016101100453194572,0.01597285252573908
2024-12-10,246.4238739013672,246.861485816723,244.0070681600661,245.5486500706556,36914800,0.004133829504792352,0.0041253087058867365
2024-12-11,245.15081787109372,249.43739908317045,244.9220565413804,246.61283253090065,45205800,-0.005166122949528118,-0.0051795135007581755
2024-12-12,246.61285400390625,247.388615093895,244.3452271532981,245.54865996903848,32777500,0.005963823190593187,0.0059461099877857245
2024-12-13,246.7819061279297,247.9355922748061,244.90217516923997,246.47359279661413,33155300,0.00068549599616885,0.0006852611511059066
2024-12-16,249.67608642578125,250.01425073054844,246.3045049916291,246.6426692963963,51694800,0.011727684347941025,0.011659448042268787
2024-12-17,252.1028289794922,252.45093348613432,248.4229342596344,248.721307383058,51356400,0.009719563408938203,0.009672632307345554
2024-12-18,246.7023468017578,252.89849494785605,246.39403346062903,250.7900177691265,56774100,-0.021421743657520365,-0.02165451952123476
2024-12-19,248.4328765869141,250.6308762664829,245.7475488049507,246.15532490458145,60882300,0.007014646628176857,0.006990158445125982
2024-12-20,253.10736083984372,253.6145845456153,244.35516822034683,246.69239156062656,147495300,0.018815884262783023,0.018641055150802655
2024-12-23,253.88311767578125,254.26104280923545,252.07299848460428,253.38583418491564,40858800,0.0030649319457303204,0.003060244616934628
2024-12-24,256.7972106933594,256.80713572411884,253.90300191480816,254.10192745486225,23234700,0.011478088989357538,0.011412715492234595
2024-12-26,257.6127014160156,258.6868506395932,256.2302692406472,256.7872242633273,27237100,0.0031756214191516197,0.003170589783019486
2024-12-27,254.2013702392578,257.29448932345014,251.68511699924173,256.42919055718573,42355300,-0.013242092326996358,-0.013330550614687695
2024-12-30,250.8297882080078,252.1227283114492,249.38766912858335,250.85962400320443,35557500,-0.013263429807937821,-0.013352174674122995
2024-12-31,249.05946350097656,251.9039256958292,248.07483671879717,251.0684930674946,39480700,-0.00705787267006408,-0.007082897269852248
2025-01-02,242.5251617431641,247.74663833648884,240.5061920078161,247.57754859678104,55740700,-0.026235910356350867,-0.026586212434698622
2025-01-03,242.03781127929688,242.853348279154,240.5757966624965,242.03781127929688,40244100,-0.0020094841309015177,-0.002011505853004041
2025-01-06,243.6688995361328,245.98624232017477,241.8786760145675,242.9826459215422,45045600,0.006738981187339288,0.0067163757551764415
2025-01-07,240.89407348632807,244.215923537777,240.0387452815234,241.6598791297847,40856000,-0.011387690653534843,-0.011453026895610152
2025-01-08,241.38140869140625,242.38593107741448,238.74581220273615,240.6056476428208,37628900,0.00202302695963108,0.002020983396249784
2025-01-10,235.5631866455078,238.8552008004512,231.73409784256123,238.70600665338927,61710900,-0.024103853223164884,-0.024399105221617683
2025-01-13,233.12649536132807,233.39503269669683,228.47192915300568,232.2612269401141,49630700,-0.010344109021782955,-0.01039798114561187
2025-01-14,232.01258850097656,234.8371551382162,231.2069916592748,233.47460320476435,39435300,-0.004778122103302862,-0.004789573821754613
2025-01-15,236.57763671875,237.66172623332488,233.15632396556444,233.36518970349533,39832000,0.019675864345413352,0.019484796739882716
2025-01-16,227.01986694335935,236.71689557722044,226.79112077355305,236.06049286491137,71759100,-0.040400140554084585,-0.04123889448814285
2025-01-17,228.7305145263672,231.0279618693864,227.2386640256131,230.85888730040747,68488300,0.0075352329557776265,0.007506984902950974
2025-01-21,221.43040466308597,223.2007327760936,218.1881215835537,222.78301644137267,98070400,-0.031915767244250604,-0.03243617818168804
2025-01-22,222.61392211914065,222.90233985709412,218.59586314481808,218.59586314481808,64126500,0.005344873292606023,0.005330640151049322
2025-01-23,222.44485473632807,225.7965406078772,221.09224303438072,223.51898889751175,60234800,-0.000759464552814948,-0.0007597530921179372
2025-01-24,221.5696258544922,224.4041477572621,220.2070739772995,223.5587597719764,54697900,-0.003934588115662718,-0.003942348971351852
2025-01-27,228.61114501953125,230.8886965110468,222.76308687365625,222.802878047592,94863400,0.03178016453240451,0.0312856255036811
2025-01-28,236.9655303955078,238.88505261672515,229.5560092044273,229.5958003833341,75707600,0.03654408613920723,0.03589218564976223
2025-01-29,238.0595550537109,238.55683854812665,232.738615593108,232.8480185689149,45486100,0.004616809273387146,0.00460618449860897
2025-01-30,236.29916381835935,239.4817751014353,235.9212386876704,237.37329797187644,55658300,-0.007394751430810587,-0.007422228144620683
2025-01-31,234.71778869628903,245.84699474947956,232.1716998572169,245.84699474947956,100959800,-0.006692258645848992,-0.006714752220119264
2025-02-03,226.77120971679688,230.5704628324937,224.4737624406888,228.7404632470789,73063300,-0.03385588720663424,-0.03444227081030744
2025-02-04,231.5352020263672,231.86341095944584,225.4186058340825,226.0153521080233,45067300,0.021007923869700296,0.02079030004340246
2025-02-05,231.2069854736328,231.4058958330951,227.0298072213747,227.2883891710869,39620300,-0.0014175665292441852,-0.0014185722272181526
2025-02-06,231.95291137695312,232.5297620441898,229.1780610151748,230.03338922164468,29925300,0.0032262256341100137,0.0032210325345983335
2025-02-07,226.39328002929688,232.72866665415376,226.0252799376335,231.33627899238985,39707200,-0.023968793125519916,-0.02426071882357078
2025-02-10,226.662109375,229.58935370973876,226.21406518332185,228.57379092662129,33115600,0.0011874440163079925,0.001186739562273397
2025-02-11,231.6105194091797,234.2091936835785,227.140013897382,227.2097022258532,53718400,0.021831659679796056,0.021596761658278382
2025-02-12,235.84210205078125,235.93172304376256,229.67896101319025,230.19670873650108,45243300,0.01827025237193891,0.01810535673915477
2025-02-13,240.4818878173828,241.28837041996871,234.5477595362729,235.88194100703416,53614100,0.01967327176214928,0.019482254180378637
2025-02-14,243.5385589599609,244.484433375407,239.94422402720735,240.2030902821229,40896200,0.012710608563166526,0.012630506825245923
2025-02-18,243.40911865234372,244.11602908498716,240.7905267294893,243.0905000064508,48822500,-0.0005314982077990749,-0.0005316395030391844
2025-02-19,243.8073883056641,244.9424406983724,242.10481731288857,243.59830810290345,32204200,0.0016362150092215089,0.001634877867811833
2025-02-20,244.7632293701172,245.7091038330044,243.2299036494767,243.87709210808563,32316900,0.003920476204990031,0.003912811165358576
2025-02-21,244.4844207763672,247.6107939080121,244.155851012499,244.88267886995575,53197400,-0.0011390950939301758,-0.0011397443558408859
2025-02-24,246.02769470214844,247.7800515637824,243.35931688895812,243.8670982314444,51326400,0.006312361012127177,0.00629252150699524
2025-02-25,245.96795654296875,248.91511822751468,243.84721006662005,246.92379728169456,48013300,-0.00024281070979426111,-0.00024284019308732597
2025-02-26,239.31695556640625,243.91690216055417,238.0922974197643,243.26972892021308,44433600,-0.027040111525261312,-0.02741242223505759
2025-02-27,236.27024841308597,241.40786042901627,236.0312844149354,238.3710927533652,41153600,-0.012730845359909648,-0.012812576987803232
2025-02-28,240.79052734375,241.03944246427383,229.2010399398617,235.92174819400608,56833400,0.019131816049733574,0.0189511041176461
2025-03-03,236.9970703125,242.971033380884,235.085403953726,240.7407483660274,47184000,-0.015754178842070865,-0.015879594879338637
2025-03-04,234.9061737060547,239.02822274747484,233.6615980851158,236.6784633674393,53798100,-0.008822457609658607,-0.008861605915058862
2025-03-05,234.71701049804688,235.5234930679701,228.235250954078,234.39839184729652,47227600,-0.0008052713346075047,-0.0008055957397364676
2025-03-06,234.30877685546875,236.82779659290307,232.14819548977783,233.42263965762712,45170400,-0.0017392588705518186,-0.0017407731373172035
2025-03-07,238.0325469970703,240.3225538387904,233.7412377693079,234.08972499786836,46273600,0.0158925764180764,0.015767611694309694
2025-03-10,226.4928436279297,235.13518456664028,223.24699590534985,234.5178647329352,72071200,-0.0484795189343693,-0.049694067448028414
2025-03-11,219.88165283203125,224.8599551431671,216.50636447278404,222.8387656202518,76137400,-0.029189402587743385,-0.029623889025018828
2025-03-12,216.03842163085935,220.78772670269151,213.9774121949233,219.1847126113749,62547500,-0.017478635218863725,-0.017633190150835157
2025-03-13,208.77008056640625,215.899013195213,207.51555384047248,215.01287598245443,61368300,-0.03364374267125669,-0.03422271635173176
2025-03-14,212.5635528564453,213.02154815111564,208.67051688888432,210.3332680009786,60107600,0.018170574441256804,0.018007462482224464
2025-03-17,213.07135009765625,214.28605714072168,209.0588394397278,212.3843419118567,48073400,0.002388919616684637,0.002386070684561593
2025-03-18,211.76702880859372,214.21634506867483,210.57223927739028,213.23065092190424,42432400,-0.0061215235575534654,-0.00614033689972585
2025-03-19,214.3059539794922,217.81066771448715,212.82241448637808,213.2903760985492,54385400,0.011989237348148718,0.011917935777247854
2025-03-20,213.17091369628903,216.5462020975973,211.29906714235267,213.0613904363763,48862900,-0.005296354404188741,-0.005310429810065483
2025-03-21,217.32281494140625,217.89033350890864,210.36314278996363,210.64192650603025,94127800,0.019476865643276886,0.01928961890955973
2025-03-24,219.77215576171875,220.51890119737195,217.63149158987616,220.04098837247489,44299500,0.01127051856461958,0.011207479483477613
2025-03-25,222.77902221679688,223.1275094458969,219.12495024533283,219.81195837594151,34493600,0.01368174437137637,0.01358899433745143
2025-03-26,220.56866455078125,224.04352508950677,219.51326687455483,222.5400680439697,34466100,-0.00992174956161096,-0.009971298130206968
2025-03-27,222.8786163330078,224.0136687326393,219.6028846724205,220.42928473771144,37094800,0.010472710559004783,0.01041825161761037
2025-03-28,216.9544219970703,222.8387793372666,216.7353754664909,220.7080664246457,39818600,-0.026580362142440972,-0.026940007287046815
2025-03-31,221.16607666015625,224.64092215942225,215.29167046357225,216.0682844554902,65299300,0.019412624201514683,0.019226602799953564
2025-04-01,222.22146606445312,222.70932997882656,217.9500740762217,218.85612876373423,36412700,0.004771931664359963,0.004760582090394603
2025-04-02,222.9184112548828,224.212772841887,220.06087070560943,220.3595718706985,35905900,0.003136264028730462,0.003131356211497858
2025-04-03,202.3082427978516,206.58958563447752,200.37665915579905,204.64803566499705,103419000,-0.09245610688237749,-0.09701334694101996
2025-04-04,187.56253051757807,199.0126263082325,186.52703508606032,193.0486144227304,125910900,-0.07288735286484394,-0.07568020285383714
2025-04-07,180.6725616455078,193.30748067285785,173.86223225537526,176.43103817745248,160466300,-0.036734249922185436,-0.03742594463335631
2025-04-08,171.67176818847656,189.5140011328404,168.4757067407598,185.88979780340043,120859500,-0.04981826446171411,-0.051102012116553935
2025-04-09,197.98709106445312,199.7394480269994,171.14407803694525,171.20381523449285,184395900,0.15328858759749742,0.14261750276812216
2025-04-10,189.5936584472656,193.9347385570105,182.205859833413,188.24952597387417,121880000,-0.04239383776013517,-0.0433186896715006
2025-04-11,197.2901306152344,198.67409816298056,185.25259829067517,185.29243322025624,87435900,0.04059456540372386,0.0397922473001016
2025-04-14,201.6411590576172,212.01593914767517,200.28706023476008,210.52244846919623,101352900,0.022053958952809483,0.021814287797572524
2025-04-15,201.26280212402344,202.62685207462167,198.93296032454865,200.98401841430368,51343900,-0.0018763874169441808,-0.0018781500370640067
2025-04-16,193.42697143554688,199.8290612192316,191.5352073519423,197.4992192732065,59732400,-0.03893332799593996,-0.039711494682613896
2025-04-17,196.1251983642578,197.9671763411939,193.5763099497932,196.34424488667963,52164700,0.013949589908199611,0.013853189838727168
2025-04-21,192.32179260253903,192.9590147372882,188.9863237329868,192.43131586910096,46742500,-0.019392743989249284,-0.01958325023012227
2025-04-22,198.8732452392578,200.715208155226,195.1196006832811,195.26894368988752,52976400,0.0340650560088025,0.0334976909434223
2025-04-23,203.71214294433597,207.0973825434984,201.9199510184256,205.1060615575032,52929200,0.02433156707055617,0.024040270174055075
2025-04-24,207.46575927734372,207.923769760626,202.05933042602183,204.00086522918792,47311000,0.01842608044250671,0.018258377165775296
2025-04-25,208.371826171875,208.8397878176709,205.30519003897632,205.4744504992001,38222300,0.0043673081171917705,0.004357799102907385
2025-04-28,209.2281036376953,210.5822025692478,206.55974070372147,209.08871177088437,38743100,0.004109372565147096,0.004100952154228793
2025-04-29,210.2934417724609,211.3189707788267,207.4657546631633,207.78437328663367,36827600,0.0050917544834721,0.00507883533713549
2025-04-30,211.57786560058597,212.65318081121785,205.77316280594096,208.391754898292,52286500,0.0061077693022628665,0.006089192482913958
2025-05-01,212.39431762695312,213.62892699621813,207.99348458901505,208.17271138967985,57365700,0.0038588725907107158,0.0038514462406365473
2025-05-02,204.4588928222656,206.0917754590827,201.2827333487594,205.19567188008236,101010600,-0.037361756629596954,-0.038077593658179934
2025-05-05,198.02691650390625,203.21431440062256,197.34987465543003,202.2186538992821,69018500,-0.0314585305122953,-0.031963978788773294
2025-05-06,197.6485595703125,199.7792724238197,196.1650351546796,197.3498735756035,51216500,-0.0019106338687361335,-0.0019124614578998429
2025-05-07,195.39837646484372,198.574535944944,192.41139491378885,198.3057033514284,68536700,-0.011384768552630375,-0.011450071139791278
2025-05-08,196.63299560546875,199.1818840286168,193.83517686729027,196.86199326420865,50478900,0.006318471846910034,0.006298593991509645
2025-05-09,197.66847229003903,199.6697443694255,196.6827629534363,198.1364339272832,36453900,0.00526603727610353,0.005252220188113187
2025-05-12,210.1504821777344,210.62903686932515,206.12274573806783,210.32994399020487,63775800,0.0631461848371071,0.0612326109179342
2025-05-13,212.2840118408203,212.7525871854542,208.3659418628149,209.7915962682986,51909300,0.010152390044394277,0.010101200703813344
2025-05-14,211.68582153320312,213.29093762104836,209.94113079478424,211.78550901932945,49325800,-0.002817877344742037,-0.0028218550352937764
2025-05-15,210.8084716796875,212.313900175819,208.90426284202812,210.3099886465303,45029500,-0.004144584871868751,-0.0041531974690795235
2025-05-16,210.6190643310547,211.92510277199543,209.1335944967917,211.71573318604425,54737900,-0.0008984807257680361,-0.0008988846015098259
2025-05-19,208.14659118652344,208.84446444770492,203.64029993754312,207.27923550566183,46140500,-0.011739075721298287,-0.011808522701296861
2025-05-20,206.232421875,207.83753801206535,204.40797196423648,207.03996203611737,42496600,-0.009196255872420789,-0.009238802480674083
2025-05-21,201.4768829345703,206.41186226922272,200.10108001028595,204.5475404614086,59211800,-0.023059123765283074,-0.023329144395148625
2025-05-22,200.7490997314453,202.1348820380274,199.09413231135568,200.1010778345708,46742400,-0.003612241724830323,-0.00361878162385033
2025-05-23,194.67758178710935,197.10020219746903,192.8730755135501,193.0824298832746,78432900,-0.030244309700308558,-0.030711104878614524
2025-05-27,199.60260009765625,200.1309909415137,196.83102019804124,197.6983910952664,56288500,0.02529833309688767,0.02498362692148352
2025-05-28,199.81195068359372,202.11494001836,199.2935240345892,199.98143310081724,45339700,0.0010488369682311038,0.0010482873230300382
2025-05-29,199.3433837890625,203.19167383577107,197.90775006205251,202.9623758748587,51396800,-0.002345039387925296,-0.0023477932989864354
2025-05-30,200.24066162109372,201.3472946799051,196.18300200128655,198.7651407343476,70819900,0.004501166855784389,0.004491066900633698
2025-06-02,201.08807373046875,201.51677709467236,199.51286535414476,199.6723835925692,35423300,0.004231968185255841,0.004223038592199754
2025-06-03,202.6533203125,203.1518034040851,200.3503308633764,200.73914706631285,46381600,0.007783885702387527,0.00775374755762891
2025-06-04,202.2046813964844,205.6143037964219,201.48686455307688,202.29440469878628,43604000,-0.002213824650510454,-0.0022162787829837
2025-06-05,200.02133178710935,204.12882762641604,199.54277706238676,202.88261988754903,55126100,-0.010797720380637088,-0.010856438829481436
2025-06-06,203.30133056640625,205.07592905349443,201.4370087789868,202.3841235560851,46607700,0.016398244877141144,0.01626524565909606
2025-06-09,200.83883666992188,205.37503589356555,199.4131823149893,203.76991971327612,72862600,-0.012112532119803454,-0.012186486627925944
2025-06-10,202.05511474609372,203.7300256804245,199.96149509379936,199.9914028593682,54672600,0.006055990446562909,0.006037726636299317
2025-06-11,198.17694091796875,203.8795888248368,197.8080682902945,202.8826226203144,60989900,-0.019193643442277364,-0.01938023282840755
2025-06-12,198.5956573486328,199.07419684911244,196.7612432530472,198.476026276637,43904600,0.002112841326163073,0.002110612415931908
2025-06-13,195.8539886474609,199.76209396079904,195.1062640673262,199.12403626091725,51447300,-0.013805280225029914,-0.013901459318216998
2025-06-16,197.8180389404297,198.08722408394675,195.96368113091867,196.7014416228738,43020700,0.010028135278388861,0.009978187176453207
2025-06-17,195.0464630126953,197.7881200100286,194.6177748569289,196.60172782081943,38856200,-0.014010734018898074,-0.014109810867661944
2025-06-18,195.9835968017578,196.97059871241268,194.4781834746436,195.34553910938877,45394700,0.004804669485349855,0.004793163899890253
2025-06-20,200.39019775390625,201.08807102199276,196.2627584683704,197.63857663438117,96813500,0.02248453964545738,0.022235488669367195
2025-06-23,200.888671875,201.686247808318,198.3563846401482,201.01828233775663,55814300,0.0024875174867879934,0.002484428736317933
2025-06-24,199.6923065185547,202.82277936444737,199.5926038267289,201.9753521214132,54064000,-0.0059553649555199595,-0.005973168862430719
2025-06-25,200.9485015869141,203.05210084338043,200.01135094007645,200.8388346981885,39525700,0.006290653306879834,0.006270949736413817
2025-06-26,200.39019775390625,202.025221644493,198.854876564116,200.81888589983927,50799100,-0.0027783428520185005,-0.0027822096103010353
2025-06-27,200.46995544433597,202.60346239871808,199.39323017588663,201.2774955925489,73188600,0.0003980119353326206,0.00039793274959283657
2025-06-30,204.54754638671875,206.7608124915243,198.6554726965608,201.39712965217612,91912800,0.020340159867571872,0.020136061766974515
2025-07-01,207.18951416015625,209.55231908550664,205.5146031050056,206.04299395149744,78788900,0.012916154801693835,0.012833452642264409
2025-07-02,211.7955017089844,212.6927652029137,207.50854401160623,208.27621224418837,67941800,0.02223079467847855,0.02198729278212374
2025-07-03,212.90213012695312,213.9987837940836,211.1674035025876,211.5063683517463,34955800,0.005224985464938214,0.005211382591022052
2025-07-07,209.3130340576172,215.57398008038285,208.16652910348648,212.0347473083985,50229000,-0.01685796223455238,-0.01700167510697276
2025-07-08,209.3728485107422,210.78853856973336,207.81758380403343,209.46258702266437,42848900,0.00028576554438819457,0.00028572472119207156
2025-07-09,210.4994201660156,210.68884615759356,206.5913149088396,208.89430414855985,48749400,0.005380696032396992,0.0053662718059516714
2025-07-10,211.7655792236328,212.8323250717279,209.39279496736208,209.87133445003573,44443600,0.00601502396832565,0.005997005928183721
2025-07-11,210.51937866210935,211.48643705736623,209.2233196075129,209.931172276849,39765800,-0.005884811715351712,-0.005902195453381819
2025-07-14,207.9870758056641,210.27013683517245,206.91035052542597,209.293099043616,38840100,-0.01202883493452489,-0.012101766816565912
2025-07-15,208.4755859375,211.24715053377864,208.28615994072268,208.5852528191871,42296300,0.0023487523440752778,0.0023459983367661347
2025-07-16,209.52239990234372,211.75559423754484,208.00700716596052,209.6619745482938,47490500,0.0050212784395653465,0.005008713863585173
2025-07-17,209.38284301757807,211.1574416148312,208.9541396463333,209.93117746335784,48068100,-0.0006660714311724769,-0.0006662933552985409
2025-07-18,210.53929138183597,211.1474413046512,209.06378582955284,210.23023432823223,48974600,0.005523128579168368,0.005507932033821674
2025-07-21,211.8353576660156,215.12534891613052,210.98794558852117,211.4565208835752,51377400,0.006155935434536408,0.006137065067575063
2025-07-22,213.74952697753903,214.29786137817436,211.58611235366487,212.4933551608528,46404100,0.009036118108957769,0.008995536676261068
2025-07-23,213.5002899169922,214.4972560435483,211.76557859278188,214.3477172095632,46989300,-0.0011660239162682995,-0.0011667042510641367
2025-07-24,213.11148071289065,215.03563331063384,212.8821827557749,213.251055366678,46022600,-0.0018211179209766115,-0.001822778172199362
2025-07-25,213.2311248779297,214.58699944946255,212.7525701732737,214.04862920984863,40268800,0.0005614158591493723,0.000561258324224899
2025-07-28,213.40060424804688,214.19818019857897,212.41360229785764,213.3806606658472,37858000,0.0007948153451529105,0.0007944996467067031
2025-07-29,210.6290435791016,214.1582970701604,210.18041185237743,213.53020352524888,51411700,-0.01298759522594295,-0.013072671467495276
2025-07-30,208.415771484375,211.74563469104575,207.0898047125579,211.2571158132724,45512500,-0.010507915039244753,-0.010563513000558813
2025-07-31,206.9402618408203,209.2033639475293,206.5315020865265,207.85746883247032,80698400,-0.007079644851470834,-0.007104824449200994
2025-08-01,201.7660217285156,212.93203997684435,200.8886866162373,210.23025491744008,104434500,-0.025003544821474932,-0.025321443705232365
2025-08-04,202.7330780029297,207.24933356384108,201.06813110178,203.8895472057539,75109300,0.004792959023176335,0.004781509365661584
2025-08-05,202.30438232421875,204.7170387366568,201.5466934780596,202.78292184745095,44155100,-0.0021145818084247203,-0.0021168206932972613
2025-08-06,212.60302734375,214.72657006985975,204.96626313259569,205.0061502968161,108483100,0.05090668279753996,0.04965329898760741
2025-08-07,219.3624725341797,220.1799921230299,215.9229421746813,218.21596748517925,90224800,0.03179373913382988,0.031298781903266744
2025-08-08,228.6542053222656,230.29919347638383,218.5848405614596,220.16004899168945,113854000,0.04235789595523509,0.04148535456534649
2025-08-11,226.7478179931641,229.12329528601256,224.3324234952035,227.4864157407103,61806100,-0.00833742518058933,-0.008372375911556585
2025-08-12,229.21310424804688,230.36092560837628,226.63802588155735,227.57622481823225,55626200,0.010872370357085881,0.010813691077267549
2025-08-13,232.88612365722656,234.552944884794,229.99163136972763,230.6304284784954,69878500,0.016024473911425474,0.015897437361664515
2025-08-14,232.3371734619141,234.6727183450988,230.41085227691244,233.61473725595164,51916300,-0.002357161460252777,-0.002359943938688221
2025-08-15,231.1494140625,233.834298979768,228.9036945156081,233.5548328767578,56038700,-0.0051122228170207284,-0.005125334935222747
2025-08-18,230.45074462890625,232.67649791960372,229.6722297518056,231.2592012143754,37476200,-0.0030225879499951036,-0.0030271651946962514
2025-08-19,230.1213836669922,232.42698672077373,228.9136940815642,230.8400151681398,39402600,-0.0014292032878627792,-0.0014302255730334458
2025-08-20,225.5800323486328,230.0315543310328,225.3404986724704,229.54248102593337,42263900,-0.019734590701623533,-0.01993191816954049
2025-08-21,224.47213745117188,226.0890658711696,223.3542730460458,225.8395414786139,30621200,-0.004911316333835347,-0.004923416482597182
2025-08-22,227.3267059326172,228.65417758009715,224.98118568943212,225.7397343895232,42477800,0.012716805363276906,0.01263662583012143
2025-08-25,226.7278594970703,228.86378779922748,225.79962078901823,226.0491451945495,30983100,-0.002634298654397349,-0.002637774524759978
2025-08-26,228.87376403808597,229.0534295301293,224.2625578823749,226.438403395408,54575100,0.009464670754514737,0.00942016138224148
2025-08-27,230.0515289306641,230.46073738560716,227.82576024347395,228.17510050695543,31259500,0.005145914812595631,0.005132719840409774
2025-08-28,232.1175842285156,232.9659733126178,228.90370861616245,230.3809040856524,38074700,0.008980837064874292,0.008940749184059306
2025-08-29,231.6983795166016,232.9360260407387,230.92984008944924,232.0676707602769,39418400,-0.0018060015285240594,-0.0018076343154578571
2025-09-02,229.28298950195312,230.4108447009183,226.53822101083423,228.8138823959992,44075600,-0.010424716908628229,-0.010479434881735175
2025-09-03,238.01634216308597,238.395624134605,233.9141603097862,236.75874463665696,66427800,0.03808984120498149,0.0373823332188683
2025-09-04,239.3238525390625,239.4436193831587,236.28964239378743,237.9963808412042,47549400,0.005493363876168722,0.0054783303839958395
2025-09-05,239.2340087890625,240.8609127003189,238.0362947520209,239.5434165987409,54870400,-0.00037540658420298634,-0.00037547706689504754
2025-09-08,237.42745971679688,239.69313028194867,235.89038089866293,238.84475646782596,48999500,-0.007551389041256629,-0.00758004513282915
2025-09-09,233.9041748046875,238.3257397896772,232.9160527142261,236.54912730927947,66313900,-0.014839416284502027,-0.0149506219450665
2025-09-10,226.35855102539065,231.9778454619465,225.5201526853384,231.7482872752143,83440800,-0.03225946602106411,-0.032791271045805793
2025-09-11,229.59239196777344,230.0115911363252,226.21881717306923,226.44839058875493,50208600,0.014286365271970913,0.014185276809186579
2025-09-12,233.62472534179688,234.0638755168574,228.5843291396984,228.78394562468256,55824200,0.01756300955560164,0.017410562270457654
2025-09-15,236.24969482421875,237.7368657054393,234.58287368836287,236.549127145038,42699500,0.01123583763910907,0.0111731844856819
2025-09-16,237.6969451904297,240.76111223381088,235.87043992435724,236.72878926810645,63421100,0.006125935389198034,0.006107248126145962
2025-09-17,238.5353546142578,239.6432435766681,237.27774187166392,238.5153883976145,46508000,0.003527220020250743,0.003521013968839509
2025-09-18,237.42745971679688,240.74113579799257,236.199788714976,239.5134800259323,44249600,-0.004644573125239804,-0.004655392669439339
2025-09-19,245.032958984375,245.83144010441063,239.7530294205925,240.77107799962133,163741300,0.03203293872010393,0.03153058391446455
2025-09-22,255.5928192138672,256.15178189089505,247.64797087115,247.82763635806887,105517400,0.04309567281585802,0.042192900302590174
2025-09-23,253.9459686279297,256.8504363399061,253.0975947938589,255.3932223520852,60275200,-0.006443258425658294,-0.006464105813548765
2025-09-24,251.8300018310547,255.2534845023776,250.5624136207024,254.73446948849343,42303700,-0.008332350414175016,-0.00836725849202465
2025-09-25,256.3813171386719,256.6807646844572,251.2311452680336,252.72829161839877,55202100,0.018072966979806315,0.01791159235712427
2025-09-26,254.97401428222656,257.10994249251326,253.2972024297037,253.61660096533103,46076300,-0.005489100657377954,-0.005504221127631377
2025-09-29,253.9459686279297,254.5148915782133,252.52867184357527,254.0757261912774,40127700,-0.004031962461707783,-0.0040401127374681736
2025-09-30,254.1455993652344,255.4331385813304,252.6284867333586,254.3751575512532,37704300,0.0007861150085717306,0.0007858061820065801
2025-10-01,254.9640350341797,258.29769267334166,254.44502000530687,254.55481135314997,48713900,0.003220341689918804,0.003215167495093121
2025-10-02,256.6408386230469,257.68882891050583,253.66649683440303,256.09186667190835,42630200,0.00657662791005964,0.006555096245001334
2025-10-03,257.5291442871094,258.7468246365968,253.46689477740225,254.18552630266564,49155600,0.003461279462880995,0.0034553030219053762
2025-10-06,256.2016906738281,258.5771679771474,254.56481112131075,257.49920544747016,44664100,-0.005154576259537191,-0.0051679069167358494
2025-10-07,255.99208068847656,256.91031341337026,254.94405994391948,256.3214394907812,31955800,-0.0008181444267610916,-0.000818479289569163
2025-10-08,257.5690612792969,258.0281776413904,255.6227587977037,256.03198246417537,36496900,0.006160270999708617,0.006141374097297482
2025-10-09,253.55670166015625,257.50917476461467,252.6584199331141,257.3195337882977,38322000,-0.015577801150541859,-0.0157004100800648
2025-10-10,244.80340576171875,255.8922708493858,243.53581752909895,254.4550078501572,61999100,-0.034522045132806656,-0.035132010240949876
2025-10-13,247.18885803222656,249.2149949644775,245.09284695690997,248.9055871417832,38142900,0.009744359001401026,0.009697188915848344
2025-10-14,247.29864501953125,248.37659224814223,244.2344780970313,246.1308726626428,35478000,0.0004441421356069508,0.00044404353368307243
2025-10-15,248.8656463623047,251.3409393203658,246.99920876557604,249.01537013681212,33893600,0.006336473629484196,0.0063164825844998175
2025-10-16,246.979248046875,248.56621957555785,244.66366953460536,247.7777291727393,39777000,-0.007579986804138628,-0.007608860906866748
2025-10-17,251.81002807617188,252.89796599708643,246.79958926324147,247.5481624372989,49147000,0.019559457191237417,0.019370629284000622
2025-10-20,261.7411193847656,263.87706298772724,255.143708503654,255.4032084113237,90483000,0.0394388237214669,0.03868097494530444
2025-10-21,262.2701110839844,264.7853366806196,261.3318968470685,261.38182000576944,46695900,0.002021049273656983,0.0020190097011623834
2025-10-22,257.9583435058594,262.349966966352,254.94406918261987,262.15033525743416,45015300,-0.016440179021178225,-0.01657681841829787
2025-10-23,259.0861511230469,260.12418111371363,257.51916110368444,259.4454820834593,32754900,0.004372053262009956,0.004362523603168023
2025-10-24,262.32000732421875,263.6275126875418,258.68691759501684,260.69310343226954,38253700,0.012481779466614773,0.012404524248105989
2025-10-27,268.2986145019531,268.60802232244004,264.1465248140549,264.37609822840903,44888200,0.02279127405766279,0.02253543297267336
2025-10-28,268.4882507324219,269.3765722048576,267.63986169210665,268.4782600095115,41534800,0.0007068103233436318,0.0007065606505676427
2025-10-29,269.1869201660156,270.8936584399069,266.6018207191691,268.76770579477784,51086700,0.0026022346664624774,0.0025988547161788934
2025-10-30,270.8836669921875,273.6184749716116,267.969239224885,271.4725408872279,69886500,0.006303229091240592,0.006283446827328092
2025-10-31,269.85565185546875,276.79244258078194,268.647962249571,276.4630533049319,86167100,-0.003795042898427692,-0.003802262344922466
2025-11-03,268.53814697265625,270.33474092754267,265.74348587775046,269.90556627002525,50194600,-0.004882257880291285,-0.004894215035782787
2025-11-04,269.5262756347656,270.9734988318123,267.11086611942017,267.8195068636227,49274800,0.003679658451690937,0.003672905070218473
2025-11-05,269.6260986328125,271.18312844251227,266.4221834255846,268.0989800730272,43683100,0.0003703646251622672,0.00037029605711407865
2025-11-06,269.2567749023437,272.8798740142925,267.38037702601645,267.38037702601645,51204000,-0.0013697625428010785,-0.0013707015250660128
2025-11-07,267.9592590332031,271.7719991063764,266.26248096015127,269.28671541495146,48227400,-0.0048188791892466165,-0.004830527423588933
2025-11-10,269.1781311035156,273.4741297822401,267.2099714283653,268.7085692371889,41312400,0.004548721603090611,0.004538407434672484
2025-11-11,274.99267578125,275.65206242273547,269.5477586519058,269.55775905965567,46208300,0.02160110352909128,0.02137110593244862
2025-11-12,273.21435546875,275.4722525277038,271.4460210796085,274.74292397164845,48398000,-0.0064667915516215535,-0.006487791833362907
2025-11-13,272.6948547363281,276.4413491841305,271.83564282199285,273.85374352181776,49602800,-0.0019014401037990014,-0.0019032501358421112
2025-11-14,272.15533447265625,275.702003472256,269.3479639093673,270.7965900477885,47431300,-0.00197847614027602,-0.0019804359095259394
2025-11-17,267.2099609375,270.2371271729127,265.48159771217263,268.5687054184609,45018300,-0.01817114312581336,-0.018338265985077234
2025-11-18,267.19000244140625,270.4569347049811,265.0719890725528,269.7376065335732,45677300,-7.469218596389826e-05,-7.469497556412872e-05
2025-11-19,268.3089294433594,271.9555110777923,265.2517925781922,265.2817633125939,40424500,0.004187757744410714,0.004179013490990589
2025-11-20,266.0010986328125,275.17250947675234,265.67142054546326,270.5768036466949,45823600,-0.00860139398019577,-0.008638599469070626
2025-11-21,271.2361755371094,273.0744516711978,265.4216397990326,265.70137680880595,59030800,0.01968065895668869,0.01948949882234899
2025-11-24,275.6620788574219,276.7410558404627,270.64675212306133,270.64675212306133,65585800,0.016317525903571717,0.01618582582601152
2025-11-25,276.7110900878906,280.1179060838009,274.9926967216935,275.012667049666,46914200,0.0038054245067611348,0.003798202195763628
2025-11-26,277.29052734375,279.26868736786383,276.3714044558947,276.70108254872224,33431400,0.002094015298321983,0.00209182590417099
2025-11-28,278.5893249511719,278.73917862681736,275.73198274965245,277.0008150112318,20135600,0.0046838874009274,0.004672952133414649
2025-12-01,282.8353576660156,283.1550658399818,275.88187257202503,277.75011957449965,46587700,0.01524118957389331,0.015126209461309542
2025-12-02,285.9224548339844,287.1313151163589,282.36578537497866,282.7354345985028,53669500,0.010914820528252767,0.010855683796743168
2025-12-03,283.8843688964844,288.35019153510143,283.0351573834178,285.9324708384744,43538700,-0.007128107299873898,-0.007153633631999635
2025-12-04,280.4375915527344,284.46382276925783,278.32954829392816,283.83440686502166,43989100,-0.012141483369261685,-0.012215793279375341
2025-12-05,278.5193786621094,280.8771882481053,277.79005013345267,280.27774306596746,47265800,-0.006840070477014848,-0.006863570983802831
2025-12-08,277.6302185058594,279.4085531850005,275.8918244790692,277.8699843761556,38211800,-0.0031924534677664207,-0.003197560218945108
2025-12-09,276.9208679199219,279.7682096639769,276.6611317163261,277.8999627322321,32193300,-0.0025550193698475887,-0.0025582890023414006
2025-12-10,278.5193786621094,279.48847306800184,276.1815698919154,277.490342786908,33038300,0.005772445948890148,0.005755849221286536
2025-12-11,277.77008056640625,279.3286197507982,273.5540244422053,278.83908758708685,33248000,-0.0026902907054526803,-0.0026939160410902646
2025-12-12,278.0198669433594,278.9589906850317,276.5612402656973,277.64021728323,39532900,0.0008992558753764257,0.0008988517870461178
2025-12-15,273.8537292480469,279.8880911943856,272.5849275039148,279.8880911943856,50409100,-0.014985035929685031,-0.015098445975886323
2025-12-16,274.353271484375,275.2424541197232,271.53593087885605,272.5649667835892,37648600,0.0018241206270945831,0.0018224589395023538
2025-12-17,271.5858764648437,275.90184538512057,271.38608172110213,274.75292651919426,50138700,-0.010086976563313588,-0.010138194827446231
2025-12-18,271.935546875,273.374203136776,266.7004552212896,273.35420232069225,51630700,0.0012875132341485518,0.0012866850997309658
2025-12-19,273.4141845703125,274.34330788170604,269.64768928264715,271.8955859651445,144632000,0.005437456457254575,0.005422726861126484
2025-12-22,270.7166748046875,273.62395794129594,270.25711338978425,272.6048920133635,36571800,-0.0098660198257976,-0.009915011500959322
2025-12-23,272.1053771972656,272.2452609569047,269.30800689497966,270.5868091030317,29642000,0.005129726100470355,0.005116613877828172
2025-12-24,273.55401611328125,275.17249671786806,271.9455359163183,272.085389177814,17910600,0.0053238158353827725,0.0053096944255422995
2025-12-26,273.1444091796875,275.1125687682936,272.6049054553,273.9037084592662,21521800,-0.0014973530252399003,-0.0014984751785940306
2025-12-29,273.50408935546875,274.10350406329195,272.0954038139857,272.4350823114352,23715200,0.0013168132449112857,0.0013159470067161956
2025-12-30,272.82470703125,273.82377221524894,272.0254670796708,272.5549704076282,22139600,-0.002483993295382736,-0.0024870835251959533
2025-12-31,271.6058349609375,273.42414083736213,271.4959524300237,272.80472532736104,27293600,-0.004467601499789753,-0.004477611054965066
2026-01-02,270.75665283203125,277.5802543100492,268.7485221479618,272.0054842546519,37838100,-0.003126523879828924,-0.003131421666977736
2026-01-05,267.0101623535156,271.25618925068443,265.89121426121545,270.38700744645297,45647200,-0.013837113287258118,-0.013933738517613961
2026-01-06,262.1147155761719,267.2998660934885,261.8749496989937,266.7503924619391,52352100,-0.018334308830022295,-0.018504465279846907
2026-01-07,260.08660888671875,263.4334831315393,259.5671060011504,262.95395138764474,48309800,-0.00773747740562758,-0.007767566996107173
2026-01-08,258.7978515625,259.0476178563403,255.4609622909548,256.7797203952787,50419300,-0.004955108337700187,-0.004967425592754203
2026-01-09,259.1275329589844,259.9667440583015,255.98048371428257,258.8377955175017,39997000,0.0012738954148727721,0.0012730846985475868
2026-01-12,260.0067138671875,261.05572011368304,256.5599267903311,258.9177364764393,45263800,0.0033928502238405045,0.0033871074933367975
2026-01-13,260.8059387207031,261.56523797230057,258.148452318208,258.4781303943212,45730800,0.0030738623692765366,0.003069147713342097
2026-01-14,259.71697998046875,261.57525710051715,256.4700180914029,259.247418118488,40019400,-0.0041753602144793955,-0.004184101371076401
2026-01-15,257.9685974121094,260.7959687899761,256.8096782083212,260.40631875644857,39388600,-0.00673187624656213,-0.006754637533752875
2026-01-16,255.29112243652344,258.6579671912775,254.69167723491492,257.6589020182799,72142800,-0.010379073276537754,-0.010433311478838362
2026-01-20,246.4693756103516,254.55180921698133,243.1924430560896,252.49373739571587,80267500,-0.03455563492367553,-0.0351668016880478
2026-01-21,247.41848754882807,251.3248360900433,244.9507953165175,248.4675090444481,54641700,0.003850831106810393,0.0038434356364286217
2026-01-22,248.1178436279297,250.76536025794263,247.9180183962477,248.96703988447877,39708300,0.0028266120532467465,0.0028226246974350773
2026-01-23,247.80812072753903,249.176850391454,244.45126111041236,247.0888078223564,41689000,-0.001248289505752398,-0.001249069268077783
2026-01-26,255.17123413085935,256.32015295784896,249.5664780183616,251.24490015634893,55969200,0.029712962519965025,0.029280086238765112
2026-01-27,258.0285339355469,261.7051166970889,257.96859246831417,258.92771692213245,49648300,0.011197578028024235,0.011135349261250763
2026-01-28,256.2002868652344,258.61800761819165,254.2720830679268,257.409147241713,41288000,-0.007085445328186779,-0.007110666301096413
2026-01-29,258.0385437011719,259.4072580677027,254.17216647920577,257.75880668092503,67253000,0.007175077196164281,0.00714945879943628
2026-01-30,259.2374267578125,261.6551472598355,251.94423313215475,254.9314433110553,92443400,0.0046461394466286166,0.004635379456155208
2026-02-02,269.7575988769531,270.2371306501278,258.9676766447768,259.7869174093499,73913400,0.04058122413384724,0.039779426403429755
2026-02-03,269.22808837890625,271.6258386480508,267.3598109321867,268.9483513556569,64394700,-0.0019629122599374993,-0.0019648412969745957
2026-02-04,276.23150634765625,278.68922850453845,272.03545112075,272.03545112075,90545700,0.026012954335186356,0.0256803727265563
2026-02-05,275.6520690917969,279.2387093202658,272.97458180817284,277.86999494352693,52977400,-0.0020976508564164442,-0.0020998540074744607
2026-02-06,277.8599853515625,280.6473855638201,276.6710954236804,276.8609202349588,50453400,0.008009793893585249,0.007977885766246336
2026-02-09,274.6199951171875,278.20001220703125,271.70001220703125,277.9100036621094,44623400,-0.01166051394653178,-0.011729030888589332
2026-02-10,273.67999267578125,275.3699951171875,272.94000244140625,274.8900146484375,34376900,-0.003422920610733904,-0.0034287922059860762
2026-02-11,275.5,280.17999267578125,274.45001220703125,274.70001220703125,51931300,0.0066501292492171515,0.006628114685600525
2026-02-12,261.7300109863281,275.7200012207031,260.17999267578125,275.5899963378906,81077200,-0.049981811301894274,-0.051274148572826785
2026-02-13,255.77999877929688,262.2300109863281,255.4499969482422,262.010009765625,56290700,-0.022733396848946263,-0.022995784787441406
2026-02-17,263.8800048828125,266.2900085449219,255.5399932861328,258.04998779296875,58392700,0.031667863563111576,0.03117677762588167
