Date,Close,High,Low,Open,Volume
2016-02-25,9.895344734191895,9.903376853888144,9.710610577088714,9.750770409584868,103054600
2016-02-26,10.200560569763184,10.401359009191534,9.95960228925211,10.031889850003958,160314400
2016-02-29,10.055986404418945,10.329071643778349,10.04795428285345,10.200560762671506,123661100
2016-03-01,10.594125747680664,10.610189991145436,10.136305532728702,10.152369776193474,153558200
2016-03-02,10.81181526184082,10.892440590913656,10.586065416897048,10.64250268590796,139622500
2016-03-03,10.88437557220459,10.924688228103859,10.68281306160821,10.787625659386322,105082700
2016-03-04,10.916624069213867,11.198811853508628,10.876311418757494,11.093999269881998,171410900
2016-03-07,10.908563613891602,10.98112624575718,10.779563721197245,10.844063667544424,97650300
2016-03-08,10.529624938964844,10.860187303403805,10.521562254734652,10.803749282692355,125894800
2016-03-09,10.594124794006348,10.698937381497798,10.481249522346353,10.618312077612103,92253800
2016-03-10,10.69893741607666,10.803749235006977,10.48124955622165,10.666686679298243,123016200
2016-03-11,11.118185043334961,11.158497688319011,10.779560055708536,10.835997297346356,120400600
2016-03-14,10.997251510620117,11.077876058325687,10.876313535711756,11.061751456344574,87746800
2016-03-15,10.940808296203613,10.964996341061726,10.795683871553138,10.892433744286668,80404000
2016-03-16,10.731188774108887,11.13431380926264,10.553813543349241,10.892438634390391,149645400
2016-03-17,10.803750038146973,10.868249978698898,10.521562990457278,10.658625556355108,122212300
2016-03-18,11.118185043334961,11.190747650526301,10.924685270091217,11.02949783948985,146616200
2016-03-21,11.158498764038086,11.311685907065566,11.061748868089179,11.126248798721784,104695700
2016-03-22,11.093999862670898,11.158499799287599,10.989187273443788,11.021437241752137,83252100
2016-03-23,10.981122970581055,11.150435471469079,10.96499837325351,11.102060910586662,95789700
2016-03-24,11.029499053955078,11.037560968719792,10.698936712706981,10.811811208411306,94836500
2016-03-28,10.981122970581055,11.077872861245671,10.91662304347131,11.069810178132007,54498500
2016-03-29,10.819875717163086,10.916625630757842,10.690875832370077,10.916625630757842,101606800
2016-03-30,10.868250846862793,11.013376109147313,10.852126244886737,10.876313532300824,85897000
2016-03-31,10.90049934387207,11.053686491148744,10.844061326328163,10.876311292539034,79592100
2016-04-01,10.932750701904297,11.005312558441542,10.739250111105148,10.860188076467109,73130900
2016-04-04,10.892436027526855,11.005310518259904,10.81181073223199,10.916623308555394,59709600
2016-04-05,10.634437561035156,10.755375526916644,10.610250275418837,10.723125556461572,78445900
2016-04-06,10.69893741607666,10.723124699760588,10.569936775662644,10.642499395614314,62558500
2016-04-07,10.360311508178711,10.650561194971877,10.279686210730699,10.602185862723106,105704500
2016-04-08,10.384498596191406,10.594123750527057,10.368373229442598,10.505435771208232,76548100
2016-04-11,10.457062721252441,10.553812629039598,10.384500098187093,10.41675006744948,79411500
2016-04-12,10.69893741607666,10.747311983444517,10.42481230465919,10.48124955622165,100791600
2016-04-13,11.118185043334961,11.166560371095771,10.908559904537698,10.924685270091217,138647200
2016-04-14,11.400374412536621,11.51324891188361,11.04562400884645,11.053686692771194,179383300
2016-04-15,11.287497520446777,11.521309938328613,11.247184875522375,11.505185341698702,87958700
2016-04-18,11.424561500549316,11.480998749260195,11.14237371919523,11.166561770556903,81998200
2016-04-19,11.650314331054688,11.722876966440987,11.481001771453338,11.497127143272536,107153600
2016-04-20,12.037310600280762,12.045372514479709,11.714810196429632,11.738998245725819,115628700
2016-04-21,12.013123512268066,12.206624077622465,11.89218633170893,12.037311563499768,121589000
2016-04-22,12.182437896728516,12.206625951673745,11.988938070566439,11.988938070566439,83456600
2016-04-25,12.061501502990723,12.20662676675278,11.940564295789017,12.109876847211412,70489500
2016-04-26,12.166313171386719,12.206625826983684,11.932500691604268,12.10987591489094,84812400
2016-04-27,12.109874725341797,12.335624498049537,12.077623988912244,12.109874725341797,115789000
2016-04-28,11.924436569213867,12.158249020810223,11.900249286331446,12.029249153570834,78639300
2016-04-29,11.738998413085938,11.97281084398402,11.634185838007516,11.876060183219483,122128100
2016-05-02,11.908312797546387,11.916374713134026,11.609999622706233,11.755124867882534,68882800
2016-05-03,11.577749252319336,11.698687208740639,11.40843672844942,11.698687208740639,110549000
2016-05-04,11.392313003540039,11.505188284418901,11.287500407488226,11.360063033131784,99269700
2016-05-05,11.327814102172852,11.545501230178727,11.287501443238426,11.408438651141688,73145900
2016-05-06,11.376187324523926,11.40037537834731,11.126250252881686,11.150437537805146,76595100
2016-05-09,11.279436111450195,11.440685940457737,11.214936179847179,11.351998726728548,55399600
2016-05-10,11.529376983642578,11.553564272189439,11.327814451651973,11.352001740198835,59870500
2016-05-11,11.448750495910645,11.690625663416496,11.440687810917126,11.48906315197828,68088900
2016-05-12,11.400374412536621,11.66643683085432,11.327811795013638,11.529374279733098,72567100
2016-05-13,11.190751075744629,11.585813425927908,11.182688390500076,11.408438195047665,86193900
2016-05-16,11.231062889099121,11.303625513047345,11.126250295496122,11.142374895873546,57848600
2016-05-17,11.295561790466309,11.39231169054034,11.14237387200753,11.198811890392275,76273800
2016-05-18,11.843812942504883,11.89218828401006,11.295563429212669,11.303626114280192,150748500
2016-05-19,11.714812278747559,11.988937401632072,11.63418774012853,11.771250301570786,106156900
2016-05-20,11.706750869750977,11.851875353105775,11.634188243623603,11.803500781620825,81214000
2016-05-23,11.666440963745117,11.771253585197577,11.610002925178327,11.722878233411775,66303200
2016-05-24,11.835749626159668,11.892186877155837,11.714811671153749,11.771249691049796,96183700
2016-05-25,12.029247283935547,12.214684372045804,11.956684677666406,11.956684677666406,123498700
2016-05-26,11.851876258850098,12.08568875596231,11.843813573353122,12.077626070465335,65356600
2016-05-27,11.997002601623535,11.997002601623535,11.843814638997989,11.900252673654807,62411300
2016-05-31,11.924436569213867,12.134061737927803,11.876061234549168,12.117936370072949,85635900
2016-06-01,12.021515846252441,12.053875212764916,11.689832146622543,11.811180349675436,62612100
2016-06-02,12.086233139038086,12.1185925016945,11.948706426379367,12.094323172579205,64327300
2016-06-03,11.665562629699707,11.730281361698772,11.479495696571284,11.69792199569924,148600900
2016-06-06,11.746461868286133,11.89207863495763,11.625113662633687,11.681742362366593,80949300
2016-06-07,11.608931541442871,11.811177730168302,11.600841508731937,11.762638305410686,67447100
2016-06-08,11.673652648925781,11.697921980516897,11.568484516686759,11.608933917010713,58292900
2016-06-09,11.479496002197266,11.584664137372743,11.390507936206399,11.584664137372743,74814900
2016-06-10,11.188262939453125,11.325790456719666,11.123544198563957,11.30961038574325,90725700
2016-06-13,11.002192497253418,11.252977328332612,10.98601243253453,11.034551855183249,71925000
2016-06-14,10.727141380310059,11.107363778196657,10.65433260622294,10.969837036764375,85377800
2016-06-15,10.79185962677002,11.050734570372047,10.743320189090547,10.824218994720274,100659100
2016-06-16,10.767589569091797,10.783768866224062,10.532983974362928,10.702870066038326,90152000
2016-06-17,10.840397834777832,10.945565969048328,10.743319735030024,10.824218537240608,89022300
2016-06-20,10.953653335571289,11.204438944133303,10.929384009422696,11.115450129075183,89874000
2016-06-21,11.01837158203125,11.042640907142534,10.880844120554075,11.01837158203125,73810800
2016-06-22,11.010284423828125,11.147811921203962,10.994105126699981,11.002195161018122,77980500
2016-06-23,11.358148574829102,11.366238609425311,11.180171671253277,11.1963517404457,82494600
2016-06-24,10.516805648803711,10.872758731299585,10.492536313328786,10.557255055600763,231499200
2016-06-27,9.853435516357422,10.330736691439938,9.748267395448726,10.330736691439938,250847700
2016-06-28,10.274106979370117,10.290287045967474,9.990962757488713,10.16893886101141,150136300
2016-06-29,10.670510292053223,10.694780394085345,10.45208477432087,10.573432198449055,118484000
2016-06-30,10.735231399536133,10.82421947244979,10.5734337811357,10.816129437228126,125773900
2016-07-01,10.597701072692871,10.735228548909332,10.532982351121362,10.670509055829806,88888100
2016-07-05,10.306465148925781,10.468261938644405,10.217477107457524,10.460172677789437,98246500
2016-07-06,10.403546333312988,10.452085770495355,10.071862622342715,10.128492094306841,94983300
2016-07-07,10.524892807006836,10.605790826975523,10.387365324401209,10.41163465324101,101100300
2016-07-08,10.65433120727539,10.775678633815133,10.60579177375462,10.743319268637327,92698900
2016-07-11,10.686694145202637,10.840400988307083,10.678604108326514,10.751412897194864,67267300
2016-07-12,10.953653335571289,11.002192759376442,10.840395194364579,10.848485226916765,89070600
2016-07-13,10.872756958007812,10.98601512426607,10.775678860432794,10.92129639254939,74595600
2016-07-14,11.042645454406738,11.147813601873539,11.03455619037718,11.10736419569273,97852100
2016-07-15,11.050736427307129,11.155904583694664,10.937479006203874,11.147814547470627,78652500
2016-07-18,11.414775848388672,11.511853936894578,11.180170274955715,11.1963503421274,187187100
2016-07-19,11.536124229431152,11.625112285830573,11.3500573114039,11.374327412564897,96940100
2016-07-20,11.649382591247559,11.673652694441445,11.536125195708665,11.608933962274037,79277900
2016-07-21,11.54421615600586,11.706012999401233,11.53612612095904,11.673653630722159,65376300
2016-07-22,11.633203506469727,11.649382804053062,11.471406673095576,11.536125406445237,46604800
2016-07-25,11.625110626220703,11.64129069135149,11.552301876148102,11.576571973844281,46420800
2016-07-26,11.75455093383789,11.770731002922798,11.57657480295286,11.584664065987157,60205600
2016-07-27,11.83544635772705,11.892075040342817,11.68982886356315,11.786906935836438,100986000
2016-07-28,11.875899314880371,11.883988578035522,11.697922409828145,11.786910476600173,72049500
2016-07-29,11.722192764282227,11.892079649482328,11.714102728913595,11.778822240354419,63276500
2016-08-01,11.592753410339355,11.811179700932348,11.536124714929961,11.746460971462152,61460900
2016-08-02,11.430956840515137,11.689831764144843,11.398597475061422,11.552304268089529,83776300
2016-08-03,11.714098930358887,11.714098930358887,11.406685401118828,11.414774662356102,65305400
2016-08-04,11.714098930358887,11.762638355322467,11.617020851939714,11.714098930358887,46176600
2016-08-05,12.175223350524902,12.183313384986674,11.932527717228789,11.932527717228789,120947800
2016-08-08,12.239941596984863,12.272300962038363,12.070054737576964,12.19949219779096,71960300
2016-08-09,12.288482666015625,12.288482666015625,12.191404551838387,12.2237639232308,49973300
2016-08-10,11.98106575012207,12.280390046598743,11.95679564957754,12.264209979569056,79080700
2016-08-11,12.037696838378906,12.110505611492385,11.932528696271461,11.997247434259394,68945400
2016-08-12,12.061965942382812,12.061965942382812,11.892079065524962,11.948708538816378,63031300
2016-08-15,12.150954246520996,12.15904350962632,12.094324775734737,12.110504844961715,48592100
2016-08-16,12.272300720214844,12.288480016668723,12.078144533719662,12.110503898135526,80307500
2016-08-17,12.256119728088379,12.328928485411003,12.199491037507693,12.264209761459348,93407300
2016-08-18,12.264213562011719,12.328932306019041,12.183315517756709,12.223764154130071,62804300
2016-08-19,12.312749862670898,12.337019192601293,12.175222373885187,12.23994110137163,59834800
2016-08-22,12.280391693115234,12.337020392295619,12.231852257026217,12.296570990806131,60877100
2016-08-23,12.417919158935547,12.466457823374359,12.345110390769165,12.345110390769165,67817900
2016-08-24,12.458365440368652,12.539264227861286,12.4260060796732,12.434096112724069,65484900
2016-08-25,12.563535690307617,12.571625724733146,12.458367557300182,12.47454762615124,67714400
2016-08-26,12.773871421813965,12.862859482246735,12.60398456352732,12.628253894280236,126886300
2016-08-29,12.814318656921387,12.951846127145284,12.765779232103784,12.790049330266577,120144900
2016-08-30,13.097466468811035,13.129825063692135,12.78196206788472,12.814321434273971,121280600
2016-08-31,13.117786407470703,13.19906172930416,12.906471965881762,13.174678667694776,127664300
2016-09-01,12.987743377685547,13.12591092639273,12.800811267728019,13.12591092639273,128812600
2016-09-02,13.003998756408691,13.052763317689937,12.857703522367501,12.95523342002872,100997300
2016-09-06,12.825190544128418,13.052760251886864,12.760170627626005,13.044632568549426,96542200
2016-09-07,12.760170936584473,12.882083864302249,12.71953329401188,12.776426303652935,63310300
2016-09-08,12.89021110534668,12.955231025101124,12.74391667344847,12.817064276946867,69292700
2016-09-09,12.792684555053711,13.125911924293415,12.792684555053711,12.930852114265118,135182500
2016-09-12,12.922723770141602,12.955233736823642,12.581368732430805,12.719536284604162,109724000
2016-09-13,12.776430130004883,12.890214633166641,12.638262568938064,12.735792475261913,89317600
2016-09-14,12.703280448913574,12.873957951110059,12.646388206547638,12.735790412422492,75528100
2016-09-15,12.735791206359863,12.800811137430982,12.662643590130177,12.711408925982875,67322600
2016-09-16,12.589499473571777,12.743922434116731,12.581371786153847,12.72766705928087,90926200
2016-09-19,12.670771598815918,12.825193745278055,12.638261632450272,12.638261632450272,66186400
2016-09-20,12.678898811340332,12.808938671953266,12.60575119597088,12.792683301827294,68210400
2016-09-21,12.719535827636719,12.86583105999941,12.5082214393446,12.768301163457188,95464600
2016-09-22,12.678898811340332,12.768301021737047,12.597623510907894,12.752045651611075,75611300
2016-09-23,12.613877296447754,12.735789456682797,12.597621928363822,12.622004205391107,51604400
2016-09-26,12.264397621154785,12.548859656029146,12.207505369199673,12.516349687040682,94972100
2016-09-27,12.426946640014648,12.467584292323536,12.036827038086317,12.199376872223121,81992600
2016-09-28,12.500092506408691,12.508220190750569,12.31315964203872,12.483837137724937,66076400
2016-09-29,12.321288108825684,12.597623193208632,12.240013585541616,12.500093300208537,78997700
2016-09-30,12.719535827636719,12.784555758664867,12.329416241467836,12.40256385764918,119428700
2016-10-03,12.703280448913574,12.784554970136535,12.597622873734926,12.670770485404658,69873100
2016-10-04,12.841446876525879,13.044633549552374,12.735789310488997,12.7601715872364,98501500
2016-10-05,13.093403816223145,13.190932954221632,12.971490843527338,12.971490843527338,86056900
2016-10-06,13.182802200317383,13.190929884959058,13.03650852735923,13.14216532730634,75886700
2016-10-07,13.109655380249023,13.207186051640313,12.987743203657983,13.158421491043384,99605400
2016-10-10,13.247823715209961,13.329099021171483,13.150294588214152,13.182803780480247,64158500
2016-10-11,13.093403816223145,13.27220826935217,13.02025618762543,13.215316013820104,77374000
2016-10-12,13.028383255004883,13.199060013489941,13.012127882711747,13.077147821686667,67165800
2016-10-13,12.865830421447754,13.077145574350682,12.678898322794248,13.077145574350682,78637000
2016-10-14,13.003998756408691,13.190930866484678,12.95523342002872,13.125910934710532,108865700
2016-10-17,13.044634819030762,13.16654853992799,12.92272264833089,13.142165485709073,101795500
2016-10-18,13.215315818786621,13.223443505199496,13.09340362298886,13.158423564094178,71433100
2016-10-19,13.385990142822266,13.434756252410265,13.23156877971911,13.247822599384383,97969000
2016-10-20,13.459136962890625,13.516029203855808,13.337224796508474,13.369735534315609,88081200
2016-10-21,13.548538208007812,13.548538208007812,13.329095406481205,13.37785995675475,77954900
2016-10-24,13.629816055297852,13.654197559921519,13.499776196646971,13.613560685417143,68244800
2016-10-25,13.589178085327148,13.67045338725299,13.55666889467528,13.581050400114819,49350300
2016-10-26,13.711092948913574,13.711092948913574,13.507905452369018,13.524159273942425,58730400
2016-10-27,13.743597030639648,13.898019904634756,13.702960166523726,13.776107762089987,97937300
2016-10-28,13.556671142578125,13.80049553858801,13.410375884893112,13.776114029105642,115123600
2016-10-31,13.410371780395508,13.597303863468838,13.410371780395508,13.556666993304107,70387600
2016-11-01,13.499775886535645,13.613560372692005,13.272205364025565,13.459137462767401,88587100
2016-11-02,13.394120216369629,13.459140157218116,13.231571139347245,13.377864843608089,119202000
2016-11-03,13.394120216369629,13.54854315720891,13.36973870742499,13.394120216369627,69690400
2016-11-04,13.451008796691895,13.581048642868462,13.28845976406981,13.434754978567758,82437400
2016-11-07,13.824878692626953,13.849261752473446,13.694838807174428,13.702966493789924,91581900
2016-11-08,13.816751480102539,13.906154485742958,13.581053210758801,13.670456216399222,95842800
2016-11-09,14.605113983154297,14.670133907974343,14.141846825036813,14.353161968251282,319516900
2016-11-10,15.247191429138184,15.434123572331472,14.832688709319768,14.840816396006137,304986400
2016-11-11,15.458505630493164,15.466633316652759,15.141532071059416,15.149659757219013,212952500
2016-11-14,16.32002067565918,16.417551362154523,15.767350402646795,15.775478089037879,320959900
2016-11-15,16.385046005249023,16.401301383377206,15.929906269047157,16.084329260868536,190293100
2016-11-16,16.05181121826172,16.22248796053832,15.994918970836187,16.076194274385866,126734500
2016-11-17,16.32002067565918,16.433805184739022,16.011176343786317,16.059940911935154,167979200
2016-11-18,16.254995346069336,16.36877981742873,16.149338558406637,16.30375989805234,120620200
2016-11-21,16.523208618164062,16.53946399137253,16.263128847619452,16.336276476859837,117479100
2016-11-22,16.498821258544922,16.63698879441321,16.352527588387886,16.52320431200308,104771800
2016-11-23,16.71014404296875,16.791419374783764,16.417555018711926,16.59635950854654,110801300
2016-11-25,16.953962326049805,16.970216144860526,16.661371884694468,16.75890254854535,62610400
2016-11-28,16.498821258544922,16.945834604094003,16.458184386311963,16.79953938373966,108651200
2016-11-29,16.490699768066406,16.69388728684378,16.45818902096711,16.563845848644338,114216800
2016-11-30,17.228967666625977,17.286071001421295,16.902660229025567,16.943449436700206,191699600
2016-12-01,17.538955688476562,17.897892891720403,17.40843335201498,17.473694520245772,199233900
2016-12-02,17.31869888305664,17.53895591212504,17.14738889774722,17.530798071498545,128468700
2016-12-05,17.816314697265625,17.840788216985224,17.506323004612828,17.514480844519362,130377300
2016-12-06,18.077354431152344,18.077354431152344,17.718417352685496,18.0202511232948,120789200
2016-12-07,18.411823272705078,18.411823272705078,17.906049638789344,18.10183313152597,168005200
2016-12-08,18.721811294555664,18.95838238502367,18.509712163407592,18.591288991687403,182693900
2016-12-09,18.83602523803711,18.90128641482404,18.5831383724814,18.721818567647276,130590400
2016-12-12,18.4444580078125,18.966547417309986,18.387354673142358,18.762606047231383,136986000
2016-12-13,18.4444580078125,18.664713504976017,18.18341330306376,18.599452328788832,118204100
2016-12-14,18.493396759033203,19.007328139655385,18.11814396579675,18.19972079527847,225340900
2016-12-15,18.89312171936035,19.080747340064043,18.599445752381616,18.68102258275889,162025800
2016-12-16,18.485239028930664,19.023643928340405,18.477081190339778,18.893121622783415,147497700
2016-12-19,18.338407516479492,18.53419104389272,18.216043006339874,18.436300058160686,97508900
2016-12-20,18.526031494140625,18.623924026795162,18.444456198869037,18.46077032435394,83879500
2016-12-21,18.460765838623047,18.534184831286815,18.330243530764935,18.534184831286815,61079100
2016-12-22,18.387348175048828,18.542342441250145,18.330243304610388,18.43629365090458,67123500
2016-12-23,18.436302185058594,18.47708984116087,18.297621975981784,18.36288315931503,38187800
2016-12-27,18.4444580078125,18.550506835635737,18.387354673142358,18.526033311084603,39988600
2016-12-28,18.216041564941406,18.49340192915047,18.158938235124666,18.452614280981095,52652900
2016-12-29,17.94683837890625,18.26498637953773,17.75921271473635,18.216040892351884,79188400
2016-12-30,18.028411865234375,18.158934177348847,17.90604739212064,17.96315070917714,72605900
2017-01-03,18.37919044494629,18.501554913282558,18.10998799222704,18.436293759773307,99298100
2017-01-04,18.721811294555664,18.729967577029917,18.436293173550624,18.534184122727527,76875100
2017-01-05,18.501556396484375,18.705497712043595,18.232353922184153,18.615763035293938,86826400
2017-01-06,18.501556396484375,18.640236553302596,18.403663880398494,18.583133233897815,66281500
2017-01-09,18.395505905151367,18.526028221669034,18.273141427909646,18.362876103996324,75901500
2017-01-10,18.713653564453125,18.876805666008533,18.387347805393716,18.42813544179542,100977700
2017-01-11,18.8197078704834,18.8197078704834,18.5341896641136,18.713659051176986,92385600
2017-01-12,18.697341918945312,18.86049561162774,18.444455095641587,18.770760925057512,120474200
2017-01-13,18.770761489868164,19.097067329102607,18.599449951801972,18.933913631510897,161930900
2017-01-17,17.987627029418945,18.59129481417934,17.954997221457045,18.50156011937324,152495900
2017-01-18,18.460765838623047,18.477081516092472,18.028411277323794,18.191563384172113,124366000
2017-01-19,18.37919044494629,18.60760370425436,18.281297936708093,18.542342550745104,75990800
2017-01-20,18.46892738342285,18.705500086355414,18.37103641086031,18.485243064166262,102564900
2017-01-23,18.403663635253906,18.56681730790751,18.289456997965626,18.45261067061923,61385600
2017-01-24,18.721811294555664,18.844175759001086,18.338400668425134,18.444451011973463,98508700
2017-01-25,19.064434051513672,19.10522169050967,18.84417706665843,19.023644856568982,99753300
2017-01-26,19.121545791625977,19.21127894813482,18.991023422204588,19.09707226387845,84146400
2017-01-27,19.05628204345703,19.12970106087388,18.991020867525297,19.113385377903654,54590200
2017-01-30,18.721811294555664,18.925752587280893,18.526026284304688,18.925752587280893,91561200
2017-01-31,18.46892738342285,18.7870769341235,18.354720730116902,18.574977752306054,91044300
2017-02-01,18.672866821289062,18.94206930231601,18.615763500457405,18.738127981660785,103630900
2017-02-02,18.53418731689453,18.591292195695814,18.362877348337236,18.55050299655204,88679100
2017-02-03,18.999176025390625,19.04812151143862,18.7218156778704,18.88496781668004,116035100
2017-02-06,18.860496520996094,19.072594153381143,18.81970731788435,18.884968486914136,92228400
2017-02-07,18.68102264404297,18.999172127963178,18.64839284535419,18.991014289303827,87982900
2017-02-08,18.493396759033203,18.54234223434279,18.313928978932314,18.54234223434279,102264500
2017-02-09,18.860496520996094,18.884968486914136,18.468927950868377,18.566820482387556,102634200
2017-02-10,18.827863693237305,18.958386021139038,18.72997116933656,18.917598377150576,90548300
2017-02-13,19.08890724182129,19.203115439072516,18.90128160083906,18.90128160083906,105342500
2017-02-14,19.6273136138916,19.71704829905424,19.031805290055132,19.088908614813572,139711400
2017-02-15,20.051515579223633,20.20651145719525,19.668106361029825,19.855732049340677,151233300
2017-02-16,20.051515579223633,20.08414694551205,19.823100683052257,20.0188857688844,98144500
2017-02-17,20.002559661865234,20.05150512984187,19.741515091392014,19.80677623401032,85789200
2017-02-21,20.21466827392578,20.230982400293716,20.05151456265361,20.05967240381213,78571500
2017-02-22,20.222822189331055,20.353344510631516,20.018880867805485,20.075984188880835,81531900
2017-02-23,20.051515579223633,20.304402444162136,19.994412244168085,20.22282714033946,85846000
2017-02-24,19.765995025634766,19.86388755704917,19.594685040595813,19.676261890782982,97074400
2017-02-27,20.04334831237793,20.116767296052814,19.733358258154983,19.741516095890912,69129100
2017-02-28,20.133087158203125,20.149402837067825,19.920988000808343,19.96993348145367,90242000
2017-03-01,20.86542510986328,20.95543332544484,20.636313997788296,20.759053041105613,143947500
2017-03-02,20.64449691772461,21.110900292928935,20.619950357361297,21.01271093009212,99824600
2017-03-03,20.816328048706055,20.988160192595306,20.701771725421636,20.701771725421636,92456100
2017-03-06,20.660860061645508,20.742685562146782,20.521757179000822,20.726320149908204,75660400
2017-03-07,20.62812614440918,20.75086515710473,20.538119511974852,20.636308849301642,64053700
2017-03-08,20.669042587280273,21.086351231570337,20.63631176308893,20.947248350140317,105314600
2017-03-09,20.74268913269043,20.889974746807418,20.644498203048478,20.74268913269043,78984600
2017-03-10,20.70995330810547,20.963612498219025,20.529938467981996,20.963612498219025,86998800
2017-03-13,20.701766967773438,20.791775152377458,20.56266411915415,20.701766967773438,56886200
2017-03-14,20.718135833740234,20.734501244707022,20.49720746776307,20.611763783839095,63182700
2017-03-15,20.603580474853516,20.90633276541368,20.423564080874716,20.77541260289716,114662700
2017-03-16,20.636310577392578,20.85723894591553,20.611764021351036,20.652675988547948,70306200
2017-03-17,20.34174346923828,20.677226635518302,20.31719534950132,20.63631310262336,105222400
2017-03-20,19.998071670532227,20.259911960704294,19.98170626222366,20.112626407309698,87287500
2017-03-21,18.836156845092773,20.096263807843005,18.778879468698417,20.04716913674662,259545800
2017-03-22,18.77069664001465,18.96707688380077,18.369753447198217,18.5334028700076,167984400
2017-03-23,18.8770694732666,19.22073530438305,18.746149305288096,18.852522917202823,111666800
2017-03-24,18.91798210144043,19.106179638872295,18.623410957153038,18.98344218231636,113499100
2017-03-27,18.844341278076172,18.86070512948093,18.13246145880054,18.230652370687096,119513500
2017-03-28,19.212556838989258,19.368025158034747,18.81979624837189,18.8279789557629,95761700
2017-03-29,19.106182098388672,19.351657043100243,19.073451273391587,19.237102276993728,67204500
2017-03-30,19.531673431396484,19.621680078627058,19.089816658714696,19.130728629211173,79189200
2017-03-31,19.302562713623047,19.613497753232057,19.302562713623047,19.498942985064264,77158300
2017-04-03,19.302562713623047,19.433482894583857,18.885254051551087,19.351657391310436,88076600
2017-04-04,19.179821014404297,19.23709838587196,18.983440786218885,18.983440786218885,75244400
2017-04-05,18.95888900756836,19.539846875227777,18.94252360154361,19.449840263473696,97453300
2017-04-06,19.032535552978516,19.196184963646225,18.78705909593996,18.958892771936082,82975200
2017-04-07,18.950712203979492,19.097997782670713,18.762514658181377,18.844340153086666,79519400
2017-04-10,18.836156845092773,19.048902500765713,18.746148647506523,18.92616348198757,63254700
2017-04-11,18.754337310791016,18.778885434483524,18.47613148504371,18.680694500405437,94206700
2017-04-12,18.533401489257812,18.77069524158633,18.500672231410864,18.721599013778917,76556300
2017-04-13,18.279748916625977,18.787064257987645,18.279748916625977,18.459763786029832,88061800
2017-04-17,18.664321899414062,18.680687308908883,18.21428406314592,18.29610954992868,85053200
2017-04-18,18.582496643066406,18.942527852960353,18.31247362581879,18.909798594256195,146488400
2017-04-19,18.607046127319336,18.942529247362298,18.557951455303446,18.754331704058487,101771800
2017-04-20,18.8770694732666,18.958894968426044,18.67250651571375,18.787061272522063,103802600
2017-04-21,18.582496643066406,18.88525047970955,18.484307306262565,18.844338516156512,127235400
2017-04-24,19.33529281616211,19.515309243300653,19.01617505633175,19.01617505633175,138638900
2017-04-25,19.621675491333008,19.92442930857856,19.564398121751996,19.62985819565762,131531100
2017-04-26,19.54804229736328,19.793518865383163,19.523495733045717,19.638050528373107,95172200
2017-04-27,19.351652145385742,19.58076318030464,19.196183887380375,19.556215067769717,80024200
2017-04-28,19.098005294799805,19.408940424915276,19.08163987724317,19.286202914624752,69384900
2017-05-01,19.31892967224121,19.44984986367774,19.1061839709839,19.245286869471688,72382900
2017-05-02,19.253463745117188,19.36801848775536,19.089812775041526,19.31892382100919,60262600
2017-05-03,19.449844360351562,19.458027065087528,19.097995860161863,19.122543974369755,64272800
2017-05-04,19.51530647277832,19.678955902490372,19.41711556639788,19.62167852405658,68133400
2017-05-05,19.425296783447266,19.629859725430524,19.310742035357887,19.621677020468226,56678800
2017-05-08,19.60531997680664,19.687145500655983,19.433487781345875,19.433487781345875,56016500
2017-05-09,19.621675491333008,19.891698491280113,19.53166886514482,19.662589012956065,61622000
2017-05-10,19.760778427124023,19.77714383584253,19.531668947830067,19.5643982045758,48495300
2017-05-11,19.69532585144043,19.82624604965048,19.507128261599966,19.719873973864264,68350800
2017-05-12,19.638046264648438,19.638046264648438,19.433483282725017,19.57258617286061,62589000
2017-05-15,19.6871395111084,19.752599598134108,19.62167942408269,19.6871395111084,50688800
2017-05-16,19.62986183166504,19.77714741540698,19.588949863155193,19.695321917695725,55774800
2017-05-17,18.46794319152832,19.188005661806656,18.37793499257066,19.12254557911694,190353300
2017-05-18,18.607046127319336,18.819791786976833,18.410665878564295,18.50067407783633,108444100
2017-05-19,18.860706329345703,19.065269311489114,18.713422293183473,18.746151558766737,89566700
2017-05-22,18.852519989013672,19.016169393222885,18.67250361548489,18.975257432343398,74839400
2017-05-23,19.1389102935791,19.228918496601512,18.688872399850155,18.84434068851844,79020000
2017-05-24,19.114360809326172,19.204367437871557,18.999804506472746,19.17982088494614,58823200
2017-05-25,19.02436065673828,19.294383777825598,18.999812532751445,19.155280863284133,60443500
2017-05-26,19.01617431640625,19.163459910809866,18.958896932069663,19.007991609973644,50399500
2017-05-30,18.746156692504883,18.99163171402498,18.72160856607602,18.926171604240146,61307900
2017-05-31,18.39725112915039,18.71741698191394,18.134550781670804,18.70099938455965,138636300
2017-06-01,18.57785987854004,18.586069461297875,18.30694991080267,18.45471926880811,69725100
2017-06-02,18.430089950561523,18.545020964216715,18.19201677562706,18.282320609680493,79722300
2017-06-05,18.39725112915039,18.635324297689753,18.38083196597852,18.421879873908196,51590300
2017-06-06,18.249481201171875,18.397250533297566,18.11813103168627,18.224854023029284,71735600
2017-06-07,18.553232192993164,18.569651358063613,18.282322232601814,18.306949414389724,66429700
2017-06-08,18.856979370117188,19.054004658236238,18.553232638115325,18.569651803579696,93685900
2017-06-09,19.431636810302734,19.431636810302734,19.05400384973496,19.062213432118796,108254300
2017-06-12,19.521944046020508,19.735388527669922,19.480896126962154,19.554780815449185,85829900
2017-06-13,19.51372718811035,19.792846670388233,19.423423365662384,19.661496510000692,68047300
2017-06-14,19.505517959594727,19.546564298275523,19.045792389936487,19.333119892336978,102352400
2017-06-15,19.32491683959961,19.66150191382793,19.267449758545386,19.3331248567895,69707500
2017-06-16,19.2346134185791,19.390592367547125,19.185357485258947,19.341334868409085,57745800
2017-06-19,19.62865447998047,19.702539126971985,19.37416378801921,19.382373367220172,58587800
2017-06-20,19.283863067626953,19.69433269843847,19.27565348711264,19.628657620141322,59693500
2017-06-21,18.98832893371582,19.349542732887432,18.939073004770794,19.292077221481943,72432800
2017-06-22,18.824142456054688,19.045796490616393,18.799513708053013,18.980121395096383,64763300
2017-06-23,18.733835220336914,18.971908377124393,18.668160136708902,18.971908377124393,85399600
2017-06-26,18.79130744934082,18.996542354871647,18.659957235066535,18.807726617579622,61307800
2017-06-27,19.103260040283203,19.374169977189847,18.88160602850023,18.963700280918104,88257800
2017-06-28,19.604032516479492,19.669707606963833,19.316704974246534,19.316704974246534,119049300
2017-06-29,19.965248107910156,20.25257724202168,19.73538605327519,20.178692562798208,150501200
2017-06-30,19.915990829467773,20.211529526364767,19.842106155243524,20.211529526364767,84005200
2017-07-03,20.260778427124023,20.449594055404745,20.06375321946364,20.0801708124058,58129700
2017-07-05,20.45781135559082,20.48244010302473,20.211530144522758,20.359297931672945,76172500
2017-07-06,20.285409927368164,20.61378690934568,20.268992330923282,20.441388837225734,84465400
2017-07-07,20.383922576904297,20.523482319308293,20.236153253674487,20.4578072385192,54478800
2017-07-10,20.433177947998047,20.515272188236896,20.227943130309622,20.29361820933722,54632800
2017-07-11,20.195110321044922,20.44960110629252,20.080177735918827,20.424972359661705,69410600
2017-07-12,19.989877700805664,20.195112581582276,19.948829785159614,20.047343216892255,68708700
2017-07-13,20.21152687072754,20.219734886058248,20.00629203947482,20.055547960546573,55533400
2017-07-14,19.874942779541016,19.965246617588416,19.554776904016883,19.866734763189157,92625400
2017-07-17,19.718963623046875,19.883150554058012,19.645078956055716,19.883150554058012,81522000
2017-07-18,19.620452880859375,19.751803069863563,19.382381250470946,19.628662463399355,107981400
2017-07-19,19.751800537109375,19.86673311211367,19.546565697380174,19.743590955622096,74140100
2017-07-20,19.65329360961914,19.80106298173791,19.562989756475904,19.718968712136597,62793500
2017-07-21,19.538354873657227,19.669705037467356,19.423423871777732,19.57119319751849,65922500
2017-07-24,19.62865447998047,19.727167864574866,19.48088518599744,19.4890947651984,51382700
2017-07-25,20.09659767150879,20.252576607853936,19.89957238835491,19.907781970880208,86154700
2017-07-26,19.874942779541016,20.252575730252026,19.817477270171832,20.252575730252026,65704700
2017-07-27,19.7928466796875,20.07196616209652,19.72717159946287,19.915987259381495,62902100
2017-07-28,19.7271671295166,19.874934852176498,19.66970007725117,19.743584721489654,50143400
2017-07-31,19.80105972290039,19.948827504881738,19.776430976327983,19.80105972290039,62272000
2017-08-01,20.07197380065918,20.104810570359096,19.924204422464502,19.94062359022347,52782500
2017-08-02,20.186899185180664,20.186899185180664,19.915989256362696,20.06375859313933,55317100
2017-08-03,20.006296157836914,20.195111865661552,19.96524824364602,20.15406395147066,53210600
2017-08-04,20.498857498168945,20.589161338710195,20.236157124759206,20.26078587194802,105206600
2017-08-07,20.490642547607422,20.56452720399973,20.44138663195166,20.531690448834997,41860900
2017-08-08,20.441390991210938,20.81081435195441,20.375715901058506,20.482438901192246,73399300
2017-08-09,20.310041427612305,20.33467017434893,20.080177822190244,20.195110407810127,56910400
2017-08-10,19.80105972290039,20.17869110877111,19.776430976327983,20.17869110877111,78023700
2017-08-11,19.587614059448242,19.899570334117453,19.538356569381314,19.76001057722969,68157400
2017-08-14,20.047340393066406,20.10480590105853,19.84210554119874,19.891361467218037,54989500
2017-08-15,20.08838653564453,20.400344384212616,20.07196893768119,20.31825013112535,45143200
2017-08-16,19.858524322509766,20.211528511451284,19.768220488366318,20.145853422751767,59188900
2017-08-17,19.407005310058594,19.84210371977209,19.390587713437668,19.760009473397417,78969300
2017-08-18,19.390586853027344,19.620448853695837,19.251027110128284,19.341329367897714,60461200
2017-08-21,19.193559646606445,19.407004046961642,18.99653440762105,19.357748128669645,70124800
2017-08-22,19.562986373901367,19.612242300818284,19.34954193617115,19.37417068253845,59228600
2017-08-23,19.505517959594727,19.677914461035023,19.365958215935578,19.38237737773488,39825500
2017-08-24,19.57119369506836,19.6532879409911,19.439843527918974,19.645078359817074,39178700
2017-08-25,19.51372718811035,19.760008347382637,19.497308026607556,19.612239025492297,43511900
2017-08-28,19.472679138183594,19.620448458964717,19.349538559471796,19.57119254064348,37155000
2017-08-29,19.357757568359375,19.456271018800248,18.980126067608744,19.062218782854934,60897200
2017-08-30,19.696062088012695,19.836335734427866,19.440267949720358,19.58054159613553,58412900
2017-08-31,19.71256446838379,19.836336541418042,19.621800275006564,19.828084964960606,62362400
2017-09-01,19.877586364746094,19.951848954807303,19.6382954470318,19.720809610858343,56233900
2017-09-05,19.233980178833008,19.663052625283456,19.16796915428886,19.663052625283456,108605400
2017-09-06,19.316490173339844,19.456763766872655,19.1514618607742,19.382501183600777,64188900
2017-09-07,18.953432083129883,19.316493488793636,18.771902167211454,19.291738765511937,103501200
2017-09-08,18.887422561645508,19.167969819145895,18.854417835142122,18.920428861975918,68365000
2017-09-11,19.27523422241211,19.316490514368578,19.04419489550658,19.159713772046015,73741000
2017-09-12,19.76207160949707,19.828082639587713,19.349502277973766,19.357752279636383,99658500
2017-09-13,20.075618743896484,20.09212189087659,19.69605580631437,19.737312099937917,86339800
2017-09-14,20.00135612487793,20.248898607710313,19.96835140479631,20.11687500590368,70051000
2017-09-15,20.11687660217285,20.141631324568387,19.927095118620947,19.976602989585174,85937600
2017-09-18,20.38092613220215,20.438685588292113,20.141635158312702,20.149886734015148,68076400
2017-09-19,20.512948989868164,20.6202163304981,20.314915886824835,20.380926921172613,56218100
2017-09-20,20.6779727935791,20.82649799280423,20.356169244475968,20.52944759435397,82289900
2017-09-21,20.760482788085938,20.859500092242126,20.56244975360022,20.66971705709499,57864000
2017-09-22,20.64496612548828,20.686222421912326,20.50469251428897,20.636714551438107,61446000
2017-09-25,20.430429458618164,20.694473526932004,20.28190427673493,20.578954640501397,62361700
2017-09-26,20.471681594848633,20.595452029995794,20.372665876261493,20.48818473922198,53012700
2017-09-27,20.966772079467773,21.156553583183214,20.776990575752333,20.88425790320936,92877400
2017-09-28,20.99977684020996,21.156552032399553,20.909011095596174,21.115295734207955,64991400
2017-09-29,20.909013748168945,21.02453265682197,20.8842590218174,20.966773202495457,66232600
2017-10-02,21.140052795410156,21.16480594753194,20.950269710789755,21.008029164176676,54001400
2017-10-03,21.338085174560547,21.39584462603382,21.14005209501203,21.24731942291568,55946900
2017-10-04,21.214309692382812,21.412344313736078,21.206059692500958,21.338081724185294,53402800
2017-10-05,21.560871124267578,21.643385299793604,21.173056545270356,21.263822295731682,62636900
2017-10-06,21.626876831054688,21.701139413381426,21.48660481313374,21.659883122678398,53900600
2017-10-09,21.329830169677734,21.676388396617778,21.2555675800601,21.668136822901733,55172500
2017-10-10,21.395843505859375,21.41234665508115,21.214312012073677,21.313329333577414,46133800
2017-10-11,21.313322067260742,21.395836211411286,21.164796922555045,21.395836211411286,51652300
2017-10-12,20.99977684020996,21.395842968626127,20.909011095596174,21.346335096030828,71770000
2017-10-13,21.313322067260742,21.453595640168746,20.727474634062034,20.942009205496493,104196900
2017-10-16,21.651634216308594,21.725896807781243,21.346333850322633,21.346333850322633,71927200
2017-10-17,21.618629455566406,21.808410933954395,21.544366864227317,21.758903064337268,48644400
2017-10-18,21.849666595458984,21.907426037306916,21.725896138095308,21.73414771176312,55382500
2017-10-19,21.93218421936035,21.94043579433032,21.577374364786753,21.618632239636593,54542700
2017-10-20,22.41901206970215,22.427263643179224,22.196224307301282,22.311744762153612,83764700
2017-10-23,22.410764694213867,22.633552498347388,22.35300524288155,22.460272570523422,69607700
2017-10-24,22.83984375,22.97186584084633,22.559296413494675,22.567547990901005,90346500
2017-10-25,22.798580169677734,23.037871133222833,22.55929077995971,23.013116407185628,81265300
2017-10-26,22.889341354370117,23.08737440164555,22.83983348600795,22.848085059706104,55342500
2017-10-27,22.938852310180664,23.07087435946709,22.790328685103663,22.83983656012933,58856700
2017-10-30,22.773822784423828,22.90584481776208,22.65830232488277,22.81507907965699,51357600
2017-10-31,22.600540161132812,22.872835768839476,22.559283870866523,22.806824760117454,50311200
2017-11-01,22.716062545776367,22.88108929475457,22.575788943540196,22.806826706875025,46527700
2017-11-02,22.996614456176758,23.05437390883011,22.509782535488437,22.699564043871465,59692000
2017-11-03,22.95535659790039,22.95535659790039,22.79032981502399,22.88109399476654,37816100
2017-11-06,22.897594451904297,22.955353897808514,22.790327134343162,22.889342877657,37261000
2017-11-07,22.427261352539062,22.914093121176197,22.295239338043558,22.88933840327333,68342100
2017-11-08,22.105464935302734,22.245736993319284,21.857922398846746,22.245736993319284,83128200
2017-11-09,21.85792350769043,21.99819714665006,21.552623076548787,21.85792350769043,95448600
2017-11-10,21.874422073364258,22.064203552810522,21.833164203597587,21.940433091164124,61105300
2017-11-13,21.78365707397461,21.849668094017716,21.569120865377798,21.668138182355886,55902200
2017-11-14,21.651634216308594,21.742399955625565,21.519612181207616,21.668137364152916,61596800
2017-11-15,22.105464935302734,22.220983841352624,21.296827871472317,21.445353078580496,98274900
2017-11-16,22.080705642700195,22.31999498057389,22.06420249558429,22.20447609841602,54565200
2017-11-17,21.965187072753906,22.055951235528035,21.816661894253095,21.87442133615302,48420700
2017-11-20,22.064207077026367,22.146721255912517,21.899180293081123,22.064207077026367,46328800
2017-11-21,22.055952072143555,22.16322096016379,22.022947350017432,22.113711516234382,57749100
2017-11-22,21.998193740844727,22.196226805099535,21.9404342938321,22.088959485479933,38103200
2017-11-24,21.9404296875,22.064200129945633,21.9239265421535,22.04769698459913,14273600
2017-11-27,21.9404296875,22.212725290411022,21.874418679940558,21.88267025261381,44828600
2017-11-28,22.806825637817383,22.856335076634167,21.92392777199785,21.965185637678506,99765000
2017-11-29,23.334915161132812,23.508193474467475,22.97185381446403,23.120378982366105,119728400
2017-11-30,23.343204498291016,23.798963981068322,23.268625443940763,23.716099770042273,122131900
2017-12-01,23.285198211669922,23.62494652427283,22.788005057935546,23.409496104970152,137774800
2017-12-04,24.080705642700195,24.287869322029596,23.881828700207983,23.906688910719552,145661700
2017-12-05,23.972976684570312,24.279577986810967,23.90668438296154,24.113848023055603,91349800
2017-12-06,23.7326717376709,24.006127744293682,23.67466615755902,23.807250792252887,74593800
2017-12-07,23.848682403564453,24.006125655732216,23.50893410915324,23.939833344152795,80706100
2017-12-08,24.07241439819336,24.1055613393352,23.832105397047606,24.047555772870126,60991300
2017-12-11,23.981273651123047,24.171863901994378,23.94812669591039,24.05585271981771,54001900
2017-12-12,24.296157836914062,24.445315949832306,23.956409504392976,24.296157836914062,76017200
2017-12-13,23.898399353027344,24.395592440838254,23.89011261716828,24.287866455203705,79980600
2017-12-14,23.807249069213867,24.18014431513568,23.790675595943252,24.080705056045396,60615800
2017-12-15,24.064138412475586,24.180149589608874,23.815541000789434,23.956412393251462,129859400
2017-12-18,24.428741455078125,24.44531492927347,24.254724717627507,24.27129819182285,70548600
2017-12-19,24.403881072998047,24.561324324954562,24.337588761507572,24.528178959476012,67984100
2017-12-20,24.428741455078125,24.727057668460315,24.403882824318604,24.66076535221244,81271200
2017-12-21,24.710477828979492,24.84306242732217,24.511600931465477,24.519887666428527,72953200
2017-12-22,24.76020050048828,24.88449996368966,24.54475168014811,24.843066282444756,54203000
2017-12-26,24.677335739135742,24.809920355044422,24.511604178983248,24.644188794891928,42371200
2017-12-27,24.635908126831055,24.635908126831055,24.528183692571943,24.57790254065048,35111800
2017-12-28,24.693912506103516,24.710485981497566,24.577901339412378,24.635906922757947,37914900
2017-12-29,24.461885452270508,24.76020004912911,24.461885452270508,24.735341421368656,40672000
2018-01-02,24.776775360107422,24.776775360107422,24.536466317566667,24.65247747048059,57121600
2018-01-03,24.693912506103516,24.80992525332826,24.602761552503452,24.776778302540162,57865700
2018-01-04,25.017086029052734,25.22424970565511,24.760201932081717,24.83478098210125,76512500
2018-01-05,25.13309669494629,25.20767574352002,24.90107281265763,25.16624364121612,56445200
2018-01-08,24.959081649780273,25.083379545597605,24.90107448990092,25.050232597095118,42914800
2018-01-09,25.08338165283203,25.307118832419306,24.967368903860688,25.025376068613173,69479100
2018-01-10,25.315397262573242,25.464555342661882,25.116520349299464,25.166240763017814,63532800
2018-01-11,25.40654945373535,25.43140966028129,25.23253274951335,25.40654945373535,59318300
2018-01-12,25.845739364624023,25.854026100912606,25.4977043431702,25.588855281277944,66371600
2018-01-16,25.88717269897461,26.342933733362237,25.713155970223024,26.301500049945137,104467900
2018-01-17,25.837453842163086,25.92860636508646,25.141383766554497,25.6882957430279,124382900
2018-01-18,26.086050033569336,26.276640238579507,25.86231288132256,25.961752142498938,76463800
2018-01-19,26.284921646118164,26.301495116376195,26.069471274363124,26.168910515378187,66491000
2018-01-22,26.46722984313965,26.46722984313965,26.168913664726144,26.24349270932952,53848800
2018-01-23,26.450658798217773,26.62467711177278,26.34293437975683,26.400939957430683,56531400
2018-01-24,26.591529846191406,26.69096752657632,26.367792694525203,26.52523595189022,81585000
2018-01-25,26.591529846191406,26.724114473726914,26.458945218655902,26.715829317472696,62265800
2018-01-26,26.682682037353516,26.682682037353516,26.47551836184777,26.608102987728774,52699900
2018-01-29,26.748973846435547,26.889846795204495,26.666109637324606,26.724115215915656,59126500
2018-01-30,26.417509078979492,26.682679889933993,26.392650451460806,26.47551623110076,60555800
2018-01-31,26.516948699951172,26.757259306200467,26.47551659982082,26.558380800081522,65734100
2018-02-01,26.931276321411133,26.931276321411133,26.48380204849169,26.516948993389423,62367400
2018-02-02,26.47551727294922,27.072146484341857,26.4009382263918,26.88155629004328,96971900
2018-02-05,25.075092315673828,26.500377882066346,24.155285059742152,25.78773588913682,155908300
2018-02-06,25.85403060913086,25.92860966819927,24.279585211494254,24.370737746029782,165878400
2018-02-07,25.895463943481445,26.30150462845119,25.572289059237576,25.787739508911386,101180500
2018-02-08,24.644187927246094,26.003180982730754,24.63590119147689,25.945175412879564,128981300
2018-02-09,25.13309669494629,25.365120577234944,24.13871043431878,25.000512070933738,143071100
2018-02-12,25.787736892700195,26.052906163694168,25.30711719389024,25.373409511638734,95055100
2018-02-13,25.837453842163086,26.019757307476418,25.48941880435879,25.721442689739458,76727300
2018-02-14,26.516948699951172,26.54180732781606,25.73801288934078,25.82916540626752,97251500
2018-02-15,26.690967559814453,26.90641955549474,26.409226411350726,26.840125661111,68117400
2018-02-16,26.492095947265625,26.732405040612186,26.45066383547497,26.51695616266027,62137800
2018-02-20,26.45895004272461,26.649540281989157,26.309791914418888,26.483808677086415,58573900
2018-02-21,26.409225463867188,26.823551225166764,26.32635967939392,26.351218308362537,72210300
2018-02-22,26.260074615478516,26.632968377723646,26.177208808134992,26.508670456975267,64749700
2018-02-23,26.541812896728516,26.566674690876436,26.318077296334554,26.35122266728662,53626300
2018-02-26,26.8649845123291,26.881557986061594,26.55838315094519,26.657820832273263,61796300
2018-02-27,26.7904109954834,27.221308706433703,26.782122677349445,26.782122677349445,69235500
2018-02-28,26.59981346130371,27.155013730174876,26.59152830552952,26.92299143569738,72044000
2018-03-01,26.183935165405273,26.907569090363843,26.084124355428195,26.67467614277452,90547100
2018-03-02,26.308696746826172,26.358603733111032,25.476932679647216,25.884498468653277,82739100
2018-03-05,26.724586486816406,26.90757246590849,25.926091974507862,26.075809794719742,70543100
2018-03-06,26.707950592041016,26.882620323148448,26.574868438874095,26.86598465738648,50832600
2018-03-07,26.76616668701172,26.807754253844983,26.267107952692616,26.36692033414203,52763900
2018-03-08,26.782800674438477,26.841023898951764,26.458411644849786,26.774481257835,53139800
2018-03-09,27.21532440185547,27.223640647388738,26.949160123792257,27.007383361310556,73905800
2018-03-12,27.31513786315918,27.489807592661474,27.148784379997043,27.19037195755538,60322800
2018-03-13,26.91588592529297,27.439898180001578,26.865978938630388,27.42326251778072,63347500
2018-03-14,26.732898712158203,27.073921879582354,26.558229005827666,27.073921879582354,58011400
2018-03-15,26.699626922607422,26.899251707045625,26.55822854553194,26.857664135725088,41964200
2018-03-16,26.75785255432129,27.090559500549947,26.682996822994863,26.707948733437004,83447600
2018-03-19,26.599817276000977,26.79944206913829,26.350288664275666,26.724583168327854,57363200
2018-03-20,26.599817276000977,26.78280640529948,26.51664054327113,26.66635993135623,44784500
2018-03-21,26.50832176208496,26.990744862013393,26.350286143662036,26.61645039376544,64546300
2018-03-22,25.41039276123047,26.19225146377323,25.302264125675467,26.150663893128414,110271900
2018-03-23,24.262563705444336,25.543479850268845,24.162751295468606,25.526845770659918,115740200
2018-03-26,25.31890106201172,25.418711871165225,24.661806624816936,24.861429829588154,83297000
2018-03-27,24.55367660522461,25.510205002638568,24.295828592049485,25.49356933989228,85821800
2018-03-28,24.445547103881836,24.919652400867022,24.129477434713102,24.77825402275103,79396100
2018-03-29,24.944608688354492,25.069373003666144,24.379008766713046,24.595267653603266,65678300
2018-04-02,24.379013061523438,25.002836334443945,23.913225461952884,24.78657740945575,86644200
2018-04-03,24.611894607543945,24.661799998712176,24.20433047566522,24.570307045981053,69698700
2018-04-04,24.85311508178711,24.927973991173634,24.0795756622337,24.121163240130922,66640800
2018-04-05,25.219093322753906,25.41039873100689,25.052741414628727,25.10264682841983,55765500
2018-04-06,24.645170211791992,25.19413599130162,24.428912936380033,24.961241466250996,79687600
2018-04-09,24.844791412353516,25.47693065713821,24.75329686455871,24.803202260417727,65917500
2018-04-10,25.352169036865234,25.435345763008502,25.144228014739117,25.352169036865234,60540500
2018-04-11,24.869749069213867,25.152549021930753,24.861431236902863,25.07769011759603,62211500
2018-04-12,25.493574142456055,25.6183384636285,25.09432768011846,25.135915258354473,57989100
2018-04-13,24.786569595336914,25.92608711267623,24.58694640131055,25.89281578710644,99254500
2018-04-16,24.894699096679688,25.260675735037708,24.512086796018107,25.019463391028264,110588900
2018-04-17,24.986196517944336,25.26067863157051,24.85311279071977,25.094325162387992,83475900
2018-04-18,24.561994552612305,25.13591064189301,24.53704105837501,24.977876604449172,79743200
2018-04-19,25.102643966674805,25.152549374776605,24.570315383017412,24.57863162898078,80902600
2018-04-20,25.1691837310791,25.393760435557876,25.061053501605215,25.1691837310791,65554600
2018-04-23,25.219093322753906,25.28563440329688,25.052741414628727,25.177505742338738,50686300
2018-04-24,25.1109561920166,25.668238148520224,24.952920584107343,25.335531271560953,81486800
2018-04-25,25.069372177124023,25.23572564969775,24.78657222562727,25.02778460221274,65893500
2018-04-26,25.011146545410156,25.185817833552132,24.94460548003801,24.986194637435688,45936700
2018-04-27,25.077688217163086,25.12759362078288,24.92797041983953,24.944606083200853,47411200
2018-04-30,24.88637924194336,25.310579077406842,24.88637924194336,25.177496962727783,55153900
2018-05-01,24.911333084106445,24.919649328235018,24.636851020408347,24.886379592328808,52871700
2018-05-02,24.60358238220215,25.011146606916842,24.586946719202167,24.911335801845237,68234600
2018-05-03,24.287511825561523,24.553676077929747,23.647053101760438,24.54535824673523,110672700
2018-05-04,24.370681762695312,24.470494129260647,23.971435469361467,24.112835396558506,58281900
2018-05-07,24.65349006652832,24.778255964111683,24.39564361202034,24.487138180524326,46765200
2018-05-08,24.894699096679688,25.061050960323097,24.67844024612559,24.761616971179333,65119800
2018-05-09,25.551795959472656,25.610020786801325,25.019467372753745,25.036103037704795,72266500
2018-05-10,25.693201065063477,25.8429189065667,25.302272379499776,25.460308055138142,54773200
2018-05-11,25.718151092529297,25.80964566918879,25.626656515869808,25.70983325951803,42024800
2018-05-14,25.884504318237305,25.97599730750774,25.809645408356868,25.817963241284076,41791600
2018-05-15,25.96767234802246,26.084120390580967,25.65992054649721,25.718143774544476,64433500
2018-05-16,25.834592819213867,25.992628444365568,25.80132307976643,25.934405210484453,43590100
2018-05-17,25.626651763916016,25.851228454183605,25.510205296279846,25.817958714772185,45981500
2018-05-18,25.1691837310791,25.610019308041416,25.14423023509338,25.593383644050935,58641700
2018-05-21,25.41039276123047,25.5185229832496,25.352169527742074,25.38544085342923,34983300
2018-05-22,25.693201065063477,25.901142159048035,25.40208480265681,25.451990221003005,61103000
2018-05-23,25.31890106201172,25.585065335040014,25.019465461622783,25.543476175839213,73893100
2018-05-24,25.12759017944336,25.293943617345366,24.81152055118629,25.28562578680387,62146200
2018-05-25,25.086009979248047,25.110963478199675,24.853115415092795,24.961245657418758,44166700
2018-05-29,24.087892532348633,24.786574647070875,23.871635217926244,24.753304901184524,135895000
2018-05-30,24.528724670410156,24.620219234866987,24.254242563503876,24.362372791764535,79435300
2018-05-31,24.25312042236328,24.436855603885636,24.077735464274863,24.386746298551557,97509300
2018-06-01,24.553781509399414,24.770923988827704,24.478616743714763,24.628946275084065,64796600
2018-06-04,24.553781509399414,24.71246285839438,24.495320378966092,24.679055587891725,43777000
2018-06-05,24.319929122924805,24.503664272432932,24.26981823337601,24.478608827658537,47690800
2018-06-06,25.088285446166992,25.096635670433393,24.453561674521428,24.461913491734084,74995800
2018-06-07,25.130041122436523,25.313776308992534,24.963007976152046,25.221909512187597,68402700
2018-06-08,25.063228607177734,25.096634281232962,24.896195458063083,25.063228607177734,49572900
2018-06-11,25.104982376098633,25.39728954724082,25.104982376098633,25.163443491737887,46732800
2018-06-12,24.971359252929688,25.280370088991926,24.846085192397574,25.19685351765515,49644600
2018-06-13,24.92125129699707,25.355536217111528,24.804329046560945,25.038173547433196,68900200
2018-06-14,24.637292861938477,25.096631583203,24.537072664654694,25.088281360296513,77863200
2018-06-15,24.45355796813965,24.562128389555845,24.111141479051476,24.42850252029929,105079500
2018-06-18,24.553781509399414,24.63729809270973,24.061035420109512,24.169607456296823,52644100
2018-06-19,24.436853408813477,24.528721787795504,24.17795349607298,24.253118243795374,65466200
2018-06-20,24.420154571533203,24.637297041698332,24.370045260863176,24.570484096489544,52256500
2018-06-21,24.461915969848633,24.595541872895595,24.21971802498451,24.395101425378737,68322600
2018-06-22,24.211360931396484,24.65399763438282,24.211360931396484,24.6038867369493,76079200
2018-06-25,23.785432815551758,24.14455302390209,23.601697598860465,24.102795526955198,73616400
2018-06-26,23.835538864135742,23.944109289831545,23.39290215918439,23.81883523158375,56369300
2018-06-27,23.584989547729492,24.094439198432536,23.584989547729492,23.810483812100948,61764400
2018-06-28,23.944110870361328,24.086088570532937,23.635100019536228,23.718616594862972,71292100
2018-06-29,23.543228149414062,24.361686906848863,23.534876334385643,24.294873979567367,102307600
2018-07-02,23.618392944335938,23.618392944335938,23.242569231949187,23.451359829287195,52534300
2018-07-03,23.20081901550293,23.743674419999603,23.16741174485263,23.66015783632019,40599000
2018-07-05,23.31774139404297,23.451367291422876,23.2258729922394,23.34279684715658,44506800
2018-07-06,23.40960693359375,23.50982554790195,23.07554063804335,23.225870152451797,39424900
2018-07-09,24.261470794677734,24.294878060402855,23.568285960342546,23.576637776773826,61758900
2018-07-10,24.07773208618164,24.495313288920098,24.010919157461323,24.40344491457496,58858400
2018-07-11,23.952465057373047,24.14455208456995,23.90235574439697,23.94411323971931,50218900
2018-07-12,24.02762794494629,24.194659506124264,23.935759550883365,24.136198380064663,51700700
2018-07-13,23.843891143798828,23.96081498880039,23.56828755470678,23.902353862772717,75178000
2018-07-16,24.87114143371582,24.929602557629455,23.994219796172843,24.03597887964412,129172000
2018-07-17,25.063228607177734,25.221909939542034,24.704108451643553,24.963008399119712,87778900
2018-07-18,25.16344451904297,25.29707197974712,24.921248231086057,24.988061164965135,59109200
2018-07-19,24.77927017211914,25.071577350766997,24.754214724939278,24.996412602173375,59260600
2018-07-20,25.16344451904297,25.18849996660237,24.60388560045094,24.73751306115509,80432700
2018-07-23,25.681245803833008,25.764762368938733,25.163444374534286,25.171796190339457,74080200
2018-07-24,25.748056411743164,25.98190245432884,25.597726926719933,25.764760041844823,64761500
2018-07-25,25.948497772216797,25.981905035739263,25.614433101722145,25.639488549363996,57644100
2018-07-26,25.839929580688477,26.06542225713277,25.798170497683135,26.04872021687677,46215000
2018-07-27,25.940149307250977,26.006962249980717,25.723006845142773,25.88168818148073,57198900
2018-07-30,26.14894676208496,26.26587063702087,25.998617203557806,26.006969022692275,58721000
2018-07-31,25.789817810058594,26.240806333607804,25.739708505090707,26.19069702863992,64066000
2018-08-01,26.098834991455078,26.34938317019446,26.032022037594814,26.07377953640255,69070700
2018-08-02,26.123886108398438,26.148939966344074,25.78146957760765,25.87333637831865,46427200
2018-08-03,26.315969467163086,26.315969467163086,26.02366228578102,26.040365917390503,50153800
2018-08-06,26.324323654174805,26.382784777128002,26.157290508926128,26.265862531221607,41261500
2018-08-07,26.315969467163086,26.558165753716693,26.299265835553598,26.349375137436073,43946200
2018-08-08,26.558168411254883,26.650036801353863,26.290916650544546,26.315972100465945,43689600
2018-08-09,26.391132354736328,26.54981365794054,26.349373278658444,26.49970276664708,38219100
2018-08-10,26.04871940612793,26.165641649011487,25.806521511073605,26.082125078546337,55679800
2018-08-13,25.455751419067383,25.990256477102655,25.430697564732558,25.956849214061585,63960600
2018-08-14,25.71465301513672,25.806519802916156,25.405642202753203,25.564323516839117,42521200
2018-08-15,25.35553741455078,25.57267988486277,25.18850425494271,25.45575603595861,59747900
2018-08-16,25.65619468688965,25.756414900521744,25.48916312143116,25.522568797344356,44015400
2018-08-17,25.672897338867188,25.77311754866405,25.514216003749738,25.606084396651347,39843500
2018-08-20,25.78147315979004,25.831582475589904,25.59773634694648,25.63114361944401,40011000
2018-08-21,25.906742095947266,26.098829095785177,25.748060769019983,25.814873707787346,53510600
2018-08-22,25.873332977294922,25.965201358876126,25.78981641157983,25.823223675044268,33062900
2018-08-23,25.756412506103516,25.873334750349525,25.672895934665178,25.839929077541854,38259100
2018-08-24,25.798171997070312,25.95685333582088,25.764766321670642,25.839931082502687,43585000
2018-08-27,26.14894676208496,26.299276320612115,25.881694921568517,25.915102198106386,47729300
2018-08-28,26.11553192138672,26.232454162378584,26.048718984684786,26.19069667429465,38539000
2018-08-29,26.006959915161133,26.14893760483381,25.948498794639335,26.090476484312013,46401800
2018-08-30,25.898391723632812,26.015313974759007,25.848282414999613,25.90674354056271,47358900
2018-08-31,25.83157730102539,25.848280933928095,25.572677362817913,25.78981821876863,49266000
2018-09-04,26.006959915161133,26.023663547580522,25.73970816823516,25.81487292117635,44745600
2018-09-05,26.040369033813477,26.09047834169286,25.864984066816366,25.94850064191279,48516700
2018-09-06,25.889314651489258,26.10750679579225,25.78860996925456,26.05715365435159,42666000
2018-09-07,25.897703170776367,26.11589528415102,25.704686023906916,26.015190616191028,49103800
2018-09-10,25.864133834838867,26.01519003306979,25.805390113448258,25.914485367367057,34156200
2018-09-11,25.889314651489258,25.931274002043185,25.76343499918085,25.78021777901445,53071000
2018-09-12,25.536849975585938,25.98162484178421,25.494889025517605,25.914488922321457,59482300
2018-09-13,25.293479919433594,25.738256362579715,25.243128382681018,25.62076890994155,59219500
2018-09-14,25.486499786376953,25.503282566646828,25.268307636401953,25.285090416671828,33743900
2018-09-17,25.41097068786621,25.587201878718425,25.30187381678442,25.461322228017327,35026600
2018-09-18,25.352218627929688,25.511666996841686,25.28508272533193,25.452923282149417,49921700
2018-09-19,26.01519012451172,26.183030701057437,25.28508569737812,25.28508569737812,92666300
2018-09-20,26.174636840820312,26.325693029936705,26.13267589904006,26.26694771144435,83357400
2018-09-21,26.040369033813477,26.325697079221868,25.990015895932107,26.30052051028118,85992100
2018-09-24,25.796998977661133,26.183031677859336,25.729863064667498,25.998406716642027,45587700
2018-09-25,25.738250732421875,26.04875527587496,25.679507018952783,25.889306910283043,40949900
2018-09-26,25.285083770751953,25.79699604962892,25.22634005363091,25.77181948487151,57882400
2018-09-27,25.125640869140625,25.436143879116432,25.117248679594454,25.37740015293974,45879700
2018-09-28,24.722827911376953,25.05011695586149,24.6892607482215,24.882276338143946,74707600
2018-10-01,24.88226890563965,25.125637568569523,24.78995803405097,24.907445470970895,53900900
2018-10-02,24.823532104492188,24.94101957415111,24.56338059282741,24.823532104492188,42940300
2018-10-03,25.175994873046875,25.327051098388623,24.941018344665647,25.016546457336517,61080300
2018-10-04,25.536849975585938,25.838962413491615,25.293481267129344,25.318657837170345,72325700
2018-10-05,25.369009017944336,25.721472990302377,25.217952801127097,25.679513641473836,51931000
2018-10-08,25.40257453918457,25.52845417026952,25.100462144063613,25.217949586323385,47471600
2018-10-09,25.159208297729492,25.335441078804696,25.066897413020108,25.201169245912403,58868600
2018-10-10,24.5382022857666,25.28508960547765,24.513025715199507,25.159209953935406,88454400
2018-10-11,23.799705505371094,24.54659277327409,23.715785209948546,24.24448035001153,111417300
2018-10-12,23.88361930847168,24.37035660210302,23.271003998457726,24.328395662662643,102279200
2018-10-15,23.43045997619629,24.017900513966403,23.195483440958906,23.908803636637845,114636100
2018-10-16,23.942367553710938,23.98432689764005,23.413670856584467,23.698998877112256,87887800
2018-10-17,24.252872467041016,24.496241162973458,23.63186484380697,23.80809762373158,79068700
2018-10-18,23.707393646240234,24.252873179918225,23.615081158773645,24.05985761580312,77369200
2018-10-19,23.766136169433594,23.933976756200206,23.472415942915248,23.615079961472933,64305400
2018-10-22,22.977293014526367,23.791317958123916,22.91854927646197,23.76614138439054,89942900
2018-10-23,22.67517852783203,22.826234744922225,21.911506853117437,22.146481768016354,102392500
2018-10-24,21.978633880615234,22.574464717384554,21.88632142959343,22.54089757196948,86386600
2018-10-25,22.314319610595703,22.59964762973673,21.97024786998088,22.13808684552796,73780400
2018-10-26,22.146480560302734,22.305928958607918,21.71848850210239,22.09612902423401,91103500
2018-10-29,22.33110809326172,22.809451742502155,22.062564402505448,22.398244015950784,89367000
2018-10-30,22.473766326904297,22.54090223226059,22.087733670620942,22.456981950403662,79004800
2018-10-31,23.077991485595703,23.396886663657707,22.708743173645185,22.74231192957086,92296300
2018-11-01,23.338144302368164,23.497592701020388,23.170305314891618,23.304577145131443,49827300
2018-11-02,23.4052791595459,23.81648682114918,23.094776166393775,23.505983827997056,69010200
2018-11-05,23.547943115234375,23.698999317218583,23.405279102321114,23.45563223674678,41103100
2018-11-06,23.673828125,23.707396888905357,23.27940475299264,23.514381298389846,43514400
2018-11-07,23.950763702392578,24.05985897503275,23.61508249287622,23.850059019408345,56679200
2018-11-08,24.22770118713379,24.43750115667699,23.858452792556662,23.91719652792528,49421200
2018-11-09,23.933975219726562,24.244478204471243,23.816486176273713,24.126990761664754,43270600
2018-11-12,23.287792205810547,23.93397637369449,23.195479724499574,23.81648732457695,50307500
2018-11-13,23.296186447143555,23.615081664218035,23.237442717733515,23.287794257135467,57423400
2018-11-14,22.834623336791992,23.5815121670008,22.47376880609816,23.45563253065212,69213300
2018-11-15,23.413673400878906,23.472417129021714,22.557689246278272,22.775881379841955,66174800
2018-11-16,23.287792205810547,23.405279654281653,23.010856362524063,23.237440670843853,52456100
2018-11-19,23.287792205810547,23.514376514130337,23.111561033103893,23.312968773617115,46000000
2018-11-20,22.977293014526367,23.136741446877455,22.633221176737628,23.0108617795042,92330600
2018-11-21,22.88497543334961,23.296183080439825,22.868191055759066,23.153519072212905,40364400
2018-11-23,22.63321876525879,22.801059370971593,22.557690652752694,22.725531258465494,22974100
2018-11-26,23.128347396850586,23.27101143524711,22.742316234510973,22.80945215842424,53210700
2018-11-27,23.279401779174805,23.413673616350202,22.985681535111162,23.01925029472829,43617100
2018-11-28,23.85844612121582,23.89201327462032,23.128341727073984,23.39688535689516,61388100
2018-11-29,23.53116226196289,23.79131374185006,23.47241693366247,23.648649717270672,46824600
2018-11-30,23.833269119262695,24.02628464958154,23.388494340758076,23.447238058625004,64284600
2018-12-03,23.950763702392578,24.37036361364139,23.799707478239544,24.32840266212853,59908700
2018-12-04,22.649999618530273,23.76613515095156,22.431807505342736,23.76613515095156,103565700
2018-12-06,22.177425384521484,22.21118014084419,21.544508009947617,22.135229927127956,133294200
2018-12-07,21.46011734008789,22.39683550996009,21.350410767433157,22.067717401587903,107477600
2018-12-10,20.89470672607422,21.291334259322102,20.49807919282634,21.24914042308421,110166900
2018-12-11,20.742809295654297,21.434798609935342,20.700615453404733,21.27445911212157,78545000
2018-12-12,20.692180633544922,21.0888083051604,20.565597471079748,20.987542419025154,87191800
2018-12-13,20.590911865234375,20.945345663987084,20.48964598535768,20.81032341775673,64860100
2018-12-14,20.65842056274414,20.987538657680393,20.35462134919246,20.405254283185748,92762600
2018-12-17,20.649980545043945,21.038170647142824,20.38837518663306,20.472764479227763,98602800
2018-12-18,20.649980545043945,21.173192871457594,20.514958320729175,20.81875913023335,89046300
2018-12-19,20.405256271362305,21.299779037163578,20.312427875336628,20.63310691092055,121887600
2018-12-20,20.346179962158203,20.616224392432247,20.05081826294905,20.126768460162598,112594000
2018-12-21,19.72170639038086,20.68374029883139,19.628877992340144,20.177406069797165,160800400
2018-12-24,19.18161392211914,19.586680621960582,19.12254189625793,19.206931194456224,64859100
2018-12-26,20.346179962158203,20.40525198008168,19.147856595623303,19.333511739038766,100877800
2018-12-27,20.565593719482422,20.565593719482422,19.738580549083938,20.067698642966008,91575400
2018-12-28,20.582468032836914,20.886268821676115,20.47276308664041,20.751246606545752,78693800
2018-12-31,20.79344367980957,21.071927243035876,20.565594662327698,20.73437165269975,56257300
2019-01-02,21.063488006591797,21.21538842359187,20.261793686279848,20.320865712981654,71836300
2019-01-03,20.72593116760254,21.130999458350793,20.633104392499153,21.046610164045244,66599600
2019-01-04,21.58669662475586,21.64576864119459,21.122557973087204,21.181629989525934,83829100
2019-01-07,21.569820404052734,21.755477169247968,21.341971407046024,21.569820404052734,57016300
2019-01-08,21.52762794494629,21.763917656916167,21.173194181787462,21.704844021729713,67339400
2019-01-09,21.73859405517578,21.814544240138066,21.426354227042893,21.6626438702135,69707200
2019-01-10,21.71328353881836,21.755478993351492,21.451678159080984,21.56982221258973,65235800
2019-01-11,21.966449737548828,21.974888827802467,21.485431250642833,21.54450488241829,63476000
2019-01-14,22.253376007080078,22.346202795867033,21.612019529244407,21.747041776200113,76715400
2019-01-15,22.405271530151367,22.62468305155991,21.983326668117694,22.118348895201116,80625500
2019-01-16,24.00865936279297,24.23650832769728,23.510764378342536,23.738613343246847,163131700
2019-01-17,24.4643611907959,24.472800280595397,23.704860814350955,23.91583323056298,107428800
2019-01-18,24.72596549987793,24.86098771182712,24.228070489718384,24.489677433762708,97928200
2019-01-22,24.548749923706055,24.725965976710025,24.37997135071886,24.45592154760392,84861400
2019-01-23,24.405290603637695,24.70909141587624,24.15212433316684,24.658456874108552,79425900
2019-01-24,24.540311813354492,24.64157928310614,24.253389193581953,24.261828283527244,59492300
2019-01-25,24.962263107299805,25.080407177897484,24.59095110165993,24.70909678184985,72182100
2019-01-28,25.00444984436035,25.038206203265563,24.717528841624976,24.742844501212097,59963800
2019-01-29,24.801921844482422,25.06352885338743,24.759727996384,24.928506607961936,51451900
2019-01-30,24.531869888305664,24.869425399147435,24.43060403984895,24.82723156388908,66475800
2019-01-31,24.02553939819336,24.337779298255345,23.61203363458124,24.261829095796806,100201200
2019-02-01,23.94959259033203,24.33778274787434,23.890520559956315,24.135249382475266,64244100
2019-02-04,24.371538162231445,24.44748837750646,23.983349603796622,24.025543452464007,55195900
2019-02-05,24.28714370727539,24.37153138113025,24.109926051078435,24.346215722810474,46622600
2019-02-06,24.24495506286621,24.388416402097047,24.084617149884572,24.19432212242949,35606900
2019-02-07,23.831443786621094,24.168999328438883,23.544521173678024,24.084611650178278,62289200
2019-02-08,23.873641967773438,23.898957630312378,23.510769115190193,23.755496307421144,50031300
2019-02-11,23.974912643432617,24.017106495850893,23.806134014574933,23.915840606210118,47724400
2019-02-12,24.211196899414062,24.354658218460823,24.1183685136803,24.152124875616913,49178100
2019-02-13,24.219633102416992,24.4643602589132,24.18587674450483,24.363094404360197,48951200
2019-02-14,23.958024978637695,24.15212080789962,23.721736923244904,23.932709321040843,47756600
2019-02-15,24.565631866455078,24.734408855707674,24.19431991475215,24.270270123273022,65867000
2019-02-19,24.582502365112305,24.692208910133907,24.26182503804712,24.413725417559117,40841300
2019-02-20,24.818796157836914,24.852552518726096,24.481240596904502,24.55719079931328,42806300
2019-02-21,24.717533111572266,24.8525553513346,24.565632689441625,24.75128786671682,42754100
2019-02-22,24.540311813354492,24.700651303131337,24.439044343602845,24.514994543518622,47887800
2019-02-25,24.700653076171875,24.970697535437928,24.574069937089906,24.574069937089906,61227400
2019-02-26,24.717533111572266,25.00445416387318,24.439047931271382,24.489682478376306,53153200
2019-02-27,24.920066833496094,25.038210892607662,24.650020740453513,24.725970952622976,48128600
2019-02-28,24.665603637695312,25.064256210033882,24.606230022433152,25.02184694707796,62358100
2019-03-01,24.860689163208008,25.149076684973494,24.775869018369388,24.877653515737673,45771500
2019-03-04,24.62319564819336,25.055776947516502,24.402663910235887,24.87765447470826,56893200
2019-03-05,24.665603637695312,24.758905957569954,24.343289032925142,24.614712198586272,39932500
2019-03-06,24.462032318115234,24.733455440000156,24.42810361897491,24.60622605384278,41672000
2019-03-07,24.2160587310791,24.360252494365728,23.970082086537047,24.317843230144256,53908600
2019-03-08,24.30087661743164,24.317840968666495,23.75803032039298,23.800439580670535,40860700
2019-03-11,24.546859741210938,24.648642633253527,24.34329233931586,24.34329233931586,40709300
2019-03-12,24.546859741210938,24.699535697084723,24.50444885468494,24.597751187232234,34450000
2019-03-13,24.843727111816406,25.030330141346138,24.58078449380346,24.64015811148066,54683300
2019-03-14,24.987918853759766,25.140594792631575,24.80131582725518,24.860689443969836,45219100
2019-03-15,24.852203369140625,25.115145941644055,24.818276286829857,24.970952201751984,82346200
2019-03-18,25.293272018432617,25.412019257903818,24.877655062473607,24.920064328624807,58568600
2019-03-19,25.149072647094727,25.56468951048278,25.055771958781126,25.45442447236327,55455100
2019-03-20,24.29239273071289,25.15755516903535,24.25846564844251,25.12362808676497,81689900
2019-03-21,23.902223587036133,24.25846686671794,23.783476366412046,24.13123747064791,77444400
2019-03-22,22.909832000732422,23.80892157791942,22.6553715875447,23.67321000467646,118851600
2019-03-25,22.76563835144043,23.223664508684983,22.570553166277186,22.82501196276754,65568000
2019-03-26,23.079469680786133,23.198218515700958,22.7995643706025,23.02857824742806,59878500
2019-03-27,22.926795959472656,23.215183452130894,22.858940174012456,22.97768739411542,57621700
2019-03-28,23.18125343322754,23.24910921483185,22.918312481737,23.07098839479907,45872300
2019-03-29,23.40178871154785,23.47812667976897,23.155810454433208,23.36786000664527,83446300
2019-04-01,24.20758056640625,24.377219257877695,23.622323278976538,23.664732547391925,91751100
2019-04-02,24.487483978271484,24.487483978271484,24.046420503798792,24.148203386948026,66694000
2019-04-03,24.462032318115234,24.801311220471387,24.343285106742936,24.657117484743846,63110600
2019-04-04,24.724985122680664,24.86069674870692,24.46204404948106,24.470526228333977,53712100
2019-04-05,24.665603637695312,25.02184694707796,24.58078349397379,24.86917101194116,46383400
2019-04-08,24.741945266723633,24.767391798948722,24.487486415712414,24.50444915271922,35272800
2019-04-09,24.504444122314453,24.657120048703014,24.377214722927185,24.597746436842925,40535300
2019-04-10,24.65711784362793,24.7249736250868,24.385694717792447,24.51292410580165,42669700
2019-04-11,24.65711784362793,25.01336110073936,24.58926206216906,24.809793756362748,50440100
2019-04-12,25.590137481689453,25.632546740791987,25.072736108028984,25.072736108028984,100192000
2019-04-15,25.31023597717285,25.564694805730056,25.15756003291462,25.530767716900325,57438800
2019-04-16,25.344158172607422,25.488351912365165,24.597744566561715,24.852203345988567,105168400
2019-04-17,25.471389770507812,25.547727729667127,24.987915489895652,25.30174950175167,94831600
2019-04-18,25.471389770507812,25.581654812732655,25.293267326532913,25.403533986567258,61796600
2019-04-22,25.488357543945312,25.530768428426665,25.259345238985315,25.38657465680972,34763400
2019-04-23,25.50531578063965,25.6240629930879,25.378086393329458,25.437459999553585,41889700
2019-04-24,25.462909698486328,25.59013910165764,25.318715943476274,25.40353608486036,40078100
2019-04-25,25.51380157470703,25.717368946841834,25.361125641153514,25.36960781721867,43243800
2019-04-26,25.74281120300293,25.77673828382368,25.488350816705026,25.590135294786066,40627500
2019-04-29,26.099056243896484,26.43833516447657,25.793704406469658,25.81066875695104,68408600
2019-04-30,25.93790054321289,26.1923593526743,25.793706786435518,26.12450356229728,47764200
2019-05-01,25.666475296020508,26.20083939959035,25.598619511157523,25.920934084804333,56161000
2019-05-02,25.87004280090332,25.920934235393837,25.573173133724488,25.666475445131717,40634100
2019-05-03,26.04815673828125,26.124494678723064,25.870035955789756,26.0057474903954,35256100
2019-05-06,25.8445987701416,25.96334761916448,25.505319811097003,25.539248515906305,39882000
2019-05-07,25.378087997436523,25.590137528959954,25.132109764320766,25.581655353561874,58528400
2019-05-08,25.276304244995117,25.539246836548113,25.16603919723484,25.216930633292694,39903400
2019-05-09,25.199968338012695,25.259343572368994,24.835244462396574,24.95399169548974,44173500
2019-05-10,25.089704513549805,25.199969575722083,24.75890770922317,24.98792001032095,59649900
2019-05-13,23.961597442626953,24.597746047298465,23.791957167590727,24.563817345167397,72547000
2019-05-14,24.275432586669922,24.589265006821208,23.927669845011756,24.05490086606677,52216100
2019-05-15,23.995525360107422,24.165164011786924,23.758029306384703,23.83436726587381,51973200
2019-05-16,24.249990463256836,24.453557868983925,24.11427885943878,24.13972377402346,42791500
2019-05-17,24.088829040527344,24.292396418481072,23.936153102609616,23.961599631532476,43772500
2019-05-20,24.088829040527344,24.19061353840906,23.953117455224856,24.088829040527344,41717600
2019-05-21,24.334808349609375,24.38569979184039,24.131240962875534,24.233023847337563,39258700
2019-05-22,24.1651668548584,24.283914086785806,24.046419622930987,24.182131207365085,29177600
2019-05-23,23.545984268188477,23.919191961542033,23.325452522925456,23.85981672343252,59772900
2019-05-24,23.902223587036133,23.970079372794117,23.630800444004194,23.690174054316238,35524400
2019-05-28,23.664730072021484,23.9615997733058,23.647765719305873,23.79195948176913,44273400
2019-05-29,23.53750228881836,23.62232244044814,23.223668213131123,23.350899249480708,49818900
2019-05-30,23.037065505981445,23.690178579795678,22.884389554408266,23.55446698235504,58649300
2019-05-31,22.562070846557617,22.79108473262172,22.46028635792594,22.47725070899948,68304200
2019-06-03,22.62993049621582,22.89287151150431,22.3924343940718,22.553592521162738,50109900
2019-06-04,23.68169593811035,23.707142468809923,23.020100700209902,23.05402940780933,58426400
2019-06-05,23.673208236694336,23.75802836808897,23.291518454323207,23.613834630060925,44874400
2019-06-06,23.775543212890625,23.911989724689867,23.485599051652326,23.673210362230364,38633600
2019-06-07,23.47707176208496,23.698795114041808,23.383265290647074,23.664683078409347,51317200
2019-06-10,23.93756866455078,24.278680828372003,23.741429373672467,23.758485388501303,48305800
2019-06-11,24.082548141479492,24.47482845735946,23.997269670501105,24.20193702491831,38691800
2019-06-12,23.835243225097656,24.108133040836254,23.75849276110222,24.048438596962388,33528900
2019-06-13,23.82671546936035,24.01432681304528,23.71585296393846,23.852297873264156,33404200
2019-06-14,23.911991119384766,24.022851985158027,23.69026776128681,23.801128627060073,37322100
2019-06-17,23.818185806274414,24.065491577307856,23.698796925537682,23.88640825620276,33410100
2019-06-18,24.406604766845703,24.560104054952305,23.73290666952452,23.89493559350264,60170700
2019-06-19,24.150772094726562,24.705079750727446,24.133716074159974,24.47482997928512,61953500
2019-06-20,24.108135223388672,24.39808108549815,23.749966901168243,24.381025063832475,60887200
2019-06-21,23.980213165283203,24.346907793052864,23.94610112927594,24.03990760174451,69444000
2019-06-24,23.860820770263672,24.201932970480737,23.784070321895925,23.94609922695576,40046400
2019-06-25,23.673213958740234,23.894937337590836,23.349156087131057,23.894937337590836,46901300
2019-06-26,23.80112648010254,24.031377826575213,23.749960056403484,23.82671050522771,42312300
2019-06-27,24.056964874267578,24.150771357970445,23.92904797702377,23.94610399707004,35575600
2019-06-28,24.73066520690918,24.96091661817351,24.50041379564485,24.73919321768398,101856900
2019-07-01,25.088834762573242,25.455531111194404,24.943861825363754,25.14000120319076,48029900
2019-07-02,24.858585357666016,25.097364810848504,24.670973975806028,25.020614330416702,32263500
2019-07-03,24.773298263549805,24.93532718004073,24.67096540954077,24.892688761962198,26642300
2019-07-05,24.952383041381836,25.21674481022362,24.85857657033579,25.03766150355539,33092000
2019-07-08,24.90121841430664,24.986495256091764,24.679495047252022,24.73918948712221,30924400
2019-07-09,25.029144287109375,25.088838748405365,24.679503905331067,24.70508631642816,28750100
2019-07-10,24.74771499633789,25.07177119141571,24.696546944574553,24.875631872643574,40574800
2019-07-11,25.03766441345215,25.15705329843977,24.756246594158785,24.815941036652593,37376800
2019-07-12,25.114412307739258,25.18263475312099,25.037661853365886,25.10588429874762,29632900
2019-07-15,24.91827392578125,25.182637352152156,24.79888504067927,25.157053322536772,46462100
2019-07-16,24.722129821777344,24.901214741525436,24.6112689678771,24.875630716832493,54920400
2019-07-17,24.892684936523438,25.259381131230963,24.730656044932662,24.81593449453576,84958300
2019-07-18,25.139997482299805,25.225275955075087,24.884163690525536,24.96944216330082,49468800
2019-07-19,25.071773529052734,25.250858473819243,25.054717510208025,25.191164034414236,44863200
2019-07-22,25.216745376586914,25.25085741284304,24.96943961993568,24.97796762899971,31224300
2019-07-23,25.79664421081543,25.822228245178216,25.327614966694078,25.37025339741352,64030300
2019-07-24,26.154802322387695,26.223024760768297,25.61755082345938,25.64313322125758,53171900
2019-07-25,25.873388290405273,26.34241741856368,25.762525795461418,26.214500531479704,43251900
2019-07-26,26.240081787109375,26.427693093240286,25.94160799774783,26.069524871316695,46978800
2019-07-29,26.026885986328125,26.308303753725625,26.001301961455166,26.19744127249406,39176700
2019-07-30,26.34242057800293,26.35094858837155,25.71136244968995,25.76252888535001,37598300
2019-07-31,26.163333892822266,26.487390112614793,26.086583435875085,26.29125077888375,60607600
2019-08-01,25.14852523803711,26.49591988930237,25.037664363135903,26.052473136594422,76913400
2019-08-02,25.054716110229492,25.15705059102815,24.653909449083475,25.037661718889208,57492300
2019-08-05,23.94610023498535,24.423657335392377,23.630570419907553,24.329852492978443,96207700
2019-08-06,24.236047744750977,24.29574218322119,23.613517705630965,24.227519735462167,65115800
2019-08-07,23.784072875976562,23.818184912937067,23.127432430001335,23.545295123458825,75388500
2019-08-08,24.20193862915039,24.295745116099763,23.93757681549048,23.97168885676358,53141900
2019-08-09,24.159299850463867,24.321328791035985,23.852297989706518,24.10813341585485,53499600
2019-08-12,23.570877075195312,23.749962012720403,23.417376164902784,23.73290599456536,55674700
2019-08-13,23.639102935791016,24.091077722876136,23.349157091480055,23.511186034254216,69919200
2019-08-14,22.530487060546875,23.093322714564305,22.411098172286092,22.973933826303522,106591700
2019-08-15,22.385513305664062,22.88012648697477,22.351401266548784,22.66693112215892,70192000
2019-08-16,23.05068016052246,23.127430611095946,22.547539040785747,22.624289491359235,70841700
2019-08-19,23.25535011291504,23.622046390057058,23.144487615543426,23.570878332861774,44964800
2019-08-20,22.78632164001465,23.076267487080955,22.769267245785553,23.042157072071095,47665000
2019-08-21,22.965402603149414,23.09331948361096,22.846013731592155,22.965402603149414,47785400
2019-08-22,23.1871280670166,23.280932920405252,22.990987097455168,23.101849596757482,49353700
2019-08-23,22.5731258392334,23.21271196762758,22.394042504027812,22.98246219758492,81880700
2019-08-26,22.837482452392578,22.854536841207604,22.590175109236455,22.769260017479017,41499100
2019-08-27,22.5731258392334,22.93982214642766,22.41109852449072,22.905711732053486,52517000
2019-08-28,22.89717674255371,23.093316038437155,22.35139563996129,22.359923647593327,45897900
2019-08-29,23.3065128326416,23.408847304186732,22.956872630235203,23.025095069081544,55432900
2019-08-30,23.46001625061035,23.613517161166698,23.32357135823836,23.451488241518177,41326200
2019-09-03,23.067739486694336,23.22124042068444,22.692516788664822,23.20418439989628,50743100
2019-09-04,23.44296646118164,23.51971693685228,23.161548592573237,23.29799352119841,40862500
2019-09-05,24.138267517089844,24.404371706839086,23.863577472686693,23.90649855959596,63413700
2019-09-06,23.803483963012695,24.11250916664193,23.666139791904516,24.05242129644106,56054100
2019-09-09,24.5760555267334,24.764905068278562,24.00951017664261,24.035262833382134,68629300
2019-09-10,25.194107055664062,25.194107055664062,24.730569042065195,24.799241158456983,71066200
2019-09-11,25.288524627685547,25.297108845004622,24.807819918721766,25.211269946357977,53982200
2019-09-12,25.468786239624023,25.580377774116148,24.8164005530152,25.08250470239781,72943900
2019-09-13,25.897987365722656,26.026747333098747,25.640467430970478,25.752058966090605,79657000
2019-09-16,25.8636531829834,25.897990051055675,25.443036372729928,25.4773732408022,43391300
2019-09-17,25.700557708740234,25.769229806910822,25.40011666526692,25.623301393639327,48284900
2019-09-18,25.75206184387207,25.88082182563703,25.36578026130519,25.554629762681,66640400
2019-09-19,25.597551345825195,25.837904532499397,25.53746345847468,25.752063991739174,43035700
2019-09-20,25.400114059448242,25.863650265227157,25.382945627348924,25.726306082976233,167269000
2019-09-23,25.340024948120117,25.42586546715703,25.039583950126776,25.159759694415424,52048300
2019-09-24,24.842153549194336,25.44303394774108,24.670472499739933,25.408698720213295,64806900
2019-09-25,25.108257293701172,25.245601476120868,24.704808962502284,24.704808962502284,45807700
2019-09-26,25.0052490234375,25.17693007480238,24.936576930345918,25.073921116529085,33198100
2019-09-27,25.194107055664062,25.503130760790906,25.07392962402413,25.245610733639804,41336600
2019-09-30,25.03959083557129,25.340031916180614,24.962334510921114,25.314279262206497,39191000
2019-10-01,24.41295623779297,25.331446224912128,24.387203585316627,25.27135833973941,49434400
2019-10-02,23.897912979125977,24.29277713253667,23.872160328449297,24.20693823815832,52293100
2019-10-03,23.872161865234375,23.9322497500762,23.3142008294962,23.829242415282234,53015800
2019-10-04,24.352869033813477,24.378620049738043,23.89791531763805,23.906499535370276,42641800
2019-10-07,24.301362991333008,24.56746882115542,24.18977143873837,24.318531426277435,36742400
2019-10-08,23.717649459838867,23.966586856379816,23.571721036380538,23.923667406004107,58201100
2019-10-09,23.940832138061523,24.09534476571732,23.820656377561207,23.889328474600237,37511400
2019-10-10,24.421541213989258,24.679061197664733,24.069596472239112,24.069596472239112,48239300
2019-10-11,24.81640625,25.185519439802434,24.77348679702063,24.8850783571303,70008600
2019-10-14,25.01383399963379,25.03100243274621,24.661889307188638,24.67047352374485,36040100
2019-10-15,25.520294189453125,25.958079459488612,24.98808580120988,25.18551789242037,78656000
2019-10-16,25.897987365722656,26.370107791858928,25.880818933466696,26.069668413738654,87131700
2019-10-17,25.97524642944336,26.215599594711634,25.752061698252533,26.009581660326262,55575900
2019-10-18,26.052499771118164,26.172675521395895,25.837899281466896,25.863650292371094,48872900
2019-10-21,26.62763214111328,26.739223687872272,26.29285422629233,26.32719109438555,61087400
2019-10-22,26.782150268554688,26.928078713350704,26.395868609602793,26.584716511050207,58662100
2019-10-23,26.970991134643555,26.988159567734677,26.687718537727672,26.722053766638016,47771200
2019-10-24,26.91948890686035,27.056833104362948,26.78214470935776,26.99674522261456,39491000
2019-10-25,27.228511810302734,27.3401049911083,26.902319759205103,26.919488192755487,43702000
2019-10-28,27.331520080566406,27.666296339941475,27.245679552265344,27.443111621267462,58790300
2019-10-29,27.528953552246094,27.589041433936917,27.305768822200193,27.417362005859136,48266600
2019-10-30,27.14267921447754,27.477453922749625,27.065422882848473,27.477453922749625,45262400
2019-10-31,26.842233657836914,27.14267471579059,26.45595206371475,26.962409426109566,49430900
2019-11-01,27.297182083129883,27.331518947936132,26.928070610093673,27.211343195657918,41985300
2019-11-04,27.812232971191406,27.898071882550656,27.554709688024513,27.674888748289863,54228600
2019-11-05,28.172758102416992,28.40452707422833,27.898069678317107,27.90665225895709,68785600
2019-11-06,28.146997451782227,28.37876634426357,28.043986872095054,28.121243169588837,47524500
2019-11-07,28.52469825744629,28.84230608269395,28.335848768331786,28.42169093363101,68310700
2019-11-08,28.55045509338379,28.559040948936918,28.267184076475214,28.387359857863363,38724000
2019-11-11,28.481782913208008,28.541870800297726,28.301519251938856,28.35302128399047,27784000
2019-11-12,28.404523849487305,28.601955927235785,28.318684954655424,28.438860717237635,37282200
2019-11-13,28.146997451782227,28.232836326978344,27.880891699405154,28.086909584236306,48887800
2019-11-14,28.069751739501953,28.207095956334697,27.889488068886052,28.061165884018667,35554600
2019-11-15,28.267179489135742,28.292930502527213,28.06974741253198,28.258593634975973,36398300
2019-11-18,28.292930603027344,28.353018484183497,28.112666959558883,28.207091708388248,31133700
2019-11-19,28.27576446533203,28.456031397983047,28.17275712849159,28.43027710786479,33183700
2019-11-20,28.06116485595703,28.18134390650912,27.829395884565887,28.147007034922808,43612200
2019-11-21,28.189926147460938,28.36160722877953,28.009662485621337,28.138420840702082,42787600
2019-11-22,28.481782913208008,28.601958687387445,28.275764961368793,28.29293339690075,38783900
2019-11-25,28.730714797973633,28.76504838789845,28.55044789678611,28.610539046877705,50238800
2019-11-26,28.627708435058594,28.670631159258914,28.430276347004742,28.653462724487607,50626600
2019-11-27,28.68779182434082,28.842304438527584,28.593370359709883,28.747882973896647,32097700
2019-11-29,28.60195541381836,28.77363647494431,28.533284954094306,28.644874860463876,19503400
2019-12-02,28.69637680053711,28.971065156352378,28.619120495805095,28.713545232093498,47158800
2019-12-03,28.189926147460938,28.241431454219796,27.940988743276193,28.215677163568234,58745100
2019-12-04,28.45602798461914,28.584786321588794,28.198504761592226,28.395940105791208,46637900
2019-12-05,28.559600830078125,28.67180326573041,28.481922727306788,28.620016766408988,38304500
2019-12-06,29.060190200805664,29.172392635352306,28.973882661875365,29.068822930151633,50908500
2019-12-09,28.922100067138672,29.08608902263262,28.861684123247855,28.913470629049417,32974500
2019-12-10,28.939359664916992,29.025670500252193,28.740849682278604,28.82716051761381,41960100
2019-12-11,29.0343017578125,29.137871474286086,28.896207705040414,28.896207705040414,43107800
2019-12-12,29.931917190551758,30.044119646470648,29.068828467161968,29.15513602253207,64942500
2019-12-13,29.72476577758789,30.173572177924868,29.647087683444546,29.940537895494828,48539600
2019-12-16,29.94917106628418,30.285775048402883,29.94917106628418,30.16494318737784,50777100
2019-12-17,30.24261474609375,30.44112465950385,29.983688915229294,30.078625862357157,50840500
2019-12-18,30.303037643432617,30.44113167119641,30.251251148363195,30.303037643432617,48757900
2019-12-19,30.16494369506836,30.406607421185765,30.113157199862627,30.337562053332793,45409500
2019-12-20,30.17357063293457,30.4152376314626,30.13041687004705,30.4152376314626,109395500
2019-12-23,30.35482406616211,30.372086233016446,30.164946815607788,30.242624920241454,33995400
2019-12-24,30.397981643676758,30.449764852693974,30.311670807945177,30.37208674674642,13805400
2019-12-26,30.65691566467285,30.691440008085788,30.45840562868237,30.484297240030774,26992100
2019-12-27,30.510177612304688,30.82952273260286,30.43249951445127,30.81226056725528,28111300
2019-12-30,30.33755874633789,30.76910294874713,30.28577225677723,30.700054295999582,30705100
2019-12-31,30.397981643676758,30.432502685547657,30.18220949298041,30.23399270199762,29630100
2020-01-02,30.76047706604004,30.777739233068257,30.458397374100485,30.510180582763432,37614200
2020-01-03,30.121789932250977,30.337562057002284,30.00095477675632,30.190835300112298,50357900
2020-01-06,30.078638076782227,30.121795143135465,29.664355920682024,29.698880256795853,42185000
2020-01-07,29.880123138427734,30.13904903159256,29.80244504123615,29.94917179922975,34149000
2020-01-08,30.182209014892578,30.37208626565092,29.819710095405412,29.836972262278294,45311600
2020-01-09,30.233983993530273,30.49291313372244,30.15630590995678,30.467018244250752,39861600
2020-01-10,29.983699798583984,30.26851732819056,29.914651129332835,30.208101388806686,39730400
2020-01-13,30.2598876953125,30.26851713270228,29.91465093612999,30.070007148519945,37956100
2020-01-14,30.484285354614258,30.786365010644108,30.303037560996344,30.467023189638077,66719300
2020-01-15,29.923276901245117,30.02684989243438,29.638459406528035,30.009587727236173,74745500
2020-01-16,29.9664363861084,30.199470696515355,29.86286338653533,30.12179259304637,50368500
2020-01-17,29.957809448242188,30.1649521950129,29.862869159823205,30.139057293902646,54156100
2020-01-21,29.569406509399414,29.79381133240487,29.534885476370096,29.707500518779355,50811000
2020-01-22,29.655723571777344,29.733401674197406,29.543521136632457,29.664353008747756,38879700
2020-01-23,29.448579788208008,29.569411655893376,29.11197578753549,29.422688185824416,45717100
2020-01-24,28.947986602783203,29.46583834149639,28.71495233263595,29.448576177883144,47797200
2020-01-27,28.352453231811523,28.594120227846815,28.02448200331246,28.110789528197262,57096200
2020-01-28,28.689067840576172,28.904840000563464,28.43877134480966,28.499187286212354,38834600
2020-01-29,28.490549087524414,28.86167739486121,28.464657486870625,28.766740428323565,37414700
2020-01-30,28.896203994750977,28.930728326616535,28.197101090370168,28.222995985480086,50542800
2020-01-31,28.33519744873047,28.628644382286936,28.179841253070347,28.542336847996374,54845300
2020-02-03,28.45603370666504,28.82716208776667,28.412876640435908,28.481925312465002,48485500
2020-02-04,29.017040252685547,29.258707319875096,28.939362140449976,28.9652570394765,45061600
2020-02-05,29.957809448242188,30.044120297905927,29.405433180083307,29.431324788771295,54604800
2020-02-06,29.923276901245117,30.21672712477198,29.86286096926206,30.156311192788923,39511500
2020-02-07,29.871498107910156,29.914651881065662,29.552156235653186,29.621201614217625,31263000
2020-02-10,29.940534591674805,29.940534591674805,29.672979302143464,29.724762497577466,24373800
2020-02-11,30.009584426879883,30.24261869279534,30.000951699019495,30.07862978765798,32476300
2020-02-12,30.13905143737793,30.596490620651963,30.018219563750623,30.27714877000528,36656700
2020-02-13,30.130413055419922,30.23398273172186,29.81970073409346,30.000948490727012,31775100
2020-02-14,30.078638076782227,30.1735783548843,29.949176754988237,30.104532975078552,26447700
2020-02-18,29.578041076660156,30.061371785762475,29.35363623969722,30.00958529436616,40318000
2020-02-19,29.9664363861084,30.078635530346777,29.69887774251042,29.73340207570144,29632100
2020-02-20,30.078638076782227,30.27715136322578,29.742034030727183,29.742034030727183,42604100
2020-02-21,29.655723571777344,29.897387316007944,29.465843034212398,29.80244704722547,46675500
2020-02-24,28.24888801574707,28.663170127139896,28.06764020934175,28.637278524059578,79159600
2020-02-25,26.824790954589844,28.27477827558033,26.61764990873406,28.214362342982064,91586800
2020-02-26,26.436399459838867,27.273596340336507,26.375983529537105,27.092346903220587,80012800
2020-02-27,25.141765594482422,26.151579137605598,24.951886729852884,25.504262806019216,121148300
2020-02-28,24.5980224609375,24.81379458778783,23.907552313500723,24.166478207236842,171198800
2020-03-02,25.348909378051758,25.35753881418508,23.683148348513086,24.46855873349599,147776300
2020-03-03,23.950706481933594,25.676883525676555,23.838505698423017,25.348910611698106,138698500
2020-03-04,24.503084182739258,24.52897743269413,23.648626688758263,24.38225230870482,111239800
2020-03-05,23.260986328125,23.75608546062627,22.93091913531461,23.66053943269995,110878700
2020-03-06,22.331592559814453,22.765890369130624,21.801750359014697,22.123129810148452,119121200
2020-03-09,19.048301696777344,20.403310363469828,18.683491479969987,19.30887971304776,145196000
2020-03-10,20.507545471191406,20.56834690649284,18.752981719877756,20.19485048196703,134863600
2020-03-11,19.69106101989746,20.81154840852418,19.33493697991641,19.83872232842969,127347000
2020-03-12,17.814895629882812,19.86478173864396,17.502200689437323,17.884383210346854,139552600
2020-03-13,20.98526954650879,21.063443282982803,18.65743307531511,19.274136812308484,128357400
2020-03-16,17.75409507751465,18.874582574711297,17.007102308240427,17.24162352511229,121688800
2020-03-17,19.09173011779785,19.70843383033313,17.397969760368525,18.292622131867002,120065700
2020-03-18,18.058103561401367,18.21444937985784,17.111334212167016,17.60643344573248,148272500
2020-03-19,18.41423225402832,18.891959297721456,16.503320765825638,17.597751710154622,122461300
2020-03-20,17.085281372070312,18.97013453613199,16.989735293185394,18.90064693059256,150910400
2020-03-23,15.704207420349121,17.085274472339943,15.591290728216107,16.729150430678363,181898500
2020-03-24,18.266569137573242,18.370799699348733,16.512005332775033,16.86812945615196,147882400
2020-03-25,18.327367782592773,19.195963396396085,17.728036345188386,18.857209980446825,146991300
2020-03-26,19.734493255615234,19.934271521143096,18.388170614135195,18.509773479201453,116111400
2020-03-27,18.76166534423828,19.282823037050523,18.327367543013853,18.831152926165604,91522800
2020-03-30,19.143850326538086,19.413114533924155,18.475031229329765,18.8050968716048,80449100
2020-03-31,18.440284729003906,19.534715415776482,18.20576351254235,18.952756280509668,95213700
2020-04-01,17.172136306762695,17.67592171481417,16.946301240158277,17.311111477486225,83961300
2020-04-02,17.867013931274414,18.058106052495454,17.015790512044866,17.067905792052933,70007400
2020-04-03,17.397972106933594,18.01467424593249,17.093963286889654,17.719351581514353,68293500
2020-04-06,18.57925796508789,18.761663888945012,18.075472621013454,18.266564699027054,97766200
2020-04-07,19.23070526123047,19.873465779932424,18.978813409104156,19.80397820106504,94560300
2020-04-08,20.36857032775879,20.498859354614577,19.465229982357585,19.465229982357585,81212300
2020-04-09,21.593292236328125,21.99284551129166,20.889728441642735,20.90710075534942,125275700
2020-04-13,20.776813507080078,21.58460794021281,20.655210614080367,21.523806493712954,83164700
2020-04-14,20.61177635192871,21.41088449276861,20.06456176894856,21.280595464127135,88991100
2020-04-15,19.274141311645508,19.673694585371017,19.030933890650623,19.24808284116623,99082200
2020-04-16,18.605316162109375,19.291505763536342,18.31867970589301,19.2393904960555,89213300
2020-04-17,20.220905303955078,20.325135843759554,19.37836654751035,19.40442501081875,92800300
2020-04-20,19.543405532836914,20.09062015880174,19.265455141444303,19.60420697386467,74446300
2020-04-21,18.79640769958496,19.430483727990516,18.674804849319454,19.02224274773132,78871300
2020-04-22,18.935382843017578,19.308879204764043,18.891953727020603,19.248077779682447,49669500
2020-04-23,18.996191024780273,19.44785958523924,18.978818711031654,19.074363123219015,50614800
2020-04-24,19.26544952392578,19.36968006194843,18.8224655955432,19.204648100626816,47633500
2020-04-27,20.385936737060547,20.542284199409092,19.499970544942986,19.560771967697526,66916700
2020-04-28,20.750751495361328,21.549859634608964,20.716008527593107,21.237166297835458,65504900
2020-04-29,21.523799896240234,21.8104363823906,21.28927868301321,21.636716597026584,73493900
2020-04-30,20.889728546142578,21.176365096876616,20.716010378351815,21.0287037430612,55244100
2020-05-01,20.047189712524414,20.377255366409603,19.812668463947755,20.307767773132987,51772600
2020-05-04,19.916898727416992,19.969014003080716,19.48260089788488,19.717122123443758,45886100
2020-05-05,19.682374954223633,20.429367654478824,19.647631993849767,20.39462303739043,45691900
2020-05-06,19.413114547729492,20.047189021615118,19.308882333049393,19.977701430733333,53874600
2020-05-07,19.838729858398438,20.29908626719358,19.638953205355605,19.68238233629008,51884300
2020-05-08,20.47279930114746,20.51623007787936,20.194848956922243,20.385939404398396,45181000
2020-05-11,19.61288833618164,20.081930749532336,19.595516026787628,20.07324459483533,68951800
2020-05-12,18.996191024780273,19.82135604725946,18.978818711031654,19.72580997835707,69588700
2020-05-13,18.127593994140625,18.891957523612692,17.99730330653688,18.81378377373641,112113400
2020-05-14,18.857208251953125,18.926697485133925,17.458770568479675,17.62380418385506,88359100
2020-05-15,18.6226863861084,18.848521395538153,18.44028048526678,18.587941773866454,64484000
2020-05-18,19.916898727416992,20.029815434140854,19.169905930473043,19.473914742488468,86589400
2020-05-19,19.29151153564453,19.977702999097595,19.274140879096528,19.68238030048678,62179000
2020-05-20,19.89952850341797,19.977702253468735,19.665007253265667,19.69975187849486,59789500
2020-05-21,19.890836715698242,20.212217781220513,19.78660618294982,19.812662987779703,57726000
2020-05-22,19.682374954223633,19.934268457970905,19.508655182210717,19.91689614942671,48107000
2020-05-26,21.08950424194336,21.367454601521718,20.585718801028875,20.629147923444936,119485500
2020-05-27,22.566112518310547,22.731146140544176,21.688830793520147,22.644286252173078,117672700
2020-05-28,21.593292236328125,22.705093806115368,21.532490795069762,22.652978521710345,84340800
2020-05-29,20.950531005859375,21.636720812641002,20.898414066067115,21.211109077960757,113811100
2020-06-01,21.376140594482422,21.6019756740979,20.889725812211477,21.08950408126178,58375500
2020-06-02,21.575912475585938,22.05363934062467,21.332705137781712,21.680143008420284,71118100
2020-06-03,22.574800491333008,22.705089506027804,22.053642775839112,22.149188826415493,86744600
2020-06-04,23.4232177734375,23.466949774488526,22.364886331659797,22.487337269217797,94545300
2020-06-05,24.58650016784668,25.373687655985968,24.385328678837773,25.321208934981605,118767900
2020-06-08,24.962604522705078,25.27747855786531,24.61274188855354,25.00633651783968,79598500
2020-06-09,24.68271827697754,24.962608765524653,24.096700433919302,24.24539157822569,77773400
2020-06-10,23.265775680541992,24.577755493336443,23.187056758312835,24.464049641997175,90415300
2020-06-11,20.930458068847656,22.46984839571723,20.711794698581,21.848843556659975,149875500
2020-06-12,21.67390251159668,21.91005755993458,21.02665947473661,21.892565767357574,73729700
2020-06-15,21.997529983520508,22.0150234497636,20.7205369766126,20.781762440194655,76538900
2020-06-16,22.566057205200195,22.950905170916418,21.743884204797375,22.89842643367706,96796500
2020-06-17,21.866331100463867,22.653518686426832,21.79635890767313,22.653518686426832,58349500
2020-06-18,21.901321411132812,22.294914430725118,21.49897998928923,21.603939128808534,53419000
2020-06-19,22.08499526977539,22.29491185630576,21.420258578294852,22.251179859712707,127563600
2020-06-22,21.533966064453125,21.892573802050517,21.525219330820402,21.770121199461236,55484300
2020-06-23,21.682655334472656,22.22493942690197,21.656415135831732,21.875078453033264,46108300
2020-06-24,20.825496673583984,21.463994913862773,20.711792467332906,21.463994913862773,75437100
2020-06-25,21.621431350708008,21.66516502147376,20.59808681055479,20.729286154583093,65031900
2020-06-26,20.24822425842285,21.087892322829493,20.13452005954667,21.070398855842747,118139200
2020-06-29,20.458139419555664,20.851734057749457,20.204490839150886,20.47563288531288,66269200
2020-06-30,20.77301788330078,20.912962291368874,20.20449351699055,20.29195918910034,61716200
2020-07-01,20.34443473815918,21.05290340155785,20.318194540156018,21.01791813915564,57379900
2020-07-02,20.370676040649414,20.98293234616803,20.309448908655664,20.851734685576098,56000200
2020-07-06,20.694292068481445,21.061646434654953,20.519360782391818,20.83423643004579,59589000
2020-07-07,20.125770568847656,20.45813805471773,20.029558181870364,20.44939132242265,60645800
2020-07-08,20.204490661621094,20.283209588568177,19.85462969089445,20.14326520027752,52922600
2020-07-09,19.915855407714844,20.256969650015485,19.583486230059435,20.064546530714637,79385900
2020-07-10,21.009174346923828,21.035412880330654,19.837138697710333,19.863377231117155,81142900
2020-07-13,21.157867431640625,21.437756268836967,20.869231859748265,21.315305319630834,73598100
2020-07-14,21.1141300201416,21.12287675328911,20.51062044738246,20.895466696260204,67423100
2020-07-15,21.51647186279297,21.752628658009495,21.236583069174326,21.656416259602288,57384400
2020-07-16,20.930458068847656,21.184106710857037,20.589343745077787,20.7730201753326,78067100
2020-07-17,20.3094482421875,20.974184924744122,20.291956444746344,20.886719264463487,66659100
2020-07-20,20.624324798583984,20.72928392888339,20.21323834713793,20.283210544581276,61114000
2020-07-21,21.359033584594727,21.41151231531206,20.720537078016058,20.738028876075987,75499300
2020-07-22,21.262821197509766,21.280314663846244,20.965438942864697,21.201595733600858,52193700
2020-07-23,21.463991165161133,21.551455153954493,21.08789000758254,21.446497700095,61047600
2020-07-24,21.29780387878418,21.71763697744134,21.227831695674652,21.481480233846025,50217600
2020-07-27,21.1141300201416,21.227835882790437,20.886719963112697,21.184102217052896,54721300
2020-07-28,21.30655288696289,21.481482529294965,21.06164938577565,21.105381379291515,48406500
2020-07-29,22.10249137878418,22.119984846820802,21.157865792302765,21.30655693407618,71393500
2020-07-30,21.72638511657715,21.822597500187285,21.297805258728847,21.621426000978044,61755900
2020-07-31,21.76137351989746,21.822600652665088,21.39401906463564,21.80510718616005,61955800
2020-08-03,21.85758399963379,22.137472766081927,21.59518869815582,21.892570929574127,58284000
2020-08-04,21.87508201599121,21.918814019246987,21.743884337954892,21.831348344466445,37985300
2020-08-05,22.207447052001953,22.382378381663532,22.084996122200128,22.14622158710104,51322600
2020-08-06,22.27741813659668,22.452349457513694,22.1112352168211,22.25992633911995,51999700
2020-08-07,22.83719825744629,22.907170454901213,22.093742616819714,22.16371481427464,63354500
2020-08-10,23.230789184570312,23.449452490779702,22.92466022222344,23.012125878360923,64051100
2020-08-11,23.54566764831543,24.271629843572615,23.42321671628397,23.86054338013213,81441000
2020-08-12,23.379484176635742,24.114193140800474,23.099595365195636,24.03547420404933,61971300
2020-08-13,23.047115325927734,23.327004121529495,22.86343726114607,23.1695662569363,55955500
2020-08-14,23.152070999145508,23.318255584279147,22.67101237745233,22.793463298988335,50931900
2020-08-17,22.653520584106445,23.099593976115603,22.60104185218443,23.012128310733036,57518700
2020-08-18,22.329898834228516,22.73223854217397,22.268671703295794,22.62728108282678,45850100
2020-08-19,22.303659439086914,22.810958292931474,22.20744704099386,22.44360383543929,59856000
2020-08-20,21.95380210876465,22.15497200353049,21.883829898921352,22.00628084907985,49403700
2020-08-21,21.848838806152344,22.24243345436223,21.77886660961156,21.848838806152344,55010700
2020-08-24,22.469844818115234,22.478591551725557,21.90132047959501,22.058756679774277,54579500
2020-08-25,22.740983963012695,22.907168543703776,22.504827190704628,22.77597089295551,57304700
2020-08-26,22.356130599975586,22.688499679960664,22.338638807556553,22.688499679960664,39478000
2020-08-27,22.78471565246582,22.933406766197006,22.251178324122197,22.294910317697234,52934800
2020-08-28,23.003381729125977,23.15207286077664,22.732239666093168,23.09084739508557,46466400
2020-08-31,22.51357650756836,22.863437505814524,22.4698445083884,22.819705506634566,49416200
2020-09-01,22.487337112426758,22.653521718145985,22.21619503760931,22.373632909525536,46109200
2020-09-02,22.758480072021484,22.880931004510167,22.294913206034728,22.329900140042255,57300900
2020-09-03,22.599943161010742,23.445460229548964,22.4237932817641,23.075546827042817,86192500
2020-09-04,23.375001907348633,23.56876544133058,22.72324832600333,23.12839239873447,99621400
2020-09-08,22.4414119720459,23.18123888803774,22.3621446824832,23.022704308912346,74978600
2020-09-09,22.467830657958984,22.652786511582075,22.22122117323852,22.582326898789038,53822700
2020-09-10,22.14195442199707,22.802513937497125,22.089110131126187,22.63517340309104,56609600
2020-09-11,22.459028244018555,22.529487873274775,22.09792243409417,22.21241870167675,47708300
2020-09-14,22.679214477539062,22.890593362344852,22.494258583292762,22.608754849270465,47802400
2020-09-15,22.2652645111084,22.749674248507255,22.18599721882276,22.69682994694685,63820200
2020-09-16,22.54709815979004,22.82012895213115,22.062686847047758,22.26525970577474,64598600
2020-09-17,22.326913833618164,22.441410086762215,22.106727309972797,22.13314861768073,48862000
2020-09-18,22.2036075592041,22.52948434338751,22.10672663408726,22.150763265514023,94055800
2020-09-21,21.55185890197754,21.824891433406382,21.164331783628963,21.639933857925875,75218600
2020-09-22,21.085058212280273,21.666350396588417,20.970560299677107,21.375704304434343,68665300
2020-09-23,20.486154556274414,21.36690065922745,20.486154556274414,21.225981417146155,59950300
2020-09-24,20.556615829467773,20.97937358968906,20.213125359274226,20.591844802874544,53570700
2020-09-25,20.688724517822266,20.74156881046567,20.371655402182306,20.50376865362547,42111300
2020-09-28,21.21717643737793,21.41093999976806,20.95295324503774,21.032218858827726,47996900
2020-09-29,20.93533706665039,21.129100621164906,20.723958185391822,21.12029295779288,45695200
2020-09-30,21.21717643737793,21.41974766349808,20.935337917577705,20.944145581307723,56226100
2020-10-01,21.22597885131836,21.49900963986027,21.014600013748204,21.375705737916764,44782200
2020-10-02,21.322864532470703,21.516629770117476,20.759187506349296,20.82083947109507,51682100
2020-10-05,21.68396759033203,21.763233186044154,21.472587068800685,21.59589265300892,44396800
2020-10-06,21.463777542114258,22.18598888508532,21.38451027960383,21.948187097554037,67541100
2020-10-07,21.9129638671875,22.115536762049313,21.666356015879195,21.69277732572509,47648000
2020-10-08,22.230026245117188,22.282870528583402,21.85130524051543,21.97461080845591,52080600
2020-10-09,22.335721969604492,22.45021822517554,22.053883482146624,22.3181066441659,44511500
2020-10-12,22.617557525634766,22.74966908952162,22.230028815662266,22.282873105239073,48362900
2020-10-13,21.97461700439453,22.617561287500706,21.877734390814986,22.582330635329978,61186900
2020-10-14,20.803224563598633,21.657547714541625,20.77680157464124,21.446168842552325,127409500
2020-10-15,21.270017623901367,21.314055936100033,20.67991767955798,20.776800286505207,66832400
2020-10-16,21.34928321838379,21.446165817672785,21.085060085637068,21.314054251299424,58357700
2020-10-19,20.891298294067383,21.419746325631245,20.86487698441768,21.402130999271453,51377900
2020-10-20,21.261211395263672,21.560665218849635,21.03221719605735,21.04102485909105,62476400
2020-10-21,21.181943893432617,21.437361079154538,21.146714921544387,21.331670803709965,41564900
2020-10-22,21.904150009155273,21.939378969581433,21.13790038118595,21.181937001690997,55402000
2020-10-23,21.93057632446289,22.24764544025086,21.76323410447593,22.23003011606491,51007400
2020-10-26,21.613508224487305,21.64873719188701,21.270016132974245,21.5518545917308,59450200
2020-10-27,21.005794525146484,21.481396538905692,20.97056387529551,21.393323274057952,55009300
2020-10-28,20.671112060546875,20.838454303664623,20.36285224413261,20.61826776057443,81942500
2020-10-29,20.732765197753906,20.917721083088768,20.36285174719421,20.57423062181547,57490400
2020-10-30,20.87367820739746,20.996982094092825,20.468534225572107,20.68872069746495,66453400
2020-11-02,21.2083683013916,21.366902885221588,20.671112585054434,21.04102605402772,59756400
2020-11-03,21.74561882019043,21.965805316239653,21.587084274252646,21.648736224364086,65106200
2020-11-04,20.856067657470703,21.26121005208627,20.49496189535166,21.04102352982394,88845500
2020-11-05,21.675159454345703,21.833694002080534,21.014599958710363,21.049828924934953,74722600
2020-11-06,21.41093635559082,21.983420961483446,21.340476737633107,21.95699965468043,55454500
2020-11-09,24.449512481689453,24.898693204272366,23.16362227353035,23.427847117344367,178378800
2020-11-10,24.36143684387207,24.449511789315928,23.9386791216094,24.211709940584477,77694600
2020-11-11,24.07959747314453,24.458318548644673,23.8858339442353,24.440703224228436,48360900
2020-11-12,23.507118225097656,23.692074133943063,23.172433704486664,23.639229828542973,67912600
2020-11-13,23.7801456451416,23.96510152714553,23.568766774327134,23.6744553697894,52421000
2020-11-16,24.290973663330078,24.66088703606666,23.938675613078477,24.537583138451005,57396700
2020-11-17,24.264551162719727,24.308589469809007,23.78894920538304,24.00032803974264,46402300
2020-11-18,23.762529373168945,24.59923884006653,23.744914047996605,24.335014002151038,54416700
2020-11-19,23.762529373168945,23.788952360927457,23.47188322738481,23.718492740127964,46423000
2020-11-20,23.612802505493164,23.736108102000326,23.454267938476722,23.55115054718452,40538000
2020-11-23,24.12363624572754,24.238134184707167,23.832990086618413,23.877028401568246,45421200
2020-11-24,25.524019241333008,25.532826903114564,24.590428931054202,24.59923659283576,80387800
2020-11-25,25.568063735961914,25.576871399874324,25.083652300120132,25.28622353043518,57249900
2020-11-27,25.5328311920166,25.629713807997973,25.374296613097997,25.515215865494536,25971600
2020-11-30,24.801807403564453,25.41833027994394,24.7489631135544,25.295024696734227,63567900
2020-12-01,25.268606185913086,25.57686765819083,25.250990860665244,25.312642819142816,50255100
2020-12-02,25.594482421875,25.700172698090217,25.12768804164017,25.268607290000492,45257500
2020-12-03,25.621065139770508,25.789450338157742,25.37291862058721,25.64765281015582,54013700
2020-12-04,25.957836151123047,26.081908568472304,25.700827069059695,25.878074828438553,66188200
2020-12-07,25.78059196472168,25.833765623760804,25.426098087193946,25.61220673901095,42197800
2020-12-08,25.638792037963867,25.83376322994763,25.496994500092043,25.576755826439943,33869100
2020-12-09,25.523582458496094,25.92238912111889,25.479271358364723,25.92238912111889,54886300
2020-12-10,25.79831886291504,25.816042290245363,25.231126929338153,25.37292449014231,58859600
2020-12-11,25.319744110107422,25.47926674628084,25.080460155847298,25.417230541182246,40538400
2020-12-14,25.009563446044922,25.665377467170018,24.93866467863572,25.62992892864539,40267100
2020-12-15,25.38178253173828,25.541305181842443,25.03615125008591,25.124775132405997,43672700
2020-12-16,25.45268440246582,25.541308295590067,25.204539530150132,25.523583178893183,42463200
2020-12-17,25.5501651763916,25.629926493443506,25.284295246458452,25.44381619020247,43182700
2020-12-18,25.40837287902832,25.78945442988036,25.319748987376197,25.603344088374886,82817200
2020-12-21,26.356639862060547,26.578198705914815,25.461541930046124,25.789449762708767,93397400
2020-12-22,25.886938095092773,26.392093749048133,25.851489554146468,26.392093749048133,39054300
2020-12-23,26.63137435913086,26.89724600597853,25.993285449344373,26.046459102569926,52537200
2020-12-24,26.551612854003906,26.82634705625221,26.356641666592804,26.82634705625221,22632300
2020-12-28,26.7022762298584,27.074495226411376,26.578203794460794,26.790900122439613,32861200
2020-12-29,26.595924377441406,26.808620669163485,26.525025613534044,26.737721905256127,33291900
2020-12-30,26.569345474243164,26.782041836149183,26.53389692577237,26.587070593658773,26370100
2020-12-31,26.861799240112305,26.93269801700707,26.498442797231604,26.595929249346973,28716000
2021-01-04,26.613651275634766,27.092217541510607,26.36550474013916,26.994731100715907,51483900
2021-01-05,26.817485809326172,27.065632352086293,26.50730305346603,26.737724480951847,48507000
2021-01-06,28.492469787597656,28.90899813146389,27.79234300223129,28.270909244708132,107002800
2021-01-07,29.1216983795166,29.79523585600882,29.10397326425101,29.52050502119228,74358500
2021-01-08,28.82923698425293,29.245768711366367,28.457019732490142,29.17486825538118,44641400
2021-01-11,29.307811737060547,29.36098709141815,28.27091599213146,28.439301233543272,51868200
2021-01-12,29.830692291259766,30.105426563940494,29.423024697517334,29.61799424455198,68166200
2021-01-13,29.6534366607666,29.848409537093993,29.32553049844134,29.626850679711,43172800
2021-01-14,30.12314796447754,30.459915040839768,29.617990588493505,29.67116593878665,48483500
2021-01-15,29.254634857177734,29.804103348058355,28.979903992457853,29.50278311718591,57684300
2021-01-19,29.041940689086914,29.77751447078948,28.5367866732602,28.80265667410787,78130200
2021-01-20,28.660852432250977,29.059659030895222,28.50132979279328,29.03306967050581,53920000
2021-01-21,28.155702590942383,28.784928992397102,28.12025235912855,28.66085656176887,49626600
2021-01-22,27.960725784301758,28.137973537849476,27.694855844340037,27.792342277827267,45314500
2021-01-25,27.61509895324707,27.739171386413556,27.092219855816694,27.71258540236938,48078400
2021-01-26,27.42012596130371,27.85438113949223,27.393538288629305,27.827793466817823,36373000
2021-01-27,26.436403274536133,26.968144879966164,26.294605738469453,26.86179588273617,63809200
2021-01-28,26.87065887451172,27.251740392737684,26.51616502861315,26.95928275857636,51223300
2021-01-29,26.276884078979492,27.030184644859077,26.223710418552752,26.941560750574386,64019100
2021-02-01,26.551612854003906,26.622513311636975,26.205981574842422,26.471853219886594,40985300
2021-02-02,27.499889373779297,27.650549482969353,27.065634162669166,27.101082705229103,53527000
2021-02-03,27.98731803894043,28.120253030696876,27.366952490263497,27.39354016475884,49404900
2021-02-04,28.80265235900879,28.829238340894406,28.16456343835419,28.182286862824604,51751900
2021-02-05,28.687440872192383,29.166008831608078,28.64312977536944,29.14828371673491,42008800
2021-02-08,29.325536727905273,29.493920278225993,28.714035368689473,28.74062135539259,46014100
2021-02-09,29.201454162597656,29.263490363886742,28.88240890984269,29.21917927449731,35868600
2021-02-10,29.228044509887695,29.617986887821022,29.1216972033095,29.352116931015573,45031900
2021-02-11,29.139421463012695,29.520502962851573,28.846962152602472,29.219182785786412,29479900
2021-02-12,29.57367706298828,29.644577524234577,29.166009552982274,29.245770881524326,37468300
2021-02-16,30.37129020690918,30.628299306649502,29.866136255403053,30.114281107168853,52802600
2021-02-17,30.495357513427734,30.628294164968608,29.94589255644979,30.167451388538257,45455300
2021-02-18,30.300390243530273,30.708061139051033,30.149731832690076,30.18518206373016,37541700
2021-02-19,30.610580444335938,30.77896400232751,30.291535066481803,30.30926018533156,54514100
2021-02-22,31.151172637939453,31.23979481704756,30.495357018093397,30.53080724202441,56783400
2021-02-23,31.479084014892578,31.80699018922021,31.14231359274204,31.39045844026349,67440700
2021-02-24,32.241249084472656,32.36532151605061,31.549983081692336,31.674058893990487,58139500
2021-02-25,31.842443466186523,32.81730121535405,31.691781665259718,32.755264997537225,74762000
2021-02-26,30.76123809814453,31.93106886659679,30.734652110909003,31.665198852079577,70933300
2021-03-01,31.71837615966797,31.948795951574002,31.230947206263046,31.479092117657363,45901700
2021-03-02,31.487947463989258,31.851303897963543,31.461361479780493,31.594298162264856,41167400
2021-03-03,32.27669143676758,32.76412360819488,31.762676666062063,31.8778882139194,66047000
2021-03-04,32.508262634277344,32.837797495979046,31.991691350653028,32.187632650994914,96512800
2021-03-05,32.891231536865234,33.48795682042738,32.21434537318532,32.980293896423056,74292300
2021-03-08,33.06937026977539,33.60375139369756,32.793271430491956,33.292029637661685,65335500
2021-03-09,32.34794235229492,33.096077725096265,31.893718881938607,32.55278849755453,63946000
2021-03-10,33.283119201660156,33.42562105196449,32.39248178788002,32.54389191492894,53365600
2021-03-11,33.1673469543457,33.65719697308941,32.81999542349655,33.19406499613682,45834000
2021-03-12,33.7907829284668,34.00453740693507,33.470156307032646,33.77296977213509,46069600
2021-03-15,33.62156295776367,33.90656666335301,33.14952620741486,33.8709403507763,50131600
2021-03-16,33.52358627319336,33.59483888554363,32.9268609335618,33.32764498674165,50300400
2021-03-17,33.7996826171875,34.16484373542278,33.247488501261024,33.84421379794569,63796000
2021-03-18,34.68141555786133,35.598774295606226,34.21828374990049,34.29844124353817,95439700
2021-03-19,34.316253662109375,34.66360166125945,33.425616373001844,34.10250261533008,106252700
2021-03-22,33.541404724121094,34.18266474651391,33.30984049243041,33.91547420302093,54701300
2021-03-23,32.86451721191406,33.683901884216255,32.757638291387295,33.27420954806516,49838000
2021-03-24,32.86451721191406,33.65718385284037,32.85560893644769,33.140612596162505,43896800
2021-03-25,33.541404724121094,33.6215622269202,32.62404927904078,32.83780035483032,47517900
2021-03-26,34.449859619140625,34.52110885418663,33.91547846500179,34.15594760610551,66846000
2021-03-29,34.12031555175781,34.40531921065825,33.7195280947067,33.88874795545645,45680000
2021-03-30,34.725955963134766,35.14455325785509,34.40532593482999,34.40532593482999,56705900
2021-03-31,34.458763122558594,34.72595708646405,34.25391690840682,34.39641877031729,49270000
2021-04-01,35.1712646484375,35.19798267732925,34.485473594288436,34.58344423023991,65587000
2021-04-05,35.44736099243164,35.87486645414053,35.269232867341756,35.62548911752153,50328500
2021-04-06,35.34939956665039,35.759095380387016,35.14455335853822,35.20689770894139,42590100
2021-04-07,35.67002487182617,35.75909064454383,35.26033250986045,35.420647503240396,43136400
2021-04-08,35.35830307006836,35.49189663253318,34.930797554659655,35.4473654450449,45285900
2021-04-09,35.61659240722656,35.78581229623373,35.18908344997613,35.54533978184743,45872900
2021-04-12,35.67893600463867,35.96393970513154,35.49189956571165,35.616591657500365,45544600
2021-04-13,35.019874572753906,35.46519342886472,34.912998998591014,35.45628854664834,46770400
2021-04-14,35.518611907958984,35.919399320924,34.66359762779655,34.71703708202896,52023800
2021-04-15,34.503292083740234,35.48299179979277,33.88875014406947,35.38502114868515,118128900
2021-04-16,34.86846160888672,35.108930758729954,34.654707100955065,35.01096348167028,60633400
2021-04-19,34.886260986328125,35.11782858412113,34.76157230944496,35.08220227715118,42321100
2021-04-20,33.91548538208008,34.734870438541904,33.74626204399667,34.734870438541904,50834100
2021-04-21,34.48548126220703,34.53891733187215,33.31874504351245,33.621561895825664,37851800
2021-04-22,34.16484451293945,34.530005639485,33.99562126569134,34.51219248727407,48093400
2021-04-23,34.89517593383789,35.03767779145261,34.04016478814958,34.12922717509167,48674100
2021-04-26,35.10002136230469,35.49190061266414,34.984237543841495,35.04658189281886,34699800
2021-04-27,35.518611907958984,35.55423481326936,35.189073703125956,35.331575516901154,34304800
2021-04-28,35.6522102355957,35.82143349797051,35.51861667833904,35.56314786409126,34084400
2021-04-29,36.614097595214844,36.63191074777227,36.035182028388604,36.11533951614129,44008700
2021-04-30,36.09752655029297,36.42706477804265,36.044090489855755,36.373625320093964,39203400
2021-05-03,36.12424850463867,36.56065885962472,35.99955643427399,36.40034388095309,41940500
2021-05-04,36.51612854003906,36.58738115336178,35.42954996944882,35.839245701031246,53880000
2021-05-05,36.86347579956055,37.014885901089876,36.302373372147336,36.69425594256804,37471100
2021-05-06,37.41566848754883,37.46020306699862,36.72988081117249,36.94363184348134,39044400
2021-05-07,37.56708908081055,37.62943343244793,36.61410725148208,36.631920408737386,39249200
2021-05-10,37.45130157470703,38.24396830830479,37.43348841920335,37.852089079759835,41271500
2021-05-11,37.02378845214844,37.70957950977621,36.81894230207957,37.005975300293144,42964700
2021-05-12,36.67644500732422,37.90552545680677,36.55175632647313,37.74521046785202,47533000
2021-05-13,37.2642707824707,37.48693014340862,36.32019386898953,36.391446495295526,42026100
2021-05-14,37.72739791870117,37.83427344721402,37.33551531830109,37.46020739866317,30932600
2021-05-17,38.06584167480469,38.163808928985254,37.54927038315806,37.620523001665944,32656400
2021-05-18,37.54927062988281,38.25287495346803,37.531457475138794,38.03021561543564,37880300
2021-05-19,37.38004684448242,37.406764875046626,36.792226389489294,37.095043193425845,42672800
2021-05-20,37.29098892211914,37.52255656074438,36.925827705067555,37.31771035581419,36871100
2021-05-21,37.763031005859375,37.94115578618367,37.308803982500166,37.42458780772088,40243800
2021-05-24,37.96787643432617,38.101470016800555,37.6294332432022,37.92334524016805,31390800
2021-05-25,37.41566848754883,38.52896502356567,37.34441927594968,38.0213020749429,52657700
2021-05-26,37.44239044189453,37.629423447175974,37.103947338877084,37.42457728936609,41332800
2021-05-27,37.8966178894043,38.16380841015275,37.51364356391053,37.83427354781339,52981100
2021-05-28,37.75411605834961,38.03911973353202,37.45129922877932,37.994588546318234,38509700
2021-06-01,38.22615051269531,38.546780477817684,38.092556958902065,38.25287194146325,42890700
2021-06-02,38.24396896362305,38.44881515915744,37.941152109895654,38.38647081258228,34180500
2021-06-03,38.68221664428711,38.896870908366765,38.17241660538843,38.25291152794158,46981200
2021-06-04,38.70010757446289,38.807433008334655,38.30657870905706,38.67327706894845,37192600
2021-06-07,38.56594467163086,38.807429434463934,38.51228366554376,38.700104010476025,28401900
2021-06-08,38.35129165649414,38.6732713220771,37.94881707451544,38.3334035182047,41871400
2021-06-09,37.850433349609375,38.21713164851603,37.66261301861624,37.984592678497876,42366300
2021-06-10,37.28696823120117,38.42283938212769,37.224361455401656,38.24396141763762,40123600
2021-06-11,37.43901824951172,37.46584875188111,37.125980937343094,37.394299608291526,31203600
2021-06-14,36.99182891845703,37.483740847431555,36.72351363099947,37.43007642521445,36050700
2021-06-15,37.01865768432617,37.17070516755699,36.58041019815994,36.92027462079103,39247900
2021-06-16,37.224361419677734,37.55528684780146,36.37469364802538,36.920269903880474,63859100
2021-06-17,35.596580505371094,37.65366868561611,35.5250313625539,37.58211954279891,80728200
2021-06-18,34.68430709838867,35.14938848405407,34.424937608459686,34.89001558231138,102774200
2021-06-21,35.55186080932617,35.5786913106095,34.90790148401844,34.9883963996819,48119400
2021-06-22,35.748634338378906,36.008003865528046,35.13150538623756,35.66813940600456,44113200
2021-06-23,35.95433807373047,36.15110078419715,35.838066873127154,35.91856179480426,32039900
2021-06-24,36.51780700683594,36.67879345813222,35.936454344291086,36.168993362220526,37161800
2021-06-25,37.224361419677734,37.41218515870942,36.52674111183071,36.91132754098058,53178800
2021-06-28,37.17070007324219,37.18858821068914,36.75927973558898,37.081259386007424,34416500
2021-06-29,36.57145690917969,37.51950765815567,36.446243367427094,37.23330430220313,38519600
2021-06-30,36.875553131103516,36.99182432556406,36.41941754024071,36.45519040546325,29159800
2021-07-01,37.15281677246094,37.29591847885261,36.85766758388284,37.17070491223662,28045100
2021-07-02,36.80400466918945,37.09020806714177,36.75928261616083,37.00076737289816,28980800
2021-07-06,35.83806610107422,36.562520380561374,35.65918812211044,36.4999135996961,47578700
2021-07-07,35.55186080932617,35.77545741818986,35.20305064538898,35.39087097799924,43499900
2021-07-08,34.68430709838867,35.0957274780478,34.41599183291617,34.541205396015755,52793100
2021-07-09,35.81123733520508,35.99011532284442,35.23883050421026,35.462427135805974,43887200
2021-07-12,36.33892059326172,36.49991041911921,35.45347655104551,35.587635876531216,42624500
2021-07-13,35.650245666503906,36.20476432922871,35.3998185436889,36.20476432922871,54338100
2021-07-14,34.755859375,35.37298482178788,33.79886610838906,34.9794559963916,105651700
2021-07-15,34.72902297973633,35.17621614664421,34.272884038874956,34.335490809297006,54697300
2021-07-16,33.91512680053711,35.14043848595447,33.61998109618279,35.077831718006195,60469700
2021-07-19,33.02968978881836,33.31589316182724,32.65404572936087,32.86869996502419,83251500
2021-07-20,33.70941925048828,34.09400564192254,32.74348379679768,32.96708037731467,59462900
2021-07-21,34.398109436035156,34.675370523336916,33.96880425724856,34.031411049249876,49907400
2021-07-22,33.95092010498047,34.344452457311064,33.7004929075444,34.30867616858743,52715600
2021-07-23,33.71836853027344,34.22816851391482,33.593154978054635,34.16556173780541,48659400
2021-07-26,34.10295867919922,34.20134174147096,33.68259592651587,33.68259592651587,32258000
2021-07-27,33.96880340576172,34.20134583749264,33.50372195411407,33.73626438584499,39121400
2021-07-28,34.10295867919922,34.43388073353835,33.763090849118775,34.15661968639196,43331100
2021-07-29,34.59486770629883,34.86318295542543,34.31760668217369,34.47859651401235,43039100
2021-07-30,34.30866241455078,34.729025108997114,34.03140140581611,34.44281832576048,46210100
2021-08-02,33.95092010498047,34.83636448590964,33.906201449983264,34.344452457311064,49894000
2021-08-03,34.47859573364258,34.55014828475739,33.58420931558797,34.040348299411335,39680600
2021-08-04,34.22816848754883,34.67536169473633,33.86147019412761,34.01351424690093,42289800
2021-08-05,34.89896774291992,34.934744028012155,34.47860492262201,34.496493065168124,34754500
2021-08-06,35.90961837768555,36.14215736025764,35.30143530103403,35.30143530103403,58022300
2021-08-09,36.374698638916016,36.634071552175,35.59658331095292,35.82017994407677,56340100
2021-08-10,37.0544319152832,37.22436411720273,36.29420477660563,36.410472561796745,44987300
2021-08-11,37.5195198059082,37.734170686463884,37.09915699808316,37.206482438361,58458200
2021-08-12,37.69839096069336,37.823604520222766,37.358523147818104,37.7699401039329,37400100
2021-08-13,37.23331069946289,37.769941231122054,37.054432718305264,37.64472766785583,41344900
2021-08-16,36.92921829223633,36.93816065576911,36.32103521759802,36.812947095428335,38599100
2021-08-17,36.75034713745117,37.179652314805665,36.329984325289495,36.7145708530514,43526900
2021-08-18,36.482025146484375,37.143869227593676,36.36575394938704,36.46413700756066,50342500
2021-08-19,35.94538879394531,36.37469386376769,35.784398966285245,35.88278201783456,51883900
2021-08-20,36.106380462646484,36.19582115580339,35.6949635095655,35.85595334543433,40415000
2021-08-23,36.589351654052734,36.75928386115055,36.312090610227486,36.338924525316216,35364500
2021-08-24,37.09915542602539,37.27803342678475,36.70562655380607,36.75928756576401,35579300
2021-08-25,37.69839096069336,37.96670621851546,37.1528146697607,37.260140090526825,51219900
2021-08-26,37.600013732910156,38.31552233530612,37.58212559137349,38.011430752811066,41184500
2021-08-27,38.00248336791992,38.14558506949575,37.510568070177676,37.67155791092719,46468600
2021-08-30,37.26013946533203,38.12769541581977,37.2333089635441,38.12769541581977,44855600
2021-08-31,37.340633392333984,37.62683677652775,36.991823231086165,37.26908084037881,54654600
2021-09-01,36.83977127075195,37.36745933571228,36.69666959610914,37.34062883790833,52361900
2021-09-02,36.87574005126953,37.29825693681353,36.53413058148295,36.95664746702695,44538900
2021-09-03,36.9026985168457,37.028553702345306,36.57008075098296,36.875730528323395,41812400
2021-09-07,37.145423889160156,37.621876683524185,37.01956869285999,37.082496291010074,43748600
2021-09-08,36.65998458862305,37.298255704870876,36.57008898710512,36.929678251771584,36064400
2021-09-09,36.794830322265625,37.172395952531474,36.46221249141753,36.55210809025303,36266400
2021-09-10,36.201515197753906,37.17240082373531,36.17454720042873,37.05553721579439,40514700
2021-09-13,36.80381393432617,36.82179373771716,36.27342173683102,36.498164135273086,42036300
2021-09-14,35.8149528503418,37.13643940174201,35.65313803060719,36.9746245820074,53820400
2021-09-15,36.08464431762695,36.26443894900867,35.66212744827452,35.71606686647824,52358200
2021-09-16,36.36332321166992,36.6869528359889,36.138580798036976,36.39029120393081,42922000
2021-09-17,36.40827941894531,36.561102649455684,36.0307137228859,36.26444437816584,92746000
2021-09-20,35.15870666503906,35.4733446986058,34.48447936799832,35.40142890348942,67566200
2021-09-21,35.17668151855469,35.59919489995826,35.005875099268856,35.302536714262004,38271100
2021-09-22,36.08464431762695,36.426253774322475,35.73404667254615,35.73404667254615,46261400
2021-09-23,37.47804641723633,37.64885285890048,36.54312051407907,36.642004302735224,49779800
2021-09-24,37.88258361816406,38.062378248811626,37.44209037383974,37.505017980171786,39042300
2021-09-27,38.88942337036133,39.042249985529885,38.33206317880448,38.368022785820244,49755400
2021-09-28,38.799530029296875,39.59062428297764,38.709634435847796,39.04225224676588,60781200
2021-09-29,38.718624114990234,38.94336653656752,38.421965901742766,38.817511329171786,44260200
2021-09-30,38.16127014160156,38.970340934674674,37.96349568073362,38.970340934674674,47410800
2021-10-01,38.72761535644531,39.04225337188136,38.107324084161135,38.188231492315715,40987100
2021-10-04,38.961341857910156,39.617589241875365,38.71861965902492,38.75457926537017,48273400
2021-10-05,39.752445220947266,40.22889811238916,39.25800909288765,39.3479081294883,54070700
2021-10-06,39.770423889160156,39.815371691524284,39.15013255692364,39.419822800405925,47031700
2021-10-07,39.66254425048828,40.336771560280184,39.58163683614136,40.264855763803716,46258800
2021-10-08,39.860321044921875,40.28283794804007,39.48275194591681,39.617598787553824,39389400
2021-10-11,39.35689926147461,40.282840546563335,39.32993126312664,40.094054270233954,36283500
2021-10-12,39.141143798828125,39.55466906143906,38.89842155443542,39.25800739741548,36898300
2021-10-13,38.781551361083984,39.231036200093854,38.05338811663819,39.150128791900194,43908000
2021-10-14,40.516563415527344,40.54353140869354,39.08720147966686,39.887283950371035,82201000
2021-10-15,41.68523025512695,41.95492051954989,40.777272231400254,41.14584972628108,64264900
2021-10-18,41.60432434082031,42.15269650829145,41.379581874105774,41.613315959895715,49542500
2021-10-19,41.78410720825195,41.91895402194502,41.532396813941624,41.802087012030825,32515500
2021-10-20,42.332489013671875,42.46733585855883,41.39755957667652,41.79310849271948,40411000
2021-10-21,42.098758697509766,42.68308702821727,41.90098423794533,42.341477533323534,36848600
2021-10-22,42.76399230957031,42.80894011286774,42.24259161858453,42.24259161858453,36225600
2021-10-25,42.710060119628906,43.13257708661922,42.43138163442095,42.97076222391222,31679500
2021-10-26,43.11458969116211,43.5371065838182,42.647124995505855,42.84489944386361,35674800
2021-10-27,42.28752899169922,43.30336212699747,42.278537375678965,42.68307436417225,45790800
2021-10-28,42.95277786254883,43.150552324745874,42.521272750817104,42.78197482747725,37209600
2021-10-29,42.95277786254883,43.26741936416211,42.71904721301415,42.92580986472115,31756200
2021-11-01,43.01570510864258,43.303375180666904,42.50329257851814,43.24044756674269,36937200
2021-11-02,43.04267120361328,43.52811224670907,42.56621491953973,42.76398935554374,36283400
2021-11-03,43.48316192626953,43.770831945985535,42.799946486768306,42.97074948931933,42553000
2021-11-04,42.54824447631836,43.28539947602502,42.143707359577434,43.28539947602502,47646300
2021-11-05,42.224605560302734,42.98872839112784,42.08975874107615,42.790953970741405,38271200
2021-11-08,42.55721664428711,42.97074179492035,42.4763092513983,42.566204830476295,33815500
2021-11-09,42.14370346069336,42.5752085355308,41.721186574597375,41.936940826664845,36900300
2021-11-10,42.45833969116211,42.719041734387766,41.93693903400814,42.02683463476999,39385600
2021-11-11,42.69207763671875,43.05166350188454,42.26056911164354,42.53026279713996,31194800
2021-11-12,42.17066955566406,42.72802982354774,42.035822725536995,42.71005001757765,44268500
2021-11-15,42.29652786254883,42.602177727807,42.161684451854036,42.485310695100104,35335500
2021-11-16,42.3234977722168,42.50328898003691,41.97289668665365,42.413393376126855,35120800
2021-11-17,41.81107711791992,42.43136837421594,41.75714113340519,42.32349297588941,32963700
2021-11-18,41.64027786254883,42.08077454171337,41.54139064298348,41.99087551060969,30639000
2021-11-19,40.813228607177734,41.145846459245796,40.30081611667106,41.08291885018691,48429500
2021-11-22,41.60432434082031,42.13471669943854,41.2717064502862,41.99987327698855,53697100
2021-11-23,42.7010612487793,42.835908077073306,41.95491474300108,42.134709370960664,49362900
2021-11-24,42.817928314208984,43.132566341480235,42.44035925218618,42.62914206854893,40060000
2021-11-26,41.13684844970703,41.38856227613088,40.22889063914438,40.92109766054027,55110100
2021-11-29,40.98403549194336,41.98189257153244,40.606466372691735,41.73017868226542,50231100
2021-11-30,39.97718811035156,40.651415460469224,39.87830088364669,40.237886746130854,77193600
2021-12-01,39.410831451416016,41.08291562794331,39.38386345801952,40.65141058711324,60601600
2021-12-02,40.548988342285156,41.09999988102971,39.74505483000675,40.04314439521746,57821400
2021-12-03,39.627628326416016,40.7115851393399,39.38373778507286,40.64835464111802,74605300
2021-12-06,39.880550384521484,40.53995655708455,39.708921807493184,40.250901890914534,48193100
2021-12-07,40.38639450073242,40.567054529314824,40.133472528199114,40.2509020636482,40740800
2021-12-08,39.889583587646484,40.46769294538282,39.8263530920068,40.35929830225815,50560300
2021-12-09,40.18766784667969,40.40445710424788,39.42889855358476,39.66375415691749,37316700
2021-12-10,40.21476364135742,40.49478681806924,39.80827949638961,40.38638874887585,37700200
2021-12-13,39.36566925048828,40.10637222010012,39.1940406834639,39.98894269199974,38653900
2021-12-14,39.862483978271484,40.48575745519168,39.320503895650795,39.37470293765389,47099400
2021-12-15,39.690853118896484,40.151536334920586,39.401798469776864,40.07927094973907,60057100
2021-12-16,40.648345947265625,40.973533266172225,39.826346200386375,40.37735766344445,69487200
2021-12-17,39.636653900146484,40.37735680148689,39.40179486559294,40.196696800861766,124242400
2021-12-20,38.98628234863281,39.16694236349532,38.57076672651126,39.085645529097356,56455200
2021-12-21,39.91667938232422,40.1786362487064,39.32953860289907,39.32953860289907,47845600
2021-12-22,39.99797058105469,40.26896230574385,39.636654024474005,39.81731402566581,35715700
2021-12-23,40.12443542480469,40.711579623954755,40.10637252416297,40.35929448278601,34053500
2021-12-27,40.32316207885742,40.48575575222405,40.025075974887464,40.241865242174114,33879200
2021-12-28,40.37736511230469,40.720618839563585,40.12443968104905,40.16960727485429,32492400
2021-12-29,40.31412887573242,40.75674228725105,40.287027634147414,40.51285178780475,25294900
2021-12-30,40.22380447387695,40.73868336234076,40.1786403240791,40.42253086795202,23852200
2021-12-31,40.18766784667969,40.39542565426717,39.99797293905361,40.21476564242493,24253900
2022-01-03,41.714237213134766,41.99426039928467,40.630280605287176,40.7296437824953,58587900
2022-01-04,43.349205017089844,43.74665427754703,42.49107256452249,42.50913890988005,74606700
2022-01-05,42.6175422668457,43.69246419230603,42.599475917787075,43.48470634683742,57791600
2022-01-06,43.47566604614258,43.50276384131315,42.62656504223236,43.34017017868366,52040900
2022-01-07,44.42413330078125,44.541562840093135,43.412441931565354,43.4937387748115,59082600
2022-01-10,44.198307037353516,45.237099602593794,43.66536185579776,45.08353737444889,66839500
2022-01-11,44.45122528076172,44.487357972097286,43.93634648954078,44.25250237002232,40454400
2022-01-12,44.13507843017578,44.60479313955842,43.972484744397036,44.415098208947526,41378000
2022-01-13,44.04475021362305,44.70415990636389,43.92732411123693,44.18927756300919,46337500
2022-01-14,43.276939392089844,43.56599402457787,42.626564746090274,42.92465427410775,72953300
2022-01-18,41.786502838134766,43.28597518685945,41.596811362611355,43.222744695018314,65877400
2022-01-19,41.949092864990234,43.88215048353298,41.867796033155244,43.71052192421296,84451800
2022-01-20,41.3258171081543,42.50010193244947,41.24452028092909,42.17491462354865,46265300
2022-01-21,40.576080322265625,41.569708618017124,40.34122472991881,41.163224471837104,71303600
2022-01-24,40.24186706542969,40.36832805137707,38.4714063705595,39.654726281273504,90672700
2022-01-25,41.03676986694336,41.16323085518731,39.59149650729323,40.0070121674672,73555300
2022-01-26,41.46131134033203,41.96715518248507,40.883198677324245,41.35291327775403,63735800
2022-01-27,41.07290267944336,42.22912137045869,40.72964896337187,41.885867654387205,63402400
2022-01-28,41.4342155456543,41.45228189179096,40.15153598218004,40.9464379831772,51048300
2022-01-31,41.6781005859375,41.79553009752959,40.847069447415564,41.11805771233347,44793700
2022-02-01,42.4007453918457,42.5452727244263,41.46131945297355,41.74133922158403,40326600
2022-02-02,42.35558319091797,42.41881368646198,41.822637981472994,42.202024400540665,41125600
2022-02-03,41.94007110595703,42.71690691281121,41.867805707271124,42.653676411862975,35879900
2022-02-04,43.61116409301758,43.981515606598585,42.16589073411695,42.52721079674385,60297100
2022-02-07,43.81892395019531,44.044748138333574,43.34921267117493,43.864091544465886,44824800
2022-02-08,44.60478591918945,45.182895176909035,44.207333220155,44.39702812005916,49560500
2022-02-09,44.514469146728516,44.97515248520973,44.28864492671337,44.46027353923953,33861100
2022-02-10,44.306697845458984,45.264193488531106,44.044741002665226,44.8757756721964,47082800
2022-02-11,43.285972595214844,44.65898387805147,42.90658966688267,43.927315817467075,61056000
2022-02-14,42.834327697753906,43.52986656761555,42.40074569689277,43.3763077831829,44791900
2022-02-15,43.168548583984375,43.69245885952499,42.969822214398285,43.358240057242014,42397600
2022-02-16,43.069190979003906,43.575038419029134,42.73497213342134,42.85239823447773,36664600
2022-02-17,41.61487579345703,42.716898793321086,41.50648116183533,42.45494194158238,49442400
2022-02-18,41.5155143737793,42.039428099489186,41.29872510133637,41.61487755940037,37856500
2022-02-22,41.15419387817383,41.53357679196334,40.684479237908455,40.80190531362253,51905600
2022-02-23,40.449623107910156,41.65100931303585,40.259931637354505,41.50648198606917,45704900
2022-02-24,39.38373565673828,39.45600104840298,37.98362642836819,38.84175900246713,80484800
2022-02-25,40.666419982910156,40.96450611774501,39.41083805530748,39.57343174550963,68530700
2022-02-28,39.92570877075195,39.979904359214,39.23920145327404,39.49212683404098,69955300
2022-03-01,38.363014221191406,39.510201511554776,37.875233147341724,39.483100265805135,74895600
2022-03-02,38.98628234863281,39.329536032291266,38.498501342244985,38.606899418644396,70834600
2022-03-03,38.5687370300293,39.485525877409515,38.31457496862936,39.1133635881055,48733800
2022-03-04,37.17085647583008,37.61563400765675,36.5989961865447,37.606558399163816,75572800
2022-03-07,34.80173110961914,36.408384206902355,34.68372740073798,36.24499552157513,109779000
2022-03-08,35.02865219116211,35.99990502885181,34.64741085023334,35.46435410747282,76553800
2022-03-09,37.252559661865234,37.76995603528126,36.45377088113534,36.58992927946667,78207900
2022-03-10,36.916690826416016,37.65193969814057,36.40837369671575,36.571762334876766,48804400
2022-03-11,36.60808181762695,37.56118016212443,36.57177245184663,37.25255747829507,43946600
2022-03-14,37.397789001464844,38.287347628246565,37.12547570145435,37.12547570145435,54262400
2022-03-15,37.67010498046875,37.92426361686674,37.09824458592156,37.45225224737639,41395300
2022-03-16,38.85012435913086,39.077052659666265,38.05133577170394,38.34180718202824,59477600
2022-03-17,39.05890655517578,39.06798562827504,37.96965324358985,38.49612521583614,50260200
2022-03-18,38.94090270996094,38.96813300144036,38.35996327807175,38.813819936870125,74470600
2022-03-21,38.88642501831055,39.42197582626298,38.58687806654803,39.3493571242659,47106400
2022-03-22,40.10276412963867,40.511235707947016,39.667062266993305,39.77598686699199,52360600
2022-03-23,39.11335754394531,39.94845193230242,39.0588935114935,39.685217765412006,48539300
2022-03-24,39.09519958496094,39.42197682694205,38.93181096397038,39.37659186836698,30360800
2022-03-25,39.69430160522461,40.17538853904659,39.331218368196254,39.46737328358762,38968100
2022-03-28,39.530914306640625,39.71245766277217,38.877363072279174,39.67614829901556,37428600
2022-03-29,39.431060791015625,40.29338903731407,39.13151723081156,40.16630974130925,46355800
2022-03-30,39.03166580200195,39.621680739883274,38.804737512455425,39.43105834504951,36601800
2022-03-31,37.41593933105469,38.93181871780363,37.397784651478815,38.88643375018949,67902500
2022-04-01,37.125465393066406,37.88794449897402,36.62622044190923,37.84255607603208,61929200
2022-04-04,37.06193542480469,37.343324329610226,36.45376571775937,36.74423369458204,53761700
2022-04-05,36.43560028076172,36.998381386893925,36.34483036329376,36.70791349581599,51781700
2022-04-06,36.036216735839844,36.31760562738601,35.71851502058767,36.07252609689459,54159800
2022-04-07,35.75482177734375,36.290372694613616,35.26465582676096,36.208678369516484,54585000
2022-04-08,36.008975982666016,36.39929288148894,35.69127779183368,35.84559081498837,41018900
2022-04-11,35.93636703491211,36.67161600023615,35.754823695772096,35.836518025252545,34198700
2022-04-12,35.55512619018555,36.38114856834031,35.26465822842505,35.91821287371179,42855300
2022-04-13,35.2374267578125,35.409891022247706,34.819879509610765,34.94695880578946,45484200
2022-04-14,34.102783203125,35.37358301438158,33.96662484382932,34.9378811123467,79032000
2022-04-18,35.2646598815918,35.68221062601664,33.78508971409222,33.96662960171449,80080300
2022-04-19,35.918212890625,36.1996052436229,35.50066562822907,35.59143556782776,53714200
2022-04-20,35.999908447265625,36.64438404325648,35.954523475920745,36.444689476808726,47064300
2022-04-21,35.31911087036133,36.49913701698647,35.055873282898375,36.30851812785128,46245900
2022-04-22,34.09370422363281,35.26465145464967,34.03924019277017,35.22834556339182,50409800
2022-04-25,33.8486213684082,33.948470360595635,32.61413103345555,33.485534753663096,64301100
2022-04-26,33.08615493774414,34.075562706628354,33.05892118046988,33.476471986373355,44809900
2022-04-27,32.904598236083984,33.50368871373839,32.83197952962866,32.92275291269782,39824900
2022-04-28,33.412925720214844,33.5400050202062,32.82291072722501,33.3403069987048,39567800
2022-04-29,32.387203216552734,33.70338788504514,32.260123938414964,33.35845594249216,47385200
2022-05-02,32.804752349853516,32.93183163552343,32.133046564840875,32.70490335035549,46652200
2022-05-03,33.703392028808594,34.157248628044606,32.97722216256118,32.98629777097944,48926000
2022-05-04,35.055885314941406,35.17388900890073,33.839549401675946,33.921243734009124,57860300
2022-05-05,34.075557708740234,34.683723950451835,33.46738800437723,34.53848996268105,48860600
2022-05-06,33.993865966796875,34.148175575662,33.23138660718576,33.92124723604741,50440100
2022-05-09,33.013526916503906,33.63985121787331,32.73213805081127,33.46738350003492,51242000
2022-05-10,32.45982360839844,33.703393227648,31.933351735136455,33.35846123041701,60235300
2022-05-11,32.287357330322266,33.512768730471365,32.23289329331416,32.58690433989038,54969300
2022-05-12,31.8335018157959,32.16027912355292,31.09825287334261,31.779037776952702,61231500
2022-05-13,31.924264907836914,32.43258544012175,31.552102712147228,32.25104214554499,49117900
2022-05-16,31.597492218017578,31.9242660042986,31.23440561639361,31.76995644933121,39076500
2022-05-17,32.66859817504883,32.87737178647823,32.16027755853534,32.33274181250287,42635600
2022-05-18,31.661041259765625,32.39628682563773,31.406879178062198,32.33274717087475,47396900
2022-05-19,31.270723342895508,31.624730969818817,31.089179993469063,31.12548935588463,47002700
2022-05-20,30.735170364379883,31.751808207229715,29.918227076504294,31.588419549654596,62406500
2022-05-23,32.55967330932617,32.91368092281685,31.46134110781631,31.552111047759624,69081900
2022-05-24,32.35997772216797,32.64136660465478,31.733653383417543,32.19658906533317,46146700
2022-05-25,32.532440185546875,32.92275712606977,32.03319863405161,32.22381756891601,49343400
2022-05-26,33.28583526611328,33.44014828233894,32.98629176572883,33.13152571253805,60201200
2022-05-27,33.603538513183594,33.63076879743497,33.204146006010824,33.48553484367664,43365600
2022-05-31,33.76694107055664,34.06648470881492,33.23138999594746,33.42200898962564,71609200
2022-06-01,33.28583526611328,34.012008462809796,32.83197874950317,34.00292939339336,35237900
2022-06-02,33.50495147705078,33.5140793590905,32.9297973958823,33.240197624161056,35341900
2022-06-03,33.03934860229492,33.48669142862556,32.98457434617758,33.30410244884581,25235200
2022-06-06,33.002830505371094,33.97054608727316,32.95718065274984,33.50494754085167,40394000
2022-06-07,33.185420989990234,33.24019873183959,32.62852961953407,32.7746001152037,29152200
2022-06-08,32.76546859741211,32.96631683399413,32.427681230738514,32.79285572691136,33590600
2022-06-09,31.505605697631836,32.71981941262328,31.496477816113895,32.62852666706385,49419000
2022-06-10,30.282264709472656,31.076526238694896,30.1453255883825,30.747866775926394,49318200
2022-06-13,29.232385635375977,29.917091722605782,28.976761402609704,29.57017299661601,61216600
2022-06-14,28.72113609313965,29.761888749497768,28.511159985505568,29.141090049705376,49349800
2022-06-15,29.25977325439453,29.66146972782345,28.684620897661425,29.195867630457258,51540100
2022-06-16,29.07718276977539,29.214123626012835,28.173371029051314,28.757652944356384,61363400
2022-06-17,29.141090393066406,29.74363333633379,28.88546616687108,29.241512765862986,80470300
2022-06-21,29.99012565612793,30.391822128569835,29.78014953762207,30.026644150458157,53537200
2022-06-22,29.76188850402832,30.072288722013184,29.506266024250817,29.57017164419519,38305600
2022-06-23,29.28716278076172,29.588431642069338,28.53854934458436,29.56104451356733,44091500
2022-06-24,29.49713706970215,29.91708926623297,28.511158713400256,28.529417958805286,79504700
2022-06-27,29.533653259277344,29.76188861207731,29.131960292083644,29.597558879453725,47900300
2022-06-28,29.451486587524414,30.583535400356993,29.38758097126559,29.971866363995403,49863800
2022-06-29,29.086315155029297,29.615819385094586,28.903726168505138,29.42410251641208,35149700
2022-06-30,28.41986083984375,28.803296241154044,27.972519828531286,28.456379326300574,46312300
2022-07-01,28.81243133544922,28.91285545098294,27.963395518330778,28.282925370330933,40236100
2022-07-05,28.520288467407227,28.520288467407227,27.799065683562887,28.118593773134595,47411800
2022-07-06,28.28292465209961,28.52941925235134,27.97252443133022,28.310313521448986,35933700
2022-07-07,29.086315155029297,29.22325428297598,28.730266805436948,28.75765567580486,40137900
2022-07-08,29.02240753173828,29.442359733981572,28.812429689319128,29.223252268735717,31153800
2022-07-11,28.72113609313965,29.02240843187233,28.565937724164723,28.803300959830825,29311900
2022-07-12,28.629840850830078,29.2415098742331,28.28292216806406,28.319440657322552,39527000
2022-07-13,28.155109405517578,28.438120716674376,27.7534147520291,28.365085483430775,44153700
2022-07-14,27.506925582885742,27.589090454065264,27.08697334467722,27.470408829749097,51707800
2022-07-15,29.442359924316406,29.789278628783798,27.945136597008236,27.98165334725361,77801700
2022-07-18,29.451486587524414,30.473983412855418,29.305416109990684,30.200101702804037,56382900
2022-07-19,30.44659423828125,30.69308883371758,29.83492517310577,30.03577339514909,46874900
2022-07-20,30.455724716186523,30.53788957894078,30.081418893104882,30.291394990678,35514900
2022-07-21,30.72047996520996,30.73873572880095,30.081420279076664,30.2092315197843,31244000
2022-07-22,30.519630432128906,30.98522900084294,30.209230225454565,30.674828794168597,27115400
2022-07-25,30.79351043701172,31.021745767985056,30.528756617259898,30.83915680668743,30381000
2022-07-26,30.172712326049805,30.839159124673206,30.090547461419796,30.501371784569844,30645700
2022-07-27,30.66570281982422,30.830032556082735,30.081420860947365,30.346174711874436,30344800
2022-07-28,30.419208526611328,30.811773624734077,30.035774793149233,30.58353826455086,40176500
2022-07-29,30.866546630859375,30.985226492483964,30.44659098575918,30.55614644931298,48152500
2022-08-01,30.775253295898438,30.939583024037624,30.327913966871208,30.69308843182884,32336700
2022-08-02,30.16358184814453,30.784382220226046,30.127063359764506,30.674826755085967,37884100
2022-08-03,30.711349487304688,30.81177360292947,30.282265896033422,30.51050125605512,30065800
2022-08-04,30.49224281311035,30.738733915595084,30.28226323565388,30.601794801169667,28404500
2022-08-05,31.003494262695312,31.34128514432353,30.346178713577274,30.382693728875868,35874500
2022-08-08,30.574411392211914,31.304763872399207,30.537892897553718,31.195208388424614,33454300
2022-08-09,30.966976165771484,31.003494664138575,30.501377500676004,30.72048500828285,40196900
2022-08-10,32.01685333251953,32.34551278052473,31.450830662396644,31.496477034042936,61415800
2022-08-11,32.783721923828125,32.92066451178301,32.546358718313634,32.65591069912073,50420800
2022-08-12,33.1397705078125,33.14890187162055,32.58287572374767,33.01195927525891,31821700
2022-08-15,33.09412384033203,33.139770211179034,32.564616187241185,32.71981802723483,24908000
2022-08-16,33.450172424316406,33.72405414849771,32.957183231233024,33.03934809674692,31870200
2022-08-17,33.240196228027344,33.40452595860198,32.93892737703722,33.048479369888625,27125600
2022-08-18,33.121517181396484,33.23107267110063,32.86589467061118,33.094130050268205,23138300
2022-08-19,32.39116668701172,32.893283857113424,32.235968290793046,32.82937822542388,36485400
2022-08-22,31.697330474853516,31.788623233199022,31.450835848206047,31.724717605838066,31210300
2022-08-23,31.414310455322266,31.92555884456903,31.36866408617044,31.651673664468603,26588000
2022-08-24,31.514738082885742,31.77036056481083,31.085654503144237,31.268243482774356,31389400
2022-08-25,32.080753326416016,32.20856453766161,31.450825149879467,31.58776424081647,40576700
2022-08-26,31.06739044189453,32.39115598580313,31.05826256149553,32.354637499017954,36152600
2022-08-29,30.948713302612305,31.176948641178488,30.68395947405276,30.912194812618942,34931000
2022-08-30,31.122169494628906,31.2956270903378,30.62005246907602,31.204334352089905,48194900
2022-08-31,30.683963775634766,31.377797769802733,30.674832410558857,31.167821646796696,44917600
2022-09-01,30.757474899291992,30.77585444979108,30.013118879012556,30.63800957381832,32848900
2022-09-02,30.720718383789062,31.685622080183474,30.573685472962683,31.180196668314125,44000800
2022-09-06,30.380706787109375,30.996406033119463,29.96717561152134,30.913699798001854,40762400
2022-09-07,30.849369049072266,30.941263295737432,29.98555121158097,30.15096366001091,40742600
2022-09-08,31.841840744018555,31.915355433326372,30.57367992720929,30.748280381663275,44361800
2022-09-09,32.10834503173828,32.393222863597494,32.01645076625674,32.1451041401475,37295100
2022-09-12,32.4116096496582,32.74243468807368,32.191058455533785,32.3472829483599,30534000
2022-09-13,31.244524002075195,31.90617386742173,31.06992351229372,31.777520505946836,40959600
2022-09-14,31.125057220458984,31.630482619472,30.821803383267582,31.428314563191407,32004400
2022-09-15,31.713193893432617,32.07158994791048,30.968841216577736,31.05154745906623,44863300
2022-09-16,31.354799270629883,31.455885060934435,30.93208006166662,31.419125954361625,54281800
2022-09-19,31.87860107421875,32.04401353167322,30.904509386476825,30.987215615204065,29782000
2022-09-20,31.400747299194336,31.96131142106812,31.1342525327726,31.704004678781708,33591100
2022-09-21,30.463417053222656,31.61211296766481,30.435845967507667,31.529406721603305,51667800
2022-09-22,29.866090774536133,30.711529199955447,29.765004983335697,30.610446914296393,47527500
2022-09-23,29.158491134643555,29.489316056069395,28.680633304310792,29.342283147162473,55316100
2022-09-26,28.51522445678711,29.241199272783494,28.193589290279824,28.781720964278986,40360200
2022-09-27,28.092500686645508,28.827666958251232,27.844382004249685,28.73577095520421,43396600
2022-09-28,28.551982879638672,28.772532265650558,27.927092076219633,28.0557471993046,38372900
2022-09-29,28.175209045410156,28.395758417744076,27.761677876802427,28.20277837424087,35220900
2022-09-30,27.75248908996582,28.66225588310915,27.724919761893396,28.26710427792385,42294100
2022-10-03,28.57036018371582,28.744962424516153,27.752489389224156,28.110881894177478,34591700
2022-10-04,29.755813598632812,29.88446695270584,29.094163771353255,29.149300672703056,39758700
2022-10-05,29.333097457885742,29.434181501360488,28.901188446895308,28.98389468877423,35791100
2022-10-06,28.91037368774414,29.29633552842747,28.818479430300506,29.039028803152323,40891900
2022-10-07,28.257915496826172,28.708204021239872,28.055745675488577,28.643877339576573,52304600
2022-10-10,28.175209045410156,28.53360155635645,27.890332991908497,28.395758417744076,37669100
2022-10-11,27.35733985900879,28.000608461590254,27.173547828116536,27.908714198914836,58124000
2022-10-12,27.440044403076172,27.85357381789021,27.09083991650012,27.237872831025637,36137900
2022-10-13,29.121734619140625,29.19525107570286,26.93461696906564,27.02651297796108,67671000
2022-10-14,29.13092803955078,29.985558049481536,29.011462687210567,29.232012084487728,58108500
2022-10-17,30.895322799682617,31.125061971167106,30.206105285229146,30.65639560377703,88896800
2022-10-18,32.0532112121582,32.49431001485017,31.50183507963699,32.14510548147424,81937900
2022-10-19,31.17100715637207,32.007261053635126,31.033165765420495,31.777521896507825,43139900
2022-10-20,30.968839645385742,31.823469605893685,30.867753853523734,31.226146384277115,39549100
2022-10-21,32.117530822753906,32.200237049125704,30.84018183087686,30.84018183087686,54870300
2022-10-24,32.22780990600586,32.40241041006241,31.896984946284842,32.264569013872965,33765600
2022-10-25,32.52186965942383,32.69647363628046,31.73156651618446,31.924550043528146,37132300
2022-10-26,32.80674743652344,33.16513990720027,32.485110561283115,32.54943723522302,41104600
2022-10-27,32.962974548339844,33.422452880231276,32.87108028417815,33.220284797967246,35261900
2022-10-28,33.24784469604492,33.358118488674634,32.75160737090021,33.11919135372014,31659100
2022-10-31,33.11919021606445,33.38568841917756,32.907830660142494,33.08243111793701,32565500
2022-11-01,33.266239166259766,33.78085276637254,33.183532908307036,33.48678685043889,29913200
2022-11-02,33.16514205932617,34.258699092807554,33.0364887030979,33.146762507644844,57380600
2022-11-03,32.981353759765625,33.21109292332548,32.54025498639569,32.80675325745506,30046500
2022-11-04,33.80841827392578,34.00139834210503,33.28461322855831,33.54191998613064,39369400
2022-11-07,34.01057434082031,34.313831631193175,33.75326767423031,34.01057434082031,37533700
2022-11-08,34.102474212646484,34.38734846686511,33.771649331775244,34.084094663093566,32664300
2022-11-09,33.56029510498047,33.96463474279667,33.44082976666659,33.89112003843972,30164400
2022-11-10,35.03982162475586,35.12252787192451,34.13005290590069,34.27708584469587,45702800
2022-11-11,35.297115325927734,35.47171578063632,34.89277577029394,35.0949437953406,35688700
2022-11-14,34.69980239868164,35.159280734766384,34.69061437439821,35.0030597831575,35541400
2022-11-15,34.64466857910156,35.196041201468354,34.27708449382928,35.09495540274139,46082800
2022-11-16,34.33221435546875,34.68141879638689,34.18518146016754,34.56195347347318,23813000
2022-11-17,34.15761947631836,34.185190561587085,33.59705882379885,33.89112469269297,23689700
2022-11-18,34.175994873046875,34.78250609203812,33.92787616906756,34.72737093929244,32041800
2022-11-21,34.28627395629883,34.47925401193495,34.05653479324399,34.08410237103732,27935700
2022-11-22,34.451683044433594,34.73655733504624,34.396544388730625,34.543577298397466,23499300
2022-11-23,34.56195068359375,34.607897802377586,34.3413996056747,34.451676897404454,18934700
2022-11-25,34.64466857910156,34.80088953674022,34.51601520091876,34.66304813391934,16118500
2022-11-28,33.87274169921875,34.60790629682632,33.84517412229013,34.36897911718186,35428300
2022-11-29,34.00139236450195,34.13923724927716,33.74408565216534,33.98301281282919,27048800
2022-11-30,34.782501220703125,34.782501220703125,33.26622513835209,33.909495372777116,51747900
2022-12-01,33.78422546386719,34.837959997724624,33.645578224485405,34.6623387507602,46213200
2022-12-02,33.34980392456055,33.54391223764473,33.10023458229378,33.33131691483302,42295300
2022-12-05,31.861631393432617,33.17417727785548,31.55660103869311,33.10023276903269,71386600
2022-12-06,30.502859115600586,32.055732225386734,29.957504826734787,31.95405546416904,84085700
2022-12-07,30.26253890991211,30.428914918387893,29.90204756777926,30.12388812247363,49234100
2022-12-08,29.985239028930664,30.493622927566864,29.74491497996862,30.475135919794987,45491100
2022-12-09,29.929779052734375,30.13312906931031,29.652481011195626,29.680209757538726,36985500
2022-12-12,30.253292083740234,30.299507835158284,29.63399325745957,29.865075540585632,41060500
2022-12-13,30.27177619934082,31.122157227558098,30.10539668929214,31.01123872953747,54804800
2022-12-14,29.83734703063965,30.50286521827916,29.72642850804515,30.317998663264156,48819500
2022-12-15,29.365938186645508,29.56928996958493,29.107125384071534,29.347451180100656,49027600
2022-12-16,29.30123519897461,29.513830483533784,28.97771963902658,29.227288936388028,61795200
2022-12-19,29.63399314880371,29.791127408256095,29.328962843698534,29.356693352258432,38374100
2022-12-20,29.7541561126709,30.114647467799927,29.70794035720393,29.94826792728995,35561100
2022-12-21,30.207073211669922,30.38269445932964,29.957503948552137,30.05918070678925,32544000
2022-12-22,29.93901824951172,30.114643030861096,29.458368469210363,30.059182016850407,30234400
2022-12-23,30.012968063354492,30.11464483210453,29.75415350852644,29.948265306156433,21378600
2022-12-27,30.06842613220215,30.197831649083895,29.837343844617354,30.040697386023457,22776100
2022-12-28,30.290271759033203,30.47513832530799,30.068431174296165,30.105405192758415,30541000
2022-12-29,30.632265090942383,30.650752095632804,30.271777314568187,30.401182821365527,22252900
2022-12-30,30.61377716064453,30.78015667179223,30.373453159006463,30.595290156513062,28198900
2023-01-03,30.974267959594727,31.51038055380513,30.69696992253645,30.715456928478446,35221500
2023-01-04,31.556591033935547,32.18513502681827,31.270051304792272,31.33475405176238,41998500
2023-01-05,31.491897583007812,31.556600349077428,31.038978220520498,31.353246783695035,34177000
2023-01-06,31.806171417236328,31.96330923348112,31.002005904796764,31.510386320108292,34068700
2023-01-09,31.325510025024414,32.129675287737314,31.159130518803067,32.12043354896297,43818800
2023-01-10,31.53811264038086,31.676763436614532,31.094435028883808,31.186870068384998,35096000
2023-01-11,31.7784423828125,31.833899884256535,31.42719626084229,31.53811478976682,36783700
2023-01-12,31.861631393432617,32.23136098961933,31.75995460851945,31.981791661024204,44230400
2023-01-13,32.564109802246094,32.712002299185365,30.58604633342018,31.61205207357677,89667800
2023-01-17,31.90785026550293,32.19439363948615,31.565849386000625,32.06498456585595,56458400
2023-01-18,31.16837501525879,31.741458008096277,30.974263245428812,31.73221626954976,54517800
2023-01-19,30.715452194213867,31.011237191623916,30.401180193711276,30.761667938927566,42707100
2023-01-20,31.288541793823242,31.32551580781693,30.586053158123395,30.78016144253619,45004400
2023-01-23,31.722976684570312,31.898597956679428,31.196109342207027,31.251570361521665,33683300
2023-01-24,31.954063415527344,32.15741698856465,31.380980240465263,31.63054957300111,26716700
2023-01-25,32.231361389160156,32.314551166389755,31.658278216043147,31.704493975384832,28859700
2023-01-26,32.66579055786133,32.67503229741208,32.157410257713316,32.3977342724255,30035500
2023-01-27,32.76747131347656,33.07249812029684,32.601091773016,32.75822604676424,29964900
2023-01-30,32.62881851196289,32.86914606717938,32.51790000049769,32.545628746855016,27353500
2023-01-31,32.795196533203125,32.795196533203125,32.35151898172096,32.50865323856358,38917400
2023-02-01,33.201904296875,33.51617637656864,32.45319987616089,32.53638964802204,44438700
2023-02-02,33.39601516723633,33.627097468509135,32.75822575906028,33.368282893379046,33729100
2023-02-03,33.673309326171875,33.97833609500909,33.18341603250584,33.294334536988856,37411700
2023-02-06,33.617862701416016,33.6825654838975,33.25737476300854,33.50694414945307,29463200
2023-02-07,33.98758316040039,34.20017844109913,33.39601307044982,33.43298355654483,44100200
2023-02-08,33.73802185058594,34.05229397598903,33.59012929310429,33.65483206662522,28032800
2023-02-09,33.01703643798828,33.59936122973206,32.8691439236673,33.52541673558941,35257100
2023-02-10,32.887638092041016,32.89687983355843,32.37925415767198,32.85990581541588,32898900
2023-02-13,32.952327728271484,33.07248795029264,32.7120002321591,32.795189976808,29163900
2023-02-14,32.924598693847656,33.266602969876146,32.77670619173966,32.93384395862431,33625200
2023-02-15,32.869144439697266,32.91536019001644,32.49941138507235,32.64730390171517,23500100
2023-02-16,32.61033630371094,32.96158242207189,32.55487880283676,32.73974184046592,22681100
2023-02-17,32.67503356933594,32.712007581049605,32.11119575786381,32.42546780535829,28562700
2023-02-21,31.90785026550293,32.397743703117314,31.676767923075506,32.268338155523836,37068900
2023-02-22,31.69525146484375,31.935575523210883,31.491897897431024,31.759954231559377,38550400
2023-02-23,31.667516708374023,31.981788776103794,31.2977871455388,31.796925757704212,28488000
2023-02-24,31.621295928955078,31.695243945392964,31.279295168018614,31.297782172128084,27046600
2023-02-27,31.621295928955078,32.064973449475886,31.584321920736137,31.84313645223323,30137500
2023-02-28,31.704492568969727,31.880117383128376,31.59357404626276,31.75070832626127,32620600
2023-03-01,31.556591033935547,31.88010829482136,31.408698537141685,31.565836298379995,29281600
2023-03-02,31.15656089782715,31.35192813986784,30.7007004508268,31.31471431788712,44607200
2023-03-03,31.779870986938477,31.9008141131481,31.305407259354233,31.305407259354233,39109100
2023-03-06,31.71474838256836,32.15200184069039,31.62171739309356,31.85429841568532,36646700
2023-03-07,30.70069694519043,31.537990099621258,30.514631405438582,31.491471053004553,52855300
2023-03-08,30.291357040405273,30.672789818066626,30.179715581890857,30.384388040262127,40045600
2023-03-09,28.41210174560547,30.133200085495147,28.198125832332913,30.030863856297515,112457900
2023-03-10,28.16091537475586,28.877265470616017,26.904977286763316,28.207430877311896,165330900
2023-03-13,26.523544311523438,27.64923579087324,25.928137365384874,26.904977108200036,218403300
2023-03-14,26.75612449645996,27.9934556249634,26.486329623783124,27.900422849059225,154255800
2023-03-15,26.50493812561035,26.57006054031842,25.751375966991294,25.9374397555211,131104400
2023-03-16,26.951492309570312,27.416654424661324,26.151414678241572,26.402600871806705,108348800
2023-03-17,25.881616592407227,26.663088990873433,25.695552834100113,26.663088990873433,130665500
2023-03-20,25.816497802734375,26.449118573344435,25.72346502332948,26.272356469920407,81441200
2023-03-21,26.59796905517578,26.960794925831387,26.52354319005533,26.63518110050971,84854800
2023-03-22,25.71415901184082,26.73751593466302,25.71415901184082,26.709605571280164,76925900
2023-03-23,25.090843200683594,26.132807092315,24.923386334119307,26.04907777180656,105335900
2023-03-24,25.249000549316406,25.388550611751533,24.486134918856855,24.74662635768931,96872700
2023-03-27,26.50493812561035,26.653789866215284,25.965350122304294,25.98395703349309,102469800
2023-03-28,26.16071891784668,26.65378963897705,26.03047231508825,26.402601663427973,63416500
2023-03-29,26.672395706176758,26.7654284839316,26.272356003947788,26.50493706110857,62666400
2023-03-30,26.32817268371582,27.035219249266994,26.151412373167396,26.904974436346578,67427100
2023-03-31,26.607271194458008,26.681697055898276,26.29096083972373,26.6258781034312,56482100
2023-04-03,26.59796905517578,26.960794925831387,26.356084549921178,26.644484555456337,51996800
2023-04-04,26.030467987060547,26.653785207311785,25.732764557887254,26.56075244208203,56233300
2023-04-05,25.71415901184082,25.96534695892902,25.546700380448687,25.732765920762724,47799400
2023-04-06,25.900224685668945,26.058379863415407,25.695554009830442,25.78858500601453,41216600
2023-04-10,25.99325942993164,26.142111164471263,25.723464552045673,25.74207146247629,40572700
2023-04-11,26.70960807800293,26.74682189933929,26.011864898020168,26.06768563002471,58761200
2023-04-12,26.49563217163086,26.988704624923763,26.393297718647464,26.681697717068477,44313300
2023-04-13,26.570058822631836,26.64448468812286,26.272355360667742,26.570058822631836,52261400
2023-04-14,27.46316909790039,27.78878290249316,27.211981153690044,27.258496651009374,81110800
2023-04-17,28.25394630432129,28.29115834903903,27.35153070841958,27.695751437934653,83704400
2023-04-18,28.430707931518555,28.774928676888162,27.72366130478981,28.653985533466685,114498800
2023-04-19,27.965543746948242,28.095790335948916,27.714357572384294,28.03066615422232,65594200
2023-04-20,27.816694259643555,28.123701186083384,27.69575288990475,27.76087530241431,43193800
2023-04-21,27.788785934448242,27.89112039460669,27.360835859717554,27.677146244467682,44759000
2023-04-24,27.686447143554688,27.816691957795975,27.52829196578205,27.71435750708604,28020300
2023-04-25,26.830547332763672,27.47247146212273,26.811940424793285,27.398045604693593,49718800
2023-04-26,26.458423614501953,26.923585764952993,26.32817700574777,26.75612710687817,45848400
2023-04-27,26.877065658569336,27.053827753997403,26.532846697130708,26.532846697130708,33060100
2023-04-28,27.239892959594727,27.37944123339679,26.523542906437527,26.542149816131822,45592500
2023-05-01,27.01661491394043,27.48177700178828,26.97940109517538,27.444563183023234,34076800
2023-05-02,26.19793128967285,26.849158988166312,25.779284658576668,26.839855532536095,70797700
2023-05-03,25.918832778930664,26.514239699085294,25.872315504260715,26.19792932914,51139500
2023-05-04,25.109451293945312,25.872316895014034,24.960599555905205,25.658342743387966,82173800
2023-05-05,25.77928352355957,25.946742168625132,25.55600592162304,25.695555975479436,50087100
2023-05-08,25.76067543029785,26.188623674602123,25.732765067840095,26.123501269986466,34245500
2023-05-09,25.732769012451172,25.89092420838406,25.342032750408308,25.509491401919924,32188800
2023-05-10,25.41645622253418,26.04907694657776,25.13735967931615,26.011863127774,44446400
2023-05-11,25.48158073425293,25.574613514488767,25.007115152057573,25.128058298699973,34897300
2023-05-12,25.202486038208008,25.630434374816016,25.007117007769658,25.602525780791126,38142000
2023-05-15,25.72346305847168,25.88161823904369,25.146663064234378,25.2117854725077,38722800
2023-05-16,25.45366859436035,25.956042698484595,25.425758231844164,25.84440479732474,33347500
2023-05-17,26.579362869262695,26.672395646810468,25.79789037698562,25.80719383218566,61750400
2023-05-18,26.486328125,26.514238488527667,26.04907640978157,26.45841953592484,51146100
2023-05-19,26.151411056518555,26.672392056422808,26.076985199389377,26.47702307242596,50062500
2023-05-22,26.365385055541992,26.467721274054636,26.058378174456458,26.32817123991834,36473700
2023-05-23,26.588665008544922,27.053827098809496,26.328173599193843,26.34678050867304,51400400
2023-05-24,26.14211082458496,26.523543611190128,26.0490780480941,26.356084968397102,50606900
2023-05-25,26.207231521606445,26.272353928554676,25.9374366648752,26.039772889766706,40517800
2023-05-26,26.337478637695312,26.42120796093407,25.853711383313534,26.235144178311128,57879100
2023-05-30,26.29096031188965,26.50493443742798,26.002560326405266,26.34677926323607,41819600
2023-05-31,25.853713989257812,26.19793299775503,25.565312169275686,26.1421140347871,61905200
2023-06-01,26.050634384155273,26.238182869953206,25.63802485362066,26.031878998991886,57426100
2023-06-02,26.92274284362793,27.147803926088752,26.369473197466252,26.406982185468205,66578100
2023-06-05,26.763322830200195,27.025891067130672,26.53826178624269,27.025891067130672,34757800
2023-06-06,27.410367965698242,27.5979182425181,26.678925821047184,26.68830172513738,46297900
2023-06-07,27.644807815551758,27.804225030977495,27.204066944015754,27.476012906440722,44502600
2023-06-08,27.410367965698242,27.551029779007138,27.185308706681607,27.457256429209206,41483100
2023-06-09,27.4478816986084,27.569788139668724,27.269709095262826,27.382239631221132,32692000
2023-06-12,27.316598892211914,27.71983082487313,27.110294972795373,27.476016126319546,41011300
2023-06-13,27.569786071777344,27.944884849150167,27.222820373437003,27.316593726321166,42718800
2023-06-14,27.307218551635742,27.879243531685635,27.185310327849365,27.729204016727095,38322800
2023-06-15,27.541656494140625,27.635429852856447,26.90398763864491,27.100913838282732,42044900
2023-06-16,27.372861862182617,27.83235812124124,27.344728781117407,27.691696293139568,53050200
2023-06-20,27.07278060913086,27.232197811598933,26.800832880198016,27.20406473282973,39040900
2023-06-21,26.791458129882812,27.19469002680302,26.76332683663588,26.988386125672506,39553400
2023-06-22,26.219430923461914,26.753948739048443,26.16316654920467,26.72581565761372,50742900
2023-06-23,26.022504806518555,26.153788943096433,25.87246528225463,26.01312711267553,55181100
2023-06-26,26.341337203979492,26.519509795982373,26.06001356491143,26.069389469416564,47519300
2023-06-27,26.48200035095215,26.63203987112428,26.210054391369717,26.35071621795457,39081800
2023-06-28,26.322582244873047,26.510132533036458,26.163165036517782,26.491377146497697,37803800
2023-06-29,26.875852584838867,27.19468698918029,26.632037935130015,26.725813075573733,68376400
2023-06-30,26.903989791870117,27.297844011279533,26.885234403181023,27.138426784646857,50479000
2023-07-03,27.382238388061523,27.522900210164188,26.86647598886894,26.91336445531124,30995800
2023-07-05,27.26970672607422,27.58854113020824,27.14780029560511,27.325971094859035,37492000
2023-07-06,26.519512176513672,27.025895130014202,26.35071726247608,27.007139742096196,52098000
2023-07-07,26.753950119018555,27.025896099132385,26.528890821768808,26.538266727451784,34288000
2023-07-10,26.875852584838867,27.05402517282073,26.69767999685701,26.810210523111877,36086000
2023-07-11,27.21344566345215,27.269710039072525,26.6507965414116,26.87585583250537,40978700
2023-07-12,27.532276153564453,28.0292813459795,27.44787870794454,27.672937966726973,41855500
2023-07-13,27.822980880737305,28.010531180335835,27.579166206704105,27.682319050344518,39589000
2023-07-14,27.29783821105957,28.22620829056275,27.24157205694767,28.132433155654848,58720300
2023-07-17,27.569786071777344,27.71982558272647,27.307217821922396,27.335349112342822,49477200
2023-07-18,28.78885841369629,28.93889791984903,28.057414479742675,28.132434232819044,98253800
2023-07-19,29.567188262939453,29.72660545770742,28.779479981569718,28.967028465136064,70619800
2023-07-20,29.71723175048828,29.820382804268736,29.3139998632576,29.379641930739396,42128800
2023-07-21,29.98917579650879,30.111084018561538,29.464037501621785,29.88602474932425,70872400
2023-07-24,30.617469787597656,30.805016502275862,29.989176846307974,30.00793223322065,64548600
2023-07-25,30.148595809936523,30.74875388151812,30.073574262376685,30.720619012571042,51208800
2023-07-26,30.39240837097168,30.514316595884438,30.14859549837041,30.232992949890896,41814600
2023-07-27,29.961048126220703,30.701869875349686,29.839139889436602,30.411166719087475,45529500
2023-07-28,29.91415786743164,30.157972537818708,29.735985264338744,30.148596632729987,33296500
2023-07-31,30.007930755615234,30.24236771464348,29.80162687557072,29.914155614281526,29093400
2023-08-01,29.651586532592773,29.951665545548096,29.464036255189697,29.857890406846558,32712000
2023-08-02,29.24835777282715,29.33275522769815,28.86388127335356,29.220224691666086,38855100
2023-08-03,29.454662322998047,29.585946460774327,28.957655276454343,29.01392144002609,27933400
2023-08-04,29.35150909423828,29.698476610607294,29.229602651986156,29.407775257073606,30768100
2023-08-07,29.895402908325195,29.914158295995712,29.454662029741343,29.454662029741343,31745200
2023-08-08,29.323373794555664,29.36088277604161,28.58255218262959,29.351505083517132,45951800
2023-08-09,28.938899993896484,29.332754172927913,28.91076691374705,29.276488012629045,30732100
2023-08-10,29.013917922973633,29.370261306004437,28.882632012499535,29.079559983904673,26062600
2023-08-11,29.342132568359375,29.44528362081773,28.835747845226436,28.882634524651852,35720700
2023-08-14,29.004545211791992,29.17334013381253,28.835750289771457,29.11707396739747,32563700
2023-08-15,28.076171875,28.648196862426285,27.982396729788633,28.601310184126667,43406100
2023-08-16,27.466636657714844,27.98239728366805,27.391615109171084,27.897999830168484,47220400
2023-08-17,27.457258224487305,27.701072884850014,27.297841015350613,27.607297740308645,37202200
2023-08-18,27.29783821105957,27.522897461671377,27.175929999095718,27.232196153207617,31430400
2023-08-21,27.335350036621094,27.476011859315534,27.00713792459266,27.400992101304357,34959000
2023-08-22,26.669551849365234,27.419749484090627,26.650796461344036,27.31659663858629,37564200
2023-08-23,26.678930282592773,26.735194659603085,26.425737903127935,26.678930282592773,44686600
2023-08-24,26.838342666625977,26.997759863241672,26.603905717991836,26.632037007116267,31934800
2023-08-25,26.725814819335938,26.997762565505116,26.538264526211524,26.85709895135573,34253200
2023-08-28,26.969629287719727,27.194688564655838,26.791456689415757,26.90398722218988,33075200
2023-08-29,27.354106903076172,27.438504358980982,26.932119623552122,27.091536841526516,30428200
2023-08-30,27.232202529907227,27.44788413867111,27.12904967849304,27.400995665931777,33366400
2023-08-31,27.109275817871094,27.39294383464762,26.976897650511013,27.355122274052142,37243000
2023-09-01,27.40239906311035,27.544233068327998,27.19437597569229,27.19437597569229,35228600
2023-09-05,27.090362548828125,27.53477803353216,26.94852854874867,27.364576512029945,46543600
2023-09-06,26.84451675415039,27.00526243905321,26.58921626926008,26.853972594852582,45022600
2023-09-07,26.598669052124023,26.995805325302108,26.532479973847195,26.86342716874845,35023600
2023-09-08,26.81615447998047,26.83506436029654,26.43792801738013,26.58921968453073,36513900
2023-09-11,26.92961883544922,27.1943769775217,26.85397390964527,26.957986358944687,34168300
2023-09-12,27.392946243286133,27.553691947865005,26.85397588190916,26.91070912954952,42284000
2023-09-13,27.307846069335938,27.60097176286484,27.13764632267984,27.534782671912335,37215700
2023-09-14,27.610427856445312,27.837362657571475,27.51587123843004,27.582060329985488,44634800
2023-09-15,27.27001953125,27.506410129264637,27.18491877168336,27.374031971501925,61661100
2023-09-18,27.194377899169922,27.23219946159507,26.939075589610113,27.23219946159507,25752300
2023-09-19,27.090362548828125,27.364576512029945,26.957984389222922,27.194374990527734,34888100
2023-09-20,26.995807647705078,27.392943955048118,26.976897769082857,27.2416541049667,26641100
2023-09-21,26.523025512695312,27.033630091981262,26.49465979396868,26.816151165330083,39906000
2023-09-22,26.135345458984375,26.655405886965212,26.097523898931847,26.541937599773156,41284400
2023-09-25,26.097524642944336,26.11643632526837,25.861134024445775,26.00296803484145,32749200
2023-09-26,25.690933227539062,26.00296878076758,25.53964337164144,25.851678924869958,42237400
2023-09-27,25.785490036010742,26.10698143313689,25.59637681293041,25.74766666998773,38296300
2023-09-28,26.05970001220703,26.13534493431073,25.69093124239114,25.69093124239114,36734300
2023-09-29,25.88949966430664,26.46629334878393,25.785489018880867,26.371736740973628,40645900
2023-10-02,25.246517181396484,25.870588230508112,25.13304889814111,25.785487468945874,50388600
2023-10-03,24.499526977539062,25.076320744333163,24.41442619871641,25.04795321688643,62144500
2023-10-04,24.527891159057617,24.59408024388672,24.187488090202468,24.47115611190356,55696400
2023-10-05,24.641357421875,24.66972494519363,24.168576187668172,24.376601084970236,49044100
2023-10-06,24.650814056396484,24.80210391193073,24.083476196384403,24.367146028149115,58177300
2023-10-09,24.877750396728516,24.92502960674038,24.319868343210672,24.357691711220163,39953700
2023-10-10,25.539644241333008,25.813856438166088,25.12359622168835,25.16141958870941,51960100
2023-10-11,25.54909896850586,25.94623528731487,25.435630675910147,25.69093298161251,38508200
2023-10-12,25.43562889099121,25.605830416182403,25.16141672536322,25.501817972228405,44249800
2023-10-13,25.303251266479492,26.21099034877534,25.07631649590553,25.936778177317436,55089700
2023-10-16,25.52073097229004,25.700388347443656,25.31270787715031,25.681476665108057,56817500
2023-10-17,26.11643409729004,26.35282469562225,25.265426500480373,25.577462018138206,95344200
2023-10-18,25.82330894470215,26.513570875546254,25.728752342879393,26.040789669949643,68371100
2023-10-19,25.492361068725586,26.267723740438846,25.416716149962966,25.766575026438286,58611000
2023-10-20,24.877750396728516,25.47345581825585,24.811561306229354,25.341075833740078,62058400
2023-10-23,24.17803192138672,24.78319132135809,24.130754519582933,24.707546396361668,59857200
2023-10-24,24.083477020263672,24.46170347555549,24.017287931642826,24.33877933653043,55975700
2023-10-25,24.159120559692383,24.25367716807138,23.809263453262588,23.998374866503283,45522400
2023-10-26,24.698091506958008,24.92502627412011,24.055108764906773,24.102386165079924,60921000
2023-10-27,23.799806594848633,24.650812426852266,23.601237545388027,24.650812426852266,64709300
2023-10-30,24.291500091552734,24.37660085719617,23.903819627406993,23.94164118796115,41891900
2023-10-31,24.906116485595703,24.943938047905352,24.31986693989868,24.33877862281218,50106700
2023-11-01,24.96285057067871,25.170875482691372,24.726459936858806,25.000673937778252,44046300
2023-11-02,26.11643409729004,26.15425565519428,25.142504182895166,25.25597066012503,63278300
2023-11-03,26.87288475036621,27.355121813582617,26.598670775716453,26.6270382983235,62613600
2023-11-06,26.787784576416016,27.20383256623548,26.494660717085548,27.005263510644514,45548000
2023-11-07,26.627038955688477,26.7215955631958,26.428471703088643,26.52302650707869,33081900
2023-11-08,26.37173843383789,26.664864117217988,26.16371532611556,26.62704075025898,31896000
2023-11-09,26.031335830688477,26.551394475419663,25.90841169781341,26.54193863415871,32267900
2023-11-10,26.173171997070312,26.258272771906828,25.851680581802913,26.2488169298675,32858500
2023-11-13,26.192081451416016,26.33391546289672,25.92732330740601,26.040791598700956,28521800
2023-11-14,27.629335403442383,27.80899278214437,26.92016353350633,26.94853105757001,66676300
2023-11-15,28.00756072998047,28.111571373710532,27.610424426465645,27.610424426465645,46968900
2023-11-16,27.931917190551758,28.08320704667586,27.62933567478621,27.82790473814743,36952800
2023-11-17,28.347963333129883,28.366875015984704,27.941371169337994,28.092661025141858,38493300
2023-11-20,28.37632942199707,28.60326419422338,28.130482967872585,28.347961899149812,46783400
2023-11-21,28.04538345336914,28.35741900453339,27.941371001808612,28.35741900453339,41611900
2023-11-22,28.017017364501953,28.168309030666364,27.913006711130542,28.121029821390792,41422700
2023-11-24,28.111572265625,28.262862119048123,27.875181644211704,27.875181644211704,15815600
2023-11-27,27.95082664489746,28.0737507783274,27.903549241896606,27.988650010112003,42039500
2023-11-28,27.922460556030273,28.03592704314192,27.723891498308955,27.922460556030273,29705800
2023-11-29,28.659996032714844,28.943665836742326,28.187214829519537,28.25340390940413,57954900
2023-11-30,29.060306549072266,29.11749260634203,28.63140839268106,28.79343525196006,52547700
2023-12-01,29.508262634277344,29.594042615486078,28.926867205754657,28.974521942909867,46133300
2023-12-04,29.374828338623047,29.546388303509296,29.088896275753772,29.09842758690431,37811300
2023-12-05,29.14608383178711,29.346237740474233,28.907806494438322,29.241395130308987,45723100
2023-12-06,29.098426818847656,30.042004782904463,29.012646838668704,29.336704137586597,49803100
2023-12-07,29.222332000732422,29.47967195690942,29.107959898817167,29.155614638296562,32699600
2023-12-08,29.508262634277344,29.679822596694812,29.17467583836748,29.23186188653607,34794300
2023-12-11,29.403427124023438,29.62264186292395,29.269990563808847,29.470144495174722,32254000
2023-12-12,29.298583984375,29.412957917122345,29.02218319192957,29.327177922039834,34566700
2023-12-13,30.53762435913086,30.62340434581811,29.19373850700119,29.308112428554793,60311100
2023-12-14,32.34852981567383,32.47243504838311,31.042771032859967,31.09042577287935,107190000
2023-12-15,32.024478912353516,32.42478680756571,31.72901728351705,32.2341641734563,83771800
2023-12-18,31.862443923950195,32.20556385081836,31.843381301810474,32.129313362259474,40694700
2023-12-19,31.938692092895508,32.09118944047436,31.26198534025332,31.48120005015895,44534800
2023-12-20,31.433547973632812,32.12931740814202,31.404955854734474,31.8147931927887,44711400
2023-12-21,31.643234252929688,31.88151161381647,31.34776901653344,31.68135950326933,32325700
2023-12-22,31.862443923950195,32.09118811798003,31.643229223078517,31.652758716236672,37265900
2023-12-26,32.272281646728516,32.36759112289233,31.805256487549524,31.881506977139345,24845400
2023-12-27,32.25321960449219,32.35806221165234,32.081659635652585,32.215094359011495,24498600
2023-12-28,32.29134750366211,32.377127495131276,32.18650488788604,32.234159630741395,21799600
2023-12-29,32.091190338134766,32.3961886776475,31.97681823320728,32.348530301089355,28060700
2024-01-02,32.31040573120117,32.47243256202569,31.709945872627003,31.824317967080972,36668600
2024-01-03,31.9577579498291,32.18650581225761,31.681358979000564,32.07213369895532,45988700
2024-01-04,32.2150993347168,32.70118720011437,31.96729247246492,31.995884593079804,39834600
2024-01-05,32.815555572509766,33.063362406474546,32.12931566949395,32.21509565737093,49242400
2024-01-08,32.55821990966797,32.69165465603078,32.06260254044599,32.69165465603078,40253900
2024-01-09,32.053070068359375,32.253222169314114,31.93869432282197,32.23415954505788,39268800
2024-01-10,32.024478912353516,32.05307467075575,31.68136253394578,31.92916941321098,34904000
2024-01-11,31.59557342529297,31.929160211984385,31.24292038127828,31.795725497307817,48790600
2024-01-12,31.261987686157227,31.633699771535035,30.46137564233432,30.737778241757145,74344300
2024-01-16,30.61387062072754,30.98558267719987,30.32793854927371,30.89027319865644,58420800
2024-01-17,30.308874130249023,30.489965400990975,29.803727379422263,30.232625461185833,48811300
2024-01-18,30.242158889770508,30.280284135927666,29.927632880621147,30.261221512849087,35484400
2024-01-19,30.709184646606445,30.718714140414225,30.08966211021482,30.308876826030286,49493600
2024-01-22,31.023710250854492,31.44308071389014,30.804495525096687,30.842620773704258,43903400
2024-01-23,31.233394622802734,31.28104936433879,30.871212042646018,31.014179903077906,30003400
2024-01-24,31.433547973632812,31.776667943708336,31.366830605654112,31.481202717071334,36403900
2024-01-25,31.824317932128906,31.88150579720475,31.29057906804769,31.65275797272471,46204000
2024-01-26,31.862443923950195,32.09118811798003,31.757601320093436,31.83385180865232,30839800
2024-01-29,32.03400421142578,32.072129456090885,31.681354787832223,31.833852130669175,30269300
2024-01-30,33.15867614746094,33.25398563097238,32.25322151080725,32.310409382408366,60315700
2024-01-31,32.41524887084961,33.45413825512311,32.40571937667776,32.94899144006793,54716000
2024-02-01,31.976816177368164,32.64399341222802,31.38588943144014,32.33899872814753,57084800
2024-02-02,31.90057373046875,32.12931795721229,31.614637993303436,31.805260606139,40416000
2024-02-05,31.443078994750977,31.72901107202689,31.319173761462753,31.557451098496617,43573000
2024-02-06,31.490737915039062,31.795732656061187,31.338240544528002,31.376362160287687,27188000
2024-02-07,31.624170303344727,31.70041716500682,31.099960858512407,31.509798192939673,29660100
2024-02-08,31.56698226928711,31.719479627657623,31.261987552546078,31.500264902238996,36852200
2024-02-09,31.519329071044922,31.690889062096627,31.300114334884185,31.54792119094554,36176000
2024-02-12,32.04353332519531,32.37712375832913,31.43354396107148,31.452606583178277,34160400
2024-02-13,31.214330673217773,31.748073208892944,30.833085485475,31.56698010859452,43801500
2024-02-14,31.576513290405273,31.62416802999633,31.328702827214055,31.433545435808526,27833900
2024-02-15,32.472434997558594,32.634465476359225,31.757602990915846,31.757602990915846,41683100
2024-02-16,32.49149703979492,32.54868490820039,30.966523573884405,32.32946656389119,33290700
2024-02-20,32.367591857910156,32.491497088395576,32.18650239475726,32.19603188826066,30372900
2024-02-21,32.11978530883789,32.15791055482626,31.614634889050954,31.795727989583913,37847100
2024-02-22,32.03400421142578,32.47243361760409,31.805256379258626,31.805256379258626,42756900
2024-02-23,32.329471588134766,32.45337683769066,31.91963785958669,32.14838209711008,30586000
2024-02-26,32.03400421142578,32.615401467186494,31.957753722095582,32.20556417659528,31129200
2024-02-27,32.67258834838867,32.81555620956699,32.129316293229024,32.14837891710771,40536300
2024-02-28,32.70119094848633,32.97758996303531,32.510568305614115,32.61541094098506,39548600
2024-02-29,33.13310241699219,33.25788047745168,32.777968803384184,32.95073729896332,43863400
2024-03-01,32.969932556152344,33.257882507316005,32.662789358917784,33.14270106227625,38432300
2024-03-04,33.73779296875,33.99694205696058,32.87395046992944,32.91234428352938,49136400
2024-03-05,33.968143463134766,34.28488688595725,33.46903494505497,33.52662565686862,47591600
2024-03-06,33.99694061279297,34.352077881352976,33.6610039116529,34.21770320089694,49149700
2024-03-07,34.19850158691406,34.45765428987487,33.83376774629127,34.16970440118402,35900700
2024-03-08,34.16971206665039,34.678420965739875,34.07373118984485,34.428864827748264,42769900
2024-03-11,34.448062896728516,34.48645671331939,33.852973385313504,33.96815117365025,34131500
2024-03-12,34.51524353027344,34.69761229288319,34.34247505066165,34.45765647802628,29260400
2024-03-13,34.63042449951172,34.98555807560003,34.515243073670824,34.515243073670824,38289600
2024-03-14,34.2560920715332,34.76480090752704,34.05453005838004,34.47685098995361,40178100
2024-03-15,33.98734664916992,34.56323922801208,33.82417842769107,33.86256858122769,69646400
2024-03-18,34.563236236572266,34.640023859870986,33.96814680174879,34.22729953822887,50617900
2024-03-19,34.58243179321289,34.927968761705706,34.409663308966486,34.44805711911797,46113800
2024-03-20,35.27350616455078,35.398284218361965,34.294485962244075,34.40006711074313,40519000
2024-03-21,36.002967834472656,36.089352071841695,35.398281834324465,35.446272263655025,43219500
2024-03-22,35.56145477294922,36.09895717292654,35.513464337213065,35.90699176854638,29001100
2024-03-25,35.37908935546875,35.782213405989694,35.35989244904839,35.609444909642,30480200
2024-03-26,35.59984588623047,35.743820843955454,35.32149625406098,35.513461643882536,33673400
2024-03-27,36.29092025756836,36.329310406842026,35.743821269988935,35.75341789194853,36350200
2024-03-28,36.39649963378906,36.47328725919219,35.91658795932601,36.20453789315224,42262500
2024-04-01,36.012569427490234,36.809220835381296,35.935781808619424,36.41569344225639,33908000
2024-04-02,35.801414489746094,36.07016754955389,35.667039790560175,35.6958333228326,34806800
2024-04-03,35.935787200927734,36.49248653697047,35.77261897849601,35.897397047166926,33338500
2024-04-04,35.436676025390625,36.43489317970921,35.38868559058281,36.185340721847304,42888200
2024-04-05,35.61904525756836,35.83980418964584,35.25431135779728,35.33109898361667,30823500
2024-04-08,35.99337387084961,36.070161492596384,35.63824027385912,35.70542761216988,29470300
2024-04-09,36.214134216308594,36.25252802869284,35.70542901724144,36.002971909630695,30967300
2024-04-10,35.177528381347656,35.734224038430554,35.081543846377755,35.686233601663425,37610700
2024-04-11,34.88957977294922,35.273510604648955,34.6016334798923,35.273510604648955,38604000
2024-04-12,34.35207748413086,34.64002374769782,34.10252137065354,34.37127438989337,47126100
2024-04-15,34.505645751953125,35.283100222707844,34.32327699545705,34.87037960351024,44392000
2024-04-16,33.28667068481445,34.71680528042953,32.77796553272206,34.64961794567903,95566100
2024-04-17,33.8145751953125,34.31368376213397,33.353860440116236,33.48823511936906,65951400
2024-04-18,34.3328857421875,34.54404807589954,33.76658975204371,34.11212678486852,44506200
2024-04-19,35.48467254638672,35.62864386064806,34.61123339203263,34.649623545640885,56273700
2024-04-22,36.214134216308594,36.38690271060224,35.3886855572246,35.51346361675567,43867100
2024-04-23,36.828426361083984,36.87641680339449,36.310124458120065,36.41570196662876,39180300
2024-04-24,36.780433654785156,36.94360554232023,36.47329044918061,36.492487357210365,28670600
2024-04-25,36.386898040771484,36.73243498501318,35.87819290699066,36.40609494449991,41116000
2024-04-26,36.31011962890625,36.77083440439732,36.262125531542864,36.40610050076189,28668700
2024-04-29,36.04136276245117,36.53087467656503,35.94538190080756,36.31971238722688,26438800
2024-04-30,35.5230598449707,36.15654309653981,35.494266316719745,35.84939992374481,30283800
2024-05-01,35.46547317504883,36.00297190258118,35.29270468078901,35.71502563262664,32272000
2024-05-02,35.398284912109375,35.9837777205804,35.17752598884635,35.86859628645027,34860300
2024-05-03,35.753421783447266,36.02217116479093,35.59025356232739,35.753421783447266,34082700
2024-05-06,36.17573547363281,36.27171999151197,35.85899571821903,36.14694194898655,28422300
2024-05-07,36.31971740722656,36.617263977744,36.18534271777858,36.18534271777858,29119500
2024-05-08,36.1949348449707,36.300515991118786,36.01256974071916,36.18533822324598,32803300
2024-05-09,36.74203872680664,36.876413417512595,35.954983828584034,36.02217117393701,26855400
2024-05-10,36.905208587646484,37.22194838961077,36.79003081069906,36.93400211652446,27359100
2024-05-13,36.67485046386719,37.22194949744511,36.64605693413223,37.06837790313263,24060600
2024-05-14,36.943603515625,37.2315497974033,36.82842207376518,36.85721926494795,27594800
2024-05-15,37.34672546386719,37.66346891889942,37.221947406299755,37.241144312189775,34084400
2024-05-16,37.64427185058594,37.77864652980089,37.15475990609102,37.356321924913445,32554200
2024-05-17,37.711463928222656,37.90342934897752,37.58668585551661,37.86503553253937,25537300
2024-05-20,37.260345458984375,37.88423215639577,37.23155192758983,37.68266645232641,28369800
2024-05-21,38.0569953918457,38.15297625747907,37.21234986081786,37.21234986081786,31799200
2024-05-22,38.162574768066406,38.210568864693556,37.759450718733994,37.82663806028939,42837600
2024-05-23,37.596282958984375,38.239366577509486,37.37552400379991,38.17217922860273,39033900
2024-05-24,38.104984283447266,38.18176824056125,37.50029460239577,37.586678842545986,22166300
2024-05-28,37.740257263183594,38.14338501081185,37.538695220087384,38.05700075499407,31217900
2024-05-29,37.164363861083984,37.337132368980676,37.0107922608909,37.279541645869855,26677500
2024-05-30,37.077972412109375,37.548283744558056,36.0797553738417,37.17395327056644,50989100
2024-05-31,38.383338928222656,38.469723179670005,37.10677206366017,37.145165877955804,58188400
2024-06-03,38.27775573730469,38.57529862870896,37.77864716226811,38.431327324897836,31898600
2024-06-04,38.08578872680664,38.52730656478571,37.836232619124345,38.02819801085642,26974200
2024-06-05,38.35454177856445,38.38333897003538,37.932220805159375,38.22016708981901,34140300
2024-06-06,38.104984283447266,38.392930530136255,37.83623127996039,38.30654628998604,38676400
2024-06-07,38.41400146484375,38.58782077602717,37.93117086349094,37.93117086349094,25928700
2024-06-10,38.307777404785156,38.471941721607585,37.86357414419167,38.220871434573674,37176200
2024-06-11,37.52559280395508,37.9987647036417,37.13932687123932,37.97945472234036,44629000
2024-06-12,38.056705474853516,38.51056739056968,37.75734919457403,38.43331273099888,38964700
2024-06-13,37.91185760498047,37.998767261506536,37.59319132018833,37.94082994629262,40018700
2024-06-14,37.89253616333008,38.12429272151084,37.57386629120143,37.757340540069876,32347900
2024-06-17,38.15327453613281,38.17258820326324,37.64147525014529,37.74769857750995,26135400
2024-06-18,38.616790771484375,38.645759427020366,38.10498786021727,38.20155618484546,30804500
2024-06-20,38.616790771484375,38.92580204288474,38.38503047608164,38.41399913161763,29383300
2024-06-21,38.13396072387695,38.53953664177807,38.01807873272951,38.48159564620435,72244900
2024-06-24,38.645755767822266,38.9547670099637,38.288462209790836,38.40434050466773,31064900
2024-06-25,38.02773666381836,38.69404152321895,37.99876432474536,38.41399890897765,30596000
2024-06-26,37.66078567504883,37.9987656114711,37.14898643312224,37.82494630596678,44310200
2024-06-27,37.902198791503906,37.99876342959269,37.023447323558635,37.37108591460596,29464200
2024-06-28,38.40434646606445,38.684389098883024,37.969798188191696,38.37537780877465,52028200
2024-07-01,38.63610076904297,38.95477071489337,38.30777583257813,38.53953612807887,26770500
2024-07-02,39.524505615234375,39.5534742668818,38.5878132524538,38.62644057711998,35626100
2024-07-03,39.49554443359375,39.78524205597335,39.35069378055139,39.61142274580456,17100700
2024-07-05,39.02236557006836,39.55347844739765,38.90648726752674,39.524509792688455,23489000
2024-07-08,39.22515106201172,39.63073062104496,39.041676787511314,39.20583739884779,26728500
2024-07-09,39.9976806640625,40.393605248154884,39.205838863287184,39.360344490665184,34697200
2024-07-10,40.30669403076172,40.32600401018934,39.65969920879896,39.86248714613021,25333400
2024-07-11,40.374290466308594,40.46120010953374,39.96871090335637,40.3356631396075,33824600
2024-07-12,40.161842346191406,40.48050857025676,39.67901183165855,40.06527771676663,31856600
2024-07-15,40.451541900634766,40.77986681395596,40.268067622254115,40.41291457349,36648100
2024-07-16,42.6146240234375,42.875352954216254,40.7702115282586,41.05990911233344,75953300
2024-07-17,42.46977233886719,42.91397553570623,42.15110610937989,42.15110610937989,65713600
2024-07-18,41.5330810546875,42.72084741401527,41.45583008451196,42.12213489755771,48549200
2024-07-19,41.42686462402344,42.06420083283742,41.224072983810636,41.38823729410625,43903000
2024-07-22,40.84746551513672,41.39789207064293,40.51914057994837,41.17579045032507,42838300
2024-07-23,40.95368957519531,41.31098317232055,40.70261929487339,40.770215281256405,36705100
2024-07-24,40.74123764038086,41.28200914478535,40.62535934790293,40.828147280665426,36567200
2024-07-25,40.24875259399414,40.84746140961936,40.229438931076615,40.577077496183044,41593900
2024-07-26,40.23910140991211,40.5191440487805,39.98803111266457,40.152195436165265,52049300
2024-07-29,39.67900848388672,40.44188151657308,39.572785190258976,40.34531321159142,37133100
2024-07-30,39.862491607666016,40.45154550616093,39.408633366228045,39.640389982344246,44163200
2024-07-31,38.92580032348633,39.95905740728579,38.83889067701232,39.81420676859418,50851600
2024-08-01,38.14361572265625,39.06099455905606,37.64147147869314,39.05133588460592,60107800
2024-08-02,36.289546966552734,37.206922091394475,35.903281041784204,36.69512287222531,76728000
2024-08-05,35.391483306884766,35.69083591161519,33.933332879250386,34.42582213816982,76075200
2024-08-06,35.65220642089844,36.02881734819367,35.28525785128482,35.39148116280106,40614100
2024-08-07,36.0191650390625,37.26486897545172,35.99019637942266,36.79169332700352,44952400
2024-08-08,36.89790725708008,37.10069519030703,36.36679442465995,36.52130004288588,36557800
2024-08-09,36.96550750732422,37.1296718177473,36.60821391457507,36.84962920118759,26411200
2024-08-12,36.859283447265625,37.40005500448789,36.704777814302815,37.1779533873354,33040600
2024-08-13,37.13932418823242,37.15863785184345,36.81099927425425,37.05241454383512,21553500
2024-08-14,37.4773063659668,37.58352598627446,37.11035413857135,37.19726377969911,25658900
2024-08-15,37.68975067138672,38.3174318451661,37.63181336431486,38.0760165758209,37379800
2024-08-16,37.989112854003906,38.06636383671135,37.65113289771149,37.66078788916045,26886600
2024-08-19,38.307777404785156,38.37537707668033,38.09533444920418,38.124303105941344,27268900
2024-08-20,37.36142349243164,37.89253999975216,37.02344360932263,37.77665802522526,44440800
2024-08-21,37.41936111450195,37.651121359008684,37.071722589593925,37.53523939490326,33751100
2024-08-22,37.89253616333008,37.9408184726424,37.24554143069195,37.44832934002614,35421600
2024-08-23,38.40434646606445,38.79060873684735,37.92151586480698,37.92151586480698,45616600
2024-08-26,38.549190521240234,38.819578142417996,38.29812024840182,38.62644517977813,44659500
2024-08-27,38.307777404785156,38.751984349083735,38.24984009131084,38.626447363714234,32323900
2024-08-28,38.578163146972656,38.88717441601278,37.97945427367051,37.98910926420712,40700500
2024-08-29,38.79060363769531,38.954767936069594,38.17258113871965,38.67472534006354,34810800
2024-08-30,39.35068893432617,39.456912242314644,38.751980097314835,38.790603740825006,49098200
2024-09-03,39.302406311035156,39.49553926190038,38.848544429057576,39.18652801399788,48489300
2024-09-04,39.109275817871094,39.543824063699525,38.89682919019833,39.26378145153177,39629600
2024-09-05,38.761634826660156,39.534162947239665,38.63609785590828,39.39897098660133,34214500
2024-09-06,37.67304229736328,38.761636535555155,37.478653911998315,38.65472069897196,47007600
2024-09-09,38.363136291503906,38.5964038484512,38.003509603985286,38.149304607868075,37610200
2024-09-10,38.178462982177734,38.7227601401356,37.255106962605694,38.7227601401356,53983900
2024-09-11,37.906314849853516,37.93547236711348,36.94407599534465,37.8965969133405,41190000
2024-09-12,37.692481994628906,38.227061179206906,37.44949280444647,37.95491076495244,39921600
2024-09-13,37.56613540649414,37.99379510473643,37.36202164104729,37.78968504701088,31887300
2024-09-16,38.003509521484375,38.11042536307019,37.702205285438126,37.72164486642836,26336400
2024-09-17,38.440887451171875,38.68387663064543,38.11042201877902,38.17845869241396,27769400
2024-09-18,38.50893020629883,38.99490864199369,38.31453809047664,38.50893020629883,42527800
2024-09-19,39.723876953125,39.89882948948901,38.887993436657226,38.917154664532084,57977800
2024-09-20,39.14069747924805,39.587796679680366,39.111539964178306,39.4808808474638,70725000
2024-09-23,38.75191879272461,39.30593390377196,38.63528500822021,39.08238427192138,31714800
2024-09-24,38.34369659423828,38.85883251301289,38.14930449222416,38.73247709054557,32534900
2024-09-25,38.1493034362793,38.30481637204192,37.84799550111134,38.1493034362793,28866000
2024-09-26,38.41173553466797,38.60612764812385,38.01323337055794,38.28538010476347,39601400
2024-09-27,38.295101165771484,38.78107958814056,38.24650035735768,38.53809037695602,27861100
2024-09-30,38.5672492980957,38.674165148139636,37.925757905553354,38.12986796051655,35055200
2024-10-01,38.120147705078125,38.45061317251819,37.84799727395506,38.402012365292656,26291200
2024-10-02,38.12986373901367,38.43117167325842,37.95491122335167,38.149303319389546,23302700
2024-10-03,38.1493034362793,38.168743016714735,37.64388546812056,37.88687466198221,26030200
2024-10-04,38.985191345214844,39.12126471620973,38.50893083901145,38.81023880887248,34209900
2024-10-07,38.83938980102539,39.30592858361697,38.5964006200264,39.08237898202438,27177500
2024-10-08,38.810237884521484,39.02406958111846,38.69360409897823,38.92687167006475,26023600
2024-10-09,39.06294250488281,39.25733460666419,38.606125329575676,38.75191662512099,27421000
2024-10-10,38.849117279052734,39.00463022993861,38.65472516351509,38.88799273598329,26182300
2024-10-11,40.773590087890625,40.98741807095962,39.26705773082133,39.36425193151441,50660700
2024-10-14,40.73470687866211,40.99713564373372,40.5500364325987,40.78330397418188,28098900
2024-10-15,40.95825958251953,42.14404808304865,40.870783320878516,42.01769265896252,61490000
2024-10-16,41.59975051879883,41.8913368187991,40.96798082008508,41.02629585545255,42437800
2024-10-17,41.40536117553711,41.79414540659391,41.27900945200668,41.62891451841356,31708600
2024-10-18,41.133209228515625,41.45395673466993,40.92909920153784,41.24012506390039,30593500
2024-10-21,40.58891677856445,41.22069021966239,40.56948090418956,41.06517727061506,26589500
2024-10-22,41.113773345947266,41.2206891909468,40.40424530189345,40.48200362833713,37104400
2024-10-23,41.152652740478516,41.27900816779919,40.84162684839771,41.0165793761583,28569400
2024-10-24,41.45396041870117,41.463678355635814,40.79302947551334,41.133212884041896,28392000
2024-10-25,40.71527099609375,41.774704088598554,40.618076796228415,41.716385344046714,27466900
2024-10-28,41.42479705810547,41.551152478071984,40.83190282717133,40.89022156893761,24527600
2024-10-29,41.33732223510742,41.60947266508195,41.279007199036535,41.39564097889932,22313500
2024-10-30,41.123497009277344,41.696951717925444,40.472283970368565,40.54032065548603,38100500
2024-10-31,40.6472282409668,41.3567561755821,40.62778866235426,41.10404906906014,28138200
2024-11-01,40.58891677856445,41.24012980175845,40.57919884137701,40.96798306785592,31220000
2024-11-04,40.17097854614258,40.841627440466304,39.957146851841756,40.44312527872824,31110100
2024-11-05,40.70555114746094,40.831902859807556,40.219572755516104,40.34592446786272,30851400
2024-11-06,44.136558532714844,44.27263189269119,42.766099580820125,43.543664286199935,110086700
2024-11-07,43.51450729370117,43.961606541226644,43.261796444076495,43.77693608013248,48339700
2024-11-08,43.864410400390625,44.22403336985175,43.68945788384827,43.87412833676704,38331800
2024-11-11,44.78777313232422,45.21543280872413,44.301794710529315,44.32123058460653,43293500
2024-11-12,44.57394027709961,45.147394948162045,44.55450069580856,44.846086999732286,38155900
2024-11-13,44.58366012573242,45.17655440351055,44.54478466920427,44.90440766920761,36903900
2024-11-14,44.61281967163086,44.86552681428635,44.44758508365835,44.66141677125064,35733100
2024-11-15,45.43898391723633,45.52646018431633,44.34067161005883,44.34067161005883,40488900
2024-11-18,45.40982437133789,45.70141067935404,45.186274744934806,45.43898188982318,32360300
2024-11-19,45.10851287841797,45.31262290723795,44.66141366070159,44.700292820777996,28534100
2024-11-20,44.76832580566406,45.33205874940611,44.63224875661691,45.26402207874276,28021000
2024-11-21,45.1571159362793,45.730570646090904,45.00160298316367,45.08907925102379,45336500
2024-11-22,45.68196487426758,45.89579653461771,44.982154864191195,45.06963111545074,37996200
2024-11-25,46.16794967651367,46.40122094838175,45.83748420420452,45.93467840464559,42718600
2024-11-26,46.41093826293945,46.49841452525174,45.88608068906573,46.177666994199676,30301500
2024-11-27,46.43037796020508,46.63448800353621,46.31374417940458,46.478975059895205,23278400
2024-11-29,46.17766571044922,46.7316844948392,46.16794777389403,46.459534070921805,23262000
2024-12-02,45.72085189819336,46.478977067728216,45.53617772058375,46.401222446409335,35891500
2024-12-03,45.50701141357422,46.14850267339711,45.34178055785219,46.04158684547321,38123800
2024-12-04,45.069637298583984,45.46813945172146,44.83636973503677,45.380663188460986,24941300
2024-12-05,45.68196487426758,45.915236113533226,45.195986524541325,45.254305261287875,31572100
2024-12-06,45.691741943359375,45.994725959412854,45.349666222287496,45.994725959412854,28931700
2024-12-09,44.870758056640625,45.69174354432489,44.86098606213006,45.506045821857285,34660900
2024-12-10,44.714378356933594,45.242155520867584,44.55800035225082,44.870756361616365,35665800
2024-12-11,45.03691101074219,45.11509815051129,44.44071869057637,44.958720142627286,36790500
2024-12-12,45.03691101074219,45.41808217193783,44.880529274512384,45.095550433482565,24017300
2024-12-13,44.63618850708008,45.056455103302085,44.35275593037461,45.0466831089381,32902300
2024-12-16,44.44071960449219,44.64596504499594,44.13773557683483,44.55800218073063,27330400
2024-12-17,44.03022384643555,44.16705413653495,43.609957253504064,44.16705413653495,33054600
2024-12-18,42.515316009521484,44.40162802959094,42.36870998021914,44.11819169472437,41771900
2024-12-19,42.39802932739258,43.47312767726681,42.32961418121945,42.974673936813154,38583600
2024-12-20,43.17014694213867,43.394943843375344,42.124368224264934,42.22210681792134,74222200
2024-12-23,42.896484375,43.111505542865366,41.81161026927339,42.90626009809167,35374800
2024-12-24,43.375389099121094,43.41448080190584,42.93557481976941,42.93557481976941,12054400
2024-12-26,43.541542053222656,43.57086549273946,43.11150346654919,43.20923832268314,16077400
2024-12-27,43.3362922668457,43.7663308103381,43.06263171447286,43.23855742052552,17972500
2024-12-30,42.91603088378906,43.14082404006718,42.564179429320404,42.89648316650238,16109800
2024-12-31,42.95512771606445,43.228788310290916,42.720558829337506,43.04309058254381,16110400
2025-01-02,43.28743362426758,43.580641951048996,42.80852383212587,43.14082759670379,25610600
2025-01-03,43.795658111572266,43.83474981654267,43.15059837523895,43.737014961598064,23455700
2025-01-06,44.37230682373047,45.105329488913156,44.07909477498053,44.13773793039974,30518500
2025-01-07,45.03691101074219,45.594007896850556,44.6166444154891,45.232380724337844,41111200
2025-01-08,45.16396713256836,45.21283456264833,44.65573765737561,44.86098682906498,40246000
2025-01-10,44.088871002197266,45.00759141085327,43.727247527178406,44.958723978285235,40741300
2025-01-13,44.03999710083008,44.31365766569148,43.67836995058258,44.07908880413487,34353600
2025-01-14,44.74369812011719,44.880528408331685,44.20614896141208,44.56777239859978,36379000
2025-01-15,46.033817291259766,46.38566873199328,45.77970443314428,46.05336500778337,57154800
2025-01-16,45.584232330322266,46.43453751808283,44.78279457112803,45.93608378135307,56339300
2025-01-17,45.476722717285156,45.818802181213485,45.03691212249228,45.554913587330226,44486100
2025-01-21,45.60377883911133,46.082688574402134,45.48649626799049,45.56468340595581,52089100
2025-01-22,44.753475189208984,45.672195529396745,44.72415174917661,45.545137231512044,40296200
2025-01-23,45.33988952636719,45.828571247890174,45.00758580659773,45.00758580659773,35324100
2025-01-24,45.46695327758789,45.799257037260496,45.10532980417379,45.183516950266466,24655100
2025-01-27,46.024044036865234,46.072911462663235,45.33011689683511,45.49626689021742,44260000
2025-01-28,45.77970886230469,46.366125501365545,45.652650556781275,46.014277754936664,27156600
2025-01-29,45.691741943359375,46.31725396380267,45.58423136578086,45.691741943359375,23681500
2025-01-30,45.66242599487305,46.10223660724782,45.34966995888181,46.04359718071574,31199900
2025-01-31,45.251930236816406,45.769935437765895,45.11509994053215,45.642877136210814,30388900
2025-02-03,45.16396713256836,45.42785572901532,44.08886875742527,44.39184906092865,36497700
2025-02-04,45.652645111083984,46.0631396921374,45.222606542293114,45.30079367827981,32894000
2025-02-05,46.04359436035156,46.06314207744689,45.5842323294759,45.91653606340484,27696600
2025-02-06,46.65933609008789,46.89390124703837,46.10223545355212,46.36612405138087,39793400
2025-02-07,46.327030181884766,46.88412706407304,46.30748246499359,46.757068768453294,26504700
2025-02-10,45.613548278808594,46.48340484025003,45.34966344065103,46.40521397831779,26725200
2025-02-11,45.730838775634766,45.86766906824917,45.23238130585846,45.49626989662018,20314900
2025-02-12,45.16396713256836,45.52559431752119,44.9000785361214,45.515818594497645,29777100
2025-02-13,45.281253814697266,45.51581897236685,44.92940234984694,45.46695154188118,26815400
2025-02-14,45.89698791503906,46.02404621079188,45.42785389419686,45.42785389419686,25960500
2025-02-18,45.476722717285156,45.59400902235276,45.11509926419146,45.506046157725,37824100
2025-02-19,44.9684944152832,45.017365574503955,44.39184978293059,44.84143984067801,38967800
2025-02-20,44.27456283569336,45.144415695833835,44.02044998320397,44.86098313338103,40001100
2025-02-21,43.795658111572266,44.479809552875984,43.53176952920695,44.225696693012566,43485900
2025-02-24,43.45357894897461,44.36252727366407,43.43403123218771,44.010675828191275,35512200
2025-02-25,42.945350646972656,43.82497928419765,42.368706035535354,43.521995258409966,38119000
2025-02-26,42.945350646972656,43.541542975720056,42.867163506078136,43.04308923352313,32251700
2025-02-27,43.121273040771484,43.76633274875252,42.94534732692706,43.09195333124594,28477700
2025-02-28,45.056453704833984,45.15419228716932,43.199465380610874,43.31674795106759,62621100
2025-03-03,44.528682708740234,45.896989381152146,44.19637896731882,45.16396675110601,46946000
2025-03-04,41.704097747802734,43.82497843030108,41.07858571945075,43.71746785136325,78278100
2025-03-05,41.332698822021484,41.762737373124665,40.765826263964804,41.68455024035384,52588900
2025-03-06,40.521488189697266,40.94175477610615,40.032806459300495,40.64854648353723,58103500
2025-03-07,40.71820068359375,41.042764088424306,39.941209991973665,40.62968270920824,50651400
2025-03-10,39.17405319213867,39.9510400620068,38.53475635108509,39.734665728870645,77498400
2025-03-11,38.957679748535156,39.99038697861081,38.62327891907618,39.0461977255059,50608400
2025-03-12,39.25273513793945,39.83301877135014,38.55442879573104,39.64614916976422,42290700
2025-03-13,39.016685485839844,39.52812222013595,38.682288440361766,39.31174788199568,37766100
2025-03-14,40.21659469604492,40.34445481696649,39.5084509517091,39.59696891975108,35979900
2025-03-17,40.757537841796875,41.08210498858256,39.92153769405239,40.24610108896372,37242800
2025-03-18,40.964080810546875,41.14111674756989,40.610008936500854,41.03292770251424,37644500
2025-03-19,41.514854431152344,41.99678640920947,40.6198411163669,41.03292620496931,42471100
2025-03-20,41.78041076660156,42.01645993842528,40.96408170745459,41.072267003004725,41018100
2025-03-21,41.77057647705078,41.95744607769524,41.20012650896627,41.465680416328965,65011000
2025-03-24,42.360694885253906,42.43937919404382,42.04596515384293,42.2230010967459,30646100
2025-03-25,42.567237854003906,42.813120704365524,42.33119241870649,42.636084751955195,25445300
2025-03-26,42.114810943603516,42.999990634903845,42.026292974473485,42.74427038991742,30012100
2025-03-27,41.85909652709961,42.380366953461845,41.81975437178468,42.11481303289775,25619200
2025-03-28,40.5706672668457,41.91810413524403,40.314950772473296,41.741068196111485,34253000
2025-03-31,41.042762756347656,41.209965036704475,39.93137128110616,40.108407224131334,36390000
2025-04-01,40.80671691894531,41.013257599751334,40.29528017227733,40.63951464028736,25578500
2025-04-02,41.16078567504883,41.27881213890962,40.14774958076039,40.20676281269079,28216100
2025-04-03,36.60703659057617,38.20035626363446,36.410329578030584,37.993815588804985,115497900
2025-04-04,33.82364273071289,35.20058812978826,33.11549895383135,34.708822451814825,107761200
2025-04-07,34.99404525756836,36.0267523663701,32.98764051643267,34.39409056765164,137329100
2025-04-08,34.453102111816406,36.71522722632067,33.764633165879665,36.25296628958512,79116300
2025-04-09,36.53818893432617,37.22665783601674,32.52537946911994,33.48923968336086,161173500
2025-04-10,35.25959396362305,35.80053915495222,34.05968838472903,35.7218548537138,90451800
2025-04-11,35.35795593261719,35.633343534549354,34.236730694036574,34.62030735440629,63671900
2025-04-14,36.06609344482422,36.38082693414431,35.672683148954334,35.88906125040114,46830600
2025-04-15,37.364356994628906,38.11183915694692,37.177483640143684,37.177483640143684,84677800
2025-04-16,36.71522903442383,37.531558147039334,36.36115712943414,37.23649947683945,52872700
2025-04-17,36.793907165527344,37.24633068007823,36.626708639144134,36.89225879847343,47144400
2025-04-21,36.31197738647461,36.66604928979335,35.88906233737114,36.459508596815596,34928300
2025-04-22,37.68892288208008,37.85612517076306,36.78407579655889,36.95127433336733,42288900
2025-04-23,38.111839294433594,39.46911358950855,38.033154986603485,38.76096982653478,54428400
2025-04-24,38.92817306518555,39.0461957779683,37.96430902985745,38.02332226218603,42457100
2025-04-25,39.03635787963867,39.13471326563432,38.67245233114066,38.88883042845673,32694200
2025-04-28,39.124874114990234,39.41993650800986,38.81014439751853,39.14454519131649,37428000
2025-04-29,39.3314208984375,39.47894835191756,38.829817801731856,38.97734900708632,33792500
2025-04-30,39.22323226928711,39.341254983713405,38.18068766154391,38.7117955042739,40994600
2025-05-01,39.508453369140625,39.77400728951519,38.92817346209458,39.16421889006679,33569100
2025-05-02,40.39363098144531,40.550995842450334,40.02972544384762,40.23626612044029,41613000
2025-05-05,40.442806243896484,40.80671552839122,39.951040590997394,40.17725234110607,32829200
2025-05-06,40.167423248291016,40.590342058045124,39.89203565193936,39.98055362960591,29541800
2025-05-07,40.25593948364258,40.65918719736511,40.18709258753442,40.36412853520523,30925900
2025-05-08,40.91490173339844,41.45584696515702,40.57066726943776,40.610009422997344,41861700
2025-05-09,41.101776123046875,41.28864572935448,41.003420736668375,41.04276289121977,27222800
2025-05-12,42.64591598510742,43.23603323968265,42.232830905405564,42.60657383430267,44875100
2025-05-13,43.5507698059082,43.75731425424723,42.70493218967338,42.70493218967338,43232500
2025-05-14,44.00319290161133,44.18022508746284,43.403238196193435,43.46224767418586,42419500
2025-05-15,43.64912033081055,44.23923761257939,43.28521104690806,43.86549466645956,47379400
2025-05-16,43.95401382446289,44.05236920867123,42.94097775429981,43.6097793594194,49488100
2025-05-19,44.03269577026367,44.396601292631814,43.38356527679998,43.38356527679998,37915700
2025-05-20,43.95401382446289,44.170391917846956,43.678626252428096,43.855662192128825,33424300
2025-05-21,42.5377311706543,43.7573117035972,42.43937953574935,43.63928523946202,55594100
2025-05-22,42.596744537353516,42.85246104003921,42.25250631034947,42.46888441007348,29026200
2025-05-23,42.488555908203125,42.714767672938855,41.652551993093425,41.7804121216395,34875100
2025-05-27,43.49176025390625,43.49176025390625,42.586909403586326,43.06884144645367,36322000
2025-05-28,43.33439254760742,43.70813175853284,43.236037161673615,43.48191999869661,35673800
2025-05-29,43.51142883300781,43.727803180017155,43.17702802194861,43.63928520791694,28545100
2025-05-30,43.40324020385742,43.57043873506888,42.99999249413484,43.46224968457939,66537500
2025-06-02,43.35406494140625,43.42291183771354,42.64592114867474,43.15735791543923,28582600
2025-06-03,43.914676666259766,43.99335722398029,43.21636655016531,43.28521344512366,31320200
2025-06-04,43.629451751708984,44.347429194642956,43.609780674274226,43.86549717717732,30591700
2025-06-05,43.64912033081055,43.84582734202489,43.28521104690806,43.71796722195444,32020900
2025-06-06,44.490047454833984,44.687909884822545,44.16356765218177,44.21303325967891,37013000
2025-06-09,44.39111328125,44.915459297506125,44.30207367652606,44.62855348517519,32414000
2025-06-10,44.608768463134766,44.71759507083871,44.272397027497206,44.321862638094224,32229100
2025-06-11,44.25260925292969,44.925352112414906,44.074530038713945,44.717594287157915,47873500
2025-06-12,44.14378356933594,44.173465954981395,43.55018869220548,43.92613412717967,30165400
2025-06-13,43.619441986083984,43.98549204025513,43.19403093367526,43.53040237571973,43281700
2025-06-16,43.9360237121582,44.410900346744576,43.876662717590904,44.16356853035684,34103600
2025-06-17,43.7579460144043,44.193248667653435,43.58976218496172,43.797520012149896,27489600
2025-06-18,44.57908630371094,44.7175915119532,43.73815589455108,43.78762150121133,37684700
2025-06-20,45.0143928527832,45.16279345969375,44.786848023108774,44.82642202148282,64591600
2025-06-23,45.80585479736328,45.875107408806336,44.628556628847065,44.91546246138788,42683600
2025-06-24,46.162010192871094,46.68635243745146,46.07297058775518,46.25104979798701,45437600
2025-06-25,46.34998321533203,46.47859682304527,45.964146166176526,46.08286816128915,33532400
2025-06-26,46.95347213745117,47.072194129165254,46.39945127205519,46.44891688161067,40127000
2025-06-27,46.617103576660156,47.16123286321212,46.409345739355935,46.94358341298193,56705000
2025-06-30,46.81496810913086,47.11176554797973,46.52806228285047,47.11176554797973,47921200
2025-07-01,47.636112213134766,47.9032272698055,46.43902328153634,46.51817127905674,48540900
2025-07-02,48.19013214111328,48.20991914009973,47.54707165698264,47.843869093810945,48003600
2025-07-03,48.40778732299805,48.78373277104842,48.28906909823952,48.42757432278852,21620300
2025-07-07,48.14066696166992,48.68479622972442,47.85376113477392,48.21981495832435,35567900
2025-07-08,46.64678192138672,47.279950765344566,46.260941118989905,46.993044953556165,88086500
2025-07-09,46.340091705322266,46.94358197286942,46.211478097324296,46.65667614502172,46227900
2025-07-10,46.46870422363281,46.71603604722211,46.2807296223551,46.399451614946535,44225000
2025-07-11,46.23126220703125,46.31041019900135,45.75638557716256,46.14222260305687,31653000
2025-07-14,46.56763458251953,46.56763458251953,46.053183946086996,46.31041115129529,36381200
2025-07-15,45.65745544433594,46.50827373429503,45.45958923370059,46.37966390526851,55145000
2025-07-16,45.538734436035156,46.06308047162889,44.529620136609495,45.756387649828184,61296600
2025-07-17,46.51816940307617,46.71603561491339,44.95503048094465,45.152896692781866,56480700
2025-07-18,46.81496810913086,46.87432910649431,46.39945244953928,46.50827528372932,48314200
2025-07-21,46.97325897216797,47.52728360961491,46.696248540436535,47.03261996781788,32199700
2025-07-22,47.26016616821289,47.655894828799006,46.953473342721686,47.09197856262604,34749400
2025-07-23,47.62621307373047,47.794400668216795,47.29973704464422,47.497599474886094,31380100
2025-07-24,47.8735466003418,48.477036846554725,47.695467387558175,47.97248159299052,42967600
2025-07-25,47.93290710449219,48.03183832214253,47.42834808211696,47.87354610951156,24461200
2025-07-28,47.71525573730469,48.02194856222464,47.56685890510537,47.932908953311376,20590400
2025-07-29,47.4382438659668,47.99226472782773,47.378882870488525,47.873546510855256,26216500
2025-07-30,47.44813537597656,47.982373012177604,47.230485940993375,47.74493280476023,32265900
2025-07-31,46.765499114990234,47.517386157276434,46.68635112423173,47.25026734944235,40016300
2025-08-01,45.17268371582031,45.91467918012353,44.83631228771016,45.865213570633465,52310400
2025-08-04,45.36065673828125,45.61788395846157,45.15289890397087,45.46948334882029,31038900
2025-08-05,45.073753356933594,45.509056012330284,44.27239688156044,45.45959040189632,36798300
2025-08-06,44.935245513916016,45.44969617835782,44.90556690169307,45.22215134535199,27916800
2025-08-07,44.44057846069336,45.27161350543395,44.30207324890059,45.22214789750567,30609900
2025-08-08,45.51894760131836,45.805853425265006,44.49994168576513,44.66812928993475,37131600
2025-08-11,45.66735076904297,46.02350922234322,45.32108770277015,45.56841954267484,35559400
2025-08-12,46.99304962158203,47.15134184829535,45.86521703450156,45.98393526104046,35481200
2025-08-13,46.73582458496094,47.250271473860984,46.4884927532272,47.171127250177996,29465100
2025-08-14,47.2008056640625,47.220592663396204,46.3895575613019,46.58742378065468,21073800
2025-08-15,46.439022064208984,47.30963114419046,46.3994518404703,47.24037853516759,26276900
2025-08-18,47.40856170654297,47.52728369806374,46.290624591269726,46.41923442110776,43125100
2025-08-19,47.56686019897461,47.60643042424693,47.121662142298426,47.309632977790905,33783400
2025-08-20,47.8339729309082,47.98237353390568,47.35909628489403,47.65589371690488,30822200
2025-08-21,47.74493408203125,47.972482683302964,47.299739813937954,47.75482946851306,28713200
2025-08-22,48.95191192626953,49.129991133367035,47.94279767737831,48.00215867107213,45078900
2025-08-25,48.95191192626953,49.129991133367035,48.684793115623265,48.862872322720776,34715700
2025-08-26,49.71369934082031,49.72359095376787,48.724371990754236,48.724371990754236,40609300
2025-08-27,49.84231185913086,50.08964369121907,49.45647480491074,49.49604502981682,42428200
2025-08-28,49.951133728027344,50.099530548804786,49.74337214056469,50.01049094674476,32949400
2025-08-29,50.19847106933594,50.37654651909893,49.97092245922659,49.97092245922659,32496500
2025-09-02,49.88187789916992,49.931347280624706,49.13988246515541,49.684015469286535,52719800
2025-09-03,49.525726318359375,50.030281584084,49.16956788420826,49.86209775350385,38344200
2025-09-04,50.07974624633789,50.28750784498148,49.585082602491056,49.70380459428285,34796900
2025-09-05,49.5126953125,50.52742248588473,48.97548613924178,50.179229668413335,40063300
2025-09-08,49.20429611206055,49.65197041857458,48.62729662420132,49.54253849976274,48033100
2025-09-09,50.030006408691406,50.298610989847724,49.20429560791728,49.24408972252762,40060100
2025-09-10,49.87083435058594,50.368249404326136,49.7116616851881,50.109591451194845,31706300
2025-09-11,50.48762893676758,50.69654235260829,49.73155971016394,49.880781952203414,28055200
2025-09-12,50.31850814819336,50.666697164293886,50.19912580412262,50.43788669728845,27851100
2025-09-15,50.32845687866211,50.825871948111235,50.19912789801211,50.5871110449863,29043600
2025-09-16,50.398094177246094,50.61695801999187,49.95041986025508,50.378197119271405,31624400
2025-09-17,51.13426971435547,51.36308018668531,50.52742273362272,50.59706053846329,38337900
2025-09-18,51.860496520996094,51.92018390091105,51.03478567906482,51.22380583539772,35246900
2025-09-19,51.97987365722656,52.38775385374261,51.492405229694825,51.88039216343269,98970700
2025-09-22,51.65157699584961,52.07935424265834,51.49240433157024,51.49240433157024,27468000
2025-09-23,51.43272018432617,52.60662008022387,51.25365045139426,51.73116847422072,28278200
2025-09-24,51.43272018432617,51.97987601496217,51.19395927542499,51.5819424317855,27010400
2025-09-25,51.581939697265625,52.059461489753076,51.174059503871696,51.21385361907493,22957900
2025-09-26,51.94007873535156,52.347958925535295,51.71126826719734,51.84059724310213,20025800
2025-09-29,52.14899444580078,52.27832342740891,51.84059952924211,52.08930706580921,23701000
2025-09-30,51.32328796386719,52.298221062566355,50.75623507783783,52.208686196615616,29945000
2025-10-01,50.417991638183594,51.41282177501441,50.29861308435712,51.03478526042547,27709100
2025-10-02,50.219024658203125,50.58711074481815,49.81114445547411,50.38814775419973,22757200
2025-10-03,50.378196716308594,50.865665145349844,50.28866185362656,50.35829965849306,24565700
2025-10-06,50.12948989868164,51.05468222788927,49.63207483114961,50.66669908241042,25386300
2025-10-07,50.030006408691406,50.64680000524908,49.870833745225696,50.28866056370732,24107300
2025-10-08,49.582332611083984,50.24886696019632,49.52264143856134,50.13943883636832,24014200
2025-10-09,49.5325927734375,50.0200574088997,49.413210426202234,49.74150618863559,21816900
2025-10-10,48.39848709106445,49.88078185187763,48.29900180159581,49.6718684364571,31831900
2025-10-13,48.607398986816406,49.14460814822446,48.55765824112506,48.945641370483436,34462800
2025-10-14,49.8310432434082,50.238923460296725,48.27910681586909,48.597452165880824,42462600
2025-10-15,52.00971984863281,52.57677273948624,50.96514893363839,51.303391341776916,69992200
2025-10-16,50.179229736328125,52.487235304217876,49.74150585103032,52.328062637293606,49027700
2025-10-17,51.014888763427734,51.502357205626076,50.06980315902368,50.686596788049954,48915400
2025-10-20,51.77096176147461,52.00971887157183,51.104423589586865,51.174061396279875,25786000
2025-10-21,51.2536506652832,52.09925478934259,51.17406243032537,51.82070355694202,27303400
2025-10-22,50.835819244384766,51.3133410568782,50.17923149592612,51.233752823137344,34955000
2025-10-23,51.49240493774414,51.53219905302635,50.845767641798794,51.21385372072003,26028800
2025-10-24,52.298221588134766,52.54692912994441,51.581942653330685,51.581942653330685,38923900
2025-10-27,52.74589538574219,52.79563613460286,52.25842693896545,52.52703153678416,27345800
2025-10-28,52.5966682434082,53.004548447490784,52.06940948556326,52.725997223719986,29575200
2025-10-29,52.308170318603516,52.73594378526528,52.049512358323426,52.38775475601415,29158800
2025-10-30,52.75584030151367,53.16372050086534,52.28827272346102,52.39770084940474,37548600
2025-10-31,53.17367172241211,53.362688082751205,52.49718692386318,52.51708398205295,39295700
2025-11-03,53.283103942871094,53.36268838109932,52.43749604246928,52.98465186333173,31252300
2025-11-04,53.263206481933594,53.72082743447007,52.44744607263785,52.7458943549453,47226600
2025-11-05,52.17884063720703,52.79563425000927,51.47251216166126,52.68620232943654,54353600
2025-11-06,53.01449966430664,53.47212062303046,52.49718753032394,53.14382485157042,55296000
2025-11-07,52.924964904785156,53.30300142556261,52.43749645996876,52.87522415612451,40537700
2025-11-10,53.14382553100586,53.710882215775285,53.06424109128574,53.13387889915681,26094600
2025-11-11,53.35274124145508,53.70093027096805,53.00454841696631,53.4721197951487,22244300
2025-11-12,53.830257415771484,54.40725690143004,53.492015029359344,53.61139357898255,40536700
2025-11-13,52.5966682434082,53.929740777844685,52.497186747768865,53.5119139421885,37716100
2025-11-14,52.3380126953125,52.62651433801227,51.76100940991296,52.586720222817334,32363100
2025-11-17,51.2138557434082,52.30817118703486,51.124320877974895,52.30817118703486,35546800
2025-11-18,51.37302780151367,51.91023698768942,50.88556315829835,51.01488834406317,35189500
2025-11-19,51.75106430053711,52.21863568038911,51.402871474805,51.402871474805,28112300
2025-11-20,50.73633575439453,52.67625523341064,50.70649206540182,52.22858092364143,36661600
2025-11-21,51.29344177246094,51.51230181579871,50.43788727175451,51.02483718770596,43867200
2025-11-24,51.661529541015625,51.969928251008184,51.13427078052187,51.38297831584546,52852100
2025-11-25,52.208683013916016,52.60661657054433,51.591889416620205,51.97987254709621,41310100
2025-11-26,52.71604919433594,52.97470335312527,52.27832151718764,52.4275475516656,32045600
2025-11-28,53.37263870239258,53.66113655974826,52.77573833946782,52.83542951425304,18920800
2025-12-01,52.96475601196289,53.621343723909824,52.934908528481905,53.22341016728565,30536500
2025-12-02,52.91501235961914,53.36268666959407,52.69615231527918,53.253254749936225,46073500
2025-12-03,53.81036376953125,53.95958981225188,52.905068471300034,52.97470627924275,37134400
2025-12-04,53.880001068115234,54.40725983611872,53.72082839504008,53.92974181689325,38529600
2025-12-05,53.95000076293945,54.83000183105469,53.7400016784668,53.93000030517578,33986500
2025-12-08,53.900001525878906,54.209999084472656,53.4900016784668,53.900001525878906,34386600
2025-12-09,53.540000915527344,54.279998779296875,53.27000045776367,53.970001220703125,47189300
2025-12-10,54.08000183105469,54.54999923706055,53.34000015258789,53.59000015258789,54424400
2025-12-11,54.560001373291016,54.650001525878906,53.75,53.95000076293945,35686900
2025-12-12,55.13999938964844,55.29999923706055,54.349998474121094,54.779998779296875,40539400
2025-12-15,55.33000183105469,56.06999969482422,55.06999969482422,55.40999984741211,32881300
2025-12-16,54.810001373291016,55.349998474121094,54.689998626708984,55.13999938964844,32931900
2025-12-17,54.54999923706055,55.56999969482422,54.459999084472656,55.119998931884766,35304100
2025-12-18,54.2599983215332,55.150001525878906,53.77000045776367,54.79999923706055,87452700
2025-12-19,55.27000045776367,55.310001373291016,54.380001068115234,54.52000045776367,73001900
2025-12-22,55.880001068115234,56.11000061035156,55.34000015258789,55.369998931884766,33408800
2025-12-23,55.970001220703125,56.220001220703125,55.810001373291016,55.810001373291016,22274600
2025-12-24,56.25,56.5,55.88999938964844,56.130001068115234,13634400
2025-12-26,56.16999816894531,56.54999923706055,56.029998779296875,56.279998779296875,15259400
2025-12-29,55.349998474121094,56.25,55.27000045776367,56.11000061035156,21040100
2025-12-30,55.279998779296875,55.63999938964844,55.16999816894531,55.4900016784668,17427600
2025-12-31,55.0,55.41999816894531,54.93000030517578,55.31999969482422,16293000
2026-01-02,55.95000076293945,55.9900016784668,54.880001068115234,55.029998779296875,25503600
2026-01-05,56.88999938964844,57.54999923706055,56.13999938964844,56.16999816894531,36096600
2026-01-06,57.25,57.40999984741211,56.75,57.0099983215332,31791900
2026-01-07,55.63999938964844,56.810001373291016,55.439998626708984,56.689998626708984,49695500
2026-01-08,56.18000030517578,56.58000183105469,55.470001220703125,55.47999954223633,30933700
2026-01-09,55.849998474121094,56.61000061035156,55.790000915527344,56.16999816894531,30768800
2026-01-12,55.189998626708984,55.45000076293945,54.72999954223633,55.290000915527344,45860600
2026-01-13,54.540000915527344,55.52000045776367,54.29999923706055,55.27000045776367,43542200
2026-01-14,52.47999954223633,53.47999954223633,51.65999984741211,52.880001068115234,84750000
2026-01-15,52.59000015258789,53.040000915527344,52.22999954223633,52.720001220703125,51018300
2026-01-16,52.970001220703125,53.380001068115234,52.25,52.689998626708984,52178400
2026-01-20,52.099998474121094,53.47999954223633,51.959999084472656,52.31999969482422,49172700
2026-01-21,52.06999969482422,52.86000061035156,52.04999923706055,52.22999954223633,36340000
2026-01-22,52.45000076293945,53.130001068115234,52.33000183105469,52.470001220703125,31229200
2026-01-23,51.720001220703125,52.20000076293945,51.380001068115234,52.11000061035156,34553500
2026-01-26,52.02000045776367,52.279998779296875,51.66999816894531,51.79999923706055,27728400
2026-01-27,52.16999816894531,52.25,51.810001373291016,52.209999084472656,26494300
2026-01-28,51.810001373291016,52.13999938964844,51.310001373291016,51.95000076293945,35030200
2026-01-29,53.08000183105469,53.09000015258789,51.95000076293945,51.97999954223633,35200500
2026-01-30,53.20000076293945,53.40999984741211,52.77000045776367,52.869998931884766,34549100
2026-02-02,54.029998779296875,54.09000015258789,52.95000076293945,53.20000076293945,34624500
2026-02-03,54.45000076293945,55.119998931884766,53.68000030517578,54.20000076293945,41208400
2026-02-04,55.380001068115234,56.040000915527344,54.709999084472656,54.779998779296875,54522500
2026-02-05,54.939998626708984,55.290000915527344,54.25,55.02000045776367,32959700
2026-02-06,56.529998779296875,56.869998931884766,55.290000915527344,55.54999923706055,42468000
2026-02-09,56.40999984741211,56.720001220703125,56.18000030517578,56.38999938964844,31968400
2026-02-10,55.38999938964844,56.83000183105469,54.27000045776367,56.439998626708984,48304700
2026-02-11,53.849998474121094,56.11000061035156,53.2400016784668,55.970001220703125,48973500
2026-02-12,52.52000045776367,53.939998626708984,51.790000915527344,53.90999984741211,55481600
2026-02-13,52.54999923706055,52.81999969482422,51.439998626708984,51.90999984741211,31772100
2026-02-17,52.7400016784668,53.54999923706055,52.619998931884766,53.040000915527344,35542400
2026-02-18,53.36000061035156,53.61000061035156,52.790000915527344,52.9900016784668,30698900
2026-02-19,52.77000045776367,52.810001373291016,51.83000183105469,51.90999984741211,47148600
2026-02-20,53.060001373291016,53.09000015258789,51.83000183105469,52.529998779296875,33552000
2026-02-23,51.06999969482422,53.2599983215332,50.88999938964844,52.84000015258789,50602500
2026-02-24,50.40999984741211,50.880001068115234,49.470001220703125,50.7400016784668,53055600
2026-02-25,50.935001373291016,50.9900016784668,50.40999984741211,50.33000183105469,3815898
