Date,Close,High,Low,Open,Volume,daily_return,log_return
2016-02-19,79.53568267822266,79.93274764118901,78.9400764951631,79.09279826995017,9343300,0.00647383635555121,0.006452971080806537
2016-02-22,79.98619079589844,79.98619079589844,79.45167920202114,79.5356747133075,6947000,0.005664226451646881,0.0056482450408193155
2016-02-23,79.47457885742188,80.01672794691952,79.38294580997226,79.90982563776443,6629200,-0.006396253320551937,-0.006416796997383212
2016-02-24,80.14655303955078,80.2381861052684,78.6270077772758,78.90953286819331,9076100,0.008455209096916771,0.008419664036551238
2016-02-25,81.23085021972656,81.23848776485715,80.00146761200203,80.1389142956526,8092500,0.013528930927830363,0.013438232065234312
2016-02-26,80.7726821899414,81.64317575639456,80.49778887151,81.56681779588338,9049400,-0.005640320500718943,-0.005656287174805189
2016-02-29,80.3374252319336,81.09337884900854,80.2076161329311,80.39087638009569,10111100,-0.005388665402794035,-0.005403236630092137
2016-03-01,81.87226867675781,81.88753794102871,80.51307695279097,80.86432828842084,8298500,0.019104961857977498,0.01892475370335793
2016-03-02,81.73480987548828,82.01734074139473,81.2690187368058,81.6355451080969,9767000,-0.0016789421313367914,-0.0016803531342262773
2016-03-03,81.43701934814453,81.70427515781185,80.65815290198292,81.56682848059155,6927200,-0.0036433745646119453,-0.0036500278188351426
2016-03-04,81.32247161865234,81.68899799772362,80.99412713401695,81.33010916268735,6715700,-0.001406580574891847,-0.0014075707379536798
2016-03-07,81.5057144165039,81.64316105096295,80.55122551768773,80.94065861961134,6973500,0.0022532861360984313,0.0022507512939950935
2016-03-08,81.10865783691406,81.52862949961103,80.91776003775949,81.33773170045646,7632900,-0.004871518303131928,-0.004883422826225049
2016-03-09,81.58210754394531,81.71955423767555,81.00941395769273,81.58210754394531,7564200,0.005837227734469819,0.0058202571294901665
2016-03-10,81.81118774414062,82.07081186734186,80.9941451231016,81.69664786113243,10474700,0.0028079710992010565,0.0028040361128516115
2016-03-11,82.24641418457031,82.46021880595151,81.86461855332132,82.08606071853441,7763800,0.005319889032669112,0.0053057884100666
2016-03-14,82.20825958251953,82.69695765206446,81.94099791026858,82.40678916807555,7242800,-0.0004639059639142129,-0.00046401360157634667
2016-03-15,82.28461456298828,82.73513071271451,81.52102312895171,82.17771222828239,8476600,0.0009287993792412852,0.0009283683119938578
2016-03-16,82.017333984375,82.29985900126651,81.61262575280051,82.2616829365253,7065100,-0.003248244887975704,-0.003253531887485726
2016-03-17,81.5057144165039,82.16240324494846,81.28427229289,82.06313849673722,8571100,-0.006237944383422178,-0.006257481649114963
2016-03-18,82.08607482910156,82.34569310662444,81.2155811062754,81.69664158707722,14758300,0.007120487400821274,0.007095256430810905
2016-03-21,81.91808319091797,82.27697207547696,81.36066473996716,82.01735379985384,7674700,-0.0020465302858413414,-0.0020486272904909272
2016-03-22,81.99442291259766,82.1853207171466,81.74244223815442,81.91806495592581,7821700,0.000931903173341686,0.0009314692211594613
2016-03-23,82.84966278076172,83.1016493284107,81.85699167982075,81.92571793178854,8191300,0.010430463899669284,0.010376441935805135
2016-03-24,82.70457458496094,82.93365431286323,82.27696530699878,82.63585416203394,6284500,-0.001751222526816032,-0.0017527577095447682
2016-03-28,82.64351654052734,83.15512148407286,82.51370154864613,82.78096325342298,4738100,-0.0007382668339690479,-0.0007385394871302338
2016-03-29,83.3383560180664,83.42235152914347,82.26932700723614,82.6969421070119,6612800,0.008407670760214092,0.008372523165264193
2016-03-30,83.21614837646484,83.65902672163027,83.1779664967972,83.57503124695097,5248200,-0.0014664033158401368,-0.001467479537427763
2016-03-31,82.62060546875,83.2162117864324,82.49843384704633,83.12457870084863,8167700,-0.007156578612851017,-0.007182309759717527
2016-04-01,83.37655639648438,83.45291438009734,82.23116916506785,82.46788066199024,9043200,0.009149665793968254,0.00910806118816275
2016-04-04,82.91838073730469,83.30781395155041,82.66640002290059,83.09400930866714,10668900,-0.005495257647736174,-0.0055104121200289955
2016-04-05,83.19326782226562,83.87286359701218,82.47549597887236,82.64348699298753,7939000,0.003315152593630799,0.0033096695899253966
2016-04-06,83.55215454101562,83.61324324019039,82.37622329772701,83.01764298758398,6828700,0.00431389135376592,0.004304613198192878
2016-04-07,83.43761444091797,83.70487604258618,82.94891650043627,83.23144736398372,7822900,-0.0013708814659163515,-0.0013718219835702292
2016-04-08,83.30780792236328,83.72014791482738,83.04818968214839,83.51398083146492,6301600,-0.001555731421906903,-0.0015569428286141323
2016-04-11,83.20855712890625,83.70489271204008,82.96420811000439,83.34600381614732,6823900,-0.0011913744453524444,-0.001192084696059367
2016-04-12,83.68960571289062,84.17830368115578,83.04055426995151,83.23145209585944,8412300,0.005781239341034805,0.005764592107155323
2016-04-13,83.89579010009766,84.26231071354884,83.46817495008446,83.99505488587816,5758300,0.0024636797539037136,0.0024606498703602883
2016-04-14,83.87288665771484,84.21650632444782,83.5750864419907,83.99506409275077,4457100,-0.00027299870893982003,-0.00027303597987079315
2016-04-15,84.13249969482422,84.30049073296544,83.61325731590588,84.0485041757536,10057900,0.0030953153927901766,0.0030905347665899086
2016-04-18,84.70520782470703,84.83501698535534,83.743080875141,83.99506747574608,7772500,0.0068072163784531625,0.006784151891847639
2016-04-19,86.0414810180664,87.01123955340063,85.12517364884133,85.25498279142919,10526400,0.01577557304533994,0.01565243208400108
2016-04-20,86.72872924804688,87.19452055746257,86.32402666052792,86.43092901097666,8213400,0.007987405863413288,0.00795567538800218
2016-04-21,86.7210693359375,86.84324674822135,86.11019392599759,86.52253395384608,7884500,-8.832035446371123e-05,-8.832425493587993e-05
2016-04-22,86.53015899658203,86.85850346248074,86.1560009205659,86.6141544989565,7508700,-0.002201429719644321,-0.0022038564281892607
2016-04-25,86.67523956298828,86.7057839103658,85.88874155166769,86.52251782610071,6139900,0.0016766474035021517,0.0016752433993718287
2016-04-26,86.21711730957031,86.71344711389308,86.01858189239678,86.62945158454046,5853600,-0.005285503169391803,-0.00529952085677343
2016-04-27,86.1102066040039,86.43855116568433,85.8734951150275,86.2552908460168,5759300,-0.0012400171671540505,-0.001240786624600872
2016-04-28,85.88874816894531,86.06437089772359,85.24732847607665,85.59857975937226,6640000,-0.002571802388966704,-0.0025751151538006213
2016-04-29,85.58331298828125,85.69021530258091,85.14806618699284,85.56803790010176,7774500,-0.003556172224832843,-0.0035625104362549936
2016-05-02,86.09493255615234,86.12547691202384,85.46878782513721,85.69023003590038,5178800,0.005978029478026281,0.005960231953999098
2016-05-03,86.04910278320312,86.36217217707531,85.61385598877852,85.9498321888195,7554500,-0.0005323167297834885,-0.000532458460633259
2016-05-04,85.6902084350586,85.9345573946947,85.29313773456319,85.5527617811546,5214600,-0.004170808718932828,-0.004179530802159675
2016-05-05,86.19417572021484,86.36216672249468,85.55276188504318,85.58330623325213,5404300,0.005881270385031057,0.005864043226411226
2016-05-06,86.08731842041016,86.32403578634957,85.73606697098272,85.96514678944234,6099900,-0.0012397276139810565,-0.0012404967119732152
2016-05-09,86.83558654785156,87.04175359511636,86.07963294022976,86.27053072781271,6512700,0.008691966960652886,0.008654409292260409
2016-05-10,87.5610122680664,87.81299879321566,86.98831879767587,87.0494074993616,8356400,0.008354014166934709,0.008319312521990809
2016-05-11,87.33193969726562,87.62973984031726,87.28612025743816,87.48465562805235,6680700,-0.0026161480420016092,-0.0026195761375326886
2016-05-12,87.22504425048828,87.62974674211321,86.69816434401972,87.43121135586219,7156300,-0.0012240131977818702,-0.0012247629137733303
2016-05-13,86.71344757080078,87.11815012759183,86.56073160339535,86.97307170627889,6779900,-0.005865249872712308,-0.005882518005127341
2016-05-16,87.3853988647461,87.53047726456855,86.52253688207321,86.5836255902826,6222900,0.007749101353589527,0.007719231279279864
2016-05-17,86.91961669921875,87.47703519881551,86.46909471149571,87.46176593304511,9233900,-0.005330205864806703,-0.00534446209374351
2016-05-18,86.73634338378906,87.07232546036201,86.19419419478999,86.75161847403692,8267900,-0.0021085380077536797,-0.0021107641037745864
2016-05-19,86.17127990722656,86.31636412329085,85.674944380563,86.27818222672462,8232200,-0.0065147255984981944,-0.006536039041227013
2016-05-20,86.62503051757812,86.84036168708188,85.94827457523282,86.2866496127383,7435200,0.0052656826130479395,0.005251867382880538
2016-05-23,86.25587463378906,86.76344001536796,86.16358735198695,86.72498551445048,6462300,-0.004261538282680943,-0.0042706445172014775
2016-05-24,86.66348266601562,87.28640579901675,86.53274085894887,86.53274085894887,6125300,0.004725568362237587,0.004714437915415545
2016-05-25,87.17105102539062,87.4632912148522,86.78652940122275,87.0403150813338,5453800,0.005856773161668105,0.005839688938890796
2016-05-26,86.8249740600586,87.14797077955456,86.78651955507083,86.98647241980657,3973600,-0.003970090543375826,-0.003977992273493608
2016-05-27,86.94801330566406,87.1633444405799,86.66347110623958,86.93263502488439,4647000,0.0014170951035397117,0.0014160919718503146
2016-05-31,86.66348266601562,87.3863793057533,86.37893456130277,87.10183706837459,10104700,-0.0032724225526370443,-0.0032777886372474447
2016-06-01,86.73267364501953,86.94800475876855,86.18665378734656,86.66346258731426,4748900,0.0007983867815530843,0.0007980682403613807
2016-06-02,88.04774475097656,88.17079446591664,86.79420658352451,86.8018986575416,7310800,0.015162349443294865,0.01504854989352113
2016-06-03,88.2553939819336,88.73988905663684,87.76320683283814,88.03237076322883,6881700,0.002358370808296373,0.0023555942164934876
2016-06-06,89.0321044921875,89.20898696175516,88.38611119602537,88.41687361974725,6349400,0.008800714327023451,0.008762213764102633
2016-06-07,89.00140380859375,89.38592554551143,88.78606670735755,89.21673504249388,6417400,-0.0003448271134199876,-0.0003448865799599055
2016-06-08,89.05519104003906,89.17054280821031,88.75526470812768,88.8398540490089,5863800,0.0006043413827605537,0.000604158842047997
2016-06-09,89.97805786132812,90.12417795249604,88.9090882415931,89.03982418246217,7375500,0.010362863865781113,0.010309537484979243
2016-06-10,89.98574829101562,90.1549387372038,89.48586902745988,89.77810333711774,6067400,8.547005648140704e-05,8.546640412423954e-05
2016-06-13,89.8165283203125,90.47021366515924,89.8165283203125,90.07800011131832,7940900,-0.0018805196813596048,-0.0018822900783546927
2016-06-14,90.07030487060547,90.11644556619376,89.43968993912847,89.55504167809923,6378400,0.002825499438009027,0.0028215152176490816
2016-06-15,89.52430725097656,90.54713008239786,89.4704686030424,90.47022694830098,6371400,-0.00606190486879421,-0.006080352804986229
2016-06-16,89.70120239257812,89.89346320118145,88.6091624078715,88.9706136668192,6664300,0.001975945383253741,0.001973995770970757
2016-06-17,88.8091049194336,89.72426227171458,88.44765370270068,89.68581363488498,10702200,-0.009945211985456504,-0.009994995955950004
2016-06-20,89.62429809570312,90.0857228569795,89.53970287161346,89.6704388116305,5588200,0.009179162170467325,0.009137289702458827
2016-06-21,89.34745025634766,90.09342319134264,89.34745025634766,89.97037344781019,5493500,-0.003088981952861114,-0.0030937627052573763
2016-06-22,89.56278228759766,90.13956476436012,89.4474246187782,89.624307159946,5833800,0.0024100523364929405,0.0024071528180869286
2016-06-23,90.2702865600586,90.2702865600586,89.73195867977617,90.13185855265256,6775900,0.007899534319836699,0.00786849634846313
2016-06-24,88.92446899414062,90.07034766252441,88.43997385828777,88.49380665116031,13939500,-0.014908754776385535,-0.01502100735559493
2016-06-27,89.63199615478516,89.70120723329687,88.43997673018363,88.43997673018363,10877400,0.007956495761488824,0.00792500975102491
2016-06-28,90.9239730834961,91.03163865378008,89.63198037275488,90.10878336477433,10089600,0.014414238041511762,0.014311340526524998
2016-06-29,91.76993560791016,91.83146047820053,90.82400979603328,91.39310017788266,8341500,0.009304064656712852,0.009261048458285872
2016-06-30,93.2849349975586,93.36953021213546,91.63918315142725,91.65456143256236,11559900,0.016508667894475915,0.01637388124565405
2016-07-01,93.27726745605467,93.46952829114409,92.89274578587587,93.28495953231209,7051400,-8.219485283578187e-05,-8.219823101781228e-05
2016-07-05,94.0308837890625,94.76917022258458,93.31567357379556,93.33105771929895,9334100,0.008079314001805171,0.008046851079312333
2016-07-06,94.3154525756836,94.33083672457458,93.46950627402332,93.76943263672712,9332400,0.003026333212601262,0.0030217630844099597
2016-07-07,94.21549987792967,94.44620935622696,93.8309782134326,94.27701888507464,6058700,-0.001059770112153302,-0.0010603320655613092
2016-07-08,94.47695922851562,94.66922003519448,93.79251122612568,94.59231688598976,6129900,0.002775120345640758,0.0027712768083846297
2016-07-11,94.53845977783205,94.9383595712356,94.13855998442844,94.36926937269996,6711600,0.0006509581787836893,0.000650746397410654
2016-07-12,94.53077697753906,94.74610810798146,94.29237549273972,94.3231379209934,6415900,-8.12664000560126e-05,-8.126970234881314e-05
2016-07-13,94.5923080444336,94.89992647983344,94.05398018298408,94.34621446958045,5230800,0.0006509104109992947,0.0006506986606997216
2016-07-14,94.73074340820312,95.16140573082804,94.52310432189014,94.57693711221825,5322700,0.001463494935597831,0.0014624250705853852
2016-07-15,94.5923080444336,95.59206649264968,94.36928482545204,95.18446869202803,7192800,-0.0014613562481294862,-0.0014624250705852822
2016-07-18,94.69998168945312,94.76150655524452,94.16165378211367,94.59231610798524,6599200,0.0011382917622535516,0.0011376443993975104
2016-07-19,96.3226547241211,96.70717629986608,94.85377948845507,95.96120350414742,11325700,0.017134882243052152,0.01698973584645297
2016-07-20,96.23807525634766,96.95328573896283,96.16117210208104,96.77640320354853,7334600,-0.000878084890991504,-0.0008784706333556234
2016-07-21,96.24574279785156,96.69947539949722,96.04578995386096,96.29188350518282,5492600,7.967263978914119e-05,7.966946609294575e-05
2016-07-22,96.15345764160156,96.39955119836404,95.86122337648774,96.22267457146178,5839200,-0.0009588492287272432,-0.0009593092187131612
2016-07-25,96.04579162597656,96.23036032584795,95.4690093049619,96.18421961771342,4880600,-0.0011197310868040766,-0.0011203584540228986
2016-07-26,96.24574279785156,96.55336120383718,95.93812439186594,96.15345551585597,5589900,0.0020818316814301685,0.002079667672736034
2016-07-27,95.9535140991211,96.3072791219015,95.62282530008758,96.20729975433296,4812600,-0.003036276621026679,-0.0030408954606389775
2016-07-28,95.71511840820312,96.130402450871,95.67666976762324,96.11502416810586,4320400,-0.00248449150774932,-0.0024875829783251786
2016-07-29,96.30726623535156,96.37647729533002,95.62281250512208,95.62281250512208,7020900,0.006186565267809252,0.006167507035842909
2016-08-01,96.43800354003906,96.67640501762516,96.2072882687839,96.36878661172928,4615100,0.0013575019808786948,0.0013565814080900608
2016-08-02,96.01504516601562,96.8225428966614,95.7305029287538,96.63028209101566,7158700,-0.004385805994499226,-0.0043954518551910255
2016-08-03,95.28446197509766,96.13040839551124,95.12296359307334,96.13040839551124,5310600,-0.007609049078243446,-0.007638145583979377
2016-08-04,95.25369262695312,95.66128459019411,95.0845021816831,95.54592693502512,4728200,-0.0003229209412188849,-0.0003229730914132525
2016-08-05,95.54591369628906,95.65357926157304,95.17677629169636,95.65357926157304,5146900,0.0030678188034176657,0.0030631226494938087
2016-08-08,95.09220886230467,95.47673052703917,94.76921207208812,95.36137285415182,5232500,-0.004748552988111832,-0.004759863184768746
2016-08-09,94.92298126220705,95.36133555384998,94.84607813280756,95.29212449759024,3941500,-0.0017796158289127284,-0.001781201226373474
2016-08-10,94.86917877197266,95.19217553896708,94.77689146683088,95.04605543932622,4333500,-0.0005668015218124323,-0.0005669622145184458
2016-08-11,95.18446350097656,95.46901156498647,94.95375408750904,95.24598835816788,4052000,0.0033233631099698346,0.003317852943603528
2016-08-12,94.76150512695312,95.184475371392,94.5538601748704,94.9537659291528,4234800,-0.004443565246539438,-0.004453467226874579
2016-08-15,94.06167602539062,94.79995682557688,94.03860566715578,94.68460503440268,6469500,-0.0073851623676188805,-0.007412567691093711
2016-08-16,92.53892517089844,94.06931876022264,92.33128032102827,93.90782046995206,11289100,-0.016188855215392373,-0.016321326381944216
2016-08-17,93.29261016845705,93.3079943151058,92.16980802374326,92.66968717783716,10442800,0.008144518603028006,0.008111531002435082
2016-08-18,92.8388900756836,93.354147578406,92.20827492690886,93.18495714650702,8728000,-0.004863408708944639,-0.004875273565810044
2016-08-19,92.83888244628906,92.8930743537131,92.37437953887236,92.83114496413914,7798300,-8.217886415806674e-08,-8.217886753474978e-08
2016-08-22,92.22727966308594,92.8233965187504,92.08792820780492,92.8233965187504,6544900,-0.006587787003543011,-0.006609582246692965
2016-08-23,92.46727752685548,92.86984511664636,92.14212019326422,92.6453341103588,5603200,0.002602243768289325,0.0025988637943820847
2016-08-24,91.90210723876952,92.5988643559819,91.83243448028492,92.49822395823529,6303900,-0.006112111259270359,-0.006130866673799868
2016-08-25,91.7937469482422,92.28921749029855,91.60794697158974,92.01825796049816,5566000,-0.0011790838511002155,-0.001179779517350503
2016-08-26,92.1575927734375,92.69951173515298,91.78598698077997,92.00275456546616,6482700,0.003963732141803122,0.003955897252335075
2016-08-29,92.83888244628906,93.00145816856116,92.17309277995098,92.3588986680976,5074900,0.007392659165115889,0.007365467391126159
2016-08-30,92.49053955078124,93.41954569515366,92.32796377083994,93.41954569515366,3820500,-0.003752122885681608,-0.003759179756450942
2016-08-31,92.38986206054688,92.60663560059145,92.1343892961114,92.54470030343585,5693100,-0.001088516628006908,-0.0010891094924992525
2016-09-01,92.18858337402344,92.4285752730554,91.81697748881976,92.2737429329977,4551800,-0.002178579792569968,-0.002180956349833394
2016-09-02,92.37438201904295,92.75372538119623,92.04923056576874,92.40534966789886,5806400,0.0020154192441128593,0.002013391011450312
2016-09-06,92.70730590820312,92.87762507703738,92.40537862035218,92.73053017550288,5280700,0.003604071625524341,0.003597592522151922
2016-09-07,92.59890747070312,92.8621236672758,92.4672993724168,92.77696409627264,4753800,-0.001169254531108166,-0.0011699386425063187
2016-09-08,92.49053955078124,92.76149918401678,92.2350607938119,92.4131233564964,4833000,-0.0011702937203246222,-0.0011709790487630944
2016-09-09,91.5305404663086,92.25052209660242,91.4918294266198,92.1498757560017,7957300,-0.010379430038307436,-0.01043367198236487
2016-09-12,92.25054931640624,92.47505451212342,90.87251504364698,91.16670485654572,7239800,0.007866323594611258,0.007835545373429944
2016-09-13,91.05055236816406,91.99504505125547,90.95764941513892,91.6776310582762,7957900,-0.013008019541719484,-0.013093364750580217
2016-09-14,91.2440948486328,91.60795736126413,90.93442424810776,91.23635145933896,6124900,0.002125659597166818,0.0021234035792570454
2016-09-15,91.8402099609375,92.08020778790367,90.82604445798668,91.20538785957903,5812100,0.006533191142874539,0.006511942347702003
2016-09-16,91.5460205078125,92.23503448139978,91.44538007460017,91.74730728071252,12408800,-0.0032032750496773232,-0.0032084165178262914
2016-09-19,91.08927154541016,91.86344517034898,91.0737847652848,91.63119072027692,5457600,-0.004989282547386842,-0.0050017705723954635
2016-09-20,91.31375885009766,91.53826986622248,91.1124779996201,91.48407795932856,5187700,0.0024644757925809113,0.002461443952357686
2016-09-21,92.05697631835938,92.12664910021782,91.07377263798304,91.31376453968464,6337300,0.008139161914052728,0.008106217574540931
2016-09-22,92.48279571533205,92.77697961479272,92.23506035092382,92.32021993617136,5340500,0.004625607031672141,0.004614941787638564
2016-09-23,91.9795379638672,92.591135646675,91.9021218066771,92.44404671995608,4773000,-0.005441636442456876,-0.00545649607771443
2016-09-26,91.18216705322266,91.84795683189203,91.01184791358966,91.84021344196076,5998900,-0.008669003218496063,-0.0087067976119046
2016-09-27,92.29698181152344,92.29698181152344,91.13572135774278,91.65441627621054,5349500,0.01222623671194456,0.012152099943974062
2016-09-28,92.4285888671875,92.5292293123794,91.9795667459141,92.16537266908132,5076100,0.0014259085517316361,0.0014248929094933514
2016-09-29,90.78732299804688,92.3356699852882,90.60926640214012,92.03374279529416,6190200,-0.017757123518341245,-0.01791667281556803
2016-09-30,91.45311737060548,91.83246665461874,90.88023060972516,91.18215781522122,7941100,0.007333561014602585,0.007306801206174258
2016-10-03,91.9795379638672,92.13437618472156,90.91118081910594,91.35245941221103,6098600,0.005756179870046951,0.005739676367830943
2016-10-04,91.98728942871094,92.49824674268498,91.56923505540708,92.00277029891862,5733900,8.427379627384823e-05,8.427024543697263e-05
2016-10-05,92.26599884033205,92.46728560605192,91.81697678852426,92.2969664894024,5778700,0.0030298687280823078,0.0030252879263138197
2016-10-06,91.93311309814452,92.01052927524782,91.29054760588332,91.73956970214844,4448500,-0.0036078918168283014,-0.003614415955494036
2016-10-07,92.31246948242188,92.56794821861897,91.8866774952366,92.25827756018096,4799300,0.004126439010853078,0.0041179486101310505
2016-10-10,92.7459945678711,93.05565926574673,92.39761292304776,92.5214835273784,3657000,0.004696278713806512,0.004685285601305126
2016-10-11,91.07379150390624,92.61439547771172,90.624769350664,92.44408222906344,6394200,-0.018029922173524726,-0.018194441737047897
2016-10-12,91.32925415039062,91.68537327271017,90.96539163879936,91.32151076111889,4685200,0.002805007261319936,0.002801080569670449
2016-10-13,91.5537567138672,92.28147576322152,90.7950641102926,90.99635086740014,7387400,0.0024581670524417287,0.0024551507019305763
2016-10-14,91.0118408203125,91.97182027679312,91.0118408203125,91.73956584876302,5640500,-0.005919100570043745,-0.0059366878808715514
2016-10-17,91.73182678222656,91.778281213907,90.96539658397056,90.96539658397056,6956400,0.007910904289207377,0.00787977714069739
2016-10-18,89.34737396240234,91.72408657044446,89.15383057117262,90.87249092385318,12598300,-0.025993735254885575,-0.026337543383783506
2016-10-19,88.71253967285156,89.71896759840826,88.61189924288595,89.47123231147548,7400900,-0.007105237248695384,-0.007130599655558606
2016-10-20,88.92931365966797,89.57187318722346,88.7125401143572,88.89834601033786,6973000,0.002443555190910107,0.00244057456448726
2016-10-21,87.82223510742188,88.44157030272865,87.47385352274198,88.34092988394085,8422000,-0.01244897218573926,-0.012527109805941378
2016-10-24,87.95384979248047,88.40287182974731,87.82224171804964,88.2015850705458,6141900,0.0014986487749668598,0.0014975269215944257
2016-10-25,88.22480010986328,88.37963833401926,87.55126712435197,87.97706485768802,5595000,0.003080596449411832,0.003075861134739656
2016-10-26,88.68931579589844,89.20027314979791,87.946109931888,87.97707758119783,6429200,0.005265137302172596,0.0052513249282512015
2016-10-27,89.57189178466797,90.22994413322998,88.86739681218086,89.01449170042079,7548700,0.009951322556153386,0.009902134202771144
2016-10-28,89.28546142578125,89.73448362548065,88.69708771260538,89.66480491550388,8813300,-0.0031977705637310505,-0.0032028943580818
2016-10-31,89.79637908935547,89.98218497473017,88.64286227340965,89.24671663469034,8552500,0.005722294037746822,0.0057059839045578925
2016-11-01,89.29315948486328,89.75766826234025,88.74349706508829,88.84414338989637,7591900,-0.005604007751709439,-0.0056197691152673574
2016-11-02,88.92156219482422,89.618319475284,88.89833793655467,89.4325135961783,6591300,-0.004161542633084436,-0.004170225950665252
2016-11-03,89.05316162109375,89.37057553724202,88.83639402297985,88.93703443454014,6227100,0.0014799495535311458,0.001478855507479605
2016-11-04,89.11512756347656,89.75769309783645,89.06093564530622,89.06093564530622,7160600,0.0006958309088056502,0.0006955889307228718
2016-11-07,90.3150863647461,90.36153488622706,89.68025840330489,89.7189694421892,6398200,0.013465264922779774,0.01337541392278294
2016-11-08,90.61702728271484,91.01959497825632,90.168005152186,90.17574854242991,6675300,0.003343194698937957,0.0033376186479669094
2016-11-09,93.14080047607422,94.83624212328888,91.4298779596065,92.9008086105687,16220000,0.027850981973680078,0.027470197355805574
2016-11-10,92.54469299316406,93.75240165992376,92.1421194999278,93.49692300919396,11904500,-0.006400068282248483,-0.006420636524994824
2016-11-11,91.7163543701172,92.50600890382088,91.4531322545651,92.50600890382088,8134800,-0.008950687459820639,-0.008990985506523833
2016-11-14,90.26862335205078,92.1188974304307,90.19120718811986,91.80148938637156,10054900,-0.01578487313423038,-0.015910780961229488
2016-11-15,90.0518569946289,90.33830330231667,89.6647702630656,90.113792289233,7446700,-0.002401347770381701,-0.002404235630035427
2016-11-16,90.08283233642578,90.40798380115808,89.86606469327091,90.30734336868626,6594800,0.00034397227142934916,0.00034391312653000793
2016-11-17,90.24541473388672,90.33057430091208,89.89703898258351,90.33057430091208,5730300,0.001804810009234048,0.001803183296626704
2016-11-18,89.92581176757812,90.36234292896827,89.4970715574335,90.26100703715728,7717800,-0.003541487035668589,-0.003547772946249266
2016-11-21,89.64518737792969,90.17526350640388,89.48928508314546,89.98817956320455,5843300,-0.0031206211446135335,-0.003125500436369161
2016-11-22,87.88345336914062,89.64517765614629,87.51707647410987,89.3255702550205,11649700,-0.019652298805086676,-0.019847973105473794
2016-11-23,88.14070129394531,88.42133016409899,86.96361941898355,87.5014924113266,7892600,0.0029271485694144506,0.00292287281186034
2016-11-25,88.96697998046875,89.04493705769221,88.38233758503266,88.55383363926032,3433300,0.009374541776878242,0.009330873461601816
2016-11-28,88.18746185302734,88.95919414138869,88.12510451387206,88.70195004526825,9065700,-0.008761881403780758,-0.008800492388679075
2016-11-29,87.6807861328125,88.40574306229271,87.4391298581251,88.0471570995038,7799600,-0.005745439426063426,-0.005762007955964355
2016-11-30,86.76094055175781,87.7119539259428,86.76094055175781,87.4547157720557,11178500,-0.010490845504753765,-0.01054626234487342
2016-12-01,86.82331085205078,86.94803744601164,86.52709411233074,86.80772300145135,8143300,0.0007188753360247713,0.0007186170689175559
2016-12-02,87.27542114257812,87.71974915100719,86.87007167502314,87.08833723042123,6167700,0.005207245451601672,0.005193734631479625
2016-12-05,87.25984191894531,87.63400978024004,87.0961427362175,87.61842193072397,5451600,-0.00017850642745520506,-0.00017852236162378902
2016-12-06,87.35338592529297,88.24204208099643,87.18968673316773,87.49370036815621,6530400,0.001072016683625776,0.0010714424840718186
2016-12-07,86.60504150390625,87.22086565347459,85.21749091637122,87.22086565347459,11761100,-0.008566862216728754,-0.00860376871393628
2016-12-08,86.51929473876953,86.68299392819254,85.69300189293206,86.16851161104752,7774900,-0.0009900897643799755,-0.0009905802270121532
2016-12-09,87.50928497314453,87.64180250323592,86.68298625317738,86.8466913753969,7672100,0.011442421454822327,0.011377452085338715
2016-12-12,89.92581176757812,89.95699341443328,87.75873786311843,87.84448590514735,9544600,0.02761451879277943,0.027240114990661885
2016-12-13,90.33893585205078,90.40129913034708,89.65295763266002,90.05830704700693,7051600,0.0045940545473242,0.004583534087471288
2016-12-14,89.63736724853516,91.43806980726583,89.31776584286818,90.5182322329254,9378700,-0.007765960456569854,-0.007796272564549727
2016-12-15,90.33893585205078,90.3623205945895,89.55941271521556,89.90240479855571,6738100,0.007826742630340888,0.007796272564549785
2016-12-16,90.33116149902344,90.78328645857236,90.00376312719466,90.7443138603781,11291100,-8.605761130586753e-05,-8.606131447455813e-05
2016-12-19,90.44029235839844,90.93919275133456,90.37793501316098,90.4792709030514,6310800,0.001208119740342184,0.0012073905509283427
2016-12-20,90.15966033935548,90.6195761939415,89.57501791229778,90.40910753700848,5715200,-0.0031029534704605233,-0.0031077776125574973
2016-12-21,89.88682556152344,90.58060078987292,89.44249753946488,90.58060078987292,5907600,-0.003026129166914693,-0.0030307171540144076
2016-12-22,89.9881820678711,90.05833631828921,88.7721215350002,89.64518987304962,4602300,0.0011276013555321374,0.0011269660906291687
2016-12-23,90.39354705810548,90.67417600230765,89.87906462526315,89.95701578814321,2992500,0.004504646953848335,0.004494531398386794
2016-12-27,90.3545150756836,90.42466929198748,89.94136288405814,90.33892128497922,3232600,-0.00043180053988589595,-0.00043189379258436205
2016-12-28,89.72312927246094,90.54942800201944,89.68415667642967,90.33115648562332,3278300,-0.006987872190933553,-0.007012401709364509
2016-12-29,90.02713775634766,90.32336039524148,89.65296992982653,89.8244659950197,2993600,0.0033882955972650564,0.003382568257371839
2016-12-30,89.8088607788086,90.41688788005136,89.62957378602655,90.26878252672915,5506700,-0.002424568668725313,-0.002427512694965237
2017-01-03,90.29996490478516,90.42469147185936,89.8244612228624,90.25319541577736,5953000,0.005468325972713517,0.005453428961375123
2017-01-04,90.15187072753906,90.60399566835264,89.88682971326219,90.03494104321959,5828900,-0.001640024748650215,-0.0016413710614305117
2017-01-05,91.09508514404295,91.18083317513604,89.98816358466553,90.42469469038276,6217200,0.010462505202521122,0.010408151980171074
2017-01-06,90.65858459472656,91.20424866078872,90.23764119492476,90.9470044808056,5221400,-0.004791702522986663,-0.004803219534979857
2017-01-09,90.6429672241211,90.900211337212,90.33895361675576,90.69753361653818,5457500,-0.000172265766946178,-0.00017228060639765293
2017-01-10,90.54942321777344,91.20421989049296,90.32336076248968,90.44808138940704,5312800,-0.0010320051208866365,-0.0010325380048289234
2017-01-11,89.43468475341797,90.6195572071908,88.88121813815106,90.48703971217267,8887200,-0.012310828989760658,-0.012387234973213649
2017-01-12,89.34895324707031,89.43470127669809,88.37454922610924,89.07611536336907,6627300,-0.0009585934873480584,-0.0009590532319139646
2017-01-13,89.33336639404297,89.66076474317725,89.20864576225922,89.5984074009307,4935200,-0.0001744491956636729,-0.0001744644136944813
2017-01-17,89.54383087158203,89.68414528350951,88.60839947630227,88.81887406783844,6255400,0.002355944772199914,0.002353173885499086
2017-01-18,89.41130828857422,89.72311875673314,89.18525179513125,89.54383175196251,5014600,-0.0014799744629853118,-0.0014810707069330563
2017-01-19,89.02157592773438,89.5672459130505,88.80331031252472,89.39574980187378,5540800,-0.004358871023137145,-0.004368398597828347
2017-01-20,88.98257446289062,89.66855273781559,88.92800807678626,89.24760949617185,7502400,-0.0004381124961819749,-0.00043820849550165527
2017-01-23,88.79549407958984,89.46587858660448,88.7097460484143,89.26320682863529,7989800,-0.002102438420443775,-0.002104651646758456
2017-01-24,87.11949920654297,88.31996543751906,86.64398966221839,88.01595191866092,12450300,-0.01887477388824066,-0.019055176073461452
2017-01-25,87.93021392822266,87.93021392822266,86.33998598440085,87.25202664492978,9385500,0.009305778029757183,0.00926274603550768
2017-01-26,87.18187713623047,87.9614003836458,86.9947932220921,87.30660371051631,10164300,-0.008510576269074588,-0.008546998017226567
2017-01-27,88.38233947753906,88.50706604593536,87.22864845632392,87.30659958792656,8886100,0.01376963172555623,0.013675691710588045
2017-01-30,88.18746185302734,88.55383872678247,87.96919629775799,88.39793645795875,6969400,-0.0022049385167185465,-0.0022073729728588564
2017-01-31,88.28102111816406,88.39795081241459,87.64181219652464,87.92244108380939,8713400,0.0010609134583399182,0.0010603510873730146
2017-02-01,88.26541900634766,88.33557324318815,87.6729796792142,87.6807765768488,7082300,-0.00017673234426596185,-0.00017674796326699893
2017-02-02,88.53045654296875,88.56943508494776,87.90683555504762,87.94581409702664,7826300,0.0030027335688740386,0.0029982343687805536
2017-02-03,88.58502960205078,88.6006233989325,87.8211000789938,88.47589681304264,7267600,0.0006164325952113803,0.0006162426786823121
2017-02-06,88.39796447753906,88.54606989567961,87.7899371101931,88.4447339835527,6178400,-0.0021117013264212448,-0.0021139341115378805
2017-02-07,88.46029663085938,88.5694294046529,88.12510141212496,88.55383560994518,5507900,0.0007051310931049937,0.000704882604980036
2017-02-08,88.39796447753906,88.62402700209194,88.20308360609268,88.32001331841896,5272000,-0.0007046342335976785,-0.0007048826049800968
2017-02-09,88.9280014038086,89.37232935654272,88.39792542973194,88.39792542973194,5854600,0.005996030897342797,0.0059781262396874915
2017-02-10,89.83226013183594,90.41690258539204,89.0449459097629,89.11510014949016,6438500,0.01016843641769527,0.010117085679200574
2017-02-13,90.33116149902344,90.51825138060364,89.8166791929055,89.86344868965503,5710800,0.005553699377654819,0.0055383344511374406
2017-02-14,90.70532989501952,90.73651154008638,89.89462496515347,89.98816990035402,5539100,0.004142185152796074,0.004133629920642861
2017-02-15,91.36013793945312,91.56281568389927,90.10510481936456,90.34676111180512,5979700,0.007219069102019304,0.007193136354737818
2017-02-16,92.04610443115234,92.20200669824538,91.20421791535328,91.20421791535328,7119300,0.00750837845881791,0.00748033089227926
2017-02-17,92.65414428710938,92.68532593425606,92.02273228743944,92.13186507880732,8691400,0.006605818461462798,0.00658409565482414
2017-02-21,93.27775573730467,93.45704275583589,92.23319148089372,92.29555476877,8595100,0.006730529486764336,0.006707980593958259
2017-02-22,93.16861724853516,93.36349806317986,92.95814858552669,92.98153333171756,5103900,-0.0011700376784029576,-0.0011707227068789496
2017-02-23,94.86798858642578,95.02389682360136,93.13745175846044,93.16862745860443,9980900,0.018239739818799894,0.018075391206691584
2017-02-24,96.30396270751952,96.31180521210098,94.86799413201123,95.33880183262116,10835000,0.015136550721590813,0.015023136175665749
2017-02-27,96.04500579833984,96.42164952268588,95.80959898064052,95.83313846508165,5946200,-0.0026889538280593372,-0.0026925755583045727
2017-02-28,95.89592742919922,96.24118921224364,95.68406605383232,95.73899352053076,8885500,-0.0015521720041710152,-0.0015533778711064147
2017-03-01,97.19063568115234,97.65359481926453,96.0606925843251,96.11562004116288,9393900,0.01350118077651441,0.013410851957600535
2017-03-02,97.01017761230467,97.5829977763992,96.531521389151,97.10434155324552,6950200,-0.0018567433743276185,-0.0018584692589874935
2017-03-03,97.13572692871094,97.2455818635401,96.69630718939428,97.01017501082336,5585200,0.0012941870584755044,0.0012933503202570517
2017-03-06,97.07293701171876,97.63790858768613,96.20194016320976,96.52366241655275,6670700,-0.000646414238895443,-0.0006466232546582637
2017-03-07,97.16708374023438,97.6614307883956,96.03714078827382,96.18623214628056,6644000,0.0009698555685426768,0.0009693855624981983
2017-03-08,97.37894439697266,97.83406097030762,96.90813683236264,97.10430714983708,7909900,0.0021803747584383526,0.0021780011909463375
2017-03-09,98.83060455322266,99.03462336172925,97.43387283647478,97.75559503399064,8571100,0.014907330996854817,0.014797308815208786
2017-03-10,99.0346450805664,99.254354928691,98.50890994589044,98.9012506708685,7395400,0.002064548003790412,0.0020624197533072146
2017-03-13,99.40343475341795,99.6152960861306,98.70506882314976,98.73645679589306,7162500,0.0037238450498966458,0.0037169287038683785
2017-03-14,99.69377899169922,100.24305360308584,99.47406316050032,99.54468760290388,7679700,0.0029208672617953013,0.0029166098172868785
2017-03-15,101.19252014160156,101.22390212982914,99.3406655440384,99.69377577136144,8360600,0.015033447072230421,0.014921564731342292
2017-03-16,100.80016326904295,100.9884791147821,100.25872527932742,100.78446629080264,7610700,-0.0038773307751360786,-0.003884867108986201
2017-03-17,100.48629760742188,101.17682106701994,100.39998217497212,100.79232287278232,13300800,-0.0031137415996376205,-0.0031185993795474483
2017-03-20,100.49415588378906,100.7687871986668,100.41568295194494,100.47060442560516,5827500,7.82024669461201e-05,7.819940929261152e-05
2017-03-21,99.85069274902344,100.79230788913108,99.7643773294052,100.7373864257119,7578600,-0.006402990592902946,-0.006423577663433585
2017-03-22,99.07389831542967,100.16460523653326,99.03466184163358,99.69379748420684,10272700,-0.007779559782787437,-0.007809978423118412
2017-03-23,98.79141235351562,99.65456089623268,98.60309045012993,98.9483462752295,8508100,-0.0028512652345088485,-0.0028553378344448772
2017-03-24,98.46182250976562,99.15233997117063,98.18717923657682,98.75999927992244,6490300,-0.0033362195751447388,-0.0033417971645017964
2017-03-27,98.7129364013672,98.97972524130932,98.20289222228656,98.21074071365096,5004300,0.0025503681041112447,0.0025471214343417556
2017-03-28,98.60305786132812,98.69721578857865,97.91253446605964,98.57166989003017,5287600,-0.0011131118579261745,-0.001113731827036315
2017-03-29,98.02239227294922,98.34411449829122,97.5829726350612,98.1244046793472,3971800,-0.005888920698539968,-0.005906328768845205
2017-03-30,97.8183822631836,98.42258428275832,97.52019951172484,97.88115222280948,4711700,-0.002081259241230815,-0.002083428071032633
2017-03-31,97.73206329345705,97.95177311079811,97.32402564412916,97.38680158812475,5657600,-0.0008824411908009422,-0.0008828307712332954
2017-04-03,97.84192657470705,98.32842521569503,97.52020432418163,97.87331454939076,4956400,0.0011241273083544279,0.0011234959503586132
2017-04-04,97.83406829833984,97.9046867443315,97.47311560554776,97.70067390925996,5358500,-8.031604284897131e-05,-8.031926835504852e-05
2017-04-05,97.92822265625,98.55596406594115,97.62219744686396,97.86544671928804,5646300,0.0009623882513301041,0.000961925452661155
2017-04-06,98.12440490722656,98.44612114667213,97.6928277714103,97.9674650457281,4324200,0.0020033269843486856,0.00200132300082209
2017-04-07,98.02239227294922,98.45396940776322,97.9517738254216,98.1793321340832,3615100,-0.0010396255077805838,-0.0010401662932208462
2017-04-10,97.56727600097656,98.04593210250324,97.48096656035185,97.98316214447102,4594200,-0.004642982704455512,-0.004653794828637219
2017-04-11,97.47312927246094,97.92039745305088,97.26126193149273,97.50451724840605,4161500,-0.0009649416523085375,-0.0009654075082113375
2017-04-12,98.39904022216795,98.44611918635825,97.58297091855675,97.72421379777109,5556600,0.009499140497673642,0.009454307356498319
2017-04-13,98.07733154296876,98.59522416713558,98.05379205762377,98.18718646567488,5396500,-0.0032694290358201705,-0.00327478529672659
2017-04-17,98.65015411376952,98.72077257158358,98.03025504194262,98.10087349975667,5367500,0.005840519534830557,0.005823529821018628
2017-04-18,95.5898895263672,96.80614811160962,94.90721454162126,96.6570567273602,13485700,-0.03102138678742483,-0.031512738322993186
2017-04-19,95.23678588867188,95.95084286622802,95.0327670436655,95.80959997147654,6993100,-0.0036939433599609828,-0.003700782816973838
2017-04-20,95.62911987304688,95.84882969684467,95.22108221172782,95.6212713831559,6330100,0.004119563472392063,0.004111101303125295
2017-04-21,95.5428237915039,95.76253365979274,95.370192898807,95.55851478781958,6021700,-0.0009024038039618931,-0.0009028112153927861
2017-04-24,96.42950439453124,96.68060222292704,95.84884178886182,96.13917009837432,5679000,0.009280452134869499,0.009237653330018506
2017-04-25,96.85324096679688,97.10433881558149,96.52367616276302,96.78261651642109,5090000,0.0043942626784845285,0.004384636097089526
2017-04-26,96.91600799560548,97.50451908571566,96.89246850986416,97.13571784471684,5021800,0.0006480632778218531,0.0006478533754975855
2017-04-27,97.09649658203124,97.54376484108836,96.82970771965998,96.97095064286988,4225200,0.0018623196534666153,0.0018605876862051675
2017-04-28,96.8846206665039,97.22203393322096,96.61782585748269,97.182797465627,4381800,-0.0021821169968612164,-0.002184501283314672
2017-05-01,96.78262329101562,97.12788510225396,96.51583442716446,96.829708256777,4556400,-0.0010527715832152618,-0.0010533261364645745
2017-05-02,97.06509399414062,97.09648197086902,96.42950392866292,96.92385109218507,4881600,0.0029186096999627154,0.002914358827755048
2017-05-03,96.77476501464844,97.06509332074413,96.54720667492964,96.97877788200095,3736500,-0.002991075035786994,-0.0029955572406939984
2017-05-04,97.26126098632812,97.26126098632812,96.69629538473968,97.05724812463406,3753700,0.005027095354931177,0.005014501699780244
2017-05-05,96.91600799560548,97.14356633551208,96.40596385351444,97.14356633551208,4139800,-0.003549748247364093,-0.0035560635532673195
2017-05-08,96.71198272705078,97.14355989249847,96.53150337059704,96.93169256158995,3608600,-0.0021051761496816424,-0.00210739514779379
2017-05-09,96.68060302734376,96.88462188543924,96.42165670591233,96.6963000092366,3762500,-0.000324465478032665,-0.00032451812834499635
2017-05-10,96.36671447753906,96.56288481463146,96.02930125827442,96.44518740169087,4237400,-0.0032466548612229973,-0.0032519366803778964
2017-05-11,96.67273712158205,96.68058561111462,95.99791070122228,96.12346258716988,4095900,0.0031756052460862882,0.003170573661150975
2017-05-12,97.01799011230467,97.37894277203732,96.52364307570966,96.60211000406149,4097100,0.0035713583891641143,0.003564996231988203
2017-05-15,99.64669036865234,99.93702464492948,97.55944093552672,97.62221688498836,9854600,0.027094977470722537,0.026734407167659176
2017-05-16,100.25873565673828,100.729543279747,99.70161260440288,99.92132242936404,7233800,0.0061421537014587635,0.006123367561075141
2017-05-17,99.39561462402344,100.3529271125901,99.22298371800056,100.2587631674925,6480800,-0.008608935940205398,-0.008646206892211338
2017-05-18,99.6309814453125,100.33719578305777,98.83845168925151,99.23079232281636,6571300,0.0023679799373379495,0.0023651806910146376
2017-05-19,99.65453338623048,99.96055863974487,99.21511373741876,99.67807286932486,6957200,0.00023639173855682927,0.00023636380243229296
2017-05-22,99.85856628417967,100.1645915808028,99.364213122985,99.364213122985,4858200,0.0020474020700937956,0.0020453089988941167
2017-05-23,100.06256866455078,100.55691578726176,99.8977862903138,99.8977862903138,3972500,0.002042913171720784,0.002040829262288556
2017-05-24,100.05471801757812,100.43921019283742,99.88208716719625,100.274427832012,3965200,-7.845737999168101e-05,-7.84604579329111e-05
2017-05-25,100.73403930664062,100.80513209473,99.78617965864304,100.11002939494342,5294300,0.006789497812018652,0.006766552969173501
2017-05-26,100.25218963623048,100.8446033087164,100.18110288817704,100.4970580521049,4005200,-0.004783384779631028,-0.004794861778500201
2017-05-30,100.40228271484376,100.62344955037037,99.67558996201512,100.07842697257674,3665400,0.0014971551160918306,0.001496035496727606
2017-05-31,101.302734375,101.7371734631689,100.5918367881524,100.5918367881524,8813500,0.008968438125193323,0.008928460530589603
2017-06-01,101.72138214111328,101.72138214111328,101.20005518534106,101.35804181631768,5790900,0.00413264033489491,0.004124124430876123
2017-06-02,102.74822998046876,102.79562114638112,101.76087384833713,101.93464949180726,6562600,0.010094709860813511,0.010044098596255168
2017-06-05,102.96940612792967,103.095790616949,102.52707246905037,102.66135146887528,4634700,0.0021526029937737334,0.0021502894634293445
2017-06-06,103.34063720703124,103.73557963522322,102.70872691138683,102.82720481876986,5619100,0.003605256095585707,0.003598772737932118
2017-06-07,103.27745056152344,103.85406316313752,103.14317157499345,103.47492178630648,5765200,-0.0006114404479741209,-0.0006116274539173808
2017-06-08,103.11949157714844,103.79088661126946,102.65346230887228,103.27746617031286,8101700,-0.0015294624675199486,-0.001530633289210562
2017-06-09,103.89356231689452,104.02784130665346,102.92990175256584,102.97729291922344,5992500,0.007506541468612182,0.007478507590439098
2017-06-12,104.12263488769533,104.1305293978481,103.80667369127518,103.8935615137048,8020700,0.0022048774312126707,0.0022024502560637057
2017-06-13,104.28060913085938,104.8414206671206,103.79087229112368,104.06733683053396,5733800,0.0015171940600084977,0.0015160442839093635
2017-06-14,104.87303161621094,105.49703544393684,104.66765380877366,104.66765380877366,7329400,0.005681041665264397,0.005664965405924657
2017-06-15,105.08628845214844,105.33116291092333,104.11473333833324,104.26481340727378,5265000,0.002033476410960633,0.0020314116963621536
2017-06-16,106.1210479736328,106.3185192113562,105.08628856370436,105.62341659770972,12639600,0.009846760569106383,0.00979859713338387
2017-06-19,105.8998794555664,106.38169769731464,105.44174474506278,105.96305964426072,7488700,-0.0020841154727508915,-0.0020862902636049952
2017-06-20,106.0183563232422,106.44488888247864,105.7655873602224,105.7655873602224,5201200,0.0011187630078983712,0.0011181376589325192
2017-06-21,106.56338500976562,106.72135959443531,105.86038786320044,106.07364812879484,5841100,0.005140889798948223,0.005127720540174711
2017-06-22,107.46385955810548,108.2142479178006,106.8477502057083,106.9899237242512,7311000,0.008450130861152205,0.008414628365650904
2017-06-23,107.76403045654295,107.82722271793116,106.88726946809696,106.98994634674774,9007100,0.002793226482575406,0.002789332674656925
2017-06-26,107.69292449951172,108.13525819774718,107.58234107495286,107.8035079240706,5561800,-0.0006598301560362119,-0.0006600479397590673
2017-06-27,106.642333984375,108.00093669598736,106.62654496757072,107.81926658126145,6120500,-0.009755427480674261,-0.009803323414772079
2017-06-28,105.70240783691406,107.5823257872744,105.5049366030708,107.38485455343113,6557900,-0.008813818230934967,-0.008852889675331101
2017-06-29,104.77032470703124,105.6312962900814,104.5096612634802,105.37063284653034,5750000,-0.008817993354710674,-0.008857101933982259
2017-06-30,104.49385833740234,105.21265642176918,104.4859638281086,104.817714008735,5264400,-0.0026387850796680823,-0.0026422728099479466
2017-07-03,104.97570037841795,105.30746264907012,104.77822914967552,104.8888125556638,2931000,0.004611199631080476,0.004600600620341473
2017-07-05,105.56021881103516,105.8919690266636,104.59655825734372,105.03889187818164,4302700,0.0055681308198956,0.00555268608516014
2017-07-06,104.67557525634766,105.8209062236267,104.5886874145436,105.5365471097852,4282200,-0.008380463442114627,-0.00841577696003593
2017-07-07,104.6913604736328,105.05471290415386,104.01996540473124,104.98362614145069,4994100,0.00015080134259104483,0.00015078997321157862
2017-07-10,103.90937042236328,104.95201231745584,103.6566014461662,104.8493354669779,4019600,-0.00746948026782468,-0.00749751653369982
2017-07-11,103.65660095214844,104.09893460569704,103.0641872262841,103.81457553517464,3733100,-0.0024325955319275394,-0.002435559099521584
2017-07-12,104.44650268554688,104.96782974063518,104.08316229153264,104.29642258914056,5053200,0.00762037078336264,0.007591482425105288
2017-07-13,104.1542510986328,104.43861022037298,103.46705490971502,104.34382786402304,4424400,-0.002798098350827005,-0.0028020203458110644
2017-07-14,104.73873901367188,105.05468814189616,104.05943754057172,104.2648032686488,4383100,0.005611752846127915,0.005596065622309886
2017-07-17,104.3832778930664,104.99938711059218,104.06732877478672,104.82562353241876,4939400,-0.003393788429695288,-0.0033995603925619676
2017-07-18,106.20793914794922,106.594975072366,103.53812407291773,103.96465665666166,10256000,0.017480398122312835,0.017329373404389736
2017-07-19,106.80034637451172,106.9583209495098,106.25532384598397,106.5080807554434,5503300,0.005577805494721755,0.0055623071421421685
2017-07-20,107.87459564208984,108.27743263596952,107.12419528189032,107.21108311029826,6088600,0.010058481119631368,0.010008231275551194
2017-07-21,106.8793487548828,107.63764373847415,106.71347963679992,106.89514983131114,6773500,-0.009225961694531937,-0.0092687844701541
2017-07-24,105.06259155273438,106.76085140570748,104.9362191223502,106.6265724122015,8306700,-0.016998206139101524,-0.017144333952710394
2017-07-25,104.17002868652344,105.72610296674114,103.83037189837404,105.63921514211572,6262900,-0.008495534452554687,-0.008531827202428281
2017-07-26,103.4354476928711,104.4544061845186,103.27747308912356,103.99627139676797,5382200,-0.0070517499410786,-0.007076731039273548
2017-07-27,103.34063720703124,103.59339409367718,102.3453866269546,103.35643827891111,5838100,-0.0009166150285477848,-0.0009170353769878263
2017-07-28,104.1463623046875,104.25694574406415,103.09581360426368,103.58553854254735,4970900,0.0077967885570715545,0.007766550671737894
2017-07-31,104.83355712890624,105.51285883390145,104.34383219717397,104.37542229970572,5440800,0.006598356476516187,0.0065766826114383396
2017-08-01,104.66764068603516,105.33115314259057,104.48597053912304,105.18896759736914,3837600,-0.0015826653927908385,-0.0015839191306699235
2017-08-02,104.39118194580078,104.65973989515123,103.86985506575388,104.32798971312668,4032100,-0.0026413009639115748,-0.002644795353815776
2017-08-03,105.33116912841795,105.37065373610116,103.87777157448258,104.1937328047679,4327300,0.009004469200331489,0.008964170697967169
2017-08-04,105.19683837890624,105.85244412509527,104.89669038925013,105.63918393439636,3192800,-0.0012753181287482596,-0.001276132038982928
2017-08-07,104.944091796875,105.43381650102096,104.66762730426572,105.12576192056058,3010800,-0.0024026062562914063,-0.0024054971460776677
2017-08-08,104.47805786132812,104.89669580901996,103.7908499421842,104.65972797664912,5535800,-0.004440782968982315,-0.00445067253480872
2017-08-09,105.2363739013672,105.37855946704413,104.55707232748254,104.90462365170563,6332300,0.007258136833339535,0.007231923322602255
2017-08-10,105.1257781982422,105.72609843453364,104.5570601073803,105.08628154279874,5607900,-0.0010509265857892025,-0.0010514791963362317
2017-08-11,105.13368225097656,106.23162175104464,104.85721772215982,105.5602147825964,4270600,7.518662757921568e-05,7.518380120640172e-05
2017-08-14,105.433837890625,106.13683500161147,104.95200759752048,106.0025560088037,3041100,0.0028549902678371986,0.0028509225235302115
2017-08-15,105.35485076904295,105.79718438020537,105.21266522106252,105.72609763255862,3931800,-0.0007491629173547176,-0.0007494436801265499
2017-08-16,105.9788818359375,106.61079232298894,105.73401938471896,105.90779506997536,4469900,0.005923135596884288,0.005905662791151011
2017-08-17,105.08628845214844,106.4291025093924,105.07839394161552,105.98675681310375,5741400,-0.008422370271568447,-0.008458038849244386
2017-08-18,104.76246643066406,105.6708294898554,104.56499515234503,104.79405653201135,4792800,-0.0030814869023738645,-0.0030862444592185774
2017-08-21,105.41014862060548,105.56812320674244,104.41489788052314,104.48598463638152,4660000,0.006182387757833974,0.0061633552027816774
2017-08-22,106.39751434326172,106.4686011054629,104.9757188357911,105.26798450154496,4150300,0.00936689432257598,0.00932329700414615
2017-08-23,104.89673614501952,106.23164379642628,104.77824615692876,106.18424056957642,5129900,-0.014105387776262912,-0.014205814246444784
2017-08-24,104.96781158447266,105.11789165491982,104.47808676738232,104.91252590481147,5398400,0.0006775753189773859,0.0006773458684617629
2017-08-25,104.6736831665039,105.37320744818648,104.62599053445412,104.8565210951709,4133300,-0.0028020820242788957,-0.0028060152052296187
2017-08-28,104.72140502929688,105.02346245805836,104.52267761039842,104.67370026009962,5349200,0.0004559108015436131,0.0004558069057910621
2017-08-29,105.09500122070312,105.28577175768058,104.3716305897099,104.58625957316715,3277900,0.0035675246269062377,0.0035611761054485584
2017-08-30,104.18878936767578,104.92804934780816,104.05364408483408,104.92804934780816,5430800,-0.008622787406646126,-0.008660178738144172
2017-08-31,105.22216033935548,105.32550244956772,104.33186563400577,104.44315247217448,7407100,0.009918254909681234,0.009869391844706032
2017-09-01,104.15701293945312,105.44476272160004,104.08547398030252,105.40502694164456,3820800,-0.010122842911294727,-0.01017442730130924
2017-09-05,103.2587661743164,104.27624962978255,103.11568824902876,103.91059795669668,5146600,-0.008623968178300911,-0.00866136978060809
2017-09-06,103.87083435058594,104.13315597000276,103.50518273274992,103.76749222280904,5601900,0.005927517817095218,0.005910019198226756
2017-09-07,105.07909393310548,105.34141553657818,103.53696748627874,104.02186279039068,3800200,0.011632327689228061,0.011565192291224706
2017-09-08,104.11726379394533,105.19834141592396,104.02982324623532,104.928075042769,4854400,-0.009153392013186434,-0.009195541711492169
2017-09-11,105.8899154663086,105.99324546860268,104.14906146357866,104.42727255204204,5724200,0.01702553071190449,0.016882220696166322
2017-09-12,105.42887115478516,106.42250822099749,104.8724246942193,106.38276031247725,5465200,-0.004353996407430616,-0.004363502653263839
2017-09-13,105.28577423095705,106.3191591381716,104.80883574795196,105.46065531353294,4679500,-0.0013572840367229722,-0.0013582059810224225
2017-09-14,106.66097259521484,106.89150318957128,104.92013062458352,105.0393622221066,6274500,0.013061578112548489,0.012977011289274042
2017-09-15,106.87562561035156,107.67053545071025,106.66099655723347,107.14589204502671,15522000,0.0020124794469233986,0.002010457122963647
2017-09-18,107.61487579345705,107.92489008185116,106.60533710894931,106.8676587574919,5260800,0.00691692028826707,0.00689310813657342
2017-09-19,107.4876708984375,107.9407630371044,106.79610346761883,107.3286914134554,4903800,-0.0011820382087667225,-0.0011827373669389687
2017-09-20,105.89786529541016,106.74841231968404,105.19834091704752,105.9217116147308,8705500,-0.014790585652651345,-0.014901057008624423
2017-09-21,104.72933197021484,106.37480054128795,104.43521932159786,105.96938891280833,6051800,-0.011034531450993867,-0.011095863490718885
2017-09-22,104.44318389892578,105.23809359056212,104.3477986173244,104.92013456565132,4334900,-0.002732262928693552,-0.002736002372030726
2017-09-25,104.2682876586914,104.73728139762186,103.9980213138187,104.5067629574322,6017400,-0.0016745586806663493,-0.0016759623212584016
2017-09-26,104.0854721069336,104.88038176147946,103.99008682978288,104.53061957278187,4516200,-0.0017533188264895472,-0.0017548576889506184
2017-09-27,103.13951110839844,104.2046869633278,102.88513423771612,104.1331480169572,5796100,-0.009088309630409408,-0.009129860257952248
2017-09-28,102.91693115234376,103.55286116101868,102.77384113894776,103.26669326358277,3992700,-0.0021580474220083135,-0.0021603793619081
2017-09-29,103.34620666503906,103.71187046726408,102.58310013857924,103.00440131304047,5736900,0.004171087379780669,0.00416241250887935
2017-10-02,104.3080596923828,104.39550025116966,103.35417040611924,103.46545728736064,4492900,0.009307095619496275,0.009264051476245023
2017-10-03,105.00755310058594,105.24601625459222,104.41931568553798,104.64983411086298,3900800,0.0067060341287723535,0.006683648704455662
2017-10-04,105.63553619384766,105.86605464078838,105.0075629471514,105.2460261235184,3589000,0.005980361171354698,0.005962549788542054
2017-10-05,105.87400817871094,105.96939344626588,105.21423177628849,105.6355328804661,3741100,0.0022574977460774193,0.0022549534265182596
2017-10-06,105.89786529541016,105.9217116147308,105.30962778366352,105.7229842008195,2469500,0.00022533497229026977,0.00022530958817861506
2017-10-09,106.0806884765625,106.3748132897859,105.85811474887684,106.24762483700596,3750500,0.0017264104488068366,0.0017249219152549644
2017-10-10,106.43839263916016,106.62123058382086,105.65938461237008,106.16812628099844,4184600,0.00337200076408517,0.003366328317594487
2017-10-11,108.62435913085938,108.96617646273036,106.81196676143216,107.21737829758972,8269400,0.020537387285713082,0.020329338839408656
2017-10-12,108.7674789428711,109.31596849203332,108.12360412580502,108.37796888333445,5172800,0.001317566457071484,0.0013166992280580767
2017-10-13,108.4495620727539,109.23652731461544,108.37802308604748,108.58470744235088,4106600,-0.0029229037319525863,-0.0029271837571681085
2017-10-16,108.20310974121094,109.10930635807716,107.74206063728109,108.46543141048274,5120100,-0.0022725064705898523,-0.00227509253205642
2017-10-17,111.9153060913086,112.1776276886832,108.9502969750824,109.43519226792212,11717300,0.034307667857015334,0.03373228294565297
2017-10-18,111.82788848876952,112.54331448176588,111.3430052258629,111.91532903915711,6827700,-0.0007811049765413802,-0.0007814101979839109
2017-10-19,112.908935546875,113.65615238781668,111.71657134435678,111.8517166278087,9181300,0.009667061345024486,0.009620634276575252
2017-10-20,113.19512176513672,114.1649124438603,112.74202960209648,113.1792323063338,5634500,0.0025346640358938632,0.0025314571927101256
2017-10-23,114.1648941040039,114.7451867497522,112.94073885814991,112.98048675748768,6686000,0.008567262650057694,0.008530771924366833
2017-10-24,112.59098815917967,113.9741351425315,112.026597041851,113.9741351425315,6585800,-0.013786251519581905,-0.013882164424938191
2017-10-25,113.16333770751952,113.85490521825346,112.05046905468808,112.20944855804134,6563600,0.005083440137594986,0.0050705630771858004
2017-10-26,112.72611236572266,114.26823871058332,112.3843071085402,113.28254658052904,5841100,-0.0038636660128115174,-0.0038711492517168955
2017-10-27,112.7022705078125,113.4335858089543,111.44631201367004,112.08224205403236,5140100,-0.00021150252953638926,-0.00021152489935062654
2017-10-30,111.287353515625,112.24919955078512,110.74682076349852,112.14585741255432,6034300,-0.012554467499298672,-0.012633940689376356
2017-10-31,110.8183364868164,111.49400228530476,110.4765190939935,111.30323176778164,4832100,-0.004214468346960376,-0.004223374249922726
2017-11-01,111.2714385986328,111.75633392319033,110.76269695724112,111.15220701446192,5006800,0.0040886925952934305,0.0040803566061967875
2017-11-02,111.2317123413086,111.5178803283684,110.57989267205896,111.37480239951842,3494100,-0.0003570211531774836,-0.00035708490040258173
2017-11-03,111.3509292602539,111.60529400451252,110.73090079251216,111.07270607090652,2737000,0.0010717889389268986,0.0010712149832317313
2017-11-06,111.0965805053711,111.67687334667085,111.06478945280124,111.29530793967264,4220700,-0.002284208641746832,-0.0022868214258272824
2017-11-07,111.1045150756836,111.40657246725824,110.42089235366062,111.350935104083,4201900,7.142047285713105e-05,7.141792253658883e-05
2017-11-08,112.33661651611328,112.7738070382276,110.85808435891184,111.04885487638532,4440700,0.01108957128871313,0.011028532838617319
2017-11-09,111.56556701660156,112.40816925043048,111.12836431149468,111.97096654532362,3517100,-0.0068637415245733635,-0.00688740534214542
2017-11-10,110.93758392333984,111.39068822595983,110.18242221499796,111.39068822595983,4240800,-0.005628825363010681,-0.005644726899884647
2017-11-13,111.0965805053711,111.3032647998351,110.03140436856116,110.50039820246644,4322300,0.0014332075425504964,0.001432181480876371
2017-11-14,110.88192749023438,111.50990064114978,110.42882326553044,110.94552170401856,4078200,-0.0019321298113792462,-0.0019339987819671327
2017-11-15,110.57192993164062,111.15221054195042,110.29370672060226,110.67525993141548,4811500,-0.002795744677337564,-0.002799660070817714
2017-11-16,110.38908386230467,111.03295864856368,110.20625806445068,110.82628653487468,4193800,-0.0016536391238625159,-0.001655007894214762
2017-11-17,109.69754028320312,110.38116312086704,109.61009972968706,109.9360156227342,4247400,-0.006264601126359182,-0.0062843060788805236
2017-11-20,109.6418914794922,110.14268848276068,109.49086882187504,109.81677258763804,4266300,-0.0005072930857634717,-0.0005074218024341288
2017-11-21,109.9677963256836,110.6991117365607,109.84856473181829,110.055236870971,5660600,0.0029724482293553844,0.0029680392399516853
2017-11-22,109.13314056396484,109.99960130119334,108.58466309386289,109.93600707363976,3917000,-0.00759000170601587,-0.0076189523522997085
2017-11-24,109.7054672241211,109.99959201790384,109.14903294168538,109.30006770320884,2606800,0.005244297536006526,0.005230594096745809
2017-11-27,110.44927215576172,110.61721858839924,109.95340183187264,109.9773941793923,3933100,0.00678001698968278,0.006757136038428127
2017-11-28,111.98485565185548,112.3927378078946,110.56924597533376,110.60923729344825,5052800,0.01390306577962952,0.013807304721336847
2017-11-29,111.8168716430664,112.47269494125447,111.12906261982155,112.14478329216044,5851400,-0.0015000600555428178,-0.0015011862720304145
2017-11-30,111.43299865722656,112.1927848286658,110.75318291225484,112.01683280534692,8941900,-0.00343305066757027,-0.003438957107960521
2017-12-01,111.95282745361328,112.39270742669352,110.84914303454256,111.62492802243855,5990500,0.004664944878542965,0.004654097744290479
2017-12-04,111.17709350585938,113.16854436898412,111.113109825525,112.46473608894532,5916700,-0.0069291143903920105,-0.0069532321780189435
2017-12-05,111.70492553710938,112.61667142815602,111.32902912378312,111.80089493501852,6745300,0.004747668918167802,0.004736434282942208
2017-12-06,112.81661224365234,113.53641931612904,112.12080972353075,112.64066021728934,5591700,0.009951993622462574,0.00990279865666239
2017-12-07,111.97684478759766,113.16851767086852,111.37701165506655,111.97684478759766,4713100,-0.0074436507120159146,-0.007471492931193223
2017-12-08,112.44072723388672,112.57668795828066,111.8089083142164,111.96886138976,5101300,0.004142664022807274,0.004134106815154511
2017-12-11,112.8805923461914,112.90458469415329,111.832885806404,112.68864135886068,4358600,0.003911973206912167,0.003904341337031611
2017-12-12,114.04827117919922,114.82405629510303,113.6003855485749,114.04827117919922,8016700,0.010344371948604492,0.010291235064074925
2017-12-13,114.28021240234376,114.71208690509896,113.73636953193817,113.96829964934363,6118400,0.0020337109957599964,0.002031645805079504
2017-12-14,113.2884750366211,114.86403764678847,113.25648930705586,114.78406722105748,5337900,-0.008678119727596245,-0.008715993885448756
2017-12-15,113.93631744384766,114.48016033108628,113.39246235297183,113.95230420855196,12517000,0.00571851997316708,0.005702231306367125
2017-12-18,113.408447265625,115.00800219968562,113.08852895663148,114.0162737472592,5833200,-0.004633028257059579,-0.004643793997330792
2017-12-19,113.3924560546875,113.87232744918052,113.05655095999698,113.48043207022332,6580100,-0.00014100546584550067,-0.00014101540805081433
2017-12-20,112.8965835571289,114.03226602930454,112.83259989908078,113.77633139711202,6289800,-0.004373064265575488,-0.004382654079237517
2017-12-21,112.81661224365234,113.7043657571616,112.78462651323916,113.24049334253516,6284700,-0.0007083590216535596,-0.0007086100264466781
2017-12-22,112.06480407714844,113.04853905430367,112.00082042145776,112.76861208611132,4665600,-0.006663984599007522,-0.006686288086328553
2017-12-26,112.04084777832033,112.400745279189,111.71293601377036,112.33677380655146,3271100,-0.00021377183519299958,-0.0002137946876486261
2017-12-27,112.42474365234376,112.88860392346383,112.12881764038924,112.30476968956076,3753600,0.0034263920849919582,0.003420535378068446
2017-12-28,112.41674041748048,112.76864452318452,112.2327949817308,112.5287087962374,2485000,-7.118748598644586e-05,-7.11900199357841e-05
2017-12-29,111.7448959350586,112.93656861843682,111.63292759057995,112.7526110353664,4452900,-0.005976373980662197,-0.005994303976907903
2018-01-02,111.35301971435548,111.92886049998768,110.9451375760478,111.69693039082522,6842100,-0.0035068825061222997,-0.003513046032639415
2018-01-03,112.41674041748048,112.51270982680413,111.08910663819256,111.4570097133299,5350500,0.009552688430485956,0.009507350009547296
2018-01-04,112.40872192382812,112.88058768577764,112.1447939035084,112.3287392981669,4837600,-7.132828814093717e-05,-7.133083212425443e-05
2018-01-05,113.33649444580078,113.4244704741226,112.19280607761712,112.52071783805648,6158800,0.00825356347883166,0.008219689085780779
2018-01-08,113.48043823242188,113.56841425273495,112.7046530179256,113.32847854245952,5129800,0.0012700568102530507,0.0012692509703385645
2018-01-09,115.2799301147461,116.5115821138741,113.77634448671972,113.86432050120288,8897000,0.015857287038657963,0.015732873776954117
2018-01-10,115.14396667480467,115.29592635109778,114.6241161856678,114.8080615920897,6558600,-0.001179419867847642,-0.0011801159308141322
2018-01-11,115.79981231689452,115.88778835546152,114.92006413486432,115.27196828913227,4962200,0.0056958750078683895,0.0056797148469481685
2018-01-12,116.57555389404295,117.1034099271254,115.88774481556332,115.9597340590819,5450600,0.006698988207559209,0.00667664969418698
2018-01-16,117.4552993774414,118.4150297343938,116.79148272794396,117.10339539904436,8804000,0.0075465691906388965,0.007518236292199107
2018-01-17,117.55133056640624,118.6230420288022,116.35166393846274,118.23913992123948,10619700,0.0008175977539865986,0.0008172637030100884
2018-01-18,117.50328063964844,117.91916825687078,116.7434946376928,117.51127401942134,5554800,-0.00040875697898334895,-0.00040884054288961184
2018-01-19,117.8552017211914,118.08713180461578,117.10340898984308,117.9351843450674,8738800,0.0029949894132932364,0.0029905133674133855
2018-01-22,118.47901153564452,118.47901153564452,117.34332920722392,117.57525926011002,7010400,0.005293018936311844,0.005279060146011029
2018-01-23,113.4324188232422,117.9191700790876,113.26446021634987,117.53528038229103,17473600,-0.04259482457687491,-0.043528596332129556
2018-01-24,113.62437438964844,114.81603483520036,113.40843108733768,114.76805014660552,13034400,0.0016922460827124564,0.0016908158476227101
2018-01-25,115.48784637451172,115.69579629928734,113.73634420000644,113.81631461415284,7938800,0.01640028378482361,0.016267251669680696
2018-01-26,116.23169708251952,116.44764048314062,115.27196626279398,115.56788011293582,8065600,0.006440943626185414,0.0064202893898618035
2018-01-29,114.9120101928711,115.91973752034488,114.79204846514068,115.84776048370662,8013400,-0.01135393290103559,-0.011418880875135862
2018-01-30,113.91228485107422,115.02398710988436,113.91228485107422,114.688069875582,8376100,-0.008699920400999983,-0.00873798564569944
2018-01-31,110.52125549316406,114.02428487417794,110.4492784465056,114.02428487417794,13137400,-0.02976877658404886,-0.03022086123581283
2018-02-01,111.98485565185548,112.50470617643302,109.56952404065623,109.99340516466856,9393600,0.013242702972931175,0.013155784894557111
2018-02-02,110.11336517333984,112.25677531327008,109.87344167572245,111.1850763451233,9262500,-0.016711996167890986,-0.01685321717677261
2018-02-05,104.28297424316406,109.56950332225934,97.6928102044071,109.2335982801601,19954100,-0.05294898508457724,-0.05440231722015102
2018-02-06,105.43466186523438,106.36240662877972,102.37151279149026,103.97906105998544,19193500,0.011043870108507159,0.010983331884735489
2018-02-07,105.10675048828124,106.71429876142332,105.05077241295196,105.48264686418992,10550400,-0.0031100908482285528,-0.0031149372318415155
2018-02-08,101.05988311767578,104.97079451666556,100.85993874716785,104.69887310164737,11680200,-0.038502449669554295,-0.03926326171479497
2018-02-09,103.59517669677734,104.70686691322209,100.3240897107048,101.9876222427818,15030900,0.025087042463223685,0.024777528461232677
2018-02-12,104.18701171875,105.02678048109232,102.11558495248715,103.9710683904596,9963900,0.005712959240418591,0.005696702176684142
2018-02-13,103.93910217285156,104.4509593482493,102.93137458742268,103.33926897338682,6339000,-0.0023794669009958858,-0.0023823023311301352
2018-02-14,103.70714569091795,103.97906710871628,102.68343147974178,103.52320028518808,6259700,-0.002231657548358079,-0.0022341514070478618
2018-02-15,104.9548110961914,104.99480241694378,103.49121662284551,104.05107070610352,5606400,0.01203065996042274,0.011958866809926819
2018-02-16,106.4903793334961,107.53009262273603,104.64289508602896,104.7388766935958,7970100,0.014630756048880311,0.01452475916319494
2018-02-20,104.66686248779295,106.73028960588408,104.49891607094936,106.26641725806816,6563500,-0.01712377077738103,-0.017272078031413007
2018-02-21,103.89909362792967,105.9145240573972,103.85910231386754,104.61089508514767,6578000,-0.007335357548840515,-0.0073623935777877925
2018-02-22,103.89909362792967,104.78684710411264,103.55518297135797,104.05105329918447,5732200,0.0,0.0
2018-02-23,105.58660125732422,105.63458594214951,103.98704667710444,104.043024741523,5126800,0.016241793556329043,0.016111306625954086
2018-02-26,106.3030014038086,107.38156295971277,105.44175370349404,106.0132373145735,6684400,0.006784953184906906,0.006762038979527373
2018-02-27,105.98104858398438,107.1240036764502,105.92471204118836,106.41570091656584,7158600,-0.003028633392967217,-0.0030332289843350243
2018-02-28,104.54025268554688,106.51225214981508,104.53219583777648,106.2063866972629,7985900,-0.013594844716937726,-0.01368810078408013
2018-03-01,102.447509765625,104.73341921998394,101.8357850090246,103.92047592100008,9424000,-0.02001853703392864,-0.020221622837160273
2018-03-02,103.68707275390624,103.92048800967254,102.1497130472349,102.1497130472349,6910400,0.01209949359547191,0.012026879862303694
2018-03-05,104.46783447265624,104.8783408177586,103.17194660792477,103.53416097872892,5799800,0.007529981298662669,0.0075017725087536844
2018-03-06,103.20413208007812,104.7978283726807,102.96265996743364,104.63685105817834,5546500,-0.01209656923547009,-0.012170328152507659
2018-03-07,103.8641357421875,104.09756327197177,102.43946756825927,102.60850172023343,6391700,0.006395128264799155,0.006374766197949678
2018-03-08,106.2949447631836,106.4881249169801,104.09757424654596,104.09757424654596,6423400,0.02340373800471296,0.023134069917568844
2018-03-09,107.69544982910156,107.71155124219608,105.8924722976837,106.65712361564846,7557800,0.013175650723918908,0.013089606803626959
2018-03-12,106.75372314453124,108.04155375135844,106.50420650178636,107.695453190591,4942000,-0.008744349794394535,-0.008782805968007724
2018-03-13,108.13813018798828,108.97521931535172,107.4137140898725,107.69543350832494,9152300,0.012968231951804965,0.012884864411329923
2018-03-14,106.5041961669922,109.2247452754678,106.16612792315824,108.85449877112217,6770600,-0.01510969366823367,-0.0152250081416798
2018-03-15,107.09981536865234,108.04960218846928,106.6249280996334,106.6893214672294,6147200,0.005592448214211565,0.005576868534409248
2018-03-16,107.59886169433594,108.17838979136452,106.32713244551384,107.18032317675572,14233500,0.0046596375910248344,0.004648815086063485
2018-03-19,104.8300323486328,107.42985223747364,104.12171741895452,107.3332683040746,6017000,-0.025732886966488122,-0.026069769576543483
2018-03-20,105.61075592041016,106.06954175852034,104.13778993592634,105.26464311880974,6214300,0.007447518180485835,0.007419922345916444
2018-03-21,105.59468841552734,106.87447471598402,105.16809298204178,105.76371030634408,5158700,-0.00015213890614440562,-0.00015215048044173586
2018-03-22,102.52800750732422,105.18416987766152,102.30263682460487,105.01514800651256,7560100,-0.029041999689751297,-0.029472065683712228
2018-03-23,100.69283294677734,102.86606326818098,100.53185565225418,102.72922581285712,8452500,-0.017899251191590526,-0.01806138036232051
2018-03-26,102.53606414794922,102.65680020378956,100.7813844069568,101.74726671278864,8358200,0.01830548557657674,0.01813995717554889
2018-03-27,102.39117431640624,103.91243867878984,101.73115755438748,102.3106856656021,7789900,-0.0014130621527848053,-0.0014140614666145938
2018-03-28,102.5843505859375,103.84804760929288,102.3911765915371,102.72923261696045,6868500,0.0018866496142950773,0.0018848721262251652
2018-03-29,103.14779663085938,103.63878548687188,102.07728568300963,103.00292071356884,6119400,0.0054925146155686555,0.005477485762848421
2018-04-02,100.25819396972656,102.93045777758785,99.43719988419828,102.88216581399516,8916900,-0.02801419667231464,-0.028414080258314562
2018-04-03,103.30876159667967,103.42144693272247,100.35477845644252,100.7572278397069,8035000,0.030427115292683604,0.029973391329050945
2018-04-04,104.96682739257812,105.53829850999703,101.73113164274788,102.1416316404494,7717100,0.016049614478698127,0.015922181112315706
2018-04-05,105.20832824707033,105.60272080133612,104.23439528865212,104.96685614911875,5621700,0.002300735008299082,0.002298092370073875
2018-04-06,103.10755157470705,105.1519893285797,101.74727050065412,104.81393327235423,6399300,-0.01996777923730364,-0.02016982952871787
2018-04-09,104.2182846069336,105.55441945258428,102.76947057071924,103.55021718410823,6395800,0.010772567239381692,0.010714956511242395
2018-04-10,104.83805084228516,105.36928690742386,104.06534272192168,104.83805084228516,6019300,0.005946809023858357,0.005929196545943123
2018-04-11,104.33903503417967,104.91856315083378,103.85609084304096,103.9446302020237,4575400,-0.0047598730050426585,-0.004771237276554687
2018-04-12,104.98294830322266,105.69126320245398,104.52416235751616,104.70928564916744,4559800,0.0061713554168105755,0.006152390588770917
2018-04-13,105.13587188720705,105.77979335025351,104.33902997676708,105.51417528618008,4742300,0.0014566516415857045,0.0014555917537166646
2018-04-16,106.05345153808594,106.9549464613012,105.6671035891536,105.77174435352732,6379600,0.00872756019813381,0.00868969519784966
2018-04-17,105.0714874267578,106.40762242662244,103.67901589555407,106.3351844798516,11008700,-0.009259143357305044,-0.009302275677170313
2018-04-18,102.80165100097656,104.55632406782917,102.17383107047168,104.38730223826605,9383600,-0.021602781890410316,-0.021839537919032596
2018-04-19,102.6648406982422,103.24436879590934,102.13360456175052,102.72922793284609,5959500,-0.0013308181473958847,-0.0013317044723120627
2018-04-20,101.94847869873048,103.26851215844464,101.55407388949516,103.02704007690836,7743900,-0.006977676044102488,-0.007002133864491934
2018-04-23,102.08531188964844,102.46361529192944,101.24016572962108,102.12555314338437,7501900,0.0013421798212636116,0.001341279903072
2018-04-24,101.57018280029295,102.59240158701428,100.86186791731387,102.17385690780075,6577500,-0.005046064706275555,-0.005058839082457447
2018-04-25,102.02896881103516,102.1014067520024,100.83771594104452,101.34480609137596,5859600,0.004516935955941603,0.004506765216279006
2018-04-26,103.03508758544922,104.00902050547312,101.9162849223246,101.9162849223246,8211100,0.009861108919736905,0.009812805475934315
2018-04-27,103.24436950683594,103.66290802775931,102.62459400999464,102.80972343059264,4266800,0.0020311713833713885,0.0020291113438343227
2018-04-30,101.81165313720705,103.81584954087464,101.81165313720705,103.71926560968971,8219400,-0.013876944345464048,-0.01397412927166815
2018-05-01,101.42530822753906,101.93239230441527,100.58821266666251,101.67482491190644,5122600,-0.003794702254243165,-0.0038019204031123415
2018-05-02,99.40499877929688,101.562127743382,99.16352669027847,101.03089160389769,7390800,-0.019919184703977355,-0.020120246129758438
2018-05-03,99.02669525146484,99.5579313903012,97.6181223959864,99.24402135949438,7282900,-0.0038056791155136604,-0.0038129391376753932
2018-05-04,99.96038055419922,100.21794791584692,98.03667297857308,98.68058831224722,6127600,0.009428622255477803,0.009384450233796363
2018-05-07,99.47743225097656,100.80551639911327,99.26011229333857,99.92012901398547,6707900,-0.00483139720502368,-0.0048431061333792415
2018-05-08,98.68862915039062,99.39693778886718,97.94812382731654,98.88985382345793,5951800,-0.007929467847499594,-0.007961073264635861
2018-05-09,99.41304779052734,99.84769385881124,98.62424430196243,98.99449699548796,6808600,0.007340446882008855,0.0073136369199218
2018-05-10,100.89405822753906,101.45749104345732,99.80744613090484,99.9845248404537,4948000,0.014897545844609228,0.014787667344388309
2018-05-11,102.415283203125,102.7050471537809,101.2240368645514,101.2320814280948,5716700,0.015077448586270803,0.014964913608629116
2018-05-14,101.46552276611328,102.7131181411852,101.09527012069135,102.50384277085472,6101600,-0.009273620179597764,-0.009316887901916274
2018-05-15,100.71697235107422,101.28040512689918,100.12939973762604,101.04698376645752,5875700,-0.007377386866320501,-0.007404734369900402
2018-05-16,100.89405822753906,101.33675500141123,100.61234489002504,100.9665023091228,3818100,0.0017582525797892323,0.0017567086631873816
2018-05-17,99.68671417236328,101.0872363511533,99.44524821927008,101.00674770012223,6473400,-0.011966453489787754,-0.01203862785298711
2018-05-18,100.0006332397461,100.16161669723496,99.2279310664725,99.63038049885816,5433900,0.003149056220671742,0.003144108327871678
2018-05-21,99.58209228515624,100.60431117994976,99.26013149893528,100.3065025189306,5558700,-0.004185383042389579,-0.004194166274021384
2018-05-22,98.93010711669922,100.00061777420878,98.80937107747768,99.64646650428632,7172700,-0.006547212992774276,-0.006568740004493017
2018-05-23,99.36475372314452,99.78330453517675,98.79327631596516,98.89791708941846,4940800,0.00439347150339775,0.004383848383113265
2018-05-24,98.39887237548828,99.3164564609701,97.83544570576792,99.1796251470223,6923600,-0.009720562991052395,-0.009768116076251833
2018-05-25,98.49614715576172,99.57460319225238,98.22044879024996,98.56912231383592,4594800,0.0009885761688632755,0.0009880878492433806
2018-05-29,96.81770324707033,97.9529204208206,96.18522678658488,97.70965738843272,9821900,-0.017040706232266167,-0.0171875698981609
2018-05-30,98.09075927734376,98.58538953629416,96.93121712403244,97.40152231884356,6423700,0.0131490005193029,0.013063302820599173
2018-05-31,96.9960708618164,98.31778399897492,96.93119991134088,98.05019596808914,10337500,-0.011159954552214413,-0.011222694061774598
2018-06-01,98.3258819580078,98.37453207148404,97.2798612132336,97.61231396604389,5741000,0.013709948087339274,0.013616816998528352
2018-06-04,98.88539123535156,99.22596063862576,98.13128343438676,98.804305638928,4853000,0.005690356050736645,0.005674227132011536
2018-06-05,98.5042953491211,99.3800285140527,98.03399019526482,98.96649008682536,5125400,-0.0038539149359629876,-0.00386136040174727
2018-06-06,99.56654357910156,99.56654357910156,98.48808699237108,98.9016316584173,6799300,0.010783775735013545,0.010726045487981454
2018-06-07,100.00440216064452,100.134137888871,99.14487744209988,99.73681410148151,7414100,0.00439764770176132,0.004388006305083
2018-06-08,100.59632873535156,101.2369154946902,100.004398285343,100.02872334679064,6208100,0.0059190051829538515,0.005901556689736075
2018-06-11,99.46112823486328,100.82338130816174,99.37193220938272,100.76662076344095,5571400,-0.011284711030307704,-0.011348866489000808
2018-06-12,99.3638153076172,99.88277059303336,98.88539973067836,99.8665559469294,5227300,-0.0009784016024459996,-0.000978880549721173
2018-06-13,99.43679809570312,100.62066531770596,99.29895194076012,99.858453163857,5836900,0.0007345006616339411,0.000734231048035804
2018-06-14,99.25840759277344,99.85844849941834,98.998923755916,99.50166441017451,5239200,-0.0017940089217072241,-0.001795620082959605
2018-06-15,99.42057037353516,99.51787680410511,98.30967849032449,99.00702577665604,13173500,0.0016337435255562305,0.0016324104183752257
2018-06-18,98.37454986572266,98.77187363265924,97.50692096200048,98.60970243411543,6787400,-0.010521167841649581,-0.010576906630844518
2018-06-19,99.38813018798828,99.87464994491914,97.76639354059584,97.83937490667437,8572400,0.01030327786657348,0.01025056089503765
2018-06-20,98.95835876464844,99.46109929046833,98.65023106675253,99.26648646254436,6277200,-0.004324172539788673,-0.004333548813378093
2018-06-21,98.47997283935548,99.12055967063678,98.2042805300735,98.78810681612408,4417200,-0.0048342144237728535,-0.0048459370333181016
2018-06-22,99.6070556640625,100.04492527375888,98.6421266261785,98.66645168453374,9501400,0.011444792196942943,0.011379796004569226
2018-06-25,99.40435028076172,100.08548292694512,98.52861714486116,99.59085272746512,8170500,-0.002035050448478626,-0.0020371239772772882
2018-06-26,99.2097396850586,99.64760932892698,98.60158843298046,99.32326075719844,5496400,-0.0019577673930110118,-0.0019596863245503492
2018-06-27,98.60970306396484,99.71248454312358,98.47996115515336,99.03135189473272,5666000,-0.006048162438471949,-0.006066526656871615
2018-06-28,98.92594146728516,99.25840046957371,98.1718336332329,98.74754943546542,5296800,0.003206970445040147,0.0032018390831461893
2018-06-29,98.39077758789062,99.8827787958176,98.26915226603518,99.12056045120082,7308700,-0.00540974259589444,-0.005424428241023826
2018-07-02,98.58538055419922,98.7070120502493,97.39340302849122,98.39076768594516,5481400,0.001977857793986404,0.001975904408514827
2018-07-03,99.50164794921876,100.10979917176536,98.32589139353564,98.64212953434514,4248100,0.009294150814945779,0.00925122595701626
2018-07-05,101.35852813720705,101.45583455133485,99.92329410081496,100.2233113847836,7319100,0.018661803359638407,0.01848980843593125
2018-07-06,101.9666976928711,102.10454383125033,101.04230824448668,101.48828832328388,7297900,0.00600018140398384,0.005982251999582736
2018-07-09,102.20996856689452,102.77757399604614,101.84507405978115,102.34781471591204,6706100,0.002385787512273474,0.002382946039782279
2018-07-10,103.28839874267578,103.4019198063713,102.2585987544568,102.46942623836304,5075600,0.010551125207278078,0.010495850552293802
2018-07-11,102.36402893066406,103.33707475909232,102.21807236572158,103.31274969600776,4827400,-0.00894940596682714,-0.008989692440529279
2018-07-12,103.59654235839844,103.96143682857,103.1181268138894,103.55599646623452,6199000,0.012040493526971341,0.011968583431332875
2018-07-13,102.11263275146484,103.38569557898003,101.6180026541723,101.6180026541723,8250200,-0.014323929864376361,-0.014427507631281485
2018-07-16,101.10718536376952,102.25050662008974,100.67742609059827,102.16942101530113,7314400,-0.009846454455273101,-0.009895251369896505
2018-07-17,104.6912078857422,105.85074362881072,103.43435953202837,104.2209027817068,12858700,0.0354477528879662,0.03483394465392057
2018-07-18,103.62899017333984,104.64257573377378,103.11813909156255,104.44796285193704,7152000,-0.01014619788857185,-0.010198021393395007
2018-07-19,102.12077331542967,103.54789731562664,102.06401277208587,103.41005116556818,5984600,-0.01455400516194727,-0.014660953649368496
2018-07-20,102.04779052734376,102.28294311406832,101.45586003872256,101.60181660336418,5835500,-0.0007146713221656276,-0.0007149268214542528
2018-07-23,102.68024444580078,102.72079033294357,101.7234196617088,101.9666826116979,4631100,0.006197624810774904,0.006178498518503417
2018-07-24,104.89393615722656,105.1047574858645,103.10191774519468,103.17489293131514,7158800,0.021559081042062278,0.021329971138072473
2018-07-25,104.29387664794922,104.78850680520598,103.50733959460018,104.71553162779146,6523000,-0.00572063106086429,-0.005737056543436536
2018-07-26,105.6399383544922,106.4021566604,105.29127086763285,105.33180439094552,7640600,0.012906430845280648,0.012823852634364254
2018-07-27,106.66971588134766,107.25354198446382,105.36421756366668,105.39664684812112,6620400,0.009747994393937143,0.009700789219191912
2018-07-30,107.17247772216795,107.43196155587376,106.42648025956912,106.85623953288292,11013100,0.004713257522683811,0.004702184902887524
2018-07-31,107.45626831054688,107.55356854517368,106.84811709839316,107.26165546842518,7598900,0.0026479801009604564,0.002644480378421967
2018-08-01,107.55355834960938,107.81304211450714,107.0994741339052,107.35084129810808,5770400,0.0009053919384334197,0.0009049823183781481
2018-08-02,106.42646026611328,107.84547973632812,106.29671837363392,107.75628373185704,6563300,-0.01047941231132854,-0.01053470800268073
2018-08-03,106.99405670166016,107.6022078527187,106.14264261560484,106.36968472217067,6498700,0.005333226663065016,0.005319055373216019
2018-08-06,107.0508270263672,107.4643653688067,106.23184219667635,106.74269314011778,5840000,0.0005305932540284886,0.0005304525392005703
2018-08-07,106.59677124023438,107.1724809074658,106.4670293195254,106.93733450244252,4664600,-0.004241497228423929,-0.004250517894248945
2018-08-08,106.36161041259766,106.87246148250034,106.13456824216766,106.621094249015,3721500,-0.002206078335212802,-0.0022085153107890424
2018-08-09,106.38592529296876,106.80758030035322,105.9561660562983,106.66161756312164,4057800,0.0002286057937330721,0.0002285796674102846
2018-08-10,106.0210418701172,106.7346100118118,105.62371190524274,106.3778259409645,4324000,-0.0034298091767941408,-0.003435704455936909
2018-08-13,105.59127044677734,106.14265494882902,105.29125313671206,105.99670459459236,3778000,-0.004053642708646055,-0.0040618809891514816
2018-08-14,105.00743865966795,105.79398185412964,104.88581337098528,105.14528477779754,4542800,-0.005529167180573613,-0.005544509605452161
2018-08-15,105.7615737915039,106.01295342274751,104.54527102683532,105.2101891438325,5377300,0.007181730565585243,0.007156064748685538
2018-08-16,107.42386627197266,107.74822112847517,105.87511668383657,106.2400050711383,7861500,0.015717357645847363,0.01559511916045701
2018-08-17,109.03744506835938,109.46720421359082,107.18866660924805,107.39948788164968,6700900,0.015020673267349238,0.014908980037413823
2018-08-20,110.99166107177734,111.18626155252024,108.65635631991196,109.41045792852834,7935000,0.017922430245800536,0.01776371703826527
2018-08-21,109.75102996826172,111.43762515357496,109.71048407846118,111.0889577216008,5832100,-0.011177696518239522,-0.011240636422901297
2018-08-22,109.15098571777344,110.01860839158884,108.99691875637204,109.92130815191165,4688400,-0.005467322271707209,-0.005482322778170691
2018-08-23,109.5564193725586,109.86455329393344,108.73744682237698,109.15098521195743,5057600,0.0037144296235076535,0.003707548164991692
2018-08-24,110.23755645751952,110.39972766287508,109.32938780923256,109.5564299713043,4809400,0.006217226602164061,0.00619797938386874
2018-08-27,110.1314468383789,111.05383843612218,109.55190053500044,110.60488622238316,4325900,-0.0009625541652993341,-0.0009630177180468596
2018-08-28,109.6417007446289,110.11512771548036,109.2906971806835,110.0171790256941,6037500,-0.004446923270414405,-0.004456840244637392
2018-08-29,110.08246612548828,110.1477693941906,109.33149721839884,109.64168463090373,4648700,0.004020052387603723,0.004011993567703048
2018-08-30,110.15592956542967,110.68651396220184,109.87024177208332,109.95186151790008,4821900,0.0006673491476620885,0.0006671265692391547
2018-08-31,109.9437026977539,110.19674508249874,109.35598572755455,109.87024119031024,6139500,-0.0019266041193879424,-0.0019284624082793135
2018-09-04,109.1519012451172,109.99266047346065,108.92334606393588,109.9436861425394,4406800,-0.0072018809009319895,-0.007227939635165982
2018-09-05,110.89875030517578,110.96405358094664,108.93970185335436,108.95601833080237,6174800,0.016003835390239862,0.015877124139558454
2018-09-06,111.72317504882812,112.08233681939042,110.34367300068004,110.60488609029832,6562000,0.007434030964133198,0.007406534743693808
2018-09-07,112.09050750732422,112.39252424377004,110.80895414018528,111.6497135324472,6375200,0.0032878805882088358,0.0032824873271931434
2018-09-10,112.00074768066406,113.02924647764642,111.87829934069272,112.26194838634396,4892200,-0.0008007799113077807,-0.0008011007068101202
2018-09-11,113.06184387207033,113.38836018464364,112.00885834541528,112.35169113212444,7856800,0.00947400989171654,0.009429412913544927
2018-09-12,113.75567626953124,114.26993165976924,113.10265612191482,113.38018563667173,6767700,0.006136751123977602,0.0061179979500652374
2018-09-13,114.18829345703124,114.66989096409804,113.47814077863369,114.18829345703124,6456100,0.0038030382455374045,0.003795824978026201
2018-09-14,113.86180877685548,114.56380333695051,113.5434631307266,114.2781030970779,4534800,-0.0028591782072530103,-0.0028632734651743083
2018-09-17,114.24545288085938,114.60460215585648,113.60874916008336,113.73119745286976,5295500,0.0033693835371590986,0.0033637198828987682
2018-09-18,114.7188949584961,114.96377912119677,114.13934864394128,114.4985104218588,4581200,0.004144078085369873,0.004135515042907003
2018-09-19,114.6536102294922,115.08623354259936,114.3189356045371,114.89848194987242,5049900,-0.0005690843607543128,-0.0005692463507193596
2018-09-20,115.89431762695312,116.02492416164807,114.6943965570081,114.94745138872636,5019300,0.010821354818025375,0.010763222958940758
2018-09-21,116.6289520263672,116.83302003455704,115.65758631453186,116.0575516391774,13283400,0.0063388301899214294,0.006318824303934405
2018-09-24,114.66175842285156,116.31879001399328,114.4658486083845,115.99228611187368,6708000,-0.016867112062113887,-0.017010981870174555
2018-09-25,113.1679916381836,115.06174936051173,112.972081801462,114.71074579330136,7982800,-0.013027593551803274,-0.013113196932167958
2018-09-26,112.77616119384766,114.27809893340893,112.6129092578648,113.42101070034349,7133300,-0.0034623787050024335,-0.0034683866099209206
2018-09-27,112.82513427734376,113.93526486716463,112.29456237745494,113.01287337887491,6450500,0.0004342503147622967,0.0004341560553814844
2018-09-28,112.7843246459961,113.10267029524526,112.16396227844832,112.72719207065644,6638500,-0.0003617069158309283,-0.0003617723475559556
2018-10-01,114.02508544921876,114.15569201322008,112.64558319835749,112.85780952336404,4871800,0.011001181299946872,0.010941108484681277
2018-10-02,114.66992950439452,114.87399757990686,113.9924219990544,114.1066996231282,6439100,0.005655282367343029,0.0056393512929441576
2018-10-03,113.48631286621094,115.314766915346,113.36387702924118,114.71887929456194,5411800,-0.010321944412970296,-0.010375585118047096
2018-10-04,113.74755859375,113.89448164030992,112.09052669579812,113.09453821327436,4738700,0.0023020020735631253,0.0022993565260491264
2018-10-05,113.54345703125,114.48216498841931,113.10266311085851,114.11484502497586,4309300,-0.001794337962267356,-0.0017959497149366759
2018-10-08,113.7801742553711,114.01688769803955,113.15164121367792,113.38019641878007,5174100,0.0020848160722810594,0.002082645859060248
2018-10-09,113.62509155273438,113.96792439357228,112.49047365496406,113.24961330314676,4475300,-0.0013630028574982411,-0.0013639325908084818
2018-10-10,112.4251708984375,114.6536030571062,112.4251708984375,113.74754038240016,7265600,-0.010560349284647108,-0.010616505475710273
2018-10-11,109.2498779296875,113.18431626052612,108.46626352330291,112.57211205633288,11603200,-0.02824361255913488,-0.028650136139567853
2018-10-12,109.27436065673828,109.71515464081112,107.93567468289928,109.70698394701196,6998000,0.00022409843850379474,0.0002240733321995105
2018-10-15,109.33966064453124,110.44163311626994,108.98049887728826,109.2825280662838,6398700,0.0005975783102321053,0.0005973998314135162
2018-10-16,111.47013092041016,112.63740665659624,109.99268021428006,109.99268021428006,9592800,0.01948488099670609,0.01929748110064051
2018-10-17,113.83732604980467,114.27810755574804,111.18444141011769,111.20075788622005,8261100,0.02123613841527372,0.02101379394478075
2018-10-18,113.86994934082033,114.12299167983714,112.4088278726314,113.62506523827012,7583900,0.00028657815628396754,0.00028653710060772404
2018-10-19,113.50265502929688,114.27811114960406,112.57210519386312,112.9230962709806,5924800,-0.0032255596287665833,-0.0032307729598513683
2018-10-22,113.2006378173828,113.67407725117438,112.75985625092969,113.143505232531,4864300,-0.002660882354127536,-0.0026644287940820943
2018-10-23,113.40467834472656,113.8618011891251,112.19659910855458,112.474128636875,8282700,0.0018024680008688065,0.0018008455047939967
2018-10-24,112.21292114257812,114.36787888387812,111.96803703338702,113.0700092970854,8279200,-0.010508889223474038,-0.010564497530625955
2018-10-25,113.02922821044922,113.53531305895194,110.23757839381555,112.20479765799688,9720700,0.007274626304700549,0.007248293839541078
2018-10-26,111.80479431152344,113.70670986343166,110.46610852049965,112.59657927170528,11371400,-0.010832896219073573,-0.010891999264994985
2018-10-29,112.27823638916016,113.5434607089568,111.19259293825463,111.82112597937352,6783000,0.0042345418240077315,0.00422560138200886
2018-10-30,114.89031982421876,115.17602009543252,111.82929886975464,112.5884260879052,9646200,0.02326437891315858,0.022997888491163847
2018-10-31,114.26992797851562,115.44534925997053,113.95974061594288,115.09435825943646,9968900,-0.005399861769488812,-0.005414493720499905
2018-11-01,114.94745635986328,115.56781874350617,114.15567133510416,114.3352522142449,6913500,0.005929192337244205,0.005911683849730548
2018-11-02,114.8331527709961,115.91063791893882,114.0005641988481,115.8861507524241,7673200,-0.0009943985929479204,-0.0009948933352366325
2018-11-05,116.07389831542967,116.51469225549948,113.46182990226971,115.09437421741028,5601400,0.010804767739051035,0.010746813318414613
2018-11-06,116.37590026855467,116.58812649597644,115.14332162745738,115.52697044822416,5798900,0.002601807620041363,0.002598428778057776
2018-11-07,118.1553726196289,118.25332127443944,116.70240944843508,116.80852879469472,7173600,0.015290728982270796,0.01517500397464331
2018-11-08,118.60436248779295,119.00432792587068,117.54320605319194,117.7962484622598,5497100,0.0037999953638119255,0.0037927936200589734
2018-11-09,118.6370086669922,118.96352504800768,117.8533942632078,118.39212449506218,5343100,0.00027525276907591767,0.0002752148939824659
2018-11-12,118.8655242919922,119.37162140006872,118.1390427124194,118.35128140317876,7013600,0.0019261748721381977,0.001924322176015496
2018-11-13,118.09823608398438,119.78792523277352,117.06973776862785,119.33081487039286,7432300,-0.0064550946338569615,-0.0064760188510292905
2018-11-14,117.74726104736328,118.61250755856818,117.18403125470068,118.37579410855597,6433100,-0.0029718905909102977,-0.0029763154266789268
2018-11-15,117.95133209228516,117.95949033031218,116.30245877208532,117.061598389656,6657900,0.0017331277441756665,0.0017316276113179992
2018-11-16,119.16755676269533,119.77976077810104,117.99212306026467,118.12272957282865,8494300,0.010311241499660229,0.010258443282311883
2018-11-19,120.58788299560548,121.16744171092432,119.47775235715685,119.52672669402116,8714600,0.011918732509877072,0.011848263796752505
2018-11-20,119.54304504394533,121.42047334129563,119.46142530817056,120.4001332291839,8937700,-0.008664535156473696,-0.008702290487676845
2018-11-21,115.9024658203125,119.36345113059032,114.9147712194901,119.36345113059032,10275400,-0.030454128237192846,-0.03092749055251645
2018-11-23,116.098388671875,116.50652476186784,115.584145668105,115.78821371310144,3404900,0.00169041141770232,0.0016889842803948837
2018-11-26,116.13125610351562,116.68986244382528,115.59730540488415,116.64878642055156,7590900,0.00028309980884855257,0.00028305974365912083
2018-11-27,117.6509780883789,117.75777323911755,114.72654580803446,115.47408679392085,5962100,0.013086244270953618,0.013001359126222417
2018-11-28,120.2961196899414,120.39469212055285,117.76598951555792,118.1520815816431,8411400,0.022482954621724227,0.0222339384992666
2018-11-29,119.81145477294922,120.920432217366,118.98176170273754,119.62250756874975,6900000,-0.004028932256845752,-0.004037070270101577
2018-11-30,120.67398834228516,120.75614039042142,119.19535175297374,119.3924966130725,12517600,0.007199091029906013,0.007173301275299656
2018-12-03,120.10717010498048,120.45218610391969,119.06389938353776,119.5814296492672,8827200,-0.0046971037013952,-0.004708169758863554
2018-12-04,119.95928955078124,122.39084680223137,119.78678783213796,120.1975229227137,9803500,-0.0012312383521315695,-0.0012319969488109302
2018-12-06,119.86070251464844,120.3042908431016,117.29770733863874,118.70242669224471,11572500,-0.000821837445870055,-0.0008221753394054966
2018-12-07,119.46639251708984,121.0354034412349,118.39026867460096,119.5156912529668,9444500,-0.0032897354119079125,-0.003295158488372199
2018-12-10,119.3267593383789,119.83607939702706,116.96093363440848,119.43355447778978,6848100,-0.0011688071914531806,-0.0011694907792854064
2018-12-11,120.34537506103516,121.75009451043609,119.76212574856964,120.17286081703732,9857400,0.008536356206303441,0.008500127545498289
2018-12-12,120.83828735351562,121.98013058056044,120.75613530883643,120.75613530883643,8869200,0.004095814170095746,0.004087449156486219
2018-12-13,121.44615173339844,122.0622543852943,120.59182823801136,120.72326647872951,6008300,0.0050303955244290766,0.00501778535660387
2018-12-14,109.25553131103516,119.42533590580877,106.9554123554538,118.57099991976774,58140200,-0.10037881191266096,-0.10578150638716796
2018-12-17,106.08470153808594,108.14658801306194,104.1871066587664,105.41110223550083,36933100,-0.029022144095591007,-0.029451616404610206
2018-12-18,107.13613891601562,109.09124194718947,106.13394429790466,108.47513931480847,24640100,0.009911300712404758,0.009862505919844554
2018-12-19,104.82781219482422,107.90011523980368,104.40064418327871,106.68433032499271,21232100,-0.021545733722968197,-0.021781231841219884
2018-12-20,105.37000274658205,106.58577532537193,104.12958079334048,104.91819155812016,16609600,0.005172201350059247,0.005158871460149728
2018-12-21,105.22213745117188,107.2840361170574,104.42531645101984,104.9839165573802,19732900,-0.0014032959244177912,-0.0014042814662559994
2018-12-24,100.9094009399414,105.14819037265283,99.39789871164838,104.5731637134806,7531900,-0.04098696924144685,-0.041850616330165055
2018-12-26,104.0884780883789,104.12955410128122,100.22757103370824,101.38584064318158,9253000,0.031504271344645174,0.031018194426698866
2018-12-27,104.66352081298828,104.66352081298828,101.0983368988347,103.39845595747056,9918700,0.005524556945881276,0.0055093525538055495
2018-12-28,104.54852294921876,105.7643017581178,104.12136114828296,105.07426971030128,6537200,-0.0010987387284151495,-0.001099342784318756
2018-12-31,106.0107421875,106.42147732768044,104.6717416194264,105.29605452002966,7409900,0.013986034398510538,0.013889132291611796
2019-01-02,104.94283294677734,105.46036325732643,103.735270578591,105.25499567817424,7631700,-0.010073594606420655,-0.010124676602989975
2019-01-03,103.2752456665039,105.36999740897568,102.9795158612768,105.263202260392,8654500,-0.015890435139283565,-0.01601804172526715
2019-01-04,105.00853729248048,105.68213633925208,104.1049213248919,104.4252942018795,8831700,0.016783224428956744,0.016643942359049608
2019-01-07,104.33495330810548,105.43572686143094,104.16244528271628,104.8442609257341,8404700,-0.006414564013008439,-0.0064352257334257985
2019-01-08,106.75828552246094,107.20187396846728,104.92640399894177,105.29605685906635,9351600,0.023226465700322496,0.022960836565971792
2019-01-09,105.91214752197266,106.98828401970152,105.41927291972002,106.65147822731252,7403500,-0.007925736127621374,-0.007957311724766693
2019-01-10,106.55292510986328,106.7007837569232,104.8935514854371,104.8935514854371,6224400,0.0060500858766714405,0.006031857591957207
2019-01-11,106.58578491210938,106.65971424015012,105.40286552488288,105.9696821091492,5300400,0.0003083894901263484,0.00030834194786164357
2019-01-14,105.3781967163086,105.93680297277642,104.81138027027528,105.756078525211,7374400,-0.011329730289987183,-0.011394400613076556
2019-01-15,106.26541137695312,106.37220653997028,104.86069774593632,105.57537924971194,5194400,0.008419338044216351,0.008384093105523278
2019-01-16,105.18106842041016,106.30649143390754,105.06606932883216,106.30649143390754,6264200,-0.010204100680479167,-0.010256519411384729
2019-01-17,106.04358673095705,106.39682544037066,104.70459254072082,104.90996009386063,7632000,0.008200318968993425,0.008166879041064085
2019-01-18,107.35794830322266,107.76046070102215,106.33932068715458,106.70897979040276,10593000,0.012394540893833295,0.012318357431932322
2019-01-22,105.80538177490234,106.38040850312584,104.33494912150644,105.31249455948642,10568100,-0.014461589037965128,-0.014567177033198514
2019-01-23,105.80538177490234,106.21611694286808,105.09070032640628,105.55893816719438,9267800,0.0,0.0
2019-01-24,104.35134887695312,105.72320248024457,102.68376552755674,105.5507007735563,9917000,-0.013742523050884414,-0.013837825660305381
2019-01-25,105.33714294433594,105.51786743006684,104.3513809987586,105.25500342741304,7585100,0.009446874218609569,0.00940253155001833
2019-01-28,105.96145629882812,106.09288201775828,104.56495305757036,104.99211484703736,6927700,0.005926811161207413,0.005909316706125188
2019-01-29,107.0622100830078,107.17721540684308,105.55891814917788,105.928577223317,6669300,0.01038824703461394,0.010334659993829778
2019-01-30,108.13835906982422,108.59017028052196,107.0375917816829,107.09508818960276,7299300,0.010051623126237086,0.010001441553169335
2019-01-31,109.32129669189452,111.05459996489236,107.50584135425134,108.13016696240774,17298100,0.010939112006558949,0.0108797127119051
2019-02-01,110.24130249023438,110.64382741588403,109.64163273132036,110.09344386528612,9575200,0.008415613665219812,0.008380399814712955
2019-02-04,109.15696716308594,110.20022532058763,108.6065836182374,110.04415650743069,7759000,-0.009836017015895537,-0.009884710192305237
2019-02-05,109.15696716308594,109.9784373854821,109.05017202308936,109.68270760403384,6449800,0.0,0.0
2019-02-06,109.25553131103516,109.72377531899532,108.6805047057998,109.3212504280106,5066100,0.0009029579193233772,0.0009025504980590684
2019-02-07,108.47515106201172,108.95981551032403,108.0479830142686,108.80373415434242,6085300,-0.007142707006767557,-0.007168338262418636
2019-02-08,108.76265716552734,108.81195591011526,108.05619224213058,108.392998056287,4436700,0.002650432847530748,0.002646926644328782
2019-02-11,108.43407440185548,108.98445797231398,107.82618189652568,108.68872817710508,4962200,-0.003021099081569778,-0.003025671813506661
2019-02-12,110.2084503173828,110.32345564950396,108.49979071541084,108.49979071541084,6262300,0.016363637770831163,0.01623119631312127
2019-02-13,110.44668579101562,110.88206407272104,109.4280705815808,110.13453558230628,7902200,0.0021616806419719747,0.002159347572002853
2019-02-14,110.3316879272461,110.75064585534996,109.54308335900988,110.32347773567992,3910400,-0.0010412070126497586,-0.001041749445227111
2019-02-15,112.03209686279295,112.05673996315684,110.90667429607343,111.05454543289574,6665000,0.015411791186119794,0.01529423581957388
2019-02-19,111.46531677246094,112.0321333346342,111.41603055568817,111.83497593289994,5935500,-0.0050590866921482736,-0.005071927197019939
2019-02-20,112.00748443603516,112.31963463767391,111.49816430821168,111.6953216997539,6089800,0.004864003254761107,0.004852212209925949
2019-02-21,111.2435073852539,111.54744738752748,110.29882154677858,110.8820584449058,6665500,-0.006820767867682487,-0.006844135622807499
2019-02-22,112.21283721923828,112.24569051284124,110.75062122841086,111.13670070046904,5223900,0.008713585689342107,0.008675841501229648
2019-02-25,112.62630462646484,113.69303662798116,112.34515534613334,112.7503499803352,6846600,0.003684671179098098,0.0036778994076520706
2019-02-26,112.55187225341795,113.2547579925151,112.50225916459218,112.82475685973424,5106900,-0.0006608791196137664,-0.0006610975964823073
2019-02-27,112.35342407226562,112.66765717215894,111.95650668456308,112.06401013826896,4378100,-0.001763170857837948,-0.0017647270730928627
2019-02-28,112.99014282226562,114.07340403350317,112.20457277438744,112.41956704101229,10133200,0.005667105878237155,0.005651108245448004
2019-03-01,114.4041748046875,114.61916906342329,113.29609447086987,113.46975290053012,5641600,0.012514649040192394,0.012436988081738272
2019-03-04,114.5116729736328,115.28071375751566,113.7095610008124,114.81764140573792,8377700,0.0009396350188166647,0.0009391938381765946
2019-03-05,114.75149536132812,115.05745119952422,114.41245571383848,114.78456655284543,6568900,0.002094305160929233,0.002092115161028034
2019-03-06,115.01607513427734,115.47914741100504,114.61089320102724,115.33030815824536,6236900,0.0023056760359951856,0.0023030220437184282
2019-03-07,114.31321716308594,115.0408968577835,113.86667411033244,114.55301797454624,6100400,-0.0061109542328829924,-0.0061297025327262085
2019-03-08,114.16437530517578,115.1897588703318,112.80822936043448,114.18918185275588,7046700,-0.0013020529174487816,-0.001302901324876241
2019-03-11,114.57785034179688,114.96650313102208,113.7178604659699,114.20573945915808,6150400,0.003621751842602494,0.0036152090921181875
2019-03-12,115.09051513671876,115.76859438895772,114.52821659193316,114.65224932452544,5552900,0.004474379589009203,0.004464399311947338
2019-03-13,115.28072357177734,115.63629250867208,114.95822582663568,115.4295628613306,6446900,0.0016526855825835796,0.0016513214006019126
2019-03-14,114.13129425048828,114.77628966737883,114.0651392567335,114.39590160773254,8493600,-0.009970698358545582,-0.010020738673871559
2019-03-15,113.78401947021484,114.3297762289538,113.14728853094488,114.11478190689166,11922500,-0.0030427656371903034,-0.0030474042604371364
2019-03-18,113.42840576171876,113.932826536447,113.05629497132652,113.8253230969522,7369600,-0.003125339657992776,-0.00313023373173708
2019-03-19,114.47859191894533,114.79282496676046,113.6764800152508,113.79224809321832,5882500,0.009258581659277842,0.009215983721230803
2019-03-20,113.5276336669922,114.53647523178566,112.99840633937715,114.38763596047586,5475700,-0.008306865379916983,-0.008341559653505325
2019-03-21,114.19744873046876,114.75974724819233,113.24648489451882,113.2878333426514,5765100,0.00590001783566918,0.005882680889211288
2019-03-22,113.2134017944336,114.43723750018266,113.17205335065168,113.9080102259852,6528800,-0.0086170658537017,-0.008654407437007369
2019-03-25,112.9653549194336,113.29611732540742,112.2459397466632,113.21343303280246,4500300,-0.0021909674214223296,-0.002193371102109024
2019-03-26,114.58609008789062,115.16493045112202,113.22993178292909,113.22993178292909,4758600,0.014347187857843169,0.014245240902550452
2019-03-27,114.69359588623048,115.3385913206414,114.17264580014483,114.60263434456866,6764900,0.000938209849532301,0.0009377700057604288
2019-03-28,114.84245300292967,115.3220672791584,114.70187836265544,114.991292286358,4602100,0.0012978677279142925,0.0012970262256217964
2019-03-29,115.59491729736328,115.6693495426864,114.84243114473816,115.17319345680812,7168400,0.0065521440439313405,0.00653077205226155
2019-04-01,114.92512512207033,116.00838629604633,114.72667276517362,115.76032084992544,5885200,-0.00579430472336373,-0.005811156836025062
2019-04-02,113.875,114.94998440713827,113.2134623986824,114.94998440713827,5517800,-0.00913747207979898,-0.00917947483961946
2019-04-03,113.42840576171876,114.31321458696938,113.1803276955324,114.28013078199808,5947000,-0.00392179353046096,-0.003929503928369955
2019-04-04,112.10535430908205,113.29610642670768,111.7415081268454,113.18033833397564,5844600,-0.011664198608381082,-0.011732759029344375
2019-04-05,112.60977935791016,112.94055439931972,112.21286192599634,112.49401124786122,4759700,0.004499562504725496,0.0044894697373918475
2019-04-08,112.5766830444336,112.8826388489168,112.21283688895365,112.50226340838763,4329600,-0.0002939026580575099,-0.00029394585590789923
2019-04-09,112.10535430908205,112.67591751183409,111.27015849500911,112.46092323041051,5210300,-0.004186734966827199,-0.004195523881483947
2019-04-10,112.11360931396484,112.56841700266143,111.9068796934459,112.36995202456436,4194100,7.363613391775381e-05,7.36334229107292e-05
2019-04-11,111.8076400756836,112.60973929854408,111.15436748740348,112.42782886270302,4485200,-0.0027290998849605064,-0.002732830667382768
2019-04-12,112.4443588256836,112.75032720921628,111.42725274179622,111.81590539343436,5756800,0.005694769602229366,0.005678615701297884
2019-04-15,112.89088439941406,113.11414324484096,112.29550224273308,112.46088337119528,5380900,0.0039710802604395745,0.003963216333204731
2019-04-16,114.13129425048828,116.34742976128663,113.75090619084196,114.37937232262502,10745700,0.01098768831224306,0.010927762231487906
2019-04-17,114.54473876953124,115.89260716342451,113.84185309181936,114.94165606324796,9543700,0.0036225342204176947,0.003615988646276725
2019-04-18,113.71784973144533,115.96706933932462,112.25420027226598,115.23111228792284,10485300,-0.007218917664561175,-0.007245100132835676
2019-04-22,113.97417449951172,114.51994371924788,112.84130023066275,113.27128875126591,4666500,0.0022540416361347404,0.002251505095216812
2019-04-23,115.68589782714844,116.4714805284492,113.49456875977124,113.63514339637888,5790500,0.015018519196592583,0.01490685784118761
2019-04-24,115.10702514648438,115.88433036942156,114.82587595199236,115.47913585893228,5676300,-0.005003830990091607,-0.005016392072254577
2019-04-25,115.4791488647461,115.57838765227504,114.08166737551936,114.54473965807657,5218100,0.0032328497568949732,0.003227635333395705
2019-04-26,116.09110260009766,116.198606056574,115.19802899141932,115.66937865340648,4613600,0.005299257410255942,0.005285265754196747
2019-04-29,115.63626861572266,116.12414745437596,115.42127436930944,116.0580050845363,4275200,-0.003917905629183149,-0.003925600727130401
2019-04-30,116.76090240478516,116.96763205232116,114.90861283823934,115.92571917113916,6003700,0.00972561465814703,0.009678625289254216
2019-05-01,117.38109588623048,117.71187090574414,115.56187744112412,116.5541772641115,6656300,0.005311653718598874,0.005297596641564834
2019-05-02,116.82706451416016,117.54647969366796,115.86783586296504,117.34802729533592,8835600,-0.004719936953113013,-0.004731111030023961
2019-05-03,117.43072509765624,117.49688011063628,116.66169673009831,116.83534259861464,5281600,0.005167129603114384,0.005153825797592384
2019-05-06,117.49685668945312,117.6209020457311,115.71070954836914,115.9753295475413,5818900,0.0005631540786441569,0.0005629955668942438
2019-05-07,115.74378204345705,116.9097401425095,114.99128318936432,116.44666780699856,6606700,-0.014920183359708905,-0.015032608970850292
2019-05-08,115.59491729736328,116.52933912473227,115.52049766981357,115.93395686878767,4667300,-0.001286157610072447,-0.0012869854206441263
2019-05-09,114.71839904785156,115.20629054843008,113.81706091837871,114.900322125808,5604200,-0.0075826711935518265,-0.007611565802987346
2019-05-10,114.9830322265625,115.14841342066708,112.7999676581636,114.4703341217291,4771600,0.002306806762536473,0.002304150168531568
2019-05-13,113.4532241821289,114.16437465015544,112.89919025972551,113.99072881809106,5560000,-0.013304641691995522,-0.013393941388716506
2019-05-14,113.13899230957033,113.98244007302648,113.06456005698035,113.32090276652733,7179400,-0.00276970420914735,-0.0027735469369701733
2019-05-15,113.2134017944336,113.69301598320214,111.90686920112068,113.20512453501313,6429400,0.0006576820541204231,0.0006574658760573625
2019-05-16,114.28839111328124,115.0987675661976,113.2630078132229,113.61031200732992,6857200,0.009495247928328787,0.00945045140784668
2019-05-17,114.61917114257812,114.96647539042414,113.17206380099913,113.28783188361444,6915300,0.002894257466351302,0.002890077167176199
2019-05-20,114.46204376220705,114.90858676551912,113.85011960194636,114.61916027752892,4771100,-0.0013708647410791697,-0.001371805235773944
2019-05-21,114.21395111083984,115.41299273535972,114.18087993078906,115.04086940760013,4859000,-0.002167466552341235,-0.0021698189076846753
2019-05-22,114.74320220947266,114.90031873741758,113.6930248387004,114.40417522671068,5456800,0.004633856840476458,0.0046231535780545865
2019-05-23,115.59491729736328,115.64454300016985,113.84185433140053,114.52819811583036,6951800,0.007422793433425001,0.0073953800744664564
2019-05-24,115.603271484375,116.14444121844365,115.36181714460062,116.14444121844365,5473300,7.22712313572238e-05,7.22686199176034e-05
2019-05-28,114.1212921142578,116.9687028475574,114.10463702343516,115.72815901556493,11919600,-0.012819527951832277,-0.012902407177222661
2019-05-29,109.34228515625,113.13883237632062,107.00274696957293,113.13883237632062,23247400,-0.04187655843594085,-0.04277865590500385
2019-05-30,109.99169158935548,110.58282654611313,109.20906757792014,109.43386680982633,7360600,0.0059392067046841746,0.0059216391404889514
2019-05-31,109.19241333007812,109.90010850436404,107.9102509873358,109.50047530331726,7811000,-0.007266714855712841,-0.007293246035926339
2019-06-03,109.43386840820312,110.23313481581636,109.10083015160554,109.48382097066516,8434600,0.002211280717782982,0.002208839434822119
2019-06-04,111.34048461914062,111.81505946205228,110.38302644345583,110.39968153551754,6648900,0.017422542387202977,0.01727251001894398
2019-06-05,111.8816375732422,112.5060699674299,111.44869422278802,112.14805545529197,6860600,0.004860343081428908,0.0048485697468798345
2019-06-06,113.79654693603516,114.61248103158388,112.05646514568066,112.3145618212508,9115800,0.017115492804075094,0.016970672864614074
2019-06-07,115.35350036621094,116.21937451467966,114.1795642105204,114.55422117183753,6533900,0.013681903995302669,0.013589151806908305
2019-06-10,115.74478912353516,115.85301543024244,114.56253201254944,115.39510851640776,4994700,0.0033920839513494894,0.0033863438116109026
2019-06-11,116.37753295898438,117.11020428641284,116.14441257373134,116.29427023391906,8230500,0.0054667155233560916,0.005451827269302338
2019-06-12,117.9594268798828,118.98350507372668,116.8104800026586,116.8104800026586,9216500,0.013592777580668791,0.01350122448704259
2019-06-13,117.15185546875,118.1842422912136,116.735567181212,117.99275323609702,7500800,-0.006846179508443573,-0.0068697221081442895
2019-06-14,116.63565063476562,117.80126547514364,116.5940192647324,117.58478743261504,6548100,-0.00440628816264943,-0.004416024461487761
2019-06-17,116.09449005126952,116.76055391176256,115.9030009790154,116.5607309423812,5562800,-0.004639752773281214,-0.004650549836259985
2019-06-18,116.7521743774414,117.33497526352028,116.38583876216138,117.02692608890142,7122700,0.005665077867876844,0.00564909166123909
2019-06-19,116.93531799316406,117.36826114929978,116.4857324609452,116.5689824536726,6393400,0.0015686527184546328,0.0015674236679135145
2019-06-20,118.40070343017578,118.5588822854082,117.39328032833058,117.6014244423879,7335800,0.012531589789642306,0.012453719304093072
2019-06-21,118.30081176757812,118.58388477628463,117.4016274715886,117.77629712300109,11272200,-0.0008436745703674919,-0.0008440306640567155
2019-06-24,119.1083984375,119.64124691787818,118.30079817291136,118.57554995712182,5894700,0.006826552226103955,0.006803356821714093
2019-06-25,120.09085845947266,120.7069570390164,119.21665045151028,119.28325810683334,7517000,0.008248452962686725,0.008214620391474223
2019-06-26,118.10100555419922,119.7661588918454,117.19348733005712,119.7661588918454,7674100,-0.01656956183675673,-0.016708372517423437
2019-06-27,117.13520050048828,118.642162070267,117.06027165764093,118.41736283761452,5233500,-0.008177788573254019,-0.008211410111579755
2019-06-28,115.96127319335938,117.47656877339509,115.32018562456648,117.17684067537216,12792400,-0.010021985723446258,-0.010072543901559181
2019-07-01,116.02786254882812,116.77717632364678,115.495014092397,116.72722376587345,5872300,0.0005742378781725677,0.0005740730666931814
2019-07-02,116.585693359375,116.585693359375,115.47004383060346,115.91130838607444,4501200,0.004807731507698199,0.004796211275938323
2019-07-03,118.34242248535156,118.37571995534192,117.21843913551284,117.39328578926232,3436300,0.0150681363669678,0.014955739666255635
2019-07-05,117.03530883789062,118.10932715456568,116.86878334026252,118.00942201927828,4652400,-0.011045182446072777,-0.011106633383877722
2019-07-08,117.36833190917967,117.45991584926736,116.2610034350694,116.66063667176488,4078100,0.002845492309934583,0.002841451560158373
2019-07-09,117.73463439941406,118.61716337044432,117.31834619012749,117.77626576116432,4217400,0.0031209652917094655,0.0031161051890489814
2019-07-10,117.56814575195312,118.21755447520698,117.11854727947858,118.04270780166452,4874400,-0.0014141008574938274,-0.001415101641695873
2019-07-11,116.65235137939452,117.5681910621281,115.74484559639566,117.34339173925432,5817400,-0.007789477045004767,-0.007819973492134629
2019-07-12,111.81504821777344,116.66063778319052,110.16654998460182,116.66063778319052,17780100,-0.04146768671544787,-0.04235200471773568
2019-07-15,112.15640258789062,113.53014893558948,111.93992453505996,112.72254859413152,10038200,0.003052848212812709,0.003048197734107237
2019-07-16,110.31639099121094,111.42371930829512,109.6919585893739,110.67439280362484,10214500,-0.016405765112141313,-0.016541829893695244
2019-07-17,109.78353881835938,111.21557142799568,109.4088819306996,110.30806608354864,8862100,-0.004830217595624742,-0.00484192079785267
2019-07-18,109.9583969116211,110.324719941675,109.2090703542544,110.00834947462342,6203100,0.001592753295655891,0.0015914862093842754
2019-07-19,108.49304962158205,110.22481039280088,108.3931444995862,110.10825018243568,8340200,-0.013326379168812519,-0.013415972217261665
2019-07-22,107.10265350341795,108.35983959813996,106.43658968142924,108.23495818956552,12624800,-0.012815531713909034,-0.012898359052337936
2019-07-23,107.26918029785156,107.77705259926016,106.70303423286488,107.0776912116487,5803600,0.0015548335077271158,0.001553626005589889
2019-07-24,108.05176544189452,108.06008663251328,107.04435510038932,107.30245175475665,6838600,0.0072955264678071785,0.007269042844561942
2019-07-25,109.16744995117188,109.50880943812976,107.96021630892602,108.284920705173,8897800,0.010325463028897142,0.010272519567480091
2019-07-26,108.84271240234376,109.3172870622135,108.64290219112114,109.3172870622135,4894600,-0.0029746737601121787,-0.002979106895705911
2019-07-29,110.74933624267578,110.99077785237726,108.40979816973778,109.06752805445628,7832000,0.017517239310281596,0.017365581002172763
2019-07-30,109.96671295166016,110.30807238832932,109.29232797450548,110.29141730007204,5509600,-0.007066618343433917,-0.007091705146610198
2019-07-31,108.41812896728516,109.90011434131644,108.38481878803104,109.60038624858478,8559200,-0.014082297659071985,-0.014182394048668933
2019-08-01,108.47640991210938,108.85107958093168,107.4190466767886,108.45143362806948,7870700,0.000537557190659621,0.0005374127585510338
2019-08-02,109.12580871582033,109.45883423650466,108.04345671743224,108.95096205979,6574900,0.005986544025904816,0.005968695868315201
2019-08-05,108.36817169189452,109.45052379660557,107.41070099368034,108.99260413259968,9480000,-0.00694278496390166,-0.006966998232187777
2019-08-06,108.87606048583984,109.25071746645123,107.89361335683029,108.51804589255345,7880600,0.004686697081033309,0.004675748710738523
2019-08-07,108.40979766845705,108.992598709964,106.72798948801412,107.70210252255649,6771700,-0.004282509996248796,-0.004291706206816559
2019-08-08,109.6336669921875,109.8584662034567,108.42643361274251,109.05086598529432,5260500,0.01128928703910459,0.011226038612788447
2019-08-09,109.9333724975586,110.5328284686198,109.25898770614138,109.73356230994256,4677300,0.002733699543156387,0.0027299697823775764
2019-08-12,109.84181213378906,110.48289959936426,109.30896367910702,109.48381033484908,6852100,-0.000832871417381198,-0.000833218447481157
2019-08-13,111.08236694335938,111.64852562983069,109.9001097118614,110.14988522930138,5013200,0.011294012593849878,0.011230711404011587
2019-08-14,108.45143127441406,110.34970504492068,108.34320494729393,110.34138385179196,7736200,-0.023684548154135232,-0.02396953593130783
2019-08-15,108.68453216552734,109.12580940417612,107.61051405605262,108.3764829217457,7251200,0.0021493574439186425,0.0021470508797037813
2019-08-16,109.36725616455078,109.62535286250736,108.73450255975042,109.4588400932557,5858900,0.0062817034348885414,0.006262055773460017
2019-08-19,110.10826110839844,110.37469173230528,109.75025924964892,110.31640526928388,4958000,0.006775382046092071,0.0067525322976093385
2019-08-20,108.7344970703125,110.44960264482695,108.61793686730984,109.86680162981372,7302000,-0.012476484727458437,-0.01255496955616423
2019-08-21,109.50879669189452,110.24146814855204,108.9426507147395,109.6503331861833,6912800,0.007121011660920384,0.007095776984179857
2019-08-22,109.2923355102539,110.00835190536638,108.9010234859418,109.56708731694822,7213500,-0.001976655649405301,-0.0019786118113809398
2019-08-23,106.34500885009766,109.28399679506865,105.84545782284076,109.1258179170773,15714000,-0.026967368264170122,-0.02733766011714647
2019-08-26,107.20060729980467,107.4354745804547,106.21918844901226,106.88185336207674,8889500,0.008045497000362722,0.008013304543640456
2019-08-27,108.74401092529295,111.05913645921888,108.2910563118768,108.94533119753642,20183800,0.014397340317036544,0.01429468277017556
2019-08-28,107.9387664794922,108.09814346364509,106.53795260685152,107.25094446283684,9878800,-0.007404954433342992,-0.007432507210730671
2019-08-29,107.5696792602539,108.37493478498828,106.38694660903786,108.07296076338643,6749900,-0.0034194129808627904,-0.0034252725347325343
2019-08-30,107.67034149169922,108.2910694737485,107.04961990930332,107.59485118017218,7371100,0.0009357862934755712,0.0009353487184452427
2019-09-03,107.98908996582033,108.19039745304282,106.95734429623344,107.3599720699846,5710200,0.002960411100262794,0.00295603771254587
2019-09-04,108.08973693847656,108.70206850593094,107.4354620473762,108.61819465794431,4807200,0.0009320105641050791,0.0009315765119324815
2019-09-05,107.8548812866211,108.96211091400328,107.62839755401532,108.96211091400328,4754100,-0.0021727840080612015,-0.00217514792804646
2019-09-06,107.54451751708984,108.40009992566802,107.42708388458072,108.1065222440482,6758300,-0.0028776052212831082,-0.0028817534871468362
2019-09-09,106.48760986328124,107.50258210412952,106.1856358147014,107.3683685715814,7684700,-0.009827629322346931,-0.0098762392135918
2019-09-10,108.66851806640624,108.66851806640624,105.97591548545688,106.81473073444604,8239500,0.02048039397189072,0.020273490904755134
2019-09-11,110.02739715576172,110.11966734720396,108.2742763176643,108.92855120268922,6203600,0.012504809244983761,0.012427269858865449
2019-09-12,109.40668487548828,110.53070722249448,109.09632727781344,110.18678984169924,5250000,-0.00564143382756499,-0.005657406817417681
2019-09-13,109.70026397705078,110.36293523206668,109.0124420862697,110.16161495219367,5369800,0.0026833744381946634,0.0026797806166172816
2019-09-16,108.66012573242188,109.6750978528501,108.4839816912444,109.13825658565732,5101700,-0.009481638483992194,-0.009526875391920655
2019-09-17,108.76918029785156,109.46539854481962,108.29944576960948,108.71046988147428,4976400,0.0010036300316662583,0.0010031267317691388
2019-09-18,109.3899154663086,109.51573265207756,108.02264231752072,108.96211143608048,4373600,0.005706903065346491,0.005690680385624392
2019-09-19,109.13825225830078,110.04417426063836,108.5091408232862,108.73562452369684,4730100,-0.0023006070251998523,-0.0023032574874370573
2019-09-20,110.43004608154295,110.72363660134538,109.28925658640529,109.8848211725473,12053100,0.01183630667077984,0.01176680548035846
2019-09-23,110.50555419921876,110.7655849460262,109.45703486576396,109.90160603920413,5183700,0.0006837642503567665,0.0006835305900880255
2019-09-24,110.34615325927734,111.37789247562598,110.1699964178005,110.80750422571144,7102600,-0.0014424699382444839,-0.0014435112995479062
2019-09-25,109.87642669677734,110.36294113300433,109.23891884274578,110.30421791516189,4522900,-0.004256845831284162,-0.004265931994264426
2019-09-26,108.08136749267578,110.14484617246364,107.39353273320847,109.96030576379228,7545800,-0.016337073001612357,-0.016471994478287722
2019-09-27,107.87165069580078,108.54269268389032,106.2778939758244,107.880034240895,6006500,-0.001940360320563217,-0.001942245258350359
2019-09-30,108.52593231201172,109.28086099499914,108.20717838842286,108.26590160563396,6552100,0.006065371318512813,0.0060470509962790185
2019-10-01,109.03760528564452,109.71704362970188,108.85306489598628,109.06276872066104,7673000,0.004714753080044876,0.004703673443261376
2019-10-02,110.72361755371094,112.98841626199392,110.06934265574708,111.3611125621793,12051800,0.015462667798413099,0.01534433897792409
2019-10-03,110.04417419433594,111.03397004116285,109.05436554820416,110.42163849525627,6997600,-0.006136390540576464,-0.006155295563758494
2019-10-04,112.1160659790039,112.16639285356302,110.09451785549976,110.17000816733844,7233300,0.018827818917601657,0.01865276932320693
2019-10-07,111.69666290283205,112.25028414444996,110.8410676020868,111.637939680551,5427200,-0.0037407937257663004,-0.0037478079926967444
2019-10-08,110.58940887451172,111.78052509469184,110.29583119167712,111.1010867324129,7870400,-0.009913044844352736,-0.009962506220083826
2019-10-09,108.3917007446289,110.09449457003444,107.80453266678288,110.00222438642264,7787700,-0.01987268177169299,-0.020072799196447864
2019-10-10,108.2575225830078,109.14666493391556,107.8968380743336,108.16525236927352,5119700,-0.001237900694419647,-0.001238667526390815
2019-10-11,110.16162872314452,111.24369496437646,109.73383747415652,110.00225174823508,7161400,0.017588672774926373,0.017435782227818972
2019-10-14,109.64993286132812,110.18677412089758,109.39828572105692,110.18677412089758,5700000,-0.004644955487199343,-0.004655776815667568
2019-10-15,111.42822265625,112.6109553146281,110.8075075186972,111.56243617762038,10008800,0.016217883116908416,0.01608777805149216
2019-10-16,113.3826675415039,114.57378378386588,112.233494625844,113.15618381675785,12434200,0.017539944896036497,0.01738789544712503
2019-10-17,114.22146606445312,115.32870828972668,113.78527856971162,114.0453220372624,8434000,0.007397943099567428,0.00737071253615077
2019-10-18,107.11672973632812,112.7284071096795,107.11672973632812,111.82248489341887,25868700,-0.06220141075860408,-0.06422007665557541
2019-10-21,107.38512420654295,108.76916415030766,106.57985599245715,107.93034896031595,13823600,0.00250562606677307,0.0025024922195211467
2019-10-22,108.37493896484376,109.49894844442746,107.44385342893634,108.0058581687282,7613700,0.009217429002521982,0.009175207753080387
2019-10-23,108.9621124267578,109.44862688166585,108.2659069267639,108.76080492769718,6693400,0.00541798193865195,0.005403357474116974
2019-10-24,106.9489517211914,109.53250440456904,105.77460901059676,109.39829088351688,12111600,-0.018475786314436582,-0.018648595487840834
2019-10-25,107.66194915771484,108.29106063436848,106.78957407581058,107.22576161676272,6947300,0.006666708042002867,0.006644583819995086
2019-10-28,108.358154296875,109.04598898645632,107.79614958186148,107.88841977682226,7876300,0.006466584941168696,0.006445766282983584
2019-10-29,108.30782318115234,109.02082127783687,107.838088679513,108.79433757193746,4506300,-0.00046448849234514977,-0.0004645964005409475
2019-10-30,111.42822265625,112.0070072677672,110.49713715061492,111.81408333036342,9627600,0.02881047170414064,0.02840325301098418
2019-10-31,110.75715637207033,111.42821111008188,109.79252398570058,111.0423632752558,7686700,-0.00602240858000469,-0.006040616422742334
2019-11-01,110.05258178710938,111.56245212002386,110.00225490923016,110.76558002188524,5541800,-0.006361436209088356,-0.006381756367175513
2019-11-04,109.2389144897461,110.68167785022216,109.12148085804716,110.55586067315396,6140300,-0.007393441245542753,-0.007420908199551849
2019-11-05,109.3982925415039,110.27905118771146,108.77756459670962,109.49056273871244,6257300,0.00145898604450867,0.0014579227584569975
2019-11-06,109.85126495361328,110.28743972442436,108.79434941060916,109.39829749252392,5450000,0.004140580274025085,0.004132031660877237
2019-11-07,110.24549865722656,111.04238350338932,109.8931977354368,110.49714582973547,5873700,0.0035887953022639696,0.003582370942290443
2019-11-08,111.56243133544922,111.59597831468282,109.85963735479994,110.1364479308722,5003000,0.011945455318019382,0.011874671505633943
2019-11-11,110.70686340332033,111.15983092987416,110.16163846135532,110.95012705999402,4371400,-0.007668960974473116,-0.00769851867053893
2019-11-12,110.17839050292967,110.79910560930792,109.9015799287454,110.72361530706816,5228700,-0.004773623641249336,-0.0047850537725205615
2019-11-13,110.11128997802734,110.29583037126204,109.64993899494056,109.91835324008728,5885400,-0.0006090171093989794,-0.0006092026356483472
2019-11-14,109.85126495361328,110.18678597720744,109.16343021614668,109.9099753730543,4217500,-0.0023614746904332407,-0.0023642673692164844
2019-11-15,113.1897201538086,113.21488358475668,109.70024600356584,110.0944901541574,10495100,0.030390685092293035,0.029938036238088942
2019-11-18,113.09747314453124,113.81885484454332,111.27724540364986,112.58579527825168,9291800,-0.000814976917974608,-0.0008153091922058423
2019-11-19,113.08910369873048,113.39946131557154,112.5774257686556,113.24008433417492,5192200,-7.400205829588558e-05,-7.400479658329503e-05
2019-11-20,114.028564453125,114.3640854843666,112.45998379314486,113.33234615395712,7594400,0.008307261474962635,0.008272946091946112
2019-11-21,114.4479751586914,114.79189254432924,113.24007893549036,114.02856745893034,6424900,0.003678119667452462,0.003671371926246583
2019-11-22,115.81525421142578,116.28498881101928,114.4983078239224,114.62412502048927,9235800,0.011946729951652912,0.011875931092130502
2019-11-25,115.86590576171876,116.2628814145356,115.07196734406804,115.76455466329163,6111900,0.0004373478315775614,0.0004372522228898211
2019-11-26,115.8574676513672,116.00105267449386,114.15131774412566,115.2662314126152,10636500,-7.282651696449705e-05,-7.28291689440407e-05
2019-11-27,116.34735107421876,116.76966450824496,115.62941308118091,115.8490243151838,5523000,0.004228328417514637,0.004219414156359658
2019-11-29,116.12775421142578,116.78656214588251,115.66320685046692,116.22066368361754,3278900,-0.0018874246879321266,-0.0018892081183221128
2019-12-02,116.01793670654295,116.431808474446,115.58718168214092,116.32200286729208,4717100,-0.0009456611438717344,-0.0009461085634650383
2019-12-03,115.8490219116211,116.09395802756188,115.00439506109248,115.63786519898892,5741400,-0.0014559368983532162,-0.0014569978043456964
2019-12-04,117.72408294677734,118.0281490985152,116.59227328376436,116.98080726742226,7257300,0.016185385117767348,0.016055798178548873
2019-12-05,117.8761215209961,118.03660268511396,116.51627177239604,117.69875709916909,5472900,0.0012914823408518572,0.0012906490948713131
2019-12-06,118.56873321533205,119.582282959358,117.7916779819793,117.7916779819793,6640400,0.0058757591053977265,0.0058585641555765735
2019-12-09,118.67005157470705,118.93188379012592,118.2984137639264,118.57714212201188,4241000,0.0008545116121887464,0.0008541467249931655
2019-12-10,118.23931884765624,119.09238733713484,118.17174715225453,118.92346454262209,5310300,-0.0036296666373288877,-0.0036362698604527842
2019-12-11,119.07547760009766,119.9201043642396,118.77986596543694,119.03324368429423,6631500,0.007071748726147131,0.0070468611745791825
2019-12-12,119.37954711914062,119.98767943752053,118.86432426295715,119.36266386272818,5012400,0.002553586390509066,0.0025503315286519385
2019-12-13,119.41336059570312,119.768102363037,118.50960358598392,119.1768660841472,4257200,0.0002832434648856186,0.00028320335902838763
2019-12-16,119.7596206665039,120.65493584333178,119.50624295304272,119.70894512381167,5353100,0.0028996761256314674,0.0028954801741246494
2019-12-17,121.25464630126952,121.66851815812184,120.3762399191974,120.78165725800108,10722400,0.01248355352534758,0.01240627643487571
2019-12-18,120.94215393066406,121.52494867930749,120.56207432137076,121.38980525307406,7849200,-0.0025771579080692275,-0.002580484496168494
2019-12-19,122.7665023803711,123.21415352359708,121.29684720632004,121.5333416635722,9414700,0.015084471298178803,0.014971831984783496
2019-12-20,123.36622619628906,124.869661330524,122.30200074144442,124.05882657101934,14532800,0.004885076989974202,0.004873183718678973
2019-12-23,123.68717193603516,123.9574458567885,122.75807714097964,123.09593565190184,6558700,0.0026015689191580815,0.002598190696588261
2019-12-24,123.25640106201172,123.32397276261533,122.69050256843876,123.3155311330339,4238900,-0.0034827449547170097,-0.0034888238291435865
2019-12-26,123.17195129394533,123.46756299756396,122.60605277651972,123.2901985529897,3019300,-0.0006851552320102927,-0.000685390058123955
2019-12-27,123.1043701171875,123.78007421172248,122.9269927982784,123.48444964286854,3432700,-0.0005486734280644168,-0.0005488240044104278
2019-12-30,122.72430419921876,123.48446333486751,122.4962513033301,123.1297215456991,2923300,-0.0030873470828609584,-0.0030921227708700337
2019-12-31,123.20572662353516,123.32397387866553,122.28508635944986,122.55537316431024,4435000,0.0039227961197880745,0.003915122017833988
2020-01-02,123.29019927978516,123.33243320568954,122.53848179543208,123.20573142797636,5777000,0.0006856228080056592,0.0006853878760652285
2020-01-03,121.86273956298828,122.78337957527552,120.78161841520532,121.20393176630743,5752400,-0.011578046958602983,-0.011645594428988621
2020-01-06,121.71074676513672,121.795201726038,120.65496309398873,121.62627891625118,7731300,-0.0012472458636382244,-0.0012480243221138034
2020-01-07,122.45401000976562,122.85098570214144,119.41336076210204,121.63472084788228,7382900,0.0061068004624371675,0.00608822952415175
2020-01-08,122.43710327148438,123.29861330472568,121.37286528409643,122.36107706668392,6605800,-0.00013806602397015144,-0.00013807555596101172
2020-01-09,122.80029296875,123.3408536185786,122.46244739560056,123.11280076831235,6112700,0.0029663368992021155,0.002961946003010862
2020-01-10,122.52157592773438,123.46755393062074,122.38643253075529,123.10437055022103,5042600,-0.0022696773295691752,-0.00227225695117096
2020-01-13,123.0621337890625,123.138147115116,122.23440305562973,122.87631484449832,4593200,0.004411940160212735,0.004402236084289568
2020-01-14,123.75474548339844,123.83075881649516,122.2428560114463,122.51314282421404,7037500,0.005628146311221327,0.005612367471831311
2020-01-15,124.1685791015625,124.49798303240117,123.51822575604892,123.65335624686796,4960300,0.0033439818129605836,0.003338403138974616
2020-01-16,125.17369079589844,125.714251439347,123.48443717412388,124.51488291444495,6476000,0.008094734606842957,0.008062147977959282
2020-01-17,125.99299621582033,126.19571131646508,124.94565419446508,125.3510843957546,9083600,0.006545348425155861,0.006524020646727613
2020-01-21,126.07747650146484,126.8376356499054,125.42711009971931,125.49468180660062,9543900,0.0006705157285076258,0.0006702910332720538
2020-01-22,125.21591186523438,126.0014085325257,123.31550173574516,123.90673786510116,10305300,-0.0068336126335813985,-0.0068570686851839565
2020-01-23,125.4524383544922,125.65515345974606,123.95744506220755,125.03856651425964,8671900,0.0018889491418023763,0.0018871673208654509
2020-01-24,125.27507019042967,125.80717638292911,124.94565332119032,125.49466854860532,9051900,-0.0014138279525610642,-0.001414828350338859
2020-01-27,125.63824462890624,126.23793536641894,124.16014763327206,124.59935720632431,7587100,0.0028990160446489277,0.0028948220014125858
2020-01-28,126.27173614501952,127.17549321871176,125.13148454303096,125.39332973820244,7336600,0.005042186939052007,0.005029517683810297
2020-01-29,127.15013122558594,127.6991464579286,125.95921705988664,126.22949097329912,6288600,0.006956387132886155,0.006932303099313829
2020-01-30,126.99813842773438,127.12482734467848,125.8916789264644,126.71940992246992,6470600,-0.0011953805818878394,-0.0011960956191401808
2020-01-31,125.73963165283205,126.69406439543336,125.5453710293953,126.48290762144096,8651700,-0.009909647420686118,-0.009959074786289135
2020-02-03,126.83763122558594,127.10791804368311,126.05213432546256,126.20416099465362,5765200,0.00873232693877668,0.008694420685254162
2020-02-04,128.04541015625,129.01672568543262,127.70755175063576,127.95250070570364,6541400,0.00952224445532246,0.009477193649652034
2020-02-05,130.0641326904297,130.08947047257033,127.80052534463456,128.14682555120558,5979900,0.015765676658900052,0.015642689346617424
2020-02-06,129.6755828857422,130.49487211061464,129.0083332233335,130.2837153596266,6201200,-0.002987370896573749,-0.002991841995785343
2020-02-07,128.29037475585938,129.6164451278578,128.0032047132043,129.5150811396394,5700300,-0.010682104518499269,-0.010739567782398459
2020-02-10,128.26502990722656,128.30726382598985,127.44574085755266,128.11299037727528,4835600,-0.00019755845815438988,-0.0001975779753971573
2020-02-11,128.3748321533203,128.70423609026713,127.99473978239676,128.6282098832931,3715300,0.000856057540961519,0.0008556913326868012
2020-02-12,127.61466979980467,128.50997221364568,127.47108477947012,128.27347772274365,5166800,-0.005921428217392055,-0.005939029390576395
2020-02-13,126.77005004882812,127.57244303712412,126.59268561469122,126.829180118863,5480200,-0.006618516133776398,-0.006640515634778865
2020-02-14,126.8038101196289,127.2345650953405,125.97606667738694,127.16699341303622,5716300,0.000266309517017449,0.0002662740629323891
2020-02-18,125.96765899658205,127.31906723089168,125.90008729606814,127.09101435265532,7230700,-0.006594053619193518,-0.0066158904391372024
2020-02-19,125.79869842529295,126.4912855936778,125.49463230825128,126.02675123506928,6115200,-0.001341301192980593,-0.0013422015426091463
2020-02-20,125.31730651855467,126.1703880549232,124.4980172801732,125.52002164252043,7464700,-0.003826684319982565,-0.0038340248088981027
2020-02-21,126.63491821289062,126.8967634052606,124.61626022568272,125.08080764700358,7776800,0.010514203751585294,0.010459313924637227
2020-02-24,124.02535247802734,126.65188853000484,123.46434099988726,124.52685684325978,10588900,-0.020606999804558157,-0.020822286772907386
2020-02-25,122.954345703125,124.73937776206246,122.25734195517592,124.093372706626,10529000,-0.008635385858645983,-0.008672886849538356
2020-02-26,122.12981414794922,124.2888535921223,122.05331612052112,123.54934671998949,10093800,-0.006705997664910757,-0.006728583899373174
2020-02-27,118.2537841796875,123.05636459020408,118.10928355082774,121.17783047469342,12566700,-0.03173696771180101,-0.03225150104635642
2020-02-28,114.3097152709961,116.69824911275668,111.1986783467659,115.05773066947356,19820300,-0.033352580943188825,-0.033921463194454486
2020-03-02,119.018798828125,119.1123007572417,113.91021347300604,114.56472697682294,11508200,0.041195829645494175,0.04036988879553634
2020-03-03,115.25323486328124,119.84331186192394,113.13671124767066,119.00179450296454,13662500,-0.03163839663918655,-0.03214970426975335
2020-03-04,121.9598388671875,122.09584403466796,116.5707605648992,117.02976179243744,10560500,0.0581901584963056,0.05656005121435545
2020-03-05,120.71029663085938,121.27980357293328,118.8657706623072,119.68178854612556,11339200,-0.010245522197588786,-0.010298368830924016
2020-03-06,120.72734832763672,121.56035745651836,116.80029232131098,117.7097995092373,12239100,0.00014126132776803857,0.00014125135132618972
2020-03-09,115.97579193115234,118.729826133418,114.66676446573028,115.88228996933648,13848600,-0.03935774671029246,-0.040153204366808894
2020-03-10,120.39581298828124,120.65931488218202,114.0972150004942,118.97629316262804,12698100,0.038111583318635844,0.03740327734634875
2020-03-11,112.03167724609376,117.93926295882731,111.77667084025796,117.3782514600215,17763400,-0.06947198191187598,-0.07200309256527047
2020-03-12,106.60009002685548,113.697687904051,105.8265753990512,108.21510888102448,21539200,-0.048482601999316866,-0.04969730759892765
2020-03-13,114.14820098876952,114.68371314591111,105.954085477609,109.92364975744177,20084200,0.07080773534067797,0.06841325652728272
2020-03-16,108.0621109008789,113.69769269864469,104.06705385354554,105.03606780094267,18877900,-0.05331744201986499,-0.05479145003715423
2020-03-17,116.103271484375,116.25628056744912,108.64015845094706,109.26917273439588,18911800,0.07441239594951021,0.07177390371572294
2020-03-18,114.71772003173828,115.32122178719727,109.40514064132326,111.36866790879432,17521100,-0.011933784766979483,-0.012005564013353396
2020-03-19,107.9941177368164,114.74322075052132,107.22910499841068,114.74322075052132,18482300,-0.058609971441741515,-0.06039774221240909
2020-03-20,101.90802764892578,108.32562647839448,100.4120033994117,107.80711818427451,19785100,-0.05635575543774096,-0.05800604343992968
2020-03-23,94.47044372558594,100.7775385907366,92.78742162748792,99.45152039404306,20815200,-0.07298329773354462,-0.07578369603117914
2020-03-24,101.30452728271484,101.70403434231972,96.7824593782986,100.94752345778062,17604800,0.0723409702295914,0.06984408131933367
2020-03-25,101.49153900146484,105.36759565263912,99.19650033820352,101.07503450677586,13986100,0.001846035155251169,0.001844333326455932
2020-03-26,107.58611297607422,108.0366186937332,102.32453200436674,102.48603650129452,15066800,0.06005006953851999,0.05831614242211686
2020-03-27,104.68757629394533,108.47863248543116,102.49454178196152,103.4040551901758,12133200,-0.026941550372523326,-0.027311127040770388
2020-03-30,113.06021118164062,113.89323316232262,108.37664477099368,109.19266286202549,21754000,0.07997734959673086,0.0769400683205808
2020-03-31,111.4622039794922,115.35526490613276,110.54418842310734,114.74325453520952,15746100,-0.0141341253960785,-0.014234963445862872
2020-04-01,109.49015045166016,110.6971671126781,106.67661006229557,108.54663569246188,12606100,-0.017692576114813563,-0.01785096067417989
2020-04-02,113.17919921875,113.90171528737062,108.13862953656322,109.75364866973564,11594500,0.03369297376861824,0.03313780140234256
2020-04-03,114.04620361328124,114.57320734242322,111.84467380974957,112.52468657100138,10071200,0.007660457049669667,0.007631264738079919
2020-04-06,118.79779052734376,119.82631177648878,115.21073528445233,116.460255203999,14994400,0.04166370088192206,0.04081914736284716
2020-04-07,116.8597640991211,120.72732519748232,116.67276023272706,118.8827988518383,11567100,-0.01631365717846911,-0.01644819003898092
2020-04-08,121.7728042602539,122.5123240653669,116.70673626722892,117.08923935530068,10758200,0.04204218790794023,0.04118242994722429
2020-04-09,120.0473175048828,123.60887360943808,119.2398078488299,122.41035231489067,11125400,-0.014169721768773402,-0.01427107080717976
2020-04-13,118.8062973022461,120.26832041264636,117.16576579003927,119.00179662219308,8153200,-0.010337758714068945,-0.010391564483620533
2020-04-14,124.12736511230467,125.30888235661789,122.44434344108976,123.6088567981721,13838000,0.04478775898992682,0.043813763343836645
2020-04-15,125.512939453125,125.72544273150147,122.01087660576448,123.71941126482068,11962300,0.011162521169822082,0.011100680007026879
2020-04-16,127.2214126586914,128.07992090689854,124.4758749800231,126.06539474606804,12181700,0.013611928881678947,0.013520118781190265
2020-04-17,129.2189483642578,129.4569509085754,127.1619189625609,129.1934490180928,10920000,0.015701253930620718,0.015579264510770123
2020-04-20,128.92141723632812,130.05193561871437,127.5783956911662,128.29240320525318,12226200,-0.00230253481935927,-0.0023051897287869813
2020-04-21,127.22991180419922,128.8959426269099,126.28641003179368,127.60391951767508,9951100,-0.013120437770461235,-0.013207271077747
2020-04-22,130.04345703125,131.75197801234407,128.97243265101798,129.8904479897174,11515600,0.02211386604889487,0.021872900495972163
2020-04-23,132.1855010986328,133.4520249859123,130.64697982848062,131.11448951641384,10665000,0.01647175579827964,0.01633756796317464
2020-04-24,131.6329803466797,132.8570008317741,130.59596371181726,132.23649513064026,8653400,-0.0041798892265866305,-0.004188649383070982
2020-04-27,131.14846801757812,132.6444988329378,130.9019700146832,131.59047830122222,8924000,-0.0036807821856309486,-0.003687572933009249
2020-04-28,128.6834716796875,130.13699966319476,128.09696061564367,128.56447037467638,8558700,-0.01879546421815792,-0.018974343920103713
2020-04-29,127.70589447021484,128.88741143558917,126.78787932896418,128.67490829095237,9285200,-0.007596758128394221,-0.00762576047131227
2020-04-30,127.53594970703124,127.86745427094525,125.0879209928086,126.19294052924506,14829600,-0.0013307511285098883,-0.0013316373641195146
2020-05-01,126.0483856201172,127.2214073714282,124.7733664887497,127.17890413968288,7309000,-0.011663880579014685,-0.011732437246692384
2020-05-04,126.03143310546876,126.71994157097004,125.02841100535174,126.4564396120912,7198400,-0.00013449212034755131,-0.00013450116522375458
2020-05-05,127.07691192626952,128.164927258326,126.34590040909104,126.6519055318673,6562300,0.008295381517449352,0.008261163941848566
2020-05-06,125.86988067626952,127.77391377089648,125.83587290538163,127.50190348445078,6191600,-0.009498430766875399,-0.009543828560965507
2020-05-07,125.45337677001952,127.10240355540752,125.0623781742015,126.96639840461644,5570500,-0.0033090037426922736,-0.003314490602947856
2020-05-08,126.39690399169922,126.80490651446524,125.7083956813546,126.58390785008496,4712100,0.007520939220387657,0.007492797968028189
2020-05-11,126.7454071044922,127.58692443232492,125.90388977665944,126.18439555260368,5887500,0.0027572124141257426,0.0027534182765395223
2020-05-12,125.07087707519533,127.7909153150674,124.9773751527232,127.58692055343036,7039200,-0.013211761021970192,-0.013299812742071922
2020-05-13,125.0624008178711,126.60941753518448,124.1103775601262,124.1698846881835,6970500,-6.777163095395e-05,-6.777392755469458e-05
2020-05-14,125.4958724975586,125.59786986947098,122.62282546715944,123.58334395321543,6871400,0.0034660431660733515,0.0034600502821959234
2020-05-15,127.87590789794922,127.90990269781004,123.8128483809717,125.69136911467676,10340400,0.018965049232491094,0.018787454567464813
2020-05-18,127.94393157958984,130.57896350409808,127.89293288630144,129.61845785011204,7388400,0.0005319507228438436,0.0005318092872137109
2020-05-19,126.6688995361328,128.4369275553182,126.14188282848096,127.58691483283474,6107300,-0.009965553095919066,-0.01001554160622128
2020-05-20,125.5298843383789,127.83342473802418,125.1813889469831,127.2894170637038,5713400,-0.008992066734020865,-0.00903273937038805
2020-05-21,124.70536041259766,126.22687733488011,123.9488496800369,126.22687733488011,6487300,-0.0065683476896916115,-0.0065900142129974556
2020-05-22,123.56697845458984,125.21031419192458,123.30165004190522,123.7381698718703,6140900,-0.009128572775391364,-0.009170493508513362
2020-05-26,123.72966766357422,125.33877380140468,123.50713698794851,125.12479747712204,7072300,0.0013166074870412103,0.001315741519413382
2020-05-27,124.01207733154295,124.32020365991887,122.4029717211272,123.52421826332434,7950000,0.0022824733412896148,0.002279872455895299
2020-05-28,125.79235076904295,126.76808188361107,124.7994978987602,124.97924368358171,6189600,0.014355645642000647,0.014253579022868385
2020-05-29,127.31587982177734,127.8294280904666,124.3886860344285,126.63972055940896,8504000,0.012111460223297899,0.012038703361038895
2020-06-01,125.98063659667967,126.96492194730376,124.97066208536408,126.06621924538918,6141800,-0.01048764087376064,-0.010543023743401863
2020-06-02,126.88790893554688,126.97350465464226,125.06482721141478,125.86937995464817,6078300,0.007201680856493642,0.007175872587447442
2020-06-03,127.23027801513672,127.64967618320944,125.3472895533126,127.11901924162407,6339500,0.0026982009748757196,0.002694567365297041
2020-06-04,125.58695220947266,126.99063605714204,124.60266656424476,125.64687183556806,8170500,-0.012916153539085706,-0.013000292335177145
2020-06-05,126.0748062133789,128.0776207329137,125.47567533916852,126.40860863330136,9725400,0.003884591474857535,0.0038770659322042603
2020-06-08,125.6211929321289,126.34015006882387,124.7396117397368,124.85943792918596,7555600,-0.0035979692919952955,-0.003604457551221923
2020-06-09,124.9279327392578,127.81232917640617,124.66259114829565,126.88794996359364,8247200,-0.005518656340460559,-0.005533940381880624
2020-06-10,126.5027847290039,128.4114495709707,125.47570115333048,125.47570115333048,10137100,0.012606083805397184,0.012527288638918823
2020-06-11,120.57134246826172,127.67535712808056,120.46863803956562,127.17037627355826,11913300,-0.04688783945308883,-0.04802269017869541
2020-06-12,121.66690826416016,123.0021312292884,120.0663698600364,122.25748488987394,8687400,0.009086452663383371,0.009045419230636124
2020-06-15,120.8965835571289,121.88086910188298,119.30459970434536,120.6826073030455,8649600,-0.006331423375686818,-0.006351551842878831
2020-06-16,123.64405822753906,124.46571982142729,122.19757649862842,123.3273644552436,7579100,0.02272582557398617,0.022471440856732854
2020-06-17,123.2674789428711,124.4657410803208,122.7967284388452,124.02066668923472,5100100,-0.0030456723118466034,-0.0030503198106667686
2020-06-18,122.74534606933594,123.3530313397803,121.42724498176088,121.98359109901124,4797400,-0.004235771494743856,-0.004244767787970803
2020-06-19,123.10481262207033,124.85942041146428,122.60838617540786,124.7823790389968,12206900,0.002928555454406734,0.0029242755897266257
2020-06-22,122.72824096679688,122.959339017942,121.5642094211334,122.796714947139,5285600,-0.00305895153286595,-0.0030636396881070266
2020-06-23,122.27462005615234,123.3188254676894,122.12055032555848,123.0278208277731,5921600,-0.003696141222844229,-0.003702988831172846
2020-06-24,119.67267608642578,121.70116731177608,118.7311751049971,121.102036259993,8211200,-0.021279509750524395,-0.021509182579192578
2020-06-25,119.54426574707033,120.31458818598566,117.72118367438712,120.31458818598566,7421200,-0.0010730130181322295,-0.0010735891087394545
2020-06-26,117.95227813720705,119.4843555590126,117.27611886383612,119.42443593399136,12849700,-0.013317139052337112,-0.013406607344203205
2020-06-29,119.00507354736328,119.56997421007564,118.097815970323,118.7483123916569,5309800,0.008925604717287206,0.008886006955720812
2020-06-30,120.365966796875,120.69976934224462,117.97798369070284,119.31319387218132,7738300,0.011435590172297116,0.011370698062124294
2020-07-01,120.15193939208984,121.01639867796176,119.8780435430574,120.41726783329445,6174800,-0.001778138874972357,-0.0017797216404311794
2020-07-02,120.65694427490234,121.40157754059685,120.10916552748012,120.89659666064485,5152200,0.0042030522800344805,0.004194244127924122
2020-07-06,122.37731170654295,123.0534840722001,121.43582390054272,121.68403064155778,6156400,0.014258337487156547,0.014157643417841516
2020-07-07,122.26605224609376,123.22466180620944,120.87947706369695,121.01642501802084,5622600,-0.0009091510419512172,-0.0009095645704186474
2020-07-08,122.62551879882812,122.72822322445556,121.28174161652166,122.28314894661256,6257400,0.0029400356528306304,0.00293572220041181
2020-07-09,121.95793914794922,123.618384299499,120.32315704804206,122.18902415342764,5738600,-0.005444051592345067,-0.005458924444826028
2020-07-10,121.855224609375,122.28317722856652,121.0506715956825,122.18047277918537,4282400,-0.0008422128095294523,-0.0008425676699970646
2020-07-13,124.2859878540039,125.50992590314723,122.63408418605076,122.91653444202436,6951900,0.019947960806941722,0.019751607177951814
2020-07-14,126.60552215576172,127.00779872889284,124.32881071210042,124.38017600533216,7447100,0.018662878590002707,0.01849086396760357
2020-07-15,126.8964614868164,128.56548656503435,126.87078538346594,128.15464279128102,8512800,0.00229799874524228,0.0022953623842560354
2020-07-16,127.74384307861328,127.820871407358,125.54416058390048,127.2559708764112,9304700,0.006677740118741671,0.006655542776123027
2020-07-17,127.82942962646484,128.8821892238453,127.2645291361338,128.38576270750062,7441100,0.0006699856978538143,0.0006697613576337167
2020-07-20,128.04339599609375,128.65964865424118,127.0419756315486,128.58260727691714,6191500,0.0016738427939022582,0.0016724434803225973
2020-07-21,128.16326904296875,129.81516006395847,127.95784706177628,128.04344281895953,5575900,0.0009361907808087544,0.0009357528275369483
2020-07-22,128.39431762695312,128.73668749840542,126.54557256141146,128.32584365266266,5910200,0.0018027675613276894,0.0018011445262315193
2020-07-23,128.05198669433594,129.113313920215,127.76953639083398,128.56553507526274,6566300,-0.002666246754095658,-0.0026698075206356233
2020-07-24,126.77668762207033,128.8993421486538,125.84375398857516,128.81374639545606,5405900,-0.009959229100519829,-0.010009153974739003
2020-07-27,125.97210693359376,127.4613865161302,125.69822409156232,126.13473099296029,5675200,-0.006346440371395978,-0.006366664637564207
2020-07-28,125.67254638671876,126.66539942912996,125.60407241206192,126.1604054985452,4842200,-0.002377991082048947,-0.0023808229932392668
2020-07-29,125.42430877685548,126.2203071915866,125.02204545551903,125.29592825516016,4489100,-0.0019752731762067155,-0.0019772266010560477
2020-07-30,125.6811294555664,126.24603008051496,125.08199836550504,126.1946778528066,5922500,0.0020476148620267587,0.0020455213560240586
2020-07-31,124.75672149658205,126.2032031915383,123.21610277918684,125.52704391535488,8259600,-0.0073551850066018165,-0.007382367751272547
2020-08-03,126.11760711669922,126.4941943466632,125.09051066747824,125.2959325693372,4078700,0.010908315029378723,0.010849248516861703
2020-08-04,126.00636291503906,126.00636291503908,124.80810087498658,125.80950837847546,4162200,-0.0008820671768472454,-0.0008824564270128439
2020-08-05,127.0163116455078,127.79518842110704,126.5027764214336,127.61545566370744,5467500,0.008015061359637032,0.007983111362585657
2020-08-06,126.28882598876952,127.7438623448358,125.39012283764453,127.01633763676364,4837900,-0.005727497888370681,-0.005743962903392628
2020-08-07,127.18748474121094,127.23026954198026,125.94641207713656,126.254538391102,3635100,0.007115900756899496,0.00709070220475407
2020-08-10,126.6996078491211,127.53839103764317,126.4342794060224,127.4100105200383,4096600,-0.003835887572448904,-0.0038432634572681695
2020-08-11,125.79235076904295,127.7266912424645,125.27880257818693,127.649662931858,6388400,-0.007160693671274365,-0.007186454488747917
2020-08-12,128.09474182128906,128.59116827449537,126.23742959088656,126.28021439162065,5257300,0.018303108560816517,0.01813762288729432
2020-08-13,126.67394256591795,127.6924716261612,126.27166616296353,127.13612552884749,5155500,-0.0110917843712377,-0.01115375689485063
2020-08-14,126.87938690185548,127.82087475132128,126.31448635613012,126.3401624663834,4240200,0.0016218358075545947,0.0016205220521331707
2020-08-17,127.52130889892578,128.58262289234423,126.8708126473976,126.94785403407776,4306900,0.0050593087872252696,0.0050465534884301935
2020-08-18,128.46279907226562,128.47136648209718,127.16183266531203,127.75239624027174,4322600,0.007383002742593181,0.007355881785437793
2020-08-19,128.71957397460938,129.7381031847179,127.80376226254548,128.0262928981694,7816300,0.001998826930427633,0.0019968319338716186
2020-08-20,129.60113525390625,129.73808319014265,128.00059706187457,128.17177545213306,4874700,0.006848696372089957,0.0068253505826269415
2020-08-21,130.74806213378906,131.50981717228888,128.89074958059456,129.9092787684925,6722800,0.008849666923332222,0.008810738123697618
2020-08-24,131.0926971435547,131.73889843702668,129.54182455682104,131.6010521528052,5387900,0.0026358708813059017,0.002632403066126483
2020-08-25,131.0151824951172,131.88540882610354,130.56714582703518,131.63553691338407,3863500,-0.0005912964652227126,-0.0005914713499201386
2020-08-26,131.221923828125,131.5234764942247,129.7916620438905,130.842817027774,8008300,0.0015779952297934052,0.0015767515035449292
2020-08-27,131.80784606933594,132.0490935332651,130.8687032171116,131.3253511414776,5575400,0.0044651246081286455,0.004455185514457381
2020-08-28,132.37649536132812,132.42818936398646,130.87730354923784,131.60105902745363,5395700,0.004314229455605112,0.004304949847705736
2020-08-31,132.17835998535156,133.03133751261512,131.18750984205204,131.8251000260795,6362700,-0.001496756470517946,-0.0014978777294580104
2020-09-01,130.54994201660156,132.75564108875898,129.3006217144659,132.5746988795101,6307700,-0.012319853029879257,-0.012396371533184002
2020-09-02,132.5402069091797,132.97100781060186,128.59406907451276,129.92093006621292,6881900,0.015245237660274302,0.015130196768318052
2020-09-03,128.85256958007812,133.95325136150183,127.77556718162712,133.401826659375,8672800,-0.02782278234731017,-0.028217168452506793
2020-09-04,128.02537536621094,130.05875561690888,126.7674444241925,129.38670743758468,7200100,-0.0064196951334610786,-0.00644038999360517
2020-09-08,126.87948608398438,130.00710506533795,126.5693088862716,129.45568039684872,8756800,-0.008950485627937432,-0.0089907818518115
2020-09-09,128.98178100585938,130.1880313595859,127.62044864569631,127.64629564676908,6960700,0.016569226332485698,0.016433454406327975
2020-09-10,126.5779266357422,129.05071965413887,126.24190245154544,128.59407174092277,6191800,-0.018637162174152122,-0.018813022534170235
2020-09-11,127.32752990722656,127.973731343275,126.33669296408635,126.69856419063323,3934700,0.005922069442972688,0.0059046029144677265
2020-09-14,127.81864166259766,128.7836315423268,127.52568703739324,127.62046376822386,4375800,0.0038570743949004616,0.0038496549555566487
2020-09-15,128.2838897705078,129.74861018163344,127.96510131578634,128.76638466857273,3658800,0.00363990809054493,0.00363329965629858
2020-09-16,127.86168670654295,129.29194868030288,127.81861713924783,128.71467712036332,4323000,-0.003291162005768289,-0.0032965897918632997
2020-09-17,126.8019027709961,128.05984686068933,125.83691320980462,127.55149193749328,5461400,-0.008288518342317697,-0.008323059104046846
2020-09-18,128.5337677001953,128.93872165304847,125.96619766804272,126.23329215886037,12174000,0.013658035812971647,0.013565605501857578
2020-09-21,125.01844787597656,127.45676981872066,123.17462023369156,127.15521702521283,7574500,-0.027349387535408054,-0.027730344051991054
2020-09-22,124.2516098022461,125.23383539508198,123.82942015864958,124.66517501317672,5295900,-0.0061337993452870165,-0.006152688373106862
2020-09-23,124.44976043701172,127.12934243905592,124.39806643488215,127.06902400523845,8784400,0.001594753058580034,0.0015934827902513188
2020-09-24,124.6479263305664,125.14765693417417,123.5019944002762,124.55314961010632,5614800,0.0015923364806715856,0.0015910700571410976
2020-09-25,125.50092315673828,126.00926507080366,123.9758842675418,124.0706609927913,5531200,0.006843249232319604,0.0068199404802701665
2020-09-28,126.7502212524414,127.76690490488517,126.15571400106415,126.4228084132486,5843200,0.009954493276060461,0.009905273675792336
2020-09-29,126.70714569091795,127.44812368928,125.8455439787295,127.17241797781908,6768600,-0.00033984604600934,-0.00033990380676371406
2020-09-30,128.2752685546875,129.00762213005277,126.517593679813,127.0431712560158,8487700,0.012375962343865954,0.012300006166998192
2020-10-01,126.93116760253906,128.93868797596016,126.1901896213842,128.64574655589854,6457800,-0.010478254828797384,-0.010533538262638349
2020-10-02,126.00062561035156,127.87029954764644,125.64736579096014,125.97477861351778,5485600,-0.007331075651185293,-0.007358080048084941
2020-10-05,127.71520233154295,127.84445046059606,126.15570552874809,126.65543603769292,4992800,0.013607684191137226,0.013515931084391797
2020-10-06,126.01788330078124,128.04265293042263,125.68185910128769,127.75832273900484,5118200,-0.013289874656860046,-0.01337897534625023
2020-10-07,127.41368103027344,127.7152337783197,125.6301589567697,126.21605502934597,5603100,0.01107618770393648,0.011015295956608682
2020-10-08,128.2838897705078,129.1110332721905,127.55152299144504,127.94786559885546,4413500,0.006829790436928107,0.0068065730714341145
2020-10-09,130.0760498046875,130.5154620742438,128.76641113575135,128.93872889947917,5054100,0.013970265770594903,0.013873581041405231
2020-10-12,130.8256072998047,131.9456922104981,130.11910069727463,130.61883129272243,7273200,0.005762455857497795,0.005745916416855986
2020-10-13,127.8272476196289,129.34366210270358,127.31890569681984,128.37867226320157,11057600,-0.022918752238654916,-0.023185469945257997
2020-10-14,127.60320281982422,128.40448600103977,126.99145989626412,128.22355702650592,7706400,-0.0017527155123558957,-0.0017542533153396503
2020-10-15,126.81912994384766,127.43085966126796,126.07815211011618,127.0689886001892,5978600,-0.006144617522521489,-0.006163573375640802
2020-10-16,127.60320281982422,128.17184988678483,126.66404707968292,127.1724020177951,6097000,0.006182607279546337,0.00616357337564088
2020-10-19,124.34636688232422,128.29249120139838,124.18266045155497,127.97370277116283,7250800,-0.025523151970555547,-0.02585451811105288
2020-10-20,124.5445785522461,125.57849837948602,124.17408283550782,124.63935530331833,5325400,0.0015940286386448843,0.0015927595234860807
2020-10-21,124.01033020019533,125.225191789993,123.99310763150244,124.17403663177076,5221300,-0.004289615479542097,-0.004298842275749037
2020-10-22,125.0011978149414,125.52677546864578,123.9328067893946,124.20852569160056,5279700,0.007990202212561526,0.007958449574716394
2020-10-23,125.13904571533205,127.06041397985362,124.37222066647816,125.69047032184494,4154400,0.0011027726357848433,0.0011021650287023413
2020-10-26,124.04479217529295,124.73407613343346,122.99363709720326,124.4411215770001,6929500,-0.0087443014591011,-0.008782757206326269
2020-10-27,123.33826446533205,124.32048976890034,123.14009977739204,123.84661940386955,4890100,-0.005695746653857747,-0.005712029276059925
2020-10-28,119.21125030517578,122.33024526119536,119.05615511256002,121.8563615434845,8426100,-0.033460939133907575,-0.034033566389834326
2020-10-29,118.2031478881836,119.50416181649884,117.2209224049192,118.9010432122136,7205400,-0.00845643690852571,-0.008492395435300707
2020-10-30,118.13421630859376,118.50469875003296,115.15306847294627,117.7637207201552,7364100,-0.0005831619616005757,-0.0005833320666730579
2020-11-02,119.49553680419922,119.77124250005686,118.46161743748652,119.74539550191388,7088000,0.011523507228840213,0.011457617324813681
2020-11-03,119.33184814453124,121.45139433668813,118.71149380277802,120.6414865490103,6363000,-0.0013698307405086707,-0.0013707698163187337
2020-11-04,120.10726928710938,122.81269804440127,119.50415073873188,120.1848234302566,10263500,0.006498023408126219,0.00647700226878252
2020-11-05,120.41748046875,122.20100276648512,119.98667950566444,121.0981533527463,8016200,0.002582784401659266,0.002579454745982766
2020-11-06,122.56283569335938,123.37274335436064,120.32266612663236,120.96886736930388,5942500,0.01781597834681592,0.01765913395565277
2020-11-09,125.8628158569336,128.37008071506705,124.86335442835082,127.88757257412868,12351600,0.026924802652497748,0.026568707868888118
2020-11-10,127.75830078125,128.16325463757906,126.01786164215484,126.87085206980515,7386500,0.01505992783818666,0.014947652955938275
2020-11-11,127.3447265625,128.55096361429855,126.53481890757902,128.52511661654555,6382400,-0.0032371612350897694,-0.003242412176679402
2020-11-12,127.77555847167967,128.07711123448917,126.44007295923474,127.1810510847396,4710300,0.0033831939555677426,0.003377483830247093
2020-11-13,129.15411376953125,129.59353913294115,127.87033541008148,128.45621836529327,5893500,0.010788881021851493,0.010731096295154665
2020-11-16,129.9726104736328,130.36032857573267,129.06792613740154,130.0329157509829,6266400,0.006337364565577319,0.006317367910354623
2020-11-17,128.6802520751953,129.78310148158704,128.48207416765473,129.2402880646748,7297700,-0.009943313392937303,-0.009993078293693575
2020-11-18,126.9742660522461,129.03349403908703,126.9742660522461,128.26666888449776,6661000,-0.013257558913952971,-0.013346224882966043
2020-11-19,126.77606964111328,127.05178848703626,125.44058441854496,126.91392906407476,7987700,-0.001560917950502394,-0.0015621374521196793
2020-11-20,126.10404205322266,127.46537449730982,125.90587731711511,126.69854940854556,6354900,-0.005300902526739093,-0.00531500215979829
2020-11-23,124.8200225830078,126.67666247464032,124.09992213946644,126.67666247464032,7318300,-0.010182222943122876,-0.01023441637419292
2020-11-24,124.8200225830078,125.59217624732328,124.59445421353448,124.93281338692312,11034800,0.0,0.0
2020-11-25,124.65518951416016,125.0803129184408,123.9437733704602,124.98487759251488,7594600,-0.0013205659271373626,-0.001321438642724911
2020-11-27,124.9328155517578,125.50542746690915,124.2560971932544,125.36661005020142,3059000,0.00222715186330924,0.002224675436835065
2020-11-30,125.52273559570312,125.67890845663788,124.1172460390597,125.13232330089704,15663200,0.004721898256594859,0.004710785064864635
2020-12-01,127.92597198486328,129.38352812199653,126.54650890458645,126.91956575188496,9738200,0.019145825477391964,0.018964850456587558
2020-12-02,128.5246124267578,129.88673328327027,128.1428712124905,128.27301748372997,7745500,0.004679584861511765,0.004668669643486834
2020-12-03,129.27073669433594,129.7739398083259,128.13419743616686,128.43784558605998,7310500,0.00580530260694867,0.005788516771009666
2020-12-04,130.37257385253906,130.4072715799744,129.50498504475442,129.9561216931871,6747100,0.008523484791522762,0.00848736499426482
2020-12-07,129.2447052001953,130.0602407941504,128.84560852545076,129.57439318201236,6634700,-0.008651119012342723,-0.008688757174459957
2020-12-08,131.4830780029297,131.9949521893645,129.74790049906616,130.1383127897647,8339800,0.017318874295602527,0.017170611968567475
2020-12-09,132.82785034179688,133.17488056584492,131.66527129069158,132.5935976594695,8440100,0.010227721766881803,0.010175772535204913
2020-12-10,132.09042358398438,132.7237598392562,131.59589150581013,132.58495566215862,7392900,-0.005551748040150684,-0.0055672162703445105
2020-12-11,132.69769287109375,133.0967895095595,131.20543920468796,131.4657184699175,5977400,0.004597375575249529,0.004586839922719779
2020-12-14,129.3314666748047,133.15752315966026,129.2620579833268,132.95798144563278,8547300,-0.02536763167057554,-0.025694937212245604
2020-12-15,130.6328582763672,130.78901791349523,129.73055846733254,130.13832628208482,7612600,0.010062451428272778,0.010012162038880702
2020-12-16,129.85202026367188,130.93650631508729,129.74791383900964,130.3118412904036,8486100,-0.0059773476826432415,-0.00599528353356275
2020-12-17,133.2789764404297,133.51322910422314,130.1036117503953,130.21638928319305,9920300,0.026391242660677827,0.026049002190800145
2020-12-18,134.0511016845703,134.56298898865074,131.5871533873128,133.30497500431903,17137200,0.005793301124920713,0.005776584487893309
2020-12-21,132.7584686279297,133.0968277985605,130.18172831375765,131.88219529085097,7893400,-0.009642837995336051,-0.009689631213561777
2020-12-22,132.4981231689453,133.52187129390882,131.7519964934285,132.2204884811481,4699500,-0.001961045963207231,-0.001962971331410951
2020-12-23,131.8214569091797,133.26165763116018,131.7867459404047,132.56758387757333,4607300,-0.005106987507308536,-0.005120072737759218
2020-12-24,132.2812957763672,132.77581462199993,131.71736822219066,131.74339483309987,2114900,0.003488346115794405,0.0034822759489485716
2020-12-28,132.9059295654297,133.49588359135876,132.13377606775524,133.01872034500323,3855500,0.004722011418140992,0.004710897694578347
2020-12-29,133.73011779785156,134.4155070260362,133.43514082563806,133.70409119667698,5212000,0.00620129015399673,0.006182141278588977
2020-12-30,135.3872528076172,135.6735587381154,134.1292515287782,134.2507134473208,5412800,0.01239163650682329,0.012315488598627921
2020-12-31,136.54115295410156,136.78407680061818,134.57172233422486,135.8036970525182,5099900,0.008522960046497552,0.008486844683960064
2021-01-04,135.77769470214844,136.54117734952808,133.72151276306175,136.4197154045685,11765900,-0.005591415008849077,-0.005607105485059899
2021-01-05,137.37400817871094,137.73839388813468,134.53700231855,135.56075075383276,9602300,0.011756816758925481,0.011688242343357361
2021-01-06,138.66673278808594,139.0137630460177,135.96853083184587,136.41968075784175,8230100,0.009410256179562593,0.009366255541677145
2021-01-07,139.13522338867188,139.70783522231213,137.3827033960478,137.94663086840657,7747200,0.00337853637398311,0.0033728419422598467
2021-01-08,138.84889221191406,139.76854737061487,138.71008807857433,139.2566599672913,8228900,-0.002057934502738723,-0.0020600549596212136
2021-01-11,138.26763916015625,139.95944811077734,137.74709376165103,139.3000720723056,7066200,-0.004186227506019269,-0.0041950142872694
2021-01-12,137.1918182373047,138.51922801376142,136.49774456452272,138.0767492627064,6903200,-0.007780713761991964,-0.0078111414508376656
2021-01-13,136.9835968017578,137.47812877830268,135.99454608702274,137.27857382021193,6643100,-0.0015177394557648327,-0.001518892389008473
2021-01-14,139.37815856933594,140.5060268442969,138.47587189238115,139.20464342819346,10030800,0.01748064602978361,0.017329617052759795
2021-01-15,139.07447814941406,140.0375021836702,138.04204542711608,139.07447814941406,7630800,-0.002178823590719192,-0.002181200680305832
2021-01-19,141.2261199951172,141.45168834316877,139.76857699843438,140.54940171260645,9057600,0.015471148080753672,0.015352690094316281
2021-01-20,140.87905883789062,142.40601020029416,140.37585579794612,141.5904746954997,6839900,-0.002457485607043286,-0.0024605101810451996
2021-01-21,140.31515502929688,140.96584673183833,138.86628309357403,139.9594536263919,6818000,-0.004002751106128799,-0.004010783556101365
2021-01-22,141.89414978027344,143.2909682669063,140.43659372370445,140.86171699819425,8137000,0.011253201770306864,0.011190355536659058
2021-01-25,144.0023956298828,144.09783093425153,141.98959635368206,143.16083337454663,9924400,0.01485787717727649,0.014748580204245356
2021-01-26,147.90652465820312,150.65677937483807,146.96085610900144,147.22980650020983,14205700,0.027111556104627343,0.02675054832351103
2021-01-27,145.65077209472656,148.28823549959782,145.2777021289451,146.72657343957826,14207300,-0.015251203884949494,-0.01536869966037834
2021-01-28,146.7613067626953,148.23620489591465,145.58138560844927,145.92841579096458,8944400,0.007624639759866714,0.007595719107475665
2021-01-29,141.52975463867188,144.01973007293688,139.2913741127913,142.51012090756993,22505900,-0.035646671724465895,-0.03629752841737675
2021-02-01,141.1654052734375,143.42112862269954,141.06996995846075,143.42112862269954,9971400,-0.0025743658368133637,-0.0025776852146299715
2021-02-02,139.89871215820312,141.98960461479632,139.8379745799095,141.7466807783343,11443300,-0.008973112872667222,-0.00901361371108156
2021-02-03,139.24803161621094,140.1329760846241,138.44118021733223,139.6297728864424,8601900,-0.004651083144041945,-0.004661933086978154
2021-02-04,140.54071044921875,140.62746138371935,138.60597794906246,139.68179279603194,7758100,0.009283282628875122,0.009240457793367251
2021-02-05,142.6749725341797,143.53389019405856,142.16309833006946,143.0306871119597,9495300,0.015186077245084917,0.015071923026407325
2021-02-08,143.08274841308594,143.9503372440445,142.1804618537652,143.17818371402558,6035300,0.002858075748418676,0.002853999215439696
2021-02-09,144.25399780273438,144.531619343104,143.12612968128704,143.3256714045235,5544200,0.008185818364817798,0.008152496275871054
2021-02-10,144.7224578857422,145.70283727820677,143.7594339726921,145.65945519884647,5921300,0.003247466899658713,0.0032422052672671274
2021-02-11,144.07176208496094,145.21698540160074,143.67267873887246,144.88729749438295,4871300,-0.004496163278922327,-0.0045063014209456315
2021-02-12,144.52296447753906,144.75721719364378,142.2845834661157,142.63161374020268,4413100,0.003131789228149051,0.003126895391245894
2021-02-16,143.21290588378906,144.9307281967269,142.8398357733483,144.52296035520973,5656100,-0.009064708840466729,-0.009106043293107076
2021-02-17,143.7247772216797,144.0978340861457,142.59690902856718,143.12613877557774,6676700,0.0035741983917705333,0.003567826124017534
2021-02-18,143.79421997070312,144.1586057984513,142.54488956793287,143.11750154226235,5189100,0.0004831647706526887,0.0004830480841392508
2021-02-19,141.399658203125,143.98508307706342,141.33893385419796,143.6727504927521,8190900,-0.016652698335621552,-0.0167929133348537
2021-02-22,141.31234741210938,141.89725515827277,139.9330073589999,141.31234741210938,6447100,-0.0006174752621410651,-0.000617665978503208
2021-02-23,140.06394958496094,142.46469662745312,140.02902216827164,140.97186260528642,7042800,-0.008834315259852898,-0.008873569181593283
2021-02-24,141.94085693359375,143.5122572743541,140.48295068771984,141.77498504749917,10286100,0.01340036000837097,0.013311369307656376
2021-02-25,142.08932495117188,142.90994621474815,141.41712525305834,142.41234366782115,9719700,0.001045985072836153,0.0010454384116162967
2021-02-26,138.33541870117188,141.78376187012125,137.9076444225482,141.4258291056141,14417500,-0.02641934044862282,-0.026774602387623275
2021-03-01,139.0861358642578,141.0154552067703,138.8853366060102,140.94561372401907,10551400,0.0054267892498856,0.005412117286271445
2021-03-02,138.82427978515625,140.3607529537691,138.45762186949543,139.48775411050843,7610900,-0.0018826900141730718,-0.001884464502575315
2021-03-03,136.3798828125,138.71951336047985,136.240199798049,138.15206943051763,8499600,-0.017607849120047203,-0.017764711360638903
2021-03-04,133.6299285888672,136.2751138056169,132.233125223583,136.17908340774233,11033200,-0.02016392863024785,-0.020369995421891954
2021-03-05,136.27513122558594,136.79019737052474,133.68232347243907,134.42436453186636,8331600,0.019794986532224446,0.019601613498401522
2021-03-08,137.41001892089844,139.09491369275722,136.1703621049602,137.06082469589543,6546700,0.008327914896180344,0.008293429143576298
2021-03-09,137.6719207763672,140.33457002579672,136.96479381458056,136.96479381458056,7461300,0.0019059880605905022,0.0019041739700711082
2021-03-10,138.93777465820312,139.5925238570088,137.3751124315858,138.64969673312638,6635600,0.009194713596625048,0.009152699559219997
2021-03-11,138.92904663085938,140.22981980814953,138.73698580412108,139.27824086807107,6305600,-6.28196857566099e-05,-6.282165899570845e-05
2021-03-12,139.3306121826172,139.9504338636784,138.97267948177654,139.05124617584272,5474800,0.002890436244227468,0.002886266965477262
2021-03-15,140.04644775390625,140.25597223428713,138.3702918735676,139.46154023219194,5524100,0.005137676208232245,0.005124523380566764
2021-03-16,140.8758087158203,141.1464362059873,139.8893291536862,140.08138995075393,6369100,0.005922042116851323,0.005904575749220471
2021-03-17,140.35202026367188,141.19009164872784,139.26949696032804,140.4043980601248,6001400,-0.0037180865680426223,-0.0037250158329765882
2021-03-18,140.0901641845703,140.98062698080028,139.64493944690977,139.86318921808024,4801800,-0.001865709368555013,-0.0018674519720774383
2021-03-19,139.7147216796875,140.989305785135,139.21711929202206,140.28217889056046,14891500,-0.002680006173653715,-0.0026836038194453502
2021-03-22,140.1163330078125,140.24727752338225,137.93383560893693,138.20446315505237,7544100,0.002874509738821418,0.002870386235845128
2021-03-23,139.98536682128906,140.72740782948816,138.7020574837451,139.86314751870893,7178300,-0.0009346960751258626,-0.0009351331758944316
2021-03-24,141.3472442626953,141.84484667068625,139.52267989855343,139.76711850614635,6370100,0.009728712881431845,0.009681693665936537
2021-03-25,141.39967346191406,141.81870932426892,140.23858299332397,141.80998412829211,6269800,0.00037092480643852177,0.00037085603083903106
2021-03-26,143.9837188720703,144.13214042467115,140.88458307457535,141.5044049057113,7619200,0.018274762217553864,0.01810978565733007
2021-03-29,144.9527130126953,145.81698660902282,142.84879605584254,143.02339314939945,8535100,0.006729886880376679,0.006707342283532652
2021-03-30,144.05352783203125,144.62098504709334,143.37258983068045,144.06226634544896,7236300,-0.006203300110604437,-0.0062226205183682345
2021-03-31,143.47735595703125,144.38526883421983,142.9098987529971,144.00988574988256,8281500,-0.003999706801154024,-0.004007727021230765
2021-04-01,142.150390625,143.03211458287845,141.6527749344906,141.94960463873144,7229700,-0.009248604584187192,-0.009291638468665459
2021-04-05,142.6741943359375,143.8265592012659,142.00199481873446,142.85752995393253,7387100,0.0036848559376760903,0.0036780834879377344
2021-04-06,142.63926696777344,143.62575982998342,142.29879798396087,143.24163824395816,5074200,-0.00024480508424551406,-0.0002448350539013995
2021-04-07,142.8313446044922,143.41625224458758,142.57818079525006,142.7789668040218,4608000,0.0013465971944608413,0.0013456913455766305
2021-04-08,142.27261352539062,143.26783161073007,142.16785793353523,143.17180121122783,5039400,-0.003911823981274654,-0.0039194951768178506
2021-04-09,140.77108764648438,142.2377195609517,139.48777806087173,141.5305925078401,8418300,-0.010553864455707607,-0.0106099514552766
2021-04-12,141.11154174804688,141.4956633956229,139.976640513183,140.63138968857683,5022800,0.0024184945023475457,0.0024155746513334336
2021-04-13,139.22584533691406,139.61869213398248,136.65050153290483,136.93859273632958,18424100,-0.013363162132405182,-0.01345325268008471
2021-04-14,139.60997009277344,139.77584200038976,137.5322286325773,137.78540575080373,7718300,0.0027590046584369254,0.0027552055912427654
2021-04-15,140.02024841308594,141.76624565662885,139.88056543658607,140.30833955677875,7524600,0.0029387465668810897,0.0029344368924849626
2021-04-16,141.6353759765625,141.87107613784343,140.1687305907147,140.8496688095662,9049400,0.01153495713499697,0.011468936726955111
2021-04-19,142.02816772460938,142.3948255984051,140.41311472062225,141.8622958319843,8353500,0.002773260178388526,0.0027694217873137873
2021-04-20,145.33680725097656,146.48043331752322,140.55277851942265,140.55277851942265,14050700,0.023295657328922248,0.02302845531081458
2021-04-21,145.43287658691406,145.71224261556574,144.29797540710112,145.24081577244235,6333200,0.0006610117406224969,0.0006607933685875635
2021-04-22,144.20191955566406,145.16222345857832,143.71304241269067,144.77810189741265,7233000,-0.008464090514735512,-0.008500114345526623
2021-04-23,144.4987335205078,144.97014690826563,143.1717719047093,143.63446010189992,6015300,0.0020583218708760675,0.002056206428757155
2021-04-26,143.27655029296875,144.4027261378613,142.96227021077823,144.22812905240073,6027800,-0.008458089546962033,-0.00849406216974899
2021-04-27,142.45594787597656,143.09324663614916,141.83612614379916,142.9622888143345,6217700,-0.00572740211370415,-0.0057438665770216234
2021-04-28,141.4083709716797,142.47343079235827,141.12027970993148,142.17661433634154,7448000,-0.0073536901752175865,-0.007380861844793096
2021-04-29,143.34640502929688,143.39878282768174,141.25993836123533,141.3385050588126,6394300,0.0137052286530146,0.0136121613814857
2021-04-30,142.0631103515625,143.45991395025175,141.8797880382897,143.3027672179687,9079100,-0.008952402241772961,-0.008992715777070559
2021-05-03,144.2281494140625,144.32417982275862,142.40357164883602,142.82262069818583,6594100,0.015239980718021684,0.015125018752536358
2021-05-04,146.46304321289062,146.53288473008962,143.7567410352852,143.8964240696832,10179500,0.01549554513392537,0.015376715159084089
2021-05-05,145.85194396972656,147.0130208747041,145.60749200346555,146.2273271319104,7792300,-0.0041723784359430915,-0.004181107094822287
2021-05-06,146.43682861328125,146.56777310948502,145.12733036762347,145.60746906764066,5529900,0.0040101258004219265,0.004002106677267134
2021-05-07,147.10031127929688,147.69394412365926,146.51540362820836,146.92571416747887,5316200,0.004530845636979697,0.004520612254827076
2021-05-10,148.64552307128906,149.74549686488737,147.7375967761141,148.32250442737788,8357500,0.010504476697253962,0.010449688032085609
2021-05-11,147.4320831298828,149.16934270579063,146.90827837399513,148.97728185002572,8217900,-0.008163313070816747,-0.008196815361999042
2021-05-12,146.83840942382812,148.2352129646804,146.62015970312655,147.13522584696486,6758300,-0.004026760617169556,-0.004034889848020068
2021-05-13,148.37490844726562,149.02091914943102,145.7646367728715,145.7646367728715,8018600,0.010463876784463144,0.010409509359592955
2021-05-14,148.6018524169922,149.81532018035116,148.5581998140993,149.70182607701048,5797700,0.0015295306470717307,0.0015283621064655928
2021-05-17,148.75027465820312,150.05977294323486,148.68043315115946,148.75899985124406,5722600,0.0009987913259281722,0.0009982928657493223
2021-05-18,148.80264282226562,149.60580011989984,147.99948552463144,148.39233232052035,5846000,0.0003520542344062072,0.00035199227785517645
2021-05-19,148.4796600341797,148.54950154728664,146.69873475221914,148.33125181416742,5533800,-0.0021705447024332747,-0.0021729037488144877
2021-05-20,149.34390258789062,149.7978523469352,148.13916004994846,148.3574097374943,4853200,0.005820612422684723,0.005803738105773713
2021-05-21,149.2478485107422,150.80178497382644,149.16926851180745,149.57085373436817,6501800,-0.0006431737451879638,-0.0006433806701517731
2021-05-24,149.81887817382812,150.5216372333728,149.13369177687596,150.12632604711916,5195100,0.0038260495463344757,0.00381874883476648
2021-05-25,149.40602111816406,150.24054171190355,149.10735284739673,149.9243007769689,7444700,-0.0027557078299907944,-0.0027595117828084995
2021-05-26,148.5187530517578,149.40597797780129,147.82477375969432,149.3357007454397,5726400,-0.005938636607586978,-0.005956340435831203
2021-05-27,148.29039001464844,149.48507648965528,147.91266486496994,148.68568782831656,8114700,-0.0015376040561678739,-0.0015387873824317072
2021-05-28,148.67691040039062,150.22296975399786,148.60663314740637,148.91409445371053,6400800,0.002606510008531293,0.0026031189525883703
2021-06-01,145.4091033935547,149.51144285832615,145.27734191126666,149.46751789622462,10448400,-0.02197925016087332,-0.022224392567964678
2021-06-02,145.9976348876953,146.46320991592356,145.04013253937796,145.2070393238398,6806000,0.004047418493103194,0.004039249729060179
2021-06-03,145.85707092285156,146.8321458704243,145.56719573120665,145.72530947210387,5808800,-0.000962782478989288,-0.0009632462517389594
2021-06-04,145.7956085205078,147.20112675743536,145.70775860419408,146.7091859917,6510300,-0.00042138788304790786,-0.00042147669187141536
2021-06-07,144.80294799804688,146.10305694400023,144.61848195567094,145.8219479597895,5362800,-0.006808576283841239,-0.0068318603872611966
2021-06-08,143.52920532226562,145.52328029944633,142.3696642677914,145.18946673036373,7746800,-0.008796386353946528,-0.008835302945386057
2021-06-09,145.46176147460938,145.62866823481627,143.76636839253348,144.05625696489088,5552600,0.013464549936053727,0.013374708435379473
2021-06-10,146.7706756591797,147.2098984089125,145.778027955499,145.8219529112752,6463100,0.008998338610101131,0.008958094799354294
2021-06-11,144.9083709716797,146.77067108319957,144.25831649689718,146.76189145392388,7389900,-0.01268853385825186,-0.012769720797259328
2021-06-14,145.2685089111328,145.34757918276887,143.9771931239021,144.5042657160826,4931300,0.0024852804364456915,0.0024821972343797324
2021-06-15,144.4955291748047,145.69899542086262,144.40767924857437,145.14557037444857,5062900,-0.005321041305662355,-0.005335248466287411
2021-06-16,144.44276428222656,145.60231859272812,143.60824387003905,144.7677981805406,6988500,-0.00036516626417060216,-0.00036523295360649526
2021-06-17,145.13677978515625,145.55842991038892,143.6258523153887,144.23198191016957,5874700,0.004804778601257276,0.004793272494032786
2021-06-18,142.29063415527344,144.23200509673538,142.12372732361615,143.4238366417793,12993000,-0.019610092177158145,-0.01980492131951229
2021-06-21,143.9244842529297,144.29342969484708,142.52775935052543,142.98455468985705,6592300,0.011482485178000656,0.011417061784198228
2021-06-22,143.7312774658203,144.1002230418948,143.43260915242917,143.81034776384988,5627800,-0.001342417783271932,-0.0013433196332209814
2021-06-23,142.86158752441406,143.7927375548271,142.72981266478098,143.7927375548271,4493400,-0.0060508050630320165,-0.006069185365244785
2021-06-24,143.5116424560547,144.2407538570237,143.0109354722658,143.42380594515205,4549200,0.0045502429512729314,0.004539921892854148
2021-06-25,144.24952697753906,144.75023389220627,143.08997259997162,143.13389755136674,10963800,0.005141635262869482,0.005128462191073991
2021-06-28,144.0826416015625,145.00501210178305,143.6434188304113,144.45158712084768,5604000,-0.001156921478172701,-0.00115759122844151
2021-06-29,144.0914306640625,144.62728301610557,143.54679868146715,144.06507836838958,3749500,6.100014826415645e-05,6.099828783076975e-05
2021-06-30,144.71511840820312,144.91715712274947,143.7751752768525,144.06506390416584,6151700,0.0043284166259318635,0.004319075974475636
2021-07-01,145.7867889404297,145.83070048253813,144.61845507449624,144.71508459435574,6320200,0.007405380612713008,0.007378095403806469
2021-07-02,148.43971252441406,148.72082151017432,145.50570785661608,145.83952142620282,9059900,0.018197283877816828,0.018033694910174494
2021-07-06,147.552490234375,148.33430618540993,146.69161740609275,147.49978564954347,6098500,-0.005976987390710176,-0.005994921075155056
2021-07-07,148.8174285888672,148.8964854526756,147.12202210890672,147.12202210890672,6293500,0.00857280248190273,0.00853626468309074
2021-07-08,148.52757263183594,148.86138622434336,147.20990432964152,148.1937590393285,5755500,-0.001947728567680218,-0.0019496278575683863
2021-07-09,149.11611938476562,149.66075128999393,148.66811701795018,148.7823058149732,6120900,0.003962542055329754,0.003954711863719305
2021-07-12,148.87892150878906,150.37227599665093,148.05318069441486,149.09853285712205,7840500,-0.001590692387618553,-0.0015919588820014013
2021-07-13,148.6944580078125,149.12488767928718,148.1673854012565,148.43092170453448,4691200,-0.0012390169078815294,-0.0012397851239512325
2021-07-14,149.70469665527344,150.06486256610037,148.492437445181,149.33575111394444,6162900,0.0067940571625599855,0.006771081562516526
2021-07-15,147.9038848876953,149.2479056152242,147.33290059577075,148.72084628514378,6656900,-0.012029093327144413,-0.012102028355224578
2021-07-16,147.66668701171875,148.53633943751396,147.5349121504673,147.87750534329868,5834900,-0.001603729855755076,-0.001605017207040092
2021-07-19,146.594970703125,147.74573201726847,145.22459804188503,146.2435845053629,8219700,-0.007257671518754227,-0.007284136544078022
2021-07-20,147.9741668701172,150.0472991375938,146.55986883928756,146.61257343357664,9902800,0.009408209301976944,0.00936422774411075
2021-07-21,148.8877410888672,149.06342751805695,147.12205695486944,148.72083428973156,7585200,0.006173876414197865,0.006154896120473346
2021-07-22,149.31817626953125,150.2756921409267,148.14984203703398,148.77354429799712,5281900,0.002891004843757816,0.00288683392608294
2021-07-23,150.9081573486328,151.25075058199369,149.66955929203004,150.21419125172793,5014900,0.01064827550687153,0.010591981888602274
2021-07-26,150.97842407226562,151.21560811082418,150.09119894108574,150.93451252039685,4484900,0.0004656257479207504,0.0004655173778907995
2021-07-27,151.6724090576172,151.725113644994,149.92429762020083,150.91694536251438,7089300,0.004596583847102487,0.004586051817476549
2021-07-28,151.25076293945312,152.3049084242419,151.1629264183985,151.7339107193119,5750700,-0.0027799790402477376,-0.0027838503584334045
2021-07-29,151.25076293945312,152.26976309260672,150.2932604146528,151.74270375422898,4214100,0.0,0.0
2021-07-30,151.268310546875,151.95349695607294,150.95206963462869,151.56697879621473,5346400,0.0001160166539384555,0.00011600992452693748
2021-08-02,151.32981872558594,151.83052571924267,150.47772546934826,151.50550515486873,3721500,0.0004066164187896959,0.00040653377273641706
2021-08-03,153.19210815429688,153.2887376941615,151.4791421330733,151.7338854268904,6033000,0.012306163084011335,0.012231057803197607
2021-08-04,152.2873077392578,153.3677919179509,152.19945783034993,153.0251987196329,4793100,-0.00590631218500981,-0.005923823432129318
2021-08-05,152.5771942138672,152.71774870454277,151.4615647256525,152.71774870454277,4291000,0.0019035498027564213,0.0019017403477252618
2021-08-06,152.0677032470703,152.79681463112863,151.4879259916965,152.79681463112863,4581100,-0.003339234080309006,-0.0033448217649561453
2021-08-09,152.5947265625,153.0690810881938,151.9095269524816,152.6035061893425,3950200,0.0034657149689005795,0.0034597232185860707
2021-08-10,152.64747619628906,152.9461444452327,151.77781033776145,152.1994604188592,3678300,0.00034568451333383265,0.00034562477820839524
2021-08-11,152.67384338378906,153.26240030966275,152.4630116206638,153.0691412111352,4221300,0.00017273254793992443,0.00017271763139105646
2021-08-12,153.90365600585938,153.98271288753614,152.4893581495759,152.6914102747701,4300400,0.00805516252694849,0.008022892880949078
2021-08-13,154.82601928710938,154.861151209323,153.8333715833882,153.9827057098217,5882100,0.005993121314901595,0.0059752339950270225
2021-08-16,156.2227325439453,156.2666574963857,154.56247121220147,155.0895438334591,4782800,0.00902117914848577,0.008980731387538519
2021-08-17,157.6546173095703,157.68974923232807,155.75717178429642,155.75717178429642,6041900,0.009165662015431897,0.009123912250921452
2021-08-18,155.6517333984375,157.68094000821884,155.59902882218535,157.68094000821884,7134100,-0.012704251517099308,-0.01278564057991926
2021-08-19,156.86399841308594,157.53161207845258,154.66788495647006,155.1510191937153,5615000,0.007788316828732489,0.007758144449329841
2021-08-20,157.6282501220703,158.0499001753953,156.4247841721155,157.14510245471172,5428700,0.0048720657175382875,0.004860235614493043
2021-08-23,156.9478302001953,158.1142616502191,156.88596714295474,157.63708821240607,6461700,-0.004316611529646908,-0.0043259549949637
2021-08-24,154.98605346679688,156.59433075423027,154.88884974630736,156.39992331325124,5734800,-0.012499546702213649,-0.012578323171232461
2021-08-25,153.96102905273438,155.43674875032926,153.66058603293624,155.25118655490417,5700300,-0.006613655816986697,-0.006635622947549796
2021-08-26,153.1392059326172,154.39400909585262,152.9182895978857,153.7135830094539,5031600,-0.005337864556852923,-0.005352161856595937
2021-08-27,152.81227111816406,154.0052249575156,152.6532177975389,154.0052249575156,7046100,-0.002134886441797157,-0.0021371685604781713
2021-08-30,153.4573211669922,154.00518934512104,152.6796913784254,152.68852317741815,3252700,0.004221192736081569,0.00421230849464604
2021-08-31,152.98899841308594,154.1907839231118,152.41460780013625,153.30711850349468,7106800,-0.0030518110856152525,-0.003056477357204328
2021-09-01,153.52804565429688,153.52804565429688,152.04348063344196,152.7857564020368,5327400,0.003523437938690588,0.003517245173522697
2021-09-02,154.57960510253906,154.80936677049735,153.67827596777738,154.05824567453,4544300,0.00684929873079998,0.006825948843847331
2021-09-03,154.6768035888672,154.8358703907863,153.58989879647095,154.7298348452839,4096900,0.0006287924352221808,0.0006285948280904584
2021-09-07,152.27325439453125,154.66798048962536,151.69886369552495,154.06709438641835,6859900,-0.015539170312341088,-0.01566116870549271
2021-09-08,151.90206909179688,152.85642929298993,151.17747051238894,151.65464387115384,4661700,-0.0024376263856070723,-0.0024406022337926576
2021-09-09,148.51766967773438,151.5309588383177,148.1907042680726,151.2747017716089,7114600,-0.02228014031867631,-0.02253209202331399
2021-09-10,147.54563903808594,149.4190057029732,147.45726708897504,148.94183223530683,6699300,-0.006544882112395345,-0.006566393765522213
2021-09-13,146.51173400878906,148.56183083711437,145.9196797765328,148.3851004442067,6273500,-0.007007357425386163,-0.007032024254832484
2021-09-14,145.62806701660156,147.1656362506277,145.37179648848752,147.0419236285375,5259600,-0.006031373515342442,-0.006049635716380229
2021-09-15,146.17593383789062,146.65312072102537,145.19506467107408,145.80479597526605,7935300,0.003762096363104206,0.003755037377431757
2021-09-16,145.9992218017578,147.09497192701065,145.0890473729777,146.3791915123297,5665400,-0.0012088996560047915,-0.0012096309646391875
2021-09-17,145.58389282226562,145.7252825399937,144.53232870761966,145.18624603936283,13419800,-0.002844734200406429,-0.0028487881468339696
2021-09-20,144.7532501220703,145.95503579724542,143.30403917409438,144.46163887548377,7270800,-0.005705594788630863,-0.0057219338736827965
2021-09-21,145.3894805908203,146.6707928422475,145.13322353400096,145.46017544737933,6663600,0.004395275879563787,0.004385644864867146
2021-09-22,144.85926818847656,146.64427614138376,144.59417934508917,146.11408497094448,5657100,-0.0036468415747076266,-0.0036535075127913474
2021-09-23,145.68109130859375,146.4852301300186,145.05368288611612,145.27459925571648,4697900,0.005673251911282096,0.005657219625872662
2021-09-24,145.23928833007812,146.37921109798245,144.8239643914331,145.5839173979253,4399300,-0.003032672082197374,-0.0030372799506373006
2021-09-27,144.1876983642578,145.2392624691771,143.90493241508278,144.92114234906427,5775500,-0.007240396024458695,-0.0072667349047105985
2021-09-28,143.86952209472656,144.84155916116728,142.95051626399555,144.12579254117924,7610400,-0.0022066811048432333,-0.0022091194132990003
2021-09-29,144.93881225585938,145.50435760986406,143.8430622333719,144.03746971290462,5124100,0.007432360555342354,0.00740487665976539
2021-09-30,142.7119598388672,146.1582494507985,142.63243319020657,145.48666861155806,6972300,-0.015364086281189793,-0.015483336882654169
2021-10-01,141.8018035888672,143.06543877925873,140.16701702356937,142.73848685966533,8568300,-0.006377575159276283,-0.0063979987734629675
2021-10-04,140.69720458984375,142.2701279066402,139.32752053748806,141.37763071612747,8620700,-0.007789738713239847,-0.007820237214664807
2021-10-05,141.015380859375,142.3673883672164,140.63539757844873,141.2628061886748,5129000,0.0022614256655544285,0.0022588724910191115
2021-10-06,141.30697631835938,141.34231701129318,139.47778196376305,141.27162214175794,7312600,0.002067827333495975,0.002065692321273205
2021-10-07,142.57057189941406,143.6928307289002,141.40414058701418,141.40414058701418,5309200,0.008942202387855591,0.008902457657308217
2021-10-08,142.20828247070312,142.8091820223269,141.60739640274485,142.5529249600895,4343200,-0.0025411234863148557,-0.0025443576206528084
2021-10-11,141.60740661621094,143.02127691192985,141.33347244878618,142.1464431495413,4101600,-0.004225322492140915,-0.004234274392565383
2021-10-12,139.34521484375,141.54553330906774,139.03592652530298,141.38647999123702,6686400,-0.015975094993385563,-0.016104072284103835
2021-10-13,140.6795196533203,141.45714946851993,139.39820760503045,139.46007065108637,6901100,0.00957553376387188,0.009529978917544106
2021-10-14,141.48367309570312,142.39384741350642,141.03300857874157,141.13021231577224,4579200,0.005716208331991046,0.00569993280655154
2021-10-15,142.53526306152344,142.98592766050962,141.74880122191993,142.29666957562867,6918400,0.007432588812625651,0.007405103233048496
2021-10-18,141.49252319335938,142.17294944056496,140.67955250745553,141.607404029342,7465500,-0.0073156624246308866,-0.007342553112047596
2021-10-19,144.80624389648438,145.93733452286486,142.0315350968223,142.1817565958627,10081300,0.02341975836134158,0.023149723789685703
2021-10-20,144.72671508789062,145.583871586547,144.26720531413395,144.90344546743898,6003200,-0.0005492084212238568,-0.0005493592914108088
2021-10-21,144.39097595214844,145.2658098854135,143.40127464203215,145.18628320520824,4524100,-0.0023198145244870405,-0.0023225094628458653
2021-10-22,144.67372131347656,144.97416435689726,144.0021403663598,144.09049882895454,4304300,0.001958192743442888,0.0019562779832714935
2021-10-25,144.9918212890625,145.19506055681268,142.897538593716,144.67370120387508,6715400,0.0021987405362766665,0.0021963268437120097
2021-10-26,146.4676055908203,146.71503093484424,144.96537643534074,145.41604113688362,6939100,0.010178396882232654,0.010126945832292403
2021-10-27,144.6913604736328,146.4763546639633,144.3113773847106,146.40565982221815,7018800,-0.012127221647561526,-0.012201356375190424
2021-10-28,143.9049530029297,145.9815591398231,143.43661129849127,144.71792376315614,6278800,-0.005435068604848992,-0.005449892326579874
2021-10-29,143.93142700195312,144.2583788904852,141.92550273598258,143.46308541104773,8526800,0.00018396864368463994,0.00018395172352886395
2021-11-01,144.0551300048828,144.90344119516917,140.85625224961814,144.17884261528553,5846400,0.0008594579064933328,0.000859088784028489
2021-11-02,146.326171875,147.55446642233977,144.0198043023789,144.65604456266513,8450600,0.015765088477169842,0.015642110293875224
2021-11-03,145.85781860351562,146.48522701264127,144.41743958960154,145.84014151889755,6717800,-0.0032007484750197213,-0.0032058818270590374
2021-11-04,145.4513702392578,145.79599930070003,143.74588853666694,145.75181332181407,8224400,-0.002786606629313848,-0.002790496445506068
2021-11-05,144.4174346923828,145.45133511067536,143.3305299893631,143.57795523096655,6215900,-0.007108462059685294,-0.0071338475488377465
2021-11-08,143.92257690429688,145.07134460124325,143.1626241340398,144.63834370858223,5578800,-0.0034265792709863296,-0.0034324634392945623
2021-11-09,143.60446166992188,144.55882193571227,143.1714742463208,143.69283360484593,6112800,-0.002210321974616458,-0.0022127683417363015
2021-11-10,145.1597442626953,145.6634266167318,143.4631080178537,143.62216134533904,6225100,0.010830322224585798,0.010772094325519198
2021-11-11,144.09048461914062,144.75323369973916,143.5868023293913,144.47046777018934,4118800,-0.007366089331348302,-0.007393352933963163
2021-11-12,145.8136444091797,148.12001198432543,145.46018359026306,147.95211337605696,18995200,0.011958872888752525,0.011887930601477891
2021-11-15,144.49697875976562,146.2112918972744,144.23187642693128,145.8047998557731,7496200,-0.00902978356208739,-0.009070799152305135
2021-11-16,143.74586486816406,145.23042991555144,143.70167889655357,144.1965294177942,7594700,-0.00519812869478975,-0.005211685967794761
2021-11-17,144.28488159179688,144.79740912819076,142.9682153267334,143.92257555136374,5414500,0.003749789422653471,0.003742776488180711
2021-11-18,143.5072784423828,145.3364725841251,143.2686984545899,144.43512995702022,6358700,-0.005389359861097676,-0.005403934851117705
2021-11-19,143.94024658203125,144.205348880559,142.95937751604265,144.0727909894636,7620700,0.0030170465522574297,0.0030125044009362383
2021-11-22,142.0457305908203,144.66072622456284,142.00125519849448,143.22870545236975,7634500,-0.013161822604849105,-0.01324920699752224
2021-11-23,142.92630004882812,143.20202849117555,141.22744042870616,141.8856409735242,7734000,0.006199196937107576,0.006180060960180606
2021-11-24,142.5260467529297,142.864029884873,141.76111613013498,142.43709596600615,5230900,-0.00280041738827419,-0.002804345893064701
2021-11-26,141.6009979248047,143.34433279881944,141.12069899481187,142.84624099823913,8523100,-0.0064903843837651465,-0.0065115385104440185
2021-11-29,142.09017944335938,142.68611158766086,140.90720480276747,141.86781609524772,9188500,0.003454647394607102,0.0034486938080512592
2021-11-30,138.69247436523438,141.42310305833394,138.62133003031107,140.98726596802643,14981700,-0.02391231464015009,-0.024202855047332297
2021-12-01,140.60484313964844,142.38375054742946,138.97714123289046,139.53750140937714,9835800,0.01378855473713747,0.013694357524184056
2021-12-02,139.72427368164062,141.6810690401037,139.4218626912934,139.87547917681425,11334700,-0.006262724941368036,-0.006282418068025579
2021-12-03,141.76109313964844,142.01902866471994,140.16896388702347,140.4535955014302,8750500,0.01457742026019515,0.014472191083369385
2021-12-06,144.9275665283203,145.44345122635175,142.1613653892113,142.4815692165417,9692000,0.022336688569074337,0.02209087839772032
2021-12-07,145.3011474609375,146.1105535322164,144.45616921566176,145.87039724878505,8311300,0.0025777078962005984,0.00257439130544703
2021-12-08,146.1727752685547,146.37735933185667,144.6607071329213,145.39895511775023,6216400,0.005998767544843409,0.005980846572267608
2021-12-09,147.5603485107422,147.63150642819994,145.41677562476193,146.0304872153631,8574200,0.00949269273733222,0.009447920247610304
2021-12-10,147.1956787109375,148.26302029885508,146.448527384609,147.2668366263966,6572200,-0.0024713265012256125,-0.0024743852690786994
2021-12-13,149.82846069335938,150.49555091334048,145.6925067582706,146.53748498918296,11142300,0.017886272243033297,0.017728195033936637
2021-12-14,151.46505737304688,152.0698929176156,148.6810766538559,149.72173580455478,10482400,0.010923136179293635,0.01086390963008785
2021-12-15,152.22109985351562,152.36341569734958,150.69123846226535,151.07371059607084,8552200,0.004991530677644462,0.004979114289106718
2021-12-16,153.88433837890625,154.32906510934038,151.95422599746,152.32779482238678,8998600,0.010926465036655175,0.01086720251335626
2021-12-17,149.6327667236328,151.90087598760854,149.1257852582175,150.8868994847938,16726200,-0.027628358415558107,-0.02801720028870739
2021-12-20,149.20584106445312,149.88182091301837,148.13849946125043,149.25920610881553,7954500,-0.0028531562205770244,-0.0028572342294311773
2021-12-21,148.7255401611328,149.51715331018943,147.63150247797657,149.48156756642024,7954200,-0.0032190489319572357,-0.0032242412157751023
2021-12-22,149.36595153808594,149.5794253094451,147.75604253187922,148.59213117138654,4178200,0.004305994627817666,0.004296750360626242
2021-12-23,149.6505584716797,150.27317323680845,148.8589453620194,149.3214650041082,3501500,0.0019054338064534715,0.0019036207701731713
2021-12-27,150.91360473632812,151.07371345666948,150.05083357822872,150.4421953701896,3704800,0.008439970271727715,0.008404552864344344
2021-12-28,151.51841735839844,151.77635291569277,150.8424239757246,151.02031197096042,3187000,0.0040076746104305006,0.003999665274615299
2021-12-29,152.58578491210938,152.97714671153156,151.1270813873453,151.207128963049,3662000,0.007044474013916169,0.007019777621083422
2021-12-30,153.26177978515625,153.76877495803143,152.76368783621848,153.09278139419786,4231800,0.004430261137603697,0.0044204764193239805
2021-12-31,152.1588134765625,153.5908205515614,152.12322773701962,153.45740795823326,4409500,-0.007196616861293803,-0.007222637423587006
2022-01-03,152.57687377929688,152.6302523989852,150.40661826480408,151.39391236325991,6012200,0.0027475260432334725,0.0027437584929383163
2022-01-04,152.167724609375,153.24395587279204,151.7407906784649,152.14993173709146,6748400,-0.0026815936110586858,-0.002685195523891429
2022-01-05,153.18170166015625,154.29351867164155,152.6480240658493,152.98602078037604,7016100,0.006663548747831927,0.0066414454435063915
2022-01-06,152.6569061279297,153.43072631762746,151.9186581059953,153.11941216876946,7301600,-0.0034259675048581295,-0.0034318495698819297
2022-01-07,154.72042846679688,155.03174261024031,152.21217673761709,152.50569801149675,6986000,0.013517386086273175,0.01342684126329712
2022-01-10,153.9554901123047,154.4891675962235,153.12830494141096,154.4891675962235,7698400,-0.004944003594563151,-0.004956265612671049
2022-01-11,152.3189239501953,154.2223540482118,151.3049474226909,153.86657804880073,8341100,-0.010630125375298838,-0.010687028777510791
2022-01-12,151.02032470703125,151.2782738580634,149.73061966782606,150.86022956941284,8116200,-0.00852552794811412,-0.008562078149619914
2022-01-13,150.10418701171875,151.58068326822527,149.8373617851086,150.31766076499196,6159400,-0.00606632052400724,-0.006084795400599732
2022-01-14,149.28587341308594,150.00632858250634,148.6721483215105,149.98854928418783,5847700,-0.005451637392159703,-0.005466551797270706
2022-01-18,148.627685546875,149.179142374835,147.65817091541894,148.627685546875,7815600,-0.004408909236774727,-0.004418657139400807
2022-01-19,148.16517639160156,150.06860647660514,147.9339233507638,148.71663325851398,5926500,-0.0031118640754690396,-0.0031167159927671527
2022-01-20,146.98220825195312,149.3036827042885,146.6975765837506,148.79668763479705,6011300,-0.007984117243054811,-0.008016160981741701
2022-01-21,146.64419555664062,149.4192997312253,146.28841958214736,147.81828070203863,10550300,-0.002299684426655846,-0.0023023327618895352
2022-01-24,144.9542236328125,146.0215650127676,140.76489209081078,145.8703595613723,14054600,-0.011524301506876777,-0.011591220899132153
2022-01-25,149.09910583496094,149.79287853172144,143.7179090382032,144.4116817349637,14081200,0.02859442173032467,0.028193231176876977
2022-01-26,149.7661895751953,150.5133272823747,147.85385634441064,149.01903829603216,9963200,0.004474096182526921,0.004464117167844887
2022-01-27,151.7318572998047,152.90594234144066,150.31762960400135,150.66451589866975,9066700,0.01312490976891989,0.013039524445660002
2022-01-28,152.7991943359375,152.8436697205439,150.58446404554658,151.9720091845823,9783100,0.00703436348257358,0.007009737764495444
2022-01-31,153.24395751953125,153.5374788414314,151.93647319031805,152.54129513460796,8054800,0.0029107691668577296,0.002906541080954016
2022-02-01,151.9898223876953,152.96821312002666,150.70010392146628,152.7547529605279,8154700,-0.008183912450029807,-0.008217584500105088
2022-02-02,153.6708984375,153.86657931037584,150.8957940457994,150.8957940457994,7382800,0.011060451439416807,0.010999731959383792
2022-02-03,153.66200256347656,154.42693321984564,152.1321412507384,153.21727575330814,6240400,-5.7889126138355174e-05,-5.789080177848558e-05
2022-02-04,152.6569061279297,153.85766019070385,151.31382267815255,152.09654608877852,6392200,-0.0065409562466927085,-0.006562442044025196
2022-02-07,152.14991760253906,152.75475305612608,151.21598868819635,152.46123176464786,6065700,-0.003321097867434508,-0.0033266249536794005
2022-02-08,152.55020141601562,153.03051402130183,151.63406517747282,152.11437778275902,6296100,0.0026308513325798977,0.002627396700967765
2022-02-09,152.53240966796875,153.1994998982244,152.31893590837217,153.0482944080047,5387500,-0.00011662880731544423,-0.00011663560898364424
2022-02-10,150.6912078857422,152.2922268740491,150.5844778105161,152.28333722510797,10355300,-0.012070888975231342,-0.012144333783352328
2022-02-11,149.17025756835938,151.34051278226252,149.01903852483215,150.42437673162752,13125300,-0.010093158975379879,-0.010144440256313057
2022-02-14,147.2935028076172,149.40150322779402,145.70137346631574,149.1702502071953,8967600,-0.01258129329087021,-0.012661107915396836
2022-02-15,148.81446838378906,149.51714427492956,147.65817607688797,147.76491972976046,6631400,0.010326087350631008,0.010273137508493969
2022-02-16,148.7255401611328,149.28588669164355,147.39135978146538,148.08513249313367,8482400,-0.0005975778002103027,-0.0005977564209873736
2022-02-17,147.8183135986328,148.9390203824822,146.68870359165047,148.7255601790746,6227600,-0.006100005160627364,-0.006118686200477593
2022-02-18,146.2338409423828,148.02416709806374,145.85787408878238,147.6840007575709,6423200,-0.010719055154101431,-0.01077691808793118
2022-02-22,144.24655151367188,146.57398055529518,143.61994020526623,146.42180449890395,6868900,-0.013589805313900971,-0.01368299193997382
2022-02-23,144.31822204589844,145.58935223755546,143.98701601020895,144.5778133816077,8016900,0.0004968613216362883,0.0004967379269215013
2022-02-24,141.5610809326172,143.3424602785222,139.39478804041374,143.0291477545693,12883400,-0.019104594514782636,-0.01928944540161424
2022-02-25,148.5970916748047,149.48330816291468,142.9575607649637,143.22611245764307,11340400,0.04970300237772718,0.04850726928009078
2022-02-28,147.3170166015625,147.86305304905326,145.35660697854715,145.7952282113324,9373500,-0.008614401929504467,-0.008651720361684203
2022-03-01,146.80674743652344,147.4781197571173,145.38344139504963,145.9473848561572,8737800,-0.003463748973542846,-0.003469761640279245
2022-03-02,148.6328582763672,150.05617782504854,146.84253227918128,147.173751876851,6793300,0.012438875404097605,0.01236214820495547
2022-03-03,150.81712341308594,151.58696447122838,148.88358088070598,149.22373367911126,7333700,0.014695708351765147,0.014588772819002851
2022-03-04,151.7122344970703,152.05240083731476,149.35796489226013,150.0651377132317,6302500,0.005935075963043435,0.005917532778897343
2022-03-07,154.15602111816406,154.97060904018076,149.81447524877078,150.65593062626994,11663400,0.01610803920458337,0.015979681302613877
2022-03-08,151.03192138671875,154.97063361685076,150.843931123146,154.00385581655905,11100300,-0.020265830090740455,-0.020473999308497158
2022-03-09,151.6048126220703,152.38360009401168,150.28892186382896,152.1866631329753,7248200,0.003793179813191161,0.00378600384740477
2022-03-10,151.8734130859375,152.31203437361302,150.45905339252263,150.88872796422197,6171400,0.0017717146258198202,0.0017701469907903038
2022-03-11,151.5958709716797,153.48466559080418,151.3004655202597,151.39893400406638,5188000,-0.0018274568841142314,-0.001829128720562381
2022-03-14,153.69053649902344,155.8657760162864,152.49102136623392,152.78641313400027,7729500,0.013817431265888969,0.013722840897139937
2022-03-15,157.67404174804688,158.01420812686294,154.4604092147362,155.15863540138568,10554400,0.025919001519320917,0.025588797744585744
2022-03-16,156.223876953125,158.39911685390783,154.4693511669782,157.06533250060838,9603300,-0.009197232333519767,-0.009239788005391696
2022-03-17,158.2648468017578,158.30064731755903,155.9374171606165,156.84154067908796,7472100,0.013064391234159478,0.012979788136966191
2022-03-18,156.5103302001953,158.44388598532035,155.45404418333092,158.44388598532035,13809500,-0.011085952673749455,-0.011147859805311806
2022-03-21,157.3965301513672,158.58709871829532,156.04483878215498,156.34919095920594,7574900,0.005662245744663119,0.005646275487878863
2022-03-22,156.6535186767578,157.87988756634294,155.67779432432727,157.39650557585992,8442100,-0.004720634399594581,-0.004731811784265739
2022-03-23,156.06272888183594,157.13692185147207,155.83893811069905,156.85942348071907,5254200,-0.003771315192357183,-0.003778444531799321
2022-03-24,156.86834716796875,157.13688510324866,155.82100824307264,156.65350316064334,5012300,0.005162144042366368,0.005148865853156033
2022-03-25,158.3722686767578,159.0704948666789,156.85049399767612,157.27122178636014,4809500,0.009587157230506849,0.009541492072662253
2022-03-28,159.18685913085938,159.50015802712497,157.86202153895596,158.13055954743928,5604200,0.0051435169863238706,0.00513033428713189
2022-03-29,159.10629272460938,160.59225307487108,158.2648372335439,159.89402695656244,5933400,-0.0005061121671090518,-0.0005062402851017734
2022-03-30,160.7623291015625,161.00402694995782,159.05256439542873,159.73289705622977,6277600,0.01040836505328846,0.010354570972059694
2022-03-31,158.6497802734375,161.31737661486156,158.42598945910302,160.7623661071191,11490400,-0.013140819991419694,-0.013227924491010875
2022-04-01,159.5091094970703,159.7239398918661,157.19064042586945,158.48862414447697,6525600,0.005416516947907013,0.005401900376831495
2022-04-04,157.96942138671875,159.50910289484722,157.11901923794062,159.50910289484722,6860600,-0.009652665701702978,-0.009699554658866568
2022-04-05,158.98989868164062,160.81602516527838,157.8082769823255,157.96941342273357,7446100,0.0064599672896419325,0.0064391911284957535
2022-04-06,163.12557983398438,163.45679949343062,159.89404025997754,160.58331972200222,10330900,0.026012225849800563,0.025679662710526453
2022-04-07,162.704833984375,163.7700802185386,161.33523558590878,162.62427258660745,7385200,-0.00257927573368677,-0.0025826077961136717
2022-04-08,163.02711486816406,163.98494603240795,161.51428690017883,162.3199419620777,7144500,0.001980770183017455,0.001978811044400812
2022-04-11,160.98609924316406,164.88901019318186,160.77126888020135,163.81481740106096,5932000,-0.012519485649062245,-0.01259851470439241
2022-04-12,161.03982543945312,161.85442708407396,159.51805100320686,160.4132140432463,5957500,0.0003337318969875991,0.00033367622088498205
2022-04-13,161.7201690673828,161.88129186915512,160.44903910334986,161.03983636895325,5643100,0.004224691787097612,0.0042157928315086956
2022-04-14,161.03982543945312,162.38256999951227,160.8876493617389,161.12934720709868,6188200,-0.004206918851576313,-0.0042157928315086374
2022-04-18,159.03468322753906,161.47847472136027,158.21113479597196,160.8876637837887,6318700,-0.012451219482151887,-0.012529385434143201
2022-04-19,163.88648986816406,166.4466573160749,161.08462451758515,161.77390404639772,14380800,0.03050785238892373,0.030051741298892303
2022-04-20,164.6115264892578,164.99645368892638,162.83014716988748,163.13451297628947,8044900,0.004424017023471505,0.004414259826910988
2022-04-21,164.1371307373047,165.48882230011083,163.420997420008,164.64736667672025,6969200,-0.002881910896951001,-0.002886071597929061
2022-04-22,162.5078887939453,163.9491018038677,162.36467309152917,163.34039750606382,8003600,-0.009926102253894786,-0.009975694451255152
2022-04-25,166.50930786132812,167.11802596180286,163.0092300052495,163.22406043909368,11176500,0.02462292198292282,0.024324663913288365
2022-04-26,165.3187255859375,167.0105970685565,164.87114400660485,165.69470613259006,10190000,-0.007150244576009879,-0.00717593008644763
2022-04-27,163.0092010498047,165.44404570098646,162.68694179717463,164.92484947957664,11090100,-0.013970132711507377,-0.01406863347063627
2022-04-28,164.22665405273438,165.15761781251052,162.84809501376307,163.14350052211407,9403900,0.007468615238214182,0.007440863225171128
2022-04-29,161.54112243652344,163.41200984509146,161.3083713126131,163.36724896286998,8463100,-0.016352592894869566,-0.016487772256697657
2022-05-02,159.91200256347656,162.3916092127827,158.47078882294036,161.5501533611626,7145400,-0.010084861665406786,-0.01013605838151861
2022-05-03,159.59861755371094,161.69330951598147,159.05256753528514,160.05515946070406,5898700,-0.001959734133410218,-0.001961656924864425
2022-05-04,161.30838012695312,161.57693177585296,158.57813007149596,159.4732931284259,5923000,0.010712890872421221,0.010655914417480764
2022-05-05,158.22901916503906,160.8697611459707,156.89523493400637,160.61015620685257,7089200,-0.019089900719916342,-0.01927446553247749
2022-05-06,157.87991333007812,158.3274948850506,156.37604586174103,156.77886652939526,6434000,-0.002206332547614487,-0.0022087700852755857
2022-05-09,158.7393035888672,159.84035058142769,156.2865513229031,157.0563922779789,7855200,0.005443316003045595,0.005428554701216543
2022-05-10,158.52442932128906,160.395316912904,157.9962863730713,159.54491470390673,8186700,-0.001353629899590869,-0.0013545468841419516
2022-05-11,157.66510009765625,159.62550970741106,157.44130929579578,157.51292399148392,6138900,-0.005420799982135072,-0.005435545832035983
2022-05-12,159.22267150878906,159.29428620275547,156.3939662222006,157.96944851214266,6898600,0.009878986599875628,0.00983050842710001
2022-05-13,158.30958557128906,160.13571212232162,157.36966166834574,159.96562896304283,7732200,-0.005734647766223455,-0.005751153993908889
2022-05-16,159.41065979003906,160.35058385529746,157.70089484817265,158.3096129097052,5516700,0.006955196141639641,0.006931120335128544
2022-05-17,160.0730743408203,160.86080859166427,158.07685076529984,159.98355256592424,5751100,0.004155396832644209,0.004146787014458873
2022-05-18,157.10116577148438,160.56544351758183,156.8057602309407,160.09100804131404,8608800,-0.0185659492177197,-0.018740459797926885
2022-05-19,155.7046661376953,156.4745069220664,154.5857123033829,156.4028922375779,6874500,-0.008889174226882401,-0.008928918641421472
2022-05-20,158.4259796142578,158.58711609330115,155.80315798961578,156.51929128280585,7522100,0.01747740478217863,0.017326431485761313
2022-05-23,161.66024780273438,162.10168751312364,159.87643931183314,160.00256690721247,7040800,0.020415011454254506,0.020209418520168693
2022-05-24,163.42605590820312,163.7323776065386,161.35396138621329,161.48909320395046,6419800,0.010922958052269394,0.010863733427730263
2022-05-25,161.82241821289062,163.5611920667618,161.3179077931802,162.642254518359,6558900,-0.009812619452881255,-0.009861080483510884
2022-05-26,161.6782684326172,163.06567196869744,160.9034807120621,163.06567196869744,6897600,-0.0008907899280296006,-0.0008911869171509897
2022-05-27,163.14674377441406,163.20981444213518,160.57012553924065,161.94852480959773,5853600,0.009082700823264345,0.009041701167546566
2022-05-31,161.74134826660156,162.3179335998349,157.6692066180219,160.36294873954566,16391400,-0.008614303143896995,-0.008651620717708397
2022-06-01,160.1016845703125,162.0116208525673,158.47101612054178,161.3989912215236,5175400,-0.010137566638719786,-0.010189301709535812
2022-06-02,159.59718322753906,160.1917907862278,157.2908416328581,160.1287338464834,8666500,-0.003151130758726528,-0.0031561060258164715
2022-06-03,158.93951416015625,160.96657407724052,158.69626312097978,159.52511749544186,4234200,-0.004120806232809082,-0.004129320152338026
2022-06-06,158.9214630126953,160.81339075563014,158.56110236969695,159.65121599711463,5386500,-0.00011357243386778126,-0.00011357888370500235
2022-06-07,160.66925048828125,161.5341353281829,158.92147239807863,159.44400498409948,5447800,0.010997806353231887,0.010937770256783443
2022-06-08,159.7142791748047,161.66926392068805,159.2818436369055,160.45303639280706,4333100,-0.005943709269660258,-0.005961443415589742
2022-06-09,156.4980010986328,160.94851108454222,156.43493042982243,159.65120461411854,5509600,-0.020137698975880025,-0.02034322634891737
2022-06-10,155.4529571533203,156.7322553892562,153.7141832590751,155.11060489761977,6647300,-0.006677682385565209,-0.006700077862185093
2022-06-13,153.88536071777344,155.18268112230223,153.22769631018366,153.22769631018366,7997000,-0.010084056709199762,-0.010135245225068553
2022-06-14,151.5249481201172,154.1556191745065,150.68708973381888,154.11057065965147,7116800,-0.015338772880321372,-0.015457628826368629
2022-06-15,153.1466064453125,154.45293096324588,151.93036521492917,152.8312805716939,7796100,0.010702252964375214,0.01064538920886289
2022-06-16,153.2277069091797,153.344830320903,150.82226422059372,151.71416175024245,7056700,0.0005295609595903361,0.0005294207916681648
2022-06-17,152.66915893554688,155.1376588057255,152.47095640988397,153.72322850554644,12486600,-0.0036452152479438116,-0.0036518752346952183
2022-06-21,155.86737060546875,156.63315420503037,152.7592151809672,153.83130672160218,8219700,0.020948642752869784,0.020732236989744843
2022-06-22,158.32687377929688,160.29086270856567,154.67816374209156,154.95744531030155,10593100,0.01577946150162246,0.015656260143016368
2022-06-23,161.85845947265625,162.00260923181864,159.02958574676327,159.46202127737277,10223500,0.02230566175570603,0.022060529018166717
2022-06-24,164.22784423828125,164.44406885948584,162.14673209161464,162.8674670820867,9374400,0.014638621752267822,0.014532511414792088
2022-06-27,164.07470703125,165.1828428627777,163.51614388639658,163.64227149158535,5908600,-0.0009324679852038553,-0.0009329030039239475
2022-06-28,159.40794372558594,164.84046148760993,158.840362729087,164.1197265509348,9245700,-0.02844291719366121,-0.028855254498779112
2022-06-29,159.45301818847656,160.6332151377635,158.94849402787716,159.66022487692416,7097900,0.00028276171084806734,0.0002827217412899027
2022-06-30,159.92147827148438,160.62419114228166,157.6872120604078,159.33588879477907,10777200,0.0029379191960736684,0.002933611945645964
2022-07-01,161.7323455810547,161.91252592184372,159.18275320559724,159.86744399934713,5498400,0.011323477803876658,0.011259847125588947
2022-07-05,160.48907470703125,161.3809859347014,157.3088443278499,161.11070855538813,5676400,-0.0076872122861803005,-0.00771691120169419
2022-07-06,160.6332244873047,161.66026753126712,159.83141030163998,160.4260177867968,5335600,0.000898190612268035,0.0008977874804547991
2022-07-07,160.8134002685547,161.3719634223072,159.92148906608824,160.23681495752297,5725800,0.0011216594937011326,0.001121030903689954
2022-07-08,160.6151885986328,162.15575990631334,160.15572671586082,160.6602371158169,3828300,-0.001232556923682182,-0.0012333171467102165
2022-07-11,160.6782684326172,161.28188010604026,159.93050699473775,160.09266516959255,3645200,0.00039273890928215316,0.00039266180754329573
2022-07-12,158.42599487304688,160.76836690568783,157.84039155472703,160.34493552441393,4708800,-0.014017287972672099,-0.01411645797405812
2022-07-13,158.0565948486328,158.8584089787493,157.20973220060193,158.25479732995396,5291700,-0.0023316882100697933,-0.0023344108280451427
2022-07-14,158.2727813720703,158.57008504827942,155.22769723553918,155.4349038897908,5359600,0.0013677792036741465,0.0013668446457813165
2022-07-15,160.5701141357422,160.82236929495957,159.05658318043774,160.1016481239814,5691100,0.014515021115799165,0.01441068659678883
2022-07-18,156.9664764404297,160.5341072491236,156.67819067890133,160.12869809394587,7605700,-0.022442767227941696,-0.022698438686166094
2022-07-19,154.6781768798828,159.23680688891346,153.04752210360445,158.8584240469217,13256400,-0.014578269274046596,-0.014685576420126597
2022-07-20,153.79527282714844,155.4529538514434,152.9393922060763,155.13762796506126,7455800,-0.005708006588544201,-0.005724359516254836
2022-07-21,154.33583068847656,154.40790557744037,152.94842687984192,153.2006821177755,5729200,0.003514788532776647,0.0035086260991075567
2022-07-22,155.06553649902344,155.39888450674297,154.1105684838368,154.5970704423998,4257000,0.004728038896034237,0.004716896826422724
2022-07-25,155.3719024658203,155.84036865606907,154.7052200070934,155.06558072988176,4437300,0.0019757192585394545,0.0019737700921599586
2022-07-26,156.4709930419922,157.6421859084376,155.3989151745147,155.46197210936435,4525500,0.007073933952850053,0.007049031054068749
2022-07-27,156.0385284423828,156.8493604669094,154.1736409050373,155.52501386570495,4648500,-0.002763864350840528,-0.002767690876206471
2022-07-28,156.93948364257812,158.6422134559681,154.45296171176614,156.21874846430677,5513000,0.005773927818910396,0.005757322585300982
2022-07-29,157.227783203125,157.52508697965197,155.77730864018574,156.57010496404413,6451400,0.0018370110175935928,0.0018353257764096571
2022-08-01,156.67822265625,157.8043670654056,156.34487456326156,156.91245574447757,5461400,-0.003495314477372058,-0.0035014373607855243
2022-08-02,155.78628540039062,158.1016445186614,155.58808291762512,157.6691952397852,5794200,-0.005692796616772133,-0.005709062344459856
2022-08-03,157.29080200195312,157.89441361512536,154.75022795467413,155.45294080265833,5010000,0.009657567722959115,0.00961123150702668
2022-08-04,154.7682342529297,157.74125750987315,154.59707189229454,157.48900232413266,5651600,-0.016037604977003794,-0.016167599100194885
2022-08-05,154.1556396484375,154.53402247909608,152.96642468332894,154.3268157794951,5235500,-0.00395814171718889,-0.0039659958922581675
2022-08-08,153.33578491210938,154.48895542344442,152.6510942169032,154.32679726413647,4629800,-0.005318357072098379,-0.0053325498770404045
2022-08-09,153.31777954101562,154.16464223511687,152.91237035148671,153.64210964201445,5532500,-0.00011742445577245242,-0.00011743135056360916
2022-08-10,153.75921630859375,154.2727446404759,152.73217339170623,154.07454216994705,5603400,0.0028792275031612746,0.0028750904667307724
2022-08-11,150.5790252685547,153.11059577785954,150.43487548054577,151.8222931330909,9328700,-0.020682929559529217,-0.020899817139598608
2022-08-12,148.9213104248047,151.29972640404716,148.78616487388754,150.93935201514535,14606900,-0.011008935944388676,-0.011069982733296057
2022-08-15,149.633056640625,150.2276641879364,148.76818543260842,149.55197754241345,10072000,0.00477934429793847,0.0047679594921730085
2022-08-16,150.96641540527344,151.57903134056974,149.19161078848938,149.42584386724158,7453600,0.008910856962915492,0.008871389562634658
2022-08-17,150.97543334960938,151.8583267618862,149.92136377898814,149.92136377898814,7406600,5.973477154985751e-05,5.9732987499437666e-05
2022-08-18,150.2456512451172,151.62405058019266,149.48887193131208,151.0654737358512,8312100,-0.004833780491970807,-0.004845500993701657
2022-08-19,152.53399658203125,153.26373591588975,150.45288403824836,150.54298108432832,8128500,0.015230692655328504,0.015115870073055246
2022-08-22,151.9988555908203,153.20512541999568,151.61793046148733,153.1869821740536,5462600,-0.0035083391453861745,-0.0035145077992115433
2022-08-23,150.67471313476562,152.16214123513063,150.37541180588656,151.4637714677461,5566300,-0.00871152911584594,-0.00874969631036888
2022-08-24,150.17587280273438,151.0919061697639,149.71332376697077,151.0646982170274,5684300,-0.003310710348491508,-0.003316202876126535
2022-08-25,151.5816650390625,151.68143213764,149.37772416657478,150.51143490529992,5678700,0.009360972638892129,0.00931743025629887
2022-08-26,148.9877166748047,151.91722100182255,148.9242222381176,151.8809483517448,5667100,-0.017112546979803578,-0.017260658756879693
2022-08-29,147.83587646484375,148.5977267399316,146.9470511439079,148.26215279859952,5259200,-0.00773110854819703,-0.007761148496117207
2022-08-30,147.31890869140625,148.32564442949246,146.95612677322367,148.10798081428013,6973300,-0.0034969033620227963,-0.0035030318198387813
2022-08-31,146.33030700683594,148.33471365284876,146.26682640280197,148.04447706514426,8741700,-0.006710623187150877,-0.006733240660613281
2022-09-01,149.95819091796875,150.10330922111143,146.4572914302994,146.46636997377274,7509600,0.024792430121556075,0.024490084884538268
2022-09-02,147.60006713867188,150.7381705787029,146.93797013143953,150.42980459243242,5803700,-0.015725208238787314,-0.015850160995745533
2022-09-06,147.99913024902344,150.7563225568572,147.67263483705528,148.6884352456032,7394600,0.0027036783796083874,0.002700030015740397
2022-09-07,148.80633544921875,149.1237661356307,147.07402221117863,147.7542486182292,4590600,0.005454121242720156,0.005439301385233868
2022-09-08,150.0035400390625,150.03074799061935,147.90844473372724,148.6340224001435,5838400,0.008045387222456624,0.00801319564189703
2022-09-09,150.29376220703125,150.7381679326075,149.09655709653825,149.64074375389717,5500600,0.0019347687920776568,0.001932899537600075
2022-09-12,150.2303009033203,151.07378902435266,149.84937569484413,150.65657731645322,6365300,-0.00042224842055338385,-0.0004223375925204121
2022-09-13,146.32122802734375,149.14190058240249,145.84960053795942,148.352842425334,6726400,-0.026020535487659147,-0.026365059224759898
2022-09-14,149.34149169921875,149.976367115898,147.27360386246568,147.27360386246568,9555700,0.02064132260638618,0.020431177370507602
2022-09-15,149.72238159179688,150.62028550857283,148.83355621834494,149.1509869320992,7174500,0.0025504626225727467,0.002547215712355164
2022-09-16,152.00794982910156,152.03515778120317,149.42308366550333,149.94006243392025,20201500,0.015265374575299306,0.015150031104474014
2022-09-19,150.81072998046875,150.9467697278075,148.81540193046325,150.82887322652786,7380900,-0.007876034444111779,-0.007907214226661062
2022-09-20,149.62265014648438,150.46612452205312,149.033125938135,149.84939235573353,7143400,-0.007877952942328736,-0.00790914795685859
2022-09-21,148.08984375,151.2823773524327,148.05357109236442,149.66797422239856,8071200,-0.010244480999258565,-0.010297316855099794
2022-09-22,150.72006225585938,151.60890160704997,147.68172520611097,147.9719480136004,7401100,0.01776096482551237,0.017605081937131468
2022-09-23,151.20980834960938,151.89909951374085,149.34145522008131,150.32098298336882,9598600,0.003249375606802829,0.003244107794202313
2022-09-26,150.28472900390625,151.31867289342514,149.08753737147447,150.37543142057726,8735500,-0.006117852775557209,-0.006136643515369047
2022-09-27,149.59539794921875,152.07141826700644,149.10562717210078,150.88329165618046,8686700,-0.004586833667375334,-0.004597385467519769
2022-09-28,150.88328552246094,151.80839729999886,149.74051015437868,150.78351843038095,8660900,0.008609138990220533,0.008572291684497678
2022-09-29,149.22354125976562,151.61793778787484,148.6430819147465,150.99212724542997,7008100,-0.011000186382130739,-0.011061135814579945
2022-09-30,148.16241455078125,150.32100458972988,148.1261418902945,149.6498427371443,8985200,-0.007110987314911554,-0.007136390886494535
2022-10-03,148.01727294921875,149.08750309504975,146.65682004740748,149.00586540311673,8657000,-0.0009796114757076868,-0.000980091608617439
2022-10-04,150.21214294433594,150.556795458884,147.76333036435938,148.60681840279454,6236100,0.014828472051840791,0.014719605160442233
2022-10-05,149.7495880126953,150.59306217863468,148.9333217979641,149.66796415907075,4539400,-0.00307934446958813,-0.0030840954064570054
2022-10-06,146.84727478027344,149.64980415484632,146.64774060092768,149.45933467847402,5890700,-0.01938110996456177,-0.019571386198316346
2022-10-07,145.29637145996094,147.12845196378902,144.36219488011758,146.72031884897524,6363500,-0.010561335391706117,-0.010617502108046252
2022-10-10,145.4868621826172,146.27592057563626,144.37128064302712,145.68639641705224,5315600,0.0013110494139816353,0.0013101907391268556
2022-10-11,147.59100341796875,148.84262457401556,145.45055686666424,145.45055686666424,6212200,0.014462757693615158,0.014359169598681307
2022-10-12,147.55474853515625,149.54101231709615,147.3824222579293,147.78149072324538,4341700,-0.00024564425996775885,-0.000245674435460712
2022-10-13,149.78590393066406,150.54776830227144,145.79524642275393,145.9222215114807,6465100,0.015120864747881768,0.015007683973802243
2022-10-14,149.1600799560547,150.2665690488161,148.3800863128252,149.14193670688817,5684600,-0.004178123295894842,-0.004186876041573974
2022-10-17,151.09190368652344,151.65423365873673,149.65889156256586,150.0126087815701,6710800,0.012951345501007294,0.012868194005469792
2022-10-18,150.5658721923828,151.61795922877306,147.88125253174252,149.64983876750966,10883600,-0.003481533300632722,-0.0034876079411682048
2022-10-19,149.36868286132812,150.7835518706169,148.64310510703413,150.5568096873528,10044600,-0.00795126620410369,-0.007983046093567144
2022-10-20,149.7495880126953,150.32098266655277,149.04215360279687,149.64982091185104,5659900,0.002550100490079421,0.002546854501052362
2022-10-21,153.0146942138672,153.61328303314235,149.13285547753486,149.38681944356074,8487600,0.021803774183973612,0.021569471569877974
2022-10-24,155.07350158691406,156.07117267418542,153.50444963988167,154.01234988822208,6855500,0.013454965117071005,0.013365250912363279
2022-10-25,154.82862854003906,155.19141047420456,152.84236492826028,154.33885770574756,5661900,-0.0015790773044339623,-0.001580325361025579
2022-10-26,156.1890411376953,156.5155503296566,154.65626225985585,155.38183977968544,6123800,0.00878657009678574,0.008748192828951881
2022-10-27,156.27976989746094,157.29557038309918,155.74466170157964,156.316056394373,5390900,0.000580890689287461,0.00058072203759998
2022-10-28,158.60159301757812,159.07322055970153,156.53370573804634,156.90556618162907,6073900,0.014856837334995987,0.014747555585097582
2022-10-31,157.78536987304688,158.86466500467657,157.28653424423743,158.28420550185635,7810000,-0.005146374188314651,-0.005159662382242622
2022-11-01,156.98716735839844,158.38390653622514,154.56556323185723,157.86692787139256,6985000,-0.0050587865991039704,-0.0050716255781046524
2022-11-02,154.57467651367188,157.75814566462967,154.44770144298587,156.80582571486244,6877300,-0.015367439806203365,-0.015486742741284417
2022-11-03,154.83767700195312,155.51790343658942,153.22327403755563,154.01233227317627,4819900,0.0017014461502560252,0.0017000003305122206
2022-11-04,155.5269775390625,156.45208942106206,153.49537665529007,155.59953669051765,5300900,0.004451762325914155,0.004441882542789816
2022-11-07,156.88742065429688,157.67649272737304,155.49069513427278,155.6992940321011,6621000,0.008747312760531756,0.00870927666839319
2022-11-08,157.6674346923828,158.43836361919713,156.16186333654807,157.02349466860312,5148400,0.00497180739432701,0.004959488773611491
2022-11-09,156.40676879882812,158.71954203634982,156.3070016759783,158.05745867884414,6150000,-0.007995727817949883,-0.008027865071406619
2022-11-10,158.23883056640625,158.51092394489174,156.0348894238423,158.12999875070972,7877500,0.011713442977231647,0.011645371654755165
2022-11-11,153.50445556640625,157.00535537248018,151.3005282238588,156.66070283098117,11074700,-0.029919173334721938,-0.030375884497115545
2022-11-14,155.91697692871094,157.14137624758314,154.41140571602338,154.41140571602338,6581500,0.015716295357049326,0.015594073309122936
2022-11-15,156.3523406982422,156.9055921837895,154.65631358123005,156.17094971790178,9351000,0.0027922794432468923,0.002788388272809469
2022-11-16,157.3227996826172,158.71046071198074,157.0234983454072,157.48604740878028,5500900,0.006206872119989271,0.006187688827140209
2022-11-17,158.592529296875,158.71043964294734,156.8874239073348,156.90556715424808,4464100,0.008070855698089296,0.008038460529994091
2022-11-18,159.80787658691406,160.2069450152458,158.3748644302881,158.71951695280072,6555700,0.007663332537966028,0.007634118362208428
2022-11-21,160.62942504882812,161.15886393047438,159.58880764106,160.5563975553007,5706600,0.005140850873312619,0.0051276818136272665
2022-11-22,161.4053497314453,161.74308974284048,160.95806150206832,161.0219518613668,4707900,0.004830526426782056,0.004818896870218623
2022-11-23,161.57875061035156,161.9347509271346,160.66592785669562,161.058448883624,5389200,0.0010743192787274758,0.0010737426107512145
2022-11-25,161.78868103027344,162.59195543886383,161.44180398857944,161.9164756358606,3058600,0.0012992452233284713,0.0012984019346001729
2022-11-28,161.87086486816406,162.27250911899077,161.1679874292173,161.34142598558068,6183100,0.000507970257049406,0.0005078412838329062
2022-11-29,160.73892211914062,161.80692284870375,159.43359253697466,161.57871720746633,6700500,-0.006992875153569833,-0.007017439890771462
2022-11-30,162.48243713378906,162.4915603463096,159.54314698820693,160.9945317073882,13288000,0.010846875116881316,0.010788469731363073
2022-12-01,163.15794372558594,164.27158859743997,162.27250454175822,163.39527262684817,6282600,0.004157412971597996,0.004148794808208875
2022-12-02,163.28573608398438,163.35876357456607,161.53311809573285,162.02603624644718,5823900,0.0007832432517864696,0.0007829366768621179
2022-12-05,163.1944580078125,163.7238968997959,162.4824573427311,162.81107410573563,5120600,-0.0005590082658838424,-0.0005591645692571384
2022-12-06,160.74806213378906,164.30806462933103,160.59287003783334,164.23503715140103,7943500,-0.014990679854497979,-0.015104175778161538
2022-12-07,161.7248077392578,162.37291803152218,160.86675211086697,161.1771224369405,5702600,0.006076251200190619,0.006057865226804494
2022-12-08,161.752197265625,161.9986633214592,160.96716910100957,161.405334073286,4798500,0.0001693588432725157,0.0001693445036826198
2022-12-09,160.41946411132812,162.38202731797412,160.3464366249018,161.6791499486183,4561000,-0.008239351160765351,-0.00827348222236906
2022-12-12,162.33639526367188,162.36377883201223,160.29168120855363,160.6111608153809,4882400,0.011949492307326448,0.01187866083256201
2022-12-13,163.5869598388672,164.49064538456412,162.76541106356134,163.486548786171,9177500,0.007703537910670688,0.007674017174975003
2022-12-14,164.08900451660156,165.2574164652863,163.01188040988902,163.01188040988902,9533600,0.0030689773697665235,0.0030642776717745104
2022-12-15,162.01690673828125,164.1620317354211,161.0219194052638,163.57782576203618,7602400,-0.01262788926305336,-0.012708298708244515
2022-12-16,160.35557556152344,161.56963152634188,159.61619134073683,161.56963152634188,18841800,-0.010254060580489277,-0.010306995636784989
2022-12-19,160.18211364746094,160.8119635003067,158.89504430530678,160.06345617518335,5736000,-0.0010817329765745454,-0.001082318471962046
2022-12-20,160.35557556152344,161.05845299980152,159.89916417303093,160.6568087493569,6174700,0.0010829043899636126,0.001082318471962012
2022-12-21,162.19033813476562,162.6467495058273,160.33730908254077,160.90326865408463,5472000,0.011441838344674604,0.01137687557173454
2022-12-22,161.5970001220703,162.03515111442513,160.0543275433358,161.35967123632997,5709100,-0.0036582821117390196,-0.003664989990282014
2022-12-23,162.00779724121094,162.04431795559935,160.48338473692496,161.26841295341782,3683400,0.002542108571510049,0.0025388828790658046
2022-12-27,161.9621124267578,162.80192150283168,161.56048216987338,162.58283905752094,3067300,-0.0002819914549242464,-0.0002820312219907292
2022-12-28,161.25927734375,162.8932240084633,161.2501402015695,162.26337405510648,2645400,-0.0043395030632590315,-0.0043489460351159165
2022-12-29,162.08082580566406,162.7563197405701,161.63355151575536,162.0717025912928,2828800,0.005094581071219961,0.005081647601548862
2022-12-30,161.25010681152344,162.27247759553867,160.10907856086573,162.01688838167675,4216600,-0.005125337867766477,-0.005138517464440107
2023-01-03,162.65589904785156,162.82933761064848,160.6659380754587,160.80286985435822,6344900,0.008718085613247162,0.008680302543424109
2023-01-04,164.4267578125,164.48152494606364,162.92059199665462,163.29485264743158,9788800,0.010887147499811567,0.010828309178575277
2023-01-05,163.21270751953125,164.298968800861,162.8567072106439,163.41352963516715,6255300,-0.007383532395336512,-0.007410925592988498
2023-01-06,164.53628540039062,165.15699812700657,163.751257351185,164.4267511377098,5706000,0.008109527137774908,0.008076821621114281
2023-01-09,160.27340698242188,164.08899907903012,159.9082695552021,163.66910844843818,7925300,-0.02590843963442624,-0.026249975275637813
2023-01-10,159.89002990722656,160.784592266836,159.12326217041849,160.38294804415483,5047500,-0.0023920192526846185,-0.00239488470112113
2023-01-11,159.63446044921875,160.40122828107204,157.10593731832884,160.264310428445,6494800,-0.0015984077190810408,-0.0015996865355943765
2023-01-12,158.83116149902344,159.47927179233164,157.7357769640545,159.06849040421952,4269400,-0.0050321149201418836,-0.0050448186460854486
2023-01-13,158.31085205078125,158.84029094799052,157.35239925041384,158.09178349232954,6088000,-0.003275865033861014,-0.003281242426674634
2023-01-17,157.33413696289062,159.3606046751152,157.0876709090875,158.8311657844054,6053300,-0.006169602874585789,-0.006188713518335395
2023-01-18,154.96078491210938,157.00551288489547,154.91515491749865,156.68601935120176,7047800,-0.015084787679237377,-0.015199720377215968
2023-01-19,154.75082397460938,156.34826362485165,154.00231663849428,154.29441264596875,6939500,-0.0013549294914779741,-0.0013558482384267415
2023-01-20,154.0297088623047,155.28027151593528,152.87954333519298,155.27114830313425,8620600,-0.004659846673404466,-0.0046707376054675965
2023-01-23,153.63719177246094,154.84212446424266,153.30857503184498,154.35832953063715,8425400,-0.002548320663221193,-0.002551573159099143
2023-01-24,153.63719177246094,156.08356393672858,151.53769670344616,154.2853020406592,10541800,0.0,0.0
2023-01-25,154.73255920410156,154.73255920410156,152.5144068959455,152.59655758989916,7099800,0.007129572071734369,0.007104276831103742
2023-01-26,154.16664123535156,155.09772438591878,153.94755875034443,154.76910762269333,6946100,-0.0036573942269223503,-0.003664098845803055
2023-01-27,153.5641632080078,154.14836919517415,153.1442725542845,153.84713602433644,6058100,-0.00390796622742795,-0.003915622280352212
2023-01-30,147.8772735595703,153.84712773396052,147.0374783688084,153.29030534427866,23259100,-0.03703266132954741,-0.03773578398923945
2023-01-31,149.17347717285156,149.18260038515146,147.01009192946142,147.60342108602808,11612500,0.008765401079423363,0.008727207974370106
2023-02-01,150.542724609375,151.51031448520388,148.24240740457546,148.7809834068884,9865300,0.009178893342660643,0.009137023319786091
2023-02-02,151.1086883544922,151.7294151349141,148.62582301851845,148.790124445689,10099000,0.0037594891854504375,0.003752439968096248
2023-02-03,150.25973510742188,151.8389143723094,149.60250169329925,151.55594158289486,6868500,-0.00561816303427054,-0.005634004272511577
2023-02-06,149.11871337890625,150.4788241847215,148.8813844966823,150.2049745953439,7021000,-0.00759366258498928,-0.007622641236664022
2023-02-07,149.15524291992188,149.59340790122144,147.34785763991636,147.51217299004642,7310800,0.0002449695292288112,0.0002449395290929987
2023-02-08,149.34695434570312,150.21413330987644,148.69884396195218,149.06398147694287,6054700,0.0012853146964748596,0.0012844893866532396
2023-02-09,147.32957458496094,150.43318004576832,147.02835535851025,149.36517918446438,7949500,-0.013508007375044428,-0.013600070506332045
2023-02-10,148.01422119140625,148.598427264718,147.28397404619517,147.66735797600242,7028000,0.004647041222877402,0.004636277061599212
2023-02-13,148.56190490722656,148.62580918644863,147.10138291274748,147.26569825319712,6414700,0.003700210097461243,0.0036933811605619296
2023-02-14,147.9137725830078,148.76270487030752,147.6581833613315,148.55275956576654,6316000,-0.004362708761869283,-0.004372253145432722
2023-02-15,145.4765625,147.8590305212712,145.4035350059163,147.8316469520611,12621800,-0.0164772356248305,-0.016614495131957542
2023-02-16,144.445068359375,145.7321377743993,144.15295841108335,145.20271286811638,11177000,-0.0070904489554803884,-0.00711570564700748
2023-02-17,147.46066284179688,148.12262342322848,143.99456563468274,144.36232930700567,12401900,0.02087710239382612,0.020662162097954503
2023-02-21,145.26332092285156,147.42388858605187,145.16218766991986,146.78030568807787,9423900,-0.014901207390493942,-0.015013345773974172
2023-02-22,145.06103515625,146.04478703403433,144.684082715487,145.72299562777374,9820200,-0.0013925453811495236,-0.0013935158735432355
2023-02-23,145.01510620117188,145.8057806652645,144.04055689098246,144.99672853668827,9385100,-0.0003166181395897194,-0.00031666827369540216
2023-02-24,143.39698791503906,144.20605407236553,142.69825788837173,144.02216519751752,8689700,-0.011158273979319677,-0.011220994523538487
2023-02-27,143.08436584472656,144.25197856046117,142.57869961453727,143.83825674621474,7267100,-0.002180116018181133,-0.002182495930726955
2023-02-28,140.9053955078125,142.75337430952987,140.7031290317166,142.48674394160932,9062300,-0.015228570389574592,-0.015345715895012274
2023-03-01,140.27105712890625,140.88704550749154,139.66425758149393,140.6755761317646,6767000,-0.004501874300981479,-0.004512038253120549
2023-03-02,140.1607208251953,140.4457289074277,139.03906615858733,139.5171519251948,8762500,-0.0007865935137961744,-0.0007869030407994137
2023-03-03,141.60414123535156,141.69607161651072,140.5192561191939,141.00653062845413,5747200,0.01029832325103719,0.010245656795651053
2023-03-06,143.02003479003906,143.17632911003378,142.10984939543735,142.19259097153724,8148200,0.009998955837980938,0.009949297028852437
2023-03-07,141.6685333251953,143.65441532961222,140.98819499259525,143.50730984141435,7457700,-0.009449735254419611,-0.009494667290543022
2023-03-08,140.62960815429688,141.7696404053513,140.18829177122848,141.5673739036322,6230500,-0.007333492812504949,-0.00736051506363069
2023-03-09,139.04827880859375,141.21803555904194,138.5610041765175,141.08932176997936,7439400,-0.011244640203847522,-0.011308339135039145
2023-03-10,139.38844299316406,141.11689726649573,138.91956007015935,139.61829003892623,8504300,0.0024463746511997897,0.0024433871481086525
2023-03-13,140.72152709960938,143.34178854954436,139.3516479379134,139.82971960422788,10799600,0.009563806566880828,0.009518362882179986
2023-03-14,141.51220703125,141.6133402779419,139.6550392414301,140.92379924015586,8421200,0.005618756049178941,0.005603029720179404
2023-03-15,141.9075469970703,142.4040103569655,140.23425406099247,140.51926210359414,7757700,0.0027936810125008815,0.0027897859384110684
2023-03-16,141.61334228515625,141.92593085981693,140.2986240882754,141.0800955249271,7605500,-0.002073213991361178,-0.0020753660744885303
2023-03-17,140.0963592529297,142.45917930896334,140.02280652353485,142.02706579173662,20540700,-0.010712147653234028,-0.010769935767298981
2023-03-20,141.48463439941406,141.65013155265785,140.09636341629536,140.17910497854268,7129000,0.00990943057969118,0.00986065413895667
2023-03-21,141.48463439941406,141.70529259415608,139.90328574230244,141.58576765174385,8376800,0.0,0.0
2023-03-22,138.87359619140625,141.64094973814835,138.85520449859118,141.4478860642193,7943500,-0.018454570837966755,-0.01862698089403572
2023-03-23,138.94712829589844,139.46198338823865,138.00934850413643,138.9930864779831,9051500,0.000529489453062304,0.000529349322984602
2023-03-24,140.34458923339844,140.44572248654276,138.67131016989592,139.268906829272,5696200,0.010057501400993374,0.010007261312790172
2023-03-27,140.9422149658203,142.082247364318,140.76752896185675,141.76965874077837,6772300,0.004258274121476724,0.004249233328592573
2023-03-28,139.58151245117188,141.08010556159792,139.49875685772847,140.10555638964922,6115300,-0.00965432900978902,-0.009701234180207434
2023-03-29,140.951416015625,141.01577992950692,139.81138351830597,139.96767784362382,6012000,0.009814362521199493,0.009766514476012027
2023-03-30,141.06170654296875,141.40188967250947,140.49169042191224,141.19962317237676,4555700,0.0007824719358018317,0.0007821659642357122
2023-03-31,142.5051727294922,142.67985873421233,140.88705452820437,141.39270682134065,9890000,0.010232870577698172,0.010180869205573926
2023-04-03,144.20602416992188,144.3531155990474,141.53060152342383,142.45917842235073,6841900,0.01193536632988268,0.01186470156271154
2023-04-04,145.71383666992188,146.15513906515653,143.96699072300308,144.3163627181369,8314500,0.010455960551435162,0.010401675072570013
2023-04-05,152.25985717773438,152.30582938648408,149.63959559523525,151.11981093298505,16704200,0.04492380859232248,0.04394397232071022
2023-04-06,151.8369598388672,153.7492890314712,151.51518237717363,152.60925661018393,9615400,-0.002777471007171184,-0.0027813353368033107
2023-04-10,151.07383728027344,151.55190892181125,150.44864616855523,151.35884530508363,5354000,-0.005025934129632148,-0.005038606615119617
2023-04-11,151.02789306640625,151.95647003364778,150.8164236943738,151.16579567534075,5903800,-0.0003041176069550344,-0.00030416386009229777
2023-04-12,150.7061004638672,151.55193585933094,149.95220949282864,150.72449215450212,5764100,-0.002130683253308563,-0.0021329563883326435
2023-04-13,152.71957397460938,152.9218405002624,150.60497831562373,150.94514745933537,5640600,0.013360265473957522,0.013271804167190775
2023-04-14,152.4713134765625,152.7287410127055,150.83480384161828,152.5908384143248,7225100,-0.0016255971096943433,-0.0016269198263397927
2023-04-17,152.31503295898438,152.83909093770606,151.64388353827488,152.3793968632133,8046400,-0.001024983087078546,-0.0010255087414648787
2023-04-18,148.03070068359375,151.41405682085826,146.78033207202344,151.00952373641613,14571500,-0.028128098666034607,-0.028531271957662897
2023-04-19,149.4281768798828,149.56607951117002,148.17780825078856,148.931713378497,6752000,0.00944044843289693,0.009396165879541762
2023-04-20,150.39352416992188,150.61418238934385,147.9847315634224,149.3362193175361,9498800,0.006460276168764656,0.006439498025029511
2023-04-21,149.57525634765625,151.67146015101227,148.91329577514915,151.18418556690975,7014200,-0.0054408447889092715,-0.0054557000930225905
2023-04-24,150.48545837402344,150.60498333282308,148.82136792650996,149.57527300701386,5278900,0.006085244635995135,0.006066804306319918
2023-04-25,151.86451721191406,152.0208255317304,150.9267514655093,151.06465406681917,6263100,0.009164067098516915,0.009122331818455957
2023-04-26,149.51089477539062,151.13821571056343,149.16153682188576,150.86239646292825,5518200,-0.015498172184876813,-0.01561952431237639
2023-04-27,149.86024475097656,150.23719719976495,149.0603816761675,149.76830033901678,5739700,0.0023366188538351818,0.00233389320504365
2023-04-28,150.5038604736328,150.55902152650813,149.45575838274564,149.68560545556085,6024900,0.004294772931445312,0.004285576715217247
2023-05-01,150.41192626953125,151.05549525143752,149.1615576637912,150.41192626953125,4893400,-0.0006108428302918911,-0.000611029470782758
2023-05-02,151.72662353515625,152.1403453921698,150.37512184782895,151.092243474319,7541700,0.008740645095317356,0.008702666799731064
2023-05-03,149.74073791503906,152.78391033340984,149.4097576322367,152.20470536006766,5937200,-0.013088577164949822,-0.01317498741067661
2023-05-04,149.06039428710938,149.7683130098506,148.25132828540646,149.5660465094249,5128000,-0.0045434771953354325,-0.004553830158718475
2023-05-05,149.56605529785156,149.97979118223708,148.65587002120256,149.71316076657754,5194500,0.003392323045706025,0.0033865820976526936
2023-05-08,149.2259063720703,149.46495629828925,148.334098636757,148.93170942355283,4994900,-0.002274238797726258,-0.0022768288063913845
2023-05-09,148.0674591064453,149.06039995664315,147.82840921753234,148.71102798284687,5520500,-0.0077630439230611525,-0.007793333208403792
2023-05-10,148.61907958984375,148.91329051333972,147.15725588918932,148.20535775383294,6756600,0.003725467342570399,0.003718544976482326
2023-05-11,148.01229858398438,149.11556152294136,146.5412719795421,148.78458123837933,5867600,-0.004082793457838352,-0.0040911508143781404
2023-05-12,147.81922912597656,148.53635077761396,147.11129630570625,148.35247594902106,3904200,-0.0013044149699374952,-0.0013052664596889248
2023-05-15,146.68836975097656,148.04906017002148,146.12754246568628,147.83760484142803,5104500,-0.007650285972173765,-0.007679699520636688
2023-05-16,146.49530029296875,147.33194685260415,145.75059815722165,146.23787274058083,5599200,-0.0013161879045733293,-0.0013170548406574213
2023-05-17,146.17352294921875,147.15726094738048,145.05186831514686,146.90902222574175,6840700,-0.00219650284416284,-0.002198918694798534
2023-05-18,145.70462036132812,146.1183421954712,144.85878500321925,145.8701175122347,5173000,-0.0032078489895431828,-0.003213005166891323
2023-05-19,146.09996032714844,147.03772604986816,145.392027591224,145.80574941345313,6527100,0.0027132973878243316,0.0027096230413627487
2023-05-22,145.31259155273438,147.4153531638421,145.22922569886683,146.35934327772847,5675900,-0.005389247010409659,-0.005403821388947625
2023-05-23,145.25701904296875,146.6094597440779,144.8494337868921,145.52566120474543,5793000,-0.0003824342348575094,-0.0003825073814792809
2023-05-24,145.11805725097656,145.56268923004555,144.43257176002356,145.5071119994864,5015100,-0.000956661460545849,-0.0009571193531763442
2023-05-25,143.03384399414062,144.77532535037193,142.39467749443867,144.5530164006304,6886100,-0.014362191007225023,-0.014466325541771094
2023-05-26,142.97824096679688,143.83971626085054,142.83928376367552,143.29318801185337,6845400,-0.00038874035536673457,-0.0003888159344864171
2023-05-30,142.9967498779297,143.93234693951996,142.02412017944422,142.62622562465847,5593100,0.00012945264263741763,0.0001294442643671264
2023-05-31,143.63595581054688,144.21954509813145,142.51511044804732,143.30247823686972,11324600,0.004470073153151066,0.004460112049696492
2023-06-01,143.15423583984375,143.61739826400276,141.86664486606554,143.15423583984375,7901300,-0.0033537561537760885,-0.0033593925996506413
2023-06-02,145.40525817871094,145.72020533362172,142.7374372557022,143.32102661626033,7659700,0.015724454995418746,0.015602106660199554
2023-06-05,146.65574645996094,146.95216304059406,145.2014097657402,145.2014097657402,6430500,0.008600021050910511,0.008563251531903985
2023-06-06,146.5260467529297,147.85069853684644,145.80351455610034,147.82290992424487,5073600,-0.000884382031812625,-0.000884773328322467
2023-06-07,146.84103393554688,147.10040378884295,145.84060130086328,146.45197915560274,6504300,0.002149700954863887,0.0021473936538459982
2023-06-08,148.4528350830078,148.60105047098966,146.1926140219727,146.82250821899953,5818400,0.010976503667009085,0.010916699082814495
2023-06-09,148.2212677001953,148.88822287388444,147.7210583872278,148.60106436694025,6264400,-0.0015598717443355836,-0.0015610896109068393
2023-06-12,148.1193389892578,148.4435583430653,147.03554060265492,148.21197712880155,6510600,-0.0006876793898678013,-0.000687915949797235
2023-06-13,148.89747619628906,148.99010020968785,147.4246087969004,147.96187895916216,6066800,0.005253447742483486,0.005239696525732374
2023-06-14,149.6570587158203,150.13875165412293,149.11978854128992,149.69411962970364,6699100,0.005101379411763141,0.005088411460074945
2023-06-15,151.66717529296875,151.83392112866787,149.53662514865795,150.1109562109587,7138300,0.013431485252996866,0.01334208250638681
2023-06-16,152.1303253173828,152.83434124563465,151.79684780784126,152.36190652860347,13426600,0.0030537261837930707,0.0030490730325500688
2023-06-20,152.0377197265625,153.13077639129557,151.74128895569427,152.15813235945524,7995800,-0.0006087253848113816,-0.0006089107333298207
2023-06-21,151.80615234375,152.76952416781145,150.7038232826865,151.52825200434432,7177500,-0.0015230916592867683,-0.0015242527424952565
2023-06-22,153.41793823242188,153.51057638399993,151.7227618276447,151.8246581405416,5485900,0.01061739503825998,0.010561426312396774
2023-06-23,153.2882537841797,154.02005843399996,152.87141036995922,153.87184304484683,9450700,-0.0008453017276618402,-0.0008456591966275204
2023-06-26,151.57455444335938,152.825084631503,149.44400425460742,152.825084631503,6978800,-0.011179586814480169,-0.011242548088971934
2023-06-27,151.2595977783203,151.80614025163607,150.47223003642014,151.6208639503915,4927500,-0.0020778993294469084,-0.002080061157485054
2023-06-28,150.95391845703125,151.17622739651196,149.9812744430126,151.17622739651196,6780400,-0.0020208920675370834,-0.0020229368251988606
2023-06-29,152.00991821289062,152.21371081692456,150.27768107860228,150.6574776710833,4547500,0.006995510727069831,0.00697115566002312
2023-06-30,153.32530212402344,153.71435688769463,152.24150368209737,152.713924294856,7580000,0.008653276882174321,0.008616051873170745
2023-07-03,151.31517028808594,152.2785419153262,150.9539041610464,152.23222284578873,4033700,-0.013110242132844618,-0.013196939943796443
2023-07-05,150.81497192382812,151.8431932455891,150.74086422721678,150.98171777485314,7224600,-0.003305672281936456,-0.003311148087363185
2023-07-06,149.694091796875,150.4073517086435,149.1382912687437,150.29619725685507,6332500,-0.007432154199645713,-0.007459910268104661
2023-07-07,147.51724243164062,149.1753578070972,147.4709233590599,148.64735995654712,7022200,-0.014541985853310901,-0.014648756902513525
2023-07-10,147.75807189941406,148.4898764471016,147.28565131384292,147.68396421518017,5739200,0.0016325513126713709,0.0016312201493751115
2023-07-11,146.94293212890625,148.4898931075434,145.98881855606177,147.40609460638794,6606700,-0.005516719053174413,-0.005531992345940536
2023-07-12,146.43344116210938,147.23008113754335,146.2481790099472,147.23008113754335,6940400,-0.003467270997082883,-0.003473295911872784
2023-07-13,147.1096649169922,147.40609568936492,145.81281562435453,146.35934395949488,6401700,0.004617959869796406,0.004607329806690367
2023-07-14,148.09156799316406,148.4250455467624,147.26713933768443,147.45240150421745,5362200,0.006674633354143866,0.006652456615311099
2023-07-17,147.3505096435547,148.09155826098703,146.49827829123404,147.9804037952915,5486800,-0.005004054988759221,-0.005016617197435764
2023-07-18,147.34124755859375,149.03642395090307,146.53534935726208,147.3505198544418,6332500,-6.285750204282348e-05,-6.285947765839362e-05
2023-07-19,147.0448455810547,148.59180674002846,145.73872384999223,146.27599408265476,7522600,-0.0020116700682962785,-0.0020136961942487496
2023-07-20,155.97459411621094,156.6785959649862,149.4162120048115,150.0090593865687,21892900,0.06072806224434402,0.058955523523572737
2023-07-21,157.65122985839844,158.23481904206028,155.78930784751375,155.78930784751375,12080000,0.01074941564482157,0.010692051398404491
2023-07-24,158.47564697265625,161.0137819889664,158.392281133752,158.864701688804,15155400,0.005229373186611319,0.005215747496551223
2023-07-25,159.6891632080078,159.95779123377756,157.2436658189758,157.89209047996962,13790100,0.00765743039093536,0.007628261084161924
2023-07-26,159.99484252929688,161.04159421992418,158.77208684099628,159.32788745105958,14288200,0.0019142145600130611,0.0019123847860034423
2023-07-27,160.8933868408203,161.44917334392724,159.3649421544322,159.49462708528355,12446400,0.005616082976917847,0.005600371579807899
2023-07-28,161.6251678466797,162.44033829815407,160.46726169837928,161.18053584341936,14138800,0.004548235450990701,0.004537923483812668
2023-07-31,155.18719482421875,157.67901083325538,154.42761582738612,157.18805981302825,22632700,-0.039832738355254804,-0.040647778816749205
2023-08-01,156.447021484375,156.63228364892902,153.82552015887396,154.11267863412226,15810300,0.00811810962614068,0.008085335033200625
2023-08-02,157.3918914794922,158.62390548307712,156.40998919525418,156.40998919525418,14595600,0.006039552470556764,0.006021387475801322
2023-08-03,158.0680694580078,158.69797769651063,157.1695332362727,157.42890305959878,17424800,0.004296142400726621,0.004286940327161178
2023-08-04,156.58595275878906,159.9577747837978,155.52068479203643,157.79017793941992,23415100,-0.009376445883730433,-0.009420681484729463
2023-08-07,160.34683227539062,160.5691411864374,156.8823723540964,157.00279910397677,17736400,0.024017987886786774,0.023734092758720685
2023-08-08,160.4209442138672,160.76369404868336,158.76282881230634,160.24495435064412,27378700,0.0004621977087098106,0.0004620909282500312
2023-08-09,160.3190460205078,161.41210254149152,159.37419073087094,160.25419649743492,42974400,-0.0006351925794896296,-0.0006353943997638346
2023-08-10,159.4853515625,163.0053889040435,158.9944005109648,161.18052777490482,48213800,-0.005200220926346866,-0.005213789134081055
2023-08-11,161.04159545898438,161.13421947164315,158.97588067887958,159.7725206876481,45905600,0.009757911188943869,0.009710610230340621
2023-08-14,160.6617889404297,162.66265406720234,159.09629763664728,160.73589662674675,64036900,-0.0023584373805549674,-0.0023612228744644436
2023-08-15,160.19862365722656,161.699265408361,159.45756094181112,160.06893874212355,88958100,-0.0028828589937763827,-0.0028870224354341526
2023-08-16,159.6891632080078,161.8567602753003,159.44832380095227,159.81884814020657,85832700,-0.00318017993905384,-0.0031852474578761133
2023-08-17,161.18980407714844,162.46813706782797,160.03189785648868,160.12453600798042,70904200,0.009397261774024779,0.009353382193997952
2023-08-18,159.7817840576172,161.17127138125187,158.68871334636802,160.41167819305883,49631700,-0.008735168006391625,-0.008773543225871724
2023-08-21,155.02047729492188,157.336289539336,153.73288625241145,157.1880741633904,151319500,-0.029798808360897988,-0.030251814931101077
2023-08-22,153.78846740722656,155.4743714141702,153.22340863979343,154.56657694889287,56834800,-0.007947400944660066,-0.007979149861676532
2023-08-23,152.40821838378906,154.2330793725988,151.4263163562254,153.67727883813893,119011400,-0.008974983928948688,-0.009015501710359933
2023-08-24,152.92698669433594,154.39058185064204,151.78761093304226,151.94508448260336,70755100,0.0034038079839009416,0.0033980281414410576
2023-08-25,155.11964416503906,156.5472102776254,153.07626131131573,153.30019855460753,18185500,0.014337936803042517,0.01423612065546207
2023-08-28,153.2908477783203,155.08231711979482,152.24583586014316,153.95331984323448,18458000,-0.011789586009964048,-0.011859634283538171
2023-08-29,153.3095245361328,154.58779915821074,151.8726330383914,153.8320305353115,12208600,0.0001218387012871247,0.00012183127955538903
2023-08-30,152.7683563232422,154.7277680930728,152.72170095020414,154.0559705855435,9939100,-0.003529906015480977,-0.0035361508337989132
2023-08-31,150.8555908203125,152.61906984904326,150.48237633297842,152.43244836815614,15333000,-0.012520691777834325,-0.012599736125464672
2023-09-01,149.73594665527344,151.6020477350553,149.297411762547,150.6130164407263,8610100,-0.007421960027803598,-0.007449639817035785
2023-09-05,149.92257690429688,151.12622025816168,149.54936232600193,149.81061537825312,9019800,0.0012463957599513353,0.0012456196535796458
2023-09-06,147.4313201904297,149.2880960099535,146.81551761467756,149.1388044970102,9753800,-0.0166169549997629,-0.016756565356674382
2023-09-07,149.31607055664062,150.27711143382547,148.33636468301137,148.48565618012495,9931800,0.012783921108326934,0.01270289659882316
2023-09-08,149.81057739257812,149.92253889023317,148.53230283694995,148.90551732061337,6957000,0.0033118125469950854,0.0033063405739261692
2023-09-11,151.77000427246094,151.79799464968676,149.70795631442363,150.27711771338423,6309300,0.013079362712474785,0.012994566435185572
2023-09-12,152.62840270996094,152.95496184308098,150.7156463348663,151.35945345871374,6045800,0.005655916276835482,0.005639981637460592
2023-09-13,153.01097106933594,153.90669166107585,152.08724586170842,152.79635918327102,7397500,0.0025065345150863116,0.0025033983968811664
2023-09-14,152.77769470214844,154.2052608347747,152.4977767034094,153.65475021694024,7758400,-0.001524572816950398,-0.001525736160639277
2023-09-15,150.6409912109375,153.78538088590912,150.41706821638468,153.00160769331453,13392100,-0.01398570318380965,-0.01408442467104244
2023-09-18,151.59271240234375,152.2271798939478,149.9878644401188,151.2661390399343,5789000,0.006317810203954277,0.006297936502661155
2023-09-19,151.3407745361328,151.94726584849732,150.57568059883013,151.3874299043485,5550800,-0.0016619391672487716,-0.0016633217201714946
2023-09-20,152.0032501220703,152.5910622161229,150.83693707571695,151.3314526683932,3837400,0.004377376737815908,0.004367823891722146
2023-09-21,150.83694458007812,152.5537540527913,150.77162421236704,151.68602393699905,4526700,-0.007672898711412746,-0.007702486847082434
2023-09-22,149.7545928955078,150.59433258134246,149.52133028975155,150.5010360813717,4976700,-0.0071756404744443,-0.007201509206651301
2023-09-25,149.53067016601562,149.6239809122527,148.1031040193583,149.3534025277187,6722500,-0.0014952645201902204,-0.0014963835438128775
2023-09-26,148.37368774414062,149.36271895117585,148.2243962540017,149.1107913412189,4904800,-0.0077374255100339795,-0.007767514695842816
2023-09-27,146.591552734375,148.13108023961485,144.8654037544955,147.9631379971027,10211600,-0.012011125671007039,-0.01208384209828694
2023-09-28,146.37696838378906,147.38466464181005,145.7611516310172,146.95545514336337,7861900,-0.001463824801520186,-0.0014648972397471752
2023-09-29,145.32261657714844,147.04876571131592,144.9494020689494,146.83415384374163,7680700,-0.007202989775523916,-0.007229056554295719
2023-10-02,144.76278686523438,145.01471449968238,143.055316890702,145.01471449968238,7259700,-0.003852323369204269,-0.003859762678771553
2023-10-03,144.94009399414062,145.08938552479765,143.58717331096835,144.3242771080984,5740800,0.0012248115192152742,0.0012240620494968141
2023-10-04,145.10800170898438,145.49054155141803,144.22160667939352,145.15465707627214,4955200,0.0011584628532843588,0.0011577923529763122
2023-10-05,146.6195526123047,147.4592923537383,145.6211959969212,145.8078032464375,5993300,0.010416730197634116,0.01036284991155363
2023-10-06,147.08609008789062,147.70190687601053,146.10638414992198,146.5635840508998,5802200,0.0031819594813493612,0.0031769077616869957
2023-10-09,147.92581176757812,148.24305974019825,146.57289146536692,146.65686258875758,4414100,0.0057090488922897364,0.005692814033755359
2023-10-10,147.7578887939453,148.60696822934443,147.32867926748605,147.7765537917623,5273500,-0.0011351837223422256,-0.0011358285314146603
2023-10-11,145.72381591796875,148.40168045455945,145.5931894213463,147.85118409288057,6922900,-0.013766255680691009,-0.013861889270375573
2023-10-12,145.86380004882812,146.07839769752576,144.6881614340064,145.48124589102903,5792400,0.0009606125805694532,0.0009601514875686779
2023-10-13,146.34898376464844,146.82483441748,145.6025404807629,146.23700801787166,5359800,0.003326279142994437,0.003320759313468205
2023-10-16,146.98345947265625,147.6552570417767,146.3396522824806,147.25405211875264,6408100,0.004335361214589328,0.004325990609701407
2023-10-17,145.6398468017578,148.30837175862223,144.25893607023696,145.5372106789084,12244400,-0.009141250829984626,-0.009183288443711352
2023-10-18,142.5048065185547,145.50923042860572,141.87033897840556,145.0053893959709,9097300,-0.021525978995779127,-0.021761042315299968
2023-10-19,142.1222686767578,142.85937235760008,140.0975364250571,141.51577726810464,7733800,-0.0026843855385823012,-0.0026879949622790555
2023-10-20,142.75672912597656,143.56847851999785,142.1315869879437,142.5141411169137,7207000,0.004464187457222213,0.004454252529010054
2023-10-23,141.2545166015625,143.2232537535926,141.08657434307906,142.62610199472766,5874000,-0.010522884165330093,-0.010578641205767474
2023-10-24,141.105224609375,141.786361732322,140.07887759093668,140.65736435109685,6155300,-0.0010569006625721356,-0.0010574595759227064
2023-10-25,141.42247009277344,141.98229184637918,140.17217161155722,141.11456172154098,5880800,0.0022482901272911082,0.0022457665048919123
2023-10-26,139.02450561523438,141.795666362784,138.91254412635362,141.795666362784,7612500,-0.016956035882883302,-0.017101435402609444
2023-10-27,135.8521728515625,138.70730540533373,135.24568142013686,138.5486885120378,11385800,-0.022818514977867688,-0.023082886746803036
2023-10-30,137.18641662597656,137.38236349928152,136.2253757306898,136.30934686044006,8205300,0.009821291381713282,0.009773375971550024
2023-10-31,138.40870666503906,138.595313916128,136.82252367495218,137.6622634234627,7576900,0.008909701624432165,0.008870244427624104
2023-11-01,138.73526000976562,139.73361648947764,138.5206624138456,139.2017851887683,5733000,0.0023593410602185116,0.0023565621851170944
2023-11-02,140.1815185546875,140.3307958211184,137.66227070152462,137.8209018224185,5349100,0.010424592456309112,0.010370631085252819
2023-11-03,141.2078399658203,142.07558421565196,140.09750774452266,141.08655309869673,4926800,0.0073213746128197865,0.007294703450308039
2023-11-06,141.54376220703125,142.2248851058418,141.2358538244185,141.61840795771505,4851400,0.002378920612993163,0.0023760954610061195
2023-11-07,140.7973175048828,142.05694139937157,140.59204525189617,141.75835839967428,4840400,-0.0052735965930921225,-0.005287551085468938
2023-11-08,140.28416442871094,141.66507534036683,140.27482481082052,141.21721503552052,5460000,-0.0036446225344746175,-0.003651280352930241
2023-11-09,137.55029296875,140.42409000760455,137.4010014827062,140.42409000760455,6973600,-0.019488097399262938,-0.019680494101990114
2023-11-10,137.3916778564453,138.55799091125385,135.88946607236312,138.32472830029212,6930700,-0.0011531426715370996,-0.001153808052115903
2023-11-13,137.74623107910156,137.99814442893577,136.83183146304813,137.39166738156172,5889300,0.0025806018835194955,0.0025772778479257806
2023-11-14,137.77423095703125,138.59530566035735,137.13042387748683,137.755565961868,6713600,0.00020327146311260869,0.00020325080626800132
2023-11-15,138.83792114257812,139.41640791289706,137.41035497650503,137.48500072706574,6729100,0.007720530741910814,0.007690879959839817
2023-11-16,140.05088806152344,140.1161941942489,138.68862804461264,139.49105205737467,6875600,0.008736567855259558,0.008698624880415564
2023-11-17,139.76161193847656,140.69466233037758,139.08982875454942,140.47073934814156,7023300,-0.0020655072384817563,-0.0020676433404874894
2023-11-20,140.99371337890625,141.45456016015007,138.76466558027735,139.1126686195892,8851700,0.008815735761348087,0.008777104041513144
2023-11-21,142.13174438476562,142.29163147499267,140.7115606883489,141.1724218434033,5916300,0.008071501761224065,0.008039101420387945
2023-11-22,141.84959411621094,142.99701823185208,141.4451620248212,142.6114149578891,4633500,-0.0019851319617303353,-0.0019871049477071636
2023-11-24,143.42967224121094,143.59895939198552,141.8872160121417,141.8872160121417,3351400,0.011139109243453404,0.01107752626376956
2023-11-27,142.2822265625,143.26037788858105,141.99066691666732,143.23214901363752,6449700,-0.008000057873528643,-0.00803223003751661
2023-11-28,142.61143493652344,142.78072210228635,141.8684141057156,142.39510442306886,5909000,0.002313770187443831,0.002311097542999789
2023-11-29,143.0628662109375,143.14750978463718,142.08472920641915,142.32925986974044,5190000,0.0031654633768674056,0.0031604638454495702
2023-11-30,145.461181640625,145.91262832404047,142.88414538496704,143.20391952108503,12481900,0.016764066687656953,0.016625100661702273
2023-12-01,148.9599609375,149.03520446106,146.2230369668477,147.13534495706514,10342900,0.024053010276783304,0.023768293125828416
2023-12-04,149.4302215576172,150.50241664910376,148.60255715322944,148.60255715322944,8920300,0.00315695987806075,0.0031519871432922858
2023-12-05,149.1198272705078,150.13559317021665,148.80945316077182,149.35495786716544,7268200,-0.002077185484127053,-0.0020793458260337737
2023-12-06,147.30462646484375,149.2233003638562,146.88139421840205,149.09162779049137,6642900,-0.012172766283931047,-0.012247461184725658
2023-12-07,146.1571807861328,147.2670047230433,145.50823236045224,147.2670047230433,6532400,-0.00778961059301686,-0.007820108088591723
2023-12-08,145.2354736328125,146.5804281862297,144.68996889482534,146.17599607391443,6254700,-0.0063062734814858246,-0.006326242019740329
2023-12-11,145.83740234375,146.23242003311228,145.16963947050652,145.31071209126696,6090400,0.004144501999967964,0.00413593720793079
2023-12-12,145.84683227539062,146.08196290250547,144.51127768429188,145.78098881120587,5324400,6.466058424714483e-05,6.465849384167798e-05
2023-12-13,146.52395629882812,146.66504324830464,142.74306715353373,144.5206536475843,10764600,0.004642706412429698,0.004631962292708551
2023-12-14,147.53976440429688,147.81252397416262,145.82802086563868,147.16356113351603,9240700,0.006932710057303337,0.006908789316338448
2023-12-15,145.93145751953125,147.37045562855502,144.61471756240508,146.24183163047027,21727800,-0.010900836742279485,-0.010960686199979046
2023-12-18,146.19482421875,147.13534674784518,145.55526143632315,145.9785080554039,7231400,0.001804728765787189,0.0018031021995413821
2023-12-19,147.1541290283203,147.19174360671298,145.72453107845973,146.0631196889206,6651500,0.006561824706837083,0.006540389652711488
2023-12-20,144.1538543701172,147.3422243362422,144.00336736050374,147.22935190341656,7008300,-0.020388654249896776,-0.020599371947815314
2023-12-21,145.6304931640625,145.90325271209684,144.18209490112616,144.54889808371115,4598600,0.010243491583333153,0.010191382573444974
2023-12-22,146.21363830566406,147.21998994652444,145.79980609774583,146.01612226052677,3798900,0.004004279110313869,0.003996283322520499
2023-12-26,146.85316467285156,147.05068068831525,145.63989711030607,145.7809697276139,4170000,0.0043739173349244265,0.0043643795600105065
2023-12-27,147.05068969726562,147.21057679042076,146.17599636267153,146.25123988025632,5288100,0.0013450511935109155,0.0013441474224757672
2023-12-28,147.26699829101562,147.8877465158419,146.7120935224131,146.7214935799167,4377500,0.0014709797974787886,0.0014698989664870372
2023-12-29,147.41749572753906,147.56796841438577,146.70268947227325,147.20116522858552,4313700,0.0010219359277361395,0.0010214141066974595
2024-01-02,150.45535278320312,152.0260232947906,147.46448442039636,147.5961569677381,9622100,0.020607167695201545,0.0203977126440423
2024-01-03,151.39590454101562,151.83795125409335,150.2954949631096,151.08553040090354,8232000,0.006251367867036173,0.006231909120679755
2024-01-04,151.0761260986328,152.3458227984412,150.87861006911575,151.97901961610984,6766600,-0.0021122000846210964,-0.0021144339253198014
2024-01-05,151.54638671875,151.74388839624356,149.98511600994857,150.953852983802,5602500,0.0031127394662620045,0.0031079049226213976
2024-01-08,151.92257690429688,152.0448494044905,150.11677568048674,151.51815917478325,6569800,0.002482343483682259,0.0024792675583805834
2024-01-09,152.0166473388672,153.56850363222688,151.04791036886365,152.0166473388672,6357000,0.0006191998351210426,0.0006190082100018834
2024-01-10,152.2423553466797,152.947747142283,151.61220706475535,152.19534070795905,4945100,0.0014847584903603384,0.0014836573263133461
2024-01-11,151.565185546875,152.55273697965188,151.2171968362829,152.43047882122502,4946000,-0.004447972433575864,-0.004457894094742237
2024-01-12,152.73143005371094,152.8066735669188,152.07306725218317,152.21413986992744,4496900,0.007694672774805955,0.007665219771248248
2024-01-16,150.97267150878906,152.59977137007516,150.65288296076753,151.96022297650015,6923200,-0.011515367493798556,-0.011582182768282288
2024-01-17,150.8880157470703,151.70628006985044,150.36132545038635,150.71872858795086,5072100,-0.0005607356674073305,-0.0005608929384460839
2024-01-18,151.62161254882812,151.7720852160962,150.1920145755417,150.48357420436554,5368500,0.004861862608012135,0.004850081922621263
2024-01-19,152.0636444091797,152.2893749362829,150.74691887915736,151.56516871915468,7071300,0.002915361820263085,0.002911120394519049
2024-01-22,152.80667114257812,153.8506515510207,151.74387626832393,152.36462447901573,6824200,0.004886287819059865,0.004874388660800116
2024-01-23,150.3048858642578,150.9632486889759,147.57737658275423,150.16381324154435,9149800,-0.016372225503073712,-0.016507731445313874
2024-01-24,149.50546264648438,151.04791896966944,148.75304177758656,150.24846910560905,7247900,-0.005318677521204518,-0.005332872039573548
2024-01-25,150.06976318359375,150.12619223565898,149.0445971344519,149.54307289600652,5478900,0.003774447616296861,0.003767342262470938
2024-01-26,150.01333618164062,151.17958922811775,149.88166360794435,150.88801520307285,5591900,-0.00037600513758451193,-0.00037607584524110716
2024-01-29,149.88165283203125,150.54943006213085,149.5054496060135,149.55246424584087,6483200,-0.0008778109530870326,-0.0008781964547366031
2024-01-30,149.3267364501953,150.25784438518718,148.7248027245886,149.8722411314064,7200500,-0.003702363640583961,-0.003709234352673196
2024-01-31,149.4490203857422,151.0667202433257,149.23270422781954,150.85980414401376,8256800,0.0008189018152664485,0.0008185666981144749
2024-02-01,148.94114685058594,149.06341937058872,147.70906464550626,148.7530452168211,8012000,-0.003398306217366809,-0.003404093575136044
2024-02-02,147.29522705078125,148.89411240612947,146.66507870754776,148.57433820530667,8295900,-0.011050806540759628,-0.0111123203076673
2024-02-05,146.5333709716797,147.55853679073837,146.10072441755753,147.29519170604863,9121600,-0.0051723066276879726,-0.005185729309769916
2024-02-06,148.65896606445312,149.2891143410502,146.34528903112445,146.56160516160222,9229900,0.014505877252931398,0.014401673517746441
2024-02-07,148.58372497558594,149.8910505396653,148.31097979368434,148.4144378319021,8690300,-0.000506132195447706,-0.0005062603235823471
2024-02-08,147.0977020263672,147.98179540505078,146.07253602395042,147.98179540505078,9755000,-0.01000124979679251,-0.010051598275300831
2024-02-09,147.43629455566406,147.8501267311529,146.41112852626088,146.97544773851544,6529200,0.0023018206581921774,0.0022991755273212076
2024-02-12,148.46148681640625,148.98817713599905,147.05070302411062,147.26701918725018,6701500,0.006953459213227431,0.006929395402463309
2024-02-13,147.16354370117188,149.02577406804474,146.48636641299387,148.2639532066528,8621000,-0.008742625060999654,-0.008781066021411656
2024-02-14,146.47695922851562,147.15413648374593,145.6304804838615,147.05067844888484,9098800,-0.004665452158792882,-0.004676369349705008
2024-02-15,148.52731323242188,149.0540035424462,146.61805368296632,146.70269726466995,7462500,0.013997791971551932,0.013900727623772377
2024-02-16,148.35675048828125,149.0295835965311,147.52280183109266,148.4041365638397,8541000,-0.0011483594527406105,-0.0011490193226839248
2024-02-20,149.59817504882812,150.30892274205513,148.25249448487554,148.36620948852823,9501700,0.00836783332380242,0.00833301709596081
2024-02-21,150.375244140625,150.38473003058672,148.90637721636884,149.74979719166998,7472500,0.005194375476460511,0.005180931244328161
2024-02-22,152.0526123046875,152.32744282936665,149.51288095497972,150.65954574220515,8065000,0.011154549897148591,0.011092796700509246
2024-02-23,153.36985778808594,153.75840329459362,151.77779004463608,152.46010892331387,6726000,0.008663090120141437,0.008625780875649197
2024-02-26,152.3748016357422,153.53095221576734,152.16632897756094,153.3319509865317,5465400,-0.00648795119650325,-0.006509089430692683
2024-02-27,152.5548858642578,152.61174336796216,151.28502008086312,151.94838172441263,5078600,0.0011818504541591945,0.0011811526186818635
2024-02-28,153.09503173828125,153.1518892310922,151.90096654846442,152.573813953853,6071100,0.003540665846022417,0.003534412445160674
2024-02-29,152.93392944335938,153.7015345104507,152.5169552192119,153.52147614455097,9849100,-0.0010523025671876907,-0.001052856626260106
2024-03-01,153.6352081298828,154.06166829007626,152.65911584270742,153.36039206639182,5670100,0.004585501000830217,0.004575019620488568
2024-03-04,151.4745330810547,153.15190155493607,149.98670887872424,152.87708549750354,8532900,-0.014063671180120974,-0.014163501697960193
2024-03-05,151.59771728515625,152.80125386813,150.8680124085285,152.2136927193276,8298200,0.0008132337601307604,0.0008129032647243293
2024-03-06,151.00070190429688,152.50748343162678,150.8869869090864,151.11443135970512,5773700,-0.003938155478531269,-0.003945930432181811
2024-03-07,150.5552978515625,151.96732169318412,149.95827967063866,151.62616224971435,5188700,-0.002949682002250986,-0.002954040887869427
2024-03-08,151.17127990722656,151.99574249408582,150.1383157411628,150.555289979178,5284000,0.004091400730855677,0.0040830537104766754
2024-03-11,152.79176330566406,152.8770639999461,150.56476303007818,151.14283827254516,4620800,0.010719518941904704,0.010662472212291342
2024-03-12,154.22276306152344,154.57339392895526,152.69702424944268,153.12346993203224,8018700,0.009365686506259019,0.009322100395612229
2024-03-13,152.66860961914062,154.16590536132523,151.44611549444463,154.02376160738325,6260000,-0.010077328479472403,-0.010128448479437823
2024-03-14,150.8774871826172,153.08553004655894,150.3846981954643,152.5169407169472,6988300,-0.011732093722420789,-0.011801457791572713
2024-03-15,149.90139770507812,150.858547044902,148.87793390319797,149.78768271824626,13165500,-0.006469417643187758,-0.006490435021345454
2024-03-18,148.55572509765625,150.38472317249236,148.30933779325548,150.27100817972237,6602300,-0.008977051768852773,-0.009017588279344466
2024-03-19,148.03453063964844,148.65050616777802,147.51331279112432,148.47044777826986,7840600,-0.0035084104477642875,-0.0035145793526258516
2024-03-20,147.6080780029297,148.2524967740427,147.0868745880077,147.5512205002254,5982300,-0.0028807646086090877,-0.002884921997199164
2024-03-21,147.5985870361328,148.73578032029474,146.9826115581026,147.44695740885865,5915800,-6.429842407873476e-05,-6.430049131101793e-05
2024-03-22,147.10580444335938,148.17666885027995,146.99208944800418,147.5417360258839,7248600,-0.0033386674132104277,-0.00334425319944533
2024-03-25,147.09634399414062,147.81656311881542,146.79308470362565,147.26691649990616,7498100,-6.431050939526006e-05,-6.431257740473304e-05
2024-03-26,147.6175537109375,148.05347084173374,146.6604042807755,147.4659240740527,6864100,0.003543322034010865,0.0035370592581535423
2024-03-27,149.69293212890625,149.93931943209355,147.30481607111597,147.82603388574046,8461600,0.014059157368457198,0.01396124406730121
2024-03-28,149.91090393066406,150.81118143900477,149.8350891090924,149.920375360786,6181500,0.0014561262088854665,0.001455067085137934
2024-04-01,149.52236938476562,149.87300030763726,148.5652343049324,149.46551187945667,4364700,-0.002591769749304862,-0.00259513419903154
2024-04-02,149.4749755859375,149.5697477300214,147.78813553467674,148.37569679963875,6102300,-0.00031696794949898077,-0.00031701819445712696
2024-04-03,146.18655395507812,149.77820641438038,146.1770825265493,149.53180467066903,8098200,-0.021999813801399593,-0.02224541856022086
2024-04-04,144.51869201660156,147.36168267922324,144.4334057671705,147.18162429029215,6947400,-0.011409133694943563,-0.011474717171727065
2024-04-05,144.41444396972656,145.00199072785497,143.67526757717863,144.07328452238153,6783000,-0.0007213464598961883,-0.0007216067554368293
2024-04-08,143.6562957763672,145.03040485680552,143.62786703030403,144.03536982420297,5935400,-0.00524980862384028,-0.005263637288930336
2024-04-09,144.31967163085938,144.54711608216985,143.04033455025723,143.61840987799826,6135300,0.004617798690319086,0.004607169368099092
2024-04-10,142.3390655517578,143.87429037057132,141.92209126665287,143.59945983711646,6809500,-0.013723742970865094,-0.013818784079726669
2024-04-11,141.0028533935547,142.97399531489694,140.62379375722657,142.90766638562872,8374400,-0.009387529368859338,-0.009431869939805564
2024-04-12,139.79933166503906,141.26821306714572,139.4486863167979,140.31106362218807,7100200,-0.008535442365527612,-0.008572077869495461
2024-04-15,139.86566162109375,141.6662310647033,139.6571744806737,140.60483804251083,8502300,0.00047446547322271826,0.00047435295007090475
2024-04-16,136.88998413085938,138.59578125371368,135.88546317523318,137.42067335570363,12774900,-0.02127525409557418,-0.021504834406511554
2024-04-17,137.19325256347656,137.7997566410703,136.027616016381,137.41121112537178,9378100,0.002215417253078833,0.002212966834741552
2024-04-18,138.11248779296875,138.16934529102392,135.63908540618397,137.39225425707568,9887700,0.006700294747125968,0.00667794753866107
2024-04-19,140.16891479492188,140.3774019262586,136.97527889773562,138.50101774422822,9750800,0.014889508072837732,0.014779747526635972
2024-04-22,141.31556701660156,142.40538864464034,139.59082708155935,140.7374917419574,10118700,0.008180502955004831,0.008147224009857902
2024-04-23,141.7325439453125,142.61387847732422,140.44372106874894,142.0168458737097,10110400,0.0029506793732212433,0.0029463346633052077
2024-04-24,140.75645446777344,141.19238602777787,139.1738582033131,140.3868662917641,9756300,-0.006886840879083422,-0.0069106646109023655
2024-04-25,139.1359405517578,141.75148620268735,138.67158030270568,141.55247053589494,7642700,-0.011512892407975817,-0.011579678852042577
2024-04-26,138.49156188964844,139.4771256993708,138.3115034868628,139.02225120720658,6183000,-0.004631288361253261,-0.004642046004545167
2024-04-29,139.1359405517578,139.51500010921592,138.34937823284676,138.49152195184476,6149600,0.004652836991056786,0.004642046004545202
2024-04-30,137.02267456054688,139.192832272277,136.96581705896423,139.192832272277,8817700,-0.015188498261704098,-0.015305024917000414
2024-05-01,143.2677764892578,143.90272382792656,139.8940963778907,140.95548944565715,14470900,0.04557714224116527,0.04456902218720569
2024-05-02,142.07371520996094,144.3575877961895,141.33453881063187,144.0827572737581,8459800,-0.008334472053360908,-0.00836939796027933
2024-05-03,141.4577178955078,142.04526456847245,140.0836088757251,142.04526456847245,6532700,-0.004335758472584383,-0.004345185131027976
2024-05-06,140.80384826660156,142.19691480503755,140.16891544013447,142.02632785125058,5042800,-0.004622368002495603,-0.004633084180969568
2024-05-07,140.93653869628906,141.89367377379943,140.68066546282006,141.56200017356898,7333500,0.0009423778633965707,0.0009419341041485724
2024-05-08,141.1544647216797,141.89364103877267,140.91754886465768,141.31556576923109,7735100,0.0015462705938893428,0.0015450763484404905
2024-05-09,142.0074005126953,142.24431641981678,141.0976370668611,141.18292332297696,6546200,0.0060425704046795925,0.006024387287875114
2024-05-10,142.06423950195312,142.23481199195467,141.38192062155196,142.14952574695388,5710600,0.0004002537125009642,0.00040017363235131766
2024-05-13,143.30567932128906,144.0448557135295,141.87471260506928,142.18742884315748,5628500,0.00873858068496447,0.008700620275210258
2024-05-14,143.4573211669922,144.2438836944474,142.81290239622209,143.90272421820416,8254200,0.0010581705234664618,0.0010576110556781936
2024-05-15,144.67977905273438,144.9451236653601,143.3814847366588,143.8742737859052,5548000,0.008521404664451948,0.008485302445154793
2024-05-16,146.20553588867188,146.30030803070147,144.35759480068373,144.99252766372587,7591000,0.010545750387007224,0.010490531836169138
2024-05-17,146.5466766357422,146.75516375341613,145.6653565602815,146.75516375341613,6521800,0.0023332956922375025,0.0023305777848105546
2024-05-20,144.51182556152344,146.5371072162689,144.50226299483438,146.26006974686976,7742300,-0.013885344389464316,-0.01398264755924813
2024-05-21,144.4832000732422,145.77287866509127,144.0532926322058,144.99906859456448,5492400,-0.00019808405415977504,-0.00019810367539717684
2024-05-22,146.6422119140625,147.19630149986097,143.60428904860922,144.10104695828903,6609800,0.014942995723557173,0.014832449067902834
2024-05-23,143.01197814941406,146.01169447042932,142.70628209595964,145.925718821997,8000400,-0.024755721543370357,-0.02506729735789753
2024-05-24,140.40396118164062,143.11707768343885,140.2033367395314,142.84958814535096,9520600,-0.018236353356700485,-0.018404685296410195
2024-05-28,137.92965698242188,140.23197629645284,137.70992200961746,140.23197629645284,10499800,-0.017622752081885684,-0.017779881549922067
2024-05-29,137.98699951171875,138.9232129407671,137.2896170802808,137.39470330231288,8263800,0.0004157374893216659,0.0004156510944358847
2024-05-30,138.7894744873047,139.1047331677615,137.5857714522688,138.15895712639107,8490300,0.005815583920409706,0.005798738690587041
2024-05-31,140.11734008789062,140.89115003406047,138.70346494455458,139.06649265345771,14621200,0.009567480570779052,0.009522002074858177
2024-06-03,141.13955688476562,142.24772151958874,140.21289154445563,140.67144293048884,7329200,0.007295433928690143,0.007268950975672569
2024-06-04,141.19686889648438,141.68407881551545,139.65879690454088,140.89115826542434,8876400,0.0004060662579912222,0.00040598383540021657
2024-06-05,139.44862365722656,141.37838191728503,139.33398945980622,141.35927135868658,5891300,-0.012381614783111838,-0.012458905628406892
2024-06-06,139.87850952148438,140.43259907661502,138.19714487552835,138.9996133717516,5016300,0.00308275444377637,0.003078012499296862
2024-06-07,140.50904846191406,141.67454484829753,139.80210349042494,140.1269101352632,5111600,0.0045077613608175415,0.004497631834159434
2024-06-10,140.55679321289062,140.96757544361904,139.09514898737123,139.9835931108075,5749900,0.00033979840799713834,0.00033974068959281075
2024-06-11,140.2033233642578,140.585461651561,138.9423034588702,140.25109247230634,5661200,-0.002514783103349849,-0.002517950481672278
2024-06-12,138.9136505126953,140.63323643220812,138.3117917965944,140.48992910228205,6180500,-0.009198589738217855,-0.009241158011282082
2024-06-13,138.95184326171875,139.47727426512066,137.45199248155436,138.58883013152823,6840400,0.000274938775868927,0.0002749009871299233
2024-06-14,139.037841796875,139.44863867701946,138.02520073836482,138.6557180462591,4075300,0.0006189089193604502,0.0006187174742225478
2024-06-17,139.42953491210938,139.88808635061545,138.27360103505012,138.54109058893593,6666600,0.00281716912584562,0.0028132083419587874
2024-06-18,139.14292907714844,139.84987405598042,138.77035331547316,139.4390917497865,6156600,-0.002055560431594383,-0.0020576759955485417
2024-06-20,141.17774963378906,141.4643496884669,138.53149863302914,138.7798921497226,8749700,0.01462395947919437,0.014518060576138364
2024-06-21,142.10443115234375,142.4196897908732,140.78607949614525,141.28285200932072,15172300,0.006563934621131695,0.0065424858101768985
2024-06-24,142.45790100097656,143.0311011947362,141.55034617509585,142.3432667930592,6914700,0.0024873949796391237,0.00248430653314411
2024-06-25,140.61412048339844,142.53431618329122,140.3752895197612,142.5152056246164,5912500,-0.012942634312473,-0.013027119973672228
2024-06-26,140.26065063476562,140.61411578446967,139.26710569606846,139.66833995232068,5267800,-0.0025137578460660004,-0.002516922640116754
2024-06-27,139.28622436523438,140.77652728298105,138.36910702819037,140.24154824349102,5739200,-0.0069472533110417345,-0.006971497829114627
2024-06-28,139.63014221191406,140.49949044378357,139.14291770233953,139.51549343355708,10495700,0.002469144728755701,0.0024661013994940998
2024-07-01,139.89764404296875,142.0566709603775,139.11427139312136,139.54417883988913,5144400,0.0019157885741367675,0.0019139557916488762
2024-07-02,139.50596618652344,140.57592442971685,139.22892863322792,139.88808996563887,5492000,-0.0027997459079798226,-0.0028036725272911887
2024-07-03,139.18115234375,140.09825519719843,138.27359748230666,139.66836232357656,3246200,-0.0023283150653151674,-0.002331029805502452
2024-07-05,139.93585205078125,140.00273172616414,138.04431465815696,139.2575801903701,4888500,0.005422427493395832,0.0054077790629442485
2024-07-08,138.9805145263672,140.64278333184302,138.76079411468865,139.85941075016692,5260200,-0.006826967574166676,-0.006850377925942575
2024-07-09,140.48036193847656,140.5567895885892,138.6938965933964,139.16201048392998,5890400,0.01079178197908326,0.010733966284252662
2024-07-10,142.75405883789062,142.79227996119744,140.12691782841492,140.6810074996639,6093200,0.016185158324192095,0.016055574997224004
2024-07-11,143.01197814941406,143.8526678063128,141.9993371956507,142.8973439515043,6350400,0.0018067389020184343,0.0018051087125442106
2024-07-12,143.1839599609375,144.13928392208155,142.5725532088888,143.29859417160702,5336400,0.0012025692795030185,0.0012018467722523544
2024-07-15,142.57254028320312,143.53741214873168,142.2190605372074,143.37500883931116,6711400,-0.004270168794753171,-0.0042793120035008615
2024-07-16,144.2634735107422,144.3303531884481,142.4961328383919,143.00245339755435,6469600,0.011860160618448967,0.011790380110304999
2024-07-17,149.58460998535156,150.45395818620767,144.6551354273398,144.7793321923436,13801400,0.03688484926306135,0.03622088090533994
2024-07-18,148.47642517089844,150.05271820757667,147.71216320557727,148.64839103721084,10166200,-0.007408414639458183,-0.0074359932367408085
2024-07-19,147.779052734375,149.51773460888822,147.23451112796698,149.51773460888822,7398000,-0.00469685632396355,-0.00470792121402175
2024-07-22,147.34913635253906,148.18026332727317,146.72816718604724,147.85545675980043,6840600,-0.002909183499833934,-0.0029134233992453664
2024-07-23,145.54359436035156,146.64221095688177,144.79844292361042,146.4606970930706,6261900,-0.012253495587973173,-0.012329188636887027
2024-07-24,149.29803466796875,149.42223145356354,145.52450775522632,145.93529008128982,7168200,0.0257959845235205,0.025468881482546737
2024-07-25,152.50790405273438,153.40591083481542,149.03052570275355,149.48907708487036,10019600,0.0214997430602768,0.02127188374371834
2024-07-26,153.46322631835938,154.3612330909779,152.3454991366168,152.61298865479012,8356900,0.006264083632640194,0.00624454580935185
2024-07-29,151.4761505126953,152.8518192179909,150.98894058668873,152.82316066805436,5625000,-0.01294822123406869,-0.013032780168916652
2024-07-30,154.12240600585938,154.33257842930297,151.28509286645672,151.45704417086375,6545700,0.017469783092634694,0.017318940687386413
2024-07-31,150.79788208007812,153.18619180844752,150.69279586894643,152.70852986277364,8293200,-0.02157067237618171,-0.02180671997274962
2024-08-01,153.57786560058594,153.62563471121598,150.6641393542712,151.39972826504712,7213400,0.018435162895932278,0.018267295253303676
2024-08-02,156.80686950683594,157.48515591200436,153.80715294551615,154.66693865288636,11280400,0.021025190665481475,0.02080721142026377
2024-08-05,154.0459747314453,158.3735907158735,153.4059094849122,156.47249095825867,12032200,-0.017606975919318812,-0.01776382250954259
2024-08-06,151.8678436279297,154.2657014020006,151.83918507670427,153.85491911637902,7607100,-0.014139487301195963,-0.014240402238133448
2024-08-07,151.80096435546875,153.4441226564402,151.1226925385723,151.7723058041681,5993000,-0.0004403781002171314,-0.0004404750951300424
2024-08-08,153.06199645996094,153.52054785048412,150.96983478613794,151.48571785542666,5094800,0.008307141590611078,0.008272827195293013
2024-08-09,153.444091796875,153.74023981881314,152.22127859701766,152.9664299351469,4579200,0.0024963436107670045,0.0024932329208805326
2024-08-12,152.7371826171875,154.47586445337532,151.61945545597706,153.77848212074014,7605400,-0.004606949485049472,-0.004617594182466094
2024-08-13,151.31375122070312,153.20528845215335,149.45087253995018,153.10976480885768,9711400,-0.00931948181898834,-0.009363179897210147
2024-08-14,151.39971923828125,152.4219227518915,150.3679677339487,150.77876456837126,5141200,0.0005681441170057866,0.0005679827842408911
2024-08-15,151.98248291015625,152.37416922610342,150.78832797891718,151.29464850359562,7237800,0.003849172738278339,0.003841783628131687
2024-08-16,152.2690887451172,152.7945198500729,151.11314031421458,152.0302577498725,5012800,0.0018857820287774274,0.001884006174080152
2024-08-19,152.4983673095703,153.1288700400782,152.02070533298414,152.33596398678142,4408400,0.0015057459550238406,0.001504613456277708
2024-08-20,153.0046844482422,153.740273380383,152.53657047380918,152.85182912062083,7275100,0.00332014793079094,0.0033146484091047916
2024-08-21,154.2179412841797,154.2657103980364,153.14798310380678,153.23395876249668,5019400,0.007929540460232865,0.00789826686896389
2024-08-22,155.09683227539062,155.2305770307873,153.6065148304328,154.76246309835645,6552100,0.005699019088780233,0.005682841116107023
2024-08-23,156.7973175048828,156.88329315800357,154.47587283102047,155.24013487196115,7093400,0.010964022956141406,0.01090435380291778
2024-08-26,157.25587463378906,158.30673680054358,156.23367101911998,156.83552976708725,6870600,0.002924521517353007,0.0029202534236965768
2024-08-27,156.85159301757812,157.90079624055073,156.0911652316084,157.3810122041286,4388700,-0.00257085223145026,-0.0025741625468198317
2024-08-28,157.78529357910156,158.8248763504685,156.6205860443264,156.89972633409917,5187000,0.005952764288589707,0.0059351165876891055
2024-08-29,158.08367919921875,158.5553462101326,157.24624369664147,158.46871799008557,7390100,0.0018910863829497693,0.001889300530209294
2024-08-30,159.65267944335938,159.76818373558538,157.67939788737357,157.9777937674427,7971000,0.009925124795225448,0.009876194239003797
2024-09-03,160.90402221679688,161.5296900205145,158.60346881607154,159.0558801896128,6956500,0.0078379064967804,0.00780734967149261
2024-09-04,161.09654235839844,162.5307843049111,159.82593638896796,161.52969814334867,6939100,0.0011964905472789944,0.0011957753229134113
2024-09-05,158.8152313232422,161.10614950071846,158.66121582070002,160.94251353716493,4600400,-0.014161142143454097,-0.014262367901441345
2024-09-06,158.2280731201172,159.72968767441986,157.9777942359148,158.99812132087797,6016900,-0.00369711518368121,-0.0037039664057395413
2024-09-09,160.37460327148438,161.1446661222834,158.3146935910401,158.67084160084718,7538200,0.013566051264099377,0.013474856235881733
2024-09-10,161.1157989501953,162.15538165303892,160.50937203493783,161.2313032434908,6559600,0.004621652453638436,0.004611005409957777
2024-09-11,158.651611328125,160.54787047909477,157.9489210349474,160.54787047909477,5920200,-0.015294512630831814,-0.015412680113494198
2024-09-12,158.47833251953125,158.9211234405208,156.62056999422387,158.05479720929625,4540900,-0.001092196966316128,-0.0010927938480706169
2024-09-13,159.32540893554688,159.546797060231,157.68903446734652,158.5746016538111,3693400,0.005345061388194683,0.005330827246618277
2024-09-16,160.7404022216797,160.99066643049156,159.57568002585995,160.13397528034366,5187800,0.0088811527024244,0.008841947221351757
2024-09-17,160.81739807128906,161.4430658908396,159.7200485681607,160.0184591294502,5066500,0.00047900744644890914,0.00047889275900466405
2024-09-18,159.93182373046875,162.04950039267203,159.5371791595384,160.39387028643762,4722800,-0.00550670730555991,-0.005521925110612311
2024-09-19,158.651611328125,160.14359076002546,158.26657253301502,160.00883085366902,4956100,-0.00800473834714266,-0.008036948268291672
2024-09-20,158.0163116455078,158.69973165360062,157.42914032241464,158.1510715546901,11839000,-0.004004369557289,-0.004012408512874042
2024-09-23,157.11148071289062,158.34357544406328,156.6301932495348,158.24731207630103,4671600,-0.005726186892952345,-0.00574264435686615
2024-09-24,156.68795776367188,157.37139247818604,155.50399462292114,156.6975782261164,6041600,-0.002695684282886357,-0.0026993241825813566
2024-09-25,154.5895538330078,157.20775905812286,154.358530541005,156.89972800211913,5420000,-0.013392247627791676,-0.013482732548452236
2024-09-26,155.34996032714844,155.49434068501623,154.03123743286534,154.24300508288954,6122000,0.0049188737226193435,0.004906815588729128
2024-09-27,155.3595733642578,157.31359911523646,155.3018212238705,155.93712414358387,7553800,6.187988132810851e-05,6.187796684723008e-05
2024-09-30,155.99488830566406,156.11039259534,154.6665302234805,155.52323599766893,6010000,0.004089319554944293,0.004080981012645886
2024-10-01,155.92752075195312,156.65907242315194,155.14782270819242,156.35104139039788,4408000,-0.000431857443808914,-0.0004319507210907596
2024-10-02,155.13819885253906,156.0526420934654,154.63765577912753,155.46547080188486,4684400,-0.005062107674178362,-0.005074963544782966
2024-10-03,154.4932861328125,155.3981089748419,154.22376631021592,154.76280595540908,4791200,-0.004157020801431099,-0.004165685232887471
2024-10-04,154.29112243652344,154.4932696257365,152.83763964226807,153.65583417269772,5331100,-0.0013085597526566461,-0.0013094166645983426
2024-10-07,153.5595703125,154.83979667277313,153.26117444802415,154.25262540509488,4266000,-0.004741375345975629,-0.004752651322604967
2024-10-08,153.71360778808594,154.2526474509825,153.00129698341306,153.52109572101276,4766300,0.001003112181627408,0.0010026094008052302
2024-10-09,154.6376495361328,155.1863242711743,153.540314753777,153.93497398202854,6047200,0.006011450523760953,0.005993453843149052
2024-10-10,154.50289916992188,155.34996982178976,154.011991235441,155.32109374845135,4793900,-0.000871394298963768,-0.0008717741836781837
2024-10-11,155.4173583984375,156.57244540467363,155.1670795104721,156.11039885199665,5253500,0.005918718894134756,0.005901272085450481
2024-10-14,155.5521240234375,156.0719080546494,154.8783097812753,155.35959727554618,5964000,0.000867120805479793,0.000866745073421847
2024-10-15,157.95855712890625,160.50937490294723,153.04941894793768,154.0119939098744,10548000,0.015470268378374286,0.015351823794213031
2024-10-16,158.13180541992188,158.8152400702649,156.55318315123606,157.86228561949216,5982100,0.001096795856866617,0.001096194815730271
2024-10-17,158.31471252441406,158.8248761029385,157.50615304385406,158.11256531040956,4798000,0.0011566749902491846,0.0011560065571229181
2024-10-18,158.94036865234375,159.10400462885414,157.79490212904315,158.71898052973887,5908000,0.003951977159628806,0.003944188611260155
2024-10-21,156.736083984375,159.06551364711856,156.23554088786852,158.92113327684189,6082700,-0.013868626873455026,-0.013965694789901806
2024-10-22,157.33287048339844,157.6023902906859,155.84087639380354,156.24517079246263,5680300,0.003807588424136865,0.003800357907409043
2024-10-23,159.65267944335938,159.78743934686568,156.34141931408666,156.7264581010532,7441600,0.014744591850599509,0.01463694718396342
2024-10-24,157.5446319580078,159.3157662471268,157.2269804788081,158.82485833621487,5386300,-0.01320395932408669,-0.013291906621250054
2024-10-25,154.8590545654297,157.7852757979483,154.59915522994433,157.55425253443602,6400400,-0.017046454450405757,-0.01719341778523366
2024-10-28,155.5521240234375,155.90827206912476,154.97457315522098,155.0997126038046,4842500,0.004475485530715195,0.004465500326686624
2024-10-29,154.0986328125,156.1007906346322,154.06975673665866,155.4173705894148,5216900,-0.009344078199269745,-0.009388007967583593
2024-10-30,154.5991668701172,155.2440903389536,153.0782966515377,153.48257637732794,5820500,0.0032481408074931384,0.0032428769934666137
2024-10-31,153.8772430419922,154.8494385230762,153.4922189096912,154.00238249446815,8613900,-0.004669648891002853,-0.004680585762233496
2024-11-01,154.1371307373047,155.03231838659335,153.89648700090734,154.57028652527433,5256400,0.0016889287211987458,0.0016875040849332775
2024-11-04,152.31785583496094,154.2815021473651,152.15421986623787,153.72320694880725,4644000,-0.011802963332983918,-0.011873171292838177
2024-11-05,152.4237518310547,152.65476042288472,150.49860189791968,151.76919321617004,6547100,0.0006952303491489786,0.0006949887884835095
2024-11-06,151.97132873535156,154.83017734123354,151.46116521731997,153.91571944313236,8926600,-0.0029681928850865402,-0.002972606705799358
2024-11-07,150.86436462402344,152.8087700946419,150.6525969644646,152.53925028933568,7522800,-0.007284032590488376,-0.00731069068705877
2024-11-08,149.6515350341797,151.20128135728575,149.59378288475307,151.12427359547397,8926100,-0.008039205234889657,-0.008071693884394375
2024-11-11,149.23760986328125,151.68255839715323,149.11248511072478,149.79590508213604,7146800,-0.0027659266629233015,-0.002769758906176016
2024-11-12,146.92742919921875,149.23760303775572,146.66752986887204,148.74669513619156,7181400,-0.015479882491946206,-0.015600946872978546
2024-11-13,147.5050048828125,147.76488956926764,145.75311125437213,146.79269406338133,7161900,0.003931026948076566,0.003923320650816105
2024-11-14,146.18624877929688,147.8418788210071,145.11779002781793,147.44721957772936,7716400,-0.008940415984958094,-0.008980621318279194
2024-11-15,148.23654174804688,148.65044192489623,145.25255353906638,145.25255353906638,11328500,0.014025210892752327,0.013927767673282014
2024-11-18,148.97772216796875,149.51676176476332,146.62903704959749,146.87930123732997,7510600,0.004999984559688642,0.004987526147545066
2024-11-19,147.27395629882812,148.22691071540223,146.35951310249192,148.18839949516433,8233700,-0.011436380180518957,-0.0115022784834691
2024-11-20,147.3798370361328,147.51459692868912,146.12848678369485,147.30282928499682,9061300,0.0007189372782914205,0.0007186789666855094
2024-11-21,149.68038940429688,150.2194289710864,147.091060703794,147.87074398345214,10141100,0.015609681856277646,0.015489103942250731
2024-11-22,149.36276245117188,151.23978078202018,148.34243529120965,150.06543809549373,8266000,-0.00212203451894466,-0.0021242892244677848
2024-11-25,149.94993591308594,151.16277515452518,149.3338884858539,149.36276456152655,12256200,0.003931190427105324,0.003923483489707483
2024-11-26,149.93052673339844,150.6388404851252,148.61092019554064,150.55151717441504,5683500,-0.00012943773246254509,-0.00012944611024877985
2024-11-27,150.7843780517578,151.97785584361577,150.00815111128483,150.03725888127357,4140400,0.0056949797813867775,0.005678824690289178
2024-11-29,150.40597534179688,151.04637594850962,149.590928099934,150.28954425169678,5687800,-0.002509561765284829,-0.002512715993670781
2024-12-02,150.20220947265625,150.3962662098756,149.3580397171032,150.15369158695643,6946500,-0.0013547724329273647,-0.0013556909667965125
2024-12-03,147.83468627929688,150.2022170879145,147.78616839113718,150.2022170879145,8674400,-0.015762239461533212,-0.015887784553397736
2024-12-04,146.00082397460938,147.05844584056467,145.30220783429849,146.79646108655288,10333100,-0.01240481750827327,-0.012482399518426505
2024-12-05,145.0790252685547,145.91348250982662,144.52594805727463,145.54476436897326,7898100,-0.006313654135369773,-0.006333669541014739
2024-12-06,144.87525939941406,145.59328558340798,143.9728889463539,144.9528850521901,8389600,-0.0014045163921072579,-0.001405503649776437
2024-12-09,145.1566619873047,146.40834054185973,144.03111217035928,144.85585701465362,8410300,0.0019423784920709064,0.0019404945141719668
2024-12-10,144.79763793945312,146.3501214287696,143.9243752302,145.47684391393665,9398700,-0.002473355634775909,-0.0024764194317729647
2024-12-11,142.28456115722656,144.0893168289231,142.02257643561185,144.0893168289231,13446700,-0.017355785757205533,-0.017508163065963013
2024-12-12,141.89645385742188,143.38100933494857,141.6732745488726,142.82793209929994,6176300,-0.002727683851629026,-0.002731410759987496
2024-12-13,142.26516723632812,142.56595741491833,140.73209376603478,141.33368892879594,8324900,0.0025984678889632296,0.0025950977082200874
2024-12-16,139.5774383544922,142.87644717170906,139.2572380884056,142.37188783070172,8732400,-0.01889238900883683,-0.019073130232890007
2024-12-17,142.0614013671875,142.30397598267456,139.44159848104303,139.56772721330222,10343000,0.01779630749768213,0.01763980724076586
2024-12-18,140.45071411132812,142.38161354207327,140.37308845121177,141.35308464971695,9336100,-0.011337965417476226,-0.011402730146227067
2024-12-19,139.31546020507812,140.9067491505523,139.11169100591772,139.85882499539903,9516700,-0.008082934383303653,-0.008115778401182784
2024-12-20,140.17901611328125,141.14931454845004,138.5101016203446,138.80119411201107,17702800,0.0061985648034463825,0.006179432720899872
2024-12-23,140.95526123046875,141.0134767690937,139.1893109290874,140.33427080916994,8720800,0.005537527218483218,0.005522251481893601
2024-12-24,141.51803588867188,141.51803588867188,140.04317808833426,140.69327627791438,3164100,0.00399257646213691,0.003984627280186951
2024-12-26,141.25604248046875,142.02257170001613,140.7805909356998,141.1881144859681,4656300,-0.0018513075493022946,-0.0018530233370842846
2024-12-27,140.74180603027344,142.24577172670288,140.38278550308118,140.5671445943673,5588300,-0.003640456303073969,-0.003647098890387446
2024-12-30,139.08258056640625,140.57684851669384,138.70416475143884,140.5380282863701,6268700,-0.011789144325107581,-0.01185918732937587
2024-12-31,140.32455444335938,140.37307232605627,139.05346586682745,139.49009719994146,5811400,0.008929758650545905,0.008890124132139018
2025-01-02,139.7423858642578,141.44040813899545,139.50950890799953,140.91643868880917,6051300,-0.0041487292185670155,-0.00415735907252002
2025-01-03,139.90733337402344,140.27605151621927,139.35425616072973,139.79090229988967,5878800,0.0011803684955389304,0.0011796724083520443
2025-01-06,139.39306640625,140.51861606086518,138.68473794112018,139.24751276842775,7910500,-0.00367576849169593,-0.0036825407292432077
2025-01-07,141.88673400878906,142.808514547958,139.32514676864207,139.4900957236025,8422000,0.017889466576992197,0.01773133323221456
2025-01-08,138.04437255859375,141.26575589878155,137.23902302215174,141.1687349315547,11175600,-0.027080484141366545,-0.02745391773166557
2025-01-10,137.84060668945312,139.40278791369053,136.50158998136945,136.81209261739258,8821500,-0.0014760896468570817,-0.0014771801404228073
2025-01-13,140.17901611328125,140.76120109661417,138.08316793997767,138.73326611487127,10376400,0.01696459033364839,0.016822298695912938
2025-01-14,140.45071411132812,140.5089296550202,138.61685045712366,140.20813947555726,8681700,0.001938221608199342,0.0019363456802829991
2025-01-15,140.66416931152344,141.71209342783047,139.97525088860306,140.99406723547762,7434600,0.001519787218925206,0.0015186335111088075
2025-01-16,143.38101196289062,143.67210447090517,139.78119805179006,140.03348513467333,8964000,0.019314390186674357,0.01913023480735517
2025-01-17,142.66299438476562,143.97290334731926,142.25547077111315,143.06082034294334,10773100,-0.005007759174630699,-0.005020340019408122
2025-01-21,143.7497100830078,144.4386285000191,142.6823906666203,143.17723754830712,11111700,0.007617362182313903,0.007588496572866096
2025-01-22,140.95526123046875,141.14931796107845,137.8891145478648,139.72297804244877,16834700,-0.019439683397799,-0.01963111907031132
2025-01-23,142.28456115722656,143.5168443086657,140.50891325397842,141.12020600255312,10506400,0.009430651365218257,0.009386460388507954
2025-01-24,142.45921325683594,143.24515256470158,142.0322796067415,142.44950079760227,9887300,0.0012274845435715775,0.0012267318003433743
2025-01-27,148.34893798828125,148.8923027827417,143.60417888622317,144.04081025280172,15152300,0.04134323499896686,0.04051145190589655
2025-01-28,145.91348266601562,148.4265520468043,145.83585701493294,148.12576190234577,10320600,-0.01641707285061933,-0.01655332630458935
2025-01-29,146.6605987548828,147.36892725422663,145.5447615055716,146.02991071059017,7156400,0.005120267676546941,0.0051072036811334685
2025-01-30,148.32952880859375,149.56181206453698,146.86438338531534,147.39805052809234,8911000,0.011379539343762346,0.011315279425263964
2025-01-31,147.63092041015625,148.6303267454098,147.5435970928423,148.08696191912605,8457800,-0.004709840340280436,-0.0047209665872733455
2025-02-03,147.35922241210938,147.9414074104585,146.30160064383534,147.48536594972023,6687500,-0.001840386805772365,-0.0018420823982531849
2025-02-04,148.9311065673828,149.60060002589378,146.46654034321477,146.86436624007646,9645000,0.010667022596505316,0.010610531285276722
2025-02-05,150.095458984375,150.13426440517568,148.75644248028723,149.25130413036052,8947000,0.007818060604185328,0.007787657925560136
2025-02-06,148.95050048828125,150.24099912338545,148.8243717654005,150.1924812427797,7418100,-0.0076282021044550286,-0.007657445650169747
2025-02-07,148.57208251953125,149.9014013617662,148.26159473827036,148.96990840682705,6204900,-0.002540561914928019,-0.002543794618766739
2025-02-10,149.65882873535156,149.78495745803212,147.76673503378026,149.04753601296215,6936200,0.007314605795321283,0.007287983807092734
2025-02-11,151.49270629882812,151.7449785734173,149.36775026043762,149.5326992252359,7554500,0.012253721206915813,0.012179252097163265
2025-02-12,150.64852905273438,151.03665730844494,149.6879430817063,150.65824151261407,7746000,-0.005572395310098677,-0.005587979024218466
2025-02-13,152.5794219970703,153.4332893190044,150.19248144056306,150.64852286881614,10704700,0.01281720410067888,0.012735758934789237
2025-02-14,151.51210021972656,152.79290130723982,151.42477691073603,152.61823988367905,6411800,-0.0069951882329469806,-0.0070197692618437155
2025-02-18,151.59034729003906,152.0402489737242,149.8787330029535,150.75898580953205,9670700,0.0005164410644364903,0.0005163077546457642
2025-02-19,154.42674255371094,154.8277529420788,151.3556178514593,151.60013419693823,7974700,0.018710922656869355,0.018538026709017198
2025-02-20,156.17745971679688,156.4415415261645,153.50734563036613,153.50734563036613,7224000,0.011336878147753637,0.011273097342154221
2025-02-21,158.74002075195312,159.92347155341452,155.78625900292496,156.3731042249364,12546900,0.01640800817098098,0.016274851388934083
2025-02-24,160.14842224121094,161.2536259138946,158.4954894483981,159.11166045689302,10201900,0.008872378134929138,0.008833249858307942
2025-02-25,162.44688415527344,162.7794228206496,160.34404944434831,160.5005434953821,12303700,0.014352073419747091,0.014250057350209485
2025-02-26,159.50289916992188,161.50793612351046,158.9943010088537,161.4590298711609,11396400,-0.018122754404680252,-0.018288982926800798
2025-02-27,160.1386260986328,160.35380165682466,158.18249551441028,158.74977517472584,8364600,0.0039856763232477554,0.0039777545574574
2025-02-28,161.4003448486328,162.30016316085826,159.13122612068747,160.70591189810517,12037200,0.007878915791514896,0.007848039211101252
2025-03-03,163.61077880859375,163.65968506337975,161.22429684633565,161.34167484264077,9191500,0.013695348433325538,0.01360241469422438
2025-03-04,161.7915802001953,166.2613463390915,161.6937826125219,164.39323780263007,11999700,-0.011119063313833943,-0.011181342183773915
2025-03-05,161.49815368652344,162.80877266170396,159.9430332860206,160.90153319698484,8744800,-0.0018136080586442782,-0.0018152546368723375
2025-03-06,162.1925811767578,162.23169722473463,159.9234623676814,161.38078513337751,8037900,0.004299909778425759,0.004290691581869714
2025-03-07,163.03372192382812,164.76490183944316,161.08736642891208,161.50794230630711,9637600,0.0051860617851171575,0.005172660480059558
2025-03-10,164.0215606689453,166.1733015126197,163.3858241438006,163.80638509216854,17559000,0.006059106873476994,0.006040824298971038
2025-03-11,162.221923828125,163.63034035714037,161.42969326157717,163.53252784992247,9890300,-0.010971952915706185,-0.01103258872787061
2025-03-12,159.27793884277344,160.60810823744953,158.67152821308082,160.13862615173423,8010700,-0.018147886030933313,-0.018314578741348283
2025-03-13,159.4148712158203,160.93086051623524,159.09210787067292,159.84520741859117,5286700,0.0008597070883873403,0.0008593377519140596
2025-03-14,159.2388153076172,159.57135394078773,157.56633193696427,158.56394783647585,6235800,-0.001104388234675846,-0.0011049985207321619
2025-03-17,159.26815795898438,159.9136846715509,158.18250482388353,158.84759702218952,6669800,0.00018426820942174515,0.00018425123412055028
2025-03-18,160.647216796875,161.2438371944237,159.39529447482056,159.8549863347724,7348800,0.00865872284556568,0.008621451100848079
2025-03-19,159.4148712158203,160.7548159229325,158.65198146332366,160.37337104668416,5936400,-0.007671129358019835,-0.007700703814236504
2025-03-20,159.4442138671875,159.62025846257242,158.37811131790625,159.42464838189167,7485900,0.00018406470577936318,0.00018404776794981223
2025-03-21,160.0408477783203,160.52988048321126,158.91606360261488,159.42466179444773,17047100,0.003741960254699528,0.003734976537864361
2025-03-24,159.70828247070312,160.7841603121084,158.93561742030673,159.26815605343467,8046400,-0.002078002661407008,-0.002080164704611007
2025-03-25,157.4880828857422,160.58854817658738,157.03816626942583,159.93324619941436,7456200,-0.013901593271270718,-0.01399912537507549
2025-03-26,158.17274475097656,158.92585932138093,157.1164322808767,157.67393674735757,7223500,0.004347388403547425,0.004337965809827486
2025-03-27,159.5518035888672,160.47118739573978,157.78150771244313,158.78891381807773,6752500,0.008718688166294175,0.008680899888584904
2025-03-28,160.11907958984375,160.91131010864603,159.3366243515368,160.00170160343768,5760300,0.003555434587491746,0.0035491289716552505
2025-03-31,162.2023468017578,162.9750267511633,160.62766106177978,160.7645896076869,12481400,0.01301073686690235,0.012926824289253439
2025-04-01,149.88851928710938,158.26075654100097,149.77115621737417,157.20444414110435,23303100,-0.07591645717492779,-0.07895279711473181
2025-04-02,151.9522247314453,152.37278564446345,150.0841164374023,150.63183061439895,10356900,0.013768268938483041,0.01367434743280883
2025-04-03,156.3144073486328,157.12618843488838,154.02572314664877,155.26787028769624,13249300,0.02870759296151837,0.028303250250887174
2025-04-04,149.8787384033203,156.31441014554045,149.57552561101676,155.668883437941,16601700,-0.041171310146471796,-0.04204285420215568
2025-04-07,147.31619262695312,149.36036047285884,144.1668211260507,147.96171931513388,18083000,-0.017097460277997745,-0.017245309506082985
2025-04-08,146.70980834960938,150.2210595143276,144.7536775716146,150.2210595143276,12018400,-0.004116209267499116,-0.004124704176094116
2025-04-09,147.65850830078125,149.82981429551143,138.39622942054606,139.08087209363867,18773700,0.0064665066490381395,0.00644568849387983
2025-04-10,145.4285430908203,147.88348181098718,141.94663274141948,147.07168575832006,13830500,-0.01510217891012744,-0.015217378125028108
2025-04-11,148.40185546875,149.00826615085418,144.93951060088102,146.05450453366188,9943900,0.020445177505992396,0.020238980615507968
2025-04-14,150.9741668701172,151.2773647384471,147.85413603958705,148.2649216925591,10685300,0.01733341805762567,0.017184908034856592
2025-04-15,150.25039672851562,152.87161966956302,148.76374811774744,152.2847744804066,10847700,-0.0047939999047931225,-0.004805527980823784
2025-04-16,150.53404235839844,152.2163159627981,148.90067500656366,151.96200941909794,7986900,0.00188781950702821,0.0018860398152552047
2025-04-17,154.0159454345703,155.94273528763318,150.77855164895374,150.77855164895374,10981100,0.023130336644265448,0.022866885153375885
2025-04-21,153.47801208496094,154.7592752985423,152.07938580573637,154.495208400845,6285400,-0.003492712057128533,-0.0034988258157690627
2025-04-22,154.289794921875,155.23851941896694,152.83247231032033,154.09418485449442,7136300,0.0052892451881947355,0.005275306260199492
2025-04-23,151.97178649902344,153.65405995813353,150.94481498022725,153.05743954619226,9099400,-0.015023731310455646,-0.015137730801252152
2025-04-24,151.53164672851562,152.48037124442914,150.0743390121412,152.3825736708444,8310400,-0.0028961939623618482,-0.002900396047425774
2025-04-25,151.18934631347656,151.50231947057802,149.10606230479286,150.9350546905758,8643600,-0.0022589368124028564,-0.002261492058983038
2025-04-28,151.9424591064453,152.3923608129567,150.44602030488312,152.0891629402875,5815200,0.004981255699110232,0.004968890291444698
2025-04-29,152.49017333984375,153.5758264827086,150.90569731365886,152.0402567091757,5246700,0.003604747722390833,0.003598266190840476
2025-04-30,152.8813934326172,154.729936358785,151.6196956897791,154.729936358785,9598200,0.0025655429737203583,0.0025622575863472985
2025-05-01,151.0719757080078,151.6881467104672,149.996097887694,151.60012441355764,7325800,-0.01183543454165914,-0.01190603087546033
2025-05-02,152.695556640625,153.28240181632026,151.63924427882918,152.6466653127277,5974500,0.01074706890545496,0.010689729614137689
2025-05-05,151.60012817382812,153.35085857129926,151.33604635245678,153.23349550584211,5464100,-0.007173938069298336,-0.007199794498838113
2025-05-06,151.08175659179688,152.48038288598428,150.31886680876866,151.42408543570903,8644200,-0.0034193347213854475,-0.0034251940067386226
2025-05-07,153.8496856689453,154.47564690871295,151.11109964842703,151.34584070987484,7853100,0.018320736663308912,0.01815493399021023
2025-05-08,152.2456512451172,153.58559595738635,151.3849489880782,152.40214527805017,7606100,-0.010425984407142042,-0.010480715733578597
2025-05-09,150.8372344970703,152.636871099945,150.43622413501134,152.0109098935498,6520400,-0.009250948953407612,-0.009294004725230886
2025-05-12,150.75900268554688,151.95224368747142,147.86392248642818,148.68550877850797,9023800,-0.0005186505293887089,-0.0005187850750980067
2025-05-13,145.1840362548828,148.37252421558608,144.83193209963198,148.37252421558608,10549600,-0.03697932681534333,-0.037680399932963474
2025-05-14,143.14964294433594,145.55569023363782,142.91490189139907,145.40897147901754,10216000,-0.01401251379301316,-0.014111615933683246
2025-05-15,146.32835388183594,146.36746992823834,144.0983661345862,144.75366811149715,7945800,0.022205510765654246,0.021962558421108662
2025-05-16,148.01063537597656,148.17690469926936,145.94691683237613,146.3870432674563,8051200,0.011496620097968924,0.011431036145012567
2025-05-19,149.1451873779297,149.31145669295304,147.73677091644666,148.5583422109476,12639900,0.007665341068708642,0.007636111615982782
2025-05-20,150.28952026367188,150.6611749359263,148.78329131728185,148.98869160055045,7351500,0.007672610198560914,0.007643325423322372
2025-05-21,149.82005310058594,151.04263486929065,149.6440084894575,149.82984330615562,7032200,-0.0031237518242276385,-0.0031286409211624447
2025-05-22,149.26255798339844,149.95699096861145,148.04975154159976,149.30167403193045,7535300,-0.0037210981150380684,-0.0037280386235205945
2025-05-23,149.58531188964844,150.1134605939447,148.87132838736704,149.6439934207822,6727300,0.0021623232953431604,0.0021599888389536286
2025-05-27,151.17349243164062,151.9527814630419,149.8713709488511,150.45338800363243,6990700,0.01061722251957331,0.010561255606151026
2025-05-28,150.36460876464844,151.55822022483022,149.8713836252742,151.2030975223993,8459300,-0.0053506977577960635,-0.005365064010276057
2025-05-29,151.4990234375,151.95278210010628,149.50638982004466,149.6938177662655,6810600,0.0075444260599057955,0.007516109211349505
2025-05-30,153.10693359375,153.60015866613855,151.1438923869111,151.81467126038285,15529700,0.010613336771199355,0.010557410672819597
2025-06-02,153.2943572998047,153.4324597277418,150.2363706663291,152.38682490878404,6669300,0.0012241359790536865,0.0012233873355047978
2025-06-03,152.32763671875,153.55084037456984,151.99224726623072,152.70249260805704,8209800,-0.006306302450285406,-0.006326271172384882
2025-06-04,151.14390563964844,152.83072710598327,151.0551287313226,152.83072710598327,6983900,-0.007770954139380115,-0.007801305344294537
2025-06-05,151.57794189453125,152.00210825709345,150.5717584723101,151.59766006113725,5295400,0.0028716755270148386,0.0028675601436631746
2025-06-06,152.92938232421875,153.9158325824164,151.91333976243808,151.91333976243808,5391500,0.008915811976308863,0.008876300800522088
2025-06-09,153.1266632080078,153.87637500739433,152.35723324171644,152.75182236035036,5319000,0.0012900129510156066,0.0012891815992016433
2025-06-10,154.33013916015625,155.3067303299207,152.91952252253284,153.3239556869477,6791600,0.00785934942312183,0.007828625610901927
2025-06-11,153.15626525878906,154.4781200753039,152.63344781385317,154.182181980501,6016000,-0.0076062518167562265,-0.007635326878768194
2025-06-12,154.53729248046875,154.55701064707156,153.0674762586382,154.12298520127607,7075500,0.009017112158919316,0.008976700750871239
2025-06-13,154.97134399414062,155.53361282300006,153.8566503683873,153.8566503683873,6587500,0.0028087169556612057,0.00280477988055617
2025-06-16,153.11680603027344,154.37946112154555,152.35723513798075,154.30054329683657,7024000,-0.011966973480834642,-0.012039154141983628
2025-06-17,150.31527709960938,153.17597648383938,150.03907226466447,152.8701793488671,6407100,-0.018296678224271168,-0.018466132591994942
2025-06-18,148.68763732910156,150.58161994376783,148.66791916218287,150.50271717202142,8325200,-0.010828172637630362,-0.010887223964495298
2025-06-20,147.76036071777344,149.34854605460666,147.020523108417,149.21044363627485,22605500,-0.006236406926526827,-0.006255934542644801
2025-06-23,149.2696533203125,149.3781483936895,147.7110601789464,147.7110601789464,7397900,0.010214462087175358,0.01016264701267069
2025-06-24,150.1278533935547,150.65067077814393,148.93424206803672,149.447200369684,9544200,0.00574932716833354,0.005732862862534079
2025-06-25,150.21664428710938,150.99594842112307,148.6876433747355,149.328845074524,7153700,0.000591435177068167,0.0005912603482137234
2025-06-26,149.95028686523438,151.14389820929034,149.47679499207118,150.6309398996763,7156900,-0.0017731551862250061,-0.001774729086670558
2025-06-27,150.34487915039062,151.252411531502,148.9638398340629,149.95029003771032,10010800,0.0026314873642814263,0.0026280310635539007
2025-06-30,150.68026733398438,150.89728758111596,149.46693780831993,150.0982653312385,9039300,0.002230792199169329,0.002228307676534457
2025-07-01,153.80731201171875,155.61251766793012,150.7394513148845,150.92687925954553,10896700,0.02075284795455823,0.02054044127445258
2025-07-02,153.4521942138672,154.1821727972981,152.96884323811335,153.88623472012148,5544000,-0.002308848605484415,-0.0023115181061995004
2025-07-03,153.89610290527344,154.1624486956881,152.78142432323563,153.32395993610405,3482500,0.0028928142323436656,0.0028886380971692173
2025-07-07,153.16612243652344,154.23149042863557,152.79126655447425,153.90596006559838,6270900,-0.004743333034231023,-0.004754618339149514
2025-07-08,153.67906188964844,154.6359197370949,152.12048390204905,152.38681460446713,6438200,0.003348909308176662,0.0033433141995936975
2025-07-09,154.16244506835938,154.5668932865029,152.9688486856892,153.67907902335588,6147400,0.0031454068808542957,0.0031404704373380926
2025-07-10,155.5533447265625,157.0823456480185,153.70868754730384,153.9848924173949,6732900,0.009022298897674919,0.00898184112496621
2025-07-11,154.77403259277344,155.0502374485966,153.0773370201251,154.96146054180394,7872000,-0.005009934920775727,-0.00502252671839391
2025-07-14,154.69512939453125,155.33631601120078,153.4127411091565,154.74443986347836,10185600,-0.0005097961002915596,-0.0005099260905043757
2025-07-15,153.06747436523438,155.06010796606702,152.7024926111346,154.24135250111084,6873200,-0.01052169538670955,-0.010577439785454253
2025-07-16,162.54725646972656,163.8690960741517,157.63473887815502,158.12796395909288,22134800,0.06193204757447335,0.060089935437827376
2025-07-17,160.7716522216797,162.46834779981697,160.10087329880653,160.96893925475794,11295700,-0.010923618685484082,-0.010983719487664878
2025-07-18,161.48190307617188,162.8629424587755,161.146513603325,161.70878241932874,9792600,0.004417761742678827,0.004408032078305978
2025-07-21,162.13296508789062,162.68537482432052,160.57437187322827,161.55096304786886,8254000,0.004031795509690239,0.004023689602443333
2025-07-22,165.65457153320312,165.78281487327823,162.47821580088535,162.764279730243,9288000,0.02172048382266656,0.02148795517874453
2025-07-23,166.80873107910156,166.8284492451913,164.33273149963523,166.3155059902243,10617600,0.006967266494466218,0.0069431072443076804
2025-07-24,167.2624969482422,167.68667837003616,166.59171802340538,167.20331234334904,6636900,0.00272027648795814,0.002716583232141193
2025-07-25,166.0195770263672,167.57817019889325,165.1712292249172,167.44992685210462,6254900,-0.007430954006740764,-0.0074587010891206725
2025-07-28,163.96775817871094,165.66445377582426,162.81361321765758,165.58553595130317,8014600,-0.0123588969711107,-0.012435903271362334
2025-07-29,165.83213806152344,166.49305786671118,164.11570935340038,164.4116474137023,7663400,0.011370405398727801,0.011306248210052862
2025-07-30,164.99365234375,166.3253661128563,164.5201604700382,165.42769283300052,6189200,-0.005056231726701665,-0.0050690577187300296
2025-07-31,162.5078125,164.80624328827264,162.00471326118884,163.68167560247625,11036200,-0.01506627563205265,-0.015180924979416185
2025-08-01,165.06271362304688,165.34877755789267,162.55712168817175,163.2377747338822,8927800,0.015721712597952076,0.015599406714209922
2025-08-04,168.72244262695312,168.87041919435043,164.3820675866162,164.76678257859135,12679100,0.022171748686162784,0.021929529214450804
2025-08-05,168.426513671875,169.23539501412407,167.35127150727274,168.22921158895198,7934400,-0.0017539394906249672,-0.001755479443412793
2025-08-06,168.27853393554688,169.8469861217651,167.38086065210047,167.60775503277506,8957200,-0.0008786011958688,-0.0008789873921243891
2025-08-07,169.20579528808594,169.29457219028478,167.61760992326612,168.8506726272556,9315900,0.005510277103401684,0.005495151066851612
2025-08-08,170.98141479492188,171.6028832369287,168.0812488016039,168.70271724361075,7686800,0.010493845697263637,0.010439167488973207
2025-08-11,171.4647979736328,172.2342280016868,170.70522702982265,171.05047560280036,7256800,0.002827109480236345,0.0028231207222316392
2025-08-12,170.43887329101562,172.3920405748854,169.4820153426675,171.6423438022981,7916700,-0.005983296249384984,-0.00600126788867484
2025-08-13,172.056640625,172.17500983134917,170.35994509116315,170.65588315907152,5878700,0.00949177439833293,0.009447010543732698
2025-08-14,172.35256958007812,173.3390197195923,170.3796693010498,171.948121410389,8241700,0.0017199507906418,0.0017184733690996654
2025-08-15,174.24656677246094,174.86803522954472,172.589337622952,173.19107286100757,9477600,0.010989085901053741,0.010929144629968942
2025-08-18,173.86184692382812,175.16396840661764,173.71388541534543,174.10845947265625,9284000,-0.0022079049002738937,-0.0022103459159804476
2025-08-19,175.39085388183594,175.76569473380323,173.59550723848972,173.65469184395633,9274200,0.008794378899458666,0.008755933586691342
2025-08-20,176.416748046875,178.16276909457548,175.5881335012676,176.08135859537228,9030000,0.005849188497196289,0.005832148408995863
2025-08-21,176.5055389404297,177.63996577800168,175.74598307277464,176.1306980745858,8859600,0.0005033019514173454,0.0005031753374717776
2025-08-22,176.86065673828125,178.70532892070915,175.06532513024973,177.60049441757673,9524000,0.0020119357159178453,0.0020099144838606102
2025-08-25,175.99258422851562,177.8175080717949,175.87419996883952,177.0875445552974,6229100,-0.004908228465136832,-0.004920313378363144
2025-08-26,175.3765106201172,176.04228169685982,174.6610519663747,175.63486479298874,9145000,-0.003500565726101912,-0.0035067070425465457
2025-08-27,175.67459106445312,176.56892188809329,175.04857616667528,175.85346329418851,5951100,0.0016996600244920668,0.0016982172369934502
2025-08-28,174.3430633544922,175.37651036954125,173.52824471043394,175.2572571524081,6424700,-0.007579512221391305,-0.0076083826994268145
2025-08-29,176.0522003173828,176.29069157209003,174.34305089827734,174.85977436888373,6942300,0.009803297762500884,0.009755557195417477
2025-09-02,176.93658447265625,178.06939139768684,175.77396803611316,176.3503105295524,9049000,0.005023420063362316,0.005010844785149818
2025-09-03,176.87696838378906,177.16513205402964,175.41624164537086,176.54904858919326,7111700,-0.00033693477832674734,-0.00033699155360257185
2025-09-04,177.63217163085938,177.77128774394075,176.42981418833836,176.87697204020583,7854800,0.004269652821229153,0.004260563715987157
2025-09-05,177.3042449951172,178.3774328957435,175.44604802147302,176.87696522230814,9733800,-0.0018460993452450447,-0.0018478054867691579
2025-09-08,177.0061492919922,178.31781328005192,175.58516354553242,176.24100312082157,8382500,-0.0016812665885873601,-0.001682681503380014
2025-09-09,175.84353637695312,176.9663967070775,175.33674434840574,176.876968171164,6005700,-0.00656820635717692,-0.006589871946033937
2025-09-10,174.680908203125,175.4957419797814,173.23012805020278,175.18770024166173,6891600,-0.006611719701404395,-0.00663367394381435
2025-09-11,177.37380981445312,177.72160766341042,174.5219220380698,174.64116008341813,5792500,0.015416118676213397,0.015298497618491056
2025-09-12,176.93658447265625,177.6719211358412,175.60504241670282,176.58880178417093,7220200,-0.002464993801814641,-0.002468036900878287
2025-09-15,176.28074645996094,177.86072639674853,175.8137105587591,176.6384757638066,4768100,-0.003706627516575911,-0.003713514082906881
2025-09-16,175.34669494628906,176.49936481458425,174.5417926172162,176.44969240184915,7959300,-0.005298658715879867,-0.005312746393874535
2025-09-17,176.08201599121094,177.38374858169246,175.4758639648204,175.5951171776068,6714900,0.004193526688068605,0.004184758359958075
2025-09-18,173.0612030029297,175.90315945566854,172.77302416387383,175.48581111593307,8200900,-0.017155715598076937,-0.017304579926242212
2025-09-19,175.07839965820312,176.04228103077807,172.2364431172901,173.58786332896594,25621000,0.011655972686375415,0.011588565131510534
2025-09-22,173.1108856201172,175.52554705139653,173.02144192218486,174.9790140641156,7193900,-0.011237902801984778,-0.01130152513515364
2025-09-23,175.46592712402344,175.85346593800497,173.72696818596185,173.78658720926384,8350400,0.013604236934436686,0.013512530101332632
2025-09-24,175.5752410888672,175.83359525485707,174.63123780109416,175.0287080814662,6676800,0.0006229925469602993,0.0006227985676644377
2025-09-25,176.60867309570312,177.27444415539176,174.80016360688845,176.0820181505387,8475000,0.005885978002518444,0.005868723308057022
2025-09-26,178.57618713378906,178.77492226884667,176.2012666379313,177.47318969732265,8634400,0.01114052896496065,0.011078930344076183
2025-09-29,180.47412109375,180.7225437976727,178.66561169370246,178.6954212051717,8597100,0.010628146957460949,0.010572065216951095
2025-09-30,184.25015258789065,184.81656364117856,179.92760655827345,180.5536214730689,11569000,0.020922841852650587,0.020706965173751434
2025-10-01,184.87619018554688,185.38296707290417,182.7496923211661,184.8265026093308,13063800,0.003397758910172799,0.00339199956958029
2025-10-02,184.8066253662109,185.4127774086895,182.9285502120593,183.0279253649323,7728100,-0.0003762778715103998,-0.00037634868179214583
2025-10-03,187.4498443603516,188.58265134111863,185.73076340763467,185.8798109725306,8675100,0.014302620314087244,0.014201302768345558
2025-10-06,186.97286987304688,188.72176027217148,186.18784562775863,186.81387570153043,5806100,-0.0025445445896865593,-0.002547787445499881
2025-10-07,187.69825744628903,188.036108684398,181.78580012930843,182.6105653252933,8776800,0.0038796407935262067,0.003872134395670466
2025-10-08,188.49322509765625,189.0198800500613,187.08218587022017,187.67839129958384,5751200,0.004235349129944277,0.0042264052834665635
2025-10-09,189.87445068359372,190.88801960275083,188.53296196228231,188.80126273904844,7484800,0.007327720055836817,0.007301002753778646
2025-10-10,189.5167236328125,190.85821237015008,188.65221742931723,190.79857818153027,9598000,-0.0018840188845488104,-0.0018857958804074178
2025-10-13,189.6955718994141,190.0930573258188,188.08579761940135,188.63233060413367,7979500,0.0009437070416440374,0.0009432620301054881
2025-10-14,189.6459045410156,193.1734949239154,184.7072598099331,191.7028367133322,13613300,-0.0002618266620626475,-0.00026186094464732465
2025-10-15,189.96388244628903,192.3487496399345,188.1056853650577,190.2719241910366,9473000,0.0016766927081448557,0.0016752886281807431
2025-10-16,190.9078826904297,191.8320230724124,189.22854271525568,190.1328050345831,10611800,0.0049693669764174775,0.004957060426015399
2025-10-17,192.00094604492188,192.37855341755795,190.470653654516,191.2854874244109,7764400,0.005725606188114574,0.005709277204242545
2025-10-20,192.49778747558597,193.25298704268093,191.11655783789408,192.2791742814892,8034700,0.002587703034274913,0.002584360695523193
2025-10-21,190.66940307617188,192.3288649581203,190.56009647736,191.792263413946,6716000,-0.009498209945119407,-0.009543605621660577
2025-10-22,191.72271728515625,192.2294941661236,190.57003224656304,190.7886454491417,6343100,0.005524295938366119,0.0055090929802852125
2025-10-23,191.25567626953125,192.77602203443016,190.33153590825845,191.34510480569733,8882500,-0.0024360233478766258,-0.0024389952801977307
2025-10-24,189.19873046875,191.09668361815096,188.2249176879786,190.98737701890485,6903400,-0.010754952955657426,-0.010813205507663926
2025-10-27,189.099365234375,189.59621064215716,188.33421906088537,188.79132350755307,7126000,-0.0005251897522188242,-0.0005253277126624642
2025-10-28,185.7506256103516,188.3143498545689,185.44258386904397,188.0659271389957,8329500,-0.017708888762650754,-0.017867567270943487
2025-10-29,185.42271423339844,185.91955964649705,183.49495160457292,185.52207421850693,10551100,-0.001765331211540655,-0.0017668912449379875
2025-10-30,187.8572540283203,188.18517382099697,185.7307562633265,185.8996818845505,7072500,0.013129674026114424,0.013044226971426157
2025-10-31,187.6783905029297,188.3044206054977,185.58170215248376,186.2772978942347,8791700,-0.0009521246667624217,-0.0009525782253720315
2025-11-03,185.08485412597656,187.83738205369508,184.34953259358537,187.80757254089647,7542600,-0.013819046348400144,-0.01391541824455737
2025-11-04,185.6810760498047,186.63502595381647,184.44889391598093,185.6512665367905,7209400,0.003221343673114996,0.003216166261420098
2025-11-05,184.8264923095703,186.64494832760215,184.23027175324168,185.4624538271455,5049400,-0.004602427767087858,-0.004613051547082992
2025-11-06,185.79037475585935,186.33690774209137,184.20046337091517,185.58169301110945,6767400,0.005215066488815978,0.005201515123337375
2025-11-07,185.39291381835935,187.16168236277767,184.5283924466353,186.5555303225544,6959200,-0.0021392977866711016,-0.002141589352992945
2025-11-10,187.22129821777344,187.2312296678477,183.9520468035413,184.8264996106948,5323800,0.009862212971124995,0.009813898745865027
2025-11-11,192.6071014404297,192.69652997893053,187.85726033703008,188.19511159082387,7465600,0.028767043461003894,0.02836104002719804
2025-11-12,193.1635589599609,194.3162439565306,191.85189495482751,192.1400586227106,8803000,0.0028890810119133192,0.0028849156381728506
2025-11-13,194.0181427001953,194.76341085397328,192.2294960986243,192.98471086513172,8631600,0.0044241457593539035,0.004414387995763949
2025-11-14,194.69384765625,195.93596126145505,192.3288736624529,193.7697224119869,8824800,0.0034826895394974855,0.00347663902026705
2025-11-17,198.32081604003903,199.0163965828153,194.6640259312004,195.71735093885428,13257000,0.01862908575412603,0.01845768969855308
2025-11-18,198.73817443847656,199.03628473263817,197.27744764335225,197.7544150164991,12468600,0.0021044608769322792,0.0021022496009600673
2025-11-19,201.2323303222656,202.1962116681364,198.1220882452728,198.73817172561604,14690800,0.012549958712442244,0.012471860719498323
2025-11-20,201.78880310058597,203.21970515199808,200.29826686316107,200.72554663988055,10612600,0.0027653249228352106,0.0027615084461172566
2025-11-21,202.61355590820312,205.63438454829932,201.7093087686688,202.6731900950299,13189100,0.004087207986490871,0.004078878041692423
2025-11-24,204.75,204.8195504740814,201.71923991459224,202.4247670803831,14803900,0.01054442819593393,0.010489223442226794
2025-11-25,206.6699981689453,207.72000122070312,205.17999267578125,205.17999267578125,10275300,0.00937728043440944,0.009333586680236289
2025-11-26,207.55999755859372,207.80999755859372,205.94000244140625,206.4900054931641,6729000,0.004306379240013758,0.004297133323711699
2025-11-28,206.9199981689453,207.4600067138672,204.6300048828125,207.0,5638300,-0.0030834428462919172,-0.0030882064509070942
2025-12-01,205.33999633789065,207.6999969482422,205.33999633789065,206.5,8473700,-0.007635810192520021,-0.007665112249770063
2025-12-02,205.4199981689453,205.6100006103516,203.1000061035156,205.2400054931641,8393600,0.00038960666446596903,0.00038953078749694636
2025-12-03,205.3300018310547,207.0200042724609,204.9900054931641,205.8999938964844,8363300,-0.00043810894115869914,-0.00043820493892020307
2025-12-04,202.47999572753903,204.8600006103516,201.7100067138672,204.58999633789065,9049900,-0.013880125057713855,-0.013977354748814463
2025-12-05,201.92999267578125,203.4499969482422,200.80999755859372,202.97999572753903,7785300,-0.002716332790217324,-0.0027200287165587496
2025-12-08,201.6199951171875,203.25999450683597,200.9900054931641,202.66000366210935,7785700,-0.0015351734256311422,-0.0015363530117552759
2025-12-09,199.9600067138672,205.5399932861328,199.91000366210935,202.9199981689453,7509400,-0.008233252869366825,-0.008267333286477439
2025-12-10,206.5399932861328,206.8000030517578,200.17999267578125,200.58999633789065,11599800,0.032906513059290265,0.03237668561545988
2025-12-11,210.00999450683597,211.2400054931641,207.8300018310547,207.8999938964844,9009000,0.01680062619105427,0.01666105673777822
2025-12-12,211.5800018310547,212.2700042724609,208.9600067138672,210.27999877929688,6922700,0.007475869555187309,0.007448063738165809
2025-12-15,214.1699981689453,215.19000244140625,209.00999450683597,210.3500061035156,8467000,0.012241215216354462,0.012166897420116153
2025-12-16,209.3000030517578,214.72999572753903,208.80999755859372,214.0,9949800,-0.022738923092980867,-0.023001439600203594
2025-12-17,210.3300018310547,211.5200042724609,208.4600067138672,209.38999938964844,8457600,0.00492115988666364,0.004909090559877147
2025-12-18,208.30999755859372,211.05999755859372,207.75999450683597,209.8000030517578,7499900,-0.009603975918202612,-0.009650391516853063
2025-12-19,206.3699951171875,209.2400054931641,206.02999877929688,207.55999755859372,24803900,-0.009313054890034866,-0.009356692530204715
2025-12-22,207.32000732421875,208.0800018310547,205.5,206.1300048828125,8187800,0.004603441534665853,0.0045928781040351415
2025-12-23,205.77999877929688,206.52999877929688,203.27999877929688,205.0200042724609,7047300,-0.007428171380071014,-0.0074558976340053824
2025-12-24,207.77999877929688,207.94000244140625,205.57000732421875,206.0,2376500,0.009719117561785229,0.009672190751821066
2025-12-26,207.6300048828125,208.0399932861328,206.7100067138672,207.52999877929688,2316700,-0.0007218880419943563,-0.0007221487286322046
2025-12-29,207.55999755859372,209.47000122070312,207.3800048828125,208.0,4348900,-0.00033717344590100673,-0.00033723030164784163
2025-12-30,206.91000366210935,207.69000244140625,206.5200042724609,207.50999450683597,3937400,-0.003131595221284811,-0.003136508926772481
2025-12-31,206.9499969482422,207.5,206.3699951171875,206.91000366210935,4083800,0.00019328831581355566,0.0001932696380337996
2026-01-02,207.3500061035156,207.38999938964844,203.67999267578125,206.82000732421875,6325500,0.0019328782854413085,0.0019310126798137276
2026-01-05,204.30999755859372,205.94000244140625,200.91000366210935,205.8699951171875,9477000,-0.01466124164666871,-0.014769779826000543
2026-01-06,204.7899932861328,206.7100067138672,204.1199951171875,204.6000061035156,8107900,0.0023493501702060993,0.0023465947618638307
2026-01-07,207.4900054931641,208.25999450683597,205.02999877929688,205.25999450683597,7545900,0.013184297551388724,0.01309814114865014
2026-01-08,205.75,208.97999572753903,204.97000122070312,206.92999267578125,6557800,-0.008385972563008215,-0.008421332655536067
2026-01-09,204.38999938964844,206.6999969482422,204.00999450683597,205.91000366210935,6154300,-0.006609966514466881,-0.006631909089703198
2026-01-12,209.72000122070312,209.8999938964844,203.8500061035156,205.5500030517578,11794300,0.026077605787813374,0.025743383057488807
2026-01-13,213.6499938964844,214.38999938964844,208.8600006103516,209.91000366210935,11379600,0.018739236376627,0.018565819997244576
2026-01-14,218.5500030517578,218.8600006103516,214.1499938964844,214.72999572753903,11858800,0.022934749802274723,0.022675701750773433
2026-01-15,219.57000732421875,219.75,215.91000366210935,218.22999572753903,8492100,0.004667143711818644,0.004656286365363289
2026-01-16,218.66000366210935,220.1100006103516,218.13999938964844,219.0399932861328,10021500,-0.004144480720291166,-0.004153092884045836
2026-01-20,218.2100067138672,218.72999572753903,214.5,217.08999633789065,14057100,-0.002057975581750804,-0.00206009612334639
2026-01-21,218.00999450683597,218.67999267578125,210.5,211.0,14762900,-0.0009166041926459423,-0.0009170245311445797
2026-01-22,218.4900054931641,222.1699981689453,218.1000061035156,218.7700042724609,13160000,0.002201784314586064,0.002199363939613415
2026-01-23,220.13999938964844,221.2100067138672,217.83999633789065,219.8000030517578,6950600,0.007551804910984616,0.007523432783261798
2026-01-26,221.4900054931641,222.02999877929688,220.0,220.2100067138672,6856700,0.0061324889036913355,0.00611376171745631
2026-01-27,224.44000244140625,225.5,220.6999969482422,222.0,8154100,0.013318871619844685,0.013230955220397994
2026-01-28,227.72000122070312,228.57000732421875,226.0800018310547,226.3999938964844,9026500,0.014614145177409554,0.014508387682886092
2026-01-29,227.2899932861328,230.0,227.0800018310547,228.80999755859372,9645300,-0.0018883186907835414,-0.0018901038121285072
2026-01-30,227.25,228.5,225.3300018310547,228.25999450683597,11045500,-0.00017595709144335725,-0.00017597257370854138
2026-02-02,230.75,231.19000244140625,227.25,228.32000732421875,8187500,0.015401540154015292,0.015284140325373216
2026-02-03,233.1000061035156,235.1999969482422,230.47999572753903,231.5,9346600,0.010184208465939815,0.010132698842857727
2026-02-04,234.47000122070312,235.8300018310547,232.94000244140625,235.0,8641400,0.005877284776127922,0.005860080913048209
2026-02-05,237.7899932861328,239.5800018310547,234.9900054931641,235.0,10267500,0.014159560063739862,0.014060249854499338
2026-02-06,239.9900054931641,240.94000244140625,237.97999572753903,238.9600067138672,8274000,0.009251912482221236,0.009209375703015405
2026-02-09,238.63999938964844,240.7400054931641,237.0399932861328,240.25,9378500,-0.005625259688383566,-0.005641141047513746
2026-02-10,238.3500061035156,240.5,237.8800048828125,239.97999572753903,6723300,-0.0012151914468426783,-0.0012159303906683903
2026-02-11,240.8600006103516,241.25999450683597,237.3999938964844,239.33999633789065,6803900,0.01053070880034257,0.010475647108185139
2026-02-12,244.5500030517578,246.3500061035156,239.67999267578125,240.47999572753903,10254300,0.015320113061760177,0.01520394509805606
2026-02-13,243.4499969482422,244.9499969482422,242.6100006103516,244.58999633789065,13268500,-0.0044980825589391316,-0.0045082293711916745
2026-02-17,243.3300018310547,244.4900054931641,241.8699951171875,244.1300048828125,12697700,-0.0004928943055727553,-0.0004930158179011185
