Date,Close,High,Low,Open,Volume,daily_return,log_return,daily_return_pct,log_return_pct
2016-02-25,43.59431457519531,43.60960849333367,42.85257850609301,42.921399679207305,14473300,0.015497008910311472,0.0153781565985253,1.5497008910311472,1.5378156598525299
2016-02-26,43.99958801269531,44.43545438983435,43.69371554027462,44.07605467229244,20947500,0.00929647458502747,0.009253528325859604,0.929647458502747,0.9253528325859603
2016-02-29,43.051395416259766,44.053125218775826,43.043749915377745,43.90018894798469,19554100,-0.021550033517631184,-0.02178562632776758,-2.1550033517631184,-2.178562632776758
2016-03-01,45.268959045410156,45.268959045410156,43.334320830270116,43.40314199866666,23958100,0.051509680643542,0.05022692262659917,5.1509680643542,5.022692262659917
2016-03-02,45.697181701660156,45.804239132173755,45.085439540951754,45.268963647672635,20943100,0.009459520724133252,0.009415059625173798,0.9459520724133252,0.9415059625173798
2016-03-03,45.85011672973633,45.85011672973633,45.19249283089817,45.559541034402386,15790600,0.003346705910106884,0.0033411181534638624,0.3346705910106884,0.33411181534638623
2016-03-04,45.91893005371094,46.30126919307075,45.52129699873478,45.957163384243685,18459000,0.001500832034523114,0.0014997069117313906,0.1500832034523114,0.14997069117313908
2016-03-07,45.8348274230957,45.91894252331949,45.36072757830894,45.5289577787565,12832400,-0.0018315459553795987,-0.0018332252865009549,-0.18315459553795987,-0.1833225286500955
2016-03-08,44.94779968261719,45.49836911629337,44.87133300216966,45.27661165917192,14132900,-0.01935270165392944,-0.019542416840864912,-1.9352701653929438,-1.9542416840864911
2016-03-09,45.207786560058594,45.52895300752743,44.871329111439614,45.23072889581705,13238800,0.00578419587337331,0.005767531640999711,0.578419587337331,0.5767531640999711
2016-03-10,44.81779861450195,45.62835579959312,44.20605651716435,45.567183048367575,21139200,-0.00862656580274157,-0.008663990005185303,-0.862656580274157,-0.8663990005185304
2016-03-11,45.37603759765625,45.50603158629393,44.84841030498068,45.41427095213687,21055000,0.012455743039857081,0.012378808465303072,1.2455743039857081,1.2378808465303073
2016-03-14,45.207786560058594,45.35307732413455,44.810153438772545,45.23072889581705,13436100,-0.003707927058098748,-0.0037148184601177255,-0.3707927058098748,-0.37148184601177253
2016-03-15,45.268959045410156,45.276604545446915,44.68015636402114,44.764271449507625,10910500,0.0013531404655322543,0.0013522257959971231,0.13531404655322543,0.13522257959971232
2016-03-16,45.05485153198242,45.68953602674794,44.71074857334413,45.10073328774199,17423900,-0.004729676094671342,-0.004740896405588675,-0.47296760946713423,-0.4740896405588675
2016-03-17,44.92485427856445,45.215432876194676,44.34370000032049,44.94014819602041,19405700,-0.0028853108821297324,-0.002889481415695438,-0.28853108821297324,-0.2889481415695438
2016-03-18,46.24774169921875,46.62243533727161,45.62070574738834,45.91892980776913,29570200,0.029446671378197564,0.029021445637164148,2.9446671378197564,2.9021445637164147
2016-03-21,46.23244094848633,46.50772555337432,45.85010186770093,46.04891982323812,12684400,-0.000330843197316133,-0.00033089793800079317,-0.0330843197316133,-0.033089793800079315
2016-03-22,46.064239501953125,46.32423033899037,45.5901366763446,45.87306985463214,12042700,-0.003638169282920156,-0.003644803516650627,-0.3638169282920156,-0.3644803516650627
2016-03-23,45.8348274230957,46.27069392696719,45.773654661034634,46.14069998445184,11658700,-0.004980264112418364,-0.004992706957360425,-0.49802641124183644,-0.4992706957360425
2016-03-24,45.48306655883789,45.50600597521221,45.016612312451244,45.34542422655933,12921200,-0.007674532316021443,-0.007704133084448346,-0.7674532316021443,-0.7704133084448346
2016-03-28,45.421905517578125,45.68954183431961,45.25367530875943,45.52131162550092,11159700,-0.0013446991570070788,-0.0013456040762388954,-0.13446991570070788,-0.13456040762388954
2016-03-29,45.13895797729492,45.368363795123024,44.75661883693629,45.368363795123024,15933400,-0.006229319026999081,-0.006248802188128622,-0.6229319026999081,-0.6248802188128623
2016-03-30,45.6589469909668,46.05658011272788,45.40660463345526,45.46777738917878,13307100,0.011519738978764904,0.01145389199656637,1.1519738978764904,1.145389199656637
2016-03-31,45.28426742553711,45.8271885290562,45.200152313185654,45.460143152718615,14904700,-0.008206049200035537,-0.008239904159290785,-0.8206049200035537,-0.8239904159290785
2016-04-01,45.78129196166992,45.926582714945965,44.77956519084956,45.13131653148852,15417500,0.010975655882036639,0.010915860502170098,1.097565588203664,1.0915860502170098
2016-04-04,45.604122161865234,45.889147098891854,45.41923929492608,45.78900209019092,12305000,-0.003869916994763356,-0.0038774244987406304,-0.3869916994763356,-0.38774244987406303
2016-04-05,44.957035064697266,45.31909574219241,44.84148290931398,45.13421288130183,12886600,-0.01418922383531973,-0.014290853380182574,-1.418922383531973,-1.4290853380182573
2016-04-06,45.30368423461914,45.35760778498104,44.64119154318654,44.81836934274894,12167900,0.007710676858983634,0.007681101523453504,0.7710676858983634,0.7681101523453504
2016-04-07,44.15586471557617,45.01094212391252,43.963279819594554,44.87998286656662,19226800,-0.025336118649834982,-0.025662604496529885,-2.533611864983498,-2.5662604496529884
2016-04-08,44.479427337646484,45.126512974372034,44.44090799156632,44.456315142275685,13547700,0.007327738323198885,0.0073010208882561736,0.7327738323198885,0.7301020888256173
2016-04-11,44.833778381347656,45.35760969718697,44.61037912693699,44.61037912693699,17627800,0.007966627830238604,0.007935061789846522,0.7966627830238604,0.7935061789846521
2016-04-12,45.665740966796875,45.75047881230875,44.83377553705303,44.94162263548158,17779200,0.01855660208632659,0.018386529108467782,1.855660208632659,1.8386529108467782
2016-04-13,47.59929656982422,47.88432147075241,46.513117577981696,46.59015038192561,37516800,0.04234149193885228,0.04146961702881877,4.234149193885228,4.146961702881876
2016-04-14,48.21556854248047,48.462077045144724,47.460635885744544,47.52226154210403,24249900,0.012947081513110748,0.012863984527008586,1.2947081513110748,1.2863984527008587
2016-04-15,47.66090774536133,48.45435949026734,47.33736654075647,48.4389523464368,19290700,-0.011503769713520073,-0.011570449948307256,-1.1503769713520073,-1.1570449948307255
2016-04-18,47.969058990478516,48.207865382853804,47.39900625390428,47.48374410083142,13813100,0.006465492574408094,0.006444680934130731,0.6465492574408094,0.6444680934130731
2016-04-19,48.77791213989258,48.90116638084454,48.18475018699473,48.18475018699473,19255600,0.016861976583168126,0.01672139161540126,1.6861976583168126,1.672139161540126
2016-04-20,49.48661422729492,49.54053776417206,48.64694688489018,48.901157424652084,14594400,0.014529159947843207,0.014424623042506695,1.4529159947843207,1.4424623042506695
2016-04-21,48.99361038208008,49.81017457121938,48.793323325935326,49.50203747402868,15395800,-0.009962367660685922,-0.010012324112003227,-0.9962367660685922,-1.0012324112003228
2016-04-22,49.27863311767578,49.594469348570186,49.02441959805118,49.02441959805118,12444700,0.005817549132895783,0.005800692538387405,0.5817549132895783,0.5800692538387404
2016-04-25,48.99361038208008,49.26323107677523,48.64695982100697,48.99361038208008,10687200,-0.005783901004621561,-0.005800692538387374,-0.5783901004621561,-0.5800692538387374
2016-04-26,49.247833251953125,49.355680374804194,48.78563045727318,49.15539328073987,12048000,0.005188898468401648,0.0051754825240469485,0.5188898468401648,0.5175482524046948
2016-04-27,49.386478424072266,49.79475752295444,48.99360353314441,49.19389349990328,15284100,0.0028152542551431736,0.002811298848793316,0.28152542551431736,0.2811298848793316
2016-04-28,48.99361038208008,49.625288786569186,48.80102543098918,49.02442467952178,12852500,-0.00795497177625637,-0.007986781372840349,-0.795497177625637,-0.7986781372840349
2016-04-29,48.68547439575195,49.00131358613927,48.3003045080302,48.60073655027508,16376400,-0.006289309645178376,-0.00630917067164043,-0.6289309645178376,-0.630917067164043
2016-05-02,49.139984130859375,49.301754808557696,48.63926200813953,49.062948375802854,10247300,0.009335633281763345,0.009292325585239538,0.9335633281763345,0.9292325585239538
2016-05-03,48.192447662353516,48.46206535378128,47.60698790580688,48.45436325057439,19120300,-0.01928239264348519,-0.019470722878900015,-1.928239264348519,-1.9470722878900015
2016-05-04,47.429813385009766,47.961346700957975,47.19871207105892,47.5684747611028,17030200,-0.015824767454994726,-0.015951315929894693,-1.5824767454994726,-1.5951315929894694
2016-05-05,47.17561721801758,47.76107425460014,47.03695579960869,47.45293711622182,14033900,-0.005359417397002186,-0.005373830595048449,-0.5359417397002186,-0.5373830595048449
2016-05-06,47.452919006347656,47.51454758594888,46.67487728986293,46.759615117508396,11057900,0.005878074409679801,0.005860865932507234,0.5878074409679801,0.5860865932507233
2016-05-09,47.152496337890625,47.676327613485256,47.029242092963244,47.27575058281801,11197100,-0.006330962873260626,-0.0063510884063464525,-0.6330962873260626,-0.6351088406346452
2016-05-10,47.79188919067383,47.96136197427974,47.26035276684492,47.41442133807958,11897200,0.013560106090701352,0.013468990618316223,1.3560106090701352,1.3468990618316223
2016-05-11,47.61470031738281,48.22326647774339,47.61470031738281,47.73795455805731,11254000,-0.0037075092927189024,-0.0037143991400171218,-0.37075092927189024,-0.37143991400171217
2016-05-12,47.58388137817383,48.1924504177484,47.27574433725661,47.969051210014044,11071700,-0.000647256813621766,-0.0006474663747446115,-0.0647256813621766,-0.06474663747446115
2016-05-13,47.144798278808594,48.06920666439567,47.00613687403987,47.52996819458544,15122300,-0.009227559556893028,-0.00927039721290652,-0.9227559556893028,-0.927039721290652
2016-05-16,47.4991455078125,47.75335901786604,46.99072142631816,47.152492057108915,10951300,0.00751614689086888,0.0074880414009636746,0.751614689086888,0.7488041400963674
2016-05-17,47.4991455078125,47.88431535556921,47.10627355609026,47.321967730477944,12180900,0.0,0.0,0.0,0.0
2016-05-18,49.33256149291992,49.43270355110965,47.52226119991157,47.52996624353425,24007100,0.038598925633427816,0.0378726179902538,3.8598925633427816,3.78726179902538
2016-05-19,48.83183288574219,49.471216244303015,48.454368080120624,48.93967997306263,16076200,-0.010150063001484244,-0.01020192613210519,-1.0150063001484244,-1.020192613210519
2016-05-20,48.92427444458008,49.44810862917073,48.816427353692795,49.19389511041113,11862000,0.0018930593708039734,0.0018912697920765323,0.18930593708039734,0.18912697920765323
2016-05-23,48.885765075683594,49.20160428953191,48.6546637136066,48.878062970346775,9347500,-0.0007871219212480796,-0.0007874318643602188,-0.07871219212480796,-0.07874318643602188
2016-05-24,49.71772003173828,49.89489485398921,49.155372458925164,49.25551449423113,13839400,0.01701834787216039,0.016875158075915345,1.7018347872160389,1.6875158075915344
2016-05-25,50.472660064697266,50.99649135293742,50.010457369715056,50.0258674566426,18935200,0.015184526411851751,0.015070395390782209,1.518452641185175,1.507039539078221
2016-05-26,50.09519958496094,50.51888885402666,50.00276256423871,50.51118380989092,9428400,-0.007478513699347156,-0.007506617989475371,-0.7478513699347156,-0.750661798947537
2016-05-27,50.40333557128906,50.42644482595171,50.110608550184665,50.23385986746096,10116000,0.0061510082578977165,0.006132168024751507,0.6151008257897717,0.6132168024751506
2016-05-31,50.28007888793945,50.70376815181699,50.0412754176957,50.63444038712425,15139400,-0.002445407272208766,-0.0024484021640553914,-0.2445407272208766,-0.24484021640553913
2016-06-01,50.60363006591797,50.780804952210744,49.50204377047201,49.88721372164574,14031000,0.006434977532545627,0.006414361460000762,0.6434977532545627,0.6414361460000761
2016-06-02,50.6960563659668,50.6960563659668,50.19534023716938,50.47265713628796,10637600,0.0018264756881756217,0.0018248097097268337,0.18264756881756217,0.18248097097268337
2016-06-03,49.79475021362305,49.96422586237063,48.95507994995629,49.494318246197636,20261700,-0.017778624550938704,-0.017938562786410907,-1.7778624550938704,-1.7938562786410908
2016-06-06,50.287776947021484,50.657542605702126,49.76394569227227,49.79475998693113,13193500,0.009901178965318946,0.009852483457672707,0.9901178965318946,0.9852483457672707
2016-06-07,50.118309020996094,50.64214035681006,50.10290480989569,50.418741093880776,9924100,-0.0033699625697100055,-0.0033756536830604087,-0.33699625697100055,-0.3375653683060409
2016-06-08,50.26468276977539,50.44186354789417,50.01046917052008,50.01817421580199,9428000,0.0029205643933034597,0.0029163078308117145,0.292056439330346,0.29163078308117146
2016-06-09,49.87950134277344,49.99505348658031,49.50973565803668,49.91031563960368,10817800,-0.007663062925636677,-0.007692575057896933,-0.7663062925636677,-0.7692575057896933
2016-06-10,49.178489685058594,49.355667474663896,48.9782026433435,49.247820380000924,16678400,-0.014054103165496157,-0.0141537972495906,-1.4054103165496157,-1.4153797249590598
2016-06-13,48.73939895629883,49.5636593594249,48.73169391276121,48.901169607231616,14314900,-0.00892851186711352,-0.008968609884714594,-0.892851186711352,-0.8968609884714593
2016-06-14,47.822696685791016,48.893468548612375,47.51455958718044,48.284899395093724,19509300,-0.018808239127646065,-0.01898736362413608,-1.8808239127646065,-1.898736362413608
2016-06-15,47.73796081542969,48.51600276068132,47.691739367138325,48.07690928705984,16982100,-0.0017718756204416763,-0.0017734472488098755,-0.17718756204416763,-0.17734472488098754
2016-06-16,47.9305419921875,47.99216764643187,46.913693718944536,47.3373800096936,16791200,0.004034130772832878,0.004026015485385795,0.4034130772832878,0.4026015485385795
2016-06-17,47.97676086425781,48.308007206861056,47.70714311498219,47.992168012589715,15751500,0.0009642885339757878,0.0009638239064534145,0.09642885339757878,0.09638239064534146
2016-06-20,48.04608917236328,49.18619164469139,48.022979920321546,48.87805750922086,12213200,0.0014450393660718763,0.0014439963014125467,0.14450393660718763,0.14439963014125468
2016-06-21,48.492889404296875,48.531405805308644,47.86891312889936,48.32341371350947,11611600,0.009299408955653288,0.009256435664222617,0.9299408955653288,0.9256435664222616
2016-06-22,48.30799865722656,49.07833830580723,48.28488940812516,48.49288146587545,12643500,-0.0038127393385209984,-0.0038200263573854743,-0.38127393385209984,-0.3820026357385474
2016-06-23,49.340267181396484,49.41729998695123,48.93968718894969,49.07064648472855,16583600,0.02136848043518569,0.021143375576855618,2.136848043518569,2.1143375576855616
2016-06-24,45.91225051879883,47.52996584837462,45.71196346547142,46.59015035991477,44108700,-0.06947705917348934,-0.07200854890335627,-6.947705917348934,-7.200854890335627
2016-06-27,44.3792839050293,45.257470956387834,43.94789248567176,45.22665665387366,37300700,-0.033389054042163635,-0.033959195449634834,-3.3389054042163635,-3.3959195449634834
2016-06-28,45.850624084472656,45.87373333752971,44.87999431549388,45.59641054639291,29088700,0.03315376116910751,0.032616028207814673,3.315376116910751,3.2616028207814676
2016-06-29,47.144798278808594,47.1525003841343,46.220389893221515,46.49771270275896,21483000,0.02822587958566536,0.027834870119892458,2.822587958566536,2.7834870119892456
2016-06-30,47.8689079284668,47.90742432529417,47.00612829736007,47.47603597904717,21343600,0.015359269232119832,0.015242509699347552,1.5359269232119832,1.524250969934755
2016-07-01,47.558380126953125,48.140632593040394,47.48074764940383,47.868915960128675,14217800,-0.0064870458707291245,-0.006508178193267096,-0.6487045870729125,-0.6508178193267096
2016-07-05,46.23084259033203,47.04599540427707,45.881490538215864,46.929546694564365,23357700,-0.027913850999074064,-0.028310847789773982,-2.7913850999074064,-2.8310847789773983
2016-07-06,46.727699279785156,46.80533471732977,45.61753769555472,45.81162184718257,20429800,0.010747299024072454,0.010689957285924607,1.0747299024072454,1.0689957285924607
2016-07-07,47.03046798706055,47.4652145446081,46.70440510741107,46.98388672954239,13771400,0.00647942680555591,0.006458525556518442,0.647942680555591,0.6458525556518442
2016-07-08,48.00090026855469,48.264851907297235,47.6127319130069,47.6127319130069,16998800,0.02063411917910618,0.020424119599535027,2.063411917910618,2.042411959953503
2016-07-11,48.34247970581055,48.870388822740814,48.24155512012089,48.458928417154866,13151400,0.007116104809384849,0.007090904815461069,0.7116104809384849,0.7090904815461069
2016-07-12,49.06447982788086,49.34396151255478,48.82381438574733,48.93250104945619,16588100,0.014935107310672935,0.014824676765839487,1.4935107310672935,1.4824676765839488
2016-07-13,49.03341293334961,49.24302414249628,48.62971760034366,48.97130755368877,18526900,-0.0006331850381423587,-0.0006333855844483711,-0.06331850381423587,-0.06333855844483711
2016-07-14,49.7786979675293,50.446347824061206,49.72435465004308,50.26002280155645,28985900,0.015199534146088212,0.015085178538983847,1.5199534146088212,1.5085178538983846
2016-07-15,49.825279235839844,50.306610021576006,49.382767646187055,50.26779082549264,17607100,0.0009357671094758491,0.0009353295523806773,0.0935767109475849,0.09353295523806773
2016-07-18,49.65449142456055,49.99608144592276,49.60791312091246,49.78646723354919,10824400,-0.0034277341521941063,-0.0034336222920724143,-0.3427734152194106,-0.3433622292072414
2016-07-19,49.57685852050781,49.76317765648661,49.26632267855746,49.38277435966116,9737400,-0.0015634618707288661,-0.0015646853526506555,-0.1563461870728866,-0.15646853526506554
2016-07-20,49.631202697753906,49.864106063946,49.46040768561019,49.77094353287343,10411100,0.0010961601615724348,0.001095559816698563,0.10961601615724348,0.1095559816698563
2016-07-21,49.44487380981445,49.8252800224192,49.398295512161276,49.685539206481856,9808700,-0.0037542690447008864,-0.003761334000771312,-0.37542690447008864,-0.3761334000771312
2016-07-22,49.71660614013672,49.75541942381739,49.37501607506242,49.60791946906387,8195700,0.005495662328262041,0.00548061627622436,0.5495662328262041,0.548061627622436
2016-07-25,49.58461380004883,49.81751416890308,49.437110924121875,49.67001129297612,8168300,-0.002654894417286724,-0.002658424899559744,-0.2654894417286724,-0.26584248995597437
2016-07-26,49.78647232055664,49.88739988607804,49.46041231574718,49.67002358804881,8067800,0.004070991080455055,0.00406272701729235,0.40709910804550553,0.406272701729235
2016-07-27,49.941734313964844,50.22121596052627,49.7321201175547,49.74765016624042,11806800,0.0031185578365249267,0.0031137052211919172,0.31185578365249267,0.31137052211919175
2016-07-28,49.76316452026367,49.833037879672496,49.46815880592311,49.68553206101373,10013400,-0.003575562526094367,-0.0035819701281977648,-0.3575562526094367,-0.35819701281977645
2016-07-29,49.66225051879883,49.91067798021892,49.49145552851416,49.530271764081874,13210400,-0.0020278855341635538,-0.0020299444780392897,-0.20278855341635538,-0.20299444780392897
2016-08-01,49.5302734375,49.92620379204979,49.38277055276362,49.801993018632125,11422600,-0.002657492963370034,-0.0026610303662672843,-0.2657492963370034,-0.2661030366267284
2016-08-02,49.413818359375,49.69329996727321,49.20420715345134,49.367237104229076,13550000,-0.002351189889390537,-0.0023539582765257027,-0.2351189889390537,-0.23539582765257028
2016-08-03,50.19792175292969,50.20568085351266,49.413820216689,49.444871426464736,13122300,0.015868099644761102,0.015743517544240887,1.5868099644761102,1.5743517544240886
2016-08-04,50.12028884887695,50.32213802269963,49.895150524801316,50.06594552396064,9873000,-0.0015465362178704867,-0.00154773333942751,-0.15465362178704867,-0.154773333942751
2016-08-05,51.47111511230469,51.52545843333456,50.516218559376526,50.5705618804064,20752700,0.026951685524015057,0.02659488555939054,2.6951685524015057,2.659488555939054
2016-08-08,51.31584548950195,51.618616274406506,51.11399632523962,51.29255634035205,11359200,-0.003016636077612711,-0.0030211952955346115,-0.3016636077612711,-0.30211952955346116
2016-08-09,51.13729476928711,51.45558970028687,50.99755394219548,51.37795722367559,10097000,-0.0034794461342622096,-0.00348551348506476,-0.34794461342622096,-0.348551348506476
2016-08-10,50.679237365722656,51.29254380974554,50.5860807918809,51.176092169466884,11556100,-0.008957403899268468,-0.008997762628632626,-0.8957403899268468,-0.8997762628632626
2016-08-11,50.81898880004883,50.99754880896204,50.477398829768454,50.67148296324999,9604500,0.0027575678244260438,0.002753772709529798,0.2757567824426044,0.2753772709529798
2016-08-12,50.710289001464844,50.733578143763424,50.35317499927562,50.43857246968784,7685400,-0.0021389602813954856,-0.002141251124202303,-0.21389602813954856,-0.21412511242023027
2016-08-15,51.02083969116211,51.106237186634296,50.81899052704804,50.89662299848332,8371600,0.0061240173505674456,0.006105341763938844,0.6124017350567446,0.6105341763938844
2016-08-16,51.013065338134766,51.207149442718894,50.64818627384032,50.74134877631236,10128900,-0.0001523760305476296,-0.0001523876409544191,-0.01523760305476296,-0.01523876409544191
2016-08-17,51.152809143066406,51.222682504779925,50.881092565240884,51.08294170433006,11868100,0.0027393728254783145,0.00273562758192633,0.27393728254783145,0.273562758192633
2016-08-18,51.199398040771484,51.23045221652357,50.87333807984226,50.94321145602904,9313600,0.0009107788699302954,0.0009103643625193075,0.09107788699302954,0.09103643625193075
2016-08-19,51.12952423095703,51.168343426565585,50.63266932665136,51.02083759082627,9084900,-0.0013647388931957716,-0.0013656709974682255,-0.13647388931957716,-0.13656709974682255
2016-08-22,51.08293914794922,51.14504156050352,50.78016841595582,51.04411995749802,9055600,-0.0009111190395080238,-0.0009115343607506586,-0.09111190395080238,-0.09115343607506586
2016-08-23,51.05965042114258,51.50216200154952,51.05189132047022,51.29255374682102,8949600,-0.00045590029068587334,-0.00045600424481974426,-0.045590029068587334,-0.045600424481974426
2016-08-24,51.199398040771484,51.41677727103603,51.05965721137633,51.23045221652357,10167200,0.0027369482257764144,0.0027332096030387707,0.27369482257764144,0.2733209603038771
2016-08-25,51.29256057739258,51.346903904224035,51.07518727006674,51.168349797339985,9978700,0.001819602186473146,0.0018179487158832565,0.1819602186473146,0.18179487158832566
2016-08-26,51.40900802612305,51.921387076524496,51.121761366230565,51.494405521686275,14038600,0.0022702600030031217,0.002267686856500996,0.22702600030031217,0.2267686856500996
2016-08-29,51.97575378417969,52.09220550534049,51.59535035650294,51.618639516138984,14583100,0.011024250025766902,0.010963925928481583,1.1024250025766902,1.0963925928481584
2016-08-30,52.40271759033203,52.48035006142584,51.975730114849284,51.975730114849284,13791200,0.008214672709225823,0.008181115932073008,0.8214672709225823,0.8181115932073009
2016-08-31,52.40271759033203,52.61232585458309,51.90586266775823,52.37166341729893,14952300,0.0,0.0,0.0,0.0
2016-09-01,52.177581787109375,52.57351510859805,51.74283518969635,52.51140675954528,12226500,-0.004296261979821248,-0.004305517432065289,-0.42962619798212476,-0.4305517432065289
2016-09-02,52.39493942260742,52.46481277514803,51.999012142457424,52.32507199304321,13720700,0.004165728423078052,0.004157075797765496,0.4165728423078052,0.4157075797765496
2016-09-06,52.356136322021484,52.44153381227329,51.78940806153017,52.40271461743973,16649400,-0.0007405887097789998,-0.0007408630810700765,-0.07405887097789998,-0.07408630810700764
2016-09-07,52.138771057128906,52.47259012288708,51.98350017691509,52.138771057128906,10070400,-0.00415166741020867,-0.004160309509058426,-0.41516674102086704,-0.4160309509058426
2016-09-08,52.20862579345703,52.542450700877026,52.01454168270069,52.1853366478426,12253000,0.0013397848647331845,0.0013388881538350674,0.13397848647331845,0.13388881538350675
2016-09-09,51.74284362792969,52.34838532250059,51.735078602287224,52.03784944957268,19686900,-0.008921555747704035,-0.008961591122616065,-0.8921555747704035,-0.8961591122616065
2016-09-12,52.06113052368164,52.24745557230839,51.05189649702203,51.34690227288039,16453000,0.006151322065727216,0.006132479914098122,0.6151322065727216,0.6132479914098122
2016-09-13,51.6496696472168,51.90586212985149,51.09847140829167,51.32360971821509,18876100,-0.007903418007368823,-0.00793481555685857,-0.7903418007368823,-0.7934815556858569
2016-09-14,51.548744201660156,52.2086290346024,51.40123837297543,51.44781666709592,12648600,-0.0019540385494426493,-0.001955950173432911,-0.19540385494426493,-0.1955950173432911
2016-09-15,51.735069274902344,51.960207594110116,51.30808178623622,51.46335265619575,12531300,0.0036145414622184013,0.0036080247058970193,0.36145414622184013,0.36080247058970194
2016-09-16,51.09846878051758,51.44005873979734,50.803463039398025,51.30807703181719,25161500,-0.01230500902592957,-0.012381342485116286,-1.230500902592957,-1.2381342485116287
2016-09-19,51.38572692871094,51.73507606677142,51.12176937661597,51.35467275064219,13466900,0.0056216586337882735,0.005605916082832167,0.5621658633788273,0.5605916082832167
2016-09-20,51.59532928466797,51.89810008224434,51.424534286449884,51.82046760750289,10092200,0.004078999529340432,0.004070702964231441,0.40789995293404324,0.40707029642314413
2016-09-21,51.89033508300781,52.11547340595177,51.4788776359985,51.89033508300781,14116800,0.005717684186338001,0.0057014002714803605,0.5717684186338001,0.570140027148036
2016-09-22,52.317317962646484,52.34060711072751,51.89033050456885,52.00678216795163,12781700,0.008228562774852621,0.00819489273013267,0.8228562774852621,0.819489273013267
2016-09-23,52.20862579345703,52.713245666018935,52.15428247936434,52.31731242164243,13967400,-0.002077556216988352,-0.002079717330647929,-0.2077556216988352,-0.2079717330647929
2016-09-26,51.06742858886719,51.85929536160772,50.881109434154936,51.70402446353157,16408100,-0.021858403419859118,-0.02210083764790485,-2.185840341985912,-2.2100837647904847
2016-09-27,51.5176887512207,51.55650794400818,50.54726816130618,50.78017147207655,13711400,0.008816973456377886,0.008778330919947603,0.8816973456377886,0.8778330919947603
2016-09-28,51.7894172668457,51.83599557054301,51.230453930563606,51.68849563450867,11278000,0.005274470229772454,0.005260608930978591,0.5274470229772454,0.5260608930978591
2016-09-29,50.966487884521484,52.17757082164236,50.73358458600889,51.78163758336172,18727200,-0.015889913919750476,-0.016017512089732986,-1.5889913919750476,-1.6017512089732986
2016-09-30,51.69623947143555,52.06111853726469,51.30031216096196,51.30031216096196,21680100,0.01431826318045526,0.014216724936672425,1.431826318045526,1.4216724936672425
2016-10-03,51.63414764404297,51.95244256220142,51.44006349885574,51.509930948093675,14901700,-0.0012010898283401072,-0.001201811714819543,-0.12010898283401072,-0.12018117148195431
2016-10-04,52.07987976074219,52.53342970540286,51.688889663490315,51.77490796216856,17226900,0.008632506529826278,0.008595459498486335,0.8632506529826278,0.8595459498486335
2016-10-05,52.93223190307617,53.22938217660236,52.23627013047547,52.306645471823366,16280000,0.01636624635559336,0.01623376289590491,1.6366246355593361,1.623376289590491
2016-10-06,53.07299041748047,53.15118723262733,52.43176698762089,52.96351368306795,17485000,0.002659221221996466,0.0026556917489578245,0.2659221221996466,0.26556917489578247
2016-10-07,53.26065444946289,53.31539280688751,52.7054494052893,53.01042110608841,18497000,0.0035359611453251727,0.003529724332475803,0.35359611453251727,0.3529724332475803
2016-10-10,53.67510986328125,54.003540050649754,53.35450114685988,53.44051346314129,13027500,0.007781643280625028,0.007751522453329144,0.7781643280625028,0.7751522453329144
2016-10-11,53.41706466674805,53.81587623262221,53.119914343450155,53.565642811414676,15657100,-0.004807539233556923,-0.004819132622336768,-0.48075392335569234,-0.4819132622336768
2016-10-12,53.27630615234375,53.63601631001491,53.21375227373127,53.377967391404944,11899800,-0.002635085160190731,-0.0026385631082278408,-0.2635085160190731,-0.2638563108227841
2016-10-13,52.97132873535156,53.07298996360419,52.25190849649754,52.75237526839899,17890000,-0.005724447489285467,-0.0057408949372168795,-0.5724447489285467,-0.5740894937216879
2016-10-14,52.79928970336914,53.98008123487651,52.62725910594789,53.800229166561586,24163800,-0.0032477764120650843,-0.0032530618850020337,-0.3247776412065084,-0.3253061885002034
2016-10-17,52.52560806274414,53.010437929537986,52.18935634155583,52.721103110736514,14963400,-0.005183434136378895,-0.0051969147351437085,-0.5183434136378895,-0.5196914735143708
2016-10-18,52.94004440307617,53.33885587951311,52.81493070354801,53.057342598032214,11870300,0.007890176917837222,0.007859212243134706,0.7890176917837222,0.7859212243134706
2016-10-19,53.448341369628906,53.56563958382238,53.026071378153404,53.026071378153404,12705800,0.009601370234649798,0.009555570009367872,0.9601370234649798,0.9555570009367872
2016-10-20,53.37797164916992,53.706401910714945,53.127738216654336,53.23721497050268,14122000,-0.0013165931562278965,-0.0013174606264846087,-0.13165931562278965,-0.13174606264846087
2016-10-21,53.55781173706055,53.58909165485795,52.94004678413884,53.026065066573146,12175700,0.003369181749217409,0.0033635187725546706,0.3369181749217409,0.33635187725546706
2016-10-24,53.854976654052734,53.99573332381264,53.56564184231426,53.93317347813374,10197100,0.005548488770435567,0.005533152608812399,0.5548488770435567,0.55331526088124
2016-10-25,53.800228118896484,53.901883374397784,53.47179197413434,53.86278198672506,9945100,-0.0010165919392730594,-0.0010171090193278713,-0.10165919392730594,-0.10171090193278713
2016-10-26,54.058284759521484,54.15212452379741,53.46398415054557,53.46398415054557,9801300,0.004796571495100377,0.004785104599284357,0.4796571495100377,0.47851045992843566
2016-10-27,54.13648986816406,54.558753910430326,54.034828627662534,54.33980041709664,14210700,0.0014466812809632579,0.0014456358457518197,0.1446681280963258,0.14456358457518198
2016-10-28,54.04265213012695,54.38672532745468,53.542185279124155,54.37108238246589,12766500,-0.0017333546793600885,-0.0017348586768076034,-0.17333546793600885,-0.17348586768076033
2016-10-31,54.15994644165039,54.41017984907845,54.13648799189698,54.292881634276384,14336300,0.0021704025783377823,0.002168050657124206,0.21704025783377823,0.2168050657124206
2016-11-01,53.933162689208984,54.566564593403605,53.4326959559629,54.331974168088664,15564500,-0.004187296467985546,-0.004196087743541592,-0.4187296467985546,-0.4196087743541592
2016-11-02,53.70639419555664,53.83932938241353,53.18246895368435,53.68293574682128,12449800,-0.004204620725825059,-0.004213484999547442,-0.4204620725825059,-0.4213484999547442
2016-11-03,53.47178649902344,54.10519431146739,53.34667281014286,53.84713949773221,10369700,-0.004368338259294502,-0.004377907326317542,-0.4368338259294502,-0.43779073263175416
2016-11-04,52.98696517944336,53.61254558458051,52.89312543395758,53.55780722455558,13571300,-0.009066862196364656,-0.009108216349467891,-0.9066862196364656,-0.9108216349467891
2016-11-07,54.64476776123047,54.71514907323955,53.95662741444198,54.01918725488678,16515100,0.031286988718317144,0.030807525871582916,3.1286988718317144,3.0807525871582917
2016-11-08,54.76206588745117,55.168698883690496,54.1443008875745,54.504011020534065,17531700,0.002146557319691267,0.0021442567571326064,0.21465573196912668,0.21442567571326063
2016-11-09,57.280059814453125,57.98384331254791,55.77083752199741,55.88031429214142,50948400,0.045980623378544916,0.04495484097645165,4.598062337854492,4.495484097645165
2016-11-10,59.93876266479492,60.407949428313,58.0385512014183,58.0385512014183,56192300,0.04641585324725761,0.04537085188055284,4.641585324725761,4.5370851880552845
2016-11-11,59.97005081176758,59.99350925825934,59.25062464515981,59.6650790753063,27574300,0.0005220018829490414,0.0005218656873603149,0.05220018829490414,0.05218656873603149
2016-11-14,62.17523956298828,62.902481296284726,60.407962862476595,60.407962862476595,46130700,0.03677150046349453,0.03611155825918919,3.6771500463494533,3.611155825918919
2016-11-15,62.05790328979492,62.09700465731402,60.822374054976585,61.28374513437148,28126300,-0.0018871865073312177,-0.0018889694873516377,-0.18871865073312177,-0.18889694873516377
2016-11-16,60.52525329589844,61.26813191074529,60.11862035422951,61.166476658345026,26054900,-0.024697095980497297,-0.025007185443233368,-2.4697095980497297,-2.5007185443233366
2016-11-17,61.01008987426758,61.3541630561456,60.68165963667594,60.939714523084454,19306700,0.008010484086681258,0.007978570474732204,0.8010484086681258,0.7978570474732204
2016-11-18,60.76765823364258,61.32286325512937,60.64254455008449,60.96315321160412,19770000,-0.003973631920959564,-0.003981547773028111,-0.3973631920959564,-0.3981547773028111
2016-11-21,61.03354263305664,61.12737641671153,60.43923615042811,60.9944412458444,11983500,0.004375426125386994,0.004365881778759182,0.4375426125386994,0.43658817787591825
2016-11-22,61.40888595581055,61.43234440029407,60.80676400527656,61.26812932287571,14410100,0.00614978758500917,0.006130954813594339,0.614978758500917,0.6130954813594338
2016-11-23,61.66695785522461,61.964108177698115,60.9084361213462,61.67477932756309,13373700,0.0042025171992172705,0.004193711286524614,0.42025171992172705,0.4193711286524614
2016-11-25,61.64347457885742,62.128298279956304,61.36196134839803,61.85460651868549,6185700,-0.0003808080888685339,-0.0003808806146816697,-0.03808080888685339,-0.03808806146816697
2016-11-28,61.24468994140625,61.67478144425339,61.01009349148317,61.135213189051626,13007200,-0.00646921089662178,-0.006490226928561862,-0.646921089662178,-0.6490226928561862
2016-11-29,61.71384811401367,61.90152757289998,61.29939974953043,61.29939974953043,14144100,0.007660389383247201,0.007631197586070267,0.7660389383247201,0.7631197586070267
2016-11-30,62.69135665893555,62.972870032721886,62.323824978379164,62.49586159191926,25351900,0.015839371142696734,0.015715237388284037,1.5839371142696734,1.5715237388284038
2016-12-01,63.958160400390625,64.34132902266741,63.06670346184888,63.06670346184888,23823600,0.020206991983710898,0.020005540025362995,2.02069919837109,2.0005540025362993
2016-12-02,63.809566497802734,63.98942452198673,63.26218288686695,63.96596607666575,16931500,-0.002323298569841037,-0.0023260016154295596,-0.2323298569841037,-0.23260016154295596
2016-12-05,65.1076889038086,65.13114736092896,64.34916697138635,64.35698844577212,18529800,0.020343695738013867,0.020139527144947968,2.0343695738013867,2.013952714494797
2016-12-06,65.44392395019531,65.53775775464659,64.45862724120929,65.37354263082148,16130000,0.0051642909162921136,0.005151001699243925,0.5164290916292114,0.5151001699243924
2016-12-07,65.74105834960938,65.75669532455164,64.78704179521445,65.33443137473698,18996900,0.004540290090798704,0.0045300140660931125,0.4540290090798704,0.45300140660931126
2016-12-08,66.56214904785156,66.85929934159725,65.6394122802852,65.86618722789433,20844900,0.012489769998463407,0.012412416242293053,1.2489769998463407,1.2412416242293052
2016-12-09,66.8514633178711,66.85928478775084,65.79579159337645,66.48393179195786,14567200,0.004346528382242365,0.004337109510818589,0.4346528382242365,0.4337109510818589
2016-12-12,66.25716400146484,67.08606084199768,65.91309091322847,66.74980922377583,14511300,-0.008889847535280215,-0.008929597988885964,-0.8889847535280215,-0.8929597988885963
2016-12-13,66.28062438964844,66.99222306497056,65.54556130359444,66.45266093881288,16669000,0.00035408077808884997,0.00035401810628362854,0.035408077808885,0.035401810628362854
2016-12-14,66.25716400146484,67.34411565817496,65.49864249296205,65.5924762690021,22622600,-0.00035395544926786204,-0.0003540181062835262,-0.035395544926786204,-0.03540181062835262
2016-12-15,67.25028228759766,67.63345083014208,66.39010545154451,66.7810954648445,19438900,0.014988843864655266,0.014877621166996752,1.4988843864655266,1.4877621166996753
2016-12-16,66.42137908935547,67.47705083226016,66.38227770530828,67.47705083226016,23008500,-0.012325646377175925,-0.012402237161145914,-1.2325646377175925,-1.2402237161145915
2016-12-19,66.8045654296875,66.81238690179165,65.83491170000296,66.31192007575866,21685100,0.005769021143275932,0.00575244406591664,0.5769021143275932,0.575244406591664
2016-12-20,67.66475677490234,67.6725782486665,66.89841939503589,67.08609300312042,14587300,0.012876235923130253,0.012794042010897129,1.2876235923130253,1.2794042010897129
2016-12-21,67.83676147460938,67.8836783630403,67.27373494930372,67.58652812625505,11400500,0.0025420131233049315,0.002538787672880603,0.25420131233049315,0.2538787672880603
2016-12-22,67.94625854492188,68.16521204456518,67.41451177463011,67.59436984421448,13924200,0.0016141258505313338,0.0016128245495215289,0.16141258505313338,0.16128245495215288
2016-12-23,68.07137298583984,68.14956980595787,67.56308470602025,68.03227159276335,10759400,0.0018413735148530286,0.0018396802649274944,0.18413735148530286,0.18396802649274943
2016-12-27,68.1339111328125,68.15737554286234,67.8367608985506,68.07135727078034,6946400,0.0009187143468616377,0.0009182925871341144,0.09187143468616377,0.09182925871341144
2016-12-28,67.64128875732422,68.33725067303581,67.52399053158994,68.15739856414076,9455600,-0.0072302083837227915,-0.007256473016109391,-0.7230208383722792,-0.725647301610939
2016-12-29,67.16427612304688,67.77421969925615,66.49959417374279,67.70384434786364,14689000,-0.007052092635146501,-0.007077076167156112,-0.7052092635146501,-0.7077076167156112
2016-12-30,67.47704315185547,67.5786983863605,66.98439798551632,67.32846506862798,13617800,0.004656746813374246,0.004645937711775366,0.4656746813374246,0.46459377117753664
2017-01-03,68.21212005615234,68.62656851392762,67.23464502704687,68.29813236996225,20550700,0.010893733186301713,0.010834823916698565,1.0893733186301713,1.0834823916698564
2017-01-04,68.33793640136719,68.55023662740548,67.9369181976886,68.3772481474247,15266600,0.0018444866559090833,0.0018427876792362343,0.18444866559090833,0.18427876792362344
2017-01-05,67.70889282226562,68.49519978246005,67.04053310590956,68.2593052947833,14300800,-0.009204895731808715,-0.009247522569904024,-0.9204895731808715,-0.9247522569904024
2017-01-06,67.71674346923828,68.10989686745926,67.57520800591693,67.92904366469791,12893300,0.0001159470587306366,0.00011594033738996389,0.01159470587306366,0.011594033738996389
2017-01-09,67.76392364501953,68.22784180062507,67.24495825158444,67.41008796698294,12806600,0.0006967283623537934,0.0006964857598271732,0.06967283623537934,0.06964857598271733
2017-01-10,67.96050262451172,68.33006781114062,67.4022254698972,67.67743167301066,13989000,0.0029009385661014075,0.0028967389637178857,0.29009385661014075,0.2896738963717886
2017-01-11,68.47162628173828,68.47162628173828,67.55164837992602,67.9605254477157,14713100,0.0075208928346301995,0.007492751928529932,0.75208928346302,0.7492751928529933
2017-01-12,67.81110382080078,68.62099894937593,67.63811534692154,68.21998675888725,21337400,-0.009646659453065531,-0.009693489887229192,-0.9646659453065531,-0.9693489887229192
2017-01-13,68.17281341552734,69.32868564698103,67.70103042284424,68.49520215993931,28296000,0.005334076196170212,0.0053199003992469174,0.5334076196170212,0.5319900399246917
2017-01-17,65.69591522216797,67.00904573229185,65.48360909236175,66.78101611092806,30024600,-0.036332638617423196,-0.03700910472522577,-3.6332638617423196,-3.700910472522577
2017-01-18,66.00260925292969,66.23063899505298,65.2870670277449,65.75885001187588,21270100,0.004668388129224654,0.004657525001107584,0.46683881292246543,0.46575250011075836
2017-01-19,65.49934387207031,66.57658010251757,65.35780844045141,66.09693258420039,16555600,-0.007624931598246398,-0.007654150009537513,-0.7624931598246398,-0.7654150009537514
2017-01-20,65.790283203125,65.91609516050616,65.49148880291122,65.60157126609758,18436800,0.00444186634331678,0.004432030370971232,0.44418663433167804,0.4432030370971232
2017-01-23,65.8217544555664,66.04978419230632,65.42860097823126,65.49937172365549,12179200,0.000478357151074027,0.00047824277476573153,0.0478357151074027,0.047824277476573154
2017-01-24,66.61592102050781,66.83608599098376,65.70380214391254,65.98687310568035,15175300,0.012065411679014426,0.011993204822911501,1.2065411679014426,1.19932048229115
2017-01-25,67.64598846435547,67.75607096152568,66.96976398228351,67.49658821860469,17551000,0.015462781690439353,0.015344451135685748,1.5462781690439353,1.5344451135685748
2017-01-26,68.21211242675781,68.36937138143799,67.58306460994798,67.58306460994798,15962800,0.008368921428365983,0.008334096170422065,0.8368921428365983,0.8334096170422065
2017-01-27,68.35364532470703,68.39296306142631,67.83467999542536,68.14134514393821,12535400,0.002074893928863286,0.002072744309429906,0.20748939288632862,0.20727443094299058
2017-01-30,67.64598846435547,68.01555370444666,67.08771122897907,67.77180046057637,13661900,-0.010352876675265965,-0.010406840479851964,-1.0352876675265965,-1.0406840479851964
2017-01-31,66.54515838623047,67.74034837017645,66.12055189185858,67.30787712617371,15655100,-0.016273397774430598,-0.01640726380217285,-1.6273397774430598,-1.6407263802172851
2017-02-01,66.79676055908203,67.7010145829346,66.58446036171239,67.2606846926599,15430900,0.0037809237960071407,0.003773794069282868,0.37809237960071407,0.3773794069282868
2017-02-02,66.5136947631836,66.76531871881124,66.17558857066082,66.31711804713345,11081400,-0.0042377174211624125,-0.004246721993860332,-0.42377174211624125,-0.4246721993860332
2017-02-03,68.55024719238281,68.6524649467409,67.52018690162036,67.77180491154121,17885200,0.030618543090264128,0.030159149269300717,3.0618543090264128,3.015914926930072
2017-02-06,68.22783660888672,68.76252545883995,68.10203064368606,68.2435661039397,11828400,-0.004703273827609489,-0.004714369022788512,-0.4703273827609489,-0.4714369022788512
2017-02-07,68.18851470947266,68.72320347975896,67.99980279026683,68.5187620678438,9392800,-0.0005763322035179375,-0.0005764983467612112,-0.057633220351793746,-0.057649834676121114
2017-02-08,67.59093475341797,67.86614094560123,67.12701660074404,67.76392321680318,13970900,-0.008763645294237121,-0.008802271872329551,-0.8763645294237121,-0.8802271872329551
2017-02-09,68.56596374511719,68.66818748816274,67.59094480536069,67.59094480536069,13749100,0.014425440264382638,0.014322383511331313,1.4425440264382638,1.4322383511331314
2017-02-10,68.40870666503906,68.78613665173681,68.32221241806762,68.78613665173681,10992500,-0.002293515200379903,-0.0022961493347559707,-0.2293515200379903,-0.22961493347559708
2017-02-13,69.31297302246094,69.77689133832799,68.74683094279139,68.75469569363324,18739100,0.013218585783964398,0.013131982624953718,1.3218585783964398,1.3131982624953717
2017-02-14,70.42164611816406,70.53172860748225,69.28150347920604,69.43090371430033,17932100,0.015995174458089734,0.015868599595886726,1.5995174458089734,1.5868599595886725
2017-02-15,71.2315444946289,71.45171548221886,70.25652554577175,70.83053226508646,17381800,0.01150070214356913,0.011435071786143015,1.150070214356913,1.1435071786143014
2017-02-16,71.18435668945312,71.58537485434142,70.58676181615519,71.08213896073633,17672700,-0.0006624565774976388,-0.0006626760988104193,-0.06624565774976388,-0.06626760988104194
2017-02-17,70.9484634399414,71.13717538751786,70.5238570586109,70.62607478041384,15776600,-0.0033138355178345957,-0.003319338431284104,-0.3313835517834596,-0.3319338431284104
2017-02-21,71.56181335449219,71.67189587241991,71.12934203474232,71.16865979073678,14068300,0.008645006316028159,0.00860785222692597,0.8645006316028159,0.860785222692597
2017-02-22,71.6010971069336,71.78981506303919,71.09786122207527,71.17649070426346,11839000,0.000548948532743454,0.0005487979156158334,0.0548948532743454,0.054879791561583346
2017-02-23,71.65614318847656,71.82126691194796,71.176495515945,71.6954609317511,11067000,0.0007687882416209657,0.0007684928753138065,0.07687882416209657,0.07684928753138065
2017-02-24,71.027099609375,71.19222332894066,70.55531669646665,70.9091523813866,15062300,-0.00877864131546957,-0.008817400589710454,-0.8778641315469571,-0.8817400589710453
2017-02-27,71.10572052001953,71.3416149475486,70.78333186899941,71.0192262965285,12361000,0.0011069142774648988,0.0011063020995667285,0.11069142774648988,0.11063020995667286
2017-02-28,71.255126953125,71.41238591919551,70.44522588063131,70.64966733575899,15183500,0.002101187246438263,0.0020989828398898305,0.2101187246438263,0.20989828398898305
2017-03-01,73.59830474853516,73.89710512916656,72.81986280765997,72.96139825136855,24451400,0.03288433963427795,0.03235521836480935,3.288433963427795,3.2355218364809346
2017-03-02,72.4503173828125,73.849942706834,72.36382314377337,73.81063096120884,16862500,-0.015598013699432478,-0.015720942689369157,-1.5598013699432478,-1.5720942689369157
2017-03-03,72.96929168701172,73.21304493627264,72.45032618969277,72.45032618969277,12817500,0.007163175027337321,0.007137641351384583,0.7163175027337321,0.7137641351384583
2017-03-06,72.27732849121094,72.5918524496405,71.63255707600081,72.53681120684375,15059200,-0.009482936997234792,-0.009528186335911385,-0.9482936997234792,-0.9528186335911385
2017-03-07,71.87631225585938,72.41099515639634,71.71904728595568,72.05715947244212,11156800,-0.00554829908247545,-0.005563748064042582,-0.554829908247545,-0.5563748064042582
2017-03-08,71.71903228759766,73.0085747759043,71.63253807200016,72.87490407872414,17378400,-0.0021882030856263945,-0.0021906007002821005,-0.21882030856263945,-0.21906007002821004
2017-03-09,72.00211334228516,72.45030797773977,71.67186592648592,72.02570158640728,13726200,0.003947084137336576,0.0039393148380844475,0.3947084137336576,0.3939314838084447
2017-03-10,71.77408599853516,72.3402278721645,71.18435588001208,72.30091013131164,13729900,-0.0031669534846289205,-0.0031719788947808464,-0.31669534846289205,-0.31719788947808464
2017-03-13,71.8370132446289,72.16726076896863,71.49890096998202,71.79769549213985,10004300,0.0008767404728085015,0.0008763563603750535,0.08767404728085015,0.08763563603750535
2017-03-14,71.95494842529297,72.06503091492868,71.3730769811662,71.56965371252221,10237700,0.0016417049559460661,0.001640358831456325,0.1641704955946066,0.1640358831456325
2017-03-15,72.12794494628906,72.77271645702491,71.65615593922433,72.18298619724042,16601400,0.002404233826610369,0.0024013482805566983,0.2404233826610369,0.24013482805566982
2017-03-16,72.05714416503906,72.97712154712148,72.0021029370267,72.36380329239987,14492000,-0.0009815998681609317,-0.0009820819528134923,-0.09815998681609317,-0.09820819528134922
2017-03-17,71.30229949951172,72.37167720697155,71.27871125581028,72.20655350201676,21734700,-0.0104756394979858,-0.010530895241029011,-1.04756394979858,-1.053089524102901
2017-03-20,70.79122161865234,71.68761116138207,70.60250960940573,70.97993362789897,14623600,-0.007167761551124641,-0.007193573369883011,-0.7167761551124641,-0.7193573369883012
2017-03-21,68.71537780761719,71.2708759130584,68.45589502175491,71.05071088228333,33089200,-0.029323463609903344,-0.029761990401060884,-2.9323463609903344,-2.9761990401060885
2017-03-22,68.82543182373047,69.25003820685279,67.63024815197643,68.32219596203986,21741000,0.0016015922436081187,0.0016003110625214339,0.16015922436081187,0.1600311062521434
2017-03-23,68.71537780761719,69.5881791789378,68.47948327518837,68.57384228796933,16090100,-0.001599031247564775,-0.0016003110625214768,-0.1599031247564775,-0.16003110625214767
2017-03-24,68.63671875,69.26576056727724,68.22783586967743,69.02987213543999,16093200,-0.001144708217095336,-0.0011453638959682355,-0.1144708217095336,-0.11453638959682355
2017-03-27,68.597412109375,68.72322409261078,67.01693956353297,67.25282803353174,16689300,-0.0005726765693472302,-0.0005728406112053787,-0.05726765693472302,-0.05728406112053787
2017-03-28,69.66679382324219,69.99704129893034,68.39298041728908,68.42442741579148,16264400,0.015589242815197135,0.015468978841914232,1.5589242815197135,1.5468978841914232
2017-03-29,69.40728759765625,69.83975866874178,69.25789340868076,69.66677024030757,10207600,-0.003724962946398125,-0.003731917897536253,-0.3724962946398125,-0.3731917897536253
2017-03-30,70.00492095947266,70.34303325632894,69.28938460973556,69.35228461918426,11631000,0.008610527546917046,0.00857366838800652,0.8610527546917046,0.857366838800652
2017-03-31,69.0692138671875,69.77689146809048,68.9984491066208,69.75330321456825,16987600,-0.013366304532032247,-0.013456437645930986,-1.3366304532032247,-1.3456437645930985
2017-04-03,68.81757354736328,69.32867420468504,68.09417267803921,69.18713873033509,19831800,-0.00364330655779721,-0.003649959563342402,-0.364330655779721,-0.3649959563342402
2017-04-04,69.04692077636719,69.33161822588558,68.58033697680469,68.71477576310082,14280800,0.0033326840395797586,0.003327142955833806,0.33326840395797586,0.3327142955833806
2017-04-05,68.16121673583984,70.01965449876198,68.11376312744106,69.92475331548107,17635500,-0.01282756755215786,-0.012910551212979713,-1.282756755215786,-1.2910551212979713
2017-04-06,68.39053344726562,68.73058836299084,67.41781625881433,67.99512103519046,14379600,0.003364328314655829,0.0033586816234890383,0.3364328314655829,0.3358681623489038
2017-04-07,68.15328216552734,68.65149962228828,67.78159354056456,67.9555759636122,13097100,-0.0034690661087066754,-0.0034750972709133537,-0.34690661087066754,-0.3475097270913354
2017-04-10,67.91604614257812,68.55661847004114,67.53645353635589,68.07421475643379,15081600,-0.0034809185326252212,-0.003486991025538024,-0.3480918532625221,-0.3486991025538024
2017-04-11,67.79742431640625,67.84487188177019,67.06195688568802,67.64716564806653,14690500,-0.001746594993513706,-0.0017481220689299535,-0.1746594993513706,-0.17481220689299534
2017-04-12,67.53646087646484,67.97141103642961,67.24385343416698,67.95559719008318,14730600,-0.0038491645158008625,-0.003856591614411267,-0.38491645158008625,-0.3856591614411267
2017-04-13,66.74562072753906,68.79385425987563,66.74562072753906,67.61552688425928,30529800,-0.01170982516203145,-0.011778925126731706,-1.170982516203145,-1.1778925126731705
2017-04-17,67.90023040771484,68.07421286135485,66.72190292649239,66.7772604314219,19071700,0.017298658212933304,0.017150739847791082,1.7298658212933304,1.715073984779108
2017-04-18,67.3466567993164,67.7183394640721,67.01450572911745,67.50481937863731,14127000,-0.008152750072782378,-0.008186165481906541,-0.8152750072782378,-0.8186165481906541
2017-04-19,66.79306030273438,67.94766375937883,66.7139790313094,67.61551879928541,17588500,-0.008220103608582496,-0.008254074953654801,-0.8220103608582496,-0.8254074953654801
2017-04-20,67.65507507324219,67.83696142810025,66.86425014443054,67.20430510516016,15635800,0.012905753480987325,0.012823183900807843,1.2905753480987325,1.2823183900807844
2017-04-21,66.84053039550781,67.7578903471836,66.83262648916033,67.61554159721723,19820600,-0.01203966852231797,-0.012112732366547923,-1.203966852231797,-1.2112732366547923
2017-04-24,69.19717407226562,69.63213015126863,68.34308178995869,68.44589288145836,25468300,0.035257704611455276,0.03465038568723484,3.5257704611455276,3.4650385687234837
2017-04-25,69.79820251464844,70.48621626840385,69.79820251464844,70.0275424437385,18253800,0.008685736815713385,0.008648232813827185,0.8685736815713385,0.8648232813827185
2017-04-26,69.93262481689453,70.42293827740039,69.70328494182792,69.86935739614925,12832200,0.0019258705439855195,0.001924018432878996,0.19258705439855195,0.1924018432878996
2017-04-27,69.28414916992188,69.88517760285434,68.80965557908608,69.88517760285434,13329000,-0.0092728629687584,-0.009316123603553557,-0.92728629687584,-0.9316123603553557
2017-04-28,68.80177307128906,69.47397309574218,68.76222940899122,69.27626685128446,10755600,-0.006962286531797757,-0.006986636334694196,-0.6962286531797757,-0.6986636334694196
2017-05-01,68.84922790527344,69.386989188292,68.45381537462792,69.08647783706732,15712300,0.0006897327185915181,0.000689494962299218,0.06897327185915181,0.0689494962299218
2017-05-02,68.40633392333984,68.70684512573594,68.02673542716964,68.57240637994137,14414200,-0.006432809712012322,-0.006453589394840772,-0.6432809712012322,-0.6453589394840772
2017-05-03,68.80177307128906,68.880854362369,68.02676193826784,68.05839566140297,11540500,0.005780738789369577,0.005764094432541595,0.5780738789369577,0.5764094432541595
2017-05-04,68.8808364868164,69.37905995500392,68.46170032270031,69.34742624007819,11540100,0.0011491479361356305,0.001148488171042825,0.11491479361356305,0.11484881710428249
2017-05-05,68.80177307128906,69.07065066766401,68.34309313610335,68.9994793157468,9436000,-0.0011478289109115858,-0.001148488171042791,-0.11478289109115858,-0.1148488171042791
2017-05-08,68.8808364868164,69.05481890215083,68.52496775255177,68.83338893118491,8162200,0.0011491479361356305,0.001148488171042825,0.11491479361356305,0.11484881710428249
2017-05-09,68.60406494140625,69.4660612474644,68.40635870238202,69.00738735840004,10273900,-0.004018121142636333,-0.004026215481359729,-0.4018121142636333,-0.40262154813597284
2017-05-10,69.14181518554688,69.1813588404855,68.3826240721394,68.43007163125404,8334900,0.007838460368199796,0.007807899235329841,0.7838460368199796,0.780789923532984
2017-05-11,68.92831420898438,69.18137798347813,68.28774181611244,68.87295066334494,10907400,-0.003087870574261853,-0.0030926478836136714,-0.3087870574261853,-0.3092647883613671
2017-05-12,68.73849487304688,68.84130596553342,68.27981500960718,68.54869859743953,8738800,-0.0027538659274617405,-0.0027576647922139905,-0.27538659274617405,-0.2757664792213991
2017-05-15,69.07061767578125,69.18924257249734,68.69102524650523,68.88082146114324,8835600,0.004831685700243726,0.00482005057003412,0.48316857002437263,0.482005057003412
2017-05-16,69.28414916992188,69.66374162918517,69.0706231322621,69.08644300428085,9795000,0.00309149536121045,0.0030867265154746544,0.309149536121045,0.3086726515474654
2017-05-17,66.64280700683594,69.28416512551061,66.40556317353936,69.28416512551061,24679700,-0.03812332538872565,-0.038869033404128804,-3.812332538872565,-3.8869033404128803
2017-05-18,66.39763641357422,67.06193225223478,65.92314283368137,66.48462760713112,23350100,-0.0036788755497134673,-0.003685659255084496,-0.36788755497134673,-0.3685659255084496
2017-05-19,67.04613494873047,67.48899496789817,66.54791742716682,66.59536499107328,13412900,0.009766891868212335,0.00971950408423628,0.9766891868212335,0.971950408423628
2017-05-22,66.98285675048828,67.44944651019077,66.59535429594892,67.36245530132275,11636000,-0.000943800836402775,-0.0009442464968440358,-0.0943800836402775,-0.09442464968440357
2017-05-23,67.82112121582031,68.06627491771269,66.83259043914067,67.02238665887951,11753000,0.012514612036548023,0.012436951535457107,1.2514612036548023,1.2436951535457108
2017-05-24,67.7815933227539,67.98720946146896,67.40990469898553,67.91603209158072,9833800,-0.0005828257091271549,-0.0005829956180521652,-0.05828257091271549,-0.05829956180521652
2017-05-25,67.49688720703125,68.07419189507576,67.28336719192714,68.00301453436526,12238500,-0.0042003455771093545,-0.004209191808769822,-0.42003455771093545,-0.4209191808769822
2017-05-26,67.50482177734375,67.66298436228477,67.23593814272495,67.30711552940951,8113500,0.00011755461089868469,0.0001175477018968643,0.011755461089868469,0.01175477018968643
2017-05-30,66.3501968383789,67.33872776256955,66.25529569759158,67.32290788901469,12603200,-0.017104332824894097,-0.017252301624472624,-1.7104332824894097,-1.7252301624472623
2017-05-31,64.96626281738281,66.28693887256306,64.56294045336146,66.21576753194948,28327900,-0.020858024345687953,-0.021078625868812935,-2.0858024345687953,-2.1078625868812937
2017-06-01,65.6859130859375,65.70173296242244,64.57085313435144,65.21141936114523,17123500,0.011077292079699763,0.011016388233504898,1.1077292079699763,1.10163882335049
2017-06-02,65.3537826538086,65.63057021885957,64.83184125021482,65.07699508875763,14998500,-0.00505634186274273,-0.005069168414480556,-0.505634186274273,-0.5069168414480556
2017-06-05,65.47240447998047,66.04179946278828,65.30633194891422,65.35377951964283,9080200,0.001815072079304647,0.0018134268265122147,0.1815072079304647,0.18134268265122147
2017-06-06,65.60684967041016,65.81246588610333,64.95046338838135,65.0769983006592,12196800,0.002053463462928118,0.002051357988681593,0.2053463462928118,0.2051357988681593
2017-06-07,66.35809326171875,66.51625576397481,65.71752125050247,65.88359368792514,13711100,0.011450688382122154,0.011385625455705812,1.1450688382122154,1.1385625455705812
2017-06-08,67.18058013916016,67.79742869631878,66.34230758482671,66.35812746331366,17951000,0.012394673159120018,0.012318488077913449,1.2394673159120018,1.231848807791345
2017-06-09,68.77013397216797,68.84131135203678,67.5285390953736,67.62344025736026,19120200,0.023660912569006598,0.0233853317090072,2.36609125690066,2.3385331709007198
2017-06-12,68.78595733642578,69.38697995893143,68.71477995294856,68.77013745853502,16053400,0.00023009064173429294,0.00023006417494234903,0.023009064173429294,0.023006417494234904
2017-06-13,69.01529693603516,69.47397689631293,68.78596298941235,69.2367330100947,12557200,0.003334104932024129,0.0033285591276189575,0.3334104932024129,0.33285591276189574
2017-06-14,68.87294006347656,69.04692251294861,67.86859505995434,68.6198763279305,16175700,-0.0020626857939991528,-0.0020648160602255447,-0.20626857939991528,-0.20648160602255447
2017-06-15,68.46170806884766,68.86503043789217,68.20073441631799,68.20864435432294,12509700,-0.005970879045527844,-0.005988776019822527,-0.5970879045527844,-0.5988776019822527
2017-06-16,68.15328216552734,68.77012455014025,68.02674730021471,68.68313333861644,16936600,-0.004505086303282835,-0.004515264786049397,-0.4505086303282835,-0.4515264786049397
2017-06-19,69.64793395996094,69.77446881326583,68.68312682080982,68.77802796078849,15972300,0.021930738284965612,0.021693718726620414,2.193073828496561,2.1693718726620412
2017-06-20,69.21300506591797,69.52933628962609,69.09438613635415,69.39489748044292,11197800,-0.006244677613739369,-0.0062642571675499085,-0.6244677613739369,-0.6264257167549908
2017-06-21,68.89665222167969,69.23670709480783,68.61195483796712,69.18134960539227,10005900,-0.004570713898883416,-0.004581191550745929,-0.4570713898883416,-0.4581191550745929
2017-06-22,68.81756591796875,69.0864494658157,68.52496462690209,68.74639458776787,12180600,-0.0011478976287043752,-0.0011485569678048567,-0.11478976287043752,-0.11485569678048567
2017-06-23,68.69103240966797,69.59257206510298,68.49332623902846,69.32369456911977,18812000,-0.0018386803806983432,-0.0018403728283679288,-0.18386803806983432,-0.18403728283679288
2017-06-26,68.99156188964844,69.33161683455374,68.50125431805134,68.80967554325439,10082400,0.004375090451227193,0.004365547566862751,0.43750904512271926,0.43655475668627514
2017-06-27,69.63211822509766,70.33595173528886,69.19716222059131,69.36323468589909,15415200,0.009284560573853629,0.009241723983139181,0.9284560573853629,0.9241723983139182
2017-06-28,71.03189086914062,71.22959709022302,70.06708354489615,70.06708354489615,17466200,0.020102399291056505,0.01990301371911425,2.0102399291056505,1.990301371911425
2017-06-29,72.08368682861328,73.26992411257231,71.41939081216852,73.02476430443069,27697800,0.014807376610744383,0.014698817745683995,1.4807376610744383,1.4698817745683994
2017-06-30,72.2813949584961,72.75588867795366,72.09159867741606,72.72425495885449,16892700,0.002742758293605041,0.002739003795629955,0.2742758293605041,0.2739003795629955
2017-07-03,73.75245666503906,74.33293689088896,72.68692543224564,72.80619678912419,13208100,0.020351872115744962,0.02014754046928692,2.0351872115744962,2.014754046928692
2017-07-05,74.49200439453125,74.57947414178804,73.64116727124626,74.04670827519095,17535400,0.010027431802726028,0.00997749068505535,1.0027431802726028,0.9977490685055349
2017-07-06,74.25343322753906,75.1519847865523,73.85584576013945,74.38066412912453,16596100,-0.00320264126239167,-0.0032077806940236033,-0.320264126239167,-0.3207780694023603
2017-07-07,74.62715911865234,74.8816148302329,74.13415458998527,74.71462883826155,12817800,0.005033112609999391,0.005020488838916065,0.5033112609999391,0.5020488838916065
2017-07-10,74.10233306884766,74.4919669775591,74.02281074459091,74.34883528727916,13987200,-0.0070326414137009685,-0.007057486991545602,-0.7032641413700969,-0.7057486991545602
2017-07-11,73.81608581542969,74.21367325677096,73.37873720327313,74.21367325677096,13262300,-0.0038628642522229306,-0.003870344381702044,-0.38628642522229306,-0.3870344381702044
2017-07-12,73.56163024902344,73.8160859693443,73.21175135856865,73.6411465241169,13540100,-0.003447156044584787,-0.0034531111764337305,-0.3447156044584787,-0.3453111176433731
2017-07-13,74.0307846069336,74.25343261617166,73.42644996278506,73.70476604103591,12820100,0.006377704739848111,0.00635745324075374,0.6377704739848111,0.635745324075374
2017-07-14,73.35485076904297,73.64111408664843,72.02691075313447,72.20979749862116,22235200,-0.009130442713521036,-0.009172380675549104,-0.9130442713521036,-0.9172380675549103
2017-07-17,72.67103576660156,73.14813950731676,72.55971176265813,73.01296122634304,14374200,-0.009322014771652842,-0.009365736681012923,-0.9322014771652842,-0.9365736681012923
2017-07-18,72.41658020019531,72.82212111075165,71.82019900625497,71.92356956252479,14719400,-0.003501471579729354,-0.0035076160787266106,-0.3501471579729354,-0.3507616078726611
2017-07-19,72.51994323730469,72.85392128197753,72.36091069542435,72.63126722996144,11651200,0.001427339385864812,0.0014263217052722227,0.1427339385864812,0.14263217052722227
2017-07-20,72.51994323730469,72.93343755291771,72.28139442448419,72.4801881351859,11561700,0.0,0.0,0.0,0.0
2017-07-21,72.27342987060547,72.64716295996288,71.9792130399684,72.4086081171002,10971300,-0.003399249305705565,-0.003405039879753891,-0.3399249305705565,-0.3405039879753891
2017-07-24,72.58355712890625,72.79030428229252,72.28934632604758,72.3291014273164,10725100,0.004291027267641967,0.004281847062440673,0.4291027267641967,0.42818470624406735
2017-07-25,73.79222869873047,74.36474949619027,73.3707809311034,73.45030326967247,16447700,0.01665214020411887,0.01651501352531399,1.665214020411887,1.6515013525313988
2017-07-26,73.1004409790039,74.102363218612,72.90164722088268,74.03079431100225,11815500,-0.009374804527871206,-0.009419024594488326,-0.9374804527871206,-0.9419024594488327
2017-07-27,72.79827880859375,73.20381371915519,72.48816102206831,73.02092685361671,12332400,-0.00413352048720117,-0.004142087098000644,-0.413352048720117,-0.4142087098000644
2017-07-28,72.58355712890625,72.9572902677075,72.28934632604758,72.71873539328469,9351900,-0.002949543357365081,-0.0029539018328249996,-0.2949543357365081,-0.29539018328249994
2017-07-31,72.9970474243164,73.44234336095295,72.75849256300276,72.76644600950046,11520300,0.005696748847343169,0.005680583736954442,0.5696748847343169,0.5680583736954442
2017-08-01,73.97509765625,74.06256735419451,73.37871666119258,73.54570261180451,12523700,0.013398490301236299,0.013309524322265363,1.3398490301236299,1.3309524322265363
2017-08-02,74.03873443603516,74.11825071163314,73.56163071574436,73.84789416125943,10165600,0.000860245971973761,0.0008598761724714376,0.0860245971973761,0.08598761724714377
2017-08-03,73.5536880493164,74.0546461190443,73.3469408490953,73.71272062382258,11078800,-0.006551251725376295,-0.006572805362066413,-0.6551251725376295,-0.6572805362066413
2017-08-04,74.47610473632812,75.06453262712326,74.32501952200997,74.34887380496447,14324000,0.012540726528807777,0.012462742921760361,1.2540726528807777,1.2462742921760361
2017-08-07,74.7623291015625,74.89751342296712,74.51582686455167,74.65895856561971,7978300,0.003843170453767808,0.003835804340985524,0.3843170453767808,0.3835804340985524
2017-08-08,74.49200439453125,75.71657478942168,74.42838892985274,74.70669900444044,13745400,-0.0036157876604409056,-0.0036223404210061253,-0.36157876604409056,-0.36223404210061255
2017-08-09,74.37271118164062,74.49198863600394,73.81609115021634,73.93536860457964,11214400,-0.0016014230501680826,-0.0016027066986868163,-0.16014230501680826,-0.16027066986868163
2017-08-10,73.30717468261719,74.00692639829303,73.21175151228293,73.87174812368002,13252300,-0.01432698206229266,-0.014430604188796098,-1.432698206229266,-1.44306041887961
2017-08-11,72.69488525390625,73.68885384269856,72.55175353445203,73.25945868433594,10679500,-0.008352380668902315,-0.008387457252193444,-0.8352380668902315,-0.8387457252193444
2017-08-14,73.54571533203125,73.87173991106737,73.41849051909924,73.45029823900781,10994800,0.011704125746305971,0.01163616225470867,1.1704125746305971,1.1636162254708668
2017-08-15,73.73656463623047,74.39655513426634,73.67294919383828,74.19776142681762,8812700,0.0025949751571197055,0.0025916140225381496,0.25949751571197055,0.25916140225381495
2017-08-16,73.2276382446289,74.13414302154862,73.06065227871527,73.98305788094504,11085400,-0.0069019541948053265,-0.006925882847195377,-0.6901954194805326,-0.6925882847195377
2017-08-17,72.08260345458984,73.12428059692984,71.96332601029299,72.96524804900258,13837500,-0.015636647821603677,-0.015760189745807084,-1.5636647821603677,-1.5760189745807083
2017-08-18,72.1541519165039,72.79029411497368,71.71680946341986,71.81222654649919,13040700,0.0009925898689153723,0.000992097577326933,0.09925898689153723,0.09920975773269329
2017-08-21,72.06668853759766,72.31319684615823,71.69296148490014,72.24162796086576,11502100,-0.0012121738885859656,-0.0012129091656031784,-0.12121738885859656,-0.12129091656031783
2017-08-22,72.80621337890625,72.92549082966538,72.3609173672222,72.4165793686827,9211800,0.010261673684684114,0.01020938015312356,1.0261673684684114,1.020938015312356
2017-08-23,72.8936767578125,73.4264424492159,72.23368017889047,72.25754052032718,8811300,0.0012013175091398764,0.0012005965046401098,0.12013175091398764,0.12005965046401099
2017-08-24,72.77439880371094,73.2515085618352,72.68693515253757,73.100423400649,8623200,-0.0016363278600675102,-0.0016376681067551975,-0.16363278600675102,-0.16376681067551974
2017-08-25,73.068603515625,73.53775974856173,72.99704070384063,73.06065006985955,11794600,0.004042695188834156,0.004034545453851746,0.40426951888341556,0.40345454538517456
2017-08-28,72.8380126953125,73.30716899635264,72.46427955720488,73.28331472229513,7292900,-0.003155812609217157,-0.0031608026870954616,-0.3155812609217157,-0.31608026870954614
2017-08-29,72.44042205810547,72.60740803577633,71.81223324684717,71.92355723196108,10886100,-0.005458559651677852,-0.005473512025519717,-0.5458559651677852,-0.5473512025519717
2017-08-30,72.60742950439453,73.06067902543322,72.51201238419942,72.55972094429698,9165300,0.0023054455170774535,0.002302792055053541,0.23054455170774535,0.23027920550535408
2017-08-31,72.27342987060547,73.03679687438368,72.20186705776767,73.00498915755522,13217400,-0.004600075172318974,-0.004610688077395734,-0.46000751723189737,-0.46106880773957337
2017-09-01,72.91752624511719,73.44234452162048,72.32114514911012,72.55970001419384,9815800,0.008911938670475017,0.008872461715810711,0.8911938670475017,0.8872461715810711
2017-09-05,71.17610931396484,72.44838798202808,70.78646923225858,72.37681908401343,16897300,-0.023882007808362138,-0.02417180623711841,-2.388200780836214,-2.417180623711841
2017-09-06,71.6531982421875,71.97921673970876,71.27946513362016,71.56572853308867,11845700,0.0067029363198003455,0.006680571526378602,0.6702936319800346,0.6680571526378601
2017-09-07,70.3968276977539,71.66910622991753,70.0390014460119,71.65320540244787,14592300,-0.017534046982621287,-0.01768958925659054,-1.7534046982621287,-1.7689589256590539
2017-09-08,70.30936431884766,71.10453923147892,70.1662325919059,70.22189459312196,14242200,-0.0012424335267176012,-0.001243205987138529,-0.12424335267176012,-0.1243205987138529
2017-09-11,71.39873504638672,71.764514670164,70.73078516236198,71.08066396193215,13219000,0.015493963543730116,0.01537515770131437,1.5493963543730116,1.537515770131437
2017-09-12,72.27342987060547,72.55969325536,71.64524111332199,71.70090310109639,14003800,0.012250844831501295,0.012176410537343868,1.2250844831501295,1.2176410537343867
2017-09-13,72.48018646240234,72.75849643762106,71.8201899020962,72.05079132919242,12485400,0.002860755220376765,0.002856671047519765,0.2860755220376765,0.2856671047519765
2017-09-14,72.3370590209961,72.78235500762945,72.15416613122721,72.51994584406215,10562800,-0.0019747112747908746,-0.0019766635876931923,-0.19747112747908746,-0.19766635876931923
2017-09-15,72.85389709472656,72.92545989480332,72.17004647161258,72.42450209416425,18171800,0.007144858814075672,0.007119455241857706,0.7144858814075672,0.7119455241857706
2017-09-18,73.88764953613281,74.0625889831104,73.03681264404425,73.10042809143664,11318700,0.01418939113253126,0.014089663993300213,1.418939113253126,1.4089663993300214
2017-09-19,74.69872283935547,75.03269480017856,73.56957000984998,73.72065516357094,12626100,0.010977116044624147,0.010917304811461375,1.0977116044624147,1.0917304811461375
2017-09-20,75.2235336303711,75.77220617469847,74.51582855533832,74.8259462369054,15311600,0.007025699651441952,0.007001134415181024,0.7025699651441952,0.7001134415181024
2017-09-21,75.56546020507812,75.83582279151912,74.89751628569849,75.11221081215558,10851500,0.004545473447008952,0.0045351739814181126,0.4545473447008952,0.45351739814181125
2017-09-22,75.40644073486328,75.52571818875892,75.08836954670936,75.30306411035885,8358300,-0.002104393591771725,-0.002106610939293686,-0.2104393591771725,-0.21066109392936858
2017-09-25,74.84185791015625,75.4461864187971,74.30908615819035,75.15197561153057,10463400,-0.007487196308497812,-0.0075153660591631205,-0.7487196308497812,-0.751536605916312
2017-09-26,74.50787353515625,74.77028266530995,74.22161013257076,74.5714889727757,9358100,-0.0044625345271482875,-0.004472521356473657,-0.44625345271482875,-0.4472521356473657
2017-09-27,75.68473052978516,76.11412560907159,75.20762690836746,75.51774456562404,15090200,0.015795068880520624,0.015671624953575925,1.5795068880520624,1.5671624953575924
2017-09-28,75.84378814697266,76.24137564084447,75.47006099876427,76.01077416639437,10270400,0.0021015813371352277,0.002099376104187378,0.21015813371352277,0.2099376104187378
2017-09-29,75.9471435546875,75.95509093431738,75.55750355155112,75.78015758192991,11438400,0.001362740578233712,0.0013618128899952273,0.1362740578233712,0.13618128899952273
2017-10-02,77.00473022460938,77.03653794688739,75.9073911061797,76.15389337045602,13797200,0.013925298838399769,0.013829232670623944,1.392529883839977,1.3829232670623943
2017-10-03,77.41027069091797,77.4738861351376,76.9490678203796,76.99678243689566,9633500,0.005266435777720346,0.00525261660212008,0.5266435777720346,0.525261660212008
2017-10-04,76.62303161621094,77.48182171503103,76.55941618666101,77.37049774666932,12166600,-0.010169697995893845,-0.010221762663301902,-1.0169697995893845,-1.02217626633019
2017-10-05,77.65482330322266,77.90277261833575,76.4231010760778,76.78301903694705,14236200,0.013465816546906595,0.013375958217684591,1.3465816546906595,1.3375958217684591
2017-10-06,77.51884460449219,78.09471814759151,77.15892669113776,78.02273700578674,10231900,-0.0017510657155126452,-0.001752600623160483,-0.17510657155126452,-0.1752600623160483
2017-10-09,77.11093139648438,77.63881135569476,76.89497578877108,77.55083034546558,7765100,-0.0052621167161226445,-0.005276010413895788,-0.5262116716122645,-0.5276010413895788
2017-10-10,77.68680572509766,77.72679931592867,76.97496374389509,77.15092578008722,10631500,0.007468128294966236,0.007440379891637697,0.7468128294966236,0.7440379891637697
2017-10-11,77.4548568725586,77.59083142104963,76.8949832099435,77.44686303606785,14283600,-0.0029856917191296573,-0.0029901577884031754,-0.2985691719129657,-0.29901577884031755
2017-10-12,76.7750015258789,77.9827358616761,76.4790709464559,77.82277371615906,18251600,-0.008777439842130197,-0.008816188476391177,-0.8777439842130197,-0.8816188476391177
2017-10-13,76.6710433959961,77.35089181536729,75.95120138047588,76.36711281262802,13190600,-0.001354062231412323,-0.001354979802067636,-0.1354062231412323,-0.1354979802067636
2017-10-16,78.25469207763672,78.34267311007345,77.05495738313535,77.05495738313535,12434000,0.020655107997699762,0.020444683876576112,2.065510799769976,2.044468387657611
2017-10-17,78.07872009277344,78.52661900078293,77.83877076224552,78.43863798640037,10335700,-0.0022487084185149886,-0.002251240560034909,-0.22487084185149886,-0.2251240560034909
2017-10-18,78.37466430664062,78.82256939466376,78.0867275008279,78.50263893240896,10158600,0.003790331264594826,0.003783166059008304,0.3790331264594826,0.3783166059008304
2017-10-19,78.47062683105469,78.54260796450532,77.65480403895984,77.73479121234668,9133900,0.0012244074697227436,0.0012236584942019292,0.12244074697227436,0.12236584942019292
2017-10-20,79.59037780761719,79.89430831024131,78.96651692729353,79.40641585723652,15326600,0.014269683087574814,0.014168829460433296,1.4269683087574814,1.4168829460433296
2017-10-23,79.45439147949219,79.9742775032825,79.37441042248525,79.59036598878383,9238600,-0.001708577492290586,-0.001710038775528474,-0.1708577492290586,-0.1710038775528474
2017-10-24,80.7181396484375,80.93409528622588,79.79034809612729,79.88632295544166,13000800,0.01590532814377532,0.01578016385382365,1.5905328143775321,1.578016385382365
2017-10-25,80.79812622070312,81.14205039499598,80.13427769074188,80.98208821716179,14632700,0.000990936766060324,0.0009904461123342843,0.09909367660603241,0.09904461123342843
2017-10-26,81.37397766113281,81.91785746066878,81.03805351787466,81.0620472277982,13054400,0.007127039541198421,0.007101762225445904,0.7127039541198421,0.7101762225445905
2017-10-27,81.39796447753906,81.7658883390885,80.82209718165088,81.12602765188328,10400400,0.000294772568524726,0.000294729131626943,0.0294772568524726,0.0294729131626943
2017-10-30,81.11006927490234,81.52597463156089,80.6781640378917,80.88611366513776,8839500,-0.003536884546003094,-0.0035431541096629464,-0.3536884546003094,-0.35431541096629465
2017-10-31,80.4701919555664,81.34199609043188,80.43819830353026,81.07805913992277,8690200,-0.00788899978826596,-0.007920282582352849,-0.788899978826596,-0.7920282582352849
2017-11-01,80.7181396484375,81.342000642643,80.56617742046791,80.86210803957458,8418200,0.0030812365031762656,0.0030764992226086606,0.30812365031762656,0.30764992226086607
2017-11-02,81.2540283203125,81.39799672686478,80.11028710991508,80.67816079626957,8731800,0.006639011679518747,0.00661707049977296,0.6639011679518747,0.661707049977296
2017-11-03,81.11006927490234,81.20604414834932,80.56618928409262,80.86211994677602,7103500,-0.0017717157953406337,-0.0017732871400287817,-0.17717157953406337,-0.17732871400287817
2017-11-06,80.60617065429688,81.33401260083888,80.51019578814432,81.05406963545136,8121500,-0.006212528544361495,-0.006231906599320347,-0.6212528544361495,-0.6231906599320347
2017-11-07,78.98252868652344,80.58217483713658,78.58261714887016,80.43020650013527,18822600,-0.02014289916756995,-0.020348533426741887,-2.014289916756995,-2.0348533426741886
2017-11-08,78.09471893310547,78.67859242077773,77.70280736317402,78.59860523730306,18524700,-0.011240584065643544,-0.011304236876736184,-1.1240584065643544,-1.1304236876736184
2017-11-09,78.08671569824219,78.55861443172923,77.4308610957251,77.67881037013291,13697800,-0.00010248112769495332,-0.00010248637924451301,-0.010248112769495332,-0.010248637924451302
2017-11-10,77.99076080322266,78.65460941189464,77.98276086273263,78.23070409842337,9314000,-0.0012288248284169079,-0.0012295804527297496,-0.12288248284169079,-0.12295804527297496
2017-11-13,78.27066802978516,78.42263633065787,77.27888936079462,77.33487671866915,9303100,0.003588979305750417,0.0035825542877706246,0.3588979305750417,0.35825542877706246
2017-11-14,77.79879760742188,78.20670913559375,77.46287333818223,77.85478498562848,11043800,-0.006028700587858982,-0.00604694657326414,-0.6028700587858982,-0.604694657326414
2017-11-15,78.53461456298828,78.97451350822442,76.74300682645122,77.09493086437183,15384100,0.009457947657229848,0.00941350129807223,0.9457947657229848,0.941350129807223
2017-11-16,78.75859069824219,79.23048345251607,78.63061605847298,78.8065781370723,9808000,0.0028519416119916485,0.002847882542167934,0.28519416119916485,0.28478825421679343
2017-11-17,78.49464416503906,78.71059983471167,78.03874520948916,78.23870099880345,9017900,-0.0033513364175651317,-0.0033569647238737652,-0.33513364175651317,-0.33569647238737654
2017-11-20,79.19047546386719,79.3024501936087,78.19069673248575,78.74257044273604,9483200,0.008864697792184462,0.008825637030218153,0.8864697792184462,0.8825637030218153
2017-11-21,79.12649536132812,79.6223878540007,79.11050158512317,79.58239426023985,13389400,-0.0008079267382130606,-0.0008082532869170202,-0.08079267382130606,-0.08082532869170202
2017-11-22,78.89454650878906,79.59838860800826,78.85455291474103,79.20647701543348,7342200,-0.0029313676977588132,-0.0029356725708841913,-0.2931367697758813,-0.29356725708841913
2017-11-24,78.63860321044922,79.10250205092129,78.59061577942303,79.04651468066885,3680000,-0.0032441190128563724,-0.0032493925754062286,-0.32441190128563724,-0.32493925754062286
2017-11-27,78.32665252685547,79.28643751312474,78.32665252685547,78.63058301533577,13076200,-0.003966889935200446,-0.003974778913128982,-0.3966889935200446,-0.39747789131289823
2017-11-28,81.07005310058594,81.34198996918126,78.35865384175754,78.55060963736393,16773000,0.03502512216757703,0.034425699048435274,3.5025122167577027,3.4425699048435274
2017-11-29,82.96563720703125,83.35754874354048,81.54994716970828,81.90987115815395,21105500,0.02338205088003842,0.023112878520996593,2.338205088003842,2.3112878520996594
2017-11-30,83.5975112915039,85.30913841247751,83.21359960434752,83.7734733573532,23945900,0.007616093912421684,0.0075872378900188235,0.7616093912421684,0.7587237890018823
2017-12-01,83.81343841552734,84.23734355591104,81.74189403045749,83.90141941849349,19683500,0.0025829372272878626,0.0025796071779009343,0.25829372272878626,0.25796071779009344
2017-12-04,85.54107666015625,86.70082379687871,85.39710826049986,86.16494379344448,23576600,0.020612902623845075,0.02040333176245774,2.0612902623845075,2.040333176245774
2017-12-05,84.5572738647461,85.90897645290396,83.27755850722357,84.44529915234813,17193900,-0.011500940060863107,-0.011567587369250079,-1.1500940060863107,-1.1567587369250079
2017-12-06,83.92542266845703,84.5892771836983,83.60549226695336,84.42131509589596,15476200,-0.007472464134779755,-0.0075005228608414,-0.7472464134779755,-0.75005228608414
2017-12-07,83.67748260498047,84.13338146080473,82.96564063890688,83.14159656919416,13371800,-0.002954290316249386,-0.0029586628458237447,-0.2954290316249386,-0.29586628458237446
2017-12-08,84.72527313232422,84.73327307305482,83.4535510515009,83.78148149761996,13506900,0.012521774015240128,0.012444024967560814,1.2521774015240128,1.2444024967560814
2017-12-11,84.477294921875,84.82921284018438,84.22934567919383,84.55727598957421,10591200,-0.0029268505285539037,-0.0029311421315280695,-0.29268505285539037,-0.29311421315280695
2017-12-12,85.46109008789062,85.8770014833937,84.41332386450587,85.50908361947359,15508800,0.01164567552648843,0.011578386560365524,1.164567552648843,1.1578386560365523
2017-12-13,84.38932037353516,85.6690358611288,84.36532666160603,85.3411055256579,15020300,-0.012541025550378948,-0.012620327931015004,-1.2541025550378948,-1.2620327931015003
2017-12-14,83.70948028564453,85.14115812296548,83.69348040801599,84.87722116374819,13034200,-0.008055996717137082,-0.008088621594095312,-0.8055996717137082,-0.8088621594095312
2017-12-15,84.89320373535156,85.19713424636333,84.14136824233373,84.61326693545064,29350600,0.014140852931684433,0.01404180373878975,1.4140852931684433,1.404180373878975
2017-12-18,85.549072265625,86.08495224191101,85.16516062076792,85.73303425115296,12713100,0.007725807266245388,0.007696116045003762,0.7725807266245388,0.7696116045003762
2017-12-19,85.18915557861328,85.97297875789481,85.1331682086646,85.86100401799744,12149900,-0.004207137231064251,-0.004216012133606651,-0.4207137231064251,-0.4216012133606651
2017-12-20,84.89320373535156,86.164925343708,84.85321014872375,86.06094445934154,13091500,-0.003474055368334006,-0.0034801039113972303,-0.3474055368334006,-0.34801039113972304
2017-12-21,86.24491119384766,86.43686699553582,85.22913261799441,85.25312633043482,12323700,0.015922446073656893,0.015797013638140206,1.5922446073656893,1.5797013638140207
2017-12-22,85.94097137451172,86.74879424229448,85.42908518756305,86.54083857192012,14573400,-0.003524147861347915,-0.0035303722986165824,-0.3524147861347915,-0.35303722986165825
2017-12-26,85.59703826904297,86.3728674057833,85.10115201005235,85.7410066253676,7403700,-0.0040019690255764795,-0.004009998332802672,-0.40019690255764795,-0.40099983328026717
2017-12-27,85.75704193115234,85.8130293094014,85.31713674336217,85.31713674336217,9496500,0.0018692663361372652,0.0018675214319416225,0.18692663361372652,0.18675214319416225
2017-12-28,86.2129135131836,86.25290099799342,85.70902726899448,85.90098306170968,7440600,0.005315850124555821,0.005301770866724822,0.5315850124555821,0.5301770866724822
2017-12-29,85.5330810546875,86.60484103940026,85.5330810546875,86.45287270341397,8925700,-0.007885506135831166,-0.007916761155533943,-0.7885506135831166,-0.7916761155533943
2018-01-02,86.34088897705078,86.39687634203554,85.42909126034742,86.08494586538256,13578800,0.009444391718413492,0.009400072279191849,0.9444391718413492,0.9400072279191849
2018-01-03,86.42887115478516,86.77279528778732,85.96497845389344,86.26890899615563,11901000,0.0010190094030391172,0.0010184905653944209,0.10190094030391172,0.1018490565394421
2018-01-04,87.66702270507812,88.46297065511803,86.99166828235218,87.12030955675849,12953700,0.014325670736524687,0.014224027899943223,1.4325670736524687,1.4224027899943223
2018-01-05,87.10425567626953,88.07708877334643,86.65402333206944,87.84393098539834,14155000,-0.006419369695054078,-0.0064400624525376695,-0.6419369695054078,-0.6440062452537669
2018-01-08,87.23284912109375,87.37756745715964,86.58965515325593,86.95145406039681,12466500,0.0014763164420135144,0.0014752277582578022,0.14763164420135144,0.14752277582578022
2018-01-09,87.67506408691406,88.14137337052277,87.22482576163338,87.4097460596162,13292300,0.005069362863597826,0.005056556904146247,0.5069362863597826,0.5056556904146247
2018-01-10,88.63985443115234,89.00164730177956,87.94842287639257,88.01274351728973,15834500,0.011004158985066237,0.010944053763865305,1.1004158985066237,1.0944053763865305
2018-01-11,89.11419677734375,89.18655902487522,88.47905044498002,88.97752002906059,13676800,0.005351343921258689,0.005337076358167327,0.5351343921258689,0.5337076358167328
2018-01-12,90.58550262451172,90.73022099126331,89.11420025152955,89.76543596888847,18884200,0.016510341790366923,0.016375527955186063,1.6510341790366923,1.6375527955186062
2018-01-16,90.2638931274414,91.19652383657885,89.29910823808444,89.6528655600266,22703300,-0.00355034180693814,-0.0035566592275117557,-0.355034180693814,-0.3556659227511756
2018-01-17,90.84278869628906,91.09202965849464,89.49208584100809,89.95840130943998,14940300,0.006413368056597424,0.006392889920928892,0.6413368056597424,0.6392889920928891
2018-01-18,91.05986022949219,91.42969469486145,90.26390614037328,90.65786544531426,14572900,0.0023895296073401795,0.0023866792212862155,0.23895296073401795,0.23866792212862156
2018-01-19,90.85885620117188,91.92815758717983,90.69001914022326,91.60656669048902,18785500,-0.0022073834487965627,-0.002209823310776783,-0.22073834487965627,-0.22098233107767828
2018-01-22,91.92012023925781,91.96835764598985,90.44881799440017,90.577459257623,12475700,0.011680358772469868,0.01161266995849009,1.1680358772469868,1.161266995849009
2018-01-23,91.82364654541016,92.16936230018987,91.13221503585072,91.38949144866677,12320800,-0.001049538377414505,-0.0010500895284872203,-0.1049538377414505,-0.10500895284872203
2018-01-24,92.99746704101562,93.26278505686066,92.18544203584624,92.34623748753536,15904500,0.01278342278668898,0.012702404567156617,1.278342278668898,1.2702404567156618
2018-01-25,93.02159881591797,93.39947492783175,92.5231291652693,93.29495848294344,13510000,0.0002594885180227102,0.00025945485670024265,0.025948851802271022,0.025945485670024266
2018-01-26,93.52005767822266,93.52005767822266,92.4266314758827,93.02158198381815,13883900,0.005358528219785885,0.0053442223901501275,0.5358528219785885,0.5344222390150127
2018-01-29,93.42359161376953,94.34818090577079,93.27887323646539,93.27887323646539,11679900,-0.001031501336162921,-0.0010320336997868527,-0.1031501336162921,-0.10320336997868527
2018-01-30,92.5472640991211,93.74520715423567,92.44274763590815,92.8849383346908,14279100,-0.009380152266799335,-0.009424422956439044,-0.9380152266799335,-0.9424422956439045
2018-01-31,92.99746704101562,93.79342108855073,92.58743679902236,92.98138994942803,13141400,0.004864573213232415,0.004852779409375647,0.4864573213232415,0.4852779409375647
2018-02-01,93.96224212646484,94.0587169274419,92.84469736616403,93.07784889116009,13800600,0.010374208203151492,0.010320765405253783,1.0374208203151492,1.0320765405253782
2018-02-02,91.87993621826172,94.00246840349212,91.7271762219002,93.65675260864262,16477300,-0.022161092169347363,-0.022410338434054718,-2.2161092169347363,-2.241033843405472
2018-02-05,87.47405242919922,92.12914583057491,83.59882362232864,90.85080558129462,30097600,-0.0479526213274275,-0.04914047791592693,-4.79526213274275,-4.914047791592694
2018-02-06,90.13529205322266,90.43277047122373,85.71334839437168,85.90630421834139,33114800,0.030423188935683854,0.02996958090478898,3.0423188935683854,2.996958090478898
2018-02-07,90.74629211425781,92.0165907930361,89.3634292683939,89.68502627761038,21878300,0.006778699520653575,0.006755827440850711,0.6778699520653575,0.6755827440850711
2018-02-08,86.73439025878906,90.93925829516347,86.70222994078398,90.93925829516347,27425800,-0.04421009125549069,-0.04521715080916351,-4.4210091255490696,-4.521715080916351
2018-02-09,88.47100830078125,89.28303944068324,85.4078101653045,87.71525618241978,28188000,0.020022254572962916,0.01982444526695323,2.0022254572962916,1.982444526695323
2018-02-12,89.83778381347656,90.63373782429962,88.49512283854507,89.37951004995102,18043300,0.015448851990570667,0.015330733453795613,1.5448851990570667,1.5330733453795613
2018-02-13,90.3925552368164,90.89103102055093,89.08205433522866,89.50012624800776,16358200,0.006175257222414077,0.006156268455117599,0.6175257222414077,0.61562684551176
2018-02-14,92.48292541503906,92.67588120718293,90.4729513561746,90.55334909173837,15186900,0.023125468383388137,0.022862126939993805,2.3125468383388137,2.2862126939993805
2018-02-15,92.86883544921875,93.25474700157575,91.83168818458483,93.05374961232003,12130200,0.004172770621688526,0.004164088757596572,0.41727706216885263,0.41640887575965724
2018-02-16,92.2015380859375,93.31908326664079,92.05681969607893,92.0970216342442,13214300,-0.007185374512918674,-0.007211313645975793,-0.7185374512918674,-0.7211313645975793
2018-02-20,92.22562408447266,92.77233712625628,91.63067364116331,92.17738668294693,13461500,0.00026123206873962523,0.0002611979535839421,0.026123206873962523,0.026119795358394208
2018-02-21,92.61154174804688,94.42855339128091,92.19346382142581,92.4587817978639,14212500,0.004184495007816258,0.004175764355687124,0.4184495007816258,0.4175764355687124
2018-02-22,92.4427261352539,93.60850859194073,92.26584744329782,92.86079802482426,17070400,-0.001822835573261905,-0.0018244989597195043,-0.1822835573261905,-0.18244989597195044
2018-02-23,94.3160171508789,94.38033779043981,92.70803796557938,92.70803796557938,12162500,0.02026434197628668,0.02006175252061975,2.026434197628668,2.006175252061975
2018-02-26,95.4898452758789,95.59436785309326,94.32406277060318,94.98333401921951,16511200,0.012445692263724384,0.012368881289631655,1.2445692263724384,1.2368881289631655
2018-02-27,94.35621643066406,95.94007686507634,94.34817481745664,95.60240271780822,17563300,-0.011871721458336038,-0.011942753081677027,-1.1871721458336038,-1.1942753081677027
2018-02-28,92.86077880859375,95.2647054775606,92.73213755599025,94.72603403367667,17735600,-0.015848851073518855,-0.015975787093571652,-1.5848851073518855,-1.5975787093571652
2018-03-01,91.19654083251953,93.77734671977917,90.56942992417002,92.84472197078486,18690000,-0.017921861063695976,-0.01808440257506042,-1.7921861063695976,-1.8084402575060419
2018-03-02,91.10810852050781,91.30106432244825,89.33933371248608,90.36039788728999,18353700,-0.0009696893237882698,-0.0009701597766339274,-0.09696893237882698,-0.09701597766339273
2018-03-05,92.50702667236328,93.20649972112733,89.95838151863266,90.08702277843183,13933000,0.015354485726597922,0.015237798542484367,1.5354485726597922,1.5237798542484366
2018-03-06,92.58743286132812,93.11806273649748,91.91207849825898,92.97334438255075,10674400,0.0008691900697406219,0.0008688125427978957,0.08691900697406219,0.08688125427978957
2018-03-07,92.2417221069336,92.5391943093387,90.93925685119926,91.45380966320343,13006500,-0.0037338842185236087,-0.003740872565411343,-0.3733884218523609,-0.3740872565411343
2018-03-08,92.24976348876953,92.64372280282018,91.01966040217351,92.54724184416321,11173700,8.717727349694115e-05,8.717347377926506e-05,0.008717727349694115,0.008717347377926506
2018-03-09,94.90290069580078,94.93506100488744,92.99744378659075,93.70495831859368,15366600,0.02876036866321341,0.02835455185333345,2.876036866321341,2.835455185333345
2018-03-12,94.597412109375,95.47375776264607,94.26777345406529,94.87076560835568,12339300,-0.003218959422589096,-0.0032241514173454422,-0.3218959422589096,-0.3224151417345442
2018-03-13,93.46379852294922,95.24865656004599,93.12612433591858,95.03157591555889,13312300,-0.011983558124349925,-0.012055939798194092,-1.1983558124349925,-1.2055939798194093
2018-03-14,92.41859436035156,93.73713670369227,92.13719925060568,93.71301799913596,12905100,-0.011182983990758899,-0.011245983679569667,-1.11829839907589,-1.1245983679569667
2018-03-15,92.65172576904297,93.26275935820664,92.32209334372483,93.15824295680363,8748000,0.002522559559631432,0.002519383246769698,0.2522559559631432,0.2519383246769698
2018-03-16,92.81256866455078,93.74519348402443,92.73216479108301,92.73216479108301,19888900,0.001735994598835111,0.0017344895018532461,0.1735994598835111,0.1734489501853246
2018-03-19,92.08092498779297,92.82059392419806,91.09202124615332,92.53919879990849,13214900,-0.00788302368186966,-0.007914258973708071,-0.7883023681869661,-0.7914258973708072
2018-03-20,92.16934204101562,92.82057147601121,92.01658209593678,92.3542622973717,9921200,0.0009602103066881362,0.0009597495996651026,0.09602103066881362,0.09597495996651026
2018-03-21,92.24976348876953,93.7693033173827,91.82364998912033,92.30604251449766,13633000,0.0008725401090323714,0.0008721596671958604,0.08725401090323714,0.08721596671958604
2018-03-22,88.39865112304688,91.33321429212677,88.06901858767851,91.01161723604407,22550400,-0.0417465825393849,-0.04264300837185487,-4.174658253938491,-4.264300837185487
2018-03-23,86.03491973876953,89.17851555353529,85.8339223599702,88.6559211418664,23081500,-0.0267394508202069,-0.02710345342388988,-2.67394508202069,-2.710345342388988
2018-03-26,88.68810272216797,89.37149888109745,87.35348299661132,87.78763817498411,20217500,0.030838443174636243,0.030372493604565867,3.0838443174636243,3.0372493604565864
2018-03-27,86.96754455566406,89.79759108966928,86.26807760181386,89.29911538105559,18039900,-0.019400101182611595,-0.019590752949398237,-1.9400101182611595,-1.9590752949398236
2018-03-28,86.83087158203125,87.77153788535442,85.74548691404657,87.05598767507063,19189300,-0.0015715399846126799,-0.001572776148865085,-0.15715399846126799,-0.15727761488650852
2018-03-29,88.41471862792969,89.06594810358139,86.65397981277943,87.23285318400431,13274600,0.01824059826927038,0.01807623427937383,1.824059826927038,1.807623427937383
2018-04-02,86.71027374267578,89.02576762586612,85.28721490525973,88.40669222305895,18822500,-0.019277840971553828,-0.01946608172497892,-1.9277840971553828,-1.946608172497892
2018-04-03,87.90016174316406,88.0368384677234,86.2359039462556,87.12029105110437,14050700,0.01372257229886542,0.013629270396014454,1.372257229886542,1.3629270396014455
2018-04-04,89.23479461669922,89.4116732915593,86.04295525841475,86.1072758918099,15302600,0.015183508733861428,0.01506939293411159,1.5183508733861428,1.506939293411159
2018-04-05,90.40648651123047,91.17415345922996,90.01053561429694,90.2044698667662,16627000,0.013130437511109427,0.013044980561738334,1.3130437511109427,1.3044980561738333
2018-04-06,88.15198516845703,90.13983449135415,87.12574326725812,89.33176786629517,18906000,-0.02493738480250951,-0.02525358933097687,-2.493738480250951,-2.525358933097687
2018-04-09,89.2105484008789,91.2953615806116,88.7984327339414,88.8954029394145,15974300,0.01200838790412928,0.011936859273740344,1.200838790412928,1.1936859273740343
2018-04-10,90.91558074951172,91.20648523745814,90.03478489293525,90.60851147609088,13951400,0.019112452273816638,0.01893210367082189,1.9112452273816638,1.893210367082189
2018-04-11,89.38832092285156,90.34991589221995,89.30750933856895,90.22871084591264,14503300,-0.01679865886649312,-0.016941356681703164,-1.6798658866493121,-1.6941356681703164
2018-04-12,91.61051177978516,92.4347369912271,90.09942503290625,90.14790705562083,16435500,0.02485996866247775,0.024555987318517984,2.485996866247775,2.4555987318517984
2018-04-13,89.12974548339844,93.04886713011715,88.11966226697307,92.94381452997135,39152800,-0.027079493916047803,-0.027452899944686606,-2.7079493916047803,-2.7452899944686604
2018-04-16,89.05702209472656,90.0751877695096,88.71763559148525,89.64691344422044,16580500,-0.0008159272561304443,-0.0008162603059493659,-0.08159272561304443,-0.08162603059493659
2018-04-17,89.05702209472656,90.43881528511685,88.87924645063089,89.99438233993678,15501400,0.0,0.0,0.0,0.0
2018-04-18,88.33785247802734,89.75196922032612,87.9903835461744,89.31561245718105,16081400,-0.008075383611348075,-0.008108166128465556,-0.8075383611348075,-0.8108166128465556
2018-04-19,90.27720642089844,90.39841765046572,88.4832974854685,88.50753849837011,17911000,0.021953827136034,0.021716311833354516,2.1953827136034,2.171631183335452
2018-04-20,90.07518768310547,91.10142958432,89.59842516848269,90.74588446152882,15584400,-0.002237760181136972,-0.002240267707978683,-0.22377601811369718,-0.22402677079786829
2018-04-23,89.6388168334961,90.46304194849724,89.39639441817087,90.15597889880233,11285800,-0.0048445177948956974,-0.0048562905086989095,-0.48445177948956974,-0.48562905086989094
2018-04-24,89.2186279296875,91.23071184948552,88.55600746113844,90.30143411329453,16453100,-0.004687577532276999,-0.004698598678978388,-0.46875775322769986,-0.46985986789783885
2018-04-25,88.8792495727539,89.31560630584626,87.75603741657626,89.10550724952935,13548200,-0.003803895720084993,-0.0038111489308904753,-0.3803895720084993,-0.3811148930890475
2018-04-26,88.96812438964844,89.54993328203703,88.35399209600955,88.86307795937877,10299500,0.0009999501269617461,0.000999450509867253,0.09999501269617461,0.0999450509867253
2018-04-27,88.40250396728516,89.01663642547682,88.18432249164994,88.52371521318695,9384000,-0.006357562624182855,-0.006377857990546107,-0.6357562624182855,-0.6377857990546106
2018-04-30,87.90149688720703,89.12976175504683,87.87725587199674,88.68532259265878,13744900,-0.005667340376054653,-0.005683460684559126,-0.5667340376054653,-0.5683460684559126
2018-05-01,87.90149688720703,88.05503153695196,86.89949587980286,87.6348333897742,10503400,0.0,0.0,0.0,0.0
2018-05-02,87.20653533935547,88.47519949977485,87.05300689635034,87.36006994741874,12162100,-0.007906140082498458,-0.0079375593208362,-0.7906140082498458,-0.7937559320836199
2018-05-03,86.65707397460938,87.08534835300247,84.99245849178044,86.93989609571237,15379100,-0.006300690224739669,-0.006320623345784842,-0.6300690224739669,-0.6320623345784842
2018-05-04,87.61865234375,87.86915099022599,85.63889185083194,86.00251931604276,11967900,0.011096363228492612,0.011035250262236557,1.1096363228492612,1.1035250262236558
2018-05-07,88.37825775146484,88.62875645721329,87.56210865314092,87.88533656817552,9356700,0.008669448655004741,0.008632084779186278,0.8669448655004741,0.8632084779186278
2018-05-08,89.68730163574219,89.97012368569914,88.30550862161687,88.50752525230872,12543200,0.014811831751182503,0.014703207870116966,1.4811831751182503,1.4703207870116966
2018-05-09,91.64280700683594,91.82865881347247,89.7196051630132,90.05091532318859,11368100,0.021803592430909235,0.021569293695138093,2.1803592430909235,2.156929369513809
2018-05-10,92.35392761230469,92.47513882896216,91.10950437373445,91.46505563191411,9159700,0.007759699082719118,0.007729747461722129,0.7759699082719118,0.7729747461722128
2018-05-11,92.00645446777344,92.70947455965072,91.85291985614248,92.51553415599322,10253000,-0.0037624078749516343,-0.0037695035348964067,-0.37624078749516343,-0.3769503534896407
2018-05-14,92.03881072998047,92.68526047780611,91.90951708137905,92.20850401997447,8710700,0.0003516738297786315,0.0003516120070312261,0.03516738297786315,0.035161200703122605
2018-05-15,91.33576202392578,92.0468645402887,90.96405214721725,92.0468645402887,11536200,-0.007638611369254478,-0.007667934984323284,-0.7638611369254478,-0.7667934984323284
2018-05-16,91.58627319335938,91.86910145921144,91.01254659887731,91.22264565877731,7571100,0.0027427500891488155,0.0027389956136149854,0.27427500891488155,0.2738995613614985
2018-05-17,91.27922058105469,91.64285432253399,90.66508811648927,91.47315487747424,8617200,-0.0033526051623088415,-0.003358237735715986,-0.33526051623088415,-0.3358237735715986
2018-05-18,89.80045318603516,91.1499293060808,89.56611309530939,91.10952350369158,11806300,-0.016200482274127292,-0.016333144836638114,-1.6200482274127292,-1.6333144836638114
2018-05-21,90.62467956542969,90.93982507801755,90.43882151605399,90.54387413028964,9441900,0.009178421156595062,0.009136555428335764,0.9178421156595062,0.9136555428335764
2018-05-22,91.3196029663086,92.35392716870835,90.73779406119411,90.7862760816008,11507600,0.007668147398824043,0.007638896594381109,0.7668147398824043,0.7638896594381108
2018-05-23,90.89939880371094,91.12565643716455,89.79235164501887,90.9155635861337,11453900,-0.00460146725290389,-0.004612086592227429,-0.460146725290389,-0.4612086592227429
2018-05-24,89.88124084472656,90.62466055617195,88.98428652317854,90.61657816483543,14084800,-0.011200931715544038,-0.011264134548111012,-1.1200931715544038,-1.1264134548111011
2018-05-25,89.420654296875,89.76004079450476,89.04893822987975,89.25903727534251,8283500,-0.0051243901788944335,-0.005137564893772921,-0.5124390178894433,-0.5137564893772921
2018-05-29,85.5984878540039,88.24086269708674,84.81466233272079,88.22470407909647,30643800,-0.04274366445789546,-0.04368407016441579,-4.274366445789546,-4.368407016441579
2018-05-30,87.55400085449219,87.75601747213756,86.18029032052684,86.98027440018629,17490800,0.02284518160909088,0.022588137891273372,2.284518160909088,2.258813789127337
2018-05-31,86.4712142944336,87.42473319191436,85.99445176316357,87.23079275628284,19808200,-0.012367071173116306,-0.01244417979590913,-1.2367071173116306,-1.244417979590913
2018-06-01,87.59442901611328,88.030785761482,87.10959024294566,87.54594082325488,13594200,0.012989463960285663,0.012905824383519192,1.2989463960285663,1.290582438351919
2018-06-04,87.63482666015625,88.28936484587015,87.48937441500419,88.0711833956124,9415400,0.00046118964980679245,0.0004610833345466571,0.046118964980679245,0.04610833345466571
2018-06-05,87.14189147949219,87.52168373431954,86.51968296513516,87.46511932392345,10415200,-0.005624877682198659,-0.005640756880362225,-0.5624877682198659,-0.5640756880362225
2018-06-06,89.17823028564453,89.48529337359129,87.6590673001927,87.80451953449567,15453600,0.02336808131633883,0.02309922803823364,2.336808131633883,2.309922803823364
2018-06-07,89.53379821777344,90.09944247581282,88.91158336887008,89.84086136284338,13444400,0.003987160666790501,0.0039792330072804276,0.39871606667905013,0.3979233007280428
2018-06-08,89.78429412841797,89.80853514370993,88.93582160284068,89.38834316017649,10383200,0.002797780454206311,0.0027938739511336966,0.2797780454206311,0.2793873951133697
2018-06-11,89.55802917480469,90.43074264495223,89.50954098309026,89.79236924540315,12642900,-0.0025200950323188698,-0.0025232758168481327,-0.252009503231887,-0.2523275816848133
2018-06-12,89.04086303710938,90.12366935119212,88.49945371500894,89.808523861866,15294100,-0.00577464848724929,-0.005791386237344441,-0.577464848724929,-0.5791386237344441
2018-06-13,88.86307525634766,90.05901024093887,88.54792981006632,89.25902612076761,14979700,-0.0019966987593956764,-0.0019986948198270644,-0.19966987593956764,-0.19986948198270643
2018-06-14,87.29544067382812,89.17823747944769,87.09342400794773,89.1135906667517,20487300,-0.017641012062628914,-0.01779846926710315,-1.7641012062628914,-1.779846926710315
2018-06-15,87.19037628173828,87.57824474796551,85.8732239456523,87.10957086502913,26028600,-0.001203549592955322,-0.0012042744404182882,-0.1203549592955322,-0.12042744404182881
2018-06-18,87.4166488647461,87.59442451094473,86.21263130420878,86.67322903978744,9786800,0.0025951554822594147,0.002591793880933574,0.2595155482259415,0.2591793880933574
2018-06-19,86.90755462646484,87.17421188628282,86.13988775167525,86.38231016793684,12707200,-0.005823767496154431,-0.0058407917591564995,-0.5823767496154431,-0.58407917591565
2018-06-20,86.89948272705078,87.788354752231,86.81867730022692,87.41664485679415,8876900,-9.287914553290921e-05,-9.288345906784037e-05,-0.009287914553290921,-0.009288345906784037
2018-06-21,86.875244140625,87.44088830924082,86.0833361395038,86.54393386682213,11048700,-0.0002789267054893463,-0.0002789656127778866,-0.02789267054893463,-0.02789656127778866
2018-06-22,85.45304107666016,87.57017774166854,85.25910682312816,87.4004844991957,19478900,-0.016370636745063116,-0.01650611624414865,-1.6370636745063116,-1.650611624414865
2018-06-25,84.67729949951172,85.4126368974728,84.00660274391176,85.38031965882168,16907600,-0.009077986779341352,-0.009119442783418993,-0.9077986779341352,-0.9119442783418993
2018-06-26,84.73389434814453,85.01671652586307,83.31977729449066,84.61268308196198,17086800,0.0006683591584439874,0.000668135905931352,0.06683591584439874,0.0668135905931352
2018-06-27,83.4248046875,85.59042369803846,83.41672845931336,84.58842271258327,16276800,-0.015449421635997274,-0.01557000755118048,-1.5449421635997274,-1.557000755118048
2018-06-28,84.79041290283203,85.21868713521438,83.64296002266465,83.78032983964432,14491300,0.016369330685848782,0.01623679755549395,1.6369330685848782,1.623679755549395
2018-06-29,84.20053100585938,86.38231436299505,84.16013137789258,86.2045387377775,18972400,-0.006956940965114122,-0.006981253304197496,-0.6956940965114122,-0.6981253304197496
2018-07-02,84.9116439819336,84.91972020948822,83.53792699536531,83.81267285870264,11130000,0.008445469019960683,0.008410005576854295,0.8445469019960683,0.8410005576854295
2018-07-03,83.72379302978516,85.47729632581388,83.6510638194343,85.17831558620425,8311700,-0.01398925867459555,-0.014088030599686484,-1.398925867459555,-1.4088030599686485
2018-07-05,84.26812744140625,84.80434638800355,84.1137584695767,84.60123192972735,10723400,0.006501549821416264,0.006480505909157754,0.6501549821416264,0.6480505909157754
2018-07-06,84.54438018798828,84.90186370290905,83.03320776399406,83.78067385869774,12173700,0.0032782589926911854,0.00327289721667754,0.32782589926911854,0.327289721667754
2018-07-09,87.16047668457031,87.3067193447214,85.07246026931186,85.07246026931186,13900800,0.0309434700540121,0.030474373322098392,3.09434700540121,3.047437332209839
2018-07-10,86.624267578125,88.07044171594634,86.55114314045514,87.76170373243697,14575900,-0.006151975377392982,-0.006170976748644283,-0.6151975377392982,-0.6170976748644282
2018-07-11,86.43740844726562,86.98175383424079,86.2911657553926,86.37241031786365,10186500,-0.0021571222023996084,-0.002159452141743249,-0.21571222023996084,-0.2159452141743249
2018-07-12,86.8111343383789,87.38797876310961,86.09617354404278,87.27423514125074,12456800,0.004323659140489822,0.004314338981444889,0.43236591404898217,0.4314338981444889
2018-07-13,86.41302490234375,87.58296629116096,85.42182524776939,87.17673733099521,21289100,-0.00458592597676899,-0.004596473594718408,-0.45859259767689897,-0.4596473594718408
2018-07-16,89.84158325195312,89.99594601590812,86.91673646895349,86.97360826589711,24662600,0.03967640704030462,0.038909517660356156,3.9676407040304618,3.8909517660356157
2018-07-17,89.7765884399414,90.1259455478764,89.16724507948932,89.93095740812886,14821900,-0.0007234379633476173,-0.0007236997708663042,-0.07234379633476173,-0.07236997708663043
2018-07-18,90.61341094970703,91.09276424061275,89.53284066547609,89.71158236043888,14244900,0.009321166289643967,0.00927799229973732,0.9321166289643967,0.9277992299737321
2018-07-19,89.28099822998047,90.25594523159165,89.15100818909451,90.23157248633565,16775300,-0.014704365565336608,-0.014813546360100023,-1.4704365565336608,-1.4813546360100023
2018-07-20,90.41030883789062,90.78403870622755,89.19162205909399,89.37036377842067,13578100,0.01264894692374674,0.012569617252061955,1.264894692374674,1.2569617252061955
2018-07-23,92.09207916259766,92.81516602055541,90.1259330139611,90.23155028360245,18140000,0.018601532793373288,0.018430640271253518,1.8601532793373288,1.8430640271253518
2018-07-24,92.7420654296875,93.25391164708563,92.14896846790359,92.25459195618048,14000400,0.007058004043346999,0.007033212915045311,0.7058004043346999,0.703321291504531
2018-07-25,93.57890319824219,93.85513591491977,92.11647646711971,92.52270542592461,13329100,0.009023281557052787,0.008982814997298319,0.9023281557052787,0.8982814997298318
2018-07-26,93.3107681274414,93.91198510609517,93.09140726987872,93.77386878101642,11897800,-0.002865336754725001,-0.0028694496905937294,-0.2865336754725001,-0.28694496905937295
2018-07-27,94.26949310302734,94.48886021643186,93.27829343164305,93.57890509874616,12802700,0.010274537385401628,0.010222113110491222,1.0274537385401628,1.0222113110491222
2018-07-30,94.83821868896484,95.55317944939718,94.29386715466795,94.47260889441658,13411600,0.006032975963029097,0.0060148504276236305,0.6032975963029097,0.601485042762363
2018-07-31,93.39202880859375,95.12256802268037,93.2864115179581,95.12256802268037,15843800,-0.01524901986101268,-0.0153664818140367,-1.524901986101268,-1.53664818140367
2018-08-01,93.9688720703125,94.80570261207076,93.66013413940752,94.04199029696193,13531600,0.006176579190724896,0.006157582309173236,0.6176579190724896,0.6157582309173235
2018-08-02,94.36699676513672,94.44824132441295,92.88832347148411,93.08331165345957,11058100,0.004236772093276997,0.004227822244466603,0.4236772093276997,0.4227822244466603
2018-08-03,95.13068389892578,95.16318295580267,94.19636235760085,94.24510784363552,11016100,0.008092735383852023,0.008060164806234735,0.8092735383852023,0.8060164806234735
2018-08-06,95.15508270263672,95.48818725767288,94.39137020302014,94.88697007635908,9857400,0.00025647669827399966,0.0002564438137482438,0.025647669827399966,0.025644381374824377
2018-08-07,95.50440216064453,96.10561910445308,95.32566048040304,95.65876490384935,10562100,0.0036710541159366006,0.0036643322426597224,0.36710541159366006,0.36643322426597225
2018-08-08,95.69940948486328,96.08938577592119,95.28505425187304,95.32567962319887,8997100,0.0020418673883821903,0.002039785610494243,0.20418673883821903,0.2039785610494243
2018-08-09,94.9600830078125,95.64255090937603,94.81384032880334,95.4719354836257,9694200,-0.007725507200415094,-0.007755503522239185,-0.7725507200415094,-0.7755503522239184
2018-08-10,94.02574920654297,94.20448472579835,93.17266598916682,93.83888117467225,12630600,-0.009839226880126728,-0.009887951947700457,-0.9839226880126728,-0.9887951947700457
2018-08-13,92.53080749511719,94.14759659192079,92.47393570372893,93.88761037435157,10336300,-0.01589927997427487,-0.01602702941835999,-1.5899279974274871,-1.602702941835999
2018-08-14,93.14827728271484,93.46513529234043,92.33581957627783,92.83953938719013,10597600,0.006673126543613517,0.006650959794383922,0.6673126543613517,0.6650959794383922
2018-08-15,92.37645721435547,92.88830963884108,91.78336644125393,92.47395439010549,10152100,-0.00828592960465413,-0.008320448733659221,-0.828592960465413,-0.8320448733659221
2018-08-16,93.24579620361328,93.68452424048536,92.86394617386674,92.90456535223352,10118600,0.009410828423962458,0.009366822451151422,0.9410828423962458,0.9366822451151422
2018-08-17,93.24579620361328,93.48953606806296,92.86394617386674,93.14017890158495,8505100,0.0,0.0,0.0,0.0
2018-08-20,93.12391662597656,93.47327373301543,92.70956140633483,93.0995376848296,8618700,-0.0013070785236320992,-0.0013079334958573307,-0.13070785236320992,-0.13079334958573308
2018-08-21,93.69263458251953,94.56196419295894,93.33515116188836,93.7332599525226,10976700,0.00610710950686455,0.006088536692714547,0.610710950686455,0.6088536692714547
2018-08-22,93.40828704833984,93.76577051283027,93.25391806166226,93.68451976285557,8314700,-0.003034897411591575,-0.003039512051745799,-0.3034897411591575,-0.3039512051745799
2018-08-23,93.21330261230469,93.55453346101926,92.96956274975874,93.40016446816935,9265400,-0.002087442583485699,-0.0020896243284623636,-0.2087442583485699,-0.20896243284623636
2018-08-24,93.17266845703125,93.61139644914002,92.98580042021096,93.4164082966122,8845700,-0.00043592656986357614,-0.0004360216134730927,-0.043592656986357614,-0.04360216134730927
2018-08-27,94.82194519042969,95.28504586942177,93.57075948611266,93.61138485386459,13768000,0.017701293316065625,0.01754645003744857,1.7701293316065625,1.754645003744857
2018-08-28,94.3588638305664,95.08195089495818,94.22074746962912,95.05757814874127,8302600,-0.004883693947991485,-0.004895658150175809,-0.48836939479914854,-0.4895658150175809
2018-08-29,94.05011749267578,94.54571725092953,93.72513313009873,94.52946462359203,7221700,-0.003272043826693549,-0.0032774086679558225,-0.3272043826693549,-0.32774086679558223
2018-08-30,93.58702087402344,94.27760880053141,93.41640547090228,93.91199905221913,8991800,-0.00492393450426476,-0.004936097011116135,-0.492393450426476,-0.4936097011116135
2018-08-31,93.09142303466797,93.30265761518613,92.47395332581424,93.29453749955498,13065700,-0.005295583027721151,-0.0053096543266620486,-0.5295583027721151,-0.5309654326662049
2018-09-04,93.55453491210938,93.62765315286995,92.31959534727973,92.89643975245271,10174200,0.004974807155638139,0.004962473690016151,0.4974807155638139,0.49624736900161515
2018-09-05,93.09954833984375,94.00137711009663,92.82331562750923,93.4326590561362,11462400,-0.00486332995715355,-0.004875194429148142,-0.48633299571535504,-0.4875194429148142
2018-09-06,92.70145416259766,93.18892771027681,92.21398061491851,93.02643859390459,9877600,-0.004276005462377941,-0.004285173718745611,-0.4276005462377941,-0.4285173718745611
2018-09-07,92.88018798828125,93.2457915682188,92.31959004705254,93.02643065996865,10955600,0.001928058489461204,0.0019262021703700225,0.1928058489461204,0.19262021703700224
2018-09-10,92.38459014892578,93.40828887269367,92.34397097170704,93.31079168995699,8276900,-0.005335883250128681,-0.005350169919152737,-0.5335883250128681,-0.5350169919152736
2018-09-11,92.96955871582031,93.09142864180536,91.95398633021473,92.24647167315409,9333800,0.006331884635214058,0.00631192247478149,0.6331884635214058,0.6311922474781491
2018-09-12,91.87274169921875,93.33516221408244,91.68587365306252,92.82331596366444,10800800,-0.011797593015948404,-0.011867736847839948,-1.1797593015948404,-1.1867736847839947
2018-09-13,92.23023223876953,92.72583212973335,91.53964415747068,92.10836849391188,12470800,0.003891149136717509,0.0038835981974641243,0.3891149136717509,0.3883598197464124
2018-09-14,92.21395874023438,93.01829021303229,91.99459786531166,92.4658186704347,10337900,-0.0001764442974948599,-0.00017645986562121746,-0.01764442974948599,-0.017645986562121747
2018-09-17,92.49020385742188,92.96955723906574,92.05148204854353,92.44958468178001,9561300,0.002995697408086251,0.0029912192478520794,0.2995697408086251,0.29912192478520794
2018-09-18,92.86394500732422,93.15643036156477,92.26272166885074,92.88831775375057,7944200,0.004040872809389473,0.00403273041042056,0.4040872809389473,0.403273041042056
2018-09-19,95.56127166748047,95.91874882086505,92.97765607515382,92.97765607515382,16052800,0.029046005529309582,0.028632164821699082,2.904600552930958,2.863216482169908
2018-09-20,96.3818588256836,96.87745853968251,95.93501079078268,96.27624155166569,15590000,0.008587026353714444,0.00855036755348169,0.8587026353714444,0.855036755348169
2018-09-21,95.74816131591797,96.86935717376349,95.6587904519285,96.78810642572812,24788200,-0.006574862920124103,-0.006596572542180823,-0.6574862920124103,-0.6596572542180823
2018-09-24,94.83007049560547,96.2437452587805,94.59445700198285,95.67502730766434,12492500,-0.009588600007506054,-0.00963486662482167,-0.9588600007506054,-0.9634866624821671
2018-09-25,94.56197357177734,95.84565852903357,94.50510176726912,95.09007244138901,9308300,-0.0028271298589886973,-0.0028311337387143284,-0.28271298589886973,-0.2831133738714328
2018-09-26,93.44891357421875,94.95196578709351,93.15643440584272,94.85446859859321,14023600,-0.011770693393087117,-0.011840516455981253,-1.1770693393087117,-1.1840516455981254
2018-09-27,93.04265594482422,94.050107986844,92.75017686648359,93.77386913707711,13283000,-0.00434737669873364,-0.004356854018440717,-0.43473766987336404,-0.43568540184407173
2018-09-28,91.67771911621094,92.8151610766614,91.41773291369884,92.33581403394471,15815100,-0.014670011456064946,-0.01477868016443652,-1.4670011456064946,-1.477868016443652
2018-10-01,92.21395874023438,93.11578737886516,91.84022890238322,92.10834145950285,10146300,0.0058491815589751806,0.005832141511121696,0.584918155897518,0.5832141511121696
2018-10-02,92.59583282470703,92.71770275596059,91.65337863481258,92.10023298322153,13753100,0.004141174391486535,0.0041326233283163994,0.4141174391486535,0.41326233283163993
2018-10-03,93.46515655517578,93.96888267924353,93.01018211960607,93.38391200576145,17142000,0.009388367747763082,0.009344570930303884,0.9388367747763082,0.9344570930303884
2018-10-04,94.3078384399414,95.56778605656737,93.44060428175767,93.71877761523105,16357400,0.009016000355899001,0.008975598882905425,0.9016000355899001,0.8975598882905426
2018-10-05,93.77603912353516,94.98689354617218,93.28514578476913,94.76599653730194,13777600,-0.0056389725944669955,-0.005654931623724268,-0.5638972594466996,-0.5654931623724267
2018-10-08,94.3487319946289,94.72507894618576,92.73698106076593,93.47331476684134,14370900,0.006107027727406011,0.0060884554096572166,0.6107027727406011,0.6088455409657216
2018-10-09,93.69422912597656,94.11148601042835,92.99880514653607,93.81695247339988,14069500,-0.00693706057109067,-0.006961233834904826,-0.693706057109067,-0.6961233834904825
2018-10-10,91.19888305664062,94.04603224402665,91.19888305664062,93.84149541335938,23086400,-0.026632868348602567,-0.026993948691412917,-2.6632868348602567,-2.6993948691412917
2018-10-11,88.46627044677734,91.19888583352025,87.85265993609192,90.78981215972998,33705600,-0.029963224529473087,-0.030421295347169402,-2.9963224529473087,-3.04212953471694
2018-10-12,87.50083923339844,90.67525431673947,86.3963417783254,90.2989073594092,32075700,-0.010912986480646647,-0.01097296991574852,-1.0912986480646647,-1.097296991574852
2018-10-15,87.00177764892578,89.05532904327393,86.98541745000063,87.70538480010534,18903200,-0.005703506261711011,-0.0057198333643010465,-0.5703506261711011,-0.5719833364301047
2018-10-16,88.8671646118164,88.99806493787956,87.32086666826011,87.67267026738485,19302800,0.021440791364263134,0.021214171152444474,2.1440791364263134,2.1214171152444474
2018-10-17,89.85712432861328,90.65072825135292,88.5480898260386,88.6708069341168,18794500,0.011139769352619178,0.011078179100697997,1.1139769352619178,1.1078179100697998
2018-10-18,88.43353271484375,89.86529039357656,88.2044524849614,89.19440990236335,17582500,-0.015842835216530737,-0.01596967437541034,-1.5842835216530737,-1.596967437541034
2018-10-19,88.2862777709961,89.35804873209693,87.7626577585685,88.07355772613192,15234500,-0.001665148268162997,-0.0016665361684609806,-0.1665148268162997,-0.16665361684609806
2018-10-22,87.01814270019531,88.63807077255377,86.8136058860715,88.48262703835805,16199100,-0.014363897797233793,-0.014468057203717287,-1.4363897797233793,-1.4468057203717288
2018-10-23,86.10999298095703,86.85450993066613,84.84186232150499,85.25093592236463,21407500,-0.010436326162087117,-0.010491166502113194,-1.0436326162087117,-1.0491166502113194
2018-10-24,84.5064468383789,85.93002158588797,84.19555306928157,85.7091245313658,23168900,-0.01862206797453514,-0.018797641797346363,-1.862206797453514,-1.8797641797346363
2018-10-25,85.79093933105469,86.64181340056561,84.85825176758433,85.2345988333733,17464700,0.015199934924875258,0.015085573317246106,1.5199934924875258,1.5085573317246106
2018-10-26,84.61279296875,85.5454803991177,84.04827557161288,85.08731990475282,19174900,-0.013732759793646632,-0.013827926410726455,-1.3732759793646632,-1.3827926410726454
2018-10-29,85.78274536132812,87.23904659404188,84.84187469375289,85.46366840548494,18445200,0.013827133599173536,0.013732410950444902,1.3827133599173536,1.3732410950444902
2018-10-30,87.29631042480469,87.52539690159172,85.79092245772799,86.48634638256163,18019700,0.01764416675056535,0.017490315522069144,1.7644166750565349,1.7490315522069144
2018-10-31,89.19440460205078,90.38890500168607,88.18808704601469,88.4253504819988,20860000,0.021743120276326744,0.0215101101646378,2.1743120276326744,2.1510110164637797
2018-11-01,89.16168975830078,90.176190597214,88.62170957893153,89.68530349722167,13065000,-0.00036678134571288545,-0.0003668486264427143,-0.036678134571288545,-0.036684862644271427
2018-11-02,88.67079162597656,90.6588895792131,87.9426411145659,89.91437887020606,19009200,-0.005505706920258535,-0.005520919186484348,-0.5505706920258535,-0.5520919186484348
2018-11-05,89.25167846679688,89.41531165823845,88.70352131989559,88.8589712912731,10276400,0.0065510505789838636,0.006529685704626319,0.6551050578983864,0.6529685704626319
2018-11-06,89.66896057128906,89.72623064394035,88.16357223761506,88.90808318208194,10825000,0.004675341816091638,0.004664446352356134,0.4675341816091638,0.4664446352356134
2018-11-07,91.2070541381836,91.41159094162754,89.46439657798186,90.29891023153512,12679600,0.017153021035319238,0.017007568909549235,1.7153021035319238,1.7007568909549236
2018-11-08,91.94338989257812,92.39337339734581,90.8143488832998,90.82253210392332,11662500,0.008073232507640693,0.008040818307461785,0.8073232507640693,0.8040818307461786
2018-11-09,91.05160522460938,91.92702250380893,90.6752582509502,91.8206656118948,10432200,-0.00969927983959118,-0.009746624240756063,-0.969927983959118,-0.9746624240756063
2018-11-12,89.13716125488281,91.58342659919268,88.85081089875095,91.15798643410852,13279700,-0.021025922222940974,-0.021250115068720436,-2.1025922222940974,-2.1250115068720437
2018-11-13,89.66075134277344,90.91252183959477,89.25986095049281,89.25986095049281,13746100,0.005873982080194962,0.005856797509192697,0.5873982080194962,0.5856797509192697
2018-11-14,87.81175231933594,90.57708798125427,86.70725469873958,90.18438076778244,18361400,-0.020622167400413227,-0.02083777362374407,-2.0622167400413227,-2.083777362374407
2018-11-15,90.05348205566406,90.06166527723256,87.3863198435226,88.55627084905346,19100000,0.025528812227500586,0.025208393920602583,2.5528812227500586,2.520839392060258
2018-11-16,89.9880142211914,90.61799109878363,88.80988642649639,89.54621395744272,13798600,-0.000726988373777604,-0.0007272527579693294,-0.0726988373777604,-0.07272527579693294
2018-11-19,90.67526245117188,90.97797294293719,89.6116685148914,89.96347208686403,13987000,0.00763710851859889,0.007608093439239752,0.763710851859889,0.7608093439239751
2018-11-20,88.72808074951172,90.39710215159045,88.34355672466289,89.81621826157766,18936200,-0.0214742328725952,-0.02170815919951242,-2.14742328725952,-2.170815919951242
2018-11-21,88.06537628173828,89.67712748724217,88.06537628173828,89.20260054757702,10619600,-0.007468937253858998,-0.007496969433327242,-0.7468937253858998,-0.7496969433327242
2018-11-23,87.25540924072266,87.86083648419816,86.77269909648862,87.32903950026754,6488400,-0.00919733810509571,-0.009239894758809267,-0.9197338105095709,-0.9239894758809267
2018-11-26,89.3907699584961,89.97983697507422,87.90991919682936,88.13082244903023,13948300,0.024472531117037732,0.02417787634814336,2.4472531117037732,2.417787634814336
2018-11-27,89.76710510253906,90.02072871823553,88.87532147507946,88.98168459802363,9238200,0.004210000028165073,0.004201162772594982,0.4210000028165073,0.42011627725949824
2018-11-28,90.7652587890625,91.14160577866117,89.07169421488437,89.83257141441183,13977300,0.011119370345999968,0.011058004627289075,1.1119370345999968,1.1058004627289075
2018-11-29,90.04529571533203,90.65072925104926,89.7016753249859,90.2171059105051,11144300,-0.007932143678493264,-0.007963770486774413,-0.7932143678493264,-0.7963770486774413
2018-11-30,90.96980285644531,91.0761597613437,89.65258516684577,89.8734821976251,18652700,0.01026713426580339,0.010214785254102871,1.026713426580339,1.0214785254102872
2018-12-03,91.82887268066406,92.36066979843146,91.41979893499222,91.94341283009457,16034500,0.009443461426143829,0.009399150690339635,0.9443461426143829,0.9399150690339635
2018-12-04,87.72992706298828,91.3052263345954,87.32085346270607,91.3052263345954,23555900,-0.044636784684593867,-0.04566368063539383,-4.463678468459387,-4.566368063539383
2018-12-06,86.0609359741211,86.20001954854605,84.1710110385828,85.91366917709175,27213900,-0.01902419327977878,-0.019207481575906755,-1.9024193279778778,-1.9207481575906755
2018-12-07,84.5064468383789,87.52541278265464,84.19555306928157,86.03638474418739,19248600,-0.01806265662982831,-0.01822777778532931,-1.806265662982831,-1.8227777785329309
2018-12-10,82.92742919921875,84.67008108717967,81.22568094013856,84.1628336436632,23636400,-0.018685173714380277,-0.018861947063261938,-1.8685173714380277,-1.8861947063261937
2018-12-11,82.1174545288086,84.80916014988625,81.98654795226018,84.3755367965465,16860700,-0.009767270952827145,-0.0098152836348096,-0.9767270952827145,-0.98152836348096
2018-12-12,82.64925384521484,84.1873750682715,81.86383303091708,83.17287396338311,22621500,0.006476081357583707,0.006455201640059644,0.6476081357583707,0.6455201640059643
2018-12-13,82.73104095458984,83.42646477444559,82.36287099680695,83.08284447408872,17250900,0.0009895686357697109,0.0009890793354981244,0.09895686357697109,0.09890793354981245
2018-12-14,82.052001953125,83.40194638615087,81.70019832805728,81.80655524094968,19879500,-0.00820778988913673,-0.008241659252299091,-0.820778988913673,-0.8241659252299092
2018-12-17,81.00476837158203,82.27289297976851,80.53842464615136,81.6265558441771,25113500,-0.012763047294583219,-0.012845194698689643,-1.2763047294583219,-1.2845194698689644
2018-12-18,80.6202163696289,82.54286081545503,80.27659608405325,81.34018357397319,20837200,-0.00474727611329151,-0.004758580218534371,-0.474727611329151,-0.4758580218534371
2018-12-19,79.5975570678711,82.28926261995974,79.03303339442091,80.5138843543169,28767900,-0.012684898996910499,-0.012766039228904232,-1.2684898996910499,-1.2766039228904231
2018-12-20,78.91030883789062,80.40751997559468,78.28852135062189,79.04121540908542,31825200,-0.008634036712891424,-0.008671525952833662,-0.8634036712891424,-0.8671525952833662
2018-12-21,77.0449447631836,80.53025468841152,76.65223747812593,79.09849663428389,41313900,-0.023639041617986134,-0.02392292653313107,-2.3639041617986134,-2.392292653313107
2018-12-24,75.38410186767578,77.0858499787659,75.38410186767578,75.99771242525419,17009300,-0.021556805584231564,-0.021792547570823384,-2.1556805584231564,-2.1792547570823384
2018-12-26,78.50942993164062,78.50942993164062,74.54141597785365,75.83409046962657,22542900,0.04145871591666417,0.040622341870988884,4.145871591666417,4.0622341870988885
2018-12-27,79.39302825927734,79.48302497695855,76.53769544385136,77.57673994530319,20304700,0.01125467766618704,0.011191815007739674,1.125467766618704,1.1191815007739674
2018-12-28,79.2212142944336,80.44025217351869,78.90213730757219,80.13753538820202,17963300,-0.0021640938582497826,-0.002166438893224809,-0.21640938582497826,-0.21664388932248088
2018-12-31,79.8675537109375,80.84114490014089,79.17212340754574,79.84300404498374,13237200,0.008158665860658498,0.008125563869852774,0.8158665860658498,0.8125563869852773
2019-01-02,81.25019836425781,81.63472855610523,78.49304622963498,78.5012232076124,15670900,0.017311719078369148,0.017163578537283477,1.7311719078369148,1.7163578537283477
2019-01-03,80.09551239013672,81.56364042417572,79.74910143005886,81.35744252517786,16286400,-0.014211484985482081,-0.014313435200193254,-1.4211484985482081,-1.4313435200193254
2019-01-04,83.04824829101562,83.2461964655749,81.0604979914803,81.74507636546078,16935200,0.03686518523655158,0.036201916202571315,3.686518523655158,3.6201916202571316
2019-01-07,83.1059799194336,83.69158103501539,82.23994646682658,82.83379725802467,15430700,0.0006951576897282763,0.0006949161795401104,0.06951576897282763,0.06949161795401104
2019-01-08,82.94927215576172,83.9802614220373,82.10798768325085,83.8235490399125,13578800,-0.0018856376379148276,-0.0018874176906071342,-0.18856376379148276,-0.1887417690607134
2019-01-09,82.80906677246094,83.70808647519328,82.42141376571958,83.14722801084275,14230300,-0.0016902545333671304,-0.0016916846252676488,-0.16902545333671304,-0.16916846252676487
2019-01-10,82.80081176757812,83.08124412803804,81.87704309377861,82.49563667086042,14376100,-9.968721064679276e-05,-9.969217974701593e-05,-0.009968721064679276,-0.009969217974701593
2019-01-11,82.40493774414062,82.61937904495463,81.61313221325778,82.38843838705587,15439900,-0.004781040366472755,-0.004792506099986521,-0.4781040366472755,-0.4792506099986521
2019-01-14,83.25446319580078,83.60087414540482,81.37393942062424,81.54714489542626,21258500,0.01030915713203795,0.010256380185627625,1.030915713203795,1.0256380185627625
2019-01-15,83.86479949951172,84.51638553596219,81.32444018357668,81.56363047234912,26504900,0.007330973983647349,0.007304233005950055,0.7330973983647349,0.7304233005950055
2019-01-16,84.54114532470703,85.32469488626187,83.96379367857831,84.33494740928091,18533000,0.008064716415368656,0.008032370381290227,0.8064716415368656,0.8032370381290227
2019-01-17,84.88754272460938,85.3659233220632,84.06275119492761,84.21946359921834,14247600,0.004097382387852733,0.004089010976095681,0.40973823878527327,0.40890109760956816
2019-01-18,86.26494598388672,86.52063564573677,84.81331737331054,85.5886171584005,16428700,0.01622621193955265,0.0160959739203621,1.6226211939552648,1.6095973920362099
2019-01-22,84.904052734375,85.4401622618208,84.23596723248063,85.01952305960894,17083700,-0.015775738731302447,-0.015901500103527633,-1.5775738731302447,-1.5901500103527633
2019-01-23,84.6895980834961,85.53088271040562,84.10399682789688,85.31644143437903,12146700,-0.0025258470470170824,-0.0025290423804192495,-0.25258470470170824,-0.25290423804192497
2019-01-24,84.73908996582031,85.02776577663523,84.07926044005202,84.23596657011686,11296800,0.0005843915125849364,0.0005842208223616534,0.05843915125849364,0.05842208223616534
2019-01-25,85.27519226074219,86.03399892675903,84.73907652985604,85.37416950561123,14369400,0.00632650521899758,0.006306576891801678,0.632650521899758,0.6306576891801678
2019-01-28,85.67935180664062,85.97627729528567,84.61536985443934,84.86280985919711,12283100,0.004739473874918465,0.004728277929935647,0.4739473874918465,0.4728277929935647
2019-01-29,85.91854095458984,86.69384708571211,85.55563692329358,85.67935063131466,9743300,0.0027916778419263544,0.002787788346470457,0.27916778419263544,0.2787788346470457
2019-01-30,86.11648559570312,86.80105777465921,85.59686291096958,85.89378836148592,12526300,0.002303864089334251,0.0023012142635750474,0.2303864089334251,0.23012142635750474
2019-01-31,85.36592102050781,85.61336098980509,84.73083432854585,85.29169280531451,17520600,-0.0087156898008941,-0.008753893568686824,-0.87156898008941,-0.8753893568686824
2019-02-01,85.67935180664062,86.47940069034195,85.38242631799558,85.77832906707587,13000800,0.003671614883151264,0.003664890958641128,0.3671614883151264,0.36648909586411277
2019-02-04,85.98451232910156,85.98451232910156,84.96177264943393,85.60510900104195,9871500,0.0035616576926214005,0.0035553300101034907,0.35616576926214005,0.35553300101034907
2019-02-05,85.60511016845703,86.23195346768026,85.19271442024748,86.20720443695352,12763000,-0.004412447664904895,-0.004422211243541523,-0.4412447664904895,-0.44222112435415234
2019-02-06,85.56385803222656,86.28967849117349,85.34116712310538,85.5391152970641,8745000,-0.00048188871142496037,-0.00048200485710441973,-0.04818887114249604,-0.04820048571044197
2019-02-07,84.44215393066406,85.36592270256143,83.66685417739835,85.15972482163737,13177500,-0.01310955498453592,-0.013196243667374485,-1.310955498453592,-1.3196243667374485
2019-02-08,83.60087585449219,84.4091680867592,82.52864427313833,84.19472680461676,12892600,-0.009962773768924182,-0.01001273430683652,-0.9962773768924182,-1.001273430683652
2019-02-11,83.20497131347656,84.13698981484818,83.11424373736676,83.93079192235503,10978500,-0.004735650637257671,-0.004746899358128595,-0.4735650637257671,-0.4746899358128595
2019-02-12,84.62358856201172,84.88752153391721,84.03798747724198,84.0874729430185,12852300,0.017049669342358076,0.016905954951865497,1.7049669342358076,1.6905954951865496
2019-02-13,85.02774047851562,85.65458369025382,84.87103439507521,84.87103439507521,10754100,0.004775877782679405,0.0047645094598265676,0.4775877782679405,0.47645094598265675
2019-02-14,84.47513580322266,85.03599422104065,83.59260923472395,84.51637789132394,11518500,-0.006499110433642485,-0.006520321604297458,-0.6499110433642485,-0.6520321604297459
2019-02-15,87.05675506591797,87.18046877060843,85.49789946021347,85.69584768037869,14716900,0.030560699762696597,0.03010302282830022,3.0560699762696597,3.010302282830022
2019-02-19,86.75157165527344,86.90828405651422,85.62160501624325,86.52888071536377,12764900,-0.003505568412393134,-0.003511727315189553,-0.3505568412393134,-0.3511727315189553
2019-02-20,87.17220306396484,87.26293061927967,86.50411776640489,86.77630043234936,10030300,0.0048486892014230065,0.004836972167510055,0.48486892014230065,0.48369721675100547
2019-02-21,86.99077606201172,87.4196649499082,86.57013055987377,86.97427670517288,8400100,-0.0020812483288967787,-0.0020834171359398936,-0.20812483288967787,-0.20834171359398937
2019-02-22,86.60311889648438,87.50213872931366,86.42166373578033,87.1804705053967,10647300,-0.00445630195609481,-0.00446626086728045,-0.44563019560948103,-0.44662608672804505
2019-02-25,87.5103759765625,88.4753805112352,87.172214737281,87.2217002131125,11230700,0.01047603240666839,0.010421539031677819,1.047603240666839,1.0421539031677818
2019-02-26,86.84230041503906,86.99076314123293,85.72883311491505,86.19071435522487,15465400,-0.007634243986134437,-0.007663533993353989,-0.7634243986134437,-0.7663533993353988
2019-02-27,86.73506927490234,86.9165181025716,86.19895359011169,86.75156233463257,9968800,-0.0012347800510147389,-0.001235543020032549,-0.12347800510147389,-0.1235543020032549
2019-02-28,86.07524108886719,86.77631260244752,85.92677836777233,86.61135682019088,15156900,-0.007607397925098347,-0.00763648177218226,-0.7607397925098347,-0.763648177218226
2019-03-01,86.13298797607422,87.35368232611525,85.94328313724128,86.68559684384321,13813300,0.0006708884747403943,0.0006706635296707049,0.06708884747403943,0.06706635296707049
2019-03-04,85.93504333496094,87.36192935407753,85.17623024065075,86.53713771072108,12466300,-0.0022981281128696684,-0.0023007728620398128,-0.22981281128696684,-0.23007728620398127
2019-03-05,85.8690414428711,86.231951707539,85.16796994375687,85.88553450369254,10856600,-0.0007680439728479094,-0.0007683390697279516,-0.07680439728479094,-0.07683390697279517
2019-03-06,85.54736328125,86.24843469851133,85.4071502563295,85.66283357149733,9070800,-0.0037461482766767418,-0.00375318266353161,-0.3746148276676742,-0.375318266353161
2019-03-07,84.92877960205078,85.34117534156339,84.26070051769143,85.1597202093523,12705700,-0.007230891233497516,-0.007257160839223401,-0.7230891233497516,-0.7257160839223401
2019-03-08,84.96175384521484,85.14320893861739,84.12046319265002,84.12046319265002,10582400,0.00038825758851790404,0.0003881822360438655,0.038825758851790404,0.03881822360438655
2019-03-11,86.06698608398438,86.23194814868879,85.49788426556738,85.76181727643508,9763200,0.013008585495811076,0.012924700547325089,1.3008585495811076,1.292470054732509
2019-03-12,85.81130981445312,86.4299034495406,85.57211952043346,86.2649413712547,10219100,-0.0029706660028940846,-0.00297508718922743,-0.29706660028940846,-0.297508718922743
2019-03-13,86.0999984741211,86.58662881208444,85.73708814022714,85.93504266380246,13022200,0.003364226234189749,0.0033585798852984405,0.3364226234189749,0.33585798852984405
2019-03-14,86.88353729248047,87.32068209194567,86.15772300690394,86.19071542342924,10926500,0.00910033486928441,0.009059176337745351,0.910033486928441,0.9059176337745352
2019-03-15,87.88153076171875,88.08772862245233,86.79280630875178,86.94126902018634,24811700,0.011486565813713101,0.01142109608784756,1.14865658137131,1.142109608784756
2019-03-18,88.4094009399414,88.90427457044554,87.84029280389888,87.88153489504906,12935500,0.006006611100731973,0.005988643326661857,0.6006611100731973,0.5988643326661858
2019-03-19,88.08773803710938,89.40740322831589,87.88154015433774,89.24244114650257,12889300,-0.0036383336999483706,-0.0036449685340536543,-0.36383336999483706,-0.3644968534053654
2019-03-20,86.20719909667969,87.96400890252556,86.11647782694045,87.78255377772841,14920700,-0.021348475762170915,-0.021579650544571272,-2.1348475762170915,-2.157965054457127
2019-03-21,84.84630584716797,85.35767256177992,84.35967557864704,85.35767256177992,19751000,-0.015786306291954877,-0.015912237105042783,-1.5786306291954877,-1.5912237105042784
2019-03-22,82.28121948242188,84.39268416247943,82.08326494917064,83.98028832386437,31115200,-0.03023215140758795,-0.030698567477054847,-3.023215140758795,-3.069856747705485
2019-03-25,81.59660339355469,82.94926061937109,80.90377543079167,82.14096237825727,21032300,-0.008320441689776414,-0.00835524977831952,-0.8320441689776414,-0.835524977831952
2019-03-26,82.41317749023438,82.8090802381907,81.5059079631328,82.33069958643617,15987100,0.010007452059507926,0.009957709102689253,1.0007452059507926,0.9957709102689253
2019-03-27,82.13273620605469,82.85030075864172,81.72034047048622,82.38016987180005,12753200,-0.0034028694526784253,-0.0034086723810794585,-0.34028694526784253,-0.34086723810794584
2019-03-28,83.0647201538086,83.13895463323702,82.26467169110356,82.4791191628711,12454100,0.01134728965336973,0.011283392083945276,1.134728965336973,1.1283392083945276
2019-03-29,83.49364471435547,84.12048171163268,82.96577237522048,83.74932806080645,14523400,0.0051637393077668126,0.005150452924599183,0.5163739307766813,0.5150452924599183
2019-04-01,86.3061752319336,86.3391676444439,84.22770358505886,84.25244632127678,17499300,0.03368556405939893,0.033130633185120835,3.368556405939893,3.3130633185120835
2019-04-02,86.71858215332031,86.96602213278705,86.05050301848424,86.27319396587625,10295400,0.004778417306507299,0.004767036909653727,0.4778417306507299,0.4767036909653727
2019-04-03,86.89176940917969,87.72481045327305,86.42988825649049,87.2711726835542,11499200,0.00199711816728243,0.0019951265779806714,0.199711816728243,0.19951265779806715
2019-04-04,87.731201171875,87.87249345341621,86.80867664459275,86.89179198931483,11952100,0.009660659098128965,0.009614293307914516,0.9660659098128965,0.9614293307914517
2019-04-05,87.52342987060547,88.18831461678388,87.25747724029627,87.9306747895249,9933700,-0.002368271475760242,-0.002371080266180159,-0.2368271475760242,-0.2371080266180159
2019-04-08,87.80597686767578,87.80597686767578,87.19096281779562,87.35718077479828,8056300,0.003228244111182832,0.003223044518526456,0.3228244111182832,0.3223044518526456
2019-04-09,87.15774536132812,87.43200444253091,86.64245938731607,87.33227617329739,9092200,-0.007382544212503284,-0.0074099300600978055,-0.7382544212503284,-0.7409930060097806
2019-04-10,87.54835510253906,87.86417818567696,86.82529981390309,87.3738242969783,10882300,0.004481641185090313,0.004471628535490362,0.44816411850903126,0.44716285354903623
2019-04-11,88.28803253173828,88.70358383429775,87.73118896729326,87.85585562622303,11183800,0.008448787282558268,0.008413296044450421,0.8448787282558268,0.8413296044450421
2019-04-12,92.42693328857422,92.95883852532215,90.49046241748313,90.95588425524552,25834100,0.04687952192555733,0.04581385547324405,4.687952192555733,4.5813855473244045
2019-04-15,91.3714370727539,92.25240394624421,90.68993308101768,92.1859142053893,15163800,-0.011419790511980499,-0.011485497035106125,-1.1419790511980499,-1.1485497035106125
2019-04-16,92.33551025390625,92.57653080185482,91.30494466401038,91.33818953346643,11583200,0.010551143902713278,0.010495869052530514,1.0551143902713278,1.0495869052530515
2019-04-17,94.99503326416016,95.29423071859922,92.2607048471424,92.83416135080907,17791900,0.028802819228926024,0.028395814805517318,2.8802819228926024,2.8395814805517317
2019-04-18,94.29690551757812,95.53524668552281,94.18886445621717,95.18618509576282,12501900,-0.007349097343233635,-0.007376234999044172,-0.7349097343233635,-0.7376234999044172
2019-04-22,94.41327667236328,94.68754211775278,93.63204435326897,93.77333030726557,7975900,0.0012340930399190597,0.001233332173026161,0.12340930399190597,0.12333321730261611
2019-04-23,94.52959442138672,95.05319304257792,93.78991372049981,93.91458036082194,9193100,0.0012320062720319047,0.0012312479750585922,0.12320062720319047,0.12312479750585922
2019-04-24,94.37169647216797,94.8703567307477,93.75667602380405,94.13067597334576,9245700,-0.001670354667077989,-0.0016717512648606588,-0.1670354667077989,-0.1671751264860659
2019-04-25,94.42156982421875,94.87036600304705,93.49904540231776,93.92290951690168,9311800,0.0005284778584593308,0.0005283382632157215,0.05284778584593308,0.05283382632157215
2019-04-26,95.13629913330078,95.22772091070668,94.41323771403829,94.7041223054168,7889300,0.007569555456582888,0.007541050129738135,0.7569555456582888,0.7541050129738135
2019-04-29,96.50763702392578,97.37198449624978,95.11969085098465,95.24435751021777,14242200,0.014414454872829774,0.014311554276772881,1.4414454872829774,1.4311554276772882
2019-04-30,96.449462890625,97.00630013175508,95.79289105105572,96.76527960780105,11389100,-0.0006027930544643123,-0.0006029748072407785,-0.06027930544643123,-0.06029748072407785
2019-05-01,95.70978546142578,97.23901131371068,95.6682277920617,96.17520092241509,10412900,-0.007669067375087657,-0.007698625893447476,-0.7669067375087657,-0.7698625893447476
2019-05-02,95.91757202148438,96.22507598279029,95.22775521287188,95.71810279485203,8613300,0.002171006434261935,0.002168653205094764,0.2171006434261935,0.2168653205094764
2019-05-03,96.50763702392578,96.97305245486575,96.13363704622644,96.40790242837735,8185400,0.006151792523576782,0.006132947495593331,0.6151792523576782,0.613294749559333
2019-05-06,95.65159606933594,95.96741911835613,94.51298955499166,94.89529599360745,9387000,-0.008870188733121842,-0.008909763052128851,-0.8870188733121842,-0.8909763052128851
2019-05-07,94.0891342163086,94.7706381644367,93.32452126783517,94.7706381644367,15017700,-0.01633492714428675,-0.016469812984072452,-1.6334927144286748,-1.6469812984072452
2019-05-08,93.59048461914062,94.47145153740894,93.46581793390372,93.63204229448992,9575800,-0.005299757525896509,-0.005313851057734876,-0.5299757525896509,-0.5313851057734876
2019-05-09,93.51566314697266,93.69850673621004,91.90332839084519,92.36874382467872,12205900,-0.0007994559753852215,-0.0007997757107344258,-0.07994559753852215,-0.07997757107344258
2019-05-10,93.50736999511719,93.78162907719877,91.87009660130752,92.875730144435,13189000,-8.868195526168243e-05,-8.868588773877184e-05,-0.008868195526168243,-0.008868588773877185
2019-05-13,90.9642105102539,91.79531341611575,90.57359747078088,91.48780939906652,13783700,-0.027197422887587197,-0.027574118603911294,-2.7197422887587197,-2.7574118603911293
2019-05-14,91.68724822998047,92.85079326062493,91.0057442798732,91.04730195057168,10503600,0.007948595559404747,0.00791717187996825,0.7948595559404747,0.791717187996825
2019-05-15,91.33817291259766,92.16927547533137,90.26604984577403,90.7647101152524,10142000,-0.003807239546629426,-0.003814505531204424,-0.3807239546629426,-0.3814505531204424
2019-05-16,92.51004028320312,93.22478911845778,91.91164531965873,91.93658372714846,9672700,0.012829984805223127,0.012748377819868942,1.2829984805223127,1.2748377819868941
2019-05-17,92.06124877929688,92.87573226382678,91.28001650645763,91.421302452089,9570100,-0.0048512734675323355,-0.004863079091677336,-0.48512734675323355,-0.4863079091677336
2019-05-20,92.54328155517578,92.92558802462193,91.72880448486316,91.90333528564443,8518200,0.005236000839337951,0.005222340649372734,0.5236000839337951,0.5222340649372734
2019-05-21,92.85910034179688,93.01700553093981,92.43523622186603,92.61807981637777,7967900,0.003412660339181972,0.003406850428302681,0.3412660339181972,0.3406850428302681
2019-05-22,92.10279083251953,92.9089613774007,92.04461390354922,92.58483186730761,7918900,-0.008144699943177458,-0.008178049215075077,-0.8144699943177458,-0.8178049215075077
2019-05-23,90.29100799560547,91.2467774870584,89.34355130760828,91.12211079846695,14558000,-0.019671313111549682,-0.019867368765644097,-1.9671313111549682,-1.9867368765644096
2019-05-24,91.18026733398438,91.38804298819748,90.7480967631774,91.02235580772329,8537300,0.009848813941939705,0.009800630482230337,0.9848813941939705,0.9800630482230337
2019-05-28,90.1912612915039,91.28001012911848,90.12477789519984,90.75641137535557,11665500,-0.010846711370759987,-0.010905965811303297,-1.0846711370759987,-1.0905965811303298
2019-05-29,89.94194030761719,90.09153905573082,88.9778580773714,89.30198764148247,9966400,-0.002764358545567891,-0.002768186440729405,-0.2764358545567891,-0.2768186440729405
2019-05-30,88.97786712646484,90.73980741223664,88.54569644396835,90.29932392599653,10367800,-0.010718839040552708,-0.010776699632773175,-1.0718839040552708,-1.0776699632773175
2019-05-31,88.0636215209961,88.5872138215211,87.13278442369821,87.73117924761765,10952800,-0.010274977755640347,-0.010328129743379072,-1.0274977755640347,-1.032812974337907
2019-06-03,88.47917938232422,88.81162168051888,87.5151036924501,87.93065497999106,11680700,0.004718836838081275,0.004707738029478003,0.4718836838081275,0.4707738029478003
2019-06-04,91.20520782470703,91.33818729927852,89.0360292870399,89.63442424099087,12858600,0.030809829627866048,0.030344735672090666,3.0809829627866048,3.0344735672090666
2019-06-05,91.52933502197266,91.73711069005735,90.2909938156148,91.30494009039768,8340500,0.0035538233506202666,0.0035475234418465393,0.35538233506202666,0.35475234418465396
2019-06-06,91.72879791259766,92.14434922015363,90.53200811777732,91.54595432274347,8726700,0.002179223639908523,0.002176852576166086,0.2179223639908523,0.21768525761660862
2019-06-07,90.72317504882812,91.4379175473135,90.55695070200905,91.17196493321345,10618900,-0.01096300056965449,-0.011023537108392748,-1.096300056965449,-1.1023537108392747
2019-06-10,91.7038803100586,92.4269420319175,91.60415203174094,92.0446355031404,11380600,0.010809864852091566,0.010751855934310214,1.0809864852091566,1.0751855934310213
2019-06-11,91.9864273071289,92.72610804378911,91.72878755459597,92.10278115284113,9847700,0.0030810800602438793,0.0030763432602210765,0.3081080060243879,0.30763432602210766
2019-06-12,90.8145980834961,92.1692996745494,90.49878130943037,92.00307531387455,9670500,-0.012739153567952521,-0.01282099236567889,-1.2739153567952521,-1.282099236567889
2019-06-13,91.03899383544922,91.55427981091283,90.63175527304043,90.9725040952325,8406900,0.002470921599485809,0.002467873892108667,0.24709215994858091,0.2467873892108667
2019-06-14,91.27166748046875,91.67059943189196,90.28265357193843,91.06389187553772,9077400,0.002555758090210025,0.002552497694509115,0.2555758090210025,0.2552497694509115
2019-06-17,90.7730484008789,91.72881788451724,90.64006890991897,91.17197419213645,8128600,-0.00546302147593114,-0.005477998348643996,-0.546302147593114,-0.5477998348643996
2019-06-18,92.01136779785156,92.59314342052109,90.57356385519365,90.59849591858628,11057300,0.01364192806992559,0.0135497146684009,1.364192806992559,1.35497146684009
2019-06-19,91.34648132324219,92.74272747434973,91.1719442135447,92.10278132175877,13126500,-0.007226134014985286,-0.007252368982715904,-0.7226134014985286,-0.7252368982715904
2019-06-20,91.5792007446289,92.32718803829387,90.61511865112584,92.1526572470514,13638000,0.002547656111276053,0.002544416336832865,0.2547656111276053,0.2544416336832865
2019-06-21,90.95588684082031,92.8092424194457,90.66499580614578,91.57921390230442,27089500,-0.006806282417191278,-0.006829550798247193,-0.6806282417191278,-0.6829550798247194
2019-06-24,90.30762481689453,91.23014300477683,90.20789020756186,90.82290444642025,13039600,-0.007127213492627349,-0.007152733408264019,-0.7127213492627349,-0.7152733408264018
2019-06-25,89.55964660644531,90.57359311739168,89.48484405129089,90.32425972129246,18660100,-0.008282558775804416,-0.008317049746772132,-0.8282558775804416,-0.8317049746772132
2019-06-26,90.15800476074219,90.84781503792709,89.89205220620114,90.00840605251229,10324600,0.0066811133916846455,0.00665889366703559,0.6681113391684645,0.665889366703559
2019-06-27,90.45722198486328,91.04731052848692,90.12478595119649,90.45722198486328,10906600,0.003318809293918479,0.0033133142011072423,0.3318809293918479,0.33133142011072425
2019-06-28,92.91727447509766,93.44086683749943,92.16928085680247,92.28563471511399,21634700,0.02719575547705877,0.026832521815990835,2.719575547705877,2.6832521815990837
2019-07-01,94.47975158691406,95.17787478470412,93.98109125409114,94.10575792249941,12724500,0.0168157871681347,0.01667596709843534,1.68157871681347,1.667596709843534
2019-07-02,94.57948303222656,94.91191901580322,94.09744197890649,94.33846250556653,10174900,0.0010555853887990185,0.001055028650298069,0.10555853887990185,0.10550286502980691
2019-07-03,94.42882537841797,95.30766383870377,93.96011493863931,94.8640555888266,6849400,-0.0015929210963995244,-0.0015941911441122517,-0.15929210963995244,-0.15941911441122517
2019-07-05,94.9896011352539,95.64244961816897,94.51251906037747,95.0063444421341,7929400,0.005938607777748572,0.005921043749525057,0.5938607777748572,0.5921043749525057
2019-07-08,94.4706802368164,94.98124257581246,94.16099289466602,94.54600596599565,6917200,-0.005462923227760652,-0.005477899560798237,-0.5462923227760652,-0.5477899560798237
2019-07-09,94.8724365234375,94.98961414484499,93.86805508688708,93.97686105370792,8947300,0.004252708730518195,0.00424369152074979,0.42527087305181954,0.42436915207497894
2019-07-10,94.59622955322266,95.27419309045607,94.36187431001169,94.88917999293783,9242300,-0.0029113510766280992,-0.002915597302679585,-0.2911351076628099,-0.2915597302679585
2019-07-11,95.50016784667969,95.71778614626395,94.67992457130194,94.88917121705965,11595200,0.009555753942058098,0.00951038650972511,0.9555753942058098,0.9510386509725111
2019-07-12,96.5045394897461,96.54638498050117,95.35786576330017,95.5252604977201,10783400,0.010516962071510427,0.010462043541054608,1.0516962071510427,1.0462043541054609
2019-07-15,95.33277893066406,96.73054507747578,95.02309157709867,96.7054365001572,12946600,-0.012142025289976432,-0.012216341860831356,-1.2142025289976432,-1.2216341860831357
2019-07-16,96.35389709472656,96.6719496953047,94.51252279291931,94.98123961856705,16945000,0.010711091982382737,0.010654134592907845,1.0711091982382737,1.0654134592907845
2019-07-17,95.40808868408203,96.2032296849773,95.19047679329822,95.77636478494722,13120900,-0.009815985021495277,-0.009864479410218905,-0.9815985021495277,-0.9864479410218905
2019-07-18,95.9772720336914,96.3120680211005,95.03985093178872,95.35790360769109,9397200,0.005965776670090017,0.005948051884258609,0.5965776670090017,0.5948051884258609
2019-07-19,95.0314712524414,96.3539117789162,94.914293624597,96.16140202705648,10402800,-0.009854424502896753,-0.009903300707028464,-0.9854424502896753,-0.9903300707028464
2019-07-22,95.64244079589844,95.79309861542033,94.38696109511599,94.50414507536634,9061100,0.006429128533999684,0.006408549842089418,0.6429128533999684,0.6408549842089417
2019-07-23,97.39176177978516,97.46708750902992,96.10280164297723,96.15301879580707,12752200,0.018290216867423714,0.01812496283068703,1.8290216867423714,1.812496283068703
2019-07-24,97.7851333618164,97.826978854983,96.68867671536914,96.73890024714927,10011000,0.0040390642374938945,0.004030929115698958,0.40390642374938945,0.4030929115698958
2019-07-25,96.84771728515625,98.12830574247533,96.52129302684749,97.83536171395477,10138400,-0.009586488706740393,-0.00963273488591468,-0.9586488706740393,-0.9632734885914681
2019-07-26,97.27458953857422,97.5173164334928,96.69706670633,96.89794171444485,12800400,0.004407664582956494,0.004397979278704684,0.4407664582956494,0.4397979278704684
2019-07-29,96.96489715576172,98.07809087577719,96.91468000275987,97.47545949695073,8500400,-0.003183692517044201,-0.0031887712483430245,-0.3183692517044201,-0.31887712483430247
2019-07-30,96.74727630615234,97.1574043305542,96.05258229365504,96.4124867806745,7121100,-0.0022443261014323257,-0.002246848375834624,-0.22443261014323257,-0.2246848375834624
2019-07-31,97.09042358398438,97.24108139324957,96.13625958720463,97.17412094786515,13648000,0.003546841739979989,0.0035405665305548073,0.3546841739979989,0.35405665305548073
2019-08-01,94.5292739868164,97.76004295615925,94.24469520617774,96.5296715629508,15664500,-0.026379013528069928,-0.02673318200300002,-2.637901352806993,-2.673318200300002
2019-08-02,94.52088928222656,94.93938254808505,93.24030091041165,94.07728744212864,11025500,-8.869955555790288e-05,-8.870348959611431e-05,-0.008869955555790288,-0.00887034895961143
2019-08-05,91.70862579345703,92.88878001975937,90.6205406083145,92.72975051490127,15855300,-0.029752825117551507,-0.030204420479232698,-2.9752825117551507,-3.02044204792327
2019-08-06,92.42842864990234,92.48701745530572,90.6791233702285,92.1103760470984,10203500,0.007848802118858744,0.007818160500409503,0.7848802118858744,0.7818160500409503
2019-08-07,90.419677734375,90.62892442223043,88.67037848904066,90.3945691535447,17320900,-0.021733041931677022,-0.021972682934968426,-2.173304193167702,-2.1972682934968426
2019-08-08,91.95134735107422,92.13548542271216,90.99718314867845,91.27339025613536,10903300,0.016939560669512632,0.016797686263586985,1.6939560669512632,1.6797686263586984
2019-08-09,91.85090637207031,92.44516608322057,90.63727837384387,91.52448211363145,9980800,-0.0010923274307271802,-0.0010929244551388325,-0.10923274307271802,-0.10929244551388326
2019-08-12,90.126708984375,90.82140933051132,89.7333242971484,90.76282052937334,9393700,-0.018771697044674962,-0.018950121767870046,-1.8771697044674962,-1.8950121767870045
2019-08-13,91.51608276367188,92.34470383266212,89.58264637409256,90.35267226938747,12124700,0.015415782901134767,0.015298166941118527,1.5415782901134767,1.5298166941118527
2019-08-14,87.7162094116211,89.4822518735172,87.42325895573074,88.97168947160212,19491800,-0.041521372389413225,-0.04240801449090299,-4.1521372389413225,-4.240801449090299
2019-08-15,88.05097198486328,89.03861625128167,87.33116312701429,87.73291943271832,13365600,0.0038164277217140885,0.0038091636374722347,0.38164277217140885,0.3809163637472235
2019-08-16,90.16020202636719,90.37782034111078,88.61177801703687,89.03027133770459,11830600,0.023954648017588065,0.02367223659120316,2.3954648017588065,2.3672236591203157
2019-08-19,90.97208404541016,91.8592878803747,90.74609406643138,91.75884718019506,8265400,0.009004882429229033,0.008964580239079763,0.9004882429229033,0.8964580239079762
2019-08-20,89.8170166015625,90.76281540529465,89.75842780373219,90.2689900644106,8374000,-0.012696943858855447,-0.012778238916121246,-1.2696943858855447,-1.2778238916121245
2019-08-21,90.06812286376953,90.75445157711196,89.93420195106829,90.57031351499805,8189300,0.0027957537636877916,0.0027918529129881877,0.27957537636877916,0.27918529129881875
2019-08-22,90.99717712402344,91.4575158869397,90.33595699496503,90.70423311385845,9343400,0.01031501746360508,0.010262180701765981,1.031501746360508,1.0262180701765982
2019-08-23,88.73731231689453,91.04739701141236,87.97565786755501,90.394548516064,14762300,-0.024834449579121065,-0.02514802709441529,-2.4834449579121065,-2.514802709441529
2019-08-26,89.44876098632812,89.54919529231653,88.72895199347307,89.23951433458424,8209500,0.008017469211743844,0.007985500066210523,0.8017469211743844,0.7985500066210522
2019-08-27,88.50296783447266,90.02628330358492,87.74967856168055,89.85051687088367,14331800,-0.010573574652420592,-0.010629872087967323,-1.0573574652420592,-1.0629872087967323
2019-08-28,89.39018249511719,89.73334372301427,87.91708410884473,87.95056434327158,10585500,0.01002468823761804,0.009974774354045103,1.002468823761804,0.9974774354045103
2019-08-29,91.41566467285156,91.97644408375785,90.41127706207455,90.51171773886227,10002200,0.022658888495333596,0.022405989034182273,2.2658888495333596,2.240598903418227
2019-08-30,91.95134735107422,92.53723541019411,91.62492309160729,91.93460404327027,10170300,0.005859856515179285,0.005842754334350272,0.5859856515179285,0.5842754334350272
2019-09-03,90.86325073242188,91.22315517625826,89.8253892794263,91.21478990911564,9868800,-0.011833395050731998,-0.01190396695929316,-1.1833395050731998,-1.1903966959293162
2019-09-04,91.95970916748047,92.2526531657024,90.8632525088495,91.60816998391392,6929200,0.012067127537484845,0.011994900224212726,1.2067127537484845,1.1994900224212726
2019-09-05,94.05220031738281,95.18213111575204,93.07292099880769,93.11477288921844,13224700,0.02275443418477341,0.022499413368960844,2.275443418477341,2.2499413368960846
2019-09-06,94.25305938720703,94.56274672099629,93.70901683247493,94.29491127053291,7836600,0.0021356126613349957,0.00213333548215416,0.21356126613349957,0.213333548215416
2019-09-09,96.58824920654297,97.14065700931839,95.08167086133616,95.17373989274883,13985100,0.02477574557811013,0.02447380385164155,2.477574557811013,2.447380385164155
2019-09-10,97.81863403320312,98.15342359131208,96.86446974404932,97.34155188862623,14333100,0.01273845252158079,0.012658000934034921,1.273845252158079,1.265800093403492
2019-09-11,98.0864486694336,98.0948139366178,96.57149878237486,97.83535016850448,9919200,0.0027378693116850705,0.0027341281744420127,0.27378693116850705,0.27341281744420126
2019-09-12,98.68910217285156,99.1578126686546,97.02349408753423,97.55079978101423,12283500,0.0061441056495887825,0.006125307591347623,0.6144105649588782,0.6125307591347623
2019-09-13,100.63089752197266,100.77318370545775,99.39215459603585,99.60140123729066,16257200,0.019675884230055063,0.019484816240826312,1.9675884230055063,1.9484816240826313
2019-09-16,99.73530578613281,100.32956538349359,99.08245100856352,99.51768752694305,11993900,-0.008899768936715402,-0.008939608431286746,-0.8899768936715402,-0.8939608431286746
2019-09-17,99.24150085449219,99.27498108475874,98.12830714450813,99.11595158741788,10735400,-0.004951154736513419,-0.00496345231138216,-0.4951154736513419,-0.496345231138216
2019-09-18,100.23751068115234,100.50534612082961,98.55516593327604,99.03224800975433,10665600,0.010036222931780303,0.00998619449895124,1.0036222931780303,0.998619449895124
2019-09-19,99.91944885253906,100.72295514862171,99.67672199449841,100.1872842845666,9382600,-0.003173081877751449,-0.003178126776798091,-0.3173081877751449,-0.3178126776798091
2019-09-20,99.5177001953125,100.72295646230587,99.49259162099813,100.22076581891693,21862800,-0.0040207253126411935,-0.00402883016086814,-0.40207253126411935,-0.402883016086814
2019-09-23,99.50096130371094,99.70184267854046,98.49657997236645,98.58027735236169,9135100,-0.000168200144986419,-0.00016821429221720548,-0.0168200144986419,-0.016821429221720547
2019-09-24,98.2036361694336,99.81902051119205,97.96090929691331,99.39215557084945,11696500,-0.013038317592907078,-0.013124062584840413,-1.3038317592907078,-1.3124062584840412
2019-09-25,98.76439666748047,99.0657122868135,98.02785092338839,98.15339377669417,9389400,0.005710180599416637,0.005693939315954423,0.5710180599416637,0.5693939315954423
2019-09-26,97.95255279541016,98.80628280815839,97.88559232662563,98.66399021556583,9899200,-0.00822000538112555,-0.008253975912070636,-0.822000538112555,-0.8253975912070636
2019-09-27,98.53005981445312,99.30008592450577,98.16178368107981,98.73093480279279,10207800,0.005895783239556751,0.005878471121887814,0.5895783239556751,0.5878471121887814
2019-09-30,98.50495147705078,99.40889211961297,98.11156676739742,99.06573094644139,9755000,-0.0002548292110003958,-0.0002548616854808667,-0.02548292110003958,-0.025486168548086666
2019-10-01,96.71380615234375,99.60140742682418,96.59662853681535,99.09921673374512,11250300,-0.018183302441647564,-0.018350650415461744,-1.8183302441647564,-1.8350650415461744
2019-10-02,94.78874969482422,96.16977911321375,94.52091418952521,96.09444698494413,12548700,-0.0199046706370668,-0.020105437188275944,-1.9904670637066801,-2.0105437188275945
2019-10-03,94.65373992919922,95.2611987651925,93.24477040360472,94.72123034897828,12735200,-0.0014243226760525252,-0.0014253379877974962,-0.14243226760525252,-0.14253379877974962
2019-10-04,96.70391082763672,96.97389181883919,94.72123088318389,94.78028902385772,9453100,0.021659692474602865,0.02142845440763322,2.1659692474602865,2.1428454407633217
2019-10-07,96.49298858642578,97.44635755956774,96.2398785894513,96.34112387561201,6771600,-0.002181113870222684,-0.0021834959634548174,-0.2181113870222684,-0.21834959634548173
2019-10-08,94.3415756225586,95.38775119540685,94.20658834066921,95.38775119540685,10806300,-0.02229605482620356,-0.022548369320836998,-2.229605482620356,-2.2548369320836996
2019-10-09,95.02496337890625,95.47212524345969,94.5524982382216,95.05871180850583,7273700,0.007243760259864063,0.007217650242495992,0.7243760259864063,0.7217650242495992
2019-10-10,96.35799407958984,97.36198890598776,95.33712825739778,95.45524453852052,10994100,0.014028215884369422,0.013930731097792848,1.4028215884369422,1.3930731097792848
2019-10-11,97.986328125,99.5471560780621,97.75853425726116,97.89352154710691,15076500,0.01689879558996621,0.016757599420474386,1.689879558996621,1.6757599420474385
2019-10-14,98.24785614013672,98.60221140277925,97.58134563123436,97.74164261231712,8779000,0.002669025568578176,0.002665470044952487,0.2669025568578176,0.2665470044952487
2019-10-15,101.20922088623047,102.58443556882612,99.44590892701619,100.2727229051175,23379000,0.030141774715875647,0.02969643812451077,3.0141774715875647,2.9696438124510767
2019-10-16,100.97297668457031,101.76604857926888,100.71986671571003,101.20920922251783,11087700,-0.0023342161869392974,-0.0023369447163549516,-0.23342161869392974,-0.23369447163549517
2019-10-17,101.53826141357422,102.5675659789521,101.14172541509048,101.87573926995537,10818500,0.005598376393020521,0.005582763727184037,0.5598376393020521,0.5582763727184037
2019-10-18,101.71543884277344,102.10353613617019,101.12485740431204,101.24297369200431,10417400,0.0017449326660967657,0.0017434120397622202,0.17449326660967657,0.17434120397622202
2019-10-21,104.23807525634766,104.42368195776662,102.92191229261472,102.97253815377859,12714600,0.024800919528780607,0.024498368876312567,2.4800919528780607,2.449836887631257
2019-10-22,105.28426361083984,105.5458059174209,103.87530034327902,104.15371364773245,12549100,0.01003652793779386,0.00998649647422755,1.003652793779386,0.9986496474227551
2019-10-23,105.56268310546875,105.58799282064578,104.76117231601546,104.7864820311925,8828300,0.002644454974373156,0.0026409645554670257,0.2644454974373156,0.2640964555467026
2019-10-24,105.48672485351562,106.0182545054268,104.67678195763389,105.7060863993338,8020500,-0.0007195559047815658,-0.0007198149093845995,-0.07195559047815658,-0.07198149093845994
2019-10-25,106.33042907714844,106.85352007700257,105.25050508493128,105.4614279408129,9055700,0.007998202852580905,0.007966386763243193,0.7998202852580905,0.7966386763243193
2019-10-28,106.73540496826172,107.32598639649315,106.64259839570323,106.78602439443732,9522200,0.003808654724974714,0.0038014201630482743,0.3808654724974714,0.3801420163048274
2019-10-29,106.66791534423828,107.5031681170663,106.25450831643424,106.35574717565264,9797300,-0.0006323077524604814,-0.0006325077433156814,-0.06323077524604814,-0.06325077433156814
2019-10-30,106.07732391357422,106.52447933140769,105.39392949375556,106.34730490755979,8513700,-0.005536729847565813,-0.0055521143490994615,-0.5536729847565813,-0.5552114349099462
2019-10-31,105.39393615722656,106.07733062025244,104.49962526501733,105.87484003431993,11589100,-0.006442354794927163,-0.006463196323146861,-0.6442354794927163,-0.646319632314686
2019-11-01,107.82376098632812,107.98405797153788,106.32198492230764,106.47384962824884,11682600,0.023054692876037564,0.02279294876231542,2.3054692876037564,2.279294876231542
2019-11-04,108.68433380126953,109.19054092390884,108.4649657951208,108.90368893370896,9159900,0.007981291016648129,0.00794960897757166,0.7981291016648129,0.7949608977571659
2019-11-05,108.92057800292969,109.9330052300786,108.70120997334514,109.165242873954,13747600,0.0021736729977306357,0.0021713139884381337,0.21736729977306357,0.21713139884381336
2019-11-06,109.08930969238281,109.54489742194512,108.48185080382629,108.57465738051437,11231100,0.0015491259094180254,0.001547927251631291,0.15491259094180254,0.1547927251631291
2019-11-07,109.67991638183594,110.76827296457576,109.6124195038323,110.04269761817815,13528900,0.005413974028422697,0.005399371153711268,0.5413974028422697,0.5399371153711268
2019-11-08,110.00048828125,110.017352840092,109.04711288460621,109.57864258343722,9293400,0.002922794892531,0.0029185318322196164,0.2922794892531,0.29185318322196163
2019-11-11,109.61239624023438,109.76426740193844,109.1314987878774,109.34242165923108,8679000,-0.0035280938028506847,-0.0035343322032214777,-0.3528093802850685,-0.35343322032214775
2019-11-12,108.97117614746094,110.20295828987489,108.8446147227199,109.36771210564152,9099000,-0.005849886643916613,-0.00586706425493474,-0.5849886643916613,-0.586706425493474
2019-11-13,108.39746856689453,108.68433342982327,107.50315773361652,108.10218429812477,8023300,-0.005264764507910469,-0.0052786722159204914,-0.5264764507910469,-0.5278672215920491
2019-11-14,108.49872589111328,108.70120360044587,107.64658928530561,107.75627329366738,8483400,0.0009341299714602513,0.0009336939435751446,0.09341299714602513,0.09336939435751447
2019-11-15,109.28336334228516,109.28336334228516,108.32998778951172,109.03025330740509,10163600,0.007231766499814274,0.007205742666662372,0.7231766499814274,0.7205742666662373
2019-11-18,110.20294952392578,110.22825923211913,108.8277415084943,109.30863883787508,8749300,0.008414695096456759,0.008379488911342391,0.8414695096456759,0.8379488911342391
2019-11-19,110.16921997070312,110.73449164032681,109.83173570052651,110.51513651999343,8824500,-0.0003060676086109604,-0.0003061144568608792,-0.03060676086109604,-0.030611445686087924
2019-11-20,109.36772155761719,110.20296781403572,108.78557242513806,109.93299325726393,11782800,-0.007275157374256436,-0.007301750389078453,-0.7275157374256436,-0.7301750389078453
2019-11-21,109.6208267211914,110.28735019300626,109.16523899097824,109.67989130358193,7705500,0.0023142583567572483,0.0023115845852903945,0.23142583567572483,0.23115845852903943
2019-11-22,110.34639739990234,110.70919141220418,109.76426112218768,109.80643539507724,8167900,0.006618912668450827,0.006597103846891068,0.6618912668450827,0.6597103846891068
2019-11-25,110.93698120117188,111.42632373322999,110.41388380554648,110.73449064089348,10068500,0.005352089557842277,0.00533781802555713,0.5352089557842277,0.533781802555713
2019-11-26,111.08885192871094,111.21541337072402,109.98361818649678,111.21541337072402,10490700,0.0013689819742224163,0.001368045772730784,0.13689819742224163,0.13680457727307838
2019-11-27,111.41788482666016,111.73004652676116,111.07196826109954,111.61193024507084,6607900,0.0029618894446794553,0.0029575116922870193,0.2961889444679455,0.2957511692287019
2019-11-29,111.16476440429688,111.71317149005202,110.90322215320644,111.25757096504265,5712000,-0.0022718114130158007,-0.0022743958916045365,-0.22718114130158007,-0.22743958916045365
2019-12-02,110.92011260986328,111.99160432362612,110.81887375850944,111.62881031675909,8615600,-0.0022008034267388954,-0.002203228753699112,-0.22008034267388954,-0.22032287536991121
2019-12-03,109.4942855834961,109.64615675301779,108.49029060437779,109.48585330274364,10361300,-0.012854540018204075,-0.012937874539330872,-1.2854540018204075,-1.2937874539330871
2019-12-04,111.65412902832031,111.76381304193322,109.67146174516166,110.0005009122899,10318200,0.019725627080120045,0.019533598052351882,1.9725627080120045,1.9533598052351882
2019-12-05,112.26155853271484,112.47248135060246,111.51910609416413,111.94095172993937,9587400,0.005440278023578049,0.005425533164339348,0.5440278023578049,0.5425533164339348
2019-12-06,113.93209075927734,114.55642708333868,113.60305160001629,113.63680646818727,10170600,0.014880714720129973,0.01477108314422552,1.4880714720129973,1.4771083144225519
2019-12-09,113.40055084228516,114.28642928296095,113.40055084228516,113.58616395837753,8498200,-0.004665410012664961,-0.004676327006025568,-0.4665410012664961,-0.4676327006025568
2019-12-10,113.47647857666016,113.7042788297421,112.10970280558341,112.42186446349416,7532900,0.0006695534881535625,0.0006693294372206242,0.06695534881535625,0.06693294372206242
2019-12-11,113.2065200805664,113.91523072953181,113.06309406941087,113.29932666116243,9011900,-0.0023789819659532085,-0.002381816239566533,-0.23789819659532085,-0.2381816239566533
2019-12-12,116.4463119506836,116.8259705754466,113.23184918799932,113.46808179335014,13717400,0.02861842116347635,0.02821656316533473,2.861842116347635,2.8216563165334727
2019-12-13,115.42545318603516,117.12971393267155,114.92767819959852,116.38726115716402,10592100,-0.008766776272663646,-0.00880543053711875,-0.8766776272663646,-0.880543053711875
2019-12-16,115.87259674072266,117.13813409142617,115.85573217845234,116.75004317982228,11372000,0.0038738730699789947,0.003866388945835711,0.38738730699789947,0.3866388945835711
2019-12-17,116.58126831054688,116.99468171986899,115.77976407702816,116.2016097655863,11546800,0.0061159548483231685,0.006097328303958214,0.6115954848323168,0.6097328303958214
2019-12-18,116.4631576538086,117.28998451235975,116.19318309442957,116.55596422471905,10381500,-0.0010131186463305797,-0.0010136321979147748,-0.10131186463305797,-0.10136321979147749
2019-12-19,115.88101196289062,116.61501931711294,115.67008912558919,116.22691563204664,9350400,-0.004998539475019381,-0.005011073960319464,-0.4998539475019381,-0.5011073960319464
2019-12-20,115.7882080078125,117.17186133673019,115.50134315860221,116.44628624512039,29992600,-0.0008008555802726525,-0.000801176436420608,-0.08008555802726525,-0.0801176436420608
2019-12-23,115.75445556640625,116.35348211480475,115.48448101725697,116.09193984497895,9738400,-0.0002915015439566293,-0.0002915440387901009,-0.02915015439566293,-0.02915440387901009
2019-12-24,116.0750503540039,116.11723749365643,115.63632727429119,115.86412752944881,3324300,0.0027696107767853917,0.002765782471838671,0.27696107767853917,0.2765782471838671
2019-12-26,117.30687713623047,117.35750944732989,116.24383032996691,116.3366369230805,6770900,0.010612330371339462,0.01055641484155122,1.0612330371339462,1.055641484155122
2019-12-27,117.39122009277344,117.92274979079114,116.99468410753943,117.52621380555715,7868200,0.0007189941340355332,0.0007187357815816601,0.07189941340355332,0.07187357815816602
2019-12-30,116.9609603881836,118.18431052634239,116.82596665431078,118.0324393573077,6963000,-0.0036651778919225553,-0.0036719111137510302,-0.3665177891922555,-0.367191111375103
2019-12-31,117.61061096191406,117.67810783881781,116.67411271465814,116.8597259077152,7201600,0.0055544223608829935,0.0055390534410518655,0.5554422360882993,0.5539053441051865
2020-01-02,119.0363998413086,119.04484499329799,117.49244325100531,117.93959860039449,10803700,0.012122961250972786,0.012050066696780052,1.2122961250972786,1.2050066696780053
2020-01-03,117.465576171875,118.22128163569708,116.39570495142634,116.7523286915759,10386800,-0.013196162447181803,-0.013284005448382203,-1.3196162447181803,-1.3284005448382203
2020-01-06,117.37217712402344,117.40614869434961,115.90322413818416,115.95416853731555,10259000,-0.0007951184584912285,-0.0007954347328342372,-0.07951184584912285,-0.07954347328342372
2020-01-07,115.37678527832031,117.05801528788122,115.32584087747883,116.56553115248292,10531300,-0.017000552384698997,-0.017146720772767243,-1.7000552384698997,-1.7146720772767243
2020-01-08,116.27682495117188,116.82025342840481,115.13902360139618,115.22392660812692,9695300,0.007800873205822345,0.0077706037115168975,0.7800873205822345,0.7770603711516898
2020-01-09,116.70137023925781,117.37215965524912,116.36171936833645,117.21932648060145,9469000,0.0036511599647153226,0.003644510660372256,0.36511599647153226,0.3644510660372256
2020-01-10,115.5381088256836,116.54004984758033,115.3173324974738,116.50609123512506,10190900,-0.009967847088593218,-0.010017858692600462,-0.9967847088593218,-1.0017858692600463
2020-01-13,116.49757385253906,116.49757385253906,115.27485669148223,115.63997973979892,12355200,0.008304316529042843,0.008270025404638833,0.8304316529042843,0.8270025404638833
2020-01-14,117.85614776611328,119.5203915519284,116.91363772953002,117.1259146480726,24906000,0.01166182151822226,0.01159434655829738,1.166182151822226,1.1594346558297381
2020-01-15,116.09002685546875,117.68635376729931,115.60602915955336,117.04952287668915,16293400,-0.0149853948573766,-0.01509881036401245,-1.49853948573766,-1.509881036401245
2020-01-16,116.5400390625,117.09195391923353,116.19190177435432,116.70985802177523,10783800,0.0038764071231676134,0.003868913217119465,0.38764071231676134,0.3868913217119465
2020-01-17,117.34669494628906,117.42311153848834,116.59948889530159,116.78628069078088,14697700,0.00692170596713515,0.0068978609293798504,0.692170596713515,0.6897860929379851
2020-01-21,116.19189453125,117.23630633058109,116.06453355882195,116.48908740872247,8474200,-0.009840928332643939,-0.00988967030902647,-0.9840928332643939,-0.988967030902647
2020-01-22,116.05602264404297,116.66738116358778,115.80130072452762,116.53153379196425,7549100,-0.001169374918579047,-0.00117005917091284,-0.1169374918579047,-0.11700591709128401
2020-01-23,115.93717193603516,116.10700385910617,114.39180249567082,115.23242387198839,9345700,-0.0010240804854423358,-0.0010246052141362006,-0.10240804854423358,-0.10246052141362005
2020-01-24,113.05870819091797,115.84378097990654,112.35396005740238,115.79283658050618,15166400,-0.024827789888693275,-0.02514119782559572,-2.4827789888693275,-2.5141197825595722
2020-01-27,112.10771179199219,112.88040306840392,110.13778825767731,110.61328659505132,12860500,-0.00841152719806304,-0.008447103735446626,-0.841152719806304,-0.8447103735446626
2020-01-28,114.14556121826172,114.60408670945495,112.48980351419169,112.79548285620136,13062800,0.018177602536840753,0.018014365128504146,1.8177602536840753,1.8014365128504146
2020-01-29,113.9757308959961,115.08805998759317,113.51721840679923,114.4682149511223,9326000,-0.0014878399164457434,-0.0014889478493417833,-0.14878399164457434,-0.14889478493417832
2020-01-30,115.38524627685547,115.58903679169038,112.66810419416709,112.66810419416709,9048900,0.012366802737554528,0.012290958492923781,1.2366802737554528,1.229095849292378
2020-01-31,112.38790130615234,114.48519846646036,111.6321959336448,114.19650494355994,12785200,-0.02597684771163289,-0.026320205305512774,-2.597684771163289,-2.6320205305512774
2020-02-03,113.24552917480469,113.98426194095998,112.64266975376877,112.64266975376877,10021100,0.007630962574130651,0.0076019940576672294,0.7630962574130651,0.760199405766723
2020-02-04,114.87580108642578,115.98814330904722,114.69749568454448,115.09657743056599,9157100,0.01439590528209389,0.0142932681016816,1.439590528209389,1.42932681016816
2020-02-05,116.82872009277344,116.94759464718676,115.48712843219191,115.96263960619987,10150700,0.017000264528108877,0.01685737717269082,1.7000264528108877,1.685737717269082
2020-02-06,116.84571838378906,117.42310543665562,116.42116450737915,117.3806604140995,8992300,0.00014549753692527645,0.00014548695318524374,0.014549753692527645,0.014548695318524374
2020-02-07,116.47211456298828,116.89666846004212,115.73339492814875,116.09850506056382,6379800,-0.0031974113041408625,-0.003202533946041339,-0.31974113041408625,-0.3202533946041339
2020-02-10,116.95609283447266,117.04949519459355,116.11547159338464,116.28529053278046,5960700,0.004155314542886979,0.004146705065229838,0.41553145428869787,0.41467050652298376
2020-02-11,117.17688751220703,117.87316219328795,116.99008274198327,117.39765089685419,6578600,0.0018878424576551645,0.001886062722636894,0.18878424576551645,0.18860627226368942
2020-02-12,117.17688751220703,118.27223097728448,117.00706852737399,117.6863574230642,7958000,0.0,0.0,0.0,0.0
2020-02-13,117.07498931884766,117.46557165698874,115.81830042792826,116.96460115720227,7447500,-0.000869610001791199,-0.0008699883319178165,-0.0869610001791199,-0.08699883319178164
2020-02-14,116.71837615966797,117.3382212910538,116.27683642946798,117.0410283472665,6627600,-0.0030460234184473967,-0.003050671989952086,-0.30460234184473967,-0.3050671989952086
2020-02-18,115.17296600341797,116.93062513237597,114.67199557823523,116.6164464782546,8996400,-0.013240504255610186,-0.013328941232998512,-1.3240504255610186,-1.3328941232998512
2020-02-19,116.74384307861328,117.50803496184152,115.76736127631322,116.25135897035334,7071200,0.013639286455023658,0.013547108601829566,1.3639286455023658,1.3547108601829565
2020-02-20,116.74384307861328,117.48256276282441,115.92869384099326,116.47212234728741,7422800,0.0,0.0,0.0,0.0
2020-02-21,115.3173599243164,116.25987035949183,114.5616542929675,115.94570453322014,9772800,-0.01221891550491705,-0.012294180183192097,-1.221891550491705,-1.2294180183192096
2020-02-24,112.21810150146484,113.10116800350939,111.06331425641696,111.60674278606548,13618400,-0.026875905109912557,-0.027243666500832254,-2.6875905109912557,-2.7243666500832253
2020-02-25,107.20836639404297,112.27753516862072,106.6394591716508,111.23313606843034,20797200,-0.04464284318119993,-0.045670022219117375,-4.464284318119994,-4.567002221911737
2020-02-26,107.53101348876953,109.49245047415594,107.2762785522509,107.77725553322327,24825600,0.003009532796542036,0.0030050132183240237,0.3009532796542036,0.30050132183240236
2020-02-27,103.05621337890625,106.66492143648834,102.99677609355557,104.36384013479974,23005500,-0.04161404198362384,-0.04250470321370341,-4.1614041983623835,-4.250470321370341
2020-02-28,98.58991241455078,100.61078675378,95.66049294017571,99.7871511075099,45931400,-0.043338492827542985,-0.044305652110645584,-4.333849282754299,-4.430565211064558
2020-03-02,103.18358612060547,103.23453699826767,97.18888659606439,99.03144913006938,27355400,0.04659374974124342,0.0455408429729589,4.659374974124342,4.55408429729589
2020-03-03,99.3116455078125,104.39779931335069,98.70028686763315,102.71656953103576,32547700,-0.037524772673313334,-0.03824695099382518,-3.7524772673313334,-3.8246950993825175
2020-03-04,101.76556396484375,102.05426397253319,97.39265769556216,100.47492301719517,25795900,0.024709271953793355,0.02440893523950587,2.4709271953793355,2.440893523950587
2020-03-05,96.77281951904297,98.86162398398,95.59256016460512,98.21630022530869,25025600,-0.04906123693792519,-0.0503056106634544,-4.9061236937925194,-5.03056106634544
2020-03-06,91.77155303955078,93.67355229270345,89.17327931959161,90.22617743170603,38159400,-0.05168048739664999,-0.053063794900740494,-5.168048739664998,-5.3063794900740495
2020-03-09,79.34063720703125,84.25697228905675,78.96702769117414,81.99834236599851,40352000,-0.13545500125907406,-0.14555192345990825,-13.545500125907406,-14.555192345990825
2020-03-10,85.5051498413086,85.99763390263438,80.30861443533281,84.06166922368824,31102700,0.07769678756412901,0.07482615979049322,7.769678756412901,7.482615979049322
2020-03-11,81.48040008544922,84.9532550540295,80.28316121549709,82.95784614047642,38127000,-0.04707026142085036,-0.048214104615494684,-4.707026142085036,-4.821410461549468
2020-03-12,74.76394653320312,82.32949388030961,73.29498714652354,76.07156688204338,49725200,-0.08243029667505919,-0.08602673101269039,-8.243029667505919,-8.602673101269039
2020-03-13,88.23079681396484,88.29872051624785,78.11791955354056,81.50585794637476,38543300,0.18012492525098311,0.16562030173062683,18.01249252509831,16.562030173062684
2020-03-16,75.02716064453125,79.79914848946025,71.79206221866731,72.3439770687424,38589700,-0.14964883743794744,-0.16210588238753443,-14.964883743794744,-16.21058823875344
2020-03-17,79.61235809326172,82.73707540772259,74.29694085372239,77.17541610111513,35239800,0.061113834101419906,0.05931914332200429,6.111383410141991,5.931914332200429
2020-03-18,71.23165893554688,77.09050455388177,68.23430918087756,74.44128565842992,41525600,-0.10526882205771737,-0.11123196566535819,-10.526882205771738,-11.12319656653582
2020-03-19,72.42891693115234,74.81490840203932,65.30490113860259,69.25324826180812,32175100,0.01680794766676419,0.016668257214609475,1.680794766676419,1.6668257214609474
2020-03-20,70.90050506591797,75.96118704533737,70.03441791431379,73.27800962347175,30150800,-0.021102232782069796,-0.021328067626608778,-2.1102232782069796,-2.132806762660878
2020-03-23,67.10497283935547,71.11276176266723,66.30680961939072,70.20421688643845,32536600,-0.05353321845921544,-0.05501940504923946,-5.353321845921544,-5.501940504923946
2020-03-24,75.08660125732422,76.5046096954031,70.39103626963247,72.08925182992189,34363200,0.11894242826200374,0.11238397873188011,11.894242826200374,11.23839787318801
2020-03-25,77.888671875,80.79261938885287,71.78358389457085,75.774388502859,38111700,0.03731785126447518,0.03663839266308053,3.7317851264475177,3.663839266308053
2020-03-26,83.31446075439453,83.69655667810491,79.4255454249282,79.88406442028777,29826300,0.06966082164171628,0.06734160910225263,6.9660821641716275,6.734160910225263
2020-03-27,77.37918090820312,80.52936963835707,76.88670337491442,79.12834714234567,30041500,-0.07123949182949418,-0.07390436869869046,-7.123949182949419,-7.390436869869046
2020-03-30,79.3915786743164,79.89254916284263,75.82532853369332,76.97162275902372,21656900,0.026006966505637275,0.02567453669203414,2.6006966505637275,2.567453669203414
2020-03-31,76.44515991210938,79.96046502894659,75.85927356657744,78.16036097536798,23379300,-0.037112484868123796,-0.03781868072308676,-3.7112484868123796,-3.7818680723086757
2020-04-01,71.6307373046875,73.49877194587398,70.68822709187488,72.2590752871697,28029600,-0.06297877606583746,-0.06504934605663365,-6.2978776065837465,-6.504934605663365
2020-04-02,74.30541229248047,74.64505664823974,70.441969892301,70.90898169124218,24018000,0.03733976625727031,0.03665951903363041,3.7339766257270313,3.6659519033630414
2020-04-03,72.10911560058594,75.05181969975959,71.01095823303676,73.78207872082517,21199400,-0.029557694710709348,-0.030003326579880536,-2.955769471070935,-3.0003326579880536
2020-04-06,76.75053405761719,78.06316791208053,75.24057312221986,76.34730529542333,26820800,0.06436659801432287,0.06237987858270604,6.436659801432287,6.237987858270604
2020-04-07,77.76287841796875,81.07449315955418,77.53981448764826,81.03159398412883,22563800,0.013190062750463527,0.013103831310535094,1.3190062750463527,1.3103831310535095
2020-04-08,80.90290832519531,81.38334766431576,77.68566658180995,79.01545590844552,22903300,0.040379548328306036,0.03958559689079171,4.037954832830604,3.958559689079171
2020-04-09,88.16101837158203,89.55944397314734,83.12495950408035,83.15069639467724,42055900,0.08971383349053652,0.08591512368982036,8.971383349053653,8.591512368982036
2020-04-13,84.24026489257812,88.4612847389752,83.4767066638984,88.4612847389752,26911900,-0.04447264280091079,-0.04549188442011313,-4.447264280091079,-4.549188442011313
2020-04-14,81.93243408203125,87.50898718709097,80.33668143909756,86.66821168507913,46151300,-0.027395816163325093,-0.027778079318357327,-2.7395816163325093,-2.7778079318357327
2020-04-15,77.89157104492188,78.95540385390291,77.32533333571718,78.2004267871253,30118600,-0.04931945550480821,-0.0505771882262651,-4.931945550480821,-5.0577188226265095
2020-04-16,74.9231185913086,77.70281330209548,74.68289894964106,77.41111989306899,32449600,-0.038110060097533593,-0.03885524244727137,-3.8110060097533593,-3.885524244727137
2020-04-17,81.65789031982422,82.10401165529436,78.03741967762187,78.92966889405763,30191900,0.0898891003890605,0.08607594830257659,8.98891003890605,8.607594830257659
2020-04-20,78.68087005615234,81.25466367216843,77.60845604947897,79.33289960494854,23679400,-0.036457227244200974,-0.03713839900896203,-3.6457227244200974,-3.7138399008962026
2020-04-21,76.39877319335938,78.39774784191738,75.78106170459651,76.02986252898685,23035000,-0.029004469080785467,-0.029433413256280825,-2.9004469080785467,-2.9433413256280825
2020-04-22,76.64756774902344,78.81813911195725,76.510302165189,77.80578006738374,16662400,0.00325652553391631,0.0032512345383693213,0.325652553391631,0.32512345383693214
2020-04-23,76.69046783447266,78.31195724479467,76.5789391371923,76.99074243907017,16638800,0.0005597057637849456,0.0005595491869358576,0.05597057637849456,0.055954918693585765
2020-04-24,77.82293701171875,78.15752965025418,75.91832873359684,77.76288209058407,15809200,0.014766752755901669,0.014658785845138618,1.4766752755901669,1.4658785845138618
2020-04-27,81.17744445800781,82.04395017140496,78.5350150528783,78.87818880797867,22870200,0.04310435425720227,0.042201223034093995,4.310435425720227,4.2201223034094
2020-04-28,81.75225830078125,84.38610661249527,81.52919437386711,83.9142418720029,20238900,0.007080955142296785,0.007056002900657881,0.7080955142296785,0.7056002900657882
2020-04-29,83.95716094970703,85.3212686302419,83.45097805850148,85.00383822547415,20462600,0.026970541178367835,0.02661324619068239,2.6970541178367835,2.661324619068239
2020-04-30,82.15550231933594,83.08206313972036,81.11740624192183,82.01823017083673,19127600,-0.02145926100872253,-0.021692858887718054,-2.145926100872253,-2.1692858887718054
2020-05-01,80.00206756591797,80.42245193272167,78.79238168662289,80.21655032078638,18547700,-0.026211692371469364,-0.026561342259275696,-2.6211692371469364,-2.6561342259275698
2020-05-04,79.04977416992188,79.50447662370178,77.9001495921006,78.94682007745477,15725900,-0.011903359812687975,-0.01197477206297293,-1.1903359812687975,-1.1974772062972932
2020-05-05,78.92967987060547,80.82570726464631,78.84388804941061,80.345267829558,18064100,-0.0015192238128126645,-0.0015203790034530363,-0.15192238128126645,-0.15203790034530362
2020-05-06,77.44544219970703,79.58169548063148,77.15374874990736,79.06693809860575,20978000,-0.01880455708589779,-0.0189836110092177,-1.8804557085897788,-1.89836110092177
2020-05-07,78.25189971923828,79.7103866073729,77.71140544895327,78.36342841280639,16771900,0.010413234099066138,0.010359389849470475,1.0413234099066138,1.0359389849470475
2020-05-08,79.53022766113281,80.71417702592979,79.02405134380375,79.61602602620223,20487800,0.016336062721557854,0.016204064859057177,1.6336062721557854,1.6204064859057177
2020-05-11,77.18807220458984,78.1661132628034,76.63899675245226,78.1661132628034,31907600,-0.029449877429278404,-0.029892231575083732,-2.9449877429278404,-2.9892231575083734
2020-05-12,74.66575622558594,77.89157958361466,74.55422751859014,77.34250410294969,27962900,-0.03267753562128628,-0.03322337026643252,-3.267753562128628,-3.3223370266432517
2020-05-13,72.09196472167969,74.51991182545794,71.55147036932998,74.1081019292656,35451600,-0.034470842244336386,-0.035078977926208454,-3.4470842244336386,-3.5078977926208452
2020-05-14,75.08615112304688,75.59233403838043,70.69354666847553,70.96808444688624,35152500,0.041532872809426635,0.040693544167911405,4.1532872809426635,4.069354416791141
2020-05-15,73.69628143310547,74.88022397278243,73.1815240917457,74.51131334480056,26099000,-0.018510333385763356,-0.01868379347770432,-1.8510333385763356,-1.868379347770432
2020-05-18,77.59988403320312,78.20043987488441,75.39500083792953,76.08992964693935,30504400,0.052968786541027546,0.05161359030131358,5.296878654102755,5.161359030131358
2020-05-19,76.07274627685547,78.24331083299202,76.00411022045327,77.25669534056239,19597300,-0.019679639671809745,-0.01987586244305356,-1.9679639671809745,-1.987586244305356
2020-05-20,78.35485076904297,79.26425566178351,77.53123767921277,77.8229311182069,20552400,0.02999897603120738,0.029557808096591386,2.999897603120738,2.9557808096591387
2020-05-21,77.35964965820312,78.72376358037347,76.93068408634375,77.44544146347597,14621400,-0.012701206129193898,-0.01278255600955295,-1.2701206129193898,-1.278255600955295
2020-05-22,76.75911712646484,77.52267548636681,76.11566862909825,77.22240083002838,13557900,-0.007762865193826518,-0.00779315308084712,-0.7762865193826518,-0.779315308084712
2020-05-26,82.20697784423828,83.64830270654005,79.45301912520561,79.69323884467316,41233900,0.07097346767026758,0.06856801774162843,7.097346767026758,6.856801774162843
2020-05-27,86.96846008300781,88.00655571512009,84.76357787114264,87.56900911133938,39402000,0.05792065787640732,0.05630533806864477,5.792065787640732,5.630533806864476
2020-05-28,85.67301940917969,88.32402396167672,85.27837180001329,88.3154493615074,24713900,-0.01489552272848893,-0.015007575138941808,-1.489552272848893,-1.5007575138941809
2020-05-29,83.48529815673828,85.0896321488167,83.03059558534356,84.64351072372098,26526400,-0.025535708529107803,-0.02586740362955104,-2.5535708529107803,-2.586740362955104
2020-06-01,84.59201049804688,85.37273099023453,83.54533344260619,83.86277032604984,15176800,0.013256374065177434,0.013169277219721599,1.3256374065177434,1.3169277219721598
2020-06-02,84.87511444091797,86.15342980343743,84.01718343738922,86.03331998658294,21195000,0.003346698360805922,0.0033411106293438886,0.3346698360805922,0.33411106293438886
2020-06-03,89.45648193359375,90.01413851390076,86.70252361047267,87.14865149291647,25941100,0.05397774745699935,0.05257133742665917,5.397774745699935,5.257133742665917
2020-06-04,91.31819915771484,91.46404589101176,88.186748963981,89.07041705400958,26784700,0.02081142901978983,0.020597829685788317,2.081142901978983,2.0597829685788316
2020-06-05,95.42770385742188,99.32270630054424,93.9692166822449,98.60204713166587,42231000,0.0450020339604984,0.04401883178856282,4.50020339604984,4.401883178856282
2020-06-08,97.33228302001953,97.96715676206004,96.03681174058812,97.29797153522897,24881800,0.0199583463251225,0.01976178952617492,1.99583463251225,1.9761789526174922
2020-06-09,94.83572387695312,95.77086582440144,93.52309007413314,94.93009684079604,17031100,-0.02564985702177469,-0.025984550229842616,-2.564985702177469,-2.5984550229842616
2020-06-10,90.99217224121094,94.80996964195856,90.81200749196817,94.7670704678791,24913300,-0.040528521095374304,-0.041372688932273916,-4.05285210953743,-4.137268893227391
2020-06-11,83.39949035644531,87.14865202040652,82.82467802894766,85.81885605512515,36259200,-0.08344324239933743,-0.08713128497758242,-8.344324239933743,-8.713128497758243
2020-06-12,85.68158721923828,86.76257576699237,83.50244128957475,86.40224625107435,24856800,0.027363438949559615,0.02699575242363459,2.7363438949559615,2.699575242363459
2020-06-15,86.86551666259766,87.01994450959538,82.24985008421238,82.72170822273733,22153600,0.013817781413525632,0.01372318627251562,1.3817781413525632,1.372318627251562
2020-06-16,87.5604476928711,90.66616069230724,85.20113712148729,90.4002041406369,22193600,0.008000079398280402,0.00796824841730909,0.8000079398280402,0.7968248417309091
2020-06-17,85.34700012207031,87.97226754460738,85.11535502861368,87.9636863997212,15639800,-0.02527908009978108,-0.02560408495740801,-2.527908009978108,-2.560408495740801
2020-06-18,84.88372802734375,86.23925455644331,84.18879919793875,84.65208290237655,16591900,-0.00542810050808995,-0.005442886175317808,-0.542810050808995,-0.5442886175317808
2020-06-19,83.91424560546875,86.30787435415358,82.98768491686121,86.24781943410036,40371200,-0.011421298809622282,-0.01148702275732667,-1.1421298809622282,-1.148702275732667
2020-06-22,83.00482177734375,84.0343363284776,82.82465705817003,83.43378726456517,16216900,-0.010837538031393978,-0.010896691923286886,-1.0837538031393978,-1.0896691923286885
2020-06-23,84.01720428466797,85.76738475160003,83.94856821643634,84.9094535351919,15381400,0.012196671056530661,0.012122890972565423,1.2196671056530661,1.2122890972565423
2020-06-24,81.21176147460938,83.08204499830217,80.91148035170946,83.00483434075296,22919800,-0.03339128972386607,-0.033961508359805416,-3.339128972386607,-3.3961508359805417
2020-06-25,84.04293823242188,84.25742102901712,80.86859546101043,80.94580612594687,25743600,0.034861659276995915,0.03426775524939633,3.4861659276995915,3.4267755249396328
2020-06-26,79.43583679199219,81.82089072973743,78.92966058874967,81.59782681272632,41896300,-0.054818424216543815,-0.05637822625943109,-5.481842421654381,-5.637822625943109
2020-06-29,79.78761291503906,81.065928751584,79.08410949309192,80.13078675280521,18499700,0.004428431011157086,0.004418654363393651,0.44284310111570857,0.44186543633936515
2020-06-30,80.6969985961914,81.21176250167571,79.41868306736059,79.64174699003746,19137000,0.011397579748634534,0.011333116689391968,1.1397579748634534,1.1333116689391969
2020-07-01,80.01067352294922,82.11260255434343,79.81334644725482,81.40909916201387,18755700,-0.00850496406534973,-0.008541337656453171,-0.8504964065349729,-0.8541337656453171
2020-07-02,80.27055358886719,82.26301957751744,79.63815804314207,82.07243443745568,27845600,0.003248067469941107,0.0032428038933513693,0.3248067469941107,0.3242803893351369
2020-07-06,82.29768371582031,82.47093935361573,80.98092368444992,81.80389787789655,18625300,0.025253720527900647,0.024940114181667722,2.5253720527900647,2.4940114181667723
2020-07-07,79.97603607177734,81.51803398177893,79.69882303862289,81.2754734039288,25757200,-0.02821036436529345,-0.028615922188933378,-2.821036436529345,-2.8615922188933376
2020-07-08,80.82498931884766,80.85963515827723,79.5255522340384,79.95003316447803,18762200,0.010615095330661184,0.010559150762592626,1.0615095330661184,1.0559150762592626
2020-07-09,79.07508087158203,81.5353519757883,78.6419351554938,81.01557182905914,25600800,-0.02165058680505838,-0.021888399548732403,-2.165058680505838,-2.1888399548732402
2020-07-10,83.39787292480469,83.8916587747448,79.5861959263164,79.69881143269605,28954200,0.054666931801724994,0.053225012629546486,5.466693180172499,5.322501262954649
2020-07-13,84.59335327148438,85.99674105545695,83.36322111712268,85.52894953365183,32079200,0.0143346623211551,0.014232892454037322,1.43346623211551,1.4232892454037323
2020-07-14,85.07846069335938,86.58580557920868,83.71838373001678,85.2170704622675,42731700,0.005734580828332447,0.005718200711927025,0.5734580828332447,0.5718200711927025
2020-07-15,86.39521789550781,87.74662995260765,85.45962188246476,87.40011217637576,22508400,0.015476974917239206,0.015358428139931104,1.5476974917239206,1.5358428139931104
2020-07-16,86.63780212402344,87.68601389296224,85.37301751168542,85.57226082641665,16886900,0.002807843239761576,0.002803908611424303,0.2807843239761576,0.2803908611424303
2020-07-17,85.03515625,86.6984339415737,85.01782672299387,86.62912905210528,16137700,-0.018498228656923077,-0.018671460536656928,-1.8498228656923077,-1.8671460536656928
2020-07-20,84.29014587402344,85.23440021566081,84.25549342901682,84.40276136333637,14458100,-0.008761204292801694,-0.008799809292725546,-0.8761204292801694,-0.8799809292725546
2020-07-21,86.11801147460938,86.67243731457637,84.58467234745271,84.64531246715919,17798100,0.02168540084528736,0.021453617431509996,2.168540084528736,2.1453617431509997
2020-07-22,85.49429321289062,86.7417482299909,84.48939210069047,86.32593209405026,14271200,-0.007242599440450914,-0.0072689543931231245,-0.7242599440450914,-0.7268954393123125
2020-07-23,85.74552154541016,86.06604511801594,84.87056542300269,85.32969878537854,12870200,0.002938539206283064,0.0029342301394602423,0.2938539206283064,0.2934230139460242
2020-07-24,85.13911437988281,86.45588095719603,84.8445784879419,86.28261871845555,12744200,-0.007072173037121154,-0.007097299388204871,-0.7072173037121154,-0.7097299388204871
2020-07-27,83.94361877441406,84.57600765051872,83.31122328903206,84.47205693624254,11959100,-0.014041673021574552,-0.014141190000443647,-1.4041673021574552,-1.4141190000443646
2020-07-28,84.30746459960938,84.80125035016295,83.59710603549237,83.59710603549237,11754300,0.004334407195061507,0.004325040707887952,0.4334407195061507,0.43250407078879516
2020-07-29,86.3519287109375,86.37791639596287,84.03026744900617,84.09090758382501,12743500,0.024250096015075773,0.023960731186675254,2.4250096015075773,2.3960731186675255
2020-07-30,84.04756164550781,84.67129231006882,83.20726480998856,84.49803672959153,14834800,-0.026685762551332703,-0.027048291639963973,-2.6685762551332703,-2.704829163996397
2020-07-31,83.71839141845703,83.9696166907166,82.51424702991237,83.57978824609758,14535000,-0.00391647563125197,-0.0039241651055959975,-0.391647563125197,-0.39241651055959975
2020-08-03,83.25060272216797,84.52405214536243,83.03402987085677,84.04758922876623,12962800,-0.005587645538372432,-0.005603314826582936,-0.5587645538372432,-0.5603314826582936
2020-08-04,82.7741470336914,83.1206583109568,82.32367179840006,83.08601247065343,13366200,-0.005723150018104195,-0.005739589996819386,-0.5723150018104195,-0.5739589996819386
2020-08-05,84.2121810913086,85.30371003967811,82.92140883422434,83.0513538581957,15260900,0.017372985517227546,0.017223800584206556,1.7372985517227546,1.7223800584206557
2020-08-06,84.23817443847656,84.98318557611033,83.63177309820672,84.53271695323542,10482100,0.0003086649322119328,0.00030861730499206043,0.03086649322119328,0.03086173049920604
2020-08-07,86.0920181274414,86.18731068934667,83.64907717799561,83.96960730524762,14743700,0.022007168380872244,0.021768505828217773,2.2007168380872244,2.1768505828217775
2020-08-10,87.1835708618164,88.39638021176032,86.65513254940713,86.72443745152489,14989900,0.012678907500567327,0.01259920315516137,1.2678907500567327,1.259920315516137
2020-08-11,89.93836975097656,91.96549499319457,89.66982154129963,89.97302219888304,31518600,0.03159768362237014,0.031108749600246066,3.1597683622370143,3.1108749600246064
2020-08-12,89.17603302001953,92.19938795841152,88.11049175937036,91.96549220373551,19240800,-0.008476212467135036,-0.008512339849799542,-0.8476212467135036,-0.8512339849799542
2020-08-13,88.68223571777344,89.53986218606845,88.04984021091181,88.36170558288774,13598600,-0.005537332010891793,-0.0055527198651867445,-0.5537332010891793,-0.5552719865186745
2020-08-14,88.7168960571289,89.49655294719106,87.85926290321545,87.92856779410752,12134400,0.00039083745549417515,0.00039076109843068563,0.039083745549417515,0.039076109843068564
2020-08-17,86.37791442871094,88.36172252157344,86.22198171283112,87.92857682293828,14988000,-0.026364556610634637,-0.026718333504144032,-2.6364556610634637,-2.671833350414403
2020-08-18,85.17375183105469,86.55115829708693,85.000496232098,86.55115829708693,13246500,-0.013940630607029325,-0.014038713826097367,-1.3940630607029325,-1.4038713826097367
2020-08-19,85.3730239868164,87.1402527068246,85.19109696839755,85.69354758941907,13533000,0.002339595843529052,0.0023368632504525266,0.2339595843529052,0.23368632504525266
2020-08-20,84.35078430175781,84.92253310965748,83.85699853659439,84.25549173222821,13672600,-0.011973801996476685,-0.012046065387919306,-1.1973801996476685,-1.2046065387919307
2020-08-21,84.30746459960938,85.39032866742664,83.97827630233293,84.26414739318558,12228300,-0.0005135660860421387,-0.0005136980062729429,-0.05135660860421387,-0.05136980062729429
2020-08-24,86.68112182617188,86.81106686770765,84.39411288854792,85.28639203953189,17898300,0.02815476942445616,0.027765709615710732,2.815476942445616,2.776570961571073
2020-08-25,87.06228637695312,88.34440056700491,86.4558850359496,87.72932785205701,13648900,0.004397319078837336,0.004387679120945825,0.4397319078837336,0.4387679120945825
2020-08-26,85.84081268310547,86.86303681173699,85.80616684285533,86.57716566936024,12052400,-0.014029883026033252,-0.01412923216741213,-1.4029883026033252,-1.412923216741213
2020-08-27,88.66490936279297,88.92479938515963,85.76283495632833,85.76283495632833,22163900,0.03289923046410426,0.03236963500558635,3.2899230464104257,3.2369635005586352
2020-08-28,89.02876281738281,89.44458559068121,88.19712388006474,89.34929300949364,13756700,0.0041036917220662605,0.004095294544304951,0.41036917220662605,0.4095294544304951
2020-08-31,86.7937240600586,88.51764182889116,86.6464495217797,88.46566646789735,14219400,-0.02510468175221936,-0.025425179648132835,-2.510468175221936,-2.5425179648132836
2020-09-01,86.75041961669922,87.38281524203947,85.79750040570113,86.23931086698599,11595600,-0.0004989351917819018,-0.0004990597013612306,-0.04989351917819018,-0.049905970136123065
2020-09-02,88.05851745605469,88.30974274182839,86.24796508936782,86.58581818868592,14475700,0.015078864691781435,0.014966308679049429,1.5078864691781435,1.496630867904943
2020-09-03,87.78130340576172,90.95192628552134,87.18356026389556,89.50522132838861,23281200,-0.0031480662893434985,-0.0031530318740896983,-0.31480662893434985,-0.31530318740896984
2020-09-04,89.67847442626953,91.14250887020935,87.81595337801926,90.1376143770896,26325500,0.021612472666739713,0.021382234615011226,2.1612472666739713,2.1382234615011226
2020-09-08,86.5598373413086,89.7218023549729,86.1786736097565,89.210693588203,22108600,-0.034775759789769545,-0.03539483136278856,-3.4775759789769545,-3.539483136278856
2020-09-09,87.3828125,88.09317115601094,86.24796631581185,87.32217236872877,13434000,0.00950758670497942,0.00946267405205414,0.950758670497942,0.946267405205414
2020-09-10,86.48187255859375,88.72556412538088,86.31727507665315,87.841949800249,15922800,-0.010310264863656715,-0.010363783825363184,-1.0310264863656715,-1.0363783825363184
2020-09-11,87.55607604980469,87.80730136187645,86.27396180359004,86.60315678250852,13784300,0.012421140516853724,0.012344631056011949,1.2421140516853724,1.2344631056011948
2020-09-14,88.76887512207031,89.6265017024662,87.81595596504395,87.93723622452303,19017400,0.013851683709257934,0.013756625939402755,1.3851683709257934,1.3756625939402756
2020-09-15,86.00540924072266,89.0980692781706,85.8841289733152,88.99411853998072,23683000,-0.031131022867502578,-0.03162589075122434,-3.113102286750258,-3.162589075122434
2020-09-16,86.36924743652344,87.60804436704038,85.55493803840143,86.13535167337574,19270600,0.004230410610365443,0.0042214875799360015,0.42304106103654426,0.42214875799360013
2020-09-17,85.38166046142578,86.05736655501268,84.64531424685742,85.50294070338869,18290100,-0.0114344747049403,-0.011500350965903173,-1.14344747049403,-1.1500350965903172
2020-09-18,85.19975280761719,86.18732441621704,84.41143111726538,84.80125958039956,20121600,-0.002130523731039169,-0.0021327965254588524,-0.2130523731039169,-0.21327965254588524
2020-09-21,82.56621551513672,83.2072757878894,81.27544342523653,82.47092295051883,28378800,-0.03091015179852752,-0.031397948787706804,-3.091015179852752,-3.1397948787706804
2020-09-22,81.66526794433594,82.86941878444314,81.14549454982934,82.26301098312103,19257000,-0.010911818655847338,-0.010971789206575397,-1.0911818655847338,-1.0971789206575397
2020-09-23,80.33985900878906,82.60087999087403,80.27056072292606,82.10709417922781,19952700,-0.016229775140764735,-0.01636292051981275,-1.6229775140764735,-1.6362920519812751
2020-09-24,80.27055358886719,81.69127076661015,79.16169519298766,79.97601111533228,18366500,-0.0008626529941294647,-0.0008630252933490282,-0.08626529941294647,-0.08630252933490283
2020-09-25,80.97225189208984,81.18882472517694,79.58618708218806,79.74211978638192,13293100,0.008741665179196945,0.008703678044166163,0.8741665179196945,0.8703678044166163
2020-09-28,83.30255889892578,83.96960016627433,81.7345674467877,82.34963336088948,20894100,0.028779081134380435,0.028372741026979075,2.8779081134380435,2.8372741026979074
2020-09-29,82.60088348388672,83.18996189894382,81.7172691659405,83.18996189894382,12848200,-0.008423215616826796,-0.008458891375151933,-0.8423215616826796,-0.8458891375151933
2020-09-30,83.39787292480469,84.20352421778897,82.5229233405832,82.60088639670471,16400600,0.00964867937609215,0.009602428140147792,0.9648679376092151,0.9602428140147792
2020-10-01,84.0042724609375,84.69730156872058,83.18995648478199,84.13421748404633,15778700,0.007271163098842681,0.0072448556393511524,0.7271163098842681,0.7244855639351152
2020-10-02,84.80126953125,85.40767090267768,82.37565082698075,82.51426063146664,15149600,0.00948757779770193,0.009442853393114547,0.9487577797701929,0.9442853393114548
2020-10-05,86.59363555908203,86.77724404071034,85.27339552001236,85.96411695315192,13871900,0.021136075411837263,0.020915806905161743,2.1136075411837263,2.0915806905161745
2020-10-06,85.70182037353516,88.18492094688756,85.25591689349831,87.49419947294186,19220400,-0.010298853718162637,-0.010352253868747411,-1.0298853718162637,-1.0352253868747412
2020-10-07,87.19691467285156,87.73899488453567,86.27012054050816,86.52367698526014,16358500,0.017445303878026897,0.017294881487309007,1.7445303878026897,1.7294881487309006
2020-10-08,88.98929595947266,89.11170161155549,87.34555815249757,87.87889992397612,15659000,0.020555558569312016,0.020347144283924364,2.0555558569312016,2.0347144283924363
2020-10-09,88.48218536376953,89.27782879401244,87.52916895148253,89.18165196902466,13689100,-0.005698557227984735,-0.005714855954201777,-0.5698557227984735,-0.5714855954201777
2020-10-12,89.56636810302734,90.05599077263332,88.17617992238382,88.39476242425916,16058000,0.01225311891654246,0.012178657097569866,1.225311891654246,1.2178657097569867
2020-10-13,88.11495971679688,90.24832664910096,87.66031113759806,90.05597301807586,21697300,-0.016204836893251362,-0.016337571174202956,-1.6204836893251362,-1.6337571174202956
2020-10-14,87.62535095214844,89.12045440534831,87.52042895398047,88.33355609560935,15204100,-0.005556477200035603,-0.005571971843216745,-0.5556477200035603,-0.5571971843216745
2020-10-15,88.93685150146484,88.9893091685418,86.59364675996916,86.64610442704611,17171200,0.014967136052129515,0.014856233695799009,1.4967136052129515,1.4856233695799008
2020-10-16,88.75324249267578,89.47019284463207,88.0625209741092,88.6658108245072,13275000,-0.002064487394025205,-0.0020666213856970384,-0.2064487394025205,-0.20666213856970383
2020-10-19,87.25812530517578,89.06798790266461,87.04828132966429,88.83191509786609,11725700,-0.016845775382498096,-0.016989279363475114,-1.6845775382498096,-1.6989279363475114
2020-10-20,87.75650024414062,88.98055684827187,87.53791775474458,87.704035910672,11257100,0.005711501791057616,0.005695253005324032,0.5711501791057616,0.5695253005324032
2020-10-21,86.88217163085938,88.29858191487217,86.84719763154189,87.74775643449034,10730500,-0.009963120804143855,-0.010013084834343265,-0.9963120804143855,-1.0013084834343264
2020-10-22,89.9510726928711,90.26583204294616,86.82971469680065,86.83845986502742,14837200,0.03532256393234179,0.03471303413597461,3.532256393234179,3.471303413597461
2020-10-23,90.76419067382812,91.3237613124884,89.9947827133223,90.4931505218356,15087600,0.00903955846900617,0.00899894622139194,0.903955846900617,0.899894622139194
2020-10-26,88.51716613769531,89.79368711999571,87.65158131714672,89.74997462295072,12410700,-0.024756729713018233,-0.025068331119582937,-2.4756729713018233,-2.5068331119582936
2020-10-27,86.84721374511719,88.23739545522734,86.69857922339652,87.87892356927694,10391700,-0.018865859193688883,-0.019046089920323767,-1.8865859193688883,-1.9046089920323768
2020-10-28,84.40782165527344,85.94664437144297,83.99688547505127,85.24717768119989,16389500,-0.028088317225731352,-0.028490339993184906,-2.808831722573135,-2.8490339993184906
2020-10-29,84.95863342285156,85.66684516653459,83.27117647602387,84.04059104490344,14208800,0.006525601025787253,0.006504401468005047,0.6525601025787253,0.6504401468005047
2020-10-30,85.71927642822266,86.05151928117577,84.13674195646978,85.60561597946108,15194500,0.008953098404787863,0.008913257045094191,0.8953098404787863,0.8913257045094192
2020-11-02,87.65157318115234,88.2023986211712,85.56192523696602,86.89964892744595,15011600,0.02254214960094414,0.022291830188825044,2.254214960094414,2.2291830188825044
2020-11-03,90.41446685791016,91.57732066710382,89.78494820205916,90.07347202715053,17482600,0.031521324449564014,0.03103472655790848,3.1521324449564014,3.103472655790848
2020-11-04,87.65157318115234,89.24285334514795,86.4974579706787,88.30732061143529,18886500,-0.030558092889048427,-0.0310347265579085,-3.0558092889048427,-3.10347265579085
2020-11-05,91.23632049560547,91.89206789735243,88.30731676859055,88.35977442613591,17837400,0.04089769509378249,0.04008350919711114,4.089769509378249,4.0083509197111145
2020-11-06,90.02100372314453,91.89206913433412,89.5226359579325,91.83086630950484,12552800,-0.01332053688552115,-0.013410051043459657,-1.332053688552115,-1.3410051043459656
2020-11-09,102.20917510986328,103.95783505470061,96.48231112227772,98.93918288078781,47792400,0.13539252932796564,0.12697843196180594,13.539252932796565,12.697843196180594
2020-11-10,101.87692260742188,102.6900497258984,100.27690387222002,102.60261806521872,20539300,-0.00325071112338271,-0.003256006162996586,-0.325071112338271,-0.3256006162996586
2020-11-11,100.3555908203125,102.2616303824408,99.6386405265179,102.20042755262692,14443400,-0.014933036336126415,-0.01504565670571572,-1.4933036336126415,-1.504565670571572
2020-11-12,99.12279510498047,99.63864660622941,97.97741826199244,98.38835443179201,22063000,-0.012284275397664302,-0.01236035077123872,-1.2284275397664302,-1.236035077123872
2020-11-13,99.7435531616211,100.42552939286287,99.2976430601909,100.28563341178378,11847900,0.006262515660329981,0.006242987596595046,0.6262515660329981,0.6242987596595047
2020-11-16,102.55889129638672,103.70426123428064,101.1861937358778,102.98731104351688,19858600,0.028225765430711647,0.027834759098605878,2.8225765430711647,2.783475909860588
2020-11-17,101.51844024658203,101.80697070038516,100.18071663244964,100.88892168214151,14553200,-0.010144913197217331,-0.010196723534541402,-1.0144913197217331,-1.01967235345414
2020-11-18,100.76651000976562,103.7042586877336,100.72279085127997,102.59385610002532,12571200,-0.007406834019415776,-0.007434400820678435,-0.7406834019415776,-0.7434400820678435
2020-11-19,101.03756713867188,101.26489479400749,99.28890723432319,99.83099420609022,10202500,0.0026899525336343544,0.002686341086282696,0.26899525336343544,0.2686341086282696
2020-11-20,100.17196655273438,101.1162443530789,99.75228530682332,100.0495609123868,12718900,-0.00856711627616169,-0.00860402496870103,-0.856711627616169,-0.860402496870103
2020-11-23,103.05728912353516,103.31958414565965,101.04632726753493,101.46600864178693,13209200,0.02880369299011254,0.028396664104138145,2.880369299011254,2.8396664104138143
2020-11-24,107.82237243652344,107.97975209911976,104.66604068766974,104.98080001286239,20121600,0.04623722740539349,0.04520013477130104,4.623722740539349,4.520013477130104
2020-11-25,106.69451141357422,107.00052564421749,105.33055845950136,106.1174569601626,11715600,-0.010460361773371396,-0.010515455897354909,-1.0460361773371396,-1.0515455897354908
2020-11-27,105.98628234863281,106.97427283492132,105.86387668380445,106.66825867285041,5983600,-0.006637914692688707,-0.0066600436294470405,-0.6637914692688707,-0.6660043629447041
2020-11-30,103.06600952148438,105.54910998596779,102.96983269574616,104.91959137044783,14411800,-0.02755330937585343,-0.027940021830957354,-2.755330937585343,-2.7940021830957353
2020-12-01,104.69226837158203,106.30103897943654,104.59609154157185,105.21686501761414,12668900,0.015778808723148074,0.01565561750481696,1.5778808723148074,1.5655617504816959
2020-12-02,106.70323181152344,106.93929797161294,104.28133402566637,104.65729618477809,10811300,0.01920832809548023,0.01902617701065894,1.9208328095480232,1.902617701065894
2020-12-03,106.0037612915039,106.57207709323959,105.23435333676842,106.53710309475959,12904400,-0.006555288983702501,-0.006576869252163119,-0.6555288983702501,-0.6576869252163119
2020-12-04,106.96552276611328,107.7961402200852,106.39721363571077,107.08793509594118,13583700,0.00907289951688206,0.009031988035040125,0.907289951688206,0.9031988035040125
2020-12-07,106.56332397460938,106.8168804417138,105.1031946677117,105.92506689414621,9724300,-0.003760078772141684,-0.0037671656386899575,-0.3760078772141684,-0.37671656386899577
2020-12-08,106.66825103759766,106.956781514301,105.58408379646116,105.82889510859444,9592100,0.000984645176921095,0.0009841607318371419,0.09846451769210951,0.09841607318371419
2020-12-09,105.83765411376953,107.8048967056938,105.30431225519914,107.69122953119297,13073900,-0.007786730500862538,-0.007817205389723567,-0.7786730500862538,-0.7817205389723567
2020-12-10,105.1556625366211,105.60157268900572,104.53488905851341,104.91085121236547,13668400,-0.006443751827826194,-0.006464602415574363,-0.6443751827826194,-0.6464602415574363
2020-12-11,104.53488159179688,104.93707254871889,103.49443353802761,103.99280131841007,9981600,-0.0059034476113735135,-0.0059209418430556235,-0.5903447611373513,-0.5920941843055624
2020-12-14,103.43323516845703,106.1611403278449,103.26711034430166,106.09119233129442,12112400,-0.01053855331889808,-0.010594477122925402,-1.053855331889808,-1.0594477122925403
2020-12-15,105.19938659667969,105.70649960371645,103.7130282470711,104.29882775316084,12590200,0.01707527977198242,0.016931135735019306,1.7075279771982421,1.6931135735019305
2020-12-16,105.50538635253906,105.8638648097629,104.7971812753798,105.18188856203801,11169400,0.0029087598869044218,0.0029045376305695675,0.2908759886904422,0.29045376305695675
2020-12-17,104.63106536865234,106.18737163991845,104.55237887365065,106.0212534824899,11618000,-0.008286979595195643,-0.008321507497600062,-0.8286979595195643,-0.8321507497600062
2020-12-18,104.11520385742188,104.81466376003867,103.40699211761508,104.16766151570104,28954800,-0.004930290152479144,-0.00494248412937968,-0.4930290152479144,-0.494248412937968
2020-12-21,108.02348327636719,109.29125921501776,105.87262542487964,107.69123357916372,28323600,0.03753802782058058,0.036850625772041276,3.7538027820580577,3.6850625772041274
2020-12-22,106.37973022460938,107.99723940151978,106.32727255884632,107.88357890216363,11788200,-0.015216626995376847,-0.015333587880922966,-1.5216626995376847,-1.5333587880922965
2020-12-23,109.35244750976562,110.62022327980536,106.97426895824088,107.35023110676293,14973200,0.027944395787427467,0.027561075869126695,2.7944395787427467,2.7561075869126697
2020-12-24,108.87155151367188,109.77211687511098,108.04094081276692,109.36991926833635,4164900,-0.004397670166923384,-0.004407368361791149,-0.4397670166923384,-0.4407368361791149
2020-12-28,109.58851623535156,110.7338930424901,109.10763874983974,110.00819755983903,8072600,0.006585418428519896,0.006563829291083043,0.6585418428519896,0.6563829291083043
2020-12-29,109.29999542236328,110.41039158988198,109.19507342069981,110.340443588773,8389200,-0.0026327650277576664,-0.0026362368486011695,-0.26327650277576664,-0.26362368486011695
2020-12-30,109.60599517822266,110.0344149551226,109.20380423063796,109.71965566212454,7398000,0.0027996319183447582,0.0027957202480296,0.2799631918344758,0.27957202480296
2020-12-31,111.1010971069336,111.32842474252598,109.13385488539463,109.36992101691197,8580200,0.013640694802139697,0.013548497997600313,1.3640694802139697,1.3548497997600313
2021-01-04,110.05191040039062,111.79182508873348,109.09888731048692,111.47706578111463,16819900,-0.009443531466958754,-0.009488404339277785,-0.9443531466958754,-0.9488404339277785
2021-01-05,110.65074157714844,111.22315025197018,108.99515915036257,110.069524754473,13731200,0.005441351945451478,0.005426601274821263,0.5441351945451478,0.5426601274821262
2021-01-06,115.846435546875,116.92080110751802,112.61453071744859,114.37579069127582,24909100,0.04695579890085044,0.045886714092609346,4.695579890085044,4.588671409260934
2021-01-07,119.65074157714844,121.69380190527878,118.81414892654027,119.49223522615382,21940400,0.03283921522759403,0.03231152964703791,3.283921522759403,3.231152964703791
2021-01-08,119.78282165527344,120.07343001605513,118.1096232238602,119.73878764231364,12035100,0.0011038801463660874,0.0011032713186846519,0.11038801463660874,0.11032713186846518
2021-01-11,121.57051086425781,121.70259948590957,118.10083973771248,118.51473533528288,15937900,0.014924420582854703,0.01481414724133646,1.4924420582854703,1.481414724133646
2021-01-12,123.48146057128906,124.74956500106433,122.25739015813286,122.79457291137668,18033500,0.015718858902920685,0.015596597185768453,1.5718858902920685,1.5596597185768453
2021-01-13,123.59595489501953,123.9834193311595,121.61454494546322,122.0460434012748,14816800,0.0009272187355151562,0.0009267891337594332,0.09272187355151562,0.09267891337594332
2021-01-14,124.31806182861328,125.70945353981321,123.28773026671698,123.71924216007713,18565600,0.0058424803158574345,0.00582547921466268,0.5842480315857435,0.582547921466268
2021-01-15,122.090087890625,124.74076947968837,120.65466203747411,121.02452364729942,27881000,-0.0179215626853948,-0.018084098751724963,-1.7921562685394798,-1.8084098751724964
2021-01-19,121.56169891357422,123.90416906722082,121.36797340960393,123.16444589363658,19843800,-0.004327861386455356,-0.0043372536873926126,-0.4327861386455356,-0.43372536873926126
2021-01-20,119.73878479003906,121.67616037847293,119.27205382583026,121.3679491696845,16028800,-0.01499579341048185,-0.015109367169910362,-1.499579341048185,-1.5109367169910362
2021-01-21,118.73489379882812,119.90612886534099,118.28577904109767,119.49223326148696,13411700,-0.008384008514628283,-0.008419351999372946,-0.8384008514628283,-0.8419351999372946
2021-01-22,117.81903076171875,118.3562135428104,116.41883764679487,116.85034953235896,12933200,-0.007713512075575024,-0.007743415080556894,-0.7713512075575024,-0.7743415080556894
2021-01-25,116.348388671875,117.27304934162612,114.53429992325077,116.366004967314,14212800,-0.01248221174742159,-0.01256076894876726,-1.248221174742159,-1.2560768948767258
2021-01-26,115.87287139892578,117.27306473090125,115.66151613781139,116.9032031019246,11307800,-0.0040870121054299435,-0.004095386765417924,-0.40870121054299435,-0.4095386765417924
2021-01-27,112.596923828125,114.34937569627557,112.14780235611498,114.12040416776867,17603900,-0.02827191154625297,-0.028679258046607595,-2.827191154625297,-2.8679258046607594
2021-01-28,114.57831573486328,116.39240419519969,113.59201834375862,114.39337825538408,13761800,0.01759721171213169,0.017444173537202998,1.7597211712131688,1.7444173537202998
2021-01-29,113.31022644042969,115.99614033921522,112.88752942207365,115.52940930206678,14808100,-0.011067445757956373,-0.011129145597871305,-1.1067445757956373,-1.1129145597871304
2021-02-01,114.14682006835938,114.54311280373652,113.14290624248248,113.95308113377823,11080700,0.0073832138034735095,0.007356091299453459,0.738321380347351,0.7356091299453459
2021-02-02,117.66053009033203,118.34741781896491,115.5558328834089,116.18988516173104,12253600,0.03078237326163258,0.03031809959324189,3.078237326163258,3.031809959324189
2021-02-03,119.00789642333984,119.5538806990722,117.57247054543987,117.69575775084064,10600800,0.011451302590370638,0.011386232710284853,1.1451302590370638,1.1386232710284854
2021-02-04,121.74663543701172,122.10769559164947,119.29849440338862,119.29849440338862,12419500,0.02301308649242495,0.022752279157879154,2.301308649242495,2.2752279157879154
2021-02-05,121.50885772705078,122.83861252817495,120.9804898154198,122.75054449092184,10051300,-0.0019530536438023827,-0.0019549633399679805,-0.19530536438023827,-0.19549633399679806
2021-02-08,123.41102600097656,123.55192949884177,121.68499174537045,121.70260804192789,10136400,0.01565456469188997,0.015533295962758058,1.5654564691889972,1.5533295962758058
2021-02-09,122.91788482666016,123.27013015589395,122.00202547097552,122.785782750224,8614800,-0.003995924758882552,-0.004003929798361783,-0.3995924758882552,-0.4003929798361783
2021-02-10,122.98831176757812,124.05386240778357,122.44231414893116,123.28772158075195,10323200,0.0005729592647749637,0.0005727951862859534,0.05729592647749637,0.057279518628595344
2021-02-11,122.64484405517578,123.77204478657349,121.72018363592024,122.98828781806583,9201000,-0.0027926858045781433,-0.002796592626959913,-0.27926858045781433,-0.2796592626959913
2021-02-12,124.38849639892578,124.70552248476173,122.40708672177476,122.45112073539254,8324600,0.01421708639431718,0.014116971401449895,1.421708639431718,1.4116971401449896
2021-02-16,127.38265228271484,127.97268402202424,125.40124212212254,126.4139709332483,12130600,0.024071003110983202,0.02378586318904993,2.4071003110983202,2.378586318904993
2021-02-17,127.77891540527344,128.0254897597075,126.03526519382521,126.76618682921713,10810100,0.0031108091679479255,0.0031059806123266715,0.31108091679479255,0.31059806123266714
2021-02-18,128.21041870117188,128.38654132716314,126.28184436892423,126.81022568419304,10587800,0.0033769522501412297,0.003371263151170588,0.33769522501412297,0.3371263151170588
2021-02-19,130.35037231445312,131.0724792455333,128.44821535303137,128.44821535303137,11969800,0.016690949417059286,0.016553186338493647,1.6690949417059286,1.6553186338493648
2021-02-22,131.5744171142578,132.26130475377565,129.26716639741812,129.33761813445776,11488400,0.009390420434334024,0.009346604522674638,0.9390420434334024,0.9346604522674637
2021-02-23,132.6311798095703,134.1282424216432,131.73293686740809,133.42373841675706,16234400,0.008031673014327945,0.007999590796725804,0.8031673014327945,0.7999590796725804
2021-02-24,134.96482849121094,135.40514179320962,132.19086006353746,132.19086006353746,15061400,0.0175950231686941,0.017442022837725984,1.7595023168694102,1.7442022837725983
2021-02-25,133.1331329345703,136.40906520753154,132.61356642650892,135.8542795452357,18127700,-0.013571651052480704,-0.01366458773606229,-1.3571651052480704,-1.366458773606229
2021-02-26,129.60179138183594,132.86010651783965,129.02057470729503,132.3581564351311,19829200,-0.0265248888454378,-0.026883020850521338,-2.65248888454378,-2.688302085052134
2021-03-01,132.5343017578125,133.30925745672957,130.75543228406892,131.67129146229735,14845500,0.022627082115992847,0.022374886900006087,2.2627082115992847,2.2374886900006086
2021-03-02,132.10279846191406,133.6615113893449,131.95309354441903,132.16444877709827,14221700,-0.003255785786587917,-0.0032610973892256674,-0.3255785786587917,-0.3261097389225667
2021-03-03,134.65664672851562,136.4795372105624,132.81613994808865,133.17718672244283,14324100,0.019332279833101707,0.019147785319359917,1.9332279833101707,1.9147785319359918
2021-03-04,132.58714294433594,135.9511431127571,130.8787251362725,134.39243021895854,20093900,-0.015368745876704226,-0.015488069196877991,-1.5368745876704226,-1.5488069196877992
2021-03-05,132.89535522460938,135.1673733247868,130.3063110305166,134.92960039502665,18465100,0.002324601567158302,0.002321903860854611,0.2324601567158302,0.23219038608546108
2021-03-08,134.65664672851562,136.90224774789667,132.7544896224071,134.26916878794182,17133300,0.013253220934090981,0.013166165336023404,1.3253220934090981,1.3166165336023403
2021-03-09,133.70553588867188,135.8366506099144,131.93548129189443,133.41492750341672,16238800,-0.007063229799278314,-0.007088292492311088,-0.7063229799278314,-0.7088292492311088
2021-03-10,136.61163330078125,137.5186777867519,133.42375529870478,133.77601406436685,14342200,0.021735056763312333,0.021502218215406283,2.1735056763312333,2.150221821540628
2021-03-11,135.89834594726562,137.50988130543934,135.05293823393703,135.71340839090323,11771500,-0.005221278278293884,-0.00523495678535934,-0.5221278278293884,-0.523495678535934
2021-03-12,137.50985717773438,138.81319440031777,136.55879214340226,138.1351080623667,12849500,0.011858210776855893,0.011788453121233165,1.1858210776855893,1.1788453121233164
2021-03-15,136.82296752929688,138.1879416162241,135.58129408148173,137.68599137929823,12101100,-0.0049952029806101805,-0.005007720710150974,-0.49952029806101805,-0.5007720710150974
2021-03-16,135.18499755859375,136.1448908574592,134.0225773219457,135.6957626483001,12805600,-0.011971454795061343,-0.012043689743799718,-1.1971454795061343,-1.2043689743799717
2021-03-17,136.5763702392578,138.1526993097032,134.779897965666,136.79652687969917,13952400,0.01029236014196755,0.010239754453213599,1.029236014196755,1.0239754453213599
2021-03-18,138.8307647705078,142.38850341741934,138.35523236462657,138.78674419457553,21898500,0.016506475661204778,0.01637172461314879,1.6506475661204778,1.637172461314879
2021-03-19,136.6204071044922,137.32491105605843,133.14193480042206,136.9462346392073,54418800,-0.01592123813240831,-0.016049342584751936,-1.592123813240831,-1.6049342584751936
2021-03-22,132.94821166992188,135.59009172413673,132.63118552592422,134.55976011546855,19944800,-0.026878820758905242,-0.0272466626791983,-2.687882075890524,-2.72466626791983
2021-03-23,131.6184539794922,133.96091045963038,131.17814069143157,132.38459480078322,17076300,-0.010002072790051164,-0.0100524295830177,-1.0002072790051164,-1.00524295830177
2021-03-24,132.6399688720703,134.89437072768226,131.9706975203402,132.0939847019035,13079800,0.007761182886537155,0.007731219839241321,0.7761182886537155,0.7731219839241321
2021-03-25,134.339599609375,134.70946119393125,131.50398069048063,132.09399893993677,15608300,0.012813865622540721,0.012732462699667192,1.281386562254072,1.2732462699667193
2021-03-26,136.5763702392578,136.89339633898518,134.33958468478326,135.88068116787286,16754400,0.01665012130739374,0.016513027694910563,1.665012130739374,1.6513027694910563
2021-03-29,134.45407104492188,135.37873171882052,133.00984387026077,133.9609222687883,17570300,-0.015539285387494495,-0.01566128559705067,-1.5539285387494495,-1.566128559705067
2021-03-30,136.03921508789062,137.2632857194948,135.51084710605508,136.0216122279378,13184300,0.011789483432146364,0.011720528902079181,1.1789483432146364,1.1720528902079181
2021-03-31,134.05783081054688,136.0480562279646,133.96096131290884,134.98249175394625,16736700,-0.014564802333383309,-0.014671910343741764,-1.4564802333383309,-1.4671910343741763
2021-04-01,135.36114501953125,135.43158333541928,133.4589879954035,133.767199298632,16561500,0.009722029672598831,0.009675074827762167,0.9722029672598831,0.9675074827762167
2021-04-05,136.07864379882812,137.24792391986435,135.17512390505198,136.7695771370989,13508000,0.005300625812476367,0.005286626942200231,0.5300625812476367,0.5286626942200231
2021-04-06,135.12191772460938,136.66323730921602,134.5195713339294,135.34337098878902,13071600,-0.00703068495915582,-0.007055516682450523,-0.703068495915582,-0.7055516682450522
2021-04-07,137.23904418945312,137.50479087520506,135.21939100403904,135.6180177908859,16903500,0.015668268334961377,0.01554678829676702,1.5668268334961377,1.554678829676702
2021-04-08,137.40731811523438,137.75278466941833,134.9181855688787,136.41521180915416,12335500,0.0012261374069972852,0.0012253863144259722,0.12261374069972852,0.12253863144259722
2021-04-09,138.43490600585938,139.10811927013245,137.27449270723926,138.01857265982088,12122400,0.007478407298243228,0.007450582646991754,0.7478407298243228,0.7450582646991755
2021-04-12,138.142578125,139.2941380907228,137.80597827023522,137.8148315371055,12273400,-0.0021116630862377805,-0.00211389579043242,-0.21116630862377805,-0.211389579043242
2021-04-13,136.49497985839844,137.47823324637642,135.0245264103522,137.07961993048036,16113600,-0.011926795409238022,-0.011998490263726852,-1.1926795409238022,-1.199849026372685
2021-04-14,133.94381713867188,136.26464334923372,133.69577701269915,134.17412369997368,19939600,-0.018690524167065847,-0.018867399408552688,-1.8690524167065847,-1.8867399408552687
2021-04-15,134.79420471191406,134.82077802890367,132.26964498283633,133.9792581192111,17694100,0.006348837829235343,0.006328768856656632,0.6348837829235343,0.6328768856656632
2021-04-16,135.795166015625,136.86699241646562,135.25481942395302,136.30007251015704,13773400,0.007425848209499986,0.00739841233804383,0.7425848209499986,0.739841233804383
2021-04-19,135.2193603515625,136.30892016451259,134.83846721759733,135.90144020320497,11900200,-0.004240251556496877,-0.004249266917084871,-0.4240251556496877,-0.4249266917084871
2021-04-20,132.22532653808594,134.42213926335634,131.67611321944182,134.4132859981849,13716700,-0.022142049819583898,-0.022390864710725805,-2.2142049819583898,-2.2390864710725804
2021-04-21,133.350341796875,133.41235522207234,130.0285415840385,130.91435497412823,12236700,0.00850831900547444,0.008472327268017709,0.8508319005474441,0.8472327268017709
2021-04-22,130.54229736328125,133.1377372746913,130.44485736285756,133.07572385785903,15256100,-0.021057647065285234,-0.02128252180666839,-2.1057647065285234,-2.128252180666839
2021-04-23,133.0403289794922,133.8729958149229,129.9399817935343,130.3740217490461,14041900,0.01913580246913571,0.01895501569369816,1.913580246913571,1.895501569369816
2021-04-26,133.3680419921875,135.05109529263294,133.2086020936013,133.56292199030685,10799100,0.0024632606910182098,0.002460231837286813,0.24632606910182098,0.24602318372868132
2021-04-27,133.979248046875,134.26271476203746,132.96942152787338,133.31488813920456,12821200,0.004582852425195627,0.004572383130987751,0.4582852425195627,0.4572383130987751
2021-04-28,134.8473663330078,135.4320064046326,134.11213960955956,135.02452630477427,8943700,0.006479498122194949,0.006458596414038837,0.6479498122194949,0.6458596414038836
2021-04-29,137.46937561035156,137.54909556770974,135.70660218227766,136.0077754765901,12976900,0.019444275024761426,0.019257650416155854,1.9444275024761426,1.9257650416155854
2021-04-30,136.24696350097656,136.84932367074694,135.53831004331042,136.50385696864527,11705100,-0.008892250393570222,-0.008932022402758422,-0.8892250393570222,-0.8932022402758422
2021-05-03,135.84832763671875,137.72624749927576,135.64459436320922,137.1681943138854,11801100,-0.002925833016858115,-0.0029301216335062903,-0.2925833016858115,-0.293012163350629
2021-05-04,137.7262420654297,137.86797543116535,134.7676290169956,135.41426891306273,12977700,0.013823610944499798,0.013728936333641964,1.3823610944499798,1.3728936333641963
2021-05-05,139.53329467773438,140.2065078227288,136.9732951505836,138.18685487130918,10506700,0.013120612202910609,0.013035282545097917,1.3120612202910609,1.3035282545097917
2021-05-06,142.34136962890625,142.45652970605371,139.21444913976939,140.0205426469196,13542400,0.02012476633378002,0.019924939750784906,2.012476633378002,1.9924939750784905
2021-05-07,142.82852172851562,143.05882828894605,139.09038903494468,139.26754896730932,14257800,0.0034224210493365437,0.0034165778944459328,0.34224210493365437,0.3416577894445933
2021-05-10,142.8108367919922,145.03422355015152,142.7222500458116,143.05886346157013,14014300,-0.00012381936261340876,-0.0001238270288635144,-0.012381936261340876,-0.01238270288635144
2021-05-11,140.4368133544922,143.84719944929452,139.99390677160545,142.68678636476108,15451700,-0.01662355246162328,-0.01676327432326174,-1.662355246162328,-1.6763274323261739
2021-05-12,139.47128295898438,142.42104248032396,139.09924304409964,141.38464267819435,14381700,-0.006875194419789454,-0.006898937456854282,-0.6875194419789454,-0.6898937456854282
2021-05-13,143.0588836669922,143.90040380880382,139.67506952827722,140.11797628885614,15395000,0.02572286302882043,0.025397596254221128,2.572286302882043,2.539759625422113
2021-05-14,145.28224182128906,145.67200185564892,143.49290859654835,143.84722852790875,10584000,0.0155415595124615,0.015422026373181297,1.55415595124615,1.5422026373181297
2021-05-17,145.86685180664062,146.02630520439342,144.41411876119906,144.71529199242124,9886800,0.004023960382375513,0.004015885907459491,0.4023960382375513,0.40158859074594905
2021-05-18,143.81179809570312,146.60210465075843,143.7143580897188,145.87573123952274,11098100,-0.014088558747135105,-0.014188744586780697,-1.4088558747135105,-1.4188744586780697
2021-05-19,142.71336364746094,142.77536354224253,140.52540398583562,142.61592365585847,13278900,-0.007637999543759322,-0.0076673184495471836,-0.7637999543759322,-0.7667318449547184
2021-05-20,142.46531677246094,143.3777031474976,141.30490382070175,142.46531677246094,10426000,-0.0017380774207854666,-0.001739589629824073,-0.17380774207854666,-0.17395896298240732
2021-05-21,144.08636474609375,144.58241792860855,142.56276510469223,142.91708494464982,10249000,0.01137854468973587,0.011314295962106083,1.137854468973587,1.1314295962106082
2021-05-24,144.86590576171875,145.47711912087075,143.60805245751607,144.70646585051668,9440300,0.0054102344590252205,0.005395651714307568,0.541023445902522,0.5395651714307569
2021-05-25,143.368896484375,146.7792697810579,143.1120030429877,145.1405231890744,12609100,-0.010333758446974373,-0.01038752243892784,-1.0333758446974373,-1.038752243892784
2021-05-26,143.35116577148438,145.04307239258807,142.89053907791708,144.89248575586066,13058300,-0.00012367196320406393,-0.00012367961121187456,-0.012367196320406393,-0.012367961121187456
2021-05-27,145.5834503173828,145.9377703015233,144.00670341000787,145.2291168168013,15707500,0.015572140860416361,0.015452139259477676,1.5572140860416361,1.5452139259477675
2021-05-28,145.48599243164062,146.10605908597577,144.61788559913205,145.87573895976604,10291300,-0.0006694297018632334,-0.0006696538699748794,-0.06694297018632334,-0.06696538699748794
2021-06-01,147.0892791748047,147.85107903955432,146.58435918141234,146.929825776099,9445400,0.011020213811425261,0.010959933717218347,1.1020213811425261,1.0959933717218346
2021-06-02,147.09815979003906,148.3205865137981,146.6286798052641,148.16113308544578,10498600,6.0375679887814115e-05,6.037385734981077e-05,0.0060375679887814115,0.006037385734981077
2021-06-03,147.19554138183594,148.15222102296974,145.8579686468869,146.5223283824159,13354400,0.0006620177433618313,0.0006617987062811929,0.06620177433618313,0.0661798706281193
2021-06-04,147.4347381591797,147.63847139259747,146.18573841346193,147.2310049257619,8510800,0.0016250273282616412,0.0016237084000224702,0.16250273282616412,0.16237084000224702
2021-06-07,146.74380493164062,148.01937798905652,146.28317832392142,147.93079127034437,7267200,-0.004686366565748501,-0.004697382009956191,-0.4686366565748501,-0.46973820099561914
2021-06-08,146.15921020507812,146.83242351949835,144.52931680188823,145.70745023945346,10370700,-0.003983777896687579,-0.003991734277852965,-0.3983777896687579,-0.39917342778529646
2021-06-09,144.33441162109375,145.46825148802247,143.7497716382106,145.39738480678477,12377400,-0.012485005778451908,-0.012563598300315358,-1.2485005778451908,-1.2563598300315357
2021-06-10,142.0844268798828,146.37177288969642,142.0047069386294,145.5922529758328,12119400,-0.01558869237031002,-0.015711473707062645,-1.558869237031002,-1.5711473707062644
2021-06-11,141.9869842529297,142.7930774655695,140.89743786006468,142.11099755360996,13683800,-0.0006858079318959875,-0.0006860432057303043,-0.06858079318959875,-0.06860432057303044
2021-06-14,139.57760620117188,142.02244600878757,138.77151286559072,141.86299258848757,19917900,-0.016969006451083235,-0.017114629780727683,-1.6969006451083235,-1.7114629780727684
2021-06-15,137.4604949951172,139.00181493114965,136.53040188664625,138.80693493292355,24485500,-0.015167986209788653,-0.015284196729813777,-1.5167986209788653,-1.5284196729813777
2021-06-16,138.42601013183594,139.6218496483191,135.62683762919028,137.06185045554395,25321200,0.007023946310924067,0.00699939330564939,0.7023946310924067,0.699939330564939
2021-06-17,134.43099975585938,139.48014556073286,133.9792399119905,139.16125228375597,29722400,-0.028860258069792977,-0.029284905566550282,-2.8860258069792977,-2.9284905566550283
2021-06-18,131.02952575683594,132.60627263884058,130.71063236966415,132.25195266040117,43595700,-0.02530275014840977,-0.025628369176152997,-2.530275014840977,-2.5628369176152996
2021-06-21,133.25286865234375,133.93494857772887,132.00388235534967,132.05702898291077,18664800,0.016968258739132436,0.016825905900040374,1.6968258739132436,1.6825905900040374
2021-06-22,133.05804443359375,133.73125779049408,131.68503088113542,133.40351113885637,14251200,-0.001462063974459693,-0.001463133832920561,-0.1462063974459693,-0.1463133832920561
2021-06-23,133.86410522460938,134.67905186088106,132.9517185820205,133.04915858833772,12733300,0.0060579636086408595,0.006039687918933409,0.605796360864086,0.6039687918933409
2021-06-24,135.0954132080078,135.63575998842086,133.95271973018558,134.5727864823543,13733200,0.009198193805071364,0.009156148053746071,0.9198193805071364,0.9156148053746072
2021-06-25,136.4595489501953,136.85816225347102,134.3513088568878,135.16625551500053,15484900,0.010097572595504145,0.010046932717259883,1.0097572595504145,1.0046932717259882
2021-06-28,136.70758056640625,136.84044716683923,134.7499270492435,136.14951381170872,14125800,0.0018176200794965958,0.0018159702070449058,0.18176200794965958,0.18159702070449057
2021-06-29,136.53924560546875,138.4614586204309,136.06976569250935,137.3010454953261,14528700,-0.0012313505969461236,-0.0012321093320022867,-0.12313505969461236,-0.12321093320022866
2021-06-30,137.77938842773438,138.25773515704287,136.1583620574047,136.19378864055014,12531000,0.009082684006099129,0.00904168450175164,0.9082684006099129,0.904168450175164
2021-07-01,139.14353942871094,139.19668605821502,137.67308626905955,138.41716611499032,10479400,0.009900980230377998,0.009852286671130972,0.9900980230377998,0.9852286671130972
2021-07-02,139.00991821289062,139.2682920155313,138.19917966496442,138.93864314989762,11424000,-0.0009603120372596585,-0.0009607734322765548,-0.09603120372596585,-0.09607734322765547
2021-07-06,136.67567443847656,138.78714483365982,135.73130394264481,138.78714483365982,15083400,-0.01679192250756678,-0.016934505251006628,-1.679192250756678,-1.6934505251006629
2021-07-07,136.8360595703125,137.4507950181096,135.01859326729755,135.4284078362779,12271800,0.0011734724009584419,0.0011727844203854138,0.11734724009584419,0.11727844203854139
2021-07-08,134.4751434326172,135.89169956178634,133.67330920518603,135.0720567651414,17834600,-0.01725361096416378,-0.017404189033561154,-1.725361096416378,-1.7404189033561155
2021-07-09,138.7782745361328,139.11681406824562,135.9362444761601,136.3549769448642,13694500,0.03199945353225697,0.031498137536223984,3.199945353225697,3.1498137536223982
2021-07-12,140.76499938964844,141.79846720476752,137.14787563105716,137.51315515793425,19940400,0.014315820398807189,0.014214316634783144,1.4315820398807189,1.4214316634783144
2021-07-13,138.67137145996094,140.22157356434005,136.7559033330922,139.02774679136763,22671700,-0.014873213787272355,-0.014984929126130015,-1.4873213787272355,-1.4984929126130015
2021-07-14,138.1991424560547,140.1235278557573,136.26585277374846,138.93860574189387,14622800,-0.0034053820838038096,-0.00341119359473321,-0.34053820838038096,-0.341119359473321
2021-07-15,138.50209045410156,139.45536545365871,136.9340663885465,137.11224723390674,11539300,0.002192111996231816,0.0021897128242591673,0.21921119962318159,0.21897128242591674
2021-07-16,135.33935546875,139.2326627447952,134.5464389994007,138.94757605631946,14002700,-0.022835286998066362,-0.023100050563752198,-2.283528699806636,-2.31000505637522
2021-07-19,130.93820190429688,133.47732329989526,129.8156502695137,132.3458537859426,22172900,-0.032519392080815335,-0.03305989777345647,-3.2519392080815335,-3.305989777345647
2021-07-20,133.37928771972656,134.63547127789963,130.36798170448895,130.5372582335336,15385200,0.018643037554570085,0.018471386249234407,1.8643037554570085,1.8471386249234407
2021-07-21,136.18569946289062,136.88951856411663,134.84932272352992,135.4640581987282,12356700,0.0210408361833605,0.02082253464456076,2.10408361833605,2.082253464456076
2021-07-22,134.4662322998047,136.70244493213636,133.61095872749584,136.20353308256816,9913300,-0.012625901029751474,-0.012706285048674375,-1.2625901029751474,-1.2706285048674375
2021-07-23,134.2078857421875,136.16790260529922,133.86042826915556,134.9562535926671,9666100,-0.0019212746070045306,-0.0019231226224717829,-0.19212746070045306,-0.1923122622471783
2021-07-26,135.10769653320312,135.3838925064186,133.78914182384207,133.80696398857532,8208000,0.006704604472677289,0.006682228570810141,0.6704604472677289,0.668222857081014
2021-07-27,134.92945861816406,135.8560204719258,133.45945011593878,133.99399248296487,11218700,-0.001319228434889741,-0.0013200993827918788,-0.1319228434889741,-0.1320099382791879
2021-07-28,135.15225219726562,136.1055409424531,134.42170653704045,135.6778905325206,9217300,0.0016511856001144576,0.0016498238919206794,0.16511856001144576,0.16498238919206792
2021-07-29,136.31044006347656,137.08553429404455,135.33934280540174,136.43516802695103,9063500,0.008569504742847123,0.008532994969254687,0.8569504742847123,0.8532994969254687
2021-07-30,135.2235107421875,136.907344941847,134.70677675574072,135.93624774398745,9805200,-0.00797392570064992,-0.008005887466739931,-0.797392570064992,-0.8005887466739932
2021-08-02,134.68008422851562,137.6022944369952,134.59100057730856,135.44627431941765,10203200,-0.004018728035452002,-0.0040268248227678955,-0.40187280354520016,-0.40268248227678954
2021-08-03,136.21241760253906,136.59551931350722,133.21002906140902,135.37495272185765,10394800,0.0113775795642026,0.011313341694291296,1.13775795642026,1.1313341694291297
2021-08-04,134.74240112304688,136.64004662611495,134.4483966435686,134.7513054063066,10155000,-0.010792088602242011,-0.010850745593143833,-1.0792088602242011,-1.0850745593143833
2021-08-05,136.4440460205078,136.92514921143965,135.42840034382775,135.66895193929366,9151500,0.012628874676999358,0.012549795530287334,1.2628874676999358,1.2549795530287333
2021-08-06,140.31954956054688,140.60464977381957,138.19025662209955,138.26153167541773,13328800,0.0284036105134009,0.0280077072099309,2.84036105134009,2.80077072099309
2021-08-09,140.16812133789062,141.25504231383724,138.89410161276385,140.3373979218325,9516900,-0.0010791669666164738,-0.001079749686559858,-0.10791669666164738,-0.10797496865598581
2021-08-10,141.88755798339844,142.5290198600422,139.25935330248848,139.64245500947143,8667000,0.012266959342081218,0.012192329894088513,1.2266959342081218,1.2192329894088514
2021-08-11,143.58029174804688,143.88320048643305,141.72718140458068,142.54682401132686,9156500,0.011930107112327004,0.011859504361983823,1.1930107112327004,1.1859504361983824
2021-08-12,144.1416015625,144.65833557762264,143.03687206301498,144.22179450546938,8844200,0.003909379258248746,0.0039017574929458435,0.39093792582487463,0.3901757492945844
2021-08-13,142.529052734375,144.4712609739408,142.16378669913365,144.14161208159024,8980900,-0.01118725482889682,-0.011250302827897388,-1.118725482889682,-1.1250302827897387
2021-08-16,141.59356689453125,141.6826641169598,139.67809896126502,141.6024847733706,8755800,-0.006563474757579235,-0.006585109074179048,-0.6563474757579235,-0.6585109074179047
2021-08-17,139.88302612304688,141.53122981172737,138.3328375495524,140.38195160743564,9347200,-0.012080639036083474,-0.012154203022811158,-1.2080639036083474,-1.2154203022811159
2021-08-18,138.60899353027344,140.77391726797674,138.39516836342884,139.25935972055967,8065500,-0.009107842660286414,-0.00914957263251466,-0.9107842660286414,-0.914957263251466
2021-08-19,137.45082092285156,138.5911948169834,136.31935131430558,136.45299716406848,9517700,-0.008355681532085546,-0.008390785923197771,-0.8355681532085546,-0.8390785923197771
2021-08-20,137.84280395507812,138.0031626347919,136.45297435358466,137.51316871722634,6974100,0.0028518056828963356,0.0028477469996228337,0.28518056828963356,0.2847746999622834
2021-08-23,139.60684204101562,139.95429950270739,138.30610942825336,138.3862887822601,7934600,0.012797462292716943,0.012716266769482483,1.2797462292716943,1.2716266769482483
2021-08-24,140.47100830078125,141.25502031723238,139.75827133985538,139.8740950043748,7670900,0.006189999337652408,0.006170919985390781,0.6189999337652408,0.617091998539078
2021-08-25,143.36651611328125,144.13270610063108,140.58685643560707,141.2194005727123,11335000,0.020612849922028387,0.02040328012503682,2.0612849922028387,2.0403280125036822
2021-08-26,144.10595703125,145.95906772362025,143.57140090283139,144.56032022437688,11027500,0.0051576960786610115,0.005144440722769719,0.5157696078661012,0.5144440722769719
2021-08-27,145.26416015625,145.36216166486895,143.66940957002618,144.1059642164792,8780200,0.008037163409898795,0.008005037431753011,0.8037163409898795,0.8005037431753012
2021-08-30,142.9388427734375,145.65614456874837,142.4399310197396,145.40668869189943,7937600,-0.016007509218456395,-0.016137013278571803,-1.6007509218456395,-1.6137013278571803
2021-08-31,142.5022735595703,143.7673749749246,141.96773113306355,142.93882809639317,12340800,-0.003054237780273361,-0.003058911483308908,-0.3054237780273361,-0.3058911483308908
2021-09-01,142.29737854003906,143.2239269822185,141.62919025372946,142.7428373975788,8729900,-0.001437836845779139,-0.0014388715250956375,-0.1437836845779139,-0.14388715250956374
2021-09-02,142.9566650390625,143.9812149915615,142.03900726972964,142.56465906249136,8813300,0.004633159836025635,0.004622459788284449,0.46331598360256354,0.46224597882844487
2021-09-03,142.09246826171875,143.3397475986759,141.78954591332186,142.8942887505733,7959700,-0.006045166044602479,-0.0060635120345934115,-0.6045166044602479,-0.6063512034593411
2021-09-07,141.84300231933594,143.77629195146216,141.62027291110493,142.53791698547073,9285600,-0.0017556591523438803,-0.0017572021280976224,-0.17556591523438803,-0.17572021280976224
2021-09-08,141.21046447753906,142.17265728637076,140.80063632783578,141.5579218589789,7852700,-0.004459422258793033,-0.004469395142143823,-0.4459422258793033,-0.44693951421438227
2021-09-09,141.82518005371094,143.2862844268356,140.8362609381353,141.00553746335555,7904300,0.004353187127074776,0.004343739416504364,0.4353187127074776,0.4343739416504364
2021-09-10,140.19485473632812,143.18833971125906,140.0701267621364,143.0457895709458,8311600,-0.0114953163942072,-0.01156189828881785,-1.14953163942072,-1.1561898288817851
2021-09-13,142.422119140625,142.59139569663432,140.82738227033113,141.23719684288633,10052800,0.01588691973386469,0.01576204348750139,1.588691973386469,1.576204348750139
2021-09-14,139.9364776611328,143.74068721332046,139.2148227605193,142.947770845456,11685600,-0.017452636532095944,-0.017606729308630963,-1.7452636532095944,-1.7606729308630962
2021-09-15,140.90753173828125,141.37971698161604,139.4018788100038,139.62460821136264,11691500,0.006939249103439016,0.0069152833201959986,0.6939249103439016,0.6915283320195998
2021-09-16,140.84518432617188,143.30412602511805,140.07009023115245,142.02120228555066,10880900,-0.00044247040126410564,-0.00044256832017731555,-0.044247040126410564,-0.044256832017731555
2021-09-17,140.4799041748047,141.6648264126123,139.87408663059833,140.21263972549366,25581600,-0.0025934869773130975,-0.0025968558907465498,-0.25934869773130975,-0.259685589074655
2021-09-20,136.2747802734375,137.70024046717623,134.07421242006328,137.1033272267929,15819900,-0.02993398896495958,-0.030391157186738862,-2.993398896495958,-3.0391157186738864
2021-09-21,136.29261779785156,137.69136543908354,135.93625607228248,136.7826253662554,8999900,0.00013089380425546082,0.00013088523840893392,0.013089380425546082,0.01308852384089339
2021-09-22,138.9030303955078,140.096857267934,138.18138898149394,138.27047262602022,11236200,0.019153000652816,0.01897189081331257,1.9153000652816,1.8971890813312569
2021-09-23,143.59814453125,144.0703435379701,140.4710275105265,140.76503205690153,12336100,0.03380138015976675,0.033242668814475386,3.3801380159766747,3.3242668814475387
2021-09-24,145.25523376464844,145.7452412790265,143.27740873317813,143.82977342520778,10102400,0.01153976772337617,0.01147369244687005,1.153976772337617,1.147369244687005
2021-09-27,148.7654571533203,149.13964101489293,146.65398622218657,147.0014436360988,13220900,0.024165899552778702,0.023878524776916044,2.4165899552778702,2.387852477691604
2021-09-28,147.963623046875,150.8323793184173,147.58943921941201,149.40690546627877,13387900,-0.005389921301548695,-0.005404499333928186,-0.5389921301548695,-0.5404499333928187
2021-09-29,147.84779357910156,148.6941626980374,147.03705518762249,148.07944088771023,7777100,-0.0007828239494834799,-0.0007831305161536848,-0.07828239494834799,-0.07831305161536849
2021-09-30,145.83433532714844,148.77436675517,145.03250115896438,148.71199598454749,13161200,-0.013618453161939659,-0.01371203489208854,-1.3618453161939659,-1.371203489208854
2021-10-01,148.8990936279297,149.94146580415529,145.7541549371569,146.1105166131168,11285000,0.021015341098556295,0.02079756463140523,2.1015341098556295,2.079756463140523
2021-10-04,148.73873901367188,151.84804734366807,147.65181810034727,148.7565611778834,14120000,-0.0010769347908758942,-0.0010775151018232387,-0.10769347908758942,-0.10775151018232387
2021-10-05,151.16766357421875,152.494163582366,149.3840487611648,149.86805106327247,12292900,0.01633014086749518,0.016198238172853378,1.633014086749518,1.6198238172853379
2021-10-06,151.49037170410156,151.5620762764429,148.7835822222744,150.56719755911146,8692600,0.002134769581355389,0.0021324941984759934,0.2134769581355389,0.21324941984759935
2021-10-07,152.44935607910156,153.7220811725819,151.95639580579157,153.44423456660147,10195400,0.006330332180273013,0.0063103797867655135,0.6330332180273013,0.6310379786765513
2021-10-08,152.5658721923828,153.56970858457842,151.74129034504426,152.38661764752578,8190100,0.0007642939024339324,0.0007640019785835596,0.07642939024339324,0.07640019785835596
2021-10-11,149.35716247558594,153.5248886904892,149.1958374910712,153.08571711514685,12154700,-0.021031634864910997,-0.021255950421021744,-2.1031634864910997,-2.1255950421021743
2021-10-12,148.20989990234375,149.40196229665295,147.681094279105,148.5594510047169,13032600,-0.007681336162433605,-0.0077109895745405745,-0.7681336162433605,-0.7710989574540574
2021-10-13,144.30210876464844,148.25473502615282,143.9435996792094,147.0537145460626,22753500,-0.02636659993880419,-0.026720432164713096,-2.636659993880419,-2.6720432164713097
2021-10-14,146.5159454345703,146.9999340946013,143.45960539200337,144.97433166373725,15176800,0.01534167926494101,0.015225185664321832,1.534167926494101,1.5225185664321832
2021-10-15,149.3302764892578,149.83219468115365,147.11644800438182,148.20096055749215,14267400,0.019208360198203156,0.019026208508363122,1.9208360198203156,1.9026208508363123
2021-10-18,149.2764892578125,151.12283688790518,148.70286656034446,149.21374265084629,12672900,-0.000360189726489768,-0.00036025461039011303,-0.0360189726489768,-0.0360254610390113
2021-10-19,151.08700561523438,151.1586964924246,149.30339074867186,150.03833848795588,8053900,0.012128610248161475,0.012055648016086645,1.2128610248161475,1.2055648016086644
2021-10-20,153.12156677246094,153.148454270621,150.09212801105105,150.84500531202306,8185600,0.013466155801696633,0.013376292964774938,1.3466155801696633,1.3376292964774938
2021-10-21,151.9205322265625,153.56073784396318,151.18557087479263,153.0498480736484,8415200,-0.007843666775452895,-0.007874590137532476,-0.7843666775452895,-0.7874590137532476
2021-10-22,153.9640655517578,154.24191212744404,152.09978833357172,152.39556446530858,8817900,0.013451330740124945,0.013361664780183916,1.3451330740124945,1.3361664780183917
2021-10-25,153.21119689941406,155.02169922716354,152.79889914460668,154.7976276308268,10159200,-0.004889898494468192,-0.004901893165903836,-0.4889898494468192,-0.49018931659038356
2021-10-26,153.62347412109375,154.600436631462,152.85266731705,153.26496505345472,8015100,0.0026909079102772626,0.0026872938994482675,0.26909079102772626,0.26872938994482676
2021-10-27,150.42373657226562,152.99607396582704,149.98455134662956,152.65549445989438,9847000,-0.020828441533003783,-0.02104841332912409,-2.0828441533003783,-2.104841332912409
2021-10-28,152.69137573242188,152.82581324312633,150.5402935036669,150.84502764542853,7212900,0.015075008850526928,0.014962510108601383,1.5075008850526928,1.4962510108601383
2021-10-29,152.27008056640625,154.376358864125,151.8219374116783,153.42628388805707,8140100,-0.0027591287588757396,-0.0027629421707077986,-0.27591287588757396,-0.27629421707077984
2021-11-01,152.189453125,154.45705691597723,151.4813791187876,154.19712616768516,7435500,-0.0005295028485329256,-0.0005296430846720363,-0.05295028485329256,-0.05296430846720363
2021-11-02,152.78994750976562,153.88341803911553,151.4007008198953,152.18943724794977,7173800,0.0039457030197251886,0.003937939149481727,0.39457030197251886,0.39379391494817273
2021-11-03,152.84371948242188,153.38149679568025,151.60683986767475,152.48521039107976,8402700,0.0003519339690380985,0.0003518720548048723,0.03519339690380985,0.03518720548048723
2021-11-04,150.83604431152344,152.54795475484534,149.222739603389,152.36870019574664,9574200,-0.013135477059162626,-0.013222510427989696,-1.3135477059162626,-1.3222510427989695
2021-11-05,150.62091064453125,152.4493286206465,150.04728797788303,151.38274576947794,7975600,-0.0014262749197259117,-0.0014272930179730426,-0.14262749197259117,-0.14272930179730425
2021-11-08,151.52615356445312,153.1932465621117,151.23934907169368,151.51719562526296,6413700,0.006010074670563359,0.00599208621046683,0.6010074670563359,0.599208621046683
2021-11-09,150.3789520263672,150.99739191663562,149.32134049177546,149.99355538532862,7990300,-0.007570980395789961,-0.007599785749814604,-0.7570980395789961,-0.7599785749814604
2021-11-10,150.23550415039062,151.4275665619767,149.76047350890246,150.08313712163437,6999200,-0.0009539092675111549,-0.0009543645284979526,-0.09539092675111549,-0.09543645284979527
2021-11-11,150.2265625,151.1855818264509,149.59019314502248,150.14590000713164,5815300,-5.951755839073147e-05,-5.9519329630890147e-05,-0.005951755839073147,-0.005951932963089015
2021-11-12,149.55429077148438,150.34302687146678,148.53252522207075,150.2623507330669,8113400,-0.004475052329814377,-0.004485095349718293,-0.44750523298143774,-0.4485095349718293
2021-11-15,149.28543090820312,150.38785913162047,148.78351281221612,149.8680251580928,6492500,-0.0017977408865658129,-0.0017993587620180938,-0.1797740886565813,-0.1799358762018094
2021-11-16,148.20989990234375,149.74255545966795,147.994786271559,149.73358384406654,9706100,-0.007204527590644272,-0.007230605527847751,-0.7204527590644272,-0.7230605527847751
2021-11-17,147.41221618652344,148.3891650198127,146.444225293232,148.07547300495767,9909600,-0.005382121682464547,-0.005396657478441811,-0.5382121682464547,-0.5396657478441811
2021-11-18,146.13949584960938,147.752814056222,145.70031060340116,147.34051630710363,8122500,-0.008633750782931493,-0.008671237532684811,-0.8633750782931493,-0.8671237532684811
2021-11-19,144.2304229736328,145.2970061044845,142.91288071508038,144.57101622247532,12193600,-0.013063360215373687,-0.013149436356312234,-1.3063360215373687,-1.3149436356312234
2021-11-22,147.30470275878906,148.7656405631689,146.08575248060393,147.1344061228573,14549900,0.021315057681819738,0.021091069135469816,2.131505768181974,2.1091069135469818
2021-11-23,150.8270721435547,151.07803123787048,148.21887547451016,148.33539708124425,12354400,0.02391213124087077,0.023630713600397285,2.391213124087077,2.3630713600397284
2021-11-24,149.64401245117188,151.8667993259156,149.1779396032223,150.98844231251852,9629800,-0.00784381527513045,-0.007874739811211609,-0.784381527513045,-0.7874739811211608
2021-11-26,145.13563537597656,145.78096261221904,142.34819808563626,145.3238615183155,13619300,-0.030127346903815355,-0.03059050157125081,-3.0127346903815355,-3.059050157125081
2021-11-29,144.50827026367188,147.69009011130868,143.2445166777698,146.37254784672737,12104400,-0.0043226125043617225,-0.004331982004019276,-0.43226125043617225,-0.4331982004019276
2021-11-30,142.35719299316406,143.97051150272333,141.87319060217266,142.6529691929372,18922600,-0.014885495941394433,-0.014997396791063123,-1.4885495941394433,-1.4997396791063122
2021-12-01,141.51463317871094,146.3366575021894,141.43397069981265,144.30208391821816,12253400,-0.005918631835439392,-0.0059362163553708484,-0.5918631835439392,-0.5936216355370848
2021-12-02,144.49034118652344,146.31875948350122,142.3302876110837,143.25346153853386,12969900,0.02102756401208805,0.020809535891657707,2.102756401208805,2.0809535891657704
2021-12-03,141.8731689453125,145.04603047581804,140.88726210614743,144.75025432119497,12681800,-0.018113129360200042,-0.018279180278508455,-1.8113129360200042,-1.8279180278508456
2021-12-06,143.54922485351562,145.74512367202226,142.92182714483437,144.31106004396992,11186500,0.011813762395405325,0.01174452467626089,1.1813762395405325,1.174452467626089
2021-12-07,145.70928955078125,146.4442373019538,144.44552241899893,145.09084973411137,9851600,0.015047553892888255,0.01493546252226921,1.5047553892888255,1.493546252226921
2021-12-08,144.0421905517578,146.33668150280062,143.55818824650183,145.7899462624158,11705700,-0.01144126777477994,-0.011507222632986137,-1.144126777477994,-1.1507222632986136
2021-12-09,143.81809997558594,144.23934193762955,142.19581034928893,143.09209661351704,11189600,-0.0015557287438735523,-0.0015569401464079929,-0.15557287438735523,-0.1556940146407993
2021-12-10,143.24449157714844,144.92950062183732,142.62605180505082,144.58892110736258,10405400,-0.003988429818881478,-0.003996404817302189,-0.3988429818881478,-0.3996404817302189
2021-12-13,141.5415496826172,143.2176009101665,140.967926921364,142.9576838661397,12069000,-0.01188835867810023,-0.011959590328609814,-1.188835867810023,-1.1959590328609815
2021-12-14,142.62603759765625,144.20349649919095,140.9858320930313,141.12026956216326,12563600,0.007661975705867574,0.007632771847982756,0.7661975705867574,0.7632771847982756
2021-12-15,141.55947875976562,143.2713890969695,141.03067305651794,143.2713890969695,14014200,-0.00747800931621867,-0.007506109806018097,-0.747800931621867,-0.7506109806018098
2021-12-16,143.77333068847656,145.0370980231587,142.24067464995287,143.75540112788778,19542800,0.015639022890639342,0.01551799359450766,1.5639022890639342,1.551799359450766
2021-12-17,140.50189208984375,142.850172442097,139.08575752396177,142.7963974306235,28082000,-0.022754140722532568,-0.023017011434992487,-2.2754140722532568,-2.3017011434992485
2021-12-20,137.97433471679688,138.65550747765232,136.0921277501959,138.48521086837707,15148000,-0.017989489931072522,-0.018153267967096084,-1.7989489931072522,-1.8153267967096085
2021-12-21,139.90133666992188,140.87828553412785,139.00505029698178,139.29186850092006,11291300,0.013966379740698365,0.013869748545054673,1.3966379740698365,1.3869748545054672
2021-12-22,140.44808959960938,140.7707532815702,139.1395189889462,139.59662017328804,7273000,0.003908132278803711,0.0039005153686612706,0.3908132278803711,0.39005153686612704
2021-12-23,140.9499969482422,142.61709023013458,140.9051935684094,141.26370266454404,8055200,0.0035736146362947974,0.003567244447399652,0.35736146362947974,0.3567244447399652
2021-12-27,141.75662231445312,141.79246774329843,140.1253749390421,141.2547042531702,6188100,0.005722776755413106,0.005706463875573053,0.5722776755413106,0.5706463875573052
2021-12-28,142.1868438720703,143.54023112633914,141.68492578244062,141.79247575129205,6342300,0.0030349309301602734,0.0030303348241795705,0.30349309301602734,0.303033482417957
2021-12-29,142.1151885986328,143.07422174081657,141.74770784267938,142.37511934845233,6398900,-0.0005039515013215423,-0.0005040785275578855,-0.05039515013215423,-0.05040785275578855
2021-12-30,142.04345703125,143.62092976129685,141.94486498562208,142.6081218085958,6948200,-0.0005047424423113567,-0.0005048698676576829,-0.05047424423113567,-0.050486986765768294
2021-12-31,141.9269561767578,142.76945390035635,141.57740502961474,142.01657661054742,5805900,-0.0008201775493718033,-0.0008205140789999962,-0.08201775493718033,-0.08205140789999961
2022-01-03,144.92950439453125,145.7720157769295,142.96663504112357,143.2803407435041,13120900,0.02115558804793949,0.02093491547466916,2.115558804793949,2.093491547466916
2022-01-04,150.42373657226562,151.09595132051288,147.19710031018116,147.26880485781015,20195800,0.03790968720059795,0.03720877440792375,3.7909687200597952,3.720877440792375
2022-01-05,147.67367553710938,151.80327444661938,147.62858984596159,151.3163847535986,17539400,-0.01828209495271438,-0.018451277632337962,-1.8282094952714378,-1.8451277632337961
2022-01-06,149.2425994873047,150.91066035951337,147.75485390275585,150.49590492980226,14047500,0.010624262885642333,0.010568221984112182,1.0624262885642333,1.056822198411218
2022-01-07,150.72128295898438,151.05489230050952,148.82779404291946,149.37780644172148,13913300,0.00990791822682957,0.00985915662447844,0.9907918226829571,0.985915662447844
2022-01-10,150.86557006835938,152.65986243028658,149.25159297216194,152.44347310483272,12922500,0.0009573107828060312,0.0009568528530693398,0.09573107828060312,0.09568528530693397
2022-01-11,151.01885986328125,151.9475674649795,149.95489516649994,151.71312733679164,11854100,0.0010160687746874064,0.0010155529262054117,0.10160687746874064,0.10155529262054117
2022-01-12,151.8754425048828,152.91234484028402,150.73934337201004,151.89347953698893,12568000,0.005672024291383471,0.005655998930536909,0.5672024291383471,0.5655998930536908
2022-01-13,151.6860809326172,153.1107037210954,151.3795201923459,151.78526396720187,13623400,-0.0012468215344263456,-0.0012475994630884025,-0.12468215344263456,-0.12475994630884026
2022-01-14,142.3629150390625,145.19412327301816,141.47026782608924,144.95067153162142,40158400,-0.061463555760902455,-0.06343359127575829,-6.1463555760902455,-6.3433591275758285
2022-01-18,136.39395141601562,140.46042827380643,135.73573048529457,140.46042827380643,32324800,-0.041927798552095275,-0.04283213699536485,-4.192779855209528,-4.283213699536486
2022-01-19,134.28404235839844,137.2595192359794,133.94142136009356,136.66443486704068,22380000,-0.01546922745262913,-0.015590124360090746,-1.546922745262913,-1.5590124360090747
2022-01-20,133.1389923095703,135.79888402882034,132.86849181512207,134.3382006203171,14860800,-0.008527074615255037,-0.008563638117517113,-0.8527074615255037,-0.8563638117517113
2022-01-21,130.81271362304688,133.00373879530486,130.08237189896087,132.99472715659496,20705400,-0.01747255740913567,-0.017627004238602063,-1.747255740913567,-1.7627004238602064
2022-01-24,130.69546508789062,131.17334324183742,125.84454917975961,128.28803728643487,28471400,-0.0008963084084786521,-0.0008967103330437321,-0.08963084084786521,-0.08967103330437322
2022-01-25,132.12005615234375,132.40859355763388,126.94452995027333,129.52327453761563,18915900,0.01090008030114209,0.010841102613169052,1.090008030114209,1.0841102613169051
2022-01-26,133.37338256835938,135.7627869034802,131.60613883252398,134.094712438551,20709100,0.009486269174533657,0.009441557068082666,0.9486269174533657,0.9441557068082665
2022-01-27,131.02005004882812,135.5914671882387,129.95609917114837,134.72586860719565,17536800,-0.017644693972765246,-0.017802217303291058,-1.7644693972765246,-1.7802217303291057
2022-01-28,132.1922149658203,132.32745830068887,128.18884715503197,130.01020202786032,14117000,0.008946454504904722,0.008906672079183886,0.8946454504904722,0.8906672079183886
2022-01-31,133.9864959716797,134.15779957755353,130.44296992412916,131.3175800137124,13985700,0.0135732728763438,0.013481981165242487,1.35732728763438,1.3481981165242487
2022-02-01,136.2857208251953,136.57425824240727,133.71600152448022,134.06764790281895,14584900,0.017160123763529267,0.01701455183469841,1.7160123763529267,1.701455183469841
2022-02-02,135.19471740722656,136.09637617210524,133.50861991953408,135.69964411424328,12441100,-0.008005265785460458,-0.008037479962825311,-0.8005265785460458,-0.8037479962825311
2022-02-03,134.07667541503906,136.73656641317066,133.7069919647916,135.24883473438163,12474900,-0.008269864486049383,-0.00830424951962816,-0.8269864486049383,-0.830424951962816
2022-02-04,137.55706787109375,138.40462936624814,134.13978698465868,134.43733604731216,16654400,0.025958224614989867,0.025627029170105897,2.5958224614989867,2.56270291701059
2022-02-07,138.01693725585938,138.5128386544454,136.01525335617333,138.19726628791096,12572300,0.0033431170922935127,0.003337541299909081,0.3343117092293513,0.3337541299909081
2022-02-08,140.61373901367188,142.89493551908143,139.57683651420444,139.75716558912575,20411400,0.01881509479520238,0.01864028026311322,1.881509479520238,1.864028026311322
2022-02-09,141.19976806640625,141.94813273393166,140.49647533054264,141.19074267349717,9131100,0.004167651446046694,0.004158990841341346,0.4167651446046694,0.4158990841341346
2022-02-10,140.61373901367188,143.39085079378492,139.95553169900717,141.253923051603,16455600,-0.004150354216295615,-0.004158990841341418,-0.41503542162956153,-0.4158990841341418
2022-02-11,138.78335571289062,142.63344360848723,137.92678238932976,140.30716166904648,16830000,-0.01301710141285184,-0.013102566358188121,-1.301710141285184,-1.3102566358188121
2022-02-14,137.49395751953125,138.5669199514389,135.53735954385735,137.7103468296604,17026500,-0.009290726447246489,-0.009334154440569727,-0.9290726447246489,-0.9334154440569727
2022-02-15,139.50466918945312,140.60469417240373,138.7202303317611,139.31531476265337,9500000,0.014624000255692993,0.014518100764917096,1.4624000255692993,1.4518100764917097
2022-02-16,139.75714111328125,140.74897148898773,138.62105575783718,138.62105575783718,9076500,0.0018097740046625344,0.0018081383368506096,0.18097740046625344,0.18081383368506096
2022-02-17,136.53819274902344,138.61201085107288,135.85293697750177,137.9538037443335,11367500,-0.023032442840603573,-0.023301834082930142,-2.3032442840603573,-2.3301834082930144
2022-02-18,137.17835998535156,138.9816774631441,136.2676896120257,137.16934835092198,11733300,0.004688558002996501,0.004677600950093501,0.4688558002996501,0.4677600950093501
2022-02-22,136.93492126464844,138.17020320971827,135.61850708557432,135.78982446353288,11333500,-0.0017746146019613773,-0.0017761910958429153,-0.17746146019613773,-0.17761910958429153
2022-02-23,134.06764221191406,138.2242896144109,133.41844680896554,138.0619838845634,11799000,-0.02093899077206829,-0.021161320489392673,-2.093899077206829,-2.116132048939267
2022-02-24,130.3347625732422,130.73149458653586,126.03384689562756,128.88309157453727,25655100,-0.027843255666206934,-0.028238227919962274,-2.7843255666206934,-2.8238227919962275
2022-02-25,133.41842651367188,135.36601242625537,130.65935334995459,130.96591397743015,18367700,0.023659566178261926,0.023384016437891956,2.3659566178261926,2.3384016437891955
2022-02-28,127.8552474975586,130.7946508511682,127.02572287797963,129.43315072961323,31315300,-0.04169723149555504,-0.042591508661904115,-4.169723149555504,-4.259150866190412
2022-03-01,123.03136444091797,126.66504901109937,120.44360758416782,126.26831686061,36840400,-0.0377292535977668,-0.03845942674700377,-3.77292535977668,-3.845942674700377
2022-03-02,125.58303833007812,126.26829407475877,123.17561095119638,123.78873233987564,19405600,0.020740027559277507,0.020527881450771918,2.0740027559277507,2.0527881450771917
2022-03-03,124.69039916992188,127.11586373331227,123.58136261131266,126.08797317108902,16640800,-0.0071079595781882166,-0.007133341470025783,-0.7107959578188217,-0.7133341470025782
2022-03-04,121.18292999267578,122.10262576615227,119.37961250017631,121.66983342025418,21016000,-0.02812942456352463,-0.028532636230457126,-2.812942456352463,-2.8532636230457125
2022-03-07,116.50334167480469,119.64111050233956,116.26890157737108,119.17224406569403,27560100,-0.03861590339624499,-0.039381265573226125,-3.861590339624499,-3.9381265573226125
2022-03-08,115.6828384399414,118.82961916353426,114.7541240039746,116.8910580516259,19207800,-0.00704274420860429,-0.007067661390745115,-0.704274420860429,-0.7067661390745116
2022-03-09,120.31737518310547,121.94036408108737,119.4157162129182,119.83047163459888,17536200,0.04006243973318613,0.039280749556047066,4.006243973318613,3.9280749556047065
2022-03-10,118.89273834228516,120.32637263388989,117.50418974551918,118.89273834228516,15604200,-0.011840657582931957,-0.011911316488058566,-1.1840657582931957,-1.1911316488058565
2022-03-11,116.21481323242188,120.89442505071693,115.79103245546727,119.46079072436721,20061800,-0.0225238744367523,-0.022781411397103567,-2.25238744367523,-2.278141139710357
2022-03-14,117.36893463134766,119.84849654865901,116.52137308375106,116.7287645318465,15786900,0.009930931925327124,0.00988194428251048,0.9930931925327124,0.9881944282510481
2022-03-15,119.4517593383789,120.41654090167052,118.23452815862449,118.83863793077913,15096600,0.017745962452273556,0.01759034126193352,1.7745962452273556,1.759034126193352
2022-03-16,124.7895278930664,124.87068761235773,121.2099426335686,121.60667456533409,20354900,0.044685558289408345,0.043715938978476435,4.4685558289408345,4.371593897847643
2022-03-17,126.36747741699219,126.40355147419575,122.55346448190369,123.40102596930593,17050500,0.012644887360083068,0.01256560838816778,1.2644887360083068,1.256560838816778
2022-03-18,126.32242584228516,126.99867006251533,124.84370569771082,126.40357184673906,23656500,-0.0003565124162316913,-0.0003565759818915686,-0.03565124162316913,-0.035657598189156856
2022-03-21,125.9166488647461,126.91749070650725,125.08712440031135,126.54782104610062,12676100,-0.003212232308186347,-0.003217402601478269,-0.3212232308186347,-0.3217402601478269
2022-03-22,128.59458923339844,129.77576020318918,127.78310171837029,128.27901687009776,13548600,0.021267563843196502,0.02104456542185618,2.12675638431965,2.104456542185618
2022-03-23,126.03388977050781,127.66589030546905,125.51092591673601,127.1158777832456,12093200,-0.01991296428687972,-0.020113899308903834,-1.991296428687972,-2.0113899308903833
2022-03-24,126.8543930053711,126.87243003569671,125.42977029055317,126.50274658424802,10017600,0.006510179415689876,0.006489079723356975,0.6510179415689876,0.6489079723356975
2022-03-25,127.96343994140625,129.09952529570612,126.95358629313971,127.21506134198583,8383500,0.008742676621283474,0.008704680720683223,0.8742676621283474,0.8704680720683222
2022-03-28,127.01669311523438,127.10686451439803,124.33876490711523,126.2322542237612,10818100,-0.007398572800210612,-0.007426077990026376,-0.7398572800210612,-0.7426077990026375
2022-03-29,127.29618835449219,129.47821485328035,126.44864060228315,129.25280014340922,11316500,0.002200460682787897,0.0021980432148921464,0.2200460682787897,0.21980432148921464
2022-03-30,126.7191162109375,128.14373870423222,126.1510805471263,127.94537267616455,8771000,-0.004533302615060797,-0.004543609191710259,-0.4533302615060797,-0.45436091917102595
2022-03-31,122.91414642333984,126.5478306474484,122.86003533306148,126.07896417259552,17353900,-0.03002680180679196,-0.030486838595095662,-3.002680180679196,-3.048683859509566
2022-04-01,122.00345611572266,123.89694519351288,120.64195621273164,123.88791979980071,15721300,-0.007409157807439004,-0.007436741951791381,-0.7409157807439004,-0.7436741951791381
2022-04-04,122.54444885253906,123.47315630104687,119.82143546773246,120.93047192171554,17416400,0.004434241078410617,0.004424438797874186,0.4434241078410617,0.4424438797874186
2022-04-05,121.11833953857422,122.9895221589647,120.81858496440468,121.78143929061653,12110300,-0.011637486049497991,-0.011705731577884142,-1.1637486049497991,-1.1705731577884142
2022-04-06,119.43792724609375,120.40984624469272,118.95650696320031,119.51967472201088,12914700,-0.013874135815289068,-0.013971281223283658,-1.3874135815289068,-1.3971281223283658
2022-04-07,119.07459259033203,119.82851838667824,116.93090413933677,118.94742521867147,12994200,-0.003042037518058205,-0.0030466739193140526,-0.3042037518058205,-0.30466739193140524
2022-04-08,121.254638671875,121.62704854271593,119.43795377140005,119.60144875954398,13126900,0.018308238845236025,0.0181426609466433,1.8308238845236025,1.81426609466433
2022-04-11,120.80953216552734,122.53537708095317,120.41895160916842,120.80953216552734,10466400,-0.0036708410599626262,-0.0036775951308195853,-0.3670841059962626,-0.36775951308195853
2022-04-12,119.48333740234375,122.24470569501798,118.72033321365873,120.02834831437777,12989900,-0.0109775672449961,-0.011038265356801118,-1.09775672449961,-1.1038265356801118
2022-04-13,115.6319808959961,117.40324566002532,114.46021846359908,115.30497710415962,30838000,-0.032233419237184036,-0.032764356359020856,-3.2233419237184036,-3.2764356359020854
2022-04-14,114.56012725830078,116.54031364384889,113.5609452375323,114.90529481904719,18835200,-0.009269525864642802,-0.00931275527097173,-0.9269525864642802,-0.931275527097173
2022-04-18,116.6856689453125,117.39417489721947,114.03330391264981,114.1513859279335,11834400,0.018553939646201778,0.01838391517066689,1.8553939646201778,1.8383915170666891
2022-04-19,119.1018295288086,119.28350906413976,116.47672102162295,116.67655742232519,15015400,0.020706575240430736,0.02049510829980741,2.0706575240430736,2.0495108299807407
2022-04-20,119.51969909667969,121.27279334092775,119.30169192290452,120.37354320204209,13430200,0.0035085067082871735,0.0035023662569777826,0.35085067082871735,0.35023662569777825
2022-04-21,118.59317779541016,120.63694813111287,118.04818068867888,120.10102945842216,12174200,-0.007752038436108055,-0.007782241678450223,-0.7752038436108055,-0.7782241678450222
2022-04-22,115.1868896484375,118.5568458204477,115.0778930031577,118.33883866968395,14318800,-0.028722462879348543,-0.029143025454422246,-2.8722462879348543,-2.9143025454422244
2022-04-25,115.15055084228516,115.46847619280373,111.82602161290978,114.46021568083782,17149000,-0.00031547692852240683,-0.0003155267018371187,-0.03154769285224068,-0.03155267018371187
2022-04-26,111.74427032470703,114.82355719737451,111.60802451936502,113.21578739331876,17209500,-0.029581104846328587,-0.030027450031485454,-2.9581104846328587,-3.0027450031485454
2022-04-27,110.29090118408203,112.23475281294886,110.10923552777881,111.11749585949298,17215200,-0.013006207265945702,-0.013091528591679382,-1.3006207265945702,-1.3091528591679382
2022-04-28,112.03492736816406,112.31651817204957,110.0365772333767,111.55350709488083,13015600,0.01581296521615272,0.01568924285558478,1.581296521615272,1.568924285558478
2022-04-29,108.41974639892578,112.28020149141237,108.0019097381748,111.7715319792116,14874800,-0.0322683385812198,-0.0328004394132738,-3.22683385812198,-3.2800439413273796
2022-05-02,109.40983581542969,109.64600677231947,107.38423620894734,108.89208094116131,18545000,0.009132002696823571,0.009090558083991625,0.9132002696823571,0.9090558083991624
2022-05-03,111.75336456298828,112.78887434643147,109.7095941593342,110.39085096055223,15720900,0.02141972639015788,0.021193548134942373,2.141972639015788,2.1193548134942373
2022-05-04,115.4503173828125,115.72282287421346,111.48994397370633,111.54444923004803,17128500,0.03308135584356808,0.03254594390330073,3.3081355843568083,3.2545943903300727
2022-05-05,112.561767578125,114.54195391848384,110.96309024158118,113.76986440831988,15055400,-0.02501985157052089,-0.025338168776719034,-2.501985157052089,-2.5338168776719034
2022-05-06,112.38011932373047,112.89787419834097,110.07292886824266,112.4527883766834,14417900,-0.0016137651202789982,-0.0016150686417844946,-0.16137651202789982,-0.16150686417844945
2022-05-09,110.69058227539062,112.02584643303204,109.45523631526666,110.91766782791193,14312300,-0.015034127553049115,-0.015148285672257213,-1.5034127553049115,-1.5148285672257213
2022-05-10,107.99281311035156,112.4346063049608,106.78471621477684,111.82601864061022,16382400,-0.024372165269916035,-0.024674082163724853,-2.4372165269916035,-2.467408216372485
2022-05-11,107.31155395507812,111.62617968658363,107.12988827526584,108.36523430227344,14630300,-0.006308374933962524,-0.0063283568108904445,-0.6308374933962524,-0.6328356810890444
2022-05-12,107.22071838378906,107.47505310108782,104.79544627656004,106.27604162660707,16318800,-0.0008464659017712872,-0.0008468243563266987,-0.08464659017712872,-0.08468243563266986
2022-05-13,108.17446899414062,109.22814926988698,107.14804480560923,108.46514515029217,10443200,0.00889520817177969,0.008855878863755802,0.8895208171779689,0.8855878863755803
2022-05-16,107.4205551147461,108.5105630294059,106.48496371747785,107.67488983282664,10269000,-0.0069694252849566984,-0.006993825164203681,-0.6969425284956698,-0.6993825164203682
2022-05-17,110.98126220703125,111.69885345380604,109.73683076438104,109.94575254209087,11160200,0.03314735330199725,0.032609825949038926,3.314735330199725,3.2609825949038926
2022-05-18,109.08282470703125,110.79051268549689,108.57415523094456,110.18192500087862,12664900,-0.01710592817424028,-0.01725392473737685,-1.7105928174240281,-1.7253924737376851
2022-05-19,107.46597290039062,108.68315515891753,106.84829987295196,107.35697626208484,12765800,-0.014822239990420871,-0.014933187077459834,-1.4822239990420871,-1.4933187077459835
2022-05-20,106.58489227294922,108.70133169607323,104.47753821411612,108.5105806265787,13150100,-0.0081986940020361,-0.008232488132281985,-0.81986940020361,-0.8232488132281985
2022-05-23,113.179443359375,114.96887870694266,109.40982162268544,109.41890698564558,24376700,0.061871349173371115,0.06003277534361931,6.1871349173371115,6.003277534361931
2022-05-24,114.77813720703125,115.80456154360846,111.82602463880535,112.96145254966146,19324900,0.014125302265182382,0.014026469788200956,1.4125302265182382,1.4026469788200955
2022-05-25,115.57747650146484,116.14065124271758,113.69720814950577,114.70546869346519,12780400,0.00696421212161491,0.006940074000243777,0.696421212161491,0.6940074000243778
2022-05-26,117.5758285522461,118.25708527158294,116.45857141339064,116.6038956464279,15990900,0.017290151258458453,0.017142377514885978,1.7290151258458453,1.7142377514885978
2022-05-27,119.23809814453125,119.23809814453125,117.30332460146062,118.22983763253434,11177800,0.014137851399843804,0.014038844054961072,1.4137851399843804,1.4038844054961073
2022-05-31,120.110107421875,120.94578073708585,117.82109463420358,118.24800279571171,17015000,0.007313176668473531,0.0072865650568300884,0.7313176668473531,0.7286565056830089
2022-06-01,118.00276184082031,120.69144752227814,116.87641230062839,120.69144752227814,10768000,-0.017545114447802823,-0.017700854306015847,-1.7545114447802823,-1.7700854306015847
2022-06-02,119.90118408203125,119.91026251539448,116.87640254764649,117.99365970028113,8374800,0.016087947532718028,0.015959907942173134,1.6087947532718028,1.5959907942173133
2022-06-03,118.22981262207031,119.69224397676992,118.07539612625739,119.18357461169191,8596000,-0.013939574264900112,-0.014037642550273432,-1.3939574264900112,-1.4037642550273433
2022-06-06,117.83924865722656,120.25544262386137,117.5940062031713,119.07459480210566,11323500,-0.003303430464634327,-0.003308898837298666,-0.3303430464634327,-0.3308898837298666
2022-06-07,118.14807891845703,118.37516447289995,116.83097161452629,117.02172957874735,6722200,0.0026207758853655783,0.002617347640712536,0.2620775885365578,0.26173476407125357
2022-06-08,116.26781463623047,117.5849082018658,115.26863949022072,117.17615693807602,8422100,-0.01591447190202966,-0.016042466908353196,-1.5914471902029659,-1.6042466908353197
2022-06-09,113.82437133789062,116.3586541153249,113.78803681429676,115.69556118741495,13560100,-0.021015646556914236,-0.021239618762095142,-2.1015646556914236,-2.1239618762095143
2022-06-10,108.5923080444336,112.08942397584309,108.38338629830388,111.35366211347383,12945200,-0.04596610753882857,-0.04705608147604945,-4.596610753882857,-4.705608147604945
2022-06-13,105.3586196899414,107.13896973681463,104.5138610877417,106.14887997267715,16805600,-0.029778245003955872,-0.030230620214785703,-2.977824500395587,-3.0230620214785704
2022-06-14,103.60551452636719,106.56671219347837,102.84251036495894,104.95894946473875,13357900,-0.016639408989349014,-0.016779399028715777,-1.6639408989349014,-1.6779399028715776
2022-06-15,104.83179473876953,106.23063586993884,102.79710286959158,105.02254580211081,14083500,0.01183605156548162,0.011766553359211297,1.183605156548162,1.1766553359211296
2022-06-16,103.03324890136719,103.78717453847878,101.6162373849458,103.42383629757315,16724900,-0.017156491900993776,-0.01730536977997158,-1.7156491900993776,-1.7305369779971582
2022-06-17,102.669921875,104.12326806726963,101.8796685645697,103.13317835600826,30919900,-0.003526308548369661,-0.0035325406294995153,-0.3526308548369661,-0.35325406294995154
2022-06-21,105.2132797241211,106.3032876028022,104.49568854745061,105.24961424409061,11680500,0.02477218062187303,0.024470325078404263,2.477218062187303,2.4470325078404263
2022-06-22,104.62286376953125,105.54936984306978,103.90527253890066,104.35035831431907,9842700,-0.005611610588872162,-0.005627414828128815,-0.5611610588872162,-0.5627414828128815
2022-06-23,103.47836303710938,104.62287638486268,101.26201232587104,104.46845984233711,11851500,-0.010939298459111568,-0.010999572558479546,-1.0939298459111568,-1.0999572558479547
2022-06-24,106.56672668457031,107.0208978700535,102.48827137935996,102.85160971376698,14841100,0.029845501579430556,0.02940879252407705,2.9845501579430556,2.9408792524077048
2022-06-27,105.7128677368164,107.63855578665463,105.04069641748,107.23888298213505,11280500,-0.008012434784463895,-0.008044706840812607,-0.8012434784463895,-0.8044706840812608
2022-06-28,105.2042007446289,108.35614950968552,105.00436433772249,106.88463254709411,11590900,-0.004811779332804411,-0.00482339321357647,-0.4811779332804411,-0.482339321357647
2022-06-29,104.73187255859375,106.11254983957924,104.21411771196144,105.36770941231696,9338400,-0.004489632378669728,-0.004499741045596848,-0.4489632378669728,-0.44997410455968484
2022-06-30,102.2884292602539,103.62369358013135,100.76241388469425,102.79709874207315,15172600,-0.023330465107198606,-0.0236069288931374,-2.3330465107198606,-2.36069288931374
2022-07-01,103.596435546875,103.9325177413926,100.97132702000935,102.32475502113735,10573600,0.012787431541187555,0.012706362715043683,1.2787431541187555,1.2706362715043682
2022-07-05,103.20240020751953,103.28487079758956,100.1600282590382,101.50709683666992,12514200,-0.003803560781559634,-0.003810812713485474,-0.3803560781559634,-0.3810812713485474
2022-07-06,102.53345489501953,103.54146852042062,101.52544126961844,102.38683816346857,10656200,-0.006481877467528707,-0.0065029760570135325,-0.6481877467528707,-0.6502976057013532
2022-07-07,105.12679290771484,105.29174108243753,103.91717529021616,104.00881161141696,10347400,0.025292603427345073,0.024978038610874557,2.5292603427345073,2.497803861087456
2022-07-08,104.79690551757812,105.97903303891945,104.10962256271016,105.53001013266544,8807800,-0.00313799537693793,-0.003142929208695212,-0.313799537693793,-0.3142929208695212
2022-07-11,103.42231750488281,104.67775661770675,102.83583673471452,104.05461992547765,7939500,-0.013116685134035189,-0.01320346855772841,-1.3116685134035189,-1.320346855772841
2022-07-12,103.52313232421875,105.54832507615383,102.87250535796476,103.16574577925392,11250900,0.0009747878578643121,0.000974313060706344,0.09747878578643121,0.0974313060706344
2022-07-13,102.55177307128906,103.07410778169448,101.1497101199243,102.40514936732816,12979900,-0.009383016443972547,-0.009427314258607447,-0.9383016443972547,-0.9427314258607447
2022-07-14,98.96873474121094,99.17950456734009,97.1909607873143,98.9595690118828,26204800,-0.03493882380353741,-0.0355637846302896,-3.493882380353741,-3.55637846302896
2022-07-15,103.50480651855469,104.35703763188111,98.66633580730928,100.03174292947327,18863900,0.04583338151391869,0.044814061858877124,4.583338151391869,4.481406185887712
2022-07-18,102.44180297851562,106.15312626077532,101.98361440109569,105.1726029847528,13977900,-0.010270088663452581,-0.010323189906553456,-1.0270088663452581,-1.0323189906553456
2022-07-19,104.98017883300781,105.3284066734865,103.2482263352078,103.66975904453123,11862300,0.024778711235925233,0.02447669780530572,2.4778711235925233,2.447669780530572
2022-07-20,104.96183776855469,105.14511039879575,103.9904802437522,104.55862959234112,11667500,-0.0001747097848090462,-0.0001747250483413184,-0.01747097848090462,-0.01747250483413184
2022-07-21,105.67660522460938,105.86904357360412,103.88967270437081,104.8701959062406,11595900,0.00680978412011779,0.006786702269266973,0.680978412011779,0.6786702269266973
2022-07-22,105.16344451904297,106.52884452569346,104.1645897821543,105.60330163931829,7645500,-0.004855953732386786,-0.004867782183522336,-0.48559537323867863,-0.4867782183522336
2022-07-25,105.58497619628906,106.72128190313217,105.172602284515,106.15312555400921,9394000,0.004008347949935764,0.00400033592614168,0.40083479499357644,0.400033592614168
2022-07-26,103.93549346923828,105.91487144614754,103.57810694419679,104.99849430677905,10675100,-0.015622324183549474,-0.015745638682106194,-1.5622324183549474,-1.5745638682106193
2022-07-27,105.60328674316406,106.06147525713818,103.82552006309774,104.47614691397277,9337400,0.016046426665779823,0.01591904364946576,1.6046426665779823,1.591904364946576
2022-07-28,105.2092514038086,106.28141791194416,104.03628984792245,105.61245956042035,10384800,-0.003731279124993492,-0.003738257711726285,-0.3731279124993492,-0.3738257711726285
2022-07-29,105.7132797241211,106.75794922590349,105.1909449732299,105.92404257564719,12944500,0.0047907224278020966,0.004779283436584946,0.47907224278020966,0.47792834365849457
2022-08-01,104.65943145751953,105.48417227500013,103.614762085845,104.92518166489677,14740400,-0.009968929819903272,-0.010018952325669777,-0.9968929819903272,-1.0018952325669777
2022-08-02,103.02826690673828,104.83353072442289,102.8816432301296,104.39366668599854,14942900,-0.015585452052100268,-0.015708182082056224,-1.5585452052100268,-1.5708182082056223
2022-08-03,104.109619140625,104.55864203211962,102.36850098057602,103.96299542586556,14394500,0.010495684983865328,0.010440987673168886,1.0495684983865328,1.0440987673168887
2022-08-04,102.9641342163086,103.8438554164175,101.73618523456729,103.41315704949486,18033900,-0.01100268096043222,-0.01106365814210034,-1.100268096043222,-1.106365814210034
2022-08-05,106.07981872558594,106.47386117188196,102.68006040587031,103.11991751391076,14174600,0.030259901013025337,0.02981110149201878,3.0259901013025337,2.981110149201878
2022-08-08,104.7877197265625,106.94120450793554,104.63193729788584,106.5288376105203,10332500,-0.012180441242701567,-0.012255230750419078,-1.2180441242701567,-1.2255230750419077
2022-08-09,105.73159790039062,106.2905885468458,104.80606197024294,105.15428278631208,10233800,0.009007526609903449,0.008967200818281925,0.9007526609903449,0.8967200818281925
2022-08-10,108.48989868164062,109.3879514348252,107.67432351391135,108.09585619678464,12847300,0.026087762182962493,0.025753281280417345,2.6087762182962493,2.5753281280417344
2022-08-11,110.09354400634766,111.06490149308424,109.33294933698859,109.87361546039648,11684900,0.014781517396498467,0.01467333552677388,1.4781517396498467,1.467333552677388
2022-08-12,111.91714477539062,112.02711255615458,109.45209486470999,110.57923490407693,9906700,0.016564102695593386,0.016428414267721056,1.6564102695593386,1.6428414267721057
2022-08-15,112.21955108642578,112.45781111604711,110.51508893491008,111.00993346193754,8456200,0.002702055271710746,0.0026984112830616123,0.2702055271710746,0.26984112830616125
2022-08-16,113.29170227050781,113.85069288013405,111.67888355259205,112.06376026995359,9555000,0.009554049839820777,0.009508698535911967,0.9554049839820777,0.9508698535911967
2022-08-17,112.33868408203125,112.86102582795446,111.51395014750821,112.07294083111385,8149300,-0.008412074047585816,-0.008447655223980999,-0.8412074047585816,-0.8447655223980999
2022-08-18,111.46813201904297,112.22872684101173,110.46928413757377,112.01795698994185,9531800,-0.007749352505790341,-0.0077795347676915495,-0.7749352505790341,-0.7779534767691549
2022-08-19,108.7098159790039,110.8724665564426,108.23330294953219,110.53341149420012,13464500,-0.0247453329492221,-0.025056645115124176,-2.47453329492221,-2.5056645115124176
2022-08-22,106.91371154785156,107.36274134793044,105.84155204918595,106.98702339170961,8967600,-0.016522007833213892,-0.016660018458008352,-1.6522007833213892,-1.6660018458008352
2022-08-23,105.8598861694336,107.48187765356658,105.73159392668218,106.93205275728873,7607000,-0.009856784159497645,-0.00990568385095294,-0.9856784159497645,-0.990568385095294
2022-08-24,106.11648559570312,106.67547626302469,104.87937074714999,105.64913125272534,9771300,0.0024239533552758985,0.0024210203190807417,0.24239533552758985,0.24210203190807417
2022-08-25,108.63651275634766,108.81061965881429,106.00650784733313,106.4463719508021,10758900,0.023747744250084413,0.023470152763993633,2.3747744250084413,2.3470152763993632
2022-08-26,105.08097839355469,109.95610512166286,105.01683226521394,109.4704262940252,11276200,-0.03272872326790721,-0.03327628850507365,-3.272872326790721,-3.3276288505073652
2022-08-29,104.82437896728516,105.25507733547249,103.97214795977054,104.46699244717283,8117300,-0.0024419207947274923,-0.0024449071459240104,-0.24419207947274923,-0.24449071459240104
2022-08-30,104.84271240234375,105.91487198290172,103.88051360456951,105.3833715614378,10745400,0.00017489667231251893,0.00017488137967258785,0.017489667231251893,0.017488137967258784
2022-08-31,104.21958923339844,105.41087548086992,103.86219566861296,104.9068721808871,10738300,-0.005943409462300209,-0.005961141815652562,-0.5943409462300209,-0.5961141815652562
2022-09-01,104.93436431884766,105.04432511797903,102.55178478848234,103.81638291831989,9979800,0.006858356386806319,0.006834944842827998,0.6858356386806319,0.6834944842827998
2022-09-02,104.20124053955078,107.62848897994999,103.72472751765136,106.18061845683108,10666600,-0.006986498503666949,-0.007011018356354019,-0.6986498503666949,-0.701101835635402
2022-09-06,104.22872924804688,105.15427207532213,102.69838117116177,104.76939537180655,9751900,0.0002638040425790855,0.0002637692524110351,0.026380404257908552,0.02637692524110351
2022-09-07,106.2081069946289,106.40054534612854,103.3306834678968,103.6697385194618,10647900,0.018990711686328376,0.018812639072772298,1.8990711686328376,1.8812639072772297
2022-09-08,108.6823501586914,108.85646408899154,105.04433103263689,105.63997769661783,11435000,0.02329617986871413,0.02302896595468834,2.329617986871413,2.302896595468834
2022-09-09,109.20466613769531,110.01108252523977,108.74647755073704,109.17717594110229,9299700,0.004805895145267414,0.0047943836983319315,0.48058951452674137,0.47943836983319316
2022-09-12,110.49675750732422,111.38564445406696,109.77281872586778,110.53341343198815,8614600,0.01183183297314172,0.011762384105578191,1.183183297314172,1.1762384105578192
2022-09-13,106.65714263916016,108.97557585589206,106.09815198318093,108.19665662766957,12904600,-0.0347486655245024,-0.03536676132074896,-3.47486655245024,-3.536676132074896
2022-09-14,106.40972137451172,107.98588426193879,105.27340862985554,106.9412148290217,9345700,-0.002319781484166561,-0.0023224763457002973,-0.2319781484166561,-0.23224763457002973
2022-09-15,108.01337432861328,109.3970987546802,106.07981803397652,106.40971435855738,10821400,0.01507054931999563,0.014958116797478091,1.507054931999563,1.4958116797478092
2022-09-16,107.2894287109375,107.58266909279969,105.72242476491745,107.57350336453464,14844100,-0.00670237016643227,-0.006724931917335445,-0.670237016643227,-0.6724931917335445
2022-09-19,108.27913665771484,108.80147139821824,105.85073560430655,106.29975848860512,8201300,0.00922465483010293,0.009182367559783642,0.922465483010293,0.9182367559783642
2022-09-20,106.14396667480469,107.8484287284981,105.05347563201083,107.59184424581785,9619000,-0.019719126406222864,-0.01991614267315366,-1.9719126406222864,-1.9916142673153658
2022-09-21,103.08325958251953,106.84957007986944,103.0191134642042,106.79458969028559,12606300,-0.028835431613954077,-0.029259341646717136,-2.8835431613954077,-2.9259341646717134
2022-09-22,101.9103012084961,104.10044202040444,101.7820089678205,103.89883793037058,11684500,-0.011378747420035418,-0.011443980687138176,-1.1378747420035418,-1.1443980687138176
2022-09-23,100.01338958740234,101.11303923885382,98.19896696336724,100.84729604968459,18138600,-0.01861354150266814,-0.01878895356975448,-1.861354150266814,-1.878895356975448
2022-09-26,97.85993194580078,100.4441156320709,97.19097344577945,98.96874763121912,15753600,-0.021531693411107167,-0.02176688246219391,-2.1531693411107167,-2.176688246219391
2022-09-27,96.99852752685547,99.12452240172287,95.89887765728396,98.73964564651318,12793600,-0.00880242201090431,-0.008841392184015723,-0.8802422010904309,-0.8841392184015723
2022-09-28,98.95955657958984,99.63768063661925,96.80607189061794,97.0901465414749,12762600,0.020217101256422954,0.020015449017072737,2.0217101256422954,2.0015449017072737
2022-09-29,97.28260040283203,98.30893832370536,95.6697746810847,98.00653218998973,12713900,-0.016945873998627792,-0.017091098294500066,-1.6945873998627792,-1.7091098294500067
2022-09-30,95.76140594482422,98.62050498371808,95.66976963406658,97.19095196856998,15973400,-0.015636860566111355,-0.015760405869792396,-1.5636860566111355,-1.5760405869792395
2022-10-03,98.7213134765625,99.29862856433786,95.72475627994065,96.78775713014613,12248100,0.030909190425250532,0.03044112203366078,3.0909190425250532,3.044112203366078
2022-10-04,103.33985137939453,103.54145547735958,100.67319742455584,101.36048030867137,16013600,0.04678359454697212,0.04572221954777198,4.678359454697212,4.5722219547771985
2022-10-05,102.0639419555664,102.58170224754564,100.62160568279288,101.47221389217445,10943500,-0.012346731747695738,-0.012423585893667155,-1.2346731747695738,-1.2423585893667155
2022-10-06,99.983642578125,101.87902609549016,99.79873020987436,101.20408254886142,11521400,-0.02038231463122464,-0.020592900403578817,-2.038231463122464,-2.0592900403578818
2022-10-07,97.98656463623047,99.58607711790108,97.33010948849666,99.41040542591979,11681100,-0.019974046658022715,-0.020176224666170316,-1.9974046658022715,-2.0176224666170315
2022-10-10,97.07123565673828,99.21625176953084,96.63668379292143,98.6800030317992,8931700,-0.009341372288030447,-0.009385276537342025,-0.9341372288030447,-0.9385276537342024
2022-10-11,94.269775390625,96.65518334771437,94.16807145845762,96.49800710853047,12739700,-0.028859839345403593,-0.02928447439863383,-2.8859839345403593,-2.928447439863383
2022-10-12,95.79531860351562,96.83084624866187,93.64105486026882,94.12183832385476,13181000,0.016182739447179628,0.0160531946437308,1.6182739447179628,1.6053194643730802
2022-10-13,101.12085723876953,101.61088128148792,94.0848348744896,94.28824267802256,22398700,0.05559289026737946,0.054102590371772785,5.559289026737946,5.410259037177278
2022-10-14,102.80359649658203,106.5481246562342,102.36904469529462,103.51551683527647,33387100,0.016640872157948294,0.01650392998142515,1.6640872157948294,1.650392998142515
2022-10-17,107.12137603759766,108.18463984951308,105.69752814961733,106.7053196587397,22276300,0.042000277112476114,0.041142209274015164,4.200027711247611,4.114220927401516
2022-10-18,109.87659454345703,111.07854601286907,108.13839442294122,110.63475353926913,21539700,0.025720529438422624,0.02539532118252636,2.5720529438422624,2.539532118252636
2022-10-19,107.72233581542969,109.86735153627168,106.9456884221494,109.0907041429914,17072000,-0.019606165780605034,-0.019800916393860443,-1.9606165780605034,-1.9800916393860442
2022-10-20,107.3709945678711,109.75640203483904,106.92720209501213,108.32331365103737,12207400,-0.0032615450166303406,-0.003266875448028416,-0.32615450166303406,-0.32668754480284157
2022-10-21,113.01091766357422,113.15884614253234,107.55591833162632,107.67611066165193,20593300,0.05252743646831015,0.05119435413802011,5.252743646831015,5.119435413802011
2022-10-24,113.14959716796875,113.81529295086949,112.1787966962005,112.86298089353541,12624200,0.0012271336899269958,0.0012263813767768304,0.12271336899269958,0.12263813767768303
2022-10-25,113.4454574584961,113.97246542702777,111.77197737585155,112.65956937264416,11289100,0.002614771045876152,0.0026113584794904203,0.2614771045876152,0.26113584794904204
2022-10-26,114.74913024902344,115.75691472354174,113.61189864224399,113.72285030391559,11667000,0.01149162619406141,0.011426098989379877,1.149162619406141,1.1426098989379878
2022-10-27,115.2021484375,116.68146837307572,114.84156442363947,115.75689253159666,10727600,0.003947900846772878,0.003940128336242877,0.3947900846772878,0.3940128336242877
2022-10-28,116.57054138183594,116.75545375646097,114.69365326896778,115.84012551034374,11859500,0.011878189451287158,0.011808197465832256,1.1878189451287158,1.1808197465832255
2022-10-31,116.3856201171875,117.81871568676551,116.11749224044269,116.21919616106848,13295200,-0.0015863464513106162,-0.001587606031105279,-0.15863464513106162,-0.1587606031105279
2022-11-01,118.4843978881836,118.60459727168887,116.80167705865396,117.30094889933004,13386900,0.01803296462984738,0.017872299362252972,1.8032964629847381,1.7872299362252972
2022-11-02,117.3934097290039,120.52772164129821,117.08829797195993,118.02212165838785,16546100,-0.009207863470845123,-0.009250517884947754,-0.9207863470845123,-0.9250517884947753
2022-11-03,117.6060562133789,118.51213668025758,116.41335946366476,116.78318419482487,12474400,0.0018114005280696066,0.001809761920617588,0.18114005280696066,0.1809761920617588
2022-11-04,120.82357788085938,120.9622727375387,118.77103225951693,119.72334435549573,14953200,0.0273584692070854,0.02699091503668262,2.73584692070854,2.699091503668262
2022-11-07,121.4615478515625,122.31215610134602,120.63867575388741,121.11945923695133,12011200,0.00528017777566725,0.005266286514425998,0.528017777566725,0.5266286514425997
2022-11-08,121.53550720214844,122.09949910244408,120.32431495099945,121.34135415084721,9884100,0.0006089116423604324,0.0006087263308880575,0.06089116423604324,0.06087263308880575
2022-11-09,119.95450592041016,121.51702764786108,119.47372240770373,121.41533782246749,9494000,-0.01300855460378847,-0.013093906864624314,-1.300855460378847,-1.3093906864624314
2022-11-10,124.8917236328125,125.04889985465292,122.53405208938683,122.62651532948576,16351600,0.041159085059115474,0.0403345974183335,4.115908505911547,4.03345974183335
2022-11-11,125.09513092041016,125.8995074956498,123.6897715030098,124.99342699991585,10704700,0.0016286690717448593,0.001627344228564573,0.16286690717448593,0.1627344228564573
2022-11-14,123.80996704101562,125.49268790931114,123.80996704101562,124.63283906017365,11085600,-0.010273492420837638,-0.010326628989477973,-1.0273492420837638,-1.0326628989477973
2022-11-15,122.91313934326172,125.47421888944636,121.67421085240959,124.52189260191997,14038300,-0.007243582396373682,-0.007269944520629442,-0.7243582396373682,-0.7269944520629442
2022-11-16,123.07955932617188,123.48637504565149,122.0717748170407,122.96861471464504,7893400,0.0013539641392235069,0.0013530483563099704,0.1353964139223507,0.13530483563099704
2022-11-17,122.54331970214844,122.86692700570566,121.37835880358543,122.04405477645366,8820200,-0.004356853623454726,-0.004366372368115804,-0.4356853623454726,-0.4366372368115804
2022-11-18,123.74524688720703,124.51264665043922,122.30291060273589,124.42019751635594,9468500,0.009808182020692557,0.009760394024917185,0.9808182020692557,0.9760394024917185
2022-11-21,123.01483917236328,124.41094384841742,122.73746355179416,123.65279886729925,7800500,-0.005902511273903843,-0.005919999945584544,-0.5902511273903843,-0.5919999945584544
2022-11-22,124.85472106933594,125.06738368018213,123.60655209166612,123.89316835821455,9185700,0.01495658498886221,0.014845838168954297,1.495658498886221,1.4845838168954297
2022-11-23,126.18611145019531,126.20460691790676,124.68830304745849,124.762270810396,7316200,0.01066351652109332,0.010607062208503626,1.066351652109332,1.0607062208503626
2022-11-25,126.42652130126953,126.79634604050275,125.79780231508165,126.18612252364939,3220500,0.0019052005669348837,0.0019033879742047432,0.19052005669348837,0.19033879742047433
2022-11-28,124.216796875,126.39879689824559,124.06886132239435,125.80706879573377,9906900,-0.01747832973276109,-0.017632879230313637,-1.7478329732761089,-1.7632879230313636
2022-11-29,126.26008605957031,126.33405382651871,124.27225346400225,124.50339744525012,7925300,0.01644937911759614,0.01631555365056794,1.6449379117596141,1.631555365056794
2022-11-30,127.75788116455078,127.75788116455078,123.14425681104996,125.82552106957607,14761200,0.01186277589161322,0.011792964726130686,1.186277589161322,1.1792964726130686
2022-12-01,125.9642105102539,128.20168222558462,125.21529227089042,127.7578756893899,8858500,-0.014039608656210012,-0.014139096237302843,-1.4039608656210012,-1.4139096237302842
2022-12-02,124.96568298339844,125.14135466300421,123.28294806076286,124.3462188186209,8931900,-0.007927073275898366,-0.007958659556503501,-0.7927073275898366,-0.7958659556503501
2022-12-05,121.4615478515625,124.42020241696149,120.74963447023173,124.11509063585807,10154500,-0.028040779261787052,-0.028441429374822465,-2.804077926178705,-2.8441429374822467
2022-12-06,121.66494750976562,124.91945884772053,120.07467572575979,123.3291870637147,13966700,0.001674601236365758,0.0016732006551074031,0.1674601236365758,0.1673200655107403
2022-12-07,121.58173370361328,123.04256535284911,120.49998156817279,121.40606202122476,11739400,-0.0006839587560391047,-0.000684192762535698,-0.06839587560391047,-0.0684192762535698
2022-12-08,122.85762786865234,122.95007697717338,121.51698176998946,122.34910839411532,8907300,0.010494127087785854,0.010439445957253083,1.0494127087785854,1.0439445957253082
2022-12-09,122.19197845458984,123.67129172190947,122.04404289548445,122.22895529041048,7957800,-0.00541805523686445,-0.0054327861307640925,-0.541805523686445,-0.5432786130764092
2022-12-12,124.08733367919922,124.49413521122202,121.67419009497985,122.41383950440904,8841600,0.01551129009105745,0.01539221974218969,1.551129009105745,1.539221974218969
2022-12-13,123.96713256835938,126.75010081838323,123.0425567115917,126.56518846861128,10025400,-0.0009686815509356572,-0.0009691510261150019,-0.09686815509356572,-0.09691510261150019
2022-12-14,123.34770202636719,125.47422989759409,122.74671909106839,123.68979067199561,9966100,-0.004996732030166262,-0.005009257437145183,-0.4996732030166262,-0.5009257437145184
2022-12-15,120.287353515625,122.11801020174703,119.31654581113662,121.25814711220201,12087800,-0.024810746049310217,-0.025123720204449543,-2.4810746049310217,-2.5123720204449542
2022-12-16,119.53841400146484,120.10240587467946,118.74327814919356,119.40897393750946,21133700,-0.006226253153560957,-0.00624571710143047,-0.6226253153560957,-0.624571710143047
2022-12-19,120.25033569335938,121.42455100138771,119.35349596860104,119.87125619982066,9017200,0.005955589237496506,0.0059379248159086954,0.5955589237496506,0.5937924815908695
2022-12-20,120.83284759521484,122.09027160171975,120.37980024675484,121.09172776350312,8549900,0.004844160296906708,0.004832465106127578,0.48441602969067077,0.4832465106127578
2022-12-21,122.19197845458984,122.95012350615997,121.83139434671509,122.21045981854445,8051700,0.01124802474181541,0.011185236104914245,1.124802474181541,1.1185236104914245
2022-12-22,120.80509185791016,121.3968198763436,118.72479605918042,121.21190751581604,8648200,-0.011350062534547622,-0.011414966067763533,-1.1350062534547622,-1.1414966067763532
2022-12-23,121.37832641601562,121.52626195004865,119.86202246194973,120.73112608950744,5091900,0.004745119177424151,0.004733896587102981,0.4745119177424151,0.47338965871029814
2022-12-27,121.80364990234375,122.24744244154189,120.7034021817415,121.6464736719592,5411000,0.0035041139459310866,0.003497988843192849,0.35041139459310866,0.3497988843192849
2022-12-28,122.4693374633789,123.34768180088733,121.1286910394924,121.90534556533085,8827700,0.005465251341555621,0.005450371047187819,0.5465251341555621,0.5450371047187819
2022-12-29,123.17202758789062,123.2182592138789,122.33065996180328,122.90389262190558,6585200,0.0057376820930532535,0.005721284288845261,0.5737682093053253,0.5721284288845261
2022-12-30,123.98564910888672,124.19829764187179,122.45084953989279,122.79293815050924,9292500,0.0066055705741754345,0.006583849394258843,0.6605570574175434,0.6583849394258843
2023-01-03,124.9287109375,126.4265337267963,123.79148635007445,125.03966965650287,11054800,0.007606217617855737,0.007577436197660102,0.7606217617855737,0.7577436197660101
2023-01-04,126.09366607666016,127.29560346338475,125.3447618530242,125.73308203906105,11687600,0.009324959254105813,0.009281750228790714,0.9324959254105813,0.9281750228790714
2023-01-05,126.06572723388672,126.40103374812435,124.52889978858146,126.35446063545717,8381300,-0.00022157213476881044,-0.00022159668550083582,-0.022157213476881044,-0.022159668550083583
2023-01-06,128.47805786132812,128.88787849439743,125.26471220602448,126.79221643066228,10029100,0.019135499238154274,0.018954718156288707,1.9135499238154274,1.8954718156288706
2023-01-09,127.9471664428711,129.3535978156608,127.49078685270311,129.09280541781632,8482300,-0.004132156317540603,-0.004140717267050119,-0.4132156317540603,-0.4140717267050119
2023-01-10,129.09280395507812,129.20456806371087,127.89128293879766,128.33835358544826,9048700,0.008953988931974965,0.008914139669663668,0.8953988931974965,0.8914139669663668
2023-01-11,130.05213928222656,130.16390338125925,128.62709017108637,129.37220311412872,8703700,0.007431361762676225,0.007403885235228767,0.7431361762676225,0.7403885235228767
2023-01-12,129.92176818847656,131.19778927260577,129.67028470496427,130.39677991322543,11001700,-0.0010024525122733774,-0.0010029553038375886,-0.10024525122733774,-0.10029553038375885
2023-01-13,133.2002716064453,133.64735639917933,125.55344177840327,126.29856888750913,20200000,0.025234442724121786,0.024921311045785335,2.5234442724121786,2.4921311045785335
2023-01-17,131.14186096191406,131.83109174548093,129.6795479096466,131.4864763536975,14292900,-0.015453501856310337,-0.015574151806292885,-1.5453501856310337,-1.5574151806292884
2023-01-18,127.2020492553711,131.07668513003054,127.0530209723136,129.39084353778574,13392600,-0.03004236540220484,-0.03050288411089462,-3.004236540220484,-3.050288411089462
2023-01-19,125.50688171386719,126.57799227370195,124.4264480039747,126.03778963087468,13303400,-0.013326574150552273,-0.0134161698325165,-1.3326574150552273,-1.34161698325165
2023-01-20,125.81424713134766,126.19612676837863,124.38919796107986,125.8887612711673,13092500,0.002448992543542028,0.0024459986483246487,0.2448992543542028,0.24459986483246487
2023-01-23,127.85403442382812,128.4967064799969,125.57209383659618,125.85150411134802,10487100,0.016212689254111012,0.016082667064806547,1.6212689254111012,1.6082667064806548
2023-01-24,128.95309448242188,130.66687726925733,125.7397482040752,127.06234236861914,6945000,0.00859620944733308,0.008559472421552888,0.8596209447333081,0.8559472421552888
2023-01-25,129.57713317871094,129.57713317871094,127.8354093802071,128.58053664889107,8967000,0.004839268873645608,0.004827597251628595,0.4839268873645608,0.4827597251628595
2023-01-26,130.3781280517578,130.45264219157764,128.86925580373315,129.85654328513786,7487600,0.006181606687826191,0.006162578931679691,0.6181606687826191,0.6162578931679691
2023-01-27,130.69479370117188,131.57030271272745,130.16388587792187,130.96489497488605,7489900,0.002428824942849017,0.0024258801148980325,0.24288249428490172,0.24258801148980325
2023-01-30,129.58642578125,130.48056692319057,129.38151547536418,129.67955778530532,6729300,-0.008480582037996953,-0.008516746784403707,-0.8480582037996953,-0.8516746784403707
2023-01-31,130.3594970703125,130.46195222574966,128.7667876925378,130.28498293798387,9188700,0.005965681084278751,0.00594795686530466,0.5965681084278751,0.594795686530466
2023-02-01,130.01486206054688,131.21638285304667,128.6456951363217,128.72953241430136,8841800,-0.0026437276724052827,-0.0026472284919117415,-0.2643727672405283,-0.26472284919117417
2023-02-02,129.4094696044922,130.82520980342218,128.5339462474186,130.3967570625986,11822100,-0.00465633271812238,-0.0046672072052647,-0.465633271812238,-0.46672072052646996
2023-02-03,131.41200256347656,132.56695053481363,128.65505015877844,128.70160906549228,11501200,0.015474392755836286,0.015355885330246911,1.5474392755836286,1.535588533024691
2023-02-06,132.18508911132812,132.4831457433313,130.4247329884114,130.61101127735216,8406200,0.005882921900365545,0.005865685084180464,0.5882921900365545,0.5865685084180463
2023-02-07,133.79640197753906,134.4390740829232,131.49582912510755,131.68212160536794,10447900,0.012189823202024552,0.012116125609799414,1.2189823202024552,1.2116125609799415
2023-02-08,132.8556365966797,134.15959818630932,132.52033015761558,132.86494553227868,6958000,-0.007031320476146297,-0.0070561566994019245,-0.7031320476146297,-0.7056156699401924
2023-02-09,130.78794860839844,133.5076507550767,130.27567278012776,133.30274042376843,6443100,-0.01556341937194805,-0.01568580082647691,-1.556341937194805,-1.568580082647691
2023-02-10,131.36541748046875,131.58895990324197,129.0834769866205,130.19185173817743,6582900,0.0044153064423340105,0.004405587574196897,0.44153064423340105,0.44055875741968975
2023-02-13,132.7904815673828,132.93949563787933,131.0860078917778,131.6075926688138,7134600,0.010848091638166135,0.010789673198062871,1.0848091638166135,1.0789673198062872
2023-02-14,133.37725830078125,133.94541619676153,131.88701810019583,132.72527732476766,9249400,0.004418816216888999,0.0044090819140385025,0.4418816216888999,0.44090819140385024
2023-02-15,133.93609619140625,134.01991926451325,131.6075827465352,131.8963161397603,6728300,0.004189903869254552,0.004181150663580046,0.4189903869254552,0.41811506635800455
2023-02-16,132.09193420410156,133.55423344185013,131.96152379108605,133.10716278336827,8165300,-0.013768969230439687,-0.013864640700751366,-1.3768969230439687,-1.3864640700751365
2023-02-17,132.48309326171875,133.03261897064874,130.46194549251427,131.30951350325904,7948800,0.0029612637590179514,0.0029568878541698864,0.29612637590179514,0.2956887854169886
2023-02-21,130.05213928222656,131.64483454191577,129.2324979903379,131.03942672266425,9996300,-0.018349163803790924,-0.01851959781050292,-1.8349163803790924,-1.8519597810502921
2023-02-22,129.05552673339844,129.86584486332362,128.012357259277,129.39083323752578,11107500,-0.007663176894502133,-0.007692689906863793,-0.7663176894502133,-0.7692689906863793
2023-02-23,130.0894012451172,130.55510398353837,128.47807374957344,129.21387782294622,8068000,0.008011082809762371,0.007979164439688676,0.8011082809762371,0.7979164439688676
2023-02-24,131.26295471191406,131.66346641967468,129.40014393303474,129.56780429343544,9126900,0.009021130511513764,0.008980683185405418,0.9021130511513764,0.8980683185405418
2023-02-27,132.40859985351562,133.47971041732444,131.9987791887863,132.3620267394111,10014700,0.00872786342586851,0.008689995801997983,0.872786342586851,0.8689995801997983
2023-02-28,133.5169677734375,133.8988331805033,132.16641859398732,133.1350881542534,11019800,0.008370815197412229,0.008335974220437001,0.8370815197412229,0.8335974220437001
2023-03-01,132.77183532714844,133.6194176055495,132.07328131547854,132.35270576257005,7139200,-0.005580807134217269,-0.005596438020787715,-0.5580807134217269,-0.5596438020787715
2023-03-02,131.3933868408203,132.6600847363199,129.96832328414183,132.48312962123975,11106800,-0.010382085047869083,-0.010436354842042353,-1.0382085047869083,-1.0436354842042352
2023-03-03,133.80569458007812,133.88020871274603,131.40266709697917,131.80316457143684,9513100,0.018359430388838804,0.018192930850159578,1.8359430388838804,1.8192930850159579
2023-03-06,133.02333068847656,134.1596322409515,132.87430240837136,133.6007975087355,9261300,-0.005847014912607862,-0.005864175629643152,-0.5847014912607862,-0.5864175629643152
2023-03-07,129.11143493652344,132.54832374701917,128.35699870243823,132.26889923495622,11747600,-0.02940759137293203,-0.029848663361340077,-2.940759137293203,-2.9848663361340075
2023-03-08,128.3477020263672,129.08350624005303,127.50011946990348,128.53398031483377,10002500,-0.00591530030265508,-0.00593286499268725,-0.591530030265508,-0.593286499268725
2023-03-09,121.3993911743164,127.92855291732234,120.35622154745612,127.37901286334676,25888100,-0.05413662062000413,-0.055657139619770916,-5.413662062000412,-5.5657139619770915
2023-03-10,124.4823226928711,125.98188591521387,119.05223475683478,120.11404342198563,37599700,0.02539495040900097,0.025077855846854177,2.539495040900097,2.5077855846854176
2023-03-13,122.2469711303711,124.69657212832854,120.53318843171887,122.20972116393081,42901100,-0.017957180699585518,-0.018120367402730764,-1.7957180699585518,-1.8120367402730764
2023-03-14,125.38579559326172,126.23337795327473,122.28421377734838,126.00052659363065,29648100,0.025676091880781238,0.025351996983601084,2.5676091880781238,2.5351996983601084
2023-03-15,119.4620590209961,122.00480615606881,118.03701691216072,121.99548300572502,34280600,-0.04724408011479708,-0.04839652577572823,-4.724408011479708,-4.8396525775728225
2023-03-16,121.78125762939453,122.89894128146618,117.37570690359237,119.22920168393397,24558500,0.019413683536048998,0.01922764196109279,1.9413683536048998,1.922764196109279
2023-03-17,117.18011474609375,119.66696553601733,116.84480822317602,119.57383352039066,38396000,-0.03778202798088193,-0.038514271841831496,-3.7782027980881927,-3.8514271841831498
2023-03-20,118.41888427734375,120.58906060676199,117.36639871317351,118.27917204343034,22875500,0.010571499558045039,0.010516011972009754,1.0571499558045039,1.0516011972009753
2023-03-21,121.59497833251953,122.69402988740359,121.2596718186006,121.6322282953467,17807800,0.026820840903526655,0.02646746675425828,2.6820840903526655,2.646746675425828
2023-03-22,118.4561538696289,121.697448193631,118.36301473919336,121.6043019571353,17250200,-0.02581376719610118,-0.02615278950599912,-2.581376719610118,-2.615278950599912
2023-03-23,118.13945770263672,120.64494050634103,117.37570555773128,119.12675226024076,16677600,-0.0026735307254761587,-0.0026771109914707,-0.26735307254761587,-0.26771109914707003
2023-03-24,116.34185791015625,117.05903697838569,114.66532526148272,117.01246386356603,22311100,-0.015215913695872274,-0.015332863559954722,-1.5215913695872274,-1.5332863559954721
2023-03-27,119.6762924194336,120.50524270860102,117.62719614811813,118.09289887713624,18853900,0.0286606606527835,0.028257626616265064,2.86606606527835,2.8257626616265066
2023-03-28,120.0395278930664,120.46796640183764,118.97771924024138,119.88119068659721,10820500,0.0030351497885627854,0.0030305530203479053,0.30351497885627854,0.30305530203479053
2023-03-29,120.28170013427734,121.28761973317278,119.00567210015669,121.17585562622419,14595300,0.0020174374679868823,0.002015405173910038,0.20174374679868823,0.2015405173910038
2023-03-30,119.91844940185547,121.19447029615635,118.89390484759521,121.03613307812857,12134700,-0.0030199999835083258,-0.003024569385506829,-0.3019999983508326,-0.3024569385506829
2023-03-31,121.37144470214844,121.3993857293204,120.01160067271435,120.76603683059649,13105200,0.012116528420275552,0.0120437108967573,1.2116528420275552,1.20437108967573
2023-04-03,121.23171997070312,122.42391764440167,120.53316598007738,120.99886864049455,11775400,-0.0011512158546699292,-0.001151879012649461,-0.11512158546699292,-0.1151879012649461
2023-04-04,119.61109161376953,121.63223982657331,118.67037718292498,121.54841674317646,11579900,-0.01336802247237967,-0.013458178861390144,-1.336802247237967,-1.3458178861390144
2023-04-05,119.78943634033203,120.29633619977899,118.70991252623699,119.02907938933363,9614700,0.0014910383657260606,0.0014899278717443992,0.14910383657260606,0.14899278717443992
2023-04-06,119.65802001953125,120.23063682777145,119.08540321129104,119.21682275792045,8760200,-0.0010970610165275119,-0.0010976632284469406,-0.10970610165275119,-0.10976632284469406
2023-04-10,120.05228424072266,120.37144396542395,118.48463160317063,118.78502017540711,9477300,0.0032949251636209542,0.0032895087921353864,0.3294925163620954,0.32895087921353866
2023-04-11,120.6436767578125,121.03793540742856,119.72373274688002,120.43715827606266,10516300,0.0049261246533554015,0.004914031001601214,0.49261246533554015,0.4914031001601214
2023-04-12,120.6249008178711,122.43661424273748,120.21186384624268,121.26322026590994,11821000,-0.00015563136374807662,-0.0001556434755654364,-0.015563136374807662,-0.01556434755654364
2023-04-13,121.08486938476562,121.1317936821894,119.05724127282645,120.58735151336242,12450200,0.0038132140526194735,0.003805962181359266,0.38132140526194735,0.3805962181359266
2023-04-14,130.2279510498047,130.59404939182681,126.63267024294281,126.86734903458922,43931300,0.07550969589755696,0.07279468493146059,7.550969589755696,7.279468493146059
2023-04-17,131.2605438232422,131.47644430152636,129.223533624992,131.3731850599719,16050500,0.0079291178668901,0.007897847600141625,0.7929117866890101,0.7897847600141625
2023-04-18,132.73431396484375,133.09103029865304,130.50956368507917,131.67357560553415,13760100,0.011227822913686625,0.01116525878043556,1.1227822913686625,1.116525878043556
2023-04-19,132.56533813476562,132.82817719816998,131.79558493218525,132.57472012858196,9158100,-0.0012730380338793479,-0.0012738490351605852,-0.1273038033879348,-0.12738490351605852
2023-04-20,132.1804656982422,132.76246445359604,131.26991094145336,131.3356278712024,10586200,-0.002903265981430092,-0.0029074886330772397,-0.2903265981430092,-0.290748863307724
2023-04-21,131.92701721191406,132.4620917078977,130.2748837503485,131.17605657171086,11842500,-0.0019174428308244007,-0.0019192834775954568,-0.19174428308244007,-0.19192834775954568
2023-04-24,132.10537719726562,132.45271153798373,131.45766146105908,131.85193442335057,7567500,0.001351959508529399,0.0013510464341401319,0.1351959508529399,0.13510464341401318
2023-04-25,129.23291015625,131.38257582399962,129.19536785347964,131.04463780444166,10629300,-0.02174375564384734,-0.02198363472144062,-2.174375564384734,-2.198363472144062
2023-04-26,126.94242858886719,129.36431506779363,125.78781312084391,129.18595692158382,14416100,-0.017723670887032528,-0.017882616002871384,-1.7723670887032528,-1.7882616002871383
2023-04-27,128.65089416503906,129.45818964143845,127.34608088240384,127.66524054609205,9041100,0.013458585873641571,0.01336882359218359,1.345858587364157,1.336882359218359
2023-04-28,129.7679901123047,129.8430890446596,127.35548525274534,128.19094118016548,9887300,0.008683157272366682,0.008645675479514888,0.8683157272366682,0.8645675479514888
2023-05-01,132.54660034179688,134.583610867704,132.19928025690874,133.54163628938056,20415800,0.02141213890334215,0.021186119734255392,2.141213890334215,2.1186119734255393
2023-05-02,130.4063262939453,133.68244781070297,129.9463506455893,132.73433620119957,14113400,-0.016147332653817292,-0.01627912144701046,-1.6147332653817292,-1.627912144701046
2023-05-03,127.64647674560547,130.17162268523757,127.43995827535376,129.95572222039473,12930900,-0.02116346366601063,-0.02139062042945818,-2.116346366601063,-2.139062042945818
2023-05-04,125.90044403076172,127.40239367450079,123.73201479630778,126.68897547173407,17089200,-0.01367865968070181,-0.013773074513587348,-1.367865968070181,-1.3773074513587347
2023-05-05,128.35992431640625,129.43005909406895,127.58078896510642,128.07830688572503,11261400,0.019535120027405206,0.019346758724875734,1.9535120027405206,1.9346758724875734
2023-05-08,128.669677734375,129.51451554305504,128.11582497339316,129.063936333336,7484900,0.00241316298383909,0.0024102559818196517,0.241316298383909,0.24102559818196517
2023-05-09,128.05014038085938,128.55704027263934,126.92368503628191,127.59954678410291,7343600,-0.004814944471957072,-0.004826573661375402,-0.4814944471957072,-0.48265736613754023
2023-05-10,128.11582946777344,129.5990010056029,126.60449762357707,129.4957417743725,8133400,0.0005129950402138483,0.0005128635032414934,0.051299504021384834,0.05128635032414934
2023-05-11,127.71220397949219,128.42562236466782,126.63267292089537,126.72655016900188,7057300,-0.003150473208174298,-0.0031554463969041564,-0.3150473208174298,-0.31554463969041563
2023-05-12,125.88169860839844,128.5945846306806,124.9711438301975,128.43500478509407,9988600,-0.01433304973256655,-0.014436760072988344,-1.433304973256655,-1.4436760072988344
2023-05-15,126.94242858886719,127.35546549089946,125.7502708223203,126.04127018775544,7639500,0.008426403458127396,0.008391099505433477,0.8426403458127396,0.8391099505433477
2023-05-16,126.08821105957031,127.60892484093847,125.75027307219352,127.15834563232102,6477200,-0.006729172734385447,-0.006751915702222416,-0.6729172734385447,-0.6751915702222416
2023-05-17,129.96511840820312,130.0965379651103,127.15836908775938,127.57139174971228,12711500,0.030747579936725167,0.03028434473573256,3.0747579936725167,3.028434473573256
2023-05-18,130.95074462890625,131.16664507179303,129.31737534583655,129.7961291707585,10999600,0.007583775037294238,0.007555162783595696,0.7583775037294238,0.7555162783595696
2023-05-19,130.650390625,131.8801197191344,129.66475100348907,131.22300753991516,13492200,-0.0022936410537978125,-0.0022962754774921005,-0.22936410537978125,-0.22962754774921004
2023-05-22,129.5708465576172,132.9596087056534,129.22352654761832,132.35883160323743,11402500,-0.008262846075075103,-0.008297172608391277,-0.8262846075075103,-0.8297172608391277
2023-05-23,128.21908569335938,130.50955271521028,128.09706247651502,129.11086212926887,9514900,-0.010432600389445712,-0.010487401443101799,-1.0432600389445712,-1.0487401443101798
2023-05-24,127.04571533203125,127.99382687805057,126.8016545296288,127.10203595384277,8578000,-0.009151292531708433,-0.00919342283735281,-0.9151292531708433,-0.919342283735281
2023-05-25,127.35547637939453,127.91871117098508,126.33228035420558,126.55757713557296,8472500,0.0024381857078275004,0.002435218155704553,0.24381857078275004,0.24352181557045527
2023-05-26,128.54763793945312,129.16719329422867,127.31792354730003,127.76850274911199,8579900,0.009360897496917264,0.009317355811199746,0.9360897496917264,0.9317355811199746
2023-05-30,129.0357666015625,129.2798273382363,127.68401474749955,128.4162112811747,7399900,0.003797258898987188,0.003790067510707181,0.3797258898987188,0.3790067510707181
2023-05-31,127.39300537109375,128.45374346792408,126.16327682032508,128.35048425598632,14219900,-0.012731053363996936,-0.012812787674127444,-1.2731053363996936,-1.2812787674127444
2023-06-01,129.1484375,129.75859664375824,127.14896956264377,128.15340169083998,12248100,0.013779658653885418,0.013685582398204712,1.3779658653885418,1.3685582398204712
2023-06-02,131.86129760742188,132.80939460386531,130.800545070542,131.00706351707888,12922500,0.021005752449942516,0.020788173299803276,2.1005752449942516,2.0788173299803274
2023-06-05,130.56588745117188,131.5233809197483,129.66472892375828,131.5233809197483,8511900,-0.009824036163413985,-0.009872610398528988,-0.9824036163413985,-0.9872610398528988
2023-06-06,130.80056762695312,131.51400031934904,129.73982923080433,130.1810121805009,9329500,0.0017974080394391745,0.0017957946346176192,0.17974080394391745,0.17957946346176193
2023-06-07,132.06784057617188,132.6122970978037,130.32182977357914,130.9977058470768,9281400,0.009688589065095288,0.009641955652101396,0.9688589065095288,0.9641955652101396
2023-06-08,132.10537719726562,132.25557505683798,130.9319832762121,132.04905658084004,7368100,0.00028422226735891343,0.0002841818838620269,0.028422226735891343,0.028418188386202692
2023-06-09,132.3682098388672,133.10980278207978,131.61724922491518,131.74866876472234,7249100,0.001989568079496795,0.001987591510170604,0.19895680794967951,0.1987591510170604
2023-06-12,132.35885620117188,132.65925197003423,131.1948440823182,132.4245731469825,7596600,-7.066377725206685e-05,-7.066627405439763e-05,-0.007066377725206685,-0.007066627405439763
2023-06-13,133.3163299560547,134.11422924141024,131.55154088595165,131.87070060009387,7701600,0.007233922854603225,0.007207883536869642,0.7233922854603225,0.7207883536869641
2023-06-14,132.81883239746094,134.80890424155854,132.07723929231676,134.2362873380095,9068700,-0.003731707576691723,-0.003738687768177304,-0.3731707576691723,-0.3738687768177304
2023-06-15,134.3207550048828,134.61175442612577,131.44828877451943,131.9739669965915,9343100,0.011308054590687622,0.01124459648508195,1.1308054590687622,1.124459648508195
2023-06-16,134.48031616210938,135.14681016615265,133.76689786335405,134.28319401808403,13813500,0.0011879114081867481,0.001187206399699746,0.11879114081867481,0.1187206399699746
2023-06-20,133.79505920410156,134.23625643758606,132.39636857841077,133.87015812933888,8428600,-0.00509559300248652,-0.005108619808219226,-0.509559300248652,-0.5108619808219226
2023-06-21,133.59793090820312,135.1937436059781,133.00653585146964,134.1423730247125,9926500,-0.001473360055827766,-0.0014744465180526463,-0.1473360055827766,-0.14744465180526461
2023-06-22,131.02587890625,133.8608030279646,130.4344837034784,133.5885675788298,10075200,-0.01925218440486487,-0.019439921174960465,-1.925218440486487,-1.9439921174960466
2023-06-23,130.34060668945312,130.6503700897976,129.18597672081503,130.04959295576228,9919500,-0.00523005243328456,-0.005243777032007411,-0.523005243328456,-0.5243777032007412
2023-06-26,130.65975952148438,131.42949846967983,129.25168684496631,130.35936380847232,8429700,0.002448606310323953,0.0024456133586038217,0.2448606310323953,0.24456133586038217
2023-06-27,130.6691436767578,131.2699207890598,130.04958825116807,130.48140351484898,8154000,7.182131138017134e-05,7.181873235327248e-05,0.007182131138017134,0.007181873235327247
2023-06-28,130.09652709960938,130.67854022329556,129.50514630474729,130.63160160182238,7558600,-0.004382186651233799,-0.004391816574870035,-0.4382186651233799,-0.4391816574870035
2023-06-29,134.63990783691406,134.7619453906619,131.27932018606757,131.48583866610704,15423200,0.034923151590557255,0.03432717428972995,3.4923151590557255,3.432717428972995
2023-06-30,136.5267333984375,137.05241158946137,134.85582158111603,135.7382161119017,14212800,0.014013865516076418,0.013916579154472883,1.4013865516076418,1.3916579154472883
2023-07-03,137.62501525878906,138.44169277587207,137.0523985003278,137.23075665317467,8021600,0.008044445457772387,0.008012261393165677,0.8044445457772387,0.8012261393165677
2023-07-05,136.70822143554688,137.45489301705248,136.44357724802387,136.99177289990052,8934900,-0.006661534761818189,-0.006683821816979237,-0.6661534761818189,-0.6683821816979237
2023-07-06,135.3566436767578,135.52676589823656,133.683703055419,135.17706060606832,9709500,-0.009886587248348344,-0.009935784079804732,-0.9886587248348344,-0.9935784079804731
2023-07-07,136.42466735839844,137.84241023098767,135.15815385350504,136.01825465749548,8981500,0.007890441522701686,0.007859474776529504,0.7890441522701686,0.7859474776529504
2023-07-10,137.19024658203125,137.9841935536201,136.5758971043516,136.5758971043516,9100100,0.005611736047862692,0.0055960489177861806,0.5611736047862692,0.559604891778618
2023-07-11,139.3357391357422,139.71381247723832,137.71952066966907,138.3149627467376,11260900,0.015638812577161376,0.015517786519459337,1.5638812577161376,1.5517786519459338
2023-07-12,140.02572631835938,141.65140590067313,138.938795928545,139.36411588881907,11323200,0.004951975615854032,0.004939754912416097,0.4951975615854032,0.49397549124160967
2023-07-13,140.70623779296875,141.17881871057477,139.64766115257927,140.54556201162572,11234900,0.004859903194232906,0.004848131987249541,0.48599031942329063,0.4848131987249541
2023-07-14,141.55690002441406,144.50580050035256,140.27147927966698,143.23928703153547,27028400,0.006045661121982127,0.006027459436754184,0.6045661121982127,0.6027459436754183
2023-07-17,144.96893310546875,145.31863838441882,142.10509377594764,142.10509377594764,17262400,0.024103615439913018,0.023817708451301683,2.4103615439913018,2.3817708451301685
2023-07-18,145.23355102539062,145.9329614568697,144.43961865461935,144.9689069018002,13491700,0.0018253422595677637,0.0018236783468845422,0.18253422595677637,0.18236783468845422
2023-07-19,145.79119873046875,146.698560348647,143.87252154761572,144.3734561172065,12510000,0.0038396617113674036,0.0038323090255460586,0.38396617113674036,0.38323090255460585
2023-07-20,147.58702087402344,148.0028944061575,145.94244844316228,146.0558632530077,9935900,0.012317767870711593,0.012242521449875846,1.2317767870711593,1.2242521449875845
2023-07-21,146.4528350830078,147.57758006353117,146.2070981783156,147.25622847538915,10636400,-0.007684861340102156,-0.007714542046199697,-0.7684861340102156,-0.7714542046199697
2023-07-24,149.33558654785156,150.0822581348991,146.2449029653077,146.47174702287958,14381400,0.019683821506151444,0.01949260032724726,1.9683821506151444,1.949260032724726
2023-07-25,148.22030639648438,149.07094639687722,147.4074665290309,148.67398010189208,9944700,-0.007468281185675885,-0.007496308428356308,-0.7468281185675885,-0.7496308428356308
2023-07-26,149.1087188720703,149.57185334132768,147.70988346034667,148.11631052969997,8728600,0.005993864789413328,0.0059759730400773805,0.5993864789413328,0.597597304007738
2023-07-27,147.46412658691406,150.07276758287563,147.0198994518812,149.11815949590206,10778400,-0.01102948437621043,-0.011090760115459185,-1.102948437621043,-1.1090760115459186
2023-07-28,148.3053436279297,148.9575075868142,147.86111642179168,148.6550488839012,9103800,0.005704553781897825,0.005688344430501267,0.5704553781897825,0.5688344430501268
2023-07-31,149.2977752685547,150.63990339275125,148.53218203967285,148.56053574199896,8892700,0.006691813095520249,0.006669522302888335,0.6691813095520249,0.6669522302888334
2023-08-01,148.560546875,149.3355865887295,147.5870312301141,148.79683736010875,6853900,-0.004937973069113588,-0.004950205142509112,-0.4937973069113588,-0.4950205142509112
2023-08-02,146.8781280517578,147.15223303161716,145.49819999309724,147.029357390851,8299400,-0.011324802302039139,-0.011389416164957316,-1.1324802302039139,-1.1389416164957316
2023-08-03,147.7760772705078,148.31481208481122,145.88575336258717,146.5001028638506,6084000,0.006113566605598253,0.006094954576011721,0.6113566605598253,0.6094954576011721
2023-08-04,147.46412658691406,149.14651319200863,147.16166793241405,147.82327821160476,6209400,-0.0021109687667694166,-0.002113200001934719,-0.21109687667694166,-0.21132000019347189
2023-08-07,148.16357421875,149.05202871207436,148.0123592755238,148.0123592755238,7251800,0.0047431714276875425,0.00473195803414329,0.47431714276875425,0.47319580341432904
2023-08-08,147.3318328857422,147.426340416945,144.22224234205765,145.85738271634628,8623400,-0.005613669468987226,-0.00562948532922119,-0.5613669468987226,-0.562948532922119
2023-08-09,145.35646057128906,146.99160124818755,145.05401622463242,146.80257172877367,6277800,-0.013407640940604093,-0.013498334932339758,-1.3407640940604093,-1.3498334932339757
2023-08-10,145.1390380859375,146.91594681624767,144.69481090335998,145.91407765452777,5995100,-0.0014957882470241213,-0.0014969080550671977,-0.14957882470241213,-0.14969080550671976
2023-08-11,145.98023986816406,146.04640811797896,144.26005285929924,144.6381118175921,5180700,0.005795834072763295,0.005779102842957236,0.5795834072763295,0.5779102842957236
2023-08-14,146.28268432617188,146.4244528162189,144.53412936480058,145.18629326306365,5044300,0.002071817790414432,0.00206967453571437,0.2071817790414432,0.206967453571437
2023-08-15,142.55877685546875,144.86497429197647,141.99167392379331,144.4680080086143,10300300,-0.025456926004993163,-0.02578655988770226,-2.5456926004993163,-2.578655988770226
2023-08-16,141.953857421875,142.68163606845835,141.47181565893183,142.34137723309698,6978200,-0.0042432984270553975,-0.004252326766837554,-0.42432984270553975,-0.4252326766837554
2023-08-17,140.47943115234375,142.96519737842092,140.26203351084033,142.60604562929265,9953900,-0.010386658709452212,-0.010440976496605166,-1.0386658709452212,-1.0440976496605165
2023-08-18,140.80076599121094,141.30170063233274,139.35466947294978,139.55314539081465,8517500,0.0022874155755849834,0.00228480342320425,0.22874155755849834,0.228480342320425
2023-08-21,141.28277587890625,141.8687859772164,139.90284778532444,141.4434516475001,8327000,0.0034233470556928047,0.0034175007420020114,0.3423347055692805,0.34175007420020115
2023-08-22,138.35279846191406,141.43402095095755,137.85186382705172,141.07485482708435,9673300,-0.020738390782351845,-0.02095645129314421,-2.0738390782351845,-2.095645129314421
2023-08-23,139.2884979248047,139.4964346866197,137.4832497429022,138.32444321678096,7858000,0.0067631408492847545,0.006740373407507881,0.6763140849284754,0.674037340750788
2023-08-24,139.15615844726562,141.21661853259198,138.92932886056724,139.4113561543249,6534000,-0.0009501105942754107,-0.0009505622354414538,-0.09501105942754107,-0.09505622354414538
2023-08-25,138.98606872558594,140.46996549930876,137.85187726106636,139.203451937629,6695500,-0.0012222938860743104,-0.001223041496508145,-0.12222938860743104,-0.1223041496508145
2023-08-28,139.46807861328125,140.46050142833718,139.06166594520582,139.47753946176448,5094100,0.0034680446185364477,0.0034620448195106057,0.3468044618536448,0.34620448195106057
2023-08-29,140.60226440429688,140.6873399271736,139.10890702722992,139.60985605030564,6337000,0.00813222496712318,0.008099336609037269,0.813222496712318,0.8099336609037269
2023-08-30,140.03517150878906,140.9708724323588,139.11836343678956,140.46993784728988,6277300,-0.004033312677505396,-0.004041468420243078,-0.4033312677505396,-0.4041468420243078
2023-08-31,138.30555725097656,140.21478852997714,137.95585192587282,140.12971298919908,10933900,-0.012351284603553614,-0.012428195675761812,-1.2351284603553614,-1.2428195675761813
2023-09-01,138.76869201660156,139.95959094685168,137.71010076768496,138.07871337147864,7903500,0.0033486345366771086,0.003343040345170149,0.33486345366771086,0.3343040345170149
2023-09-05,137.23751831054688,140.08246513566377,137.05793522459933,139.09004215997248,7854700,-0.011033999699813446,-0.01109532580658898,-1.1033999699813446,-1.109532580658898
2023-09-06,137.01068115234375,137.55886238609727,136.20728773462542,136.76492981787493,8629200,-0.0016528800651278708,-0.0016542475784808348,-0.16528800651278708,-0.16542475784808347
2023-09-07,135.83865356445312,137.30365722283915,135.52674844322067,136.22617335950173,8373700,-0.008554278965940187,-0.008591076813235659,-0.8554278965940187,-0.8591076813235659
2023-09-08,135.94264221191406,136.2167328261026,134.82734363432706,135.50786137813657,7107900,0.0007655306110023741,0.0007652377419014931,0.07655306110023741,0.07652377419014932
2023-09-11,136.5380859375,137.0957279625712,135.81030728154468,136.81217652578113,6854200,0.004380109992696335,0.004370545230558201,0.4380109992696335,0.4370545230558201
2023-09-12,138.31500244140625,139.24127157738192,136.1505878255214,136.57590783749566,8363200,0.013014072166791735,0.012930116746359114,1.3014072166791735,1.2930116746359113
2023-09-13,138.3811798095703,139.6004325137329,137.8235376589079,139.26017359735732,8325900,0.00047845401435830937,0.0004783395917322366,0.047845401435830937,0.04783395917322366
2023-09-14,141.06539916992188,141.67974857337634,139.43027328806218,139.73271756572413,10034900,0.019397286278707737,0.019211556843262464,1.9397286278707737,1.9211556843262465
2023-09-15,140.64955139160156,141.51909867919093,140.17697040343165,140.75351978588003,19863400,-0.0029479077134952902,-0.0029522613516264075,-0.294790771349529,-0.29522613516264073
2023-09-18,140.94253540039062,140.96144267622086,139.64766823552236,140.03518806890037,6512400,0.0020830781605076787,0.0020809115614713264,0.20830781605076787,0.20809115614713264
2023-09-19,140.76296997070312,141.509656028276,139.1373045962744,141.30171923416918,7943400,-0.0012740329182910903,-0.0012748451882085739,-0.12740329182910903,-0.12748451882085737
2023-09-20,140.16749572753906,142.01055832556247,140.01626638051553,141.44345548523634,7332000,-0.0042303330434702024,-0.004239306217584218,-0.42303330434702024,-0.4239306217584218
2023-09-21,139.07110595703125,140.6873389723767,138.58907863344902,139.48697945440784,8052400,-0.007821997281302617,-0.007852749569883539,-0.7821997281302617,-0.7852749569883539
2023-09-22,137.73843383789062,139.4208207951516,137.22805277911417,139.212884032162,7071700,-0.009582667154113045,-0.009628876350857374,-0.9582667154113045,-0.9628876350857374
2023-09-25,138.41893005371094,138.4850982962252,135.8197353416603,137.3792608221046,7044700,0.004940496249733917,0.004928332046485777,0.49404962497339167,0.49283320464857766
2023-09-26,136.98233032226562,137.84243125745576,136.32071976520726,136.67043953410337,7468400,-0.010378636295540367,-0.010432869914913117,-1.0378636295540367,-1.0432869914913117
2023-09-27,137.78570556640625,138.078703458383,136.58534587221868,137.2280634867069,6717800,0.0058648092951156805,0.005847678248661787,0.586480929511568,0.5847678248661786
2023-09-28,139.49642944335938,140.7062354182507,138.00307203828493,138.2582697676522,8868100,0.012415829856375238,0.012339385536934411,1.2415829856375238,1.233938553693441
2023-09-29,137.06739807128906,140.60229474164558,136.91616868912737,140.45107978151157,11917800,-0.01741285695815309,-0.017566243963921466,-1.741285695815309,-1.7566243963921466
2023-10-02,135.88592529296875,137.63446608902228,134.80844134435435,136.8877945617825,9170600,-0.008619648398854318,-0.008657012432945295,-0.8619648398854318,-0.8657012432945295
2023-10-03,134.88406372070312,135.7157964019181,134.5438048531977,135.34718383062278,9431100,-0.007372813410260304,-0.007400126933535625,-0.7372813410260304,-0.7400126933535625
2023-10-04,135.48898315429688,135.60239798317016,134.14684037649855,135.33775376778044,8128700,0.004484736127511102,0.004474709664627956,0.4484736127511102,0.4474709664627956
2023-10-05,136.06024169921875,136.2506805403231,134.08932754409395,135.24140407917886,8576200,0.004216273025470452,0.004207409451788102,0.42162730254704517,0.4207409451788102
2023-10-06,138.1549530029297,138.89761799371698,135.33662377315048,136.06977263324086,10270600,0.01539546951813886,0.015278161750609183,1.539546951813886,1.5278161750609183
2023-10-09,137.84072875976562,138.44056454289546,136.6315120071394,136.7838572495135,6964900,-0.002274433426627809,-0.002277023878953508,-0.22744334266278088,-0.2277023878953508
2023-10-10,138.67860412597656,139.74500633713924,138.3263184511728,138.4596169115128,11288800,0.00607857614908025,0.006060176131371113,0.607857614908025,0.6060176131371113
2023-10-11,139.15469360351562,140.18300239700145,138.07878962491193,139.49746320134423,8698200,0.0034330420365824565,0.003427162600162288,0.34330420365824565,0.3427162600162288
2023-10-12,138.8309783935547,139.9259437516331,138.1835327446977,139.29753036648677,10484400,-0.002326297457729165,-0.002329007491372111,-0.2326297457729165,-0.23290074913721112
2023-10-13,140.91612243652344,145.7815377855708,140.76377719571198,141.3921904177279,29427000,0.015019299489900773,0.014907626588745913,1.5019299489900773,1.4907626588745913
2023-10-16,140.77333068847656,142.36339626021208,139.69741222732762,142.296739758379,12663500,-0.0010133102272325,-0.001013823973126108,-0.10133102272325001,-0.1013823973126108
2023-10-17,140.4686279296875,142.16342890788312,139.7640420343084,140.50672150697443,11482700,-0.0021644920760123254,-0.0021668379747166178,-0.21644920760123254,-0.21668379747166178
2023-10-18,138.92616271972656,140.4210086362249,138.4120011605535,139.57360820497632,9620300,-0.010980851971680305,-0.011041586547534538,-1.0980851971680305,-1.1041586547534536
2023-10-19,138.33584594726562,139.98305184134563,137.94548119248043,138.51675412868605,11143600,-0.004249140413183805,-0.0042581936651033304,-0.4249140413183805,-0.42581936651033303
2023-10-20,136.1078643798828,138.1930449440661,135.31758960501068,137.65033487484376,13332900,-0.016105598314930858,-0.01623670304929104,-1.6105598314930858,-1.6236703049291041
2023-10-23,134.25119018554688,136.8029079615198,133.99410937041876,136.09833654527492,10133400,-0.01364119702263411,-0.013735093031186862,-1.364119702263411,-1.3735093031186862
2023-10-24,134.41305541992188,134.94624932694597,133.64182748094458,134.43210221044254,8881400,0.0012056893808634062,0.0012049631211256632,0.12056893808634062,0.12049631211256631
2023-10-25,133.6798858642578,134.42255076684708,132.83248542266534,133.8417617659881,8242600,-0.005454600770539386,-0.00546953142390927,-0.5454600770539386,-0.5469531423909271
2023-10-26,134.0226593017578,134.88910655616087,132.75631666727085,133.07052329343162,9109400,0.002564136222019675,0.0025608544335085776,0.2564136222019675,0.25608544335085776
2023-10-27,129.1953582763672,132.44214607888188,128.71929019488803,132.2993169373712,17434700,-0.036018543808489456,-0.036683220872472166,-3.6018543808489456,-3.6683220872472164
2023-10-30,130.84254455566406,131.432864304069,129.52859205404604,129.9094552211172,9855500,0.012749577858465422,0.012668986273585564,1.2749577858465422,1.2668986273585565
2023-10-31,132.404052734375,132.57544479880684,130.89015971937744,131.11867762913826,9672500,0.011934254137396572,0.011863602487479757,1.1934254137396572,1.1863602487479756
2023-11-01,132.28977966308594,133.80367243340865,131.84227457574136,132.58493950187864,9432000,-0.0008630632441313235,-0.0008634358976441368,-0.08630632441313235,-0.08634358976441368
2023-11-02,134.6510772705078,134.70820310845752,132.56589701468494,133.38473459166462,10186200,0.017849433368440026,0.017692002836201197,1.7849433368440026,1.7692002836201197
2023-11-03,136.1554718017578,136.88862071788571,135.06052102172305,135.38424383148785,9538700,0.011172539884161115,0.011110588072739683,1.1172539884161115,1.1110588072739684
2023-11-06,137.18377685546875,137.288512412053,135.95551309839496,136.31732948085772,7625100,0.007552432818918486,0.007524055984704298,0.7552432818918486,0.7524055984704298
2023-11-07,137.1171112060547,137.35514522528302,135.98408147842036,136.64104316759799,6297900,-0.00048595869673639935,-0.0004860768129318112,-0.048595869673639935,-0.048607681293181125
2023-11-08,137.79312133789062,137.9073730073427,136.7457659397726,137.21231780410557,7618200,0.004930166088607635,0.004918052617744472,0.4930166088607635,0.49180526177444717
2023-11-09,137.3837127685547,138.6786184578708,136.821955951098,138.478678010919,7992500,-0.0029711829252492272,-0.0029756056518959986,-0.2971182925249227,-0.2975605651895999
2023-11-10,139.42127990722656,139.4688896171497,137.18376882527573,138.00260643924526,7983300,0.014831213231982554,0.014722306283356227,1.4831213231982554,1.4722306283356226
2023-11-13,138.8024139404297,139.24991911627558,138.21209414609913,138.72624130108937,6676300,-0.004438820008026645,-0.004448700819829951,-0.4438820008026645,-0.4448700819829951
2023-11-14,141.33509826660156,142.1063262553962,139.5069985265285,139.65932927520063,9927700,0.018246687894483138,0.018082214798136848,1.8246687894483138,1.8082214798136849
2023-11-15,142.57286071777344,142.97275612478606,141.35412770732256,141.35412770732256,8365300,0.008757643829115036,0.008719518099076794,0.8757643829115036,0.8719518099076794
2023-11-16,144.20103454589844,144.277207190574,142.90612864330691,142.90612864330691,8126200,0.0114199421960679,0.011355226886868186,1.14199421960679,1.1355226886868186
2023-11-17,145.5054473876953,145.54352643960186,144.28669980002454,144.91511311981318,7812400,0.009045793921691248,0.0090051257942011,0.9045793921691248,0.90051257942011
2023-11-20,145.95291137695312,146.39090030044756,144.6484897924829,144.800835029215,7019000,0.0030752387439183515,0.0030705198692212903,0.30752387439183515,0.30705198692212904
2023-11-21,145.6482696533203,146.2766830061606,145.26742100044763,145.86725690229986,7083500,-0.002087260341426256,-0.002089441705203995,-0.20872603414262558,-0.2089441705203995
2023-11-22,145.99102783203125,146.51470558509976,145.58160176019817,146.0672004623361,5174500,0.00235332818938927,0.002350563449316706,0.235332818938927,0.23505634493167063
2023-11-24,146.19097900390625,147.04791026139762,145.94342883357928,146.23858871739657,3496900,0.001369612741579207,0.0013686756775605554,0.1369612741579207,0.13686756775605555
2023-11-27,145.85772705078125,146.18144982811643,145.4007058046349,146.0862304096327,6259100,-0.0022795657802940905,-0.0022821679456576467,-0.22795657802940905,-0.22821679456576466
2023-11-28,146.19097900390625,146.50518567880863,145.4102349107552,145.88630298876882,6582700,0.002284774073086915,0.0022821679456577586,0.22847740730869148,0.22821679456577587
2023-11-29,146.93365478515625,148.18095079285675,146.62896424942622,146.79082564836614,9126100,0.0050801751675126905,0.005067314615162671,0.508017516751269,0.506731461516267
2023-11-30,148.60940551757812,148.65701522867897,146.99077703925823,147.49540801435012,9869800,0.011404812157378874,0.011340267569550415,1.1404812157378874,1.1340267569550415
2023-12-01,149.3330078125,150.30419060735318,148.36183954608933,148.36183954608933,8916000,0.004869155437380979,0.004857339440471556,0.48691554373809787,0.48573394404715564
2023-12-04,150.427978515625,150.48510435359785,148.41897088573631,148.5522693504873,9607500,0.007332409084666924,0.007305657661832161,0.7332409084666924,0.7305657661832161
2023-12-05,150.40892028808594,150.91355118972575,149.45678431843467,149.7328973571191,9135600,-0.00012669336999093783,-0.00012670139627386271,-0.012669336999093783,-0.012670139627386272
2023-12-06,148.82838439941406,151.5991038056745,148.5332245469806,151.23728745575312,9366000,-0.010508258989191499,-0.010563860603143769,-1.05082589891915,-1.0563860603143769
2023-12-07,149.28538513183594,149.7804998802808,148.676018721612,149.19018025650044,8130900,0.003070655737251071,0.0030659509027469215,0.3070655737251071,0.3065950902746922
2023-12-08,150.93263244628906,151.18018262469351,149.46633458223317,149.7329315523442,7369400,0.011034216865893676,0.010973784041182127,1.1034216865893676,1.0973784041182126
2023-12-11,151.48486328125,151.67528760053898,150.58032233984983,150.93262258540094,8093900,0.0036587901901032893,0.0036521130990364143,0.36587901901032893,0.3652113099036414
2023-12-12,152.8369140625,152.9606818949638,151.27541120237794,151.608650170945,10223000,0.008925319348506378,0.008885724111455733,0.8925319348506378,0.8885724111455733
2023-12-13,153.35104370117188,154.27461691513594,152.12279447855528,152.8368965803763,12379100,0.0033639100987188364,0.0033582648097631065,0.33639100987188364,0.3358264809763106
2023-12-14,156.14080810546875,156.95011509328629,153.9699389064081,154.08419059211312,13643000,0.018192014458885408,0.01802851965322757,1.8192014458885408,1.8028519653227568
2023-12-15,157.3214569091797,157.36906662385533,154.6173936455672,155.2743699341336,20309300,0.007561436488233486,0.007532992124197155,0.7561436488233486,0.7532992124197155
2023-12-18,158.2735595703125,159.13049066766075,157.70228670052236,157.97839974165464,8469600,0.006051956801305547,0.006033717263678047,0.6051956801305547,0.6033717263678048
2023-12-19,160.38729858398438,160.40634537103261,157.62611012810044,158.0545684018146,10345700,0.013354972361842021,0.013266580826470089,1.3354972361842021,1.326658082647009
2023-12-20,158.57826232910156,161.3013720183207,158.4830429125466,159.94934056821094,10734700,-0.01127917404217349,-0.01134326632008265,-1.127917404217349,-1.134326632008265
2023-12-21,159.4827880859375,160.04454486759295,157.74989350442564,158.85437480725014,7601700,0.0057039706675481305,0.005687764623522619,0.570397066754813,0.5687764623522619
2023-12-22,159.3875732421875,160.17784792833942,159.22571185275063,159.4827926611238,6576300,-0.0005970226937510592,-0.0005972009827647425,-0.05970226937510592,-0.05972009827647425
2023-12-26,160.33016967773438,160.69198598250622,159.17807880269012,159.44469023092927,4683600,0.005913864025739457,0.005896445770938503,0.5913864025739457,0.5896445770938503
2023-12-27,161.29185485839844,161.35851136125413,159.55897465392746,159.80652481786777,6428600,0.005998154823867896,0.005980237504759899,0.5998154823867896,0.5980237504759899
2023-12-28,162.14878845214844,162.49155804559817,160.91100855755525,161.24426201979193,6320100,0.005312937807692375,0.005298873945243415,0.5312937807692375,0.5298873945243415
2023-12-29,161.95835876464844,162.5201155849496,161.51085362889827,161.8631393418932,6435100,-0.001174413261534779,-0.0011751034252003713,-0.11744132615347791,-0.11751034252003713
2024-01-02,163.84356689453125,163.92925564889285,160.82529747610658,160.9966749848298,9977400,0.01164007924174082,0.011572854682592514,1.164007924174082,1.1572854682592515
2024-01-03,163.12948608398438,163.80549460527723,162.215429000014,163.6341170742828,9852300,-0.004358308501709707,-0.004367833613867601,-0.4358308501709707,-0.43678336138676005
2024-01-04,164.21200561523438,166.0705417857939,163.3785294721103,163.47433603229473,11972500,0.006635952562816794,0.006614031554019113,0.6635952562816794,0.6614031554019113
2024-01-05,165.0359344482422,166.09932321833682,164.26952562526753,164.26952562526753,10066000,0.005017470129062174,0.005004924572949965,0.5017470129062174,0.5004924572949965
2024-01-08,164.79641723632812,165.12213620485633,162.37265997505037,164.79641723632812,11229900,-0.001451303394711112,-0.0014523575555444417,-0.1451303394711112,-0.14523575555444418
2024-01-09,163.49351501464844,164.57605322862534,162.95703331249527,164.41319375604527,9923600,-0.007906131962876595,-0.007937551136507924,-0.7906131962876595,-0.7937551136507924
2024-01-10,163.83839416503906,163.89587225770805,161.85531225978102,162.8612227355773,9670200,0.0021094362694429325,0.0021072145326150645,0.21094362694429325,0.21072145326150646
2024-01-11,163.1486358642578,163.2061139597619,161.55834033783609,163.17737491200987,11919500,-0.00420999182942694,-0.004218878796505137,-0.420999182942694,-0.42188787965051366
2024-01-12,161.9511260986328,168.9062533664625,161.80741624247742,166.50166046764423,19436500,-0.0073399925122349385,-0.007367062802435332,-0.7339992512234939,-0.7367062802435332
2024-01-16,160.93565368652344,161.03144564695285,157.40060436457583,157.94666093131482,17206400,-0.006270239896269181,-0.006289980412223721,-0.6270239896269181,-0.6289980412223721
2024-01-17,160.0734405517578,161.97030558173176,159.49864492712499,160.3129423831961,11107500,-0.005357502299925931,-0.005371905180716806,-0.5357502299925931,-0.5371905180716806
2024-01-18,160.38958740234375,160.494968794658,158.30113841397468,160.10218227621107,9382300,0.0019750112791740992,0.0019730635085553156,0.19750112791740992,0.19730635085553155
2024-01-19,163.15821838378906,163.40730963345084,160.06385894601613,160.51412353944812,13115700,0.017261912236859134,0.01711461806639822,1.7261912236859134,1.711461806639822
2024-01-22,162.9666290283203,164.75809807454945,162.58343193991826,163.30193744419606,12837500,-0.0011742550106674798,-0.0011749449882751824,-0.11742550106674798,-0.11749449882751824
2024-01-23,161.89364624023438,162.6217264688559,161.366739342797,162.54508413668046,8360800,-0.006584064446098825,-0.006605835010227741,-0.6584064446098825,-0.6605835010227742
2024-01-24,163.34024047851562,163.82881892654672,161.7691091313614,162.2481127691283,9967100,0.008935460235015347,0.008895775237491441,0.8935460235015347,0.8895775237491441
2024-01-25,165.67779541015625,165.72569870183003,163.73304163606534,165.0742460947376,8873500,0.01431095561505602,0.014209520499970475,1.431095561505602,1.4209520499970474
2024-01-26,165.04550170898438,165.79274625724076,164.56649804379273,165.36164588217466,7443000,-0.0038164058110898846,-0.0038237068695350716,-0.38164058110898846,-0.3823706869535072
2024-01-29,165.4766082763672,165.5819896713741,164.10666475930958,165.00719402245372,6971200,0.00261204675631177,0.0026086412910504915,0.261204675631177,0.26086412910504914
2024-01-30,168.8679656982422,169.33737996093782,165.57241795786004,165.57241795786004,10822100,0.020494482315053242,0.020287296408513587,2.049448231505324,2.028729640851359
2024-01-31,167.0381317138672,170.81268232442451,167.01896747730794,168.80086140855477,11521800,-0.010835885757307095,-0.010895021547822337,-1.0835885757307095,-1.0895021547822337
2024-02-01,166.43460083007812,167.4979894966774,164.23118116023815,166.34838368311816,9354800,-0.0036131323883752398,-0.0036196755167505574,-0.361313238837524,-0.36196755167505573
2024-02-02,167.39260864257812,168.43684769185612,165.98433676563624,166.02266524309417,8607600,0.005756061586485117,0.00573955876122692,0.5756061586485117,0.5739558761226919
2024-02-05,167.1722869873047,167.7375078303953,165.65863358018984,166.55916285184333,7820200,-0.001316197035580391,-0.0013170639836984847,-0.1316197035580391,-0.13170639836984846
2024-02-06,167.74710083007812,168.48475599976504,166.4633598101674,167.2776719437051,6764800,0.003438451750181981,0.0034325537909946718,0.3438451750181981,0.3432553790994672
2024-02-07,168.06320190429688,168.48472742579142,166.6549447200751,168.31229314046925,7225500,0.0018843906848735603,0.0018826174480447873,0.18843906848735603,0.18826174480447874
2024-02-08,167.4596710205078,167.94824945784183,166.28132619044888,167.65126954781346,6060300,-0.0035910947604862464,-0.0035975582198452534,-0.35910947604862464,-0.3597558219845253
2024-02-09,167.6608428955078,167.74707465736927,166.37711669392303,167.65126808553677,6296700,0.0012013153601344584,0.0012005943582132296,0.12013153601344584,0.12005943582132296
2024-02-12,168.40809631347656,169.38526784949886,166.40586457100534,167.4405142059646,8539300,0.004456934636994925,0.004447031916764453,0.4456934636994925,0.44470319167644534
2024-02-13,166.9423370361328,168.82961247579382,165.37120574107814,167.9578369936701,8397600,-0.00870361526215091,-0.008741712940907915,-0.870361526215091,-0.8741712940907914
2024-02-14,168.6380157470703,168.70508327150296,167.0956234834558,167.7183369693553,7056700,0.010157271912220045,0.010106033495456827,1.0157271912220045,1.0106033495456828
2024-02-15,172.31675720214844,172.64249077273533,168.7529691077419,168.7529691077419,8723400,0.021814425642884938,0.02157989568815244,2.181442564288494,2.157989568815244
2024-02-16,171.51205444335938,172.4221585008855,170.67859272788192,172.06770045968835,8152600,-0.004669904261516811,-0.0046808423308656415,-0.46699042615168107,-0.46808423308656416
2024-02-20,172.18263244628906,172.8819882373571,170.91807052542617,171.66531498276106,9668000,0.0039098010055680366,0.0039021775978272354,0.39098010055680366,0.39021775978272355
2024-02-21,173.3035125732422,173.38974433887643,171.02346516778374,172.3934085731368,7024000,0.006509832676084626,0.0064887352264288095,0.6509832676084626,0.648873522642881
2024-02-22,175.3824005126953,175.71769429130376,173.62924542867003,174.18489140759863,9296500,0.011995648031510875,0.01192427049190752,1.1995648031510875,1.192427049190752
2024-02-23,176.26376342773438,177.42294404200635,175.49735468570222,176.09131451721248,7105800,0.005025378330223429,0.005012793262084983,0.5025378330223429,0.5012793262084982
2024-02-26,175.66021728515625,176.71403115140492,174.81716619215732,176.03383954354783,7145400,-0.0034241078871867225,-0.003429983561059966,-0.34241078871867225,-0.3429983561059966
2024-02-27,175.7464141845703,175.83263132241242,174.5872336832812,175.61229376413942,5717100,0.0004907024524176684,0.000490582097340009,0.04907024524176684,0.0490582097340009
2024-02-28,176.6373748779297,177.4229331924025,175.27700638757528,175.72725632977884,6131600,0.0050695810636778305,0.005056774003646422,0.506958106367783,0.5056774003646421
2024-02-29,178.24681091308594,178.6012688866292,176.1296232629636,177.86361389401372,9643000,0.009111526007836712,0.009070266490141497,0.9111526007836712,0.9070266490141498
2024-03-01,177.5091552734375,178.61087237153285,177.32714617677203,177.9019417506201,6311800,-0.0041383945994305504,-0.0041469814530748226,-0.41383945994305504,-0.4146981453074823
2024-03-04,178.8407745361328,179.71256458406262,176.53198832666763,176.95351382755808,7063600,0.007501693423328293,0.007473695654487722,0.7501693423328293,0.7473695654487722
2024-03-05,180.63229370117188,181.3507992333022,178.5342552084661,178.5342552084661,6617800,0.010017397708580678,0.009967556158851927,1.0017397708580678,0.9967556158851927
2024-03-06,181.5711212158203,182.08845334054516,179.75091320489955,181.3028803430116,7572900,0.005197451105844797,0.0051839909756139935,0.5197451105844797,0.5183990975613993
2024-03-07,179.9808349609375,182.5003989523278,178.79291521043658,181.9351781279422,7618300,-0.008758475710421765,-0.008797056597173,-0.8758475710421765,-0.8797056597173
2024-03-08,180.3161163330078,182.46205772325536,180.02871124943442,180.5268790864263,6172200,0.0018628726338727475,0.0018611396385469962,0.18628726338727475,0.18611396385469964
2024-03-11,180.38319396972656,180.52690384023362,178.40012639540902,179.4156118276523,5762600,0.00037200022983463477,0.00037193105490399795,0.03720002298346348,0.037193105490399794
2024-03-12,181.8680877685547,182.17465709667462,180.0191408441831,181.0154619245126,5708400,0.008231885499695446,0.008198188331438087,0.8231885499695446,0.8198188331438088
2024-03-13,183.34344482421875,183.67873861401878,181.86810537139763,182.36627326879466,7795500,0.008112237137180456,0.008079509816880806,0.8112237137180456,0.8079509816880807
2024-03-14,180.07662963867188,183.58293979272673,179.24316798262137,183.0081295773623,10310900,-0.017818009194050743,-0.01797866111223734,-1.7818009194050743,-1.7978661112237342
2024-03-15,182.3087921142578,182.92191620153875,178.6491972115897,178.6491972115897,17214200,0.012395625573761615,0.01231942883177047,1.2395625573761615,1.2319428831770471
2024-03-18,184.56968688964844,184.6080007490843,181.91600261926007,182.6249332720875,9013800,0.012401457709037222,0.012325189542632587,1.2401457709037222,1.2325189542632586
2024-03-19,185.6522216796875,185.78634211223047,184.3014425440873,184.617586696088,8478700,0.005865181917365847,0.0058480486982268815,0.5865181917365847,0.5848048698226882
2024-03-20,188.0855712890625,188.3059088707096,185.47979031452184,186.0354362918315,9367000,0.013107031994334717,0.013021878119770895,1.3107031994334717,1.3021878119770895
2024-03-21,190.70091247558594,191.05537046475777,188.08555689093157,188.2675805993268,11203800,0.013905060173403871,0.01380927176520932,1.3905060173403871,1.3809271765209319
2024-03-22,188.3633575439453,192.0612656567705,188.28671521925122,190.65299400382744,8108800,-0.012257701870933002,-0.012333447109984344,-1.2257701870933002,-1.2333447109984343
2024-03-25,186.63900756835938,188.66997856644156,186.19831773506073,188.34425956071757,8620000,-0.009154381181507909,-0.009196540018200037,-0.9154381181507909,-0.9196540018200037
2024-03-26,187.5107421875,188.40169647073768,185.91087194305058,186.41861458155125,5961500,0.0046706989631915,0.0046598250946873,0.46706989631914997,0.46598250946873
2024-03-27,191.14161682128906,191.21825915794204,188.13347454330642,188.24843073927042,8725800,0.01936355534318346,0.019178467198966057,1.9363555343183458,1.9178467198966056
2024-03-28,191.8888397216797,192.29120098027298,190.20273774125516,191.11285625024766,8628300,0.003909263261538953,0.003901641947938604,0.39092632615389533,0.3901641947938604
2024-04-01,190.58595275878906,192.5019671392043,190.23149477618173,191.591863232113,7309000,-0.0067898006198816585,-0.006812956190102041,-0.6789800619881659,-0.6812956190102041
2024-04-02,190.50930786132812,191.3906727102747,189.76206343248145,190.05904331855777,7014700,-0.00040215396964715655,-0.00040223485524117677,-0.040215396964715655,-0.040223485524117676
2024-04-03,189.97283935546875,191.1799232200789,189.39802916201796,190.68175536029023,9353400,-0.0028159700535465015,-0.0028199423562272493,-0.28159700535465015,-0.2819942356227249
2024-04-04,188.52743530273438,192.4107236126536,188.43108458411373,191.90001922373713,9243800,-0.007608477388863943,-0.007637569511400012,-0.7608477388863943,-0.7637569511400012
2024-04-05,190.26190185546875,190.90750898554447,188.00709223043438,189.0188703042211,6532300,0.009200075044511147,0.009158012145158372,0.9200075044511147,0.9158012145158372
2024-04-08,191.25439453125,191.73619219007753,190.42570196993475,190.42570196993475,8001000,0.005216455139480214,0.005202896568712955,0.5216455139480214,0.5202896568712955
2024-04-09,189.9728546142578,191.63988548294424,187.8144100172181,190.85937544895748,7351500,-0.00670070834258818,-0.006723258881576542,-0.670070834258818,-0.6723258881576542
2024-04-10,188.35400390625,189.89576250853975,187.1109575411202,188.43109330669446,7681400,-0.00852148435256661,-0.008557999792167571,-0.8521484352566611,-0.8557999792167571
2024-04-11,188.31544494628906,189.4139578348504,186.20518333764534,188.86470139056973,10137700,-0.00020471537191280031,-0.0002047363289647516,-0.02047153719128003,-0.02047363289647516
2024-04-12,176.1356201171875,182.0520960717655,175.89472123515532,181.46431691477588,31532300,-0.06467777952347709,-0.06686418823106341,-6.467777952347708,-6.686418823106341
2024-04-15,176.23196411132812,180.63560219672368,175.5670809252794,177.78335331100874,14766600,0.0005469875660386592,0.0005468380228696431,0.05469875660386592,0.05468380228696432
2024-04-16,174.21804809570312,176.49213378652257,173.10990458385498,176.2415895769628,16451800,-0.01142764325291623,-0.011493440520166286,-1.142764325291623,-1.1493440520166285
2024-04-17,173.52427673339844,175.77908663989885,172.67630800139477,174.7673084398127,9017100,-0.0039822014417448814,-0.003990151518797299,-0.39822014417448814,-0.3990151518797299
2024-04-18,174.6516876220703,176.6848747530027,173.41828653540333,174.50715417570336,9557700,0.006497136365559042,0.006476120952637401,0.6497136365559042,0.6476120952637401
2024-04-19,179.03604125976562,179.11313066175867,174.80585773476054,175.7598078399118,13402300,0.025103414100312804,0.024793499306318852,2.5103414100312804,2.4793499306318854
2024-04-22,182.51461791992188,183.2084078209713,179.2094778769642,179.2191232415869,11529700,0.019429477080031843,0.01924313461328717,1.9429477080031843,1.924313461328717
2024-04-23,185.14523315429688,185.23195321786886,183.5842131968009,184.17200702206668,9144400,0.014413175582074,0.01431029316347122,1.4413175582074,1.431029316347122
2024-04-24,186.05101013183594,186.1955435671471,183.24694386040238,183.5938388084488,6964900,0.004892251137701198,0.004880322965028925,0.4892251137701198,0.48803229650289254
2024-04-25,186.3304443359375,186.87970079080816,184.22016798330733,185.2512221550963,9802300,0.0015019225313721574,0.0015007957737876783,0.15019225313721574,0.15007957737876784
2024-04-26,186.44607543945312,187.77582706610977,186.03172178018212,186.52316483427794,6413700,0.0006205701055870261,0.0006203776315840102,0.06205701055870261,0.062037763158401024
2024-04-29,186.24371337890625,187.18803273189192,185.42465142674712,186.43642951373823,5387800,-0.0010853650851588847,-0.001085954520383132,-0.10853650851588847,-0.10859545203831321
2024-04-30,184.75978088378906,187.89146582521732,184.66341546581035,185.79082028032872,8153700,-0.007967691731415316,-0.007999603408478948,-0.7967691731415316,-0.7999603408478948
2024-05-01,184.8754119873047,187.38076588091363,183.84435786312523,185.27048962572664,7445300,0.000625845641094136,0.0006256498813835471,0.0625845641094136,0.06256498813835472
2024-05-02,184.68270874023438,186.4557208515815,182.6206150512481,186.04138186282856,6501700,-0.0010423411366544677,-0.0010428847519649465,-0.10423411366544677,-0.10428847519649465
2024-05-03,183.57455444335938,185.52102126915833,181.59919563511028,185.01031688319262,8922800,-0.006000314292734732,-0.00601838851548698,-0.6000314292734732,-0.601838851548698
2024-05-06,185.0103302001953,185.20304635349385,182.90969913363128,184.7501553064273,7911100,0.007821213354920253,0.0077907862142134274,0.7821213354920253,0.7790786214213428
2024-05-07,184.7694091796875,185.90644464013317,184.67304376294203,184.72122647131476,7688800,-0.0013022030729155087,-0.001303051676119531,-0.13022030729155087,-0.1303051676119531
2024-05-08,188.52743530273438,189.49103070873517,184.04672254615033,184.04672254615033,9227600,0.02033900600608729,0.02013493090671595,2.033900600608729,2.013493090671595
2024-05-09,190.31008911132812,190.3968091674479,187.99746606167452,188.06491009311256,7977300,0.009455673152988009,0.009411248101879589,0.9455673152988009,0.9411248101879589
2024-05-10,191.5338592529297,192.08310097798218,191.05206155927368,191.31222172747283,7529800,0.0064304007597077995,0.0064098139399458255,0.64304007597078,0.6409813939945825
2024-05-13,191.49530029296875,192.5745370860542,190.83041714718976,191.56275902522955,7049200,-0.00020131667638989548,-0.00020133694331208373,-0.020131667638989548,-0.020133694331208374
2024-05-14,194.17410278320312,194.24156151844699,190.9460670314347,191.75548363456778,8596200,0.013988868061702187,0.01389192686583282,1.3988868061702187,1.389192686583282
2024-05-15,194.7522735595703,195.31116067512863,192.49746377505176,194.65590813494666,8370000,0.002977589534752356,0.002973165295237403,0.2977589534752356,0.29731652952374027
2024-05-16,195.0991668701172,197.0359883811209,194.63664518305498,194.85826801387446,8497900,0.0017812028799795154,0.0017796184193479062,0.17812028799795154,0.17796184193479062
2024-05-17,197.334716796875,197.5852610380301,195.4268018158582,196.39039731986878,9260500,0.011458531384944681,0.011393379637402083,1.1458531384944681,1.1393379637402083
2024-05-20,188.45999145507812,198.3850270872914,188.28653663611217,196.9492646377528,17373300,-0.04497295501699283,-0.04601561954845793,-4.497295501699283,-4.601561954845793
2024-05-21,192.25657653808594,192.62273282652995,189.44287946793008,189.82831178312392,14420800,0.02014531070332115,0.019945078623351875,2.014531070332115,1.9945078623351875
2024-05-22,191.0906219482422,193.6248828275257,190.4931974411231,191.75550519819114,9425300,-0.006064575843587772,-0.006083040073333684,-0.6064575843587772,-0.6083040073333684
2024-05-23,189.751220703125,191.08098717440686,188.93217336474868,190.60882009466033,8069400,-0.0070092463537010374,-0.007033926514759198,-0.7009246353701037,-0.7033926514759198
2024-05-24,193.40322875976562,193.4513967645254,190.36789459169293,190.5509800603342,7356200,0.019246295455217943,0.0190634281314869,1.9246295455217943,1.9063428131486901
2024-05-28,192.23727416992188,193.1141494756289,191.4278575969454,192.58416908738297,6910200,-0.006028620087268677,-0.006046865584419601,-0.6028620087268677,-0.6046865584419601
2024-05-29,190.89788818359375,191.7458568535377,189.72230060146205,190.79189209985074,6120000,-0.0069673583966042285,-0.006991743771894023,-0.6967358396604229,-0.6991743771894022
2024-05-30,192.07345581054688,192.57452949102813,191.17730452231504,191.331483301432,6829100,0.006158096551715397,0.006139212960145148,0.6158096551715397,0.6139212960145148
2024-05-31,195.25332641601562,195.89893352269695,191.12913958002605,192.04455220283393,14417900,0.01655549223108288,0.016419944068002314,1.655549223108288,1.6419944068002315
2024-06-03,194.47283935546875,195.05098779926408,191.938578635432,194.94499171240668,6444300,-0.003997304808441182,-0.004005315385578769,-0.3997304808441182,-0.40053153855787693
2024-06-04,191.90966796875,194.62699941582753,191.0616992914751,192.8732633917263,6848300,-0.013180099571815429,-0.013267727902609308,-1.318009957181543,-1.3267727902609308
2024-06-05,190.07882690429688,192.54564352570372,189.7512079908949,192.48781544983936,8351600,-0.009540118972803713,-0.009585917422340362,-0.9540118972803713,-0.9585917422340362
2024-06-06,189.7415771484375,190.8111686497674,188.2190946247148,190.0788267225114,7640300,-0.0017742626117382976,-0.0017758384799245366,-0.17742626117382976,-0.17758384799245366
2024-06-07,192.67091369628906,193.60560249014668,189.83794062651856,190.24264896458575,6964500,0.015438559075325431,0.015320597081696165,1.543855907532543,1.5320597081696166
2024-06-10,192.34327697753906,193.52849519396025,191.21587213216785,191.98675138719827,6070800,-0.001700499117715637,-0.0017019466075431794,-0.1700499117715637,-0.17019466075431794
2024-06-11,187.28440856933594,190.7340819769337,186.55208133491664,190.70517529026583,9235300,-0.02630124893210528,-0.02665331366447619,-2.630124893210528,-2.665331366447619
2024-06-12,184.55743408203125,189.55849678536873,184.34544190823777,188.8647068899173,12751300,-0.014560606022337996,-0.014667652019987315,-1.4560606022337996,-1.4667652019987316
2024-06-13,186.60987854003906,187.4963844954117,183.93108465004624,185.318664303081,8587800,0.01112089831664842,0.011059515793565535,1.112089831664842,1.1059515793565535
2024-06-14,186.7255401611328,187.76622509533172,184.4514541278761,184.4803608174399,6874000,0.0006198043854839241,0.0006196123860764118,0.061980438548392414,0.06196123860764118
2024-06-17,187.8818359375,188.45999908639936,185.6270261227318,186.43644276855122,8725400,0.00619248858709609,0.006173393918113433,0.619248858709609,0.6173393918113432
2024-06-18,189.8282928466797,190.75335089548557,187.0627787676238,187.5156697796133,9023000,0.010360005795489347,0.010306708724702731,1.0360005795489347,1.0306708724702731
2024-06-20,191.4375,192.1891032500522,188.97069808154154,189.24050362241672,8731100,0.008477172339215189,0.008441442894882271,0.8477172339215189,0.8441442894882271
2024-06-21,189.15380859375,189.99213201359524,187.1495280939569,189.5488862963465,20972100,-0.011929174828599454,-0.012000898407390064,-1.1929174828599454,-1.2000898407390064
2024-06-24,191.63987731933594,191.97712692160647,189.92467850941023,190.60882307904214,9785900,0.013143106893106937,0.013057485667016606,1.3143106893106937,1.3057485667016606
2024-06-25,190.85935974121094,192.78655066041756,190.54137147514587,190.8786210640271,6862500,-0.004072834887200449,-0.004081151468264858,-0.40728348872004494,-0.4081151468264858
2024-06-26,190.24264526367188,190.73408836007184,189.13451636218556,190.26192128986204,7758600,-0.003231250897913873,-0.003236482662231891,-0.3231250897913873,-0.3236482662231891
2024-06-27,191.9193115234375,192.58419476248764,189.7319456494045,190.25229544661778,7913500,0.008813303964743557,0.008774693492738666,0.8813303964743557,0.8774693492738666
2024-06-28,194.8968048095703,195.2244384276402,192.04457059358026,192.72871510952479,15307600,0.015514297453954828,0.015395181165143516,1.5514297453954828,1.5395181165143517
2024-07-01,197.97067260742188,199.55096848022373,195.28224790247992,195.45568801743792,10205800,0.015771771121927625,0.01564868919961964,1.5771771121927625,1.564868919961964
2024-07-02,201.2276611328125,201.25656782314348,197.31546553947197,197.81652464074327,7802900,0.016451873817943108,0.016318007975728462,1.6451873817943108,1.6318007975728461
2024-07-03,201.09274291992188,202.72122163240437,200.0905953876403,201.92143562022005,5560900,-0.0006704754810104019,-0.0006707003502141963,-0.06704754810104019,-0.06707003502141963
2024-07-05,198.42816162109375,200.92801531072178,198.166559856373,200.55983012100543,8093100,-0.013250509491977036,-0.013339080772708373,-1.3250509491977036,-1.3339080772708374
2024-07-08,198.79635620117188,200.47260930809625,197.63363736853518,198.6703899428391,8707000,0.0018555560716286834,0.001853836654116371,0.18555560716286834,0.18538366541163712
2024-07-09,201.17994689941406,203.243768068706,199.06766124607273,199.2420772065153,9058900,0.011990112614690629,0.011918800673959304,1.199011261469063,1.1918800673959304
2024-07-10,201.3446502685547,201.5093674070047,199.19361387387812,199.73621498518906,8328500,0.0008186868108825962,0.0008183518696309633,0.08186868108825962,0.08183518696309633
2024-07-11,201.00552368164062,201.6353401799566,198.99983630998767,199.80405397767697,10658100,-0.0016843089024800584,-0.0016857289454709204,-0.16843089024800584,-0.16857289454709204
2024-07-12,198.57351684570312,201.00553807410293,195.82174533245208,197.66271569214624,15443400,-0.012099203998937824,-0.012172995181388398,-1.2099203998937824,-1.2172995181388397
2024-07-15,203.52476501464844,205.03630099143194,200.29821024046566,200.75361079562126,10719700,0.024934081077853776,0.02462829937876395,2.4934081077853776,2.462829937876395
2024-07-16,206.98387145996094,207.1001537032096,201.61597854526954,203.47633180474006,11557000,0.01699599773552629,0.016853181695381688,1.6995997735526291,1.6853181695381687
2024-07-17,210.1328887939453,210.8014561824825,206.64473232755455,207.15826659720184,11572500,0.015213829520980493,0.015099259784850647,1.5213829520980493,1.5099259784850647
2024-07-18,203.4569091796875,209.91001798904472,202.73990694627264,208.93139924044766,12415100,-0.031770274765528184,-0.03228590040426888,-3.1770274765528184,-3.228590040426888
2024-07-19,203.26312255859375,205.75329186338408,202.429838115465,204.6390080745002,8095900,-0.0009524700924391505,-0.0009529239803102819,-0.09524700924391505,-0.0952923980310282
2024-07-22,203.74761962890625,205.5789059089919,203.1953344509871,203.92203559046192,7663200,0.002383595529842575,0.002380759272117687,0.23835955298425748,0.2380759272117687
2024-07-23,203.79605102539062,204.9103200919362,202.84649909482658,204.46461837922644,5557300,0.00023770288248070592,0.00023767463562668654,0.023770288248070592,0.023767463562668654
2024-07-24,202.110107421875,205.4432455165605,201.6062719683225,203.04029133995283,7119000,-0.008272700059853366,-0.008307108742874698,-0.8272700059853366,-0.8307108742874698
2024-07-25,202.1876220703125,203.66040709970025,201.58688722802887,202.16823923465998,6403800,0.00038352682815467887,0.00038345330053999617,0.03835268281546789,0.038345330053999614
2024-07-26,205.646728515625,206.53814676283224,202.13917446481165,202.739924098082,8027800,0.017108398673928438,0.016963698086492153,1.7108398673928438,1.6963698086492154
2024-07-29,204.2999267578125,206.9741817223664,204.00924333487177,206.0439977259107,6533600,-0.006549103735001394,-0.006570643209205995,-0.6549103735001394,-0.6570643209205995
2024-07-30,208.50509643554688,209.08644848499546,206.3443758214561,206.60597759056023,8850700,0.020583314661289043,0.02037434095568713,2.0583314661289043,2.037434095568713
2024-07-31,206.18931579589844,209.66778796696985,206.0633495484698,208.10780244291595,9071600,-0.011106590098934555,-0.01116872879850974,-1.1106590098934555,-1.116872879850974
2024-08-01,201.4996795654297,207.18732188596175,199.968760867642,206.57688825491246,10918600,-0.022744322189375277,-0.023006964338102506,-2.2744322189375277,-2.3006964338102507
2024-08-02,192.95367431640625,198.31188254529528,190.7735710295601,197.54643056321328,18041700,-0.04241200416523949,-0.04333766049493203,-4.241200416523949,-4.333766049493203
2024-08-05,188.84539794921875,190.07594935886874,184.96965851641983,188.02181219061254,13927000,-0.021291516638603736,-0.021521450598355838,-2.1291516638603736,-2.152145059835584
2024-08-06,194.11642456054688,196.30622701235052,187.973380518744,189.32988353641295,10605800,0.027911861599855037,0.027529425613951275,2.7911861599855037,2.7529425613951277
2024-08-07,194.17453002929688,199.35833717721835,193.98074602423208,197.1879178800858,9204400,0.0002993330877669731,0.0002992882965563617,0.02993330877669731,0.02992882965563617
2024-08-08,197.7208251953125,198.54442565703408,195.52133914553448,196.180222471866,7761200,0.018263441479583253,0.0180986680284536,1.8263441479583253,1.80986680284536
2024-08-09,199.4067840576172,200.0559685970376,196.59686427717244,197.14916420781512,5540200,0.008526966548107806,0.008490817319002393,0.8526966548107806,0.8490817319002394
2024-08-12,199.78466796875,200.70515306806914,197.33326411745605,199.99783480666875,6936000,0.0018950403965374285,0.001893247072741774,0.18950403965374285,0.1893247072741774
2024-08-13,201.48031616210938,201.62565047648485,199.0192133503523,201.27683333721112,6387800,0.008487378989585848,0.008451563697812617,0.8487378989585848,0.8451563697812617
2024-08-14,203.70884704589844,204.21268247057492,200.68576057398485,201.28651017228518,6999800,0.011060787109327341,0.011000063957192958,1.1060787109327341,1.1000063957192958
2024-08-15,204.9781494140625,207.24545318176396,204.54213173331544,206.38310184525676,7001000,0.006230963390009725,0.006211631201504781,0.6230963390009725,0.6211631201504781
2024-08-16,207.32298278808594,207.43925023433258,205.01691320571518,205.11381260076865,7931200,0.011439430889225166,0.011374495347560186,1.1439430889225166,1.1374495347560185
2024-08-19,208.7570037841797,208.83452034386772,207.1776500829486,207.35205125366764,6090800,0.006916845285597439,0.006893033649124742,0.6916845285597439,0.6893033649124741
2024-08-20,207.85589599609375,209.28991535042542,207.04197953330453,208.3209805571364,5640000,-0.0043165391903091654,-0.004325882342014025,-0.43165391903091654,-0.4325882342014025
2024-08-21,207.93341064453125,208.32097864437964,206.22807596174675,207.7686787205856,5202300,0.00037292494430340994,0.0003728554250794662,0.037292494430340994,0.03728554250794662
2024-08-22,209.90036010742188,210.0650772568238,207.68149103391474,207.91404071912638,5247100,0.00945951618257812,0.009415055126177008,0.945951618257812,0.9415055126177009
2024-08-23,211.5281524658203,212.38081981547876,209.77438285463143,210.8402170417045,7214000,0.007755071775795708,0.007725155774287908,0.7755071775795708,0.7725155774287908
2024-08-26,212.3614501953125,212.85560164837696,211.27624788986617,212.2064170703137,5105200,0.0039394176131086756,0.003931678426144575,0.39394176131086756,0.3931678426144575
2024-08-27,213.3400421142578,213.57259177236716,212.3808061921944,212.6908576182362,5185200,0.004608142947061689,0.004597557961977586,0.46081429470616886,0.4597557961977586
2024-08-28,214.41555786132812,215.3069908150655,212.38080381850287,212.4389375361878,6506400,0.005041321527884168,0.005028656613945097,0.5041321527884168,0.5028656613945097
2024-08-29,215.3070068359375,216.05307598143608,212.13858592341361,215.24885832915527,6416100,0.004157575987027595,0.004148957148708742,0.4157575987027595,0.41489571487087423
2024-08-30,217.81654357910156,218.47541213909741,215.0356906803254,215.58799060688506,8574100,0.01165562040940138,0.011588216913297146,1.165562040940138,1.1588216913297147
2024-09-03,213.4563446044922,217.13829989127248,212.42927605699902,215.39421425176897,8956100,-0.020017758536444386,-0.020220828437261442,-2.0017758536444386,-2.022082843726144
2024-09-04,212.51646423339844,215.1713508176599,210.46232725835844,214.1733344055988,7389500,-0.004403150315514082,-0.004412872731868319,-0.44031503155140816,-0.4412872731868319
2024-09-05,210.86929321289062,213.9408148706308,209.31899156047683,213.3109983559998,8067900,-0.007750792516003746,-0.007780986025256314,-0.7750792516003746,-0.7780986025256313
2024-09-06,205.85989379882812,211.94480315075108,204.53244307121116,210.84021807182933,7777000,-0.023755945390327993,-0.024042667875290614,-2.3755945390327993,-2.4042667875290613
2024-09-09,210.0747528076172,211.373121898597,207.52644953811344,208.5050831538885,8935100,0.020474405825293696,0.020267622919244003,2.0474405825293696,2.0267622919244004
2024-09-10,199.1742401123047,211.84790938798793,194.37801568910027,211.80915850031667,28406900,-0.05188873269933103,-0.05328341304417581,-5.188873269933103,-5.328341304417581
2024-09-11,200.7923583984375,201.247758946142,195.5601162898296,198.8738715965842,13658700,0.008124134352014867,0.008091311225686623,0.8124134352014867,0.8091311225686623
2024-09-12,200.18194580078125,202.29421667579123,198.52506070300046,201.1993155648375,9054400,-0.0030400190650931025,-0.003044649309453083,-0.30400190650931025,-0.3044649309453083
2024-09-13,197.9727783203125,201.3931172041878,196.71316004135957,200.4338663672247,10226700,-0.01103579781698838,-0.011097143987202912,-1.103579781698838,-1.109714398720291
2024-09-16,201.4027862548828,201.74191934565195,199.2033001395087,199.43584981187368,8634900,0.017325654383759215,0.017177276610042824,1.7325654383759215,1.7177276610042824
2024-09-17,202.74960327148438,203.40847182700247,201.20900051540104,201.27681826210605,7573300,0.006687181650491647,0.0066649216340220205,0.6687181650491647,0.6664921634022021
2024-09-18,201.08303833007812,204.77467756112236,200.27882067003034,202.51705769768571,8259900,-0.008219818507731902,-0.008253787489863032,-0.8219818507731902,-0.8253787489863033
2024-09-19,203.94137573242188,205.3269600701471,200.89892130291486,203.26312438535416,11635200,0.01421471162401966,0.014114629917452413,1.421471162401966,1.4114629917452413
2024-09-20,204.53244018554688,204.85219043871982,202.99183742598126,203.40847228677623,20885000,0.002898207639338901,0.0028940159325832136,0.2898207639338901,0.2894015932583214
2024-09-23,204.87158203125,205.22039916009663,203.4666294901187,204.4452483421294,7223500,0.0016581323011424232,0.0016567591175155674,0.16581323011424232,0.16567591175155674
2024-09-24,205.01690673828125,206.33465863167038,203.83480512282463,204.59057306913016,7323200,0.0007093453644979597,0.000709093897985602,0.07093453644979597,0.07090938979856021
2024-09-25,203.66041564941406,205.6467350211927,202.12949683357203,205.1041190935442,8976500,-0.006616484027821445,-0.00663846999178121,-0.6616484027821445,-0.6638469991781211
2024-09-26,203.26312255859375,205.1234754301618,202.5170386911392,204.57119033278818,7807500,-0.00195076244715231,-0.0019526676623663264,-0.195076244715231,-0.19526676623663264
2024-09-27,203.96078491210938,205.840520877338,202.82713291741192,204.10611922497864,7032500,0.003432311502124641,0.003426434564814498,0.3432311502124641,0.3426434564814498
2024-09-30,204.3096160888672,204.40651549395434,198.8835746690019,199.90095928332332,8663800,0.0017102855184054633,0.0017088246455641575,0.17102855184054633,0.17088246455641576
2024-10-01,200.60826110839844,202.5945804709174,199.78467537207646,202.41048048727714,8540100,-0.01811640123125091,-0.018282512512190385,-1.8116401231250912,-1.8282512512190385
2024-10-02,200.85049438476562,202.4589297507457,199.30020752778822,200.64702634995896,5810900,0.0012074940235702325,0.0012067655889897216,0.12074940235702325,0.12067655889897216
2024-10-03,198.85447692871094,200.07534419024452,197.9921255825151,199.7652779699277,7251300,-0.00993782695018397,-0.009987536764985245,-0.993782695018397,-0.9987536764985245
2024-10-04,205.91256713867188,206.35125678113758,201.7108691151778,204.04081375554424,10211700,0.03549374557200058,0.0348783618275357,3.549374557200058,3.48783618275357
2024-10-07,205.6298370361328,207.96953982198877,204.4210047283782,205.727330230475,6718900,-0.0013730589952222205,-0.0013740025044858826,-0.13730589952222205,-0.13740025044858825
2024-10-08,205.45437622070312,206.01980404706708,203.14393319129448,205.28864968329236,6021800,-0.0008532848051562292,-0.0008536490598589939,-0.08532848051562292,-0.0853649059858994
2024-10-09,208.05728149414062,208.85668406253154,204.1188032466524,204.43075470295543,7024000,0.012669018403586696,0.012589437823630695,1.2669018403586696,1.2589437823630696
2024-10-10,207.49185180664062,209.41235175203676,206.15628129018555,209.41235175203676,7927100,-0.00271766353688474,-0.0027213630887128583,-0.271766353688474,-0.2721363088712858
2024-10-11,216.7043914794922,218.98560432950427,209.75356099050913,210.250740587431,18320700,0.04439952505429767,0.04344210308813516,4.439952505429767,4.344210308813516
2024-10-14,215.91476440429688,218.0789826171915,213.38010474418445,217.59154635078056,9048900,-0.003643798216567462,-0.003650453020048012,-0.3643798216567462,-0.3650453020048012
2024-10-15,216.8018798828125,219.78498714914952,216.24621033093248,218.03997203841485,9235800,0.004108637410522364,0.004100220007996582,0.41086374105223644,0.41002200079965817
2024-10-16,218.02049255371094,218.0594809098427,215.48581801928876,216.74341191631046,6382500,0.005620858414867591,0.0056051203370045015,0.5620858414867591,0.5605120337004501
2024-10-17,218.7808837890625,220.1749591936757,217.69877472337978,218.63465886479744,6470200,0.0034877053365258703,0.0034816373969657802,0.34877053365258703,0.34816373969657805
2024-10-18,219.70700073242188,220.24318355850107,217.4940509667263,219.34630268368366,7000500,0.004233079816298169,0.00422414553806713,0.42330798162981687,0.422414553806713
2024-10-21,217.3965606689453,220.0287133611628,217.29906747185922,219.56077874097096,5870000,-0.010516005661059591,-0.010571689574191523,-1.051600566105959,-1.0571689574191523
2024-10-22,218.4884033203125,219.6192589043824,215.54429930452827,217.41605257710637,9586800,0.0050223547603858165,0.005009784806327601,0.5022354760385817,0.5009784806327601
2024-10-23,217.7962646484375,219.15133680262315,216.9383721046514,218.03998276879733,6180500,-0.003167850839480457,-0.0031728791009473416,-0.3167850839480457,-0.31728791009473417
2024-10-24,219.32681274414062,219.40480432984663,216.09024375189844,216.25597029325846,6002200,0.007027430420690317,0.007002853107923061,0.7027430420690317,0.700285310792306
2024-10-25,216.72390747070312,219.9507331307945,215.3298469077358,219.34631692871068,6369700,-0.011867702087450471,-0.011938685428925705,-1.1867702087450471,-1.1938685428925706
2024-10-28,219.83375549316406,219.97023705233553,217.34782756683612,217.73778550402196,6843000,0.014349353787289632,0.014247376194253277,1.4349353787289632,1.4247376194253278
2024-10-29,217.299072265625,221.05233730563867,217.21133731153603,219.55104021485744,6580000,-0.011530000121468542,-0.011596985968548551,-1.1530000121468542,-1.159698596854855
2024-10-30,218.77113342285156,220.6233851560508,216.01224256208235,216.94811179819678,7110900,0.006774355462627613,0.006751512622311197,0.6774355462627613,0.6751512622311197
2024-10-31,216.3436737060547,220.01894669146088,216.24619539466497,219.05381769386045,7829900,-0.011095886732482962,-0.01115790527757161,-1.1095886732482962,-1.1157905277571611
2024-11-01,217.33807373046875,220.46740607055116,217.1040989794246,217.94248990978247,6923500,0.0045963905825374685,0.004585859437185081,0.45963905825374685,0.4585859437185081
2024-11-04,214.25747680664062,218.1374651905702,213.6628039867737,217.0553561208246,8229600,-0.014174216560180475,-0.014275630214364878,-1.4174216560180475,-1.4275630214364878
2024-11-05,215.9245147705078,216.3827060342441,214.4719493944743,214.50119437936183,5600700,0.007780535777389019,0.007750423501138518,0.7780535777389019,0.7750423501138518
2024-11-06,240.85198974609375,241.76837224676623,228.87081365048078,229.09503015318575,23987800,0.11544532125997709,0.10925371644117414,11.544532125997709,10.925371644117414
2024-11-07,230.4403533935547,238.4245611010864,229.30949778685132,238.35631288973238,16451100,-0.043228359306954456,-0.04419053596892618,-4.322835930695446,-4.419053596892618
2024-11-08,231.0252685546875,233.32596812691025,229.85542459219883,233.32596812691025,9502100,0.0025382497141630544,0.0025350337990715263,0.25382497141630544,0.2535033799071526
2024-11-11,233.2772216796875,236.01662575555932,232.99451521475842,233.96938766335575,9017100,0.009747648554153443,0.009700446718048216,0.9747648554153443,0.9700446718048216
2024-11-12,233.5404510498047,235.3927177038515,232.76055008364676,234.5055801689047,6861000,0.001128397227221134,0.0011277610655869763,0.1128397227221134,0.11277610655869763
2024-11-13,235.10025024414062,237.95661946303818,234.2716026881157,234.53482242214545,11472600,0.006678925159750104,0.006656719955535766,0.6678925159750104,0.6656719955535766
2024-11-14,235.7924041748047,238.1515938133449,234.99301646894952,236.32858701887602,10172200,0.0029440799401332374,0.0029397546240908985,0.29440799401332374,0.29397546240908984
2024-11-15,239.14596557617188,240.22807462347745,235.3927154551627,235.3927154551627,11518800,0.014222516679888608,0.014122325552062229,1.4222516679888608,1.412232555206223
2024-11-18,238.87298583984375,241.7001098835185,236.58202972228585,241.5343833585804,9051400,-0.0011414774891578272,-0.00114212947078241,-0.11414774891578272,-0.114212947078241
2024-11-19,236.98171997070312,238.98995466536508,235.4804230716575,236.16283075304187,6792700,-0.007917453966136856,-0.007948963431483404,-0.7917453966136856,-0.7948963431483405
2024-11-20,234.72979736328125,238.46356079156547,232.64357082604232,238.25883102314248,9015300,-0.009502516091537627,-0.009547953070420225,-0.9502516091537627,-0.9547953070420225
2024-11-21,238.6097869873047,239.32145462031437,236.02638082065624,237.1182332570701,8783500,0.016529599853138954,0.01639447304561753,1.6529599853138954,1.639447304561753
2024-11-22,242.30455017089844,242.88946471506705,236.9232500873834,237.48867789284088,7997300,0.015484541645353067,0.015365879515107038,1.5484541645353067,1.5365879515107037
2024-11-25,244.0008087158203,247.91979996530333,242.80171981779378,243.3184010045602,10295400,0.007000522869774928,0.006976132971419464,0.7000522869774928,0.6976132971419464
2024-11-26,243.6888885498047,244.69300606994224,242.0998415590315,244.19582643266398,6212100,-0.0012783570991311555,-0.0012791748945983296,-0.12783570991311555,-0.12791748945983294
2024-11-27,243.5133819580078,244.8782123088469,242.51902277247098,243.08445057669923,5472300,-0.0007202076091418208,-0.0007204670832329103,-0.07202076091418208,-0.07204670832329103
2024-11-29,243.4451446533203,245.4436361118954,243.18192493185245,243.58162619864203,5494800,-0.00028021993756077723,-0.0002802592065036123,-0.028021993756077723,-0.028025920650361233
2024-12-02,240.06234741210938,243.96183731931117,238.87300180038295,243.27942956062554,8899700,-0.013895521498398455,-0.013992968023904621,-1.3895521498398455,-1.3992968023904622
2024-12-03,238.66827392578125,242.7822218687173,238.4830457852067,241.9925775855291,6657700,-0.005807130944758043,-0.0058240578928097225,-0.5807130944758043,-0.5824057892809722
2024-12-04,237.283935546875,239.1849486218614,236.14333662710655,238.5512726384085,7346300,-0.00580026140942691,-0.005817148256046092,-0.580026140942691,-0.5817148256046092
2024-12-05,239.3116912841797,240.96897151858755,238.47330035966178,239.22395633141434,6572500,0.008545693296224455,0.00850938556246729,0.8545693296224455,0.8509385562467289
2024-12-06,241.1444549560547,241.5149112550535,238.6877721646976,239.52616308454475,5519700,0.007658479458484191,0.007629302179053006,0.7658479458484191,0.7629302179053006
2024-12-09,237.6836395263672,241.64161912465175,237.63489293086974,240.92022306263036,7076500,-0.014351627659521249,-0.014455608328000812,-1.4351627659521249,-1.4455608328000813
2024-12-10,236.75750732421875,241.7293624233379,236.13358959465697,237.76162468780456,9108300,-0.003896491167814209,-0.0039041022670116892,-0.3896491167814209,-0.3904102267011689
2024-12-11,237.4106903076172,238.13210128714388,236.09460652918457,237.8688815563827,7884400,0.002758869151734844,0.0027550704573665223,0.2758869151734844,0.27550704573665225
2024-12-12,235.4609375,237.96636679243073,234.9832446528022,236.89400116622053,6113800,-0.008212573768649034,-0.008246482733468856,-0.8212573768649034,-0.8246482733468856
2024-12-13,233.91090393066406,236.6210482199652,233.13100297592578,235.98738706163792,10392700,-0.006582975442947725,-0.006604738790089498,-0.6582975442947725,-0.6604738790089498
2024-12-16,233.5599365234375,234.62254389276222,231.55170171524648,234.564053927533,9032000,-0.0015004320077810496,-0.0015015587831269405,-0.15004320077810496,-0.15015587831269406
2024-12-17,232.37059020996094,233.01400957609778,230.6840650914864,232.65329666609054,8083600,-0.005092253111471545,-0.005105262816949014,-0.5092253111471545,-0.5105262816949013
2024-12-18,224.58135986328125,233.06276201501683,223.76247058150787,232.99451380384923,11322400,-0.03352072368384329,-0.034095422554160135,-3.352072368384329,-3.4095422554160133
2024-12-19,227.10629272460938,230.42085310777966,226.433628353376,226.433628353376,11790800,0.011242842517585672,0.011180111508987865,1.1242842517585672,1.1180111508987864
2024-12-20,231.62969970703125,233.19924494408565,225.77070677147742,226.09241646451787,32348400,0.01991757660324711,0.019721816779379335,1.9917576603247111,1.9721816779379335
2024-12-23,232.3998565673828,232.62407307909908,228.97805941972783,230.1381600842092,8611500,0.0033249486629982616,0.0033194332434688554,0.33249486629982616,0.33194332434688556
2024-12-24,236.22134399414062,236.3968287725742,233.06276673606905,233.41370654218963,3729100,0.016443587716457042,0.01630985595646048,1.6443587716457042,1.630985595646048
2024-12-26,237.03050231933594,237.14748226082733,234.73954596263567,235.36346377621322,4451800,0.0034254242716331706,0.0034195708690290647,0.34254242716331706,0.3419570869029065
2024-12-27,235.11000061035156,237.27421876483717,234.0083899178738,236.62105597051928,5730200,-0.00810233995284293,-0.008135342294210549,-0.810233995284293,-0.8135342294210548
2024-12-30,233.30650329589844,234.7882988456852,231.15202843841487,232.77032042409263,5723800,-0.00767086601918765,-0.007700438439716993,-0.767086601918765,-0.7700438439716993
2024-12-31,233.6866912841797,235.37321652793784,233.02377025532832,234.01814436091854,4871000,0.0016295644695298872,0.0016282381700145928,0.16295644695298872,0.1628238170014593
2025-01-02,233.96937561035156,237.1669558869966,233.43319281617005,234.86625643181324,9220900,0.0012096723378574037,0.0012089412737808487,0.12096723378574037,0.12089412737808487
2025-01-03,237.16697692871094,238.72677885464952,234.2228578593043,237.7616497394955,9491100,0.013666751514029851,0.013574203730530893,1.3666751514029851,1.3574203730530892
2025-01-06,236.01068115234375,240.7534289353331,235.7461019925236,238.80340800929375,9917800,-0.004875450163176587,-0.00488737394197,-0.4875450163176587,-0.48873739419699996
2025-01-07,238.28407287597656,240.33207568651432,236.05967896405963,237.27476948313932,8753400,0.009632579816018394,0.009586482307935653,0.9632579816018394,0.9586482307935653
2025-01-08,238.24488830566406,239.34237979679384,235.66772708752882,237.87251871308783,8675300,-0.00016444477316324146,-0.00016445829568744442,-0.016444477316324146,-0.016445829568744443
2025-01-10,235.05035400390625,238.91119107182027,233.9430689471917,238.2056566354401,10256800,-0.013408616337905577,-0.01349932358563176,-1.3408616337905577,-1.3499323585631762
2025-01-13,239.30316162109375,239.62651786311784,234.1978381518702,234.85437423024973,10005300,0.018093176822515433,0.01793144323498244,1.8093176822515433,1.793144323498244
2025-01-14,242.4976806640625,242.7426575092032,237.3237708908667,237.78432855590725,12407400,0.013349255485503697,0.013260939276746367,1.3349255485503697,1.3260939276746366
2025-01-15,247.2796173095703,248.57308719225867,238.78380771723948,245.36878608055946,18448500,0.019719514976031194,0.019527604163168174,1.9719514976031194,1.9527604163168173
2025-01-16,249.16104125976562,251.87538875346692,247.26001864512284,248.89646209375883,15292300,0.007608487794770191,0.007579689234925418,0.7608487794770191,0.7579689234925419
2025-01-17,253.9528045654297,255.38346099165068,247.0738504526759,249.03366524644733,17678100,0.0192315912689911,0.019049001498435976,1.92315912689911,1.9049001498435976
2025-01-21,257.7450256347656,258.940513781988,254.28595393160222,254.84450829070423,13712100,0.014932778851665995,0.014822382568248783,1.4932778851665995,1.4822382568248784
2025-01-22,257.5588684082031,258.08802679999536,255.0209117225283,257.6176604623576,9021900,-0.0007222534212020237,-0.0007225143718601453,-0.07222534212020237,-0.07225143718601452
2025-01-23,260.6063537597656,261.4980430710298,258.5093378209672,259.3716610143274,10749700,0.011832189551060468,0.011762736513798904,1.1832189551060468,1.1762736513798904
2025-01-24,259.5186767578125,261.73327708988035,257.7254593424451,258.3917892090209,7666300,-0.004173639614925784,-0.004182373558770465,-0.4173639614925784,-0.4182373558770465
2025-01-27,260.50836181640625,260.62594590776155,256.99049819617136,258.86212472863684,7522300,0.003813540786189229,0.0038062876737038646,0.3813540786189229,0.3806287673703865
2025-01-28,261.7724609375,261.9586158198937,259.5088474719919,260.50837209675103,7375400,0.004852432038187748,0.004840696937054331,0.48524320381877484,0.4840696937054331
2025-01-29,261.22369384765625,265.24132005031925,260.2731825014487,261.84104027619514,7684900,-0.0020963514950289586,-0.0020985519155987805,-0.20963514950289586,-0.20985519155987806
2025-01-30,262.8405456542969,264.28101058042995,261.2628793521523,263.2325025931336,8753500,0.006189529681727812,0.006170453218642439,0.6189529681727812,0.6170453218642439
2025-01-31,261.9292297363281,265.3785228398926,261.59606481689747,263.8204737000256,7193800,-0.003467181654566165,-0.0034732062585075578,-0.3467181654566165,-0.3473206258507558
2025-02-03,261.44903564453125,262.7817249766467,256.4417242448514,256.5690870601881,8381400,-0.001833297079063212,-0.001834979624871948,-0.1833297079063212,-0.1834979624871948
2025-02-04,262.5563659667969,264.4181838673514,261.4686533068301,264.4181838673514,5626000,0.004235358220143315,0.004226414335327768,0.4235358220143315,0.4226414335327768
2025-02-05,264.9963073730469,265.2021094243298,262.93849619098734,263.5068591358702,5704400,0.009293019414195358,0.009250104974214916,0.9293019414195358,0.9250104974214916
2025-02-06,271.33636474609375,271.4147740879296,265.7411016247397,266.9757945712375,7264400,0.023925078186548765,0.023643358107117412,2.3925078186548765,2.3643358107117414
2025-02-07,270.2584228515625,272.953167941253,269.1903274772675,271.6988877865912,6857900,-0.00397271444076408,-0.003980626632983707,-0.397271444076408,-0.3980626632983707
2025-02-10,265.5941162109375,270.63082481312006,264.1732384863203,270.6014287866163,8627400,-0.017258691112790325,-0.017409358385302123,-1.7258691112790325,-1.7409358385302123
2025-02-11,269.4646911621094,270.6699878722711,264.2417985602018,264.8297489042904,7196400,0.014573270697374241,0.014468101132988265,1.457327069737424,1.4468101132988265
2025-02-12,269.9154968261719,270.8954041954382,267.75968865202606,268.57299861058124,6683900,0.001672967475324194,0.0016715696240600898,0.1672967475324194,0.16715696240600897
2025-02-13,270.7679748535156,271.4049085765656,268.3083981197057,269.96444374227315,8398700,0.0031583144997886503,0.003153337501080217,0.31583144997886503,0.31533375010802167
2025-02-14,271.0325622558594,273.6195319367328,270.8953907812424,271.79688876986324,5688600,0.0009771739161061888,0.0009766967924715792,0.09771739161061888,0.09766967924715793
2025-02-18,274.3250732421875,274.34466062350725,270.47401464832495,271.19916641874227,7919800,0.012148027376946535,0.012074832280158808,1.2148027376946535,1.207483228015881
2025-02-19,273.6391296386719,274.61903699637526,271.64991889871,272.7866150221738,7007200,-0.0025004772455125,-0.002503608659849525,-0.25004772455125,-0.2503608659849525
2025-02-20,261.43927001953125,273.1393662156936,260.40057061690504,273.0805741668203,13846700,-0.04458375392163394,-0.04560817369276126,-4.4583753921633935,-4.560817369276126
2025-02-21,258.93072509765625,263.79108739460094,257.5588607010997,262.92876408693655,12835600,-0.009595134356394142,-0.009641464257324464,-0.9595134356394142,-0.9641464257324465
2025-02-24,256.0889587402344,261.63523739871215,253.4138011652941,260.1555678724812,10372800,-0.010975006370333551,-0.01103567606128839,-1.097500637033355,-1.103567606128839
2025-02-25,252.22813415527344,257.715621040436,248.25952153447065,256.9611031816803,9608400,-0.015076107161953844,-0.015190906949499101,-1.5076107161953844,-1.5190906949499101
2025-02-26,253.59024047851562,255.66763934952937,251.76759719255062,251.99298665663235,5943600,0.0054002949663167765,0.005385765658348467,0.5400294966316777,0.5385765658348467
2025-02-27,253.844970703125,258.34277146574925,252.67887863939237,254.9522707219969,8204400,0.001004495378563064,0.0010039912106749157,0.10044953785630639,0.10039912106749158
2025-02-28,259.3324890136719,259.48927778715796,252.70833528418996,255.49126872866591,10467100,0.021617597131615485,0.021387250657943963,2.1617597131615485,2.138725065794396
2025-03-03,255.3834686279297,260.9689529189513,252.63973979636904,258.6955605131431,9058300,-0.015227634612082874,-0.015344765647047143,-1.5227634612082874,-1.5344765647047143
2025-03-04,245.2218017578125,252.06156547552163,241.0081973785272,250.15073427928613,13465600,-0.039789838099982155,-0.04060309983359328,-3.9789838099982155,-4.060309983359328
2025-03-05,246.47608947753906,247.96555280550595,242.85043534758472,246.20171662136084,7861400,0.005114911116122167,0.005101874393812963,0.5114911116122167,0.5101874393812963
2025-03-06,241.5863494873047,244.3496953684526,238.950411297504,243.12481119110677,9983200,-0.019838597734162633,-0.020038024688817987,-1.9838597734162633,-2.0038024688817986
2025-03-07,237.41195678710938,241.76274790921943,234.60942110633937,240.30268054279244,20498700,-0.01727909175768505,-0.017430117517396,-1.727909175768505,-1.7430117517396
2025-03-10,227.5540771484375,232.73778024903012,224.10479922419384,231.46391270541537,18887200,-0.04152225427934775,-0.04240893458480475,-4.152225427934775,-4.240893458480475
2025-03-11,224.5359649658203,228.63198537977485,222.13519499810542,227.09352369484046,18143000,-0.013263274472768205,-0.013352017250994996,-1.3263274472768205,-1.3352017250994996
2025-03-12,223.3208770751953,229.6118953635389,222.69373697492486,229.29831783730396,16054000,-0.005411551288943661,-0.005426246773510285,-0.5411551288943661,-0.5426246773510285
2025-03-13,220.66534423828125,224.88874263351286,219.72462657901622,224.69276414889097,16467900,-0.0118911087565714,-0.011962373498226618,-1.18911087565714,-1.1962373498226617
2025-03-14,227.7696533203125,228.45558543419895,223.00730328361723,223.53644664227286,11962100,0.032194947088564074,0.031687551437194546,3.2194947088564074,3.1687551437194545
2025-03-17,229.22972106933594,230.93476525496936,225.8294562932561,226.53497583495994,9586000,0.006410282176485316,0.006389823700883481,0.6410282176485316,0.6389823700883481
2025-03-18,230.24880981445312,231.42469553466563,228.82794727952142,229.6118760770625,10344900,0.004445709484630633,0.00443585650973589,0.44457094846306333,0.443585650973589
2025-03-19,234.30563354492188,237.46093622614148,230.1704235702104,231.00335075055796,10120600,0.01761930380329857,0.017465883356280555,1.761930380329857,1.7465883356280556
2025-03-20,234.20762634277344,236.90237127915813,231.45408936376478,231.8068565717067,8328500,-0.00041828786045661204,-0.00041837536722657854,-0.041828786045661204,-0.04183753672265785
2025-03-21,236.77500915527344,237.43154526163565,231.7480798478655,233.03175603733484,19326900,0.010961994929842733,0.010902347768789197,1.0961994929842733,1.0902347768789198
2025-03-24,243.0758056640625,243.69315205594,239.49914995258575,240.54764300232483,9422700,0.02661090176394887,0.02626299037849471,2.661090176394887,2.626299037849471
2025-03-25,246.08413696289062,246.76027542501896,242.64465260375079,244.30069841338116,9287700,0.012376103374869496,0.012300145473934513,1.2376103374869496,1.2300145473934514
2025-03-26,245.98614501953125,249.55300723554984,244.76126081139026,247.52460676201224,12779300,-0.00039820503901133453,-0.00039828434369159585,-0.03982050390113345,-0.03982843436915959
2025-03-27,243.13461303710938,245.60398380808363,242.21349771249677,244.5162860240283,8022500,-0.011592246312065568,-0.011659960212155976,-1.1592246312065568,-1.1659960212155975
2025-03-28,237.9705047607422,244.49667631604888,236.2654605973164,241.97832221404934,11978400,-0.02123970837331579,-0.021468516660443745,-2.123970837331579,-2.1468516660443746
2025-03-31,240.3712615966797,240.92000728757085,232.59079530977615,234.59960824780165,13603000,0.010088463855431273,0.010037914993239836,1.0088463855431273,1.0037914993239836
2025-04-01,238.76422119140625,240.7534318549276,236.04008003784892,237.74510920532492,8054700,-0.006685659486074136,-0.006708108621585742,-0.6685659486074136,-0.6708108621585742
2025-04-02,240.88084411621094,242.28210452040526,236.6084472564082,236.7456336942468,7758800,0.00886490829422848,0.008825845682599903,0.886490829422848,0.8825845682599902
2025-04-03,224.09500122070312,230.41540026989287,222.73293068156858,229.56288570971617,17188500,-0.06968525437169937,-0.0722323139319713,-6.968525437169937,-7.22323139319713
2025-04-04,207.32411193847656,214.63980786720018,205.9930827481223,212.2834044818624,27170700,-0.07483830157241889,-0.0777867476361456,-7.483830157241888,-7.77867476361456
2025-04-07,211.42564392089844,218.92867162545016,199.318263676067,202.87751892186455,22914400,0.01978318847756122,0.019590044385917466,1.978318847756122,1.9590044385917467
2025-04-08,213.8214569091797,224.63725299032382,210.25234800804796,220.37798698735673,19485700,0.011331704819958377,0.01126798199321487,1.1331704819958377,1.126798199321487
2025-04-09,231.0458984375,234.14175911605213,208.03399049311142,209.51290511747,24022400,0.08055525286050402,0.07747503203915483,8.055525286050402,7.747503203915483
2025-04-10,223.9175262451172,227.11198713675623,217.0060708942117,226.76690105221883,18896400,-0.03085262383184484,-0.03133858766722447,-3.085262383184484,-3.1338587667224473
2025-04-11,232.87974548339844,235.22629475740231,221.83718632835738,223.12876931722607,20284500,0.040024643843512786,0.03924440887591312,4.002464384351279,3.924440887591312
2025-04-14,231.42056274414062,236.4094323607213,230.34588838919925,233.76711210699779,13017800,-0.0062658207403522015,-0.006285533382187642,-0.6265820740352201,-0.6285533382187642
2025-04-15,229.85292053222656,235.29531563163073,229.54728057723042,232.7811727531539,10912900,-0.00677399706113091,-0.006797044721379679,-0.677399706113091,-0.6797044721379679
2025-04-16,226.3824005126953,230.29659590484752,224.72600824712578,228.73880396905287,9322300,-0.015098872842229882,-0.015214021368339308,-1.5098872842229882,-1.5214021368339308
2025-04-17,228.69937133789062,231.04590571903626,227.30918793654973,227.5556737150443,9557900,0.010234765688269087,0.010182745118394206,1.0234765688269087,1.0182745118394205
2025-04-21,225.7711181640625,228.55146991109476,223.15835989610855,227.38806426261334,8716200,-0.012803940634807387,-0.012886617567918446,-1.2803940634807387,-1.2886617567918446
2025-04-22,232.27833557128906,232.6727218450888,228.1176544095649,228.71908031334866,10701400,0.028822187089926787,0.02841464025810645,2.8822187089926787,2.841464025810645
2025-04-23,237.4939727783203,243.32088491933087,236.6263380579327,236.84324673802962,14126800,0.022454255986479987,0.022205870512536002,2.2454255986479987,2.2205870512536
2025-04-24,241.20111083984375,242.01944538917732,234.2403552074537,236.36999583866177,9055200,0.015609398496119864,0.015488824937232982,1.5609398496119864,1.5488824937232981
2025-04-25,240.12644958496094,242.167344017777,238.35174896231777,241.21097798902758,8588600,-0.00445545731999708,-0.004465412450740737,-0.44554573199970804,-0.44654124507407367
2025-04-28,239.8010711669922,243.37018021379762,237.45452188068074,241.12223125075698,7394300,-0.0013550294793894802,-0.0013559483620036402,-0.13550294793894802,-0.13559483620036403
2025-04-29,241.18138122558594,241.8025301539178,238.29257534449988,238.78554686367198,7216800,0.005756062939487494,0.005739560106485902,0.5756062939487494,0.5739560106485903
2025-04-30,241.18138122558594,241.7729530663112,235.07839141114778,237.8193268984978,12991700,0.0,0.0,0.0,0.0
2025-05-01,243.41949462890625,244.957563478491,238.76584193081504,239.42642201137784,8689600,0.009279793456473007,0.009237000708034166,0.9279793456473007,0.9237000708034167
2025-05-02,248.9604949951172,250.05489247406737,245.9533804761471,247.7280660793759,7165000,0.022763174225869598,0.022507958923455515,2.27631742258696,2.2507958923455513
2025-05-05,249.00978088378906,251.57323889927602,247.067471820398,247.64917462464473,5450700,0.00019796670420668683,0.00019794711138447458,0.019796670420668683,0.019794711138447458
2025-05-06,245.74630737304688,249.09850775479987,245.49982160837982,246.48576466704802,6369900,-0.013105804515627595,-0.013192443385589558,-1.3105804515627595,-1.3192443385589558
2025-05-07,245.88433837890625,248.90132172618286,245.33221267408402,246.33787880460858,8724100,0.0005616808949640006,0.0005615232112926244,0.056168089496400064,0.05615232112926244
2025-05-08,249.906982421875,252.2831087481577,248.01397359895375,248.03369667206766,8320100,0.016359903479374438,0.01622752213768034,1.6359903479374438,1.6227522137680341
2025-05-09,249.52249145507812,251.91832606188873,248.7928881161782,250.92252890731987,5087600,-0.0015385363108735284,-0.0015397210732193227,-0.15385363108735284,-0.15397210732193228
2025-05-12,256.39447021484375,259.8945859876247,255.0634712092411,259.20441383845855,9603900,0.02754051837047644,0.027168100547958707,2.754051837047644,2.7168100547958707
2025-05-13,259.31292724609375,259.96365336015776,256.72976091028096,257.3607489039017,8589000,0.011382683209994804,0.011318387913446516,1.1382683209994804,1.1318387913446515
2025-05-14,261.90594482421875,262.8918879441619,258.60302935469,259.30304054504273,8643100,0.009999569268153596,0.009949904385902488,0.9999569268153596,0.9949904385902488
2025-05-15,263.7298889160156,265.7313520440172,261.03828372684393,263.217209377267,9214600,0.00696411871452951,0.0069399812391618965,0.696411871452951,0.6939981239161896
2025-05-16,263.7989196777344,264.6862624037603,260.9889759714906,263.7397655019056,8932900,0.00026174796494427,0.0002617137149221458,0.026174796494427,0.02617137149221458
2025-05-19,261.1566162109375,264.5482629218792,258.2480719963219,261.817181246086,12145000,-0.010016354388504678,-0.010066855574299437,-1.0016354388504678,-1.0066855574299438
2025-05-20,261.9453430175781,262.9115780411088,258.6128506853088,258.8297593604445,8436300,0.003020129522598669,0.003015578093067183,0.3020129522598669,0.30155780930671827
2025-05-21,257.3705749511719,261.91575784118834,257.06493502136397,260.6340439477094,7464000,-0.01746459018398827,-0.017618895362962097,-1.7464590183988271,-1.7618895362962097
2025-05-22,257.00579833984375,258.6128603010642,255.2310827258566,255.79307750804895,6514100,-0.00141732057519528,-0.0014183259240484075,-0.141732057519528,-0.14183259240484075
2025-05-23,257.04522705078125,258.30723306371834,252.40144329619352,253.20005483078515,6671800,0.00015341564739856928,0.0001534038804216128,0.015341564739856928,0.01534038804216128
2025-05-27,261.56085205078125,261.5706910214846,258.30722178470336,258.35653699260183,7506600,0.01756743376179437,0.017414910105956128,1.756743376179437,1.7414910105956127
2025-05-28,259.7861328125,262.9707397963694,259.20443000527837,262.49747628554394,5535400,-0.006785110326589239,-0.0068082338440963695,-0.6785110326589239,-0.680823384409637
2025-05-29,260.6537780761719,261.6791673467857,258.83964634422205,261.0777263969251,5081200,0.0033398444107795022,0.0033342795175779426,0.3339844410779502,0.33342795175779427
2025-05-30,260.28900146484375,261.6002926650584,259.03686444878326,259.7467447472313,10977700,-0.001399467960988221,-0.0014004481308594195,-0.1399467960988221,-0.14004481308594197
2025-06-02,260.939697265625,261.3044913883967,258.21848475626587,259.3227361836595,6011200,0.0024998974106447136,0.0024967778650604802,0.24998974106447136,0.24967778650604802
2025-06-03,262.52703857421875,262.83267850504353,259.184707363763,260.02276495317653,6998400,0.006083172952323634,0.0060647451509794476,0.6083172952323634,0.6064745150979447
2025-06-04,260.5058898925781,263.3651188956681,260.4664437433463,262.182005216077,5915700,-0.007698821015227453,-0.007728609929247333,-0.7698821015227453,-0.7728609929247333
2025-06-05,258.267822265625,261.0185820125706,256.6508610440278,261.0185820125706,8173800,-0.008591236182322048,-0.008628353594430123,-0.8591236182322048,-0.8628353594430124
2025-06-06,261.99462890625,262.9016795636139,260.54529157743144,260.6142847160679,7738100,0.014430007609666617,0.014326885897431587,1.4430007609666617,1.4326885897431587
2025-06-09,262.9904479980469,264.13414558351,259.6481165969787,262.26085974590114,8285000,0.0038009141483323905,0.003793708926000619,0.38009141483323905,0.3793708926000619
2025-06-10,264.8243103027344,265.12008118347507,262.1129669044328,262.14254399250694,7538100,0.006973113733397263,0.006948914008984994,0.6973113733397263,0.6948914008984994
2025-06-11,264.3806457519531,265.8299833646017,262.05383439482847,264.9031944101953,7434100,-0.0016753165533559544,-0.001676721465467199,-0.16753165533559544,-0.1676721465467199
2025-06-12,264.4693603515625,264.51867555838396,261.41296089523235,263.108754096244,6618000,0.00033555633150461617,0.00033550004506997073,0.03355563315046162,0.03355000450699707
2025-06-13,261.22564697265625,263.2665264050775,259.01711387885933,261.3537943064321,7098300,-0.012264987424608798,-0.012340823103255794,-1.2264987424608798,-1.2340823103255794
2025-06-16,266.5595397949219,267.91030700344754,263.0989002634007,263.2467856983216,8566000,0.020418718009047376,0.02021305091289071,2.0418718009047376,2.021305091289071
2025-06-17,265.73138427734375,266.78635065847226,264.03556087289496,264.4003851091389,6739300,-0.0031068312851052493,-0.003111667504899311,-0.31068312851052493,-0.3111667504899311
2025-06-18,270.10894775390625,273.81610322556173,265.92855887810333,266.20462172672063,9586400,0.016473641186445676,0.016339422797218714,1.6473641186445676,1.6339422797218714
2025-06-20,271.1343688964844,273.40202612817967,269.9610941294445,271.6963637187332,13969700,0.0037963242280754095,0.0037891363751231324,0.37963242280754095,0.3789136375123132
2025-06-23,274.3583679199219,274.63443077664516,268.2849549834157,271.1934990823813,8094600,0.011890779603335178,0.011820639747773226,1.1890779603335178,1.1820639747773227
2025-06-24,277.30633544921875,278.7359347339012,275.58093521389725,276.2710772548705,9267900,0.010744952128295626,0.010687635342048253,1.0744952128295626,1.0687635342048254
2025-06-25,280.06695556640625,280.2838642217353,276.96124125174225,277.5429439890813,6826900,0.00995512818960842,0.009905902331194748,0.995512818960842,0.9905902331194748
2025-06-26,284.6910705566406,285.3417966142587,280.47123528578646,280.6980130310247,8942100,0.016510748227624994,0.01637592779093796,1.6510748227624994,1.6375927790937959
2025-06-27,283.0741271972656,284.6418033050154,281.03324771639046,281.7924131203027,17868600,-0.005679641993032947,-0.00569583249288304,-0.5679641993032947,-0.569583249288304
2025-06-30,285.83477783203125,288.5362523931413,284.8587037568908,286.3178803397518,12689200,0.009752394759983796,0.009705147095100522,0.9752394759983796,0.9705147095100521
2025-07-01,286.3277587890625,287.03763907297025,282.56144866920187,286.8010223412002,9338300,0.0017247060024339067,0.001723220404937159,0.17247060024339067,0.1723220404937159
2025-07-02,287.8954162597656,288.703896910252,285.62775892055635,287.93486241282807,8158700,0.005475045372244303,0.0054601117945434355,0.5475045372244303,0.5460111794543435
2025-07-03,293.2451171875,293.6413883261785,288.4996894270786,289.43094323142554,6541600,0.018582098309295025,0.01841156051449312,1.8582098309295025,1.841156051449312
2025-07-07,289.25262451171875,293.28475211178096,287.38020030669605,292.50209620860613,8825700,-0.0136148649773713,-0.013708397173952527,-1.36148649773713,-1.3708397173952527
2025-07-08,280.1481628417969,287.0037716436535,277.7011499441943,286.5777506799395,15440900,-0.0314758135221449,-0.03198182331541268,-3.14758135221449,-3.1981823315412683
2025-07-09,280.5246276855469,284.5270357878685,279.8509637155815,284.5072025788075,11273800,0.0013438062200057388,0.0013429041205014558,0.13438062200057388,0.13429041205014558
2025-07-10,285.5078430175781,285.6267213505897,280.3661434799506,280.3661434799506,8410900,0.017763913896419625,0.017607979539551444,1.7763913896419625,1.7607979539551444
2025-07-11,284.1901550292969,284.70533469446724,281.0100392381615,282.86263015148194,7384700,-0.004615242700005684,-0.004625925815382338,-0.4615242700005684,-0.46259258153823385
2025-07-14,286.0130920410156,286.60748367671823,282.6051055730771,284.39825755240173,9079900,0.006414497404144237,0.006394012071080122,0.6414497404144237,0.6394012071080122
2025-07-15,283.8830871582031,289.23285392385833,282.82306855064246,285.3196042033426,12526100,-0.007447228613251866,-0.007475097671304174,-0.7447228613251866,-0.7475097671304174
2025-07-16,283.1598815917969,288.0241878683028,280.3760366699049,285.7158562387447,9979800,-0.0025475472091199824,-0.0025507977292539142,-0.25475472091199824,-0.2550797729253914
2025-07-17,287.201904296875,287.5981754634707,280.8020357673763,280.8020357673763,8509500,0.014274701212458885,0.014173776973460785,1.4274701212458885,1.4173776973460785
2025-07-18,288.55914306640625,289.7777063567027,285.54745807447995,286.825430293332,12217000,0.004725730398111416,0.004714599189166175,0.4725730398111416,0.4714599189166175
2025-07-21,288.261962890625,291.4420791700386,287.8755780824213,288.29168247329045,7898100,-0.0010298761377762755,-0.0010304068245982735,-0.10298761377762755,-0.10304068245982735
2025-07-22,288.7176513671875,290.89718804274116,286.4885921354602,288.7870071326712,6717500,0.001580813757017907,0.001579565586194651,0.1580813757017907,0.1579565586194651
2025-07-23,293.9980773925781,294.2259174432094,289.82723790945846,290.11454735759395,7083500,0.018289238639846994,0.01812400217327288,1.8289238639846994,1.812400217327288
2025-07-24,293.78997802734375,296.80169301766455,293.443259686642,294.6519062776982,7001200,-0.0007078255989970694,-0.0007080762258100619,-0.07078255989970694,-0.07080762258100619
2025-07-25,295.8407287597656,296.1181215809882,293.20548184137607,293.9386151952536,5918500,0.006980329098329685,0.006956079383098418,0.6980329098329685,0.6956079383098418
2025-07-28,295.50390625,296.64319715105114,294.05750293823644,294.8896814285751,5840400,-0.0011385265009914436,-0.0011391751146441324,-0.11385265009914436,-0.11391751146441324
2025-07-29,294.2754821777344,298.4859277853207,293.4433036150849,297.2079252413877,7635700,-0.0041570485069201135,-0.004165713054029938,-0.41570485069201135,-0.4165713054029938
2025-07-30,296.8413391113281,297.8121988713861,294.6122799312847,294.65191611543503,8061700,0.008719234489416472,0.008681441489509683,0.8719234489416472,0.8681441489509683
2025-07-31,293.4828796386719,298.17878493737805,292.7497765059144,296.3559134765009,14749700,-0.01131398841788911,-0.011378478472744698,-1.131398841788911,-1.1378478472744697
2025-08-01,286.6768493652344,289.0842262737886,281.5945890692511,287.6972620199026,12007100,-0.023190552995176028,-0.023463684851549708,-2.319055299517603,-2.346368485154971
2025-08-04,291.5213317871094,291.5807709484115,287.5585597880286,287.5585597880286,6649500,0.01689875702416055,0.01675756149555348,1.689875702416055,1.6757561495553481
2025-08-05,288.658203125,293.03707931410463,284.56663635989554,291.9473110106125,7182300,-0.009821335010229193,-0.009869882449559168,-0.9821335010229193,-0.9869882449559167
2025-08-06,288.638427734375,290.5603746805144,287.45950057977757,289.5795679968632,6330200,-6.850798075686004e-05,-6.85103275357564e-05,-0.006850798075686004,-0.00685103275357564
2025-08-07,284.26947021484375,290.72877810831733,283.7444041002437,290.21362859909465,8057100,-0.015136437493180499,-0.015252162625670473,-1.51364374931805,-1.5252162625670473
2025-08-08,286.072509765625,288.5195225943897,282.0601851240125,286.2904634268994,6634100,0.006342712600894362,0.006322682252537197,0.6342712600894362,0.6322682252537197
2025-08-11,286.86505126953125,288.6086805550258,286.0923119695598,286.70653676779995,5510100,0.002770421752707364,0.00276659120754957,0.2770421752707364,0.276659120754957
2025-08-12,290.12445068359375,292.00676133420325,287.6378015823982,288.78700908878795,8570900,0.011362134912000998,0.011298070671439103,1.1362134912000998,1.1298070671439102
2025-08-13,287.8260498046875,291.808624970505,284.48741907286416,291.21423332900423,8420400,-0.00792212057098507,-0.007953667289889544,-0.792212057098507,-0.7953667289889544
2025-08-14,291.4222412109375,291.46187739425125,286.9443199700671,287.8755435263192,6322400,0.012494322208466802,0.01241691228749254,1.2494322208466802,1.241691228749254
2025-08-15,287.7864074707031,292.7497892060912,287.1226600740198,292.0959281808534,7340500,-0.012476171088131482,-0.012554651954332682,-1.2476171088131482,-1.2554651954332683
2025-08-18,288.8167419433594,289.1832935323159,285.7257844830691,287.30098279519575,5386900,0.0035802054784714876,0.0035738117987512657,0.35802054784714876,0.3573811798751266
2025-08-19,287.954833984375,289.7579025190641,286.83534604543564,288.12323486532705,6031500,-0.0029842728409192887,-0.0029887346621862666,-0.29842728409192887,-0.29887346621862665
2025-08-20,289.5201416015625,290.59999345153756,284.59639568977303,288.1034577259254,7374200,0.005435948393463841,0.005421226951895901,0.5435948393463841,0.5421226951895901
2025-08-21,288.7572937011719,290.04518252461884,286.77590767522184,289.2229206266122,6624000,-0.002634869878726631,-0.0026383472580032517,-0.2634869878726631,-0.2638347258003252
2025-08-22,293.4828796386719,294.3943304858857,287.42976002403793,290.4711947382056,8552800,0.01636525220516294,0.01623278475350772,1.636525220516294,1.623278475350772
2025-08-25,292.1553649902344,294.58257497799383,291.4024588552954,293.4828900064588,5856300,-0.004523312058515638,-0.004533573189060587,-0.45233120585156383,-0.4533573189060587
2025-08-26,295.7912292480469,295.9596301346493,290.7684082615478,291.42226929827126,6714700,0.012444968306277726,0.012368166231321837,1.2444968306277726,1.2368166231321838
2025-08-27,296.4945983886719,298.2679473154416,294.2754557542009,294.48349281779485,6056500,0.0023779242623693797,0.0023751014745021404,0.23779242623693797,0.23751014745021404
2025-08-28,298.2679748535156,298.43637574745594,295.92003707552567,297.2277289724018,6410500,0.00598114257217941,0.0059633265437863845,0.598114257217941,0.5963326543786385
2025-08-29,298.61468505859375,300.1304440767961,296.9404115388967,299.228909855917,6796400,0.0011624117716573235,0.0011617366941885662,0.11624117716573235,0.11617366941885662
2025-09-02,296.91070556640625,297.6636116910732,291.75908984916356,297.4654912302876,7221900,-0.005706281631304044,-0.005722624657928198,-0.5706281631304044,-0.5722624657928198
2025-09-03,296.72247314453125,297.77260531660534,293.62159918539595,297.77260531660534,6316900,-0.0006339698042073794,-0.0006341708480386723,-0.06339698042073794,-0.06341708480386722
2025-09-04,300.99237060546875,301.5966788556673,295.50392262669186,297.2079158871201,6605800,0.014390205823263225,0.014287649511531083,1.4390205823263225,1.4287649511531082
2025-09-05,291.64019775390625,302.3099500253114,291.57084199080845,300.82391058861464,9837700,-0.03107112925404021,-0.03156407458856629,-3.107112925404021,-3.156407458856629
2025-09-08,290.1838684082031,293.7008161999689,288.7275485985168,292.1454512845812,8188500,-0.004993582355653281,-0.00500609195052896,-0.4993582355653281,-0.500609195052896
2025-09-09,295.0779113769531,296.21720226202,289.58946377934626,289.8767732101451,7848200,0.016865317137014335,0.01672467676956773,1.6865317137014335,1.672467676956773
2025-09-10,297.7428894042969,298.73358242665296,292.6507127572817,293.93863182647567,7787300,0.009031438561117211,0.008990899023943533,0.9031438561117211,0.8990899023943533
2025-09-11,302.7161560058594,302.88458712159553,297.99056119650595,298.43635491424595,7942500,0.01670322542886815,0.01656526074291643,1.6703225428868151,1.6565260742916432
2025-09-12,304.0535888671875,304.6876166586702,300.8734728380468,302.1613616302637,6846700,0.004418108630126261,0.004408377439967973,0.44181086301262606,0.4408377439967973
2025-09-15,306.0250549316406,307.0653006989229,304.31117542875756,304.31117542875756,7122000,0.006483942754296201,0.006463012422805816,0.6483942754296201,0.6463012422805816
2025-09-16,306.3123779296875,308.00645453212775,304.271552722793,307.11483685892506,10525600,0.0009388871708921886,0.000938446692017438,0.09388871708921886,0.09384466920174381
2025-09-17,308.8485412597656,309.99774876224666,305.89626524993236,307.50121329837117,8657800,0.008279663222294786,0.00824557484170981,0.8279663222294786,0.824557484170981
2025-09-18,310.3147888183594,310.5228258893637,306.7284546518725,308.8881884357977,8050700,0.004747464736641005,0.004736231066200473,0.4747464736641005,0.47362310662004725
2025-09-19,311.850341796875,312.8608377743073,306.2430157804659,310.6813313111796,23568600,0.0049483718915326325,0.00493616893928477,0.49483718915326325,0.493616893928477
2025-09-22,309.5321350097656,310.78041791156915,306.6789342248159,306.9166908790444,7520200,-0.007433715716814393,-0.007461483478846461,-0.7433715716814393,-0.7461483478846461
2025-09-23,309.8293151855469,313.3660964063979,307.68941470486936,308.9178945679837,8584400,0.0009600947435453033,0.0009596341473740784,0.09600947435453033,0.09596341473740784
2025-09-24,310.5030212402344,313.633584594132,308.76930844625,311.12713244988527,7310500,0.0021744425774690157,0.002172081898695239,0.21744425774690157,0.2172081898695239
2025-09-25,310.5327453613281,312.7122519083539,308.8980776591185,311.1964927670822,7083200,9.572892712927938e-05,9.572434540793457e-05,0.009572892712927938,0.009572434540793458
2025-09-26,313.1184387207031,314.8521515347066,310.78041766649494,311.96923117025176,7258100,0.008326636717059799,0.008292161520304358,0.8326636717059799,0.8292161520304357
2025-09-29,312.75189208984375,315.0503072271631,310.74078640307744,314.1091367340854,6462400,-0.0011706325323955769,-0.001171318257865796,-0.11706325323955769,-0.1171318257865796
2025-09-30,312.4942932128906,314.45587628391564,307.22379907069933,313.3066687483855,11823300,-0.0008236524972936587,-0.0008239918853831696,-0.08236524972936587,-0.08239918853831696
2025-10-01,307.8182067871094,311.66210037984325,304.54893205251216,311.0478755707353,9235200,-0.014963749826290784,-0.015076836280421382,-1.4963749826290784,-1.5076836280421382
2025-10-02,304.6876220703125,307.66961769475733,303.29077153660535,307.11483202977473,7600000,-0.010170238951986432,-0.010222309177425901,-1.0170238951986432,-1.0222309177425901
2025-10-03,307.14453125,308.7593655809934,305.34146284155645,305.63868886394835,6029900,0.008063698692428511,0.008031360799824565,0.8063698692428511,0.8031360799824565
2025-10-06,307.7916259765625,310.3500927332471,303.759824574425,308.78713549615594,7214500,0.0021068085566393613,0.002104592347698286,0.21068085566393613,0.2104592347698286
2025-10-07,306.3083190917969,308.617908412618,303.3317554221121,307.96086849994276,8454200,-0.004819191815434776,-0.004830841563629099,-0.48191918154347757,-0.4830841563629099
2025-10-08,302.6647644042969,307.3934347220047,302.1869088878288,306.82598699255016,6489900,-0.011895056256725711,-0.011966368511402248,-1.1895056256725711,-1.1966368511402248
2025-10-09,304.15802001953125,306.65675861669814,302.0276454614978,303.68016451672463,7060300,0.0049336949352971615,0.004921564145821536,0.49336949352971615,0.4921564145821536
2025-10-10,299.53887939453125,309.07584739868366,299.45922161840923,304.28744895257694,8597400,-0.0151866474693102,-0.015303145582070327,-1.51866474693102,-1.5303145582070328
2025-10-13,306.5870666503906,308.0703661064548,304.0783936087615,304.2277139599526,10788700,0.02353012493772466,0.023257558942261253,2.353012493772466,2.325755894226125
2025-10-14,300.7235107421875,305.62143108333873,292.8888554642275,304.46663636257074,16178800,-0.019125255257063656,-0.01931050876857329,-1.9125255257063656,-1.931050876857329
2025-10-15,304.3172912597656,310.71840983834574,304.0684138931284,305.014160038565,11354800,0.011950447468203063,0.011879604714082873,1.1950447468203063,1.1879604714082872
2025-10-16,297.19940185546875,307.29385195347595,295.73600173818085,303.97881882847634,10549400,-0.023389697558200973,-0.02366757811491133,-2.3389697558200973,-2.3667578114911327
2025-10-17,296.22381591796875,298.2048701782948,292.878918450451,297.8166372560658,10153500,-0.003282597244170904,-0.0032879967860902693,-0.3282597244170904,-0.3287996786090269
2025-10-20,301.0022277832031,302.3262723870789,296.8211062511852,297.15957582421487,6894900,0.016131086052033172,0.016002362538462916,1.6131086052033172,1.6002362538462915
2025-10-21,295.75592041015625,302.6846581805869,295.66632819879106,300.3054062195614,7372700,-0.017429463601264517,-0.01758314504344863,-1.7429463601264517,-1.7583145043448631
2025-10-22,292.7892761230469,296.7215506882625,289.2353303984808,296.43284443493457,8054100,-0.010030718178000386,-0.010081364797520798,-1.0030718178000386,-1.0081364797520798
2025-10-23,293.2173767089844,295.0391457269973,291.1964936387067,293.05809154328034,5438800,0.0014621457165582274,0.0014610778223279168,0.14621457165582274,0.14610778223279167
2025-10-24,299.09088134765625,301.24118554737896,294.1232985857486,294.7504440610291,7228300,0.02003122974700533,0.019833244226501553,2.003122974700533,1.9833244226501554
2025-10-27,302.7842102050781,303.1625086782835,299.6583261537955,300.80315600970596,5642200,0.012348517082100052,0.012272896047032276,1.2348517082100052,1.2272896047032276
2025-10-28,303.98876953125,306.58706515142967,301.7986668365627,303.4910147760203,6336000,0.0039782765599170045,0.003970384142943574,0.39782765599170045,0.3970384142943574
2025-10-29,304.13812255859375,306.86580891607514,301.64934876365396,302.14710352264194,7520300,0.0004913110032782608,0.0004911903495446767,0.04913110032782608,0.04911903495446767
2025-10-30,308.05047607421875,311.20622431916547,303.72996829403695,304.41687231061707,7514600,0.01286373928632134,0.012781704162049792,1.286373928632134,1.2781704162049792
2025-10-31,309.722900390625,311.46504195719143,305.8702836157328,307.1544993342095,7721300,0.005429059346765408,0.005414375127758585,0.5429059346765408,0.5414375127758585
2025-11-03,307.96087646484375,310.9175409580823,304.83496198556077,309.60346109874524,7770000,-0.005689033402305643,-0.005705277591284709,-0.5689033402305643,-0.5705277591284709
2025-11-04,307.861328125,310.8179927016808,303.7299695714597,305.332725363194,7085200,-0.0003232499562493274,-0.0003233022127780188,-0.03232499562493274,-0.03233022127780188
2025-11-05,310.2803955078125,311.6940323736288,304.2575751493287,308.2196835392686,6865200,0.007857652656621639,0.0078269420744745,0.7857652656621639,0.7826942074474499
2025-11-06,312.0126037597656,313.42621024981315,308.8667900648387,309.59349256305353,7206100,0.005582718976228529,0.005567193357287105,0.5582718976228529,0.5567193357287105
2025-11-07,312.7990417480469,313.0180550604519,306.2585672077333,310.4894827215045,7302300,0.0025205327567048297,0.0025173615416658325,0.25205327567048297,0.25173615416658324
2025-11-10,315.4670104980469,318.1250037695683,312.7990220295163,313.58548301728496,5794100,0.00852933798994493,0.008493168707837489,0.852933798994493,0.8493168707837488
2025-11-11,314.20269775390625,317.617287984815,313.86422817579216,316.0742604403922,5030200,-0.004007749470046229,-0.0040158020202236775,-0.4007749470046229,-0.40158020202236777
2025-11-12,318.97119140625,320.8029251766445,314.7900394999871,314.8398332015723,10578300,0.015176488573877878,0.015062477746664154,1.5176488573877878,1.5062477746664154
2025-11-13,308.0903015136719,319.1902267414606,307.7120030298724,317.7965194699941,8973300,-0.034112453367990625,-0.03470786289997419,-3.4112453367990625,-3.4707862899974193
2025-11-14,302.2466125488281,306.25854483769064,299.8773255538296,306.1291237470128,10327000,-0.01896745511343023,-0.019149644751391817,-1.8967455113430232,-1.9149644751391817
2025-11-17,299.02117919921875,304.2177399270206,296.3333218175865,302.6348834912671,8344000,-0.01067152853231168,-0.01072887765973243,-1.067152853231168,-1.072887765973243
2025-11-18,298.06549072265625,301.5896027135679,295.686208533325,298.15508292828906,8077300,-0.0031960561426512824,-0.0032011744385683724,-0.31960561426512824,-0.3201174438568372
2025-11-19,301.90814208984375,303.0828663383219,297.9261042618115,298.3939949218268,5546600,0.012891970009245357,0.012809575956063553,1.2891970009245357,1.2809575956063552
2025-11-20,297.0401306152344,308.52831879604355,296.8211173091691,304.9643777592117,7501600,-0.01612414769907311,-0.01625555625037509,-1.612414769907311,-1.625555625037509
2025-11-21,296.6817321777344,300.32530061703676,291.4951361556371,299.93706770739834,11766800,-0.0012065657147324327,-0.0012072942011812215,-0.12065657147324327,-0.12072942011812214
2025-11-24,296.6618347167969,298.4736693208262,293.18751624004057,296.9007472780177,10940200,-6.706668722555875e-05,-6.70689362963855e-05,-0.006706668722555875,-0.006706893629638551
2025-11-25,301.6393737792969,303.13263800592705,294.23278078476807,298.70260864804214,8877200,0.016778494838244784,0.016639290825076328,1.6778494838244784,1.6639290825076327
2025-11-26,306.258544921875,307.1445325435829,301.83848048809654,303.6303853642607,7910900,0.015313555006774004,0.015197485976364816,1.5313555006774004,1.5197485976364815
2025-11-28,311.6741027832031,312.31124344972676,306.85584041963983,307.71199439271356,4322400,0.017682960854886964,0.017528436277991024,1.7682960854886964,1.7528436277991024
2025-12-01,307.5328063964844,312.6298101472411,307.1545079277028,311.5447084439427,7727300,-0.01328726496599364,-0.013376330509283146,-1.328726496599364,-1.3376330509283145
2025-12-02,306.4974670410156,309.0857977944923,305.7110060363412,307.3535906208714,7249000,-0.0033665980797311645,-0.0033722778222359706,-0.33665980797311645,-0.33722778222359706
2025-12-03,310.7283935546875,310.9573413023751,305.4223107621409,305.8205388774128,8535300,0.01380411575507634,0.013709706778662668,1.380411575507634,1.3709706778662667
2025-12-04,314.6805725097656,317.0598245188333,311.594486851423,311.8533290542866,9627800,0.012719078903172587,0.01263887081838627,1.2719078903172587,1.263887081838627
2025-12-05,313.6253356933594,317.0498909600222,313.26693645912985,314.22264749671507,6518900,-0.0033533586391752968,-0.0033589937474761897,-0.3353358639175297,-0.335899374747619
2025-12-08,313.7945556640625,315.04890741449873,311.9429224901236,313.64523530818684,7417200,0.0005395609073770569,0.0005394153967295573,0.053956090737705686,0.05394153967295573
2025-12-09,299.16058349609375,317.36843122488773,298.6727631596137,313.53574377586375,18049200,-0.046635519653933644,-0.04775799267837857,-4.663551965393364,-4.775799267837857
2025-12-10,308.7174377441406,309.79260502170655,297.1197580970947,299.1506059920777,18874100,0.031945566278692716,0.03144591981427959,3.1945566278692716,3.144591981427959
2025-12-11,315.9548034667969,316.57201448320507,307.85134172095206,307.85134172095206,9721900,0.023443333086530904,0.023172758769688873,2.3443333086530904,2.3172758769688873
2025-12-12,317.0896911621094,318.8318328758901,315.1783298378069,318.2444858866232,8982900,0.0035919305003753177,0.0035854949241731376,0.35919305003753177,0.35854949241731376
2025-12-15,318.58294677734375,321.43011981246894,316.9602917736724,318.15488497356307,10864100,0.0047092531130914494,0.004698199270626343,0.47092531130914494,0.46981992706263426
2025-12-16,314.1330261230469,318.0852002489096,312.9881962174831,317.65713843404893,8331300,-0.013967855779194904,-0.01406632428127084,-1.3967855779194904,-1.406632428127084
2025-12-17,313.5655822753906,317.93585302959536,313.247011955208,317.0000717018951,8718700,-0.0018063807383117414,-0.00180801421141024,-0.18063807383117414,-0.180801421141024
2025-12-18,311.594482421875,316.2733893580616,310.8179862048632,314.5810110073882,11444900,-0.006286084841366613,-0.006305925462938858,-0.6286084841366613,-0.6305925462938857
2025-12-19,315.7855529785156,317.12949684979,311.7836158143462,312.38092757719465,24494400,0.013450400418086428,0.01336074680569683,1.3450400418086428,1.336074680569683
2025-12-22,321.63916015625,321.778546068669,316.0842305232393,316.0842305232393,8354600,0.018536652872567005,0.018366943148216172,1.8536652872567005,1.8366943148216173
2025-12-23,324.4664001464844,326.3080987754714,321.63915684610726,322.15681084289565,6668300,0.008790098782937239,0.008751690773992515,0.8790098782937239,0.8751690773992515
2025-12-24,327.6918640136719,328.5081586858931,324.0383309091034,324.7749981915486,4289300,0.009940825508377271,0.009891740531221632,0.9940825508377271,0.9891740531221632
2025-12-26,326.4375305175781,329.3742653747722,325.0736873353596,327.6321237138718,4158300,-0.0038277834570876745,-0.0038351281688196954,-0.38277834570876745,-0.38351281688196953
2025-12-29,322.29620361328125,326.29814090339255,322.077190306029,325.5316095182794,8635300,-0.012686430073560073,-0.012767589977834514,-1.2686430073560073,-1.2767589977834515
2025-12-30,321.96771240234375,323.48087598310644,321.0418654305578,323.35145488056963,7904300,-0.0010192214715990522,-0.0010197412309997766,-0.10192214715990522,-0.10197412309997766
2025-12-31,320.7730712890625,323.42113019633854,320.59388687095947,322.8835465614906,5048500,-0.0037104376223550117,-0.0037173383711836152,-0.3710437622355012,-0.3717338371183615
2026-01-02,324.0184326171875,324.2673099842148,319.2996970795839,321.0518034652283,8054000,0.010117312264035005,0.010066474864661555,1.0117312264035005,1.0066474864661554
2026-01-05,332.5400085449219,335.7355855973553,323.7297432174082,324.03834873814424,10752600,0.026299664062020334,0.02595977434025691,2.6299664062020334,2.595977434025691
2026-01-06,334.6099853515625,335.8699951171875,330.6499938964844,332.6199951171875,7660800,0.00622474515381799,0.006205451451893045,0.622474515381799,0.6205451451893046
2026-01-07,326.989990234375,332.1499938964844,324.6000061035156,331.1400146484375,9815200,-0.022772766656026233,-0.023036071235369937,-2.2772766656026233,-2.3036071235369935
2026-01-08,329.7900085449219,331.3999938964844,325.6499938964844,326.3900146484375,11737100,0.008563009248509168,0.008526554644394597,0.8563009248509168,0.8526554644394597
2026-01-09,329.19000244140625,331.8999938964844,328.1700134277344,329.3399963378906,6738100,-0.0018193580398718767,-0.001821015081850611,-0.18193580398718767,-0.1821015081850611
2026-01-12,324.489990234375,326.0199890136719,321.2300109863281,321.8800048828125,12805100,-0.014277505915046174,-0.014380410154209796,-1.4277505915046174,-1.4380410154209795
2026-01-13,310.8999938964844,326.8599853515625,310.57000732421875,324.29998779296875,19371200,-0.04188109570983911,-0.04278339150006894,-4.188109570983912,-4.278339150006894
2026-01-14,307.8699951171875,311.760009765625,306.1199951171875,308.20001220703125,25951500,-0.009745895267871063,-0.009793697341386864,-0.9745895267871063,-0.9793697341386863
2026-01-15,309.260009765625,312.94000244140625,307.75,308.4700012207031,14751400,0.004514940301046266,0.004504778533121887,0.45149403010462663,0.4504778533121887
2026-01-16,312.4700012207031,317.2099914550781,310.0,310.3500061035156,14652500,0.010379587899226994,0.010326089850107868,1.0379587899226994,1.0326089850107867
2026-01-20,302.739990234375,311.1499938964844,301.8599853515625,306.2099914550781,12900600,-0.031139024380953728,-0.031634149397832795,-3.113902438095373,-3.1634149397832796
2026-01-21,302.0400085449219,305.3999938964844,301.1499938964844,303.42999267578125,10270100,-0.0023121546939048887,-0.0023148318510328816,-0.23121546939048887,-0.23148318510328816
2026-01-22,303.6300048828125,308.20001220703125,302.8999938964844,304.8599853515625,10535800,0.005264191143254271,0.00525038372445483,0.5264191143254271,0.525038372445483
2026-01-23,297.7200012207031,302.3699951171875,296.510009765625,302.0,11107900,-0.019464491542561357,-0.019656419358493746,-1.9464491542561357,-1.9656419358493746
2026-01-26,301.0400085449219,301.7799987792969,297.45001220703125,297.80999755859375,11752700,0.011151441994512235,0.011089723077972577,1.1151441994512235,1.1089723077972578
2026-01-27,300.30999755859375,301.9700012207031,298.1499938964844,301.3299865722656,11527400,-0.0024249633457580355,-0.002427908331323552,-0.24249633457580355,-0.2427908331323552
2026-01-28,300.7699890136719,301.9200134277344,298.04998779296875,300.2699890136719,9556700,0.001531722083239595,0.0015305501934897694,0.1531722083239595,0.15305501934897695
2026-01-29,306.4200134277344,306.8299865722656,302.2200012207031,302.3999938964844,11580000,0.018785200054669327,0.018610937176924275,1.8785200054669327,1.8610937176924276
2026-01-30,305.8900146484375,307.92999267578125,302.55999755859375,305.25,11953200,-0.0017296480519274349,-0.00173114562021238,-0.1729648051927435,-0.173114562021238
2026-02-02,308.1400146484375,309.29998779296875,301.3699951171875,304.4599914550781,9839400,0.007355584988891994,0.0073286646031493945,0.7355584988891994,0.7328664603149394
2026-02-03,314.8500061035156,316.25,309.1000061035156,309.7300109863281,12688000,0.021775787421616455,0.021542081628341352,2.1775787421616455,2.154208162834135
2026-02-04,317.2699890136719,319.30999755859375,314.4100036621094,314.4100036621094,9848800,0.0076861453493528575,0.007656757424701667,0.7686145349352858,0.7656757424701667
2026-02-05,310.1600036621094,316.010009765625,305.5400085449219,315.0,9388000,-0.022409889361631685,-0.022664806575088715,-2.2409889361631685,-2.2664806575088714
2026-02-06,322.3999938964844,324.25,314.7099914550781,314.7099914550781,17797400,0.039463470756562646,0.03870468653113737,3.9463470756562646,3.870468653113737
2026-02-09,322.1000061035156,326.3999938964844,320.1099853515625,321.3399963378906,11477500,-0.0009304832464267498,-0.0009309164146874089,-0.09304832464267498,-0.0930916414687409
2026-02-10,318.2799987792969,326.1300048828125,315.1199951171875,322.54998779296875,9902200,-0.01185969342388371,-0.011930580612263656,-1.185969342388371,-1.1930580612263657
2026-02-11,310.82000732421875,325.2799987792969,308.7300109863281,323.239990234375,8703500,-0.023438455082598675,-0.023717504622375332,-2.3438455082598675,-2.371750462237533
2026-02-12,302.6400146484375,313.6199951171875,300.0199890136719,312.2799987792969,13443400,-0.026317458603135058,-0.026669961324688265,-2.6317458603135058,-2.6669961324688263
2026-02-13,302.54998779296875,304.2900085449219,296.5199890136719,298.5199890136719,9114500,-0.0002974717522841175,-0.00029751600578214896,-0.02974717522841175,-0.029751600578214896
2026-02-17,307.1300048828125,308.239990234375,302.5,302.760009765625,8896800,0.015138050816838167,0.01502461390212326,1.5138050816838167,1.502461390212326
2026-02-18,308.7799987792969,312.2799987792969,307.2200012207031,308.4599914550781,7209600,0.00537229795282923,0.005357918637170691,0.537229795282923,0.5357918637170691
2026-02-19,308.04998779296875,309.17999267578125,305.1199951171875,307.1700134277344,6737700,-0.0023641783444979803,-0.0023669774266768568,-0.23641783444979803,-0.23669774266768567
2026-02-20,310.7900085449219,311.0,305.67999267578125,308.3999938964844,7792700,0.008894727675803793,0.008855402604094318,0.8894727675803793,0.8855402604094318
2026-02-23,297.6700134277344,311.0,295.1000061035156,308.79998779296875,12933800,-0.0422149836110034,-0.04313193497444741,-4.221498361100339,-4.313193497444741
