Date,Close,High,Low,Open,Volume
2016-02-25,43.59431457519531,43.60960849333367,42.85257850609301,42.921399679207305,14473300
2016-02-26,43.999595642089844,44.43546209480678,43.693723116631794,44.076062314946064,20947500
2016-02-29,43.051395416259766,44.053125218775826,43.043749915377745,43.90018894798469,19554100
2016-03-01,45.26895523071289,45.26895523071289,43.334317178599775,43.403138341196936,23958100
2016-03-02,45.69717025756836,45.80422766127122,45.08542825006051,45.26895231082086,20943100
2016-03-03,45.850120544433594,45.850120544433594,45.19249659088158,45.55954482492396,15790600
2016-03-04,45.918941497802734,46.30128073245058,45.52130834372695,45.957174837864144,18459000
2016-03-07,45.834815979003906,45.91893105822573,45.360716252590926,45.52894641103458,12832400
2016-03-08,44.94779586791992,45.49836525486955,44.87132919396209,45.27660781656855,14132900
2016-03-09,45.20779037475586,45.528956849325176,44.87133289774612,45.23073271245023,13238800
2016-03-10,44.81779861450195,45.62835579959312,44.20605651716435,45.567183048367575,21139200
2016-03-11,45.37601089477539,45.506004806914234,44.84838391259782,45.41424422675645,21055000
2016-03-14,45.20779037475586,45.353081151091665,44.81015721991697,45.23073271245023,13436100
2016-03-15,45.26895523071289,45.276600730105386,44.680152598940744,44.76426767733907,10910500
2016-03-16,45.05484390258789,45.68952828987867,44.71074100221851,45.10072565057804,17423900
2016-03-17,44.92484664916992,45.21542519745243,44.34369246962089,44.940140564028574,19405700
2016-03-18,46.247737884521484,46.622431491668124,45.62070198441149,45.918926020193574,29570200
2016-03-21,46.232444763183594,46.50772939078567,45.850105650850914,46.04892362279283,12684400
2016-03-22,46.0642204284668,46.32421115785151,45.5901177991666,45.87305086030204,12042700
2016-03-23,45.834815979003906,46.270682374047745,45.77364323221652,46.14068846398943,11658700
2016-03-24,45.48306655883789,45.50600597521221,45.016612312451244,45.34542422655933,12921200
2016-03-28,45.421897888183594,45.68953415997093,45.25366770762208,45.52130397940941,11159700
2016-03-29,45.13895797729492,45.368363795123024,44.75661883693629,45.368363795123024,15933400
2016-03-30,45.65895080566406,46.05658396064645,45.40660842706991,45.46778118790427,13307100
2016-03-31,45.28425598144531,45.82717694775916,45.20014089035116,45.46013166418008,14904700
2016-04-01,45.78129577636719,45.926586541749494,44.779568922078575,45.13132029202699,15417500
2016-04-04,45.60411071777344,45.88913558327469,45.41922789722957,45.78899059970456,12305000
2016-04-05,44.95703125,45.31909189677355,44.84147910442155,45.13420905157066,12886600
2016-04-06,45.303672790527344,45.3575963272677,44.641180266445964,44.81835802125176,12167900
2016-04-07,44.1558723449707,45.01094990105012,43.96328741571364,44.87999062107665,19226800
2016-04-08,44.47941589355469,45.12650136379187,44.440896557385145,44.456303704130406,13547700
2016-04-11,44.833778381347656,45.35760969718697,44.61037912693699,44.61037912693699,17627800
2016-04-12,45.665740966796875,45.75047881230875,44.83377553705303,44.94162263548158,17779200
2016-04-13,47.59929275512695,47.88431763321271,46.51311385033286,46.590146648103214,37516800
2016-04-14,48.2155647277832,48.46207321094431,47.46063213077569,47.52225778225951,24249900
2016-04-15,47.66091537475586,48.454367246674906,47.337374118359634,48.43896010037804,19290700
2016-04-18,47.96906280517578,48.20786921654194,47.39901002326861,47.483747876934444,13813100
2016-04-19,48.777915954589844,48.90117020518096,48.18475395530351,48.18475395530351,19255600
2016-04-20,49.486629486083984,49.540553039588005,48.64696188477475,48.901172502920375,14594400
2016-04-21,48.993614196777344,49.81017844949524,48.79332712503801,49.50204132831264,15395800
2016-04-22,49.27864456176758,49.59448086600937,49.02443098310638,49.02443098310638,12444700
2016-04-25,48.993614196777344,49.26323491246546,48.646963608713634,48.993614196777344,10687200
2016-04-26,49.24782180786133,49.35566890565114,48.785619120586944,49.155381858129054,12048000
2016-04-27,49.38648986816406,49.79476906165479,48.993614886197186,49.1939048993683,15284100
2016-04-28,48.993614196777344,49.62529265044963,48.80102923069156,49.02442849661828,12852500
2016-04-29,48.68547821044922,49.00131742558377,48.3003082925479,48.60074035833281,16376400
2016-05-02,49.139976501464844,49.30174715404691,48.6392544564863,49.06294075836877,10247300
2016-05-03,48.19245910644531,48.46207686189824,47.6069992108716,48.45437475686236,19120300
2016-05-04,47.42981719970703,47.96135055840554,47.19871586716911,47.56847858695236,17030200
2016-05-05,47.175601959228516,47.76105880644704,47.03694058566918,47.4529217677346,14033900
2016-05-06,47.45293426513672,47.514562864555,46.674892298467704,46.759630153361165,11057900
2016-05-09,47.152496337890625,47.676327613485256,47.029242092963244,47.27575058281801,11197100
2016-05-10,47.79187774658203,47.96135048960654,47.26034145003312,47.41440998437502,11897200
2016-05-11,47.614707946777344,48.22327420464964,47.614707946777344,47.73796220720111,11254000
2016-05-12,47.583892822265625,48.1924620082032,47.27575570724036,47.96906274674055,11071700
2016-05-13,47.14480209350586,48.06921055389097,47.006140677517415,47.52997204044853,15122300
2016-05-16,47.499149322509766,47.753362852979414,46.99072520018345,47.15249584396615,10951300
2016-05-17,47.499149322509766,47.884319201199794,47.106277339235646,47.32197153094591,12180900
2016-05-18,49.33256149291992,49.43270355110965,47.52226119991157,47.52996624353425,24007100
2016-05-19,48.83183288574219,49.471216244303015,48.454368080120624,48.93967997306263,16076200
2016-05-20,48.924278259277344,49.44811248471211,48.81643115998106,49.19389894613111,11862000
2016-05-23,48.88576126098633,49.2016004501888,48.65465991694285,48.87805915625052,9347500
2016-05-24,49.71773147583008,49.89490633886334,49.155383773575046,49.255525831931834,13839400
2016-05-25,50.472652435302734,50.99648364436109,50.01044981018659,50.02585989478477,18935200
2016-05-26,50.09519958496094,50.51888885402666,50.00276256423871,50.51118380989092,9428400
2016-05-27,50.403343200683594,50.42645245884422,50.11061613527002,50.23386747120248,10116000
2016-05-31,50.28006362915039,50.703752764448474,50.04126023137772,50.634425020795035,15139400
2016-06-01,50.603614807128906,50.780789639997174,49.502028843850276,49.88719867888161,14031000
2016-06-02,50.69606018066406,50.69606018066406,50.19534401418955,50.47266093417523,10637600
2016-06-03,49.794769287109375,49.964245000773275,48.95509870181355,49.49433720460587,20261700
2016-06-06,50.287784576416016,50.65755029119554,49.76395324219391,49.794767541527754,13193500
2016-06-07,50.11830139160156,50.6421326476739,50.1028971828461,50.41873341875216,9924100
2016-06-08,50.264671325683594,50.441852063462456,50.01045778430677,50.01816282783442,9428000
2016-06-09,49.87949752807617,49.99504966304582,49.50973187161845,49.910311822549794,10817800
2016-06-10,49.178489685058594,49.355667474663896,48.9782026433435,49.247820380000924,16678400
2016-06-13,48.73939895629883,49.5636593594249,48.73169391276121,48.901169607231616,14314900
2016-06-14,47.82270431518555,48.89347634883251,47.51456716741631,48.284907098225766,19509300
2016-06-15,47.73796463012695,48.516006637551214,47.691743178142076,48.07691312884218,16982100
2016-06-16,47.9305419921875,47.99216764643187,46.913693718944536,47.3373800096936,16791200
2016-06-17,47.976768493652344,48.308014888931275,47.70715070150138,47.99217564443433,15751500
2016-06-20,48.04608917236328,49.18619164469139,48.022979920321546,48.87805750922086,12213200
2016-06-21,48.49288558959961,48.53140198758148,47.86890936328724,48.32340991214402,11611600
2016-06-22,48.308006286621094,49.07834605686329,48.284897033869996,48.492889124468945,12643500
2016-06-23,49.34025955200195,49.41729234564525,48.939679621496104,49.07063889702497,16583600
2016-06-24,45.91225051879883,47.52996584837462,45.71196346547142,46.59015035991477,44108700
2016-06-27,44.37928771972656,45.257474846571164,43.94789626328803,45.2266605414083,37300700
2016-06-28,45.85062026977539,45.87372952090979,44.87999058155143,45.5964067528458,29088700
2016-06-29,47.14480209350586,47.152504199454775,46.22039363312074,46.497716465097625,21483000
2016-06-30,47.86891174316406,47.907428143060834,47.006132043301996,47.47603976243627,21343600
2016-07-01,47.558372497558594,48.140624870239954,47.480740032463224,47.868908280917466,14217800
2016-07-05,46.2308464050293,47.045999286235954,45.88149432408665,46.92955056691458,23357700
2016-07-06,46.72770309448242,46.80533853836494,45.61754141962201,45.811625587094255,20429800
2016-07-07,47.03047180175781,47.465218394568176,46.70440889566099,46.983890540461395,13771400
2016-07-08,48.00088882446289,48.264840400275645,47.61272056145991,47.61272056145991,16998800
2016-07-11,48.34247970581055,48.870388822740814,48.24155512012089,48.458928417154866,13151400
2016-07-12,49.06447219848633,49.34395383970159,48.823806793775624,48.932493440584004,16588100
2016-07-13,49.03342819213867,49.243039466514595,48.629732733506096,48.97132279315115,18526900
2016-07-14,49.77870559692383,50.44635555578393,49.72436227110862,50.26003050472184,28985900
2016-07-15,49.82528305053711,50.30661387312467,49.38277142700497,50.26779467406924,17607100
2016-07-18,49.65449142456055,49.99608144592276,49.60791312091246,49.78646723354919,10824400
2016-07-19,49.57685470581055,49.763173827452995,49.26631888775441,49.38277055989772,9737400
2016-07-20,49.631195068359375,49.86409839874916,49.460400082470564,49.770935881997694,10411100
2016-07-21,49.44488525390625,49.8252915545566,49.39830694547246,49.68555070627603,9808700
2016-07-22,49.71659851074219,49.75541178846667,49.37500849808751,49.607911856348146,8195700
2016-07-25,49.58460998535156,49.817510336288066,49.43710712077245,49.67000747170896,8168300
2016-07-26,49.78645706176758,49.887384596356235,49.4603971568905,49.67000836494949,8067800
2016-07-27,49.94173049926758,50.221212124481376,49.732116318868385,49.74764636636787,11806800
2016-07-28,49.7631721496582,49.8330455197796,49.46816639008912,49.68553967850612,10013400
2016-07-29,49.662261962890625,49.91068948155795,49.491466933248226,49.530283177760694,13210400
2016-08-01,49.530277252197266,49.926207637240616,49.38277435610058,49.80199685425656,11422600
2016-08-02,49.41381072998047,49.69329229472728,49.204199556420356,49.367229482026595,13550000
2016-08-03,50.19792938232422,50.205688484086465,49.41382772691086,49.44487894140595,13122300
2016-08-04,50.12028503417969,50.32213419263945,49.89514672723951,50.06594171339949,9873000
2016-08-05,51.47111511230469,51.52545843333456,50.516218559376526,50.5705618804064,20752700
2016-08-08,51.31585693359375,51.61862778602007,51.11400772431646,51.29256777925007,11359200
2016-08-09,51.13729476928711,51.45558970028687,50.99755394219548,51.37795722367559,10097000
2016-08-10,50.67925262451172,51.292559253192344,50.58609602262187,51.17610757785178,11556100
2016-08-11,50.81898880004883,50.99754880896204,50.477398829768454,50.67148296324999,9604500
2016-08-12,50.71030044555664,50.73358959311102,50.35318636277538,50.43858385245976,7685400
2016-08-15,51.020843505859375,51.10624100771651,50.818994326653566,50.89662680389323,8371600
2016-08-16,51.01307678222656,51.20716093035084,50.648197636076425,50.74136015944821,10128900
2016-08-17,51.1528205871582,51.22269396450404,50.88110394854326,51.08295313279086,11868100
2016-08-18,51.19939041137695,51.23044458250155,50.87333049903503,50.94320386480973,9313600
2016-08-19,51.12953567504883,51.16835487934611,50.63268065953436,51.02084901059123,9084900
2016-08-22,51.08296203613281,51.14506447651267,50.78019116848019,51.04414282828831,9055600
2016-08-23,51.05965805053711,51.502169697064666,51.05189894870537,51.292561411016244,8949600
2016-08-24,51.19939041137695,51.416769609249094,51.05964960280505,51.23044458250155,10167200
2016-08-25,51.29254913330078,51.34689244800748,51.075175874473985,51.16833838096136,9978700
2016-08-26,51.40900802612305,51.921387076524496,51.121761366230565,51.494405521686275,14038600
2016-08-29,51.975730895996094,52.0921825658759,51.59532763583483,51.618616785215195,14583100
2016-08-30,52.4027214050293,52.48035388177442,51.97573389846366,51.97573389846366,13791200
2016-08-31,52.4027214050293,52.612329684538956,51.905866446286545,52.371667229735586,14952300
2016-09-01,52.17756652832031,52.57349973402241,51.74282005804439,52.51139140313259,12226500
2016-09-02,52.39495849609375,52.46483187407056,51.999031071813164,52.32509104109549,13720700
2016-09-06,52.35614776611328,52.441545275031416,51.78941938174555,52.402726071712685,16649400
2016-09-07,52.138771057128906,52.47259012288708,51.98350017691509,52.138771057128906,10070400
2016-09-08,52.20864486694336,52.542469896320306,52.014560685281864,52.18535571282065,12253000
2016-09-09,51.74284362792969,52.34838532250059,51.735078602287224,52.03784944957268,19686900
2016-09-12,52.061119079589844,52.24744408725857,51.051885274780325,51.346890985790445,16453000
2016-09-13,51.649681091308594,51.90587363070822,51.09848273025368,51.323621090061316,18876100
2016-09-14,51.54874038696289,52.208625171072505,51.40123456919385,51.44781285986747,12648600
2016-09-15,51.73506546020508,51.96020376281223,51.30807800302298,51.463348861533575,12531300
2016-09-16,51.09846115112305,51.4400510594008,50.80345545405012,51.30806937112654,25161500
2016-09-19,51.385719299316406,51.73506838550796,51.121761786412016,51.35466512585836,13466900
2016-09-20,51.59532165527344,51.89809240807913,51.424526682310784,51.82045994481718,10092200
2016-09-21,51.89032745361328,52.11546574345533,51.47887006710024,51.89032745361328,14116800
2016-09-22,52.317317962646484,52.34060711072751,51.89033050456885,52.00678216795163,12781700
2016-09-23,52.20864486694336,52.71326492385909,52.15430153299731,52.31733153483547,13967400
2016-09-26,51.06742858886719,51.85929536160772,50.881109434154936,51.70402446353157,16408100
2016-09-27,51.51769256591797,51.55651176157986,50.54727190414733,50.78017523216335,13711400
2016-09-28,51.7894172668457,51.83599557054301,51.230453930563606,51.68849563450867,11278000
2016-09-29,50.966487884521484,52.17757082164236,50.73358458600889,51.78163758336172,18727200
2016-09-30,51.69624328613281,52.06112237888661,51.300315946443504,51.300315946443504,21680100
2016-10-03,51.634132385253906,51.952427209350674,51.440048297421924,51.50991572601281,14901700
2016-10-04,52.07987976074219,52.53342970540286,51.688889663490315,51.77490796216856,17226900
2016-10-05,52.93222427368164,53.22937450437803,52.23626260139348,52.30663793259782,16280000
2016-10-06,53.0729866027832,53.15118341230956,52.431763219012474,52.96350987623948,17485000
2016-10-07,53.260658264160156,53.315396625505315,52.70545318022103,53.01042490286317,18497000
2016-10-10,53.675113677978516,54.003543888688604,53.35450493877144,53.440517261165766,13027500
2016-10-11,53.41706085205078,53.81587238944442,53.11991054997342,53.565638986106926,15657100
2016-10-12,53.27629852294922,53.63600862910835,53.21374465329472,53.37795974745209,11899800
2016-10-13,52.97132110595703,53.07298231956753,52.251900970720214,52.75236767054006,17890000
2016-10-14,52.79930877685547,53.98010073491803,52.62727811728901,53.800248601632426,24163800
2016-10-17,52.52560043334961,53.01043022972146,52.18934876100219,52.72109545294615,14963400
2016-10-18,52.9400520324707,53.3388635663819,52.81493831491192,53.05735024433104,11870300
2016-10-19,53.44833755493164,53.565635760753345,53.026067593594256,53.026067593594256,12705800
2016-10-20,53.377960205078125,53.7063903962086,53.127726826211905,53.23720355658873,14122000
2016-10-21,53.55781173706055,53.58909165485795,52.94004678413884,53.026065066573146,12175700
2016-10-24,53.85498809814453,53.995744797814986,53.56565322492289,53.933184938842224,10197100
2016-10-25,53.800228118896484,53.901883374397784,53.47179197413434,53.86278198672506,9945100
2016-10-26,54.05828094482422,54.152120702478214,53.46398037778595,53.46398037778595,9801300
2016-10-27,54.13648223876953,54.5587462215266,54.03482101259501,54.33979275904978,14210700
2016-10-28,54.04263687133789,54.386709971517526,53.542170161640485,54.37106703094548,12766500
2016-10-31,54.159942626953125,54.410176016756274,54.13648417885199,54.29287781021598,14336300
2016-11-01,53.933170318603516,54.56657231239928,53.43270351456132,54.33198185389914,15564500
2016-11-02,53.706398010253906,53.839333206553015,53.18247273116787,53.68293955985232,12449800
2016-11-03,53.4717903137207,54.10519817135221,53.34667661591447,53.8471433392073,10369700
2016-11-04,52.98696517944336,53.61254558458051,52.89312543395758,53.55780722455558,13571300
2016-11-07,54.64474868774414,54.715129975186976,53.95660858114764,54.01916839975623,16515100
2016-11-08,54.76206588745117,55.168698883690496,54.1443008875745,54.504011020534065,17531700
2016-11-09,57.2800407409668,57.983824004711174,55.77081895106171,55.880295684751445,50948400
2016-11-10,59.93877029418945,60.40795711742867,58.03855858894159,58.03855858894159,56192300
2016-11-11,59.970062255859375,59.99352070682772,59.25063595196343,59.66509046120031,27574300
2016-11-14,62.175262451171875,62.90250445218329,60.40798510008362,60.40798510008362,46130700
2016-11-15,62.05793762207031,62.09703901122145,60.8224077037205,61.28377903835958,28126300
2016-11-16,60.525245666503906,61.26812418770862,60.11861277609231,61.166468948122315,26054900
2016-11-17,61.01008224487305,61.354155383724255,60.681652048352056,60.93970690249046,19306700
2016-11-18,60.76765823364258,61.32286325512937,60.64254455008449,60.96315321160412,19770000
2016-11-21,61.033531188964844,61.127364955025435,60.43922481777172,60.99442980908431,11983500
2016-11-22,61.40890121459961,61.43235966491205,60.806779114451246,61.26814454668977,14410100
2016-11-23,61.66697311401367,61.96412351001366,60.90845119244767,61.67479458828749,13373700
2016-11-25,61.643489837646484,62.12831365875518,61.3619765375033,61.85462182973666,6185700
2016-11-28,61.244693756103516,61.67478528573941,61.01009729156832,61.135216996930005,13007200
2016-11-29,61.71387481689453,61.9015543569876,61.29942627308419,61.29942627308419,14144100
2016-11-30,62.69132995605469,62.972843209932655,62.32379843204547,62.495834972307954,25351900
2016-12-01,63.95815658569336,64.34132518511659,63.06669970032135,63.06669970032135,23823600
2016-12-02,63.80957794189453,63.98943599833562,63.26219423278682,63.96597754880743,16931500
2016-12-05,65.10768127441406,65.13113972878556,64.3491594308763,64.35698090434553,18529800
2016-12-06,65.44392395019531,65.53775775464659,64.45862724120929,65.37354263082148,16130000
2016-12-07,65.74105834960938,65.75669532455164,64.78704179521445,65.33443137473698,18996900
2016-12-08,66.5621566772461,66.85930700505133,65.63941980391508,65.86619477751728,20844900
2016-12-09,66.85147094726562,66.859292418038,65.7957991022929,66.48393937940803,14567200
2016-12-12,66.25717163085938,67.0860685668382,65.91309850300358,66.74981690989758,14511300
2016-12-13,66.2806396484375,66.99223848758027,65.54557639316101,66.45267623720733,16669000
2016-12-14,66.25717163085938,67.34412341273003,65.49865003501418,65.59248382185902,22622600
2016-12-15,67.25029754638672,67.63346617587038,66.39012051516329,66.78111061717716,19438900
2016-12-16,66.42137145996094,67.47704308160745,66.38227008040508,67.47704308160745,23008500
2016-12-19,66.80457305908203,66.81239453207944,65.8349192186585,66.31192764889079,21685100
2016-12-20,67.66472625732422,67.6725477275608,66.89838922308468,67.08606274652628,14587300
2016-12-21,67.83676147460938,67.8836783630403,67.27373494930372,67.58652812625505,11400500
2016-12-22,67.94622802734375,68.16518142864565,67.41448149588226,67.59433948468467,13924200
2016-12-23,68.07136535644531,68.14956216779909,67.56307713359433,68.03226396775129,10759400
2016-12-27,68.13390350341797,68.15736791084034,67.83675330242988,68.07134964839035,6946400
2016-12-28,67.6412582397461,68.337219841462,67.52396006693301,68.15736781371047,9455600
2016-12-29,67.16426849365234,67.77421200057627,66.49958661985151,67.70383665717792,14689000
2016-12-30,67.4770736694336,67.57872894991384,66.98442828028774,67.32849551900927,13617800
2017-01-03,68.21212005615234,68.62656851392762,67.23464502704687,68.29813236996225,20550700
2017-01-04,68.33792877197266,68.55022897430929,67.9369106130646,68.37724051364131,15266600
2017-01-05,67.7088851928711,68.49519206446496,67.04052555182538,68.25929760336867,14300800
2017-01-06,67.71675872802734,68.1099122148386,67.57522323281346,67.92905897132513,12893300
2017-01-09,67.7639389038086,68.22785716387723,67.2449733935151,67.41010314609682,12806600
2017-01-10,67.96048736572266,68.33005246937516,67.40221033645497,67.67741647777792,13989000
2017-01-11,68.47160339355469,68.47160339355469,67.55162579926576,67.96050273037908,14713100
2017-01-12,67.81111907958984,68.62101439040681,67.63813056678491,68.22000210968275,21337400
2017-01-13,68.17279815673828,69.3286701294787,67.70101526965206,68.49518682899155,28296000
2017-01-17,65.6959457397461,67.00907685985558,65.48363951131778,66.7810471325657,30024600
2017-01-18,66.00260162353516,66.23063133929996,65.28705948106155,65.75884241065805,21270100
2017-01-19,65.49937438964844,66.57661112200364,65.35783889208508,66.09696338020818,16555600
2017-01-20,65.79029083251953,65.91610280449052,65.49149639765595,65.60157887360806,18436800
2017-01-23,65.82173156738281,66.04976122483,65.42857822675883,65.49934894757396,12179200
2017-01-24,66.61589813232422,66.83606302715495,65.70377956911867,65.98685043362774,15175300
2017-01-25,67.64596557617188,67.75604803609541,66.96974132290211,67.49656538097102,17551000
2017-01-26,68.21212768554688,68.36938667540527,67.58307972802145,67.58307972802145,15962800
2017-01-27,68.35366821289062,68.39298596277544,67.83470270983366,68.1413679610332,12535400
2017-01-30,67.64596557617188,68.01553069121978,67.08768852968993,67.77177752982398,13661900
2017-01-31,66.54513549804688,67.74032507090767,66.12052914971824,67.30785397565327,15655100
2017-02-01,66.79676055908203,67.7010145829346,66.58446036171239,67.2606846926599,15430900
2017-02-02,66.51370239257812,66.76532637706809,66.17559616127319,66.31712565397983,11081400
2017-02-03,68.55021667480469,68.65243438365691,67.52015684261018,67.77177474051433,17885200
2017-02-06,68.22786712646484,68.76255621557864,68.10206110499253,68.24359662855346,11828400
2017-02-07,68.18854522705078,68.72323423663555,67.99983322338747,68.5187927332232,9392800
2017-02-08,67.59093475341797,67.86614094560123,67.12701660074404,67.76392321680318,13970900
2017-02-09,68.5659408569336,68.66816456585558,67.59092224265072,67.59092224265072,13749100
2017-02-10,68.40869903564453,68.78612898024878,68.3222047983195,68.78612898024878,10992500
2017-02-13,69.31294250488281,69.77686061649281,68.74680067447808,68.75466542185718,18739100
2017-02-14,70.4216537475586,70.53173624880299,69.28151098507891,69.43091123635905,17932100
2017-02-15,71.23152160644531,71.45169252328972,70.25650297088211,70.83050950575647,17381800
2017-02-16,71.18438720703125,71.58540554384078,70.58679207753731,71.0821694344925,17672700
2017-02-17,70.948486328125,71.13719833658048,70.52387980981523,70.6260975645939,15776600
2017-02-21,71.56179809570312,71.67188059015848,71.12932686816708,71.168644615778,14068300
2017-02-22,71.6010971069336,71.78981506303919,71.09786122207527,71.17649070426346,11839000
2017-02-23,71.6561508178711,71.82127455892359,71.17650309427034,71.69546856533188,11067000
2017-02-24,71.02713012695312,71.19225391746602,70.55534701133803,70.9091828482874,15062300
2017-02-27,71.105712890625,71.34160729284343,70.78332427419606,71.0192186764145,12361000
2017-02-28,71.2551498413086,71.41240885789297,70.44524850866289,70.64969002946013,15183500
2017-03-01,73.59831237792969,73.89711278953551,72.81987035635916,72.96140581473966,24451400
2017-03-02,72.4503173828125,73.849942706834,72.36382314377337,73.81063096120884,16862500
2017-03-03,72.96927642822266,73.21302962651173,72.45031103942587,72.45031103942587,12817500
2017-03-06,72.2773208618164,72.59184478704569,71.63254951466656,72.53680355005893,15059200
2017-03-07,71.87632751464844,72.41101052869448,71.7190625113586,72.05717476962367,11156800
2017-03-08,71.71905517578125,73.00859807562837,71.63256093258028,72.874927335789,17378400
2017-03-09,72.0020980834961,72.45029262396868,71.67185073768336,72.02568632261935,13726200
2017-03-10,71.77408599853516,72.3402278721645,71.18435588001208,72.30091013131164,13729900
2017-03-13,71.83699798583984,72.1672454400322,71.49888578301086,71.79768024170221,10004300
2017-03-14,71.9549331665039,72.0650156327955,71.37306184576897,71.56963853543887,10237700
2017-03-15,72.1279296875,72.77270106183335,71.65614078024304,72.18297092680729,16601400
2017-03-16,72.05715942382812,72.97713700072455,72.00211818416027,72.36381861612693,14492000
2017-03-17,71.30229949951172,72.37167720697155,71.27871125581028,72.20655350201676,21734700
2017-03-20,70.79122161865234,71.68761116138207,70.60250960940573,70.97993362789897,14623600
2017-03-21,68.71534729003906,71.27084426054346,68.45586461941717,71.05067932754712,33089200
2017-03-22,68.82542419433594,69.25003053039006,67.63024065506967,68.32218838842972,21741000
2017-03-23,68.71534729003906,69.58814827373489,68.4794528623747,68.57381183324935,16090100
2017-03-24,68.63672637939453,69.26576826659365,68.22784345362211,69.02987980853595,16093200
2017-03-27,68.59739685058594,68.72320880583614,67.01692465630379,67.25281307383158,16689300
2017-03-28,69.66680145263672,69.99704896449114,68.39298790718495,68.42443490913118,16264400
2017-03-29,69.40731811523438,69.83978937647241,69.25792386057199,69.6668008719772,10207600
2017-03-30,70.00489044189453,70.34300259135591,69.28935440408459,69.35225438611299,11631000
2017-03-31,69.06919860839844,69.7768760529611,68.9984338634651,69.75328780464999,16987600
2017-04-03,68.81757354736328,69.32867420468504,68.09417267803921,69.18713873033509,19831800
2017-04-04,69.04693603515625,69.33163354759037,68.58035213248266,68.71479094848861,14280800
2017-04-05,68.16118621826172,70.01962314911215,68.11373263110917,69.92472200832101,17635500
2017-04-06,68.39053344726562,68.73058836299084,67.41781625881433,67.99512103519046,14379600
2017-04-07,68.15328216552734,68.65149962228828,67.78159354056456,67.9555759636122,13097100
2017-04-10,67.916015625,68.55658766462653,67.53642318934493,68.07418416778377,15081600
2017-04-11,67.79742431640625,67.84487188177019,67.06195688568802,67.64716564806653,14690500
2017-04-12,67.53643035888672,67.97138032231135,67.24382304880884,67.95556648311069,14730600
2017-04-13,66.74562072753906,68.79385425987563,66.74562072753906,67.61552688425928,30529800
2017-04-17,67.90023040771484,68.07421286135485,66.72190292649239,66.7772604314219,19071700
2017-04-18,67.34664154052734,67.7183241210706,67.01449054558414,67.50480408401323,14127000
2017-04-19,66.79305267333984,67.94765599810046,66.71397141094789,67.61551107594609,17588500
2017-04-20,67.65505981445312,67.8369461282889,66.86423506400254,67.20428994803686,15635800
2017-04-21,66.84049987792969,67.75785941076374,66.83259597519091,67.61551072578996,19820600
2017-04-24,69.1971664428711,69.63212247391763,68.34307425473284,68.44588533489699,25468300
2017-04-25,69.79822540283203,70.48623938220048,69.79822540283203,70.02756540712708,18253800
2017-04-26,69.9326400756836,70.42295364317228,69.7033001505767,69.86937264113384,12832200
2017-04-27,69.28416442871094,69.88519299401085,68.8096707333751,69.88519299401085,13329000
2017-04-28,68.8017578125,69.47395768787327,68.7622141589721,69.27625148726263,10755600
2017-05-01,68.84919738769531,69.38695843234996,68.4537850323173,69.0864472143276,15712300
2017-05-02,68.4063491821289,68.70686045155733,68.02675060128504,68.57242167577473,14414200
2017-05-03,68.8017578125,68.88083908604136,68.02674685135997,68.0583805674794,11540500
2017-05-04,68.88082885742188,69.37905227042505,68.46169273973024,69.34741855900315,11540100
2017-05-05,68.8017578125,69.07063534924353,68.34307797903988,68.99946401311063,9436000
2017-05-08,68.88082885742188,69.05481125348561,68.52496016257406,68.83338130704577,8162200
2017-05-09,68.60407257080078,69.46606897272073,68.40636630978983,69.00739503264768,10273900
2017-05-10,69.1418228149414,69.18136647424345,68.38263161776163,68.43007918211184,8334900
2017-05-11,68.92831420898438,69.18137798347813,68.28774181611244,68.87295066334494,10907400
2017-05-12,68.73851013183594,68.84132124714482,68.27983016657703,68.548713814097,8738800
2017-05-15,69.07063293457031,69.18925785749252,68.69104042143634,68.88083667800332,8835600
2017-05-16,69.28416442871094,69.66375697157375,69.07063834402527,69.08645821952811,9795000
2017-05-17,66.64280700683594,69.28416512551061,66.40556317353936,69.28416512551061,24679700
2017-05-18,66.39765167236328,67.06194766368515,65.92315798342743,66.48464288591155,23350100
2017-05-19,67.04613494873047,67.48899496789817,66.54791742716682,66.59536499107328,13412900
2017-05-22,66.98287200927734,67.44946187526963,66.59536946646439,67.3624706465849,11636000
2017-05-23,67.8211441040039,68.06629788863044,66.8326129937162,67.02240927750721,11753000
2017-05-24,67.78160095214844,67.98721711400735,67.40991228654335,67.91603973610748,9833800
2017-05-25,67.49691772460938,68.07422267367245,67.2833976129658,68.00304528078033,12238500
2017-05-26,67.50480651855469,67.66296906774465,67.23592294471435,67.30710031530998,8113500
2017-05-30,66.35022735595703,67.33875873481958,66.25532617152021,67.32293885398842,12603200
2017-05-31,64.96626281738281,66.28693887256306,64.56294045336146,66.21576753194948,28327900
2017-06-01,65.68590545654297,65.70172533119045,64.57084563447071,65.21141178686298,17123500
2017-06-02,65.35376739501953,65.6305548954462,64.83182611328853,65.07697989459287,14998500
2017-06-05,65.47238159179688,66.04177637555263,65.30630911878713,65.35375667292877,9080200
2017-06-06,65.60682678222656,65.81244292618665,64.95044072919046,65.07697559732424,12196800
2017-06-07,66.35810852050781,66.51627105913273,65.71753636199446,65.88360883760485,13711100
2017-06-08,67.1805648803711,67.79741329742431,66.3422925164353,66.35811239132906,17951000
2017-06-09,68.7701187133789,68.8412960774548,67.5285241120709,67.62342525300078,19120200
2017-06-12,68.78594207763672,69.38696456681753,68.71476470994878,68.77012220325528,16053400
2017-06-13,69.0152816772461,69.47396153611301,68.7859477813274,69.2367177023477,12557200
2017-06-14,68.8729248046875,69.04690721561376,67.86858002367775,68.61986112520766,16175700
2017-06-15,68.46170806884766,68.86503043789217,68.20073441631799,68.20864435432294,12509700
2017-06-16,68.15328216552734,68.77012455014025,68.02674730021471,68.68313333861644,16936600
2017-06-19,69.6479263305664,69.77446117001037,68.68311929710248,68.77802042668546,15972300
2017-06-20,69.21297454833984,69.52930563257037,69.09435567107778,69.39486688266432,11197800
2017-06-21,68.89667510986328,69.23673009596118,68.61197763157128,69.18137258815528,10005900
2017-06-22,68.81758117675781,69.08646478422379,68.52497982081321,68.74640983077623,12180600
2017-06-23,68.69104766845703,69.59258752415697,68.49334145389977,69.32370996844621,18812000
2017-06-26,68.99154663085938,69.3316015005551,68.50123916770308,68.80966032469293,10082400
2017-06-27,69.63214111328125,70.3359748548236,69.1971849658042,69.36325748570025,15415200
2017-06-28,71.0318832397461,71.22958943959325,70.06707601912966,70.06707601912966,17466200
2017-06-29,72.08367156982422,73.26990860267865,71.41937569399869,73.02474884643286,27697800
2017-06-30,72.28138732910156,72.7558809984757,72.09159106805477,72.72424728271551,16892700
2017-07-03,73.75247192382812,74.33295226977471,72.68694047058489,72.8062118521397,13208100
2017-07-05,74.49198150634766,74.57945122672876,73.64114464448825,74.04668552382768,17535400
2017-07-06,74.25341796875,75.15196934311442,73.85583058305305,74.38064884419,16596100
2017-07-07,74.62715148925781,74.88160717482448,74.13414701099232,74.71462119992468,12817800
2017-07-10,74.10234832763672,74.49198231657967,74.02282598700512,74.34885059682675,13987200
2017-07-11,73.81607818603516,74.21366558628307,73.37872961908155,74.21366558628307,13262300
2017-07-12,73.56163787841797,73.81609362512954,73.21175895167573,73.64115416175842,13540100
2017-07-13,74.03077697753906,74.2534249638317,73.42644239567147,73.70475844523989,12820100
2017-07-14,73.35488891601562,73.64115238248756,72.02694820953397,72.20983505012785,22235200
2017-07-17,72.6710205078125,73.14812414834988,72.55969652724384,73.01294589575964,14374200
2017-07-18,72.41656494140625,72.82210576651167,71.82018387312849,71.92355440761726,14719400
2017-07-19,72.51992797851562,72.85390595291678,72.36089547009703,72.6312519477489,11651200
2017-07-20,72.51992797851562,72.93342220712606,72.28137921588774,72.48017288476164,11561700
2017-07-21,72.2734146118164,72.6471476222691,71.9791978432961,72.40859282977152,10971300
2017-07-24,72.58354187011719,72.79028898004029,72.28933112910862,72.32908622201998,10725100
2017-07-25,73.79222106933594,74.36474180760268,73.37077334528243,73.45029567562969,16447700
2017-07-26,73.10042572021484,74.10234775068439,72.90163200358928,74.03077885801375,11815500
2017-07-27,72.79825592041016,73.20379070346917,72.48813823138747,73.02090389543133,12332400
2017-07-28,72.58354187011719,72.95727493035085,72.28933112910862,72.71872010607794,9351900
2017-07-31,72.99703979492188,73.44233568501764,72.75848495854113,72.76643840420756,11520300
2017-08-01,73.97508239746094,74.06255207736315,73.37870152541859,73.54568744158645,12523700
2017-08-02,74.03872680664062,74.11824307404477,73.56162313551344,73.84788655153022,10165600
2017-08-03,73.55367279052734,74.05463075633098,73.34692563319616,73.71270533204205,11078800
2017-08-04,74.47606658935547,75.06449417875537,74.32498145242378,74.34883572316002,14324000
2017-08-07,74.76234436035156,74.89752870934693,74.51584207303029,74.65897380331113,7978300
2017-08-08,74.49198150634766,75.71655152498036,74.42836606121544,74.70667605029043,13745400
2017-08-09,74.37269592285156,74.49197335274313,73.81607600562705,73.93535343551862,11214400
2017-08-10,73.30715942382812,74.0069109938516,73.21173627335607,73.87173274737576,13252300
2017-08-11,72.69489288330078,73.688861576411,72.55176114882477,73.25946637298297,10679500
2017-08-14,73.54571533203125,73.87173991106737,73.41849051909924,73.45029823900781,10994800
2017-08-15,73.736572265625,74.39656283194894,73.67295681665063,74.19776910393138,8812700
2017-08-16,73.2276382446289,74.13414302154862,73.06065227871527,73.98305788094504,11085400
2017-08-17,72.08259582519531,73.12427285728172,71.96331839352307,72.96524032618686,13837500
2017-08-18,72.15415954589844,72.79030181163223,71.71681704657092,71.81223413973942,13040700
2017-08-21,72.06669616699219,72.31320450164957,71.69296907472979,72.2416356087804,11502100
2017-08-22,72.80619049072266,72.92546790398438,72.3608946190269,72.41655660298886,9211800
2017-08-23,72.89366912841797,73.4264347640596,72.23367261857427,72.25753295751366,8811300
2017-08-24,72.77437591552734,73.25148552359641,72.68691229186206,73.10040040992783,8623200
2017-08-25,73.06859588623047,73.53775207018064,72.99703308191826,73.06064244129546,11794600
2017-08-28,72.8380126953125,73.30716899635264,72.46427955720488,73.28331472229513,7292900
2017-08-29,72.44042205810547,72.60740803577633,71.81223324684717,71.92355723196108,10886100
2017-08-30,72.60741424560547,73.06066367139165,72.51199714546271,72.55970569553409,9165300
2017-08-31,72.2734146118164,73.03678145442812,72.20185181408736,73.00497374431508,13217400
2017-09-01,72.91754150390625,73.4423598902335,72.32116028309991,72.55971519810385,9815800
2017-09-05,71.17610168457031,72.4483802162575,70.78646164462972,72.37681132591435,16897300
2017-09-06,71.65321350097656,71.97923206792456,71.2794803128215,71.56574377325077,11845700
2017-09-07,70.3968276977539,71.66910622991753,70.0390014460119,71.65320540244787,14592300
2017-09-08,70.30936431884766,71.10453923147892,70.1662325919059,70.22189459312196,14242200
2017-09-11,71.39873504638672,71.764514670164,70.73078516236198,71.08066396193215,13219000
2017-09-12,72.2734146118164,72.55967793613335,71.6452259871598,71.70088796318252,14003800
2017-09-13,72.48019409179688,72.758504096311,71.82019746201831,72.05079891338805,12485400
2017-09-14,72.3370590209961,72.78235500762945,72.15416613122721,72.51994584406215,10562800
2017-09-15,72.85391235351562,72.92547516858076,72.17006158717344,72.42451726301924,18171800
2017-09-18,73.88764953613281,74.0625889831104,73.03681264404425,73.10042809143664,11318700
2017-09-19,74.69873046875,75.03270246368349,73.56957752391787,73.72066269307,12626100
2017-09-20,75.2235336303711,75.77220617469847,74.51582855533832,74.8259462369054,15311600
2017-09-21,75.56546783447266,75.83583044821056,74.89752384765471,75.11221839578822,10851500
2017-09-22,75.40641784667969,75.52569526437092,75.08834675507019,75.30304125355325,8358300
2017-09-25,74.84185028076172,75.4461787277972,74.3090785831067,75.15196795052259,10463400
2017-09-26,74.50789642333984,74.7703056341034,74.22163293281669,74.57151188050142,9358100
2017-09-27,75.68472290039062,76.11411793639192,75.20761932706733,75.51773695306252,15090200
2017-09-28,75.8437728881836,76.24136030206594,75.47004581516427,76.01075887400988,10270400
2017-09-29,75.94715118408203,75.95509856451028,75.55751114180373,75.7801651945496,11438400
2017-10-02,77.00472259521484,77.03653031434146,75.90738358550621,76.15388582535982,13797200
2017-10-03,77.41028594970703,77.47390140646628,76.94908298825827,76.99679761417964,9633500
2017-10-04,76.623046875,77.48183714484044,76.55943143278164,77.37051315430955,12166600
2017-10-05,77.65480041503906,77.90274965707093,76.4230785509352,76.78299640572129,14236200
2017-10-06,77.51883697509766,78.09471046151958,77.1589190971663,78.02272932679918,10231900
2017-10-09,77.1109390258789,77.63881903731799,76.89498339679885,77.55083801838393,7765100
2017-10-10,77.68680572509766,77.72679931592867,76.97496374389509,77.15092578008722,10631500
2017-10-11,77.45484924316406,77.59082377826144,76.89497563569718,77.44685540746072,14283600
2017-10-12,76.77499389648438,77.9827281122649,76.479063346469,77.82276598264383,18251600
2017-10-13,76.67103576660156,77.3508841183223,75.95119382271152,76.36710521347706,13190600
2017-10-16,78.25466918945312,78.34265019615688,77.054934845854,77.054934845854,12434000
2017-10-17,78.0787124633789,78.52661132762235,77.83876315629743,78.43863032183675,10335700
2017-10-18,78.3746566772461,78.82256172166784,78.08671989946262,78.5026312905567,10158600
2017-10-19,78.47062683105469,78.54260796450532,77.65480403895984,77.73479121234668,9133900
2017-10-20,79.59040832519531,79.89433894435643,78.96654720566279,79.40644630427757,15326600
2017-10-23,79.45442199707031,79.97430822054325,79.3744409093435,79.5903965585883,9238600
2017-10-24,80.71815490722656,80.93411058583874,79.79036317952855,79.88633805698582,13000800
2017-10-25,80.7981185913086,81.14204273312627,80.1342701240315,80.98208057039658,14632700
2017-10-26,81.37398529052734,81.91786514105596,81.0380611157739,81.06205482794702,13054400
2017-10-27,81.39797973632812,81.76590366684825,80.82211233248837,81.12604285969532,10400400
2017-10-30,81.11005401611328,81.52595929452984,80.67814886035458,80.88609844848023,8839500
2017-10-31,80.47017669677734,81.34198066633098,80.43818305080785,81.0780437658697,8690200
2017-11-01,80.71815490722656,81.34201601936545,80.56619265053034,80.86212332557912,8418200
2017-11-02,81.25401306152344,81.39798144103972,80.11027206591051,80.67814564562335,8731800
2017-11-03,81.11005401611328,81.20602887150503,80.56617412762068,80.86210473463228,7103500
2017-11-06,80.60614776611328,81.33398950598401,80.51017292721286,81.05404662008651,8121500
2017-11-07,78.98253631591797,80.58218262105048,78.58262473963484,80.43021426936966,18822600
2017-11-08,78.09471130371094,78.67858473434221,77.70279977206694,78.5985975586818,18524700
2017-11-09,78.08672332763672,78.5586221072302,77.43086866103994,77.67881795967341,13697800
2017-11-10,77.9907455444336,78.65459402322448,77.98274560550875,78.23068879268973,9314000
2017-11-13,78.27069091796875,78.42265926328056,77.27891195895882,77.33489933320536,9303100
2017-11-14,77.79878234863281,78.20669379680042,77.46285814527847,77.85476971585854,11043800
2017-11-15,78.53462982177734,78.97452885248312,76.743021737142,77.09494584343926,15384100
2017-11-16,78.75857543945312,79.2304681023019,78.6306008244779,78.80656286898609,9808000
2017-11-17,78.49462127685547,78.71057688355776,78.03872245424076,78.2386781852501,9017900
2017-11-20,79.19047546386719,79.3024501936087,78.19069673248575,78.74257044273604,9483200
2017-11-21,79.12649536132812,79.6223878540007,79.11050158512317,79.58239426023985,13389400
2017-11-22,78.89453125,79.59837321309094,78.85453766368703,79.20646169631475,7342200
2017-11-24,78.63858795166016,79.10248670211874,78.5906005299453,79.04649934272992,3680000
2017-11-27,78.32666778564453,79.2864529588892,78.32666778564453,78.63059833333344,13076200
2017-11-28,81.07006072998047,81.34199762416739,78.3586612159859,78.55061702965699,16773000
2017-11-29,82.96564483642578,83.3575564089746,81.54995466891809,81.90987869046184,21105500
2017-11-30,83.5975112915039,85.30913841247751,83.21359960434752,83.7734733573532,23945900
2017-12-01,83.8134536743164,84.23735889187482,81.74190891210824,83.90143469330008,19683500
2017-12-04,85.54106140136719,86.70080833121435,85.39709302739185,86.1649284233702,23576600
2017-12-05,84.55730438232422,85.90900745832528,83.27758856293944,84.44532962951345,17193900
2017-12-06,83.92543029785156,84.58928487344174,83.60549986726403,84.42132277037051,15476200
2017-12-07,83.677490234375,84.13338913176639,82.96564820339837,83.14160414972865,13371800
2017-12-08,84.72525787353516,84.73325781282499,83.45353602174548,83.78146640880519,13506900
2017-12-11,84.4773178100586,84.82923582371623,84.22936850019835,84.55729889942779,10591200
2017-12-12,85.46109771728516,85.87700914991801,84.41333140036284,85.50909125315266,15508800
2017-12-13,84.38933563232422,85.66905135130861,84.36534191605668,85.34112095654324,15020300
2017-12-14,83.70947265625,85.1411503630859,83.6934727800797,84.87721342792418,13034200
2017-12-15,84.8932113647461,85.19714190307226,84.14137580416043,84.61327453968711,29350600
2017-12-18,85.54905700683594,86.08493688754079,85.1651454304545,85.73301895955188,12713100
2017-12-19,85.18915557861328,85.97297875789481,85.1331682086646,85.86100401799744,12149900
2017-12-20,84.8932113647461,86.1649330873928,84.85321777452405,86.06095219368152,13091500
2017-12-21,86.24490356445312,86.4368593491605,85.22912507845766,85.25311878877554,12323700
2017-12-22,85.94099426269531,86.74881734562108,85.42910793941883,86.54086161986304,14573400
2017-12-26,85.59705352783203,86.37288280287403,85.10116718044321,85.7410219098209,7403700
2017-12-27,85.75701904296875,85.81300640627502,85.31711397258736,85.31711397258736,9496500
2017-12-28,86.21292114257812,86.25290863092663,85.70903485379769,85.90099066349997,7440600
2017-12-29,85.5330810546875,86.60484103940026,85.5330810546875,86.45287270341397,8925700
2018-01-02,86.34088897705078,86.39687634203554,85.42909126034742,86.08494586538256,13578800
2018-01-03,86.42887878417969,86.77280294754131,85.96498604233847,86.26891661142972,11901000
2018-01-04,87.6670150756836,88.46296295645456,86.99166071173168,87.12030197494272,12953700
2018-01-05,87.10423278808594,88.07706562953373,86.65400056219237,87.84390790285198,14155000
2018-01-08,87.23286437988281,87.37758274126287,86.58967029953736,86.95146926996418,12466500
2018-01-09,87.67505645751953,88.14136570055048,87.22481817141812,87.40973845330936,13292300
2018-01-10,88.63985443115234,89.00164730177956,87.94842287639257,88.01274351728973,15834500
2018-01-11,89.11419677734375,89.18655902487522,88.47905044498002,88.97752002906059,13676800
2018-01-12,90.58550262451172,90.73022099126331,89.11420025152955,89.76543596888847,18884200
2018-01-16,90.26390838623047,91.1965392530258,89.29912333378005,89.65288071552362,22703300
2018-01-17,90.8427734375,91.09201435784078,89.49207080909548,89.95838619920073,14940300
2018-01-18,91.05985260009766,91.42968703448057,90.26389857766728,90.65785784960062,14572900
2018-01-19,90.85884857177734,91.92814986799634,90.69001152500593,91.60655899830944,18785500
2018-01-22,91.9201431274414,91.96838054618459,90.44884051622832,90.57748181148293,12475700
2018-01-23,91.82364654541016,92.16936230018987,91.13221503585072,91.38949144866677,12320800
2018-01-24,92.99747467041016,93.26279270802155,92.18544959862326,92.34624506350384,15904500
2018-01-25,93.0215835571289,93.3994596070578,92.52311398824665,93.29494317931386,13510000
2018-01-26,93.52008056640625,93.52008056640625,92.42665409646018,93.02160475000437,13883900
2018-01-29,93.423583984375,94.3481732008701,93.27886561888923,93.27886561888923,11679900
2018-01-30,92.54722595214844,93.74516851348395,92.44270953201604,92.8849000485325,14279100
2018-01-31,92.99747467041016,93.79342878324432,92.58744439477853,92.98139757750361,13141400
2018-02-01,93.9622573852539,94.05873220189778,92.8447124434719,93.07786400633009,13800600
2018-02-02,91.87991333007812,94.00244498656517,91.7271533717706,93.65672927783683,16477300
2018-02-05,87.47406005859375,92.12915386598178,83.59883091372981,90.850813505206,30097600
2018-02-06,90.1352767944336,90.43275516207525,85.71333388416292,85.9062896754676,33114800
2018-02-07,90.74632263183594,92.01662173781008,89.36345932092135,89.68505643828948,21878300
2018-02-08,86.73439025878906,90.93925829516347,86.70222994078398,90.93925829516347,27425800
2018-02-09,88.47100830078125,89.28303944068324,85.4078101653045,87.71525618241978,28188000
2018-02-12,89.83778381347656,90.63373782429962,88.49512283854507,89.37951004995102,18043300
2018-02-13,90.39253997802734,90.89101567761624,89.08203929765978,89.5001111398659,16358200
2018-02-14,92.48292541503906,92.67588120718293,90.4729513561746,90.55334909173837,15186900
2018-02-15,92.86883544921875,93.25474700157575,91.83168818458483,93.05374961232003,12130200
2018-02-16,92.2015380859375,93.31908326664079,92.05681969607893,92.0970216342442,13214300
2018-02-20,92.22563934326172,92.77235247549936,91.63068880151744,92.17740193375508,13461500
2018-02-21,92.6115493774414,94.42856117036196,92.19347141637883,92.45878941467397,14212500
2018-02-22,92.4427261352539,93.60850859194073,92.26584744329782,92.86079802482426,17070400
2018-02-23,94.31600952148438,94.38033015584226,92.70803046625721,92.70803046625721,12162500
2018-02-26,95.48986053466797,95.5943831285845,94.32407784310615,94.98334919707067,16511200
2018-02-27,94.35621643066406,95.94007686507634,94.34817481745664,95.60240271780822,17563300
2018-02-28,92.86076354980469,95.26468982376073,92.73212231833939,94.72601846839075,17735600
2018-03-01,91.19652557373047,93.7773310291758,90.56941477030769,92.84470643622603,18690000
2018-03-02,91.10807037353516,91.30102609468497,89.33929630609958,90.36036005338383,18353700
2018-03-05,92.50702667236328,93.20649972112733,89.95838151863266,90.08702277843183,13933000
2018-03-06,92.58745574951172,93.11808575585606,91.91210121949082,92.97336736613404,10674400
2018-03-07,92.24172973632812,92.53920196333742,90.93926437286574,91.45381722742903,13006500
2018-03-08,92.24974822998047,92.64370747886734,91.01964534685256,92.54722653616903,11173700
2018-03-09,94.90293884277344,94.93509916478718,92.99748116764991,93.7049959840439,15366600
2018-03-12,94.59742736816406,95.4737731627918,94.26778865968285,94.87078091123732,12339300
2018-03-13,93.46379089355469,95.24864878495454,93.12611673408819,95.03156815818761,13312300
2018-03-14,92.4186019897461,93.7371444419359,92.13720685677032,93.71302573538851,12905100
2018-03-15,92.6517562866211,93.26279007704669,92.32212375272879,93.15827364121813,8748000
2018-03-16,92.81255340576172,93.74517807190779,92.7321495455127,92.7321495455127,19888900
2018-03-19,92.08092498779297,92.82059392419806,91.09202124615332,92.53919879990849,13214900
2018-03-20,92.16935729980469,92.8205868426124,92.0165973294362,92.35427758677463,9921200
2018-03-21,92.24974822998047,93.76928780725058,91.82363480081356,92.30602724639964,13633000
2018-03-22,88.39864349365234,91.33320640945982,88.06901098673347,91.01160938113311,22550400
2018-03-23,86.03492736816406,89.17852346169724,85.83392997154071,88.6559290036858,23081500
2018-03-26,88.68807220458984,89.3714681283627,87.35345293827586,87.78760796725585,20217500
2018-03-27,86.9675521850586,89.79759896733506,86.26808516984632,89.29912321499164,18039900
2018-03-28,86.83086395263672,87.77153017330824,85.74547938001935,87.05598002589626,19189300
2018-03-29,88.41472625732422,89.06595578917117,86.65398729023806,87.2328607114145,13274600
2018-04-02,86.71026611328125,89.02575979273776,85.28720740107617,88.40668444440132,18822500
2018-04-03,87.90019989013672,88.03687667401111,86.23594137097251,87.12032885962822,14050700
2018-04-04,89.23479461669922,89.4116732915593,86.04295525841475,86.1072758918099,15302600
2018-04-05,90.40648651123047,91.17415345922996,90.01053561429694,90.2044698667662,16627000
2018-04-06,88.15198516845703,90.13983449135415,87.12574326725812,89.33176786629517,18906000
2018-04-09,89.2105484008789,91.2953615806116,88.7984327339414,88.8954029394145,15974300
2018-04-10,90.91558837890625,91.2064928912646,90.03479244841573,90.60851907971698,13951400
2018-04-11,89.3883285522461,90.34992360368771,89.30751696106611,90.22871854703541,14503300
2018-04-12,91.61051177978516,92.4347369912271,90.09942503290625,90.14790705562083,16435500
2018-04-13,89.12974548339844,93.04886713011715,88.11966226697307,92.94381452997135,39152800
2018-04-16,89.0570297241211,90.075195486129,88.71764319180501,89.64692112415018,16580500
2018-04-17,89.0570297241211,90.43882303288773,88.87925406479563,89.9943900496337,15501400
2018-04-18,88.33785247802734,89.75196922032612,87.9903835461744,89.31561245718105,16081400
2018-04-19,90.2771987915039,90.39841001082753,88.48329000767856,88.50753101853155,17911000
2018-04-20,90.0751953125,91.10143730063751,89.59843275749529,90.74589214773155,15584400
2018-04-23,89.63880920410156,90.46303424895075,89.39638680940955,90.15597122539077,11285800
2018-04-24,89.21862030029297,91.2307040480307,88.55599988840687,90.30142639130548,16453100
2018-04-25,88.87923431396484,89.31559097214348,87.75602235062026,89.10549195189637,13548200
2018-04-26,88.9681396484375,89.54994864061126,88.3540072494697,88.86309320015147,10299500
2018-04-27,88.40249633789062,89.01662874308086,88.1843148810851,88.52370757333152,9384000
2018-04-30,87.90147399902344,89.12973854704215,87.87723299012514,88.68529950037916,13744900
2018-05-01,87.90147399902344,88.05500860879033,86.89947325252474,87.63481057102564,10503400
2018-05-02,87.20653533935547,88.47519949977485,87.05300689635034,87.36006994741874,12162100
2018-05-03,86.65704345703125,87.08531768460114,84.99242856042142,86.93986547853423,15379100
2018-05-04,87.61865234375,87.86915099022599,85.63889185083194,86.00251931604276,11967900
2018-05-07,88.37825012207031,88.62874880619405,87.56210109420178,87.8853289813332,9356700
2018-05-08,89.68729400634766,89.97011603224588,88.30550110976677,88.50751772327375,12543200
2018-05-09,91.64283752441406,91.8286893929403,89.71963504015412,90.05094531065768,11368100
2018-05-10,92.35391998291016,92.47513118955433,91.10949684714221,91.46504807594964,9159700
2018-05-11,92.00648498535156,92.70950531041325,91.85295032279478,92.51556484242775,10253000
2018-05-14,92.03877258300781,92.68522206290191,91.90947898799423,92.20846580266968,8710700
2018-05-15,91.33575439453125,92.04685685149485,90.96404454887212,92.04685685149485,11536200
2018-05-16,91.5862808227539,91.86910911216636,91.01255418047879,91.22265325788064,7571100
2018-05-17,91.27920532226562,91.64283900295771,90.66507296036232,91.47313958626594,8617200
2018-05-18,89.80045318603516,91.1499293060808,89.56611309530939,91.10952350369158,11806300
2018-05-21,90.62466430664062,90.93980976616635,90.4388062885585,90.54385888510606,9441900
2018-05-22,91.31961059570312,92.3539348845166,90.73780164198078,90.78628366643795,11507600
2018-05-23,90.89939880371094,91.12565643716455,89.79235164501887,90.9155635861337,11453900
2018-05-24,89.88125610351562,90.62467594116849,88.98430162969517,90.61659354845986,14084800
2018-05-25,89.42064666748047,89.76003313615368,89.04893063220014,89.25902965973718,8283500
2018-05-29,85.59849548339844,88.24087056199618,84.81466989225294,88.22471194256569,30643800
2018-05-30,87.55401611328125,87.7560327661338,86.18030533990753,86.98028955898711,17490800
2018-05-31,86.4712142944336,87.42473319191436,85.99445176316357,87.23079275628284,19808200
2018-06-01,87.59442901611328,88.030785761482,87.10959024294566,87.54594082325488,13594200
2018-06-04,87.63483428955078,88.28937253224808,87.48938203173581,88.07119106299568,9415400
2018-06-05,87.14189147949219,87.52168373431954,86.51968296513516,87.46511932392345,10415200
2018-06-06,89.17823791503906,89.48530102925574,87.65907479961949,87.8045270463662,15453600
2018-06-07,89.53377532958984,90.09941944302942,88.91156063974785,89.84083839616298,13444400
2018-06-08,89.7842788696289,89.8085198808011,88.93580648824903,89.38832796867906,10383200
2018-06-11,89.5580062866211,90.43071953373082,89.5095181072987,89.79234629732969,12642900
2018-06-12,89.04085540771484,90.1236616290182,88.49944613200464,89.80851616669507,15294100
2018-06-13,88.86307525634766,90.05901024093887,88.54792981006632,89.25902612076761,14979700
2018-06-14,87.2954330444336,89.1782296855016,87.09341639620892,89.11358287845559,20487300
2018-06-15,87.19037628173828,87.57824474796551,85.8732239456523,87.10957086502913,26028600
2018-06-18,87.41666412353516,87.59443980076496,86.21264635283364,86.67324416881075,9786800
2018-06-19,86.90757751464844,87.17423484469391,86.13991043768424,86.38233291779078,12707200
2018-06-20,86.89945983886719,87.78833162993018,86.81865443332642,87.41662183239683,8876900
2018-06-21,86.87522888183594,87.44087295110187,86.08332101980565,86.54391866622449,11048700
2018-06-22,85.45304107666016,87.57017774166854,85.25910682312816,87.4004844991957,19478900
2018-06-25,84.67729949951172,85.4126368974728,84.00660274391176,85.38031965882168,16907600
2018-06-26,84.7338638305664,85.01668590642433,83.3197472862179,84.61265260803904,17086800
2018-06-27,83.42479705810547,85.59041587059299,83.41672083065743,84.58841497677312,16276800
2018-06-28,84.7904052734375,85.21867946728396,83.64295249651728,83.7803223011365,14491300
2018-06-29,84.20054626464844,86.38233001716608,84.16014662936043,86.2045543597321,18972400
2018-07-02,84.91165161132812,84.91972783960841,83.53793450133003,83.81268038935355,11130000
2018-07-03,83.72377014160156,85.47727295826232,83.65104095113323,85.17829230038723,8311700
2018-07-05,84.26811981201172,84.8043387100613,84.11375085415828,84.60122427017448,10723400
2018-07-06,84.54438018798828,84.90186370290905,83.03320776399406,83.78067385869774,12173700
2018-07-09,87.1604995727539,87.30674227130805,85.07248260918611,85.07248260918611,13900800
2018-07-10,86.6242446899414,88.0704184456493,86.55112027159277,87.76168054371581,14575900
2018-07-11,86.4373779296875,86.98172312447616,86.2911352894469,86.37237982323377,10186500
2018-07-12,86.81112670898438,87.38797108301914,86.09616597748257,87.27422747115662,12456800
2018-07-13,86.41301727294922,87.58295855847246,85.42181770588775,87.1767296341726,21289100
2018-07-16,89.84159088134766,89.99595365841122,86.91674384996848,86.9736156517417,24662600
2018-07-17,89.77658081054688,90.12593788879278,89.167237501878,89.93094976561574,14821900
2018-07-18,90.61343383789062,91.09278724987695,89.53286328071674,89.71160502082817,14244900
2018-07-19,89.28097534179688,90.25592209346948,89.15098533423532,90.2315493544617,16775300
2018-07-20,90.41030883789062,90.78403870622755,89.19162205909399,89.37036377842067,13578100
2018-07-23,92.09210205078125,92.815189088452,90.12595541348688,90.2315727093779,18140000
2018-07-24,92.7420654296875,93.25391164708563,92.14896846790359,92.25459195618048,14000400
2018-07-25,93.57891082763672,93.85514356683528,92.11648397728405,92.5227129692084,13329100
2018-07-26,93.31077575683594,93.91199278464718,93.09141488133758,93.77387644827559,11897800
2018-07-27,94.26948547363281,94.48885256928357,93.27828588246805,93.57889752524213,12802700
2018-07-30,94.83821105957031,95.55317176248661,94.29385956906455,94.47260129443406,13411600
2018-07-31,93.39202880859375,95.12256802268037,93.2864115179581,95.12256802268037,15843800
2018-08-01,93.9688720703125,94.80570261207076,93.66013413940752,94.04199029696193,13531600
2018-08-02,94.3669662475586,94.44821078056094,92.88829343209783,93.08328155101557,11058100
2018-08-03,95.13069152832031,95.16319058780358,94.19636991206363,94.24511540200766,11016100
2018-08-06,95.15509033203125,95.48819491377523,94.39137777118133,94.88697768425673,9857400
2018-08-07,95.50442504882812,96.10564213672178,95.32568332575015,95.65878782902685,10562100
2018-08-08,95.69942474365234,96.08940109689001,95.28506944459525,95.32569482239859,8997100
2018-08-09,94.96005249023438,95.64252017247135,94.8138098582236,95.47190480155217,9694200
2018-08-10,94.0257568359375,94.20449236969576,93.17267354934087,93.83888878890403,12630600
2018-08-13,92.53079986572266,94.14758882921798,92.47392807902361,93.88760263308527,10336300
2018-08-14,93.1482925415039,93.4651506030346,92.33583470197672,92.83955459540428,10597600
2018-08-15,92.37646484375,92.88831731050962,91.78337402166495,92.47396202755233,10152100
2018-08-16,93.24578094482422,93.68450890990262,92.86393097756381,92.90455014928365,10118600
2018-08-17,93.24578094482422,93.48952076938819,92.86393097756381,93.14016366007915,8505100
2018-08-20,93.12393951416016,93.47329670706472,92.70958419267735,93.09956056702129,8618700
2018-08-21,93.69263458251953,94.56196419295894,93.33515116188836,93.7332599525226,10976700
2018-08-22,93.40827941894531,93.76576285423724,93.25391044487627,93.68451211089894,8314700
2018-08-23,93.21329498291016,93.55452580369541,92.96955514031401,93.4001568234804,9265400
2018-08-24,93.17269134521484,93.61141944509863,92.98582326248979,93.41643124467133,8845700
2018-08-27,94.82196044921875,95.28506120273319,93.57077454356036,93.61139991784974,13768000
2018-08-28,94.35885620117188,95.08194320709839,94.220739851402,95.05757046285213,8302600
2018-08-29,94.05013275146484,94.54573259012521,93.725148336162,94.52947996015088,7221700
2018-08-30,93.58702087402344,94.27760880053141,93.41640547090228,93.91199905221913,8991800
2018-08-31,93.09140014648438,93.30263467506676,92.47393058944655,93.29451456143207,13065700
2018-09-04,93.55451202392578,93.62763024679793,92.31957276122498,92.89641702527257,10174200
2018-09-05,93.09956359863281,94.00139251669322,92.82333084102441,93.4326743695213,11462400
2018-09-06,92.70143127441406,93.18890470173497,92.21395784709316,93.02641562548165,9877600
2018-09-07,92.88019561767578,93.24579922764485,92.31959763039825,93.02643830137589,10955600
2018-09-10,92.38459777832031,93.40829658662828,92.34397859774712,93.31079939584001,8276900
2018-09-11,92.96953582763672,93.0914057236186,91.95396369205498,92.24644896298736,9333800
2018-09-12,91.87273406982422,93.33515446324402,91.68586603918608,92.8233082553313,10800800
2018-09-13,92.23020935058594,92.72580911855991,91.53962144066588,92.10834563597044,12470800
2018-09-14,92.21397399902344,93.01830560491535,91.99461308780275,92.46583397089944,10337900
2018-09-17,92.49020385742188,92.96955723906574,92.05148204854353,92.44958468178001,9561300
2018-09-18,92.86394500732422,93.15643036156477,92.26272166885074,92.88831775375057,7944200
2018-09-19,95.56128692626953,95.91876413673442,92.97767092140289,92.97767092140289,16052800
2018-09-20,96.38186645507812,96.87746620830771,95.93501838480562,96.27624917269976,15590000
2018-09-21,95.74816131591797,96.86935717376349,95.6587904519285,96.78810642572812,24788200
2018-09-24,94.83008575439453,96.24376074503924,94.59447222286012,95.67504270241257,12492500
2018-09-25,94.56198120117188,95.84566626199764,94.50510939207516,95.09008011339131,9308300
2018-09-26,93.44891357421875,94.95196578709351,93.15643440584272,94.85446859859321,14023600
2018-09-27,93.04267120361328,94.05012341085296,92.75019207730674,93.77388451578352,13283000
2018-09-28,91.67774963378906,92.81519197286994,91.41776334473303,92.33584477058874,15815100
2018-10-01,92.21397399902344,93.11580278688123,91.84024409933062,92.10835670081526,10146300
2018-10-02,92.5958023071289,92.71767219821677,91.65334842784692,92.10020262898237,13753100
2018-10-03,93.46515655517578,93.96888267924353,93.01018211960607,93.38391200576145,17142000
2018-10-04,94.30785369873047,95.56780151921303,93.44061940023026,93.71879277871145,16357400
2018-10-05,93.77606964111328,94.9869244577992,93.28517614259562,94.76602737704236,13777600
2018-10-08,94.34874725341797,94.7250942658405,92.73699605889047,93.47332988405132,14370900
2018-10-09,93.6942367553711,94.11149367379954,92.99881271930317,93.8169601127876,14069500
2018-10-10,91.19888305664062,94.04603224402665,91.19888305664062,93.84149541335938,23086400
2018-10-11,88.46627044677734,91.19888583352025,87.85265993609192,90.78981215972998,33705600
2018-10-12,87.50086212158203,90.6752780352762,86.39636437759816,90.29893097950232,32075700
2018-10-15,87.00178527832031,89.0553368527493,86.98542507796049,87.70539249120087,18903200
2018-10-16,88.86714935302734,88.99804965661447,87.32085167497556,87.67265521369445,19302800
2018-10-17,89.85713195800781,90.65073594812905,88.54809734428845,88.67081446278605,18794500
2018-10-18,88.43354034423828,89.8652981464926,88.20446009459256,89.19441759740076,17582500
2018-10-19,88.28628540039062,89.3580564541102,87.7626653427136,88.07356533714393,15234500
2018-10-22,87.01815032958984,88.63807854397696,86.81361349753307,88.48263479615257,16199100
2018-10-23,86.1100082397461,86.85452532138446,84.84187735557985,85.25095102892782,21407500
2018-10-24,84.50643920898438,85.93001382797054,84.19554546795509,85.70911679339136,23168900
2018-10-25,85.79090881347656,86.64178258031431,84.8582215817821,85.23456851369677,17464700
2018-10-26,84.61280059814453,85.54548811261108,84.04828315010582,85.08732757693464,19174900
2018-10-29,85.78274536132812,87.23904659404188,84.84187469375289,85.46366840548494,18445200
2018-10-30,87.29631042480469,87.52539690159172,85.79092245772799,86.48634638256163,18019700
2018-10-31,89.19441223144531,90.38891273325422,88.18809458933215,88.42535804561099,20860000
2018-11-01,89.16169738769531,90.17619831341742,88.621717162121,89.68531117142084,13065000
2018-11-02,88.67081451416016,90.65891298057527,87.94266381479535,89.91440207939111,19009200
2018-11-05,89.2516860961914,89.41531930162066,88.70352890243267,88.85897888709832,10276400
2018-11-06,89.66896057128906,89.72623064394035,88.16357223761506,88.90808318208194,10825000
2018-11-07,91.20706939697266,91.41160623463526,89.46441154522721,90.2989253383932,12679600
2018-11-08,91.94338989257812,92.39337339734581,90.8143488832998,90.82253210392332,11662500
2018-11-09,91.05160522460938,91.92702250380893,90.6752582509502,91.8206656118948,10432200
2018-11-12,89.13713836669922,91.5834030828696,88.85078808409493,91.15796302702779,13279700
2018-11-13,89.66077423095703,90.91254504732457,89.25988373633895,89.25988373633895,13746100
2018-11-14,87.81175994873047,90.57709585091091,86.70726223217146,90.18438860331929,18361400
2018-11-15,90.05348205566406,90.06166527723256,87.3863198435226,88.55627084905346,19100000
2018-11-16,89.98800659179688,90.61798341597819,88.80987889698629,89.54620636550506,13798600
2018-11-19,90.67528533935547,90.97799590753074,89.61169113460339,89.96349479537801,13987000
2018-11-20,88.72807312011719,90.39709437868302,88.34354912833213,89.81621053861826,18936200
2018-11-21,88.06536865234375,89.6771197182163,88.06536865234375,89.20259281966099,10619600
2018-11-23,87.25542449951172,87.8608518488613,86.77271427086376,87.32905477193269,6488400
2018-11-26,89.39078521728516,89.97985233441561,87.90993420284077,88.1308374927493,13948300
2018-11-27,89.76714324951172,90.02076697298679,88.87535924308428,88.98172241122798,9238200
2018-11-28,90.7652587890625,91.14160577866117,89.07169421488437,89.83257141441183,13977300
2018-11-29,90.04529571533203,90.65072925104926,89.7016753249859,90.2171059105051,11144300
2018-11-30,90.96981811523438,91.0761750379725,89.65260020469175,89.87349727252318,18652700
2018-12-03,91.82886505126953,92.36066212485377,91.41979133958466,91.94340519118374,16034500
2018-12-04,87.72993469238281,91.30523427491427,87.3208610565257,91.30523427491427,23555900
2018-12-06,86.0609130859375,86.19999662337273,84.17098865303085,85.91364632807424,27213900
2018-12-07,84.50643920898438,87.52540488070241,84.19554546795509,86.03637697666728,19248600
2018-12-10,82.92742156982422,84.67007329745968,81.22567346730632,84.16282590061041,23636400
2018-12-11,82.11746215820312,84.80916802936262,81.98655556949241,84.37554463573565,16860700
2018-12-12,82.64923858642578,84.18735952551295,81.8638179171332,83.17285860792278,22621500
2018-12-13,82.73106384277344,83.42648785502357,82.36289378313346,83.08286745960149,17250900
2018-12-14,82.05199432373047,83.40193863123523,81.7001907313743,81.80654763437738,19879500
2018-12-17,81.00475311279297,82.27287748210405,80.538409475207,81.62654046826255,25113500
2018-12-18,80.62023162841797,82.54287643813826,80.27661127780615,81.34019896902868,20837200
2018-12-19,79.59752655029297,82.28923107038595,79.03300309328027,80.51385348542033,28767900
2018-12-20,78.9103012084961,80.40751220144321,78.2885137813445,79.04120776703428,31825200
2018-12-21,77.04492950439453,80.53023873935511,76.65222229711274,79.09848096878787,41313900
2018-12-24,75.38410949707031,77.08585778038916,75.38410949707031,75.99772011675039,17009300
2018-12-26,78.5093994140625,78.5093994140625,74.5413870026912,75.8340609919857,22542900
2018-12-27,79.39300537109375,79.48300206282985,76.5376733788305,77.57671758073661,20304700
2018-12-28,79.2212142944336,80.44025217351869,78.90213730757219,80.13753538820202,17963300
2018-12-31,79.86752319335938,80.84111401055131,79.17209315569316,79.8429735367861,13237200
2019-01-02,81.25019836425781,81.63472855610523,78.49304622963498,78.5012232076124,15670900
2019-01-03,80.09550476074219,81.56363265493655,79.74909383366125,81.35743477557982,16286400
2019-01-04,83.04827880859375,83.24622705589266,81.06052777862371,81.74510640416486,16935200
2019-01-07,83.10601043701172,83.69161176763373,82.23997666638616,82.83382767565385,15430700
2019-01-08,82.94924926757812,83.98023824937296,82.1079650272028,83.82352591048979,13578800
2019-01-09,82.80908203125,83.70810189963996,82.42142895307788,83.147243331943,14230300
2019-01-10,82.80081176757812,83.08124412803804,81.87704309377861,82.49563667086042,14376100
2019-01-11,82.40491485595703,82.6193560972094,81.61310954500021,82.38841550345501,15439900
2019-01-14,83.25447082519531,83.60088180654427,81.37394687768858,81.54715236836306,21258500
2019-01-15,83.86480712890625,84.51639322463315,81.32444758186826,81.56363789240044,26504900
2019-01-16,84.54110717773438,85.32465638573304,83.96375579212042,84.33490935534965,18533000
2019-01-17,84.88753509521484,85.3659156496735,84.06274363966244,84.21945602986841,14247600
2019-01-18,86.26493835449219,86.5206279937287,84.81330987230011,85.58860958882144,16428700
2019-01-22,84.9040298461914,85.44013922911438,84.23594452439755,85.0195001402972,17083700
2019-01-23,84.68960571289062,85.53089041558859,84.1040044045366,85.31644912024372,12146700
2019-01-24,84.73908233642578,85.02775812125009,84.07925287006455,84.2359589860205,11296800
2019-01-25,85.27519226074219,86.03399892675903,84.73907652985604,85.37416950561123,14369400
2019-01-28,85.67933654785156,85.97626198361662,84.61535478513673,84.86279474582747,12283100
2019-01-29,85.91852569580078,86.69383168923177,85.5556217289548,85.67933541500484,9743300
2019-01-30,86.11648559570312,86.80105777465921,85.59686291096958,85.89378836148592,12526300
2019-01-31,85.36590576171875,85.6133456867872,84.73081918327578,85.29167755979343,17520600
2019-02-01,85.67933654785156,86.47938528907076,85.38241111208652,85.77831379065978,13000800
2019-02-04,85.98452758789062,85.98452758789062,84.96178772672788,85.6051241925022,9871500
2019-02-05,85.60511779785156,86.23196115294103,85.19272201288801,86.20721212000858,12763000
2019-02-06,85.56387329101562,86.28969387939969,85.34118234218148,85.53913055144073,8745000
2019-02-07,84.442138671875,85.36590727684636,83.6668390587068,85.15970943318247,13177500
2019-02-08,83.6008529663086,84.40914497728197,82.52862167850947,84.19470375384911,12892600
2019-02-11,83.2049560546875,84.13697438513815,83.11422849521604,83.93077653045921,10978500
2019-02-12,84.62360382080078,84.887536840297,84.03800263043917,84.08748810513859,12852300
2019-02-13,85.02775573730469,85.65459906153403,84.87104962574234,84.87104962574234,10754100
2019-02-14,84.47512817382812,85.03598654099206,83.59260168503505,84.51637025820462,11518500
2019-02-15,87.05671691894531,87.18043056942628,85.49786199630812,85.69581012973536,14716900
2019-02-19,86.75157165527344,86.90828405651422,85.62160501624325,86.52888071536377,12764900
2019-02-20,87.17222595214844,87.26295353128495,86.50414047917408,86.77632321658362,10030300
2019-02-21,86.99073791503906,87.41962661486028,86.57009259736151,86.97423856543547,8400100
2019-02-22,86.60311126708984,87.502131020719,86.42165612237129,87.18046282513976,10647300
2019-02-25,87.51036071777344,88.47536508418267,87.17219953745558,87.22168500465854,11230700
2019-02-26,86.84229278564453,86.99075549879544,85.72882558334244,86.19070678307442,15465400
2019-02-27,86.73506927490234,86.9165181025716,86.19895359011169,86.75156233463257,9968800
2019-02-28,86.07524871826172,86.77632029398247,85.92678598400767,86.61136449710474,15156900
2019-03-01,86.13298797607422,87.35368232611525,85.94328313724128,86.68559684384321,13813300
2019-03-04,85.93502044677734,87.36190608585306,85.17620755457159,86.53711466217396,12466300
2019-03-05,85.86902618408203,86.23193638426136,85.16795480954707,85.88551924197269,10856600
2019-03-06,85.54737091064453,86.24844239042972,85.40715787321938,85.66284121118989,9070800
2019-03-07,84.92877960205078,85.34117534156339,84.26070051769143,85.1597202093523,12705700
2019-03-08,84.96176147460938,85.14321658430622,84.12047074649834,84.12047074649834,10582400
2019-03-11,86.0669937133789,86.23195579270636,85.49789184451396,85.76182487877797,9763200
2019-03-12,85.81130981445312,86.4299034495406,85.57211952043346,86.2649413712547,10219100
2019-03-13,86.09996795654297,86.58659812202339,85.73705775128019,85.93501220469184,13022200
2019-03-14,86.88350677490234,87.32065142082178,86.15769274426587,86.19068514920268,10926500
2019-03-15,87.88152313232422,88.08772097515684,86.79279877387437,86.9412614724202,24811700
2019-03-18,88.40939331054688,88.90426689834528,87.8402852236162,87.88152731120735,12935500
2019-03-19,88.08772277832031,89.40738774093096,87.88152493126681,89.24242568769282,12889300
2019-03-20,86.20720672607422,87.96401668739894,86.11648544830608,87.78256154654287,14920700
2019-03-21,84.8463134765625,85.35768023715663,84.35968316428368,85.35768023715663,19751000
2019-03-22,82.28121185302734,84.3926763373027,82.08325733813113,83.98028053692639,31115200
2019-03-25,81.59661865234375,82.94927613111078,80.90379056002001,82.14097773884298,21032300
2019-03-26,82.41316223144531,82.8090649061003,81.50589287232458,82.33068434291789,15987100
2019-03-27,82.13275146484375,82.8503161507414,81.72035565265955,82.38018517655784,12753200
2019-03-28,83.06475067138672,83.13898517808855,82.26470191474773,82.47914946530224,12454100
2019-03-29,83.49364471435547,84.12048171163268,82.96577237522048,83.74932806080645,14523400
2019-04-01,86.30619049072266,86.33918290906595,84.22771847637756,84.25246121696995,17499300
2019-04-02,86.71855926513672,86.96599917929505,86.050480306631,86.27317119524677,10295400
2019-04-03,86.89178466796875,87.72482585834982,86.42990343417006,87.27118800896908,11499200
2019-04-04,87.73120880126953,87.87250109509799,86.80868419376151,86.89179954571158,11952100
2019-04-05,87.52342224121094,88.18830692943153,87.25746963408477,87.93066712463096,9933700
2019-04-08,87.80598449707031,87.80598449707031,87.19097039375204,87.35718836519725,8056300
2019-04-09,87.15773010253906,87.43198913572705,86.6424442187386,87.33226088395305,9092200
2019-04-10,87.54834747314453,87.86417052876006,86.82529224751914,87.37381668279323,10882300
2019-04-11,88.28804016113281,88.70359149960206,87.73119654856825,87.85586321827107,11183800
2019-04-12,92.42694854736328,92.95885387192361,90.49047735657966,90.95589927117867,25834100
2019-04-15,91.37142181396484,92.252388540336,90.68991793603799,92.18589881058469,15163800
2019-04-16,92.33551025390625,92.57653080185482,91.30494466401038,91.33818953346643,11583200
2019-04-17,94.99505615234375,95.29425367887171,92.2607270765146,92.83418371835037,17791900
2019-04-18,94.29692077636719,95.53526214469584,94.18887969752342,95.18620049845195,12501900
2019-04-22,94.41326904296875,94.68753446619529,93.63203678700464,93.77332272958414,7975900
2019-04-23,94.52962493896484,95.05322372919264,93.7899439992822,93.91461067985124,9193100
2019-04-24,94.37171173095703,94.87037207016424,93.75669118315157,94.13069119316465,9245700
2019-04-25,94.42158508300781,94.87038133436283,93.4990605120243,93.92292469510585,9311800
2019-04-26,95.13630676269531,95.22772854743272,94.41324528544736,94.70412990015319,7889300
2019-04-29,96.50763702392578,97.37198449624978,95.11969085098465,95.24435751021777,14242200
2019-04-30,96.4494857788086,97.00632315208034,95.79291378342987,96.76530257093032,11389100
2019-05-01,95.70979309082031,97.23901906500566,95.6682354181435,96.17520858890965,10412900
2019-05-02,95.91753387451172,96.22503771352153,95.22771734024336,95.71806472720944,8613300
2019-05-03,96.50763702392578,96.97305245486575,96.13363704622644,96.40790242837735,8185400
2019-05-06,95.65161895751953,95.96744208211209,94.51301217072151,94.89531870081825,9387000
2019-05-07,94.08914184570312,94.77064584909226,93.3245288352296,94.77064584909226,15017700
2019-05-08,93.59044647216797,94.47141303135896,93.46577983774453,93.63200413057858,9575800
2019-05-09,93.51566314697266,93.69850673621004,91.90332839084519,92.36874382467872,12205900
2019-05-10,93.50735473632812,93.78161377365537,91.87008160969322,92.87571498871866,13189000
2019-05-13,90.96420288085938,91.79530571701456,90.57358987414806,91.48780172575646,13783700
2019-05-14,91.687255859375,92.85080098683929,91.00575185255904,91.0473095267156,10503600
2019-05-15,91.33818054199219,92.16928317414714,90.2660573856151,90.7647176967461,10142000
2019-05-16,92.5100326538086,93.22478143011719,91.91163773961442,91.93657614504745,9672700
2019-05-17,92.06124877929688,92.87573226382678,91.28001650645763,91.421302452089,9570100
2019-05-20,92.54328155517578,92.92558802462193,91.72880448486316,91.90333528564443,8518200
2019-05-21,92.85908508300781,93.01699024620346,92.43522103272716,92.61806459719368,7967900
2019-05-22,92.1028060913086,92.9089767697491,92.04462915270004,92.58484720595705,7918900
2019-05-23,90.2909927368164,91.24676206674843,89.3435362089353,91.1220953992251,14558000
2019-05-24,91.1802749633789,91.38805063497739,90.7481043564106,91.02236342390476,8537300
2019-05-28,90.19125366210938,91.2800024076253,90.12477027142924,90.75640369815427,11665500
2019-05-29,89.9419174194336,90.09151612947774,88.97783543452485,89.3019649161523,9966400
2019-05-30,88.97783660888672,90.73977629034924,88.54566607461588,90.29929295518592,10367800
2019-05-31,88.06363677978516,88.58722917103303,87.13279952120108,87.7311944488044,10952800
2019-06-03,88.47918701171875,88.8116293385793,87.51511123871418,87.93066256208736,11680700
2019-06-04,91.20520782470703,91.33818729927852,89.0360292870399,89.63442424099087,12858600
2019-06-05,91.52933502197266,91.73711069005735,90.2909938156148,91.30494009039768,8340500
2019-06-06,91.72879791259766,92.14434922015363,90.53200811777732,91.54595432274347,8726700
2019-06-07,90.7231674194336,91.43790985781246,90.5569430865932,91.17195726607778,10618900
2019-06-10,91.70384979248047,92.42691127371606,91.60412154735079,92.04460487216443,11380600
2019-06-11,91.9864501953125,92.72613111602104,91.72881037867329,92.10280406997605,9847700
2019-06-12,90.81460571289062,92.16930741775333,90.49878891229294,92.00308304311385,9670500
2019-06-13,91.03898620605469,91.55427213833549,90.63174767777394,90.97249647141005,8406900
2019-06-14,91.27169799804688,91.67063008285689,90.28268375883003,91.06392232364404,9077400
2019-06-17,90.77305603027344,91.72882559424336,90.6400765281367,91.17198185506034,8128600
2019-06-18,92.01138305664062,92.59315877578943,90.57357887554318,90.59851094307044,11057300
2019-06-19,91.34648895263672,92.74273522036083,91.17195182836164,92.1027890143206,13126500
2019-06-20,91.57920837402344,92.32719573000266,90.6151262002034,92.15266492422015,13638000
2019-06-21,90.95589447021484,92.8092502043,90.66500341114033,91.57922158398372,27089500
2019-06-24,90.3076400756836,91.2301584194388,90.20790544949931,90.82291979227332,13039600
2019-06-25,89.55963134765625,90.57357768585075,89.48482880524637,90.3242443322319,18660100
2019-06-26,90.15802764892578,90.84783810123106,89.89207502686803,90.00842890271763,10324600
2019-06-27,90.45722198486328,91.04731052848692,90.12478595119649,90.45722198486328,10906600
2019-06-28,92.91727447509766,93.44086683749943,92.16928085680247,92.28563471511399,21634700
2019-07-01,94.4797592163086,95.17788247047324,93.98109884321804,94.10576552169334,12724500
2019-07-02,94.57947540283203,94.91191135959225,94.09743438839652,94.33845489561428,10174900
2019-07-03,94.42881774902344,95.30765613830333,93.96010734711432,94.86404792426757,6849400
2019-07-05,94.9896011352539,95.64244961816897,94.51251906037747,95.0063444421341,7929400
2019-07-08,94.4706802368164,94.98124257581246,94.16099289466602,94.54600596599565,6917200
2019-07-09,94.87242889404297,94.98960650602736,93.86804753826229,93.97685349633323,8947300
2019-07-10,94.5962142944336,95.27417772230848,94.36185908902515,94.88916468689456,9242300
2019-07-11,95.50016784667969,95.71778614626395,94.67992457130194,94.88917121705965,11595200
2019-07-12,96.50457000732422,96.54641551131208,95.35789591826628,95.52529070562136,10783400
2019-07-15,95.332763671875,96.73052959496285,95.0230763678776,96.7054210216631,12946600
2019-07-16,96.3539047241211,96.67195734988296,94.51253027651205,94.98124713927324,16945000
2019-07-17,95.40808868408203,96.2032296849773,95.19047679329822,95.77636478494722,13120900
2019-07-18,95.97724151611328,96.3120373970684,95.03982071227932,95.35787328705152,9397200
2019-07-19,95.03145599365234,96.35389630778863,94.91427838462262,96.16138658683936,10402800
2019-07-22,95.6424560546875,95.79311389824532,94.3869761536059,94.50416015255176,9061100
2019-07-23,97.39177703857422,97.46710277962059,96.10281669981931,96.1530338605169,12752200
2019-07-24,97.78515625,97.8270017529612,96.68869934690942,96.73892289044518,10011000
2019-07-25,96.84771728515625,98.12830574247533,96.52129302684749,97.83536171395477,10138400
2019-07-26,97.27458953857422,97.5173164334928,96.69706670633,96.89794171444485,12800400
2019-07-29,96.96490478515625,98.07809859276004,96.91468762820321,97.47546716651735,8500400
2019-07-30,96.74726104736328,97.15738900708055,96.05256714443173,96.41247157468779,7121100
2019-07-31,97.09042358398438,97.24108139324957,96.13625958720463,97.17412094786515,13648000
2019-08-01,94.5292739868164,97.76004295615925,94.24469520617774,96.5296715629508,15664500
2019-08-02,94.52090454101562,94.93939787443274,93.24031596247153,94.07730262930573,11025500
2019-08-05,91.70861053466797,92.88876456461229,90.62052553056472,92.72973508621406,15855300
2019-08-06,92.42842864990234,92.48701745530572,90.6791233702285,92.1103760470984,10203500
2019-08-07,90.41967010498047,90.62891677518016,88.67037100724778,90.39456152626876,17320900
2019-08-08,91.95133972167969,92.13547777803932,90.9971755984529,91.27338268299233,10903300
2019-08-09,91.85089874267578,92.44515840446516,90.6372708452567,91.52447451135063,9980800
2019-08-12,90.12671661376953,90.82141701871353,89.73333189324218,90.7628282126159,9393700
2019-08-13,91.51610565185547,92.34472692808394,89.58266877872347,90.35269486660195,12124700
2019-08-14,87.71621704101562,89.48225965651886,87.42326655964499,88.971697210196,19491800
2019-08-15,88.05098724365234,89.03863168122449,87.33117826106411,87.73293463639048,13365600
2019-08-16,90.1601791381836,90.37779739768231,88.61175552193815,89.03024873636663,11830600
2019-08-19,90.97208404541016,91.8592878803747,90.74609406643138,91.75884718019506,8265400
2019-08-20,89.8170166015625,90.76281540529465,89.75842780373219,90.2689900644106,8374000
2019-08-21,90.06812286376953,90.75445157711196,89.93420195106829,90.57031351499805,8189300
2019-08-22,90.99717712402344,91.4575158869397,90.33595699496503,90.70423311385845,9343400
2019-08-23,88.7373275756836,91.04741266743112,87.9756729953741,90.39456405982246,14762300
2019-08-26,89.4487533569336,89.5491876543556,88.72894442547356,89.23950672303708,8209500
2019-08-27,88.5029525756836,90.02626778216117,87.74966343276604,89.8505013797638,14331800
2019-08-28,89.39016723632812,89.73332840564802,87.91706910151166,87.95054933022348,10585500
2019-08-29,91.41569519042969,91.97647478854272,90.4113072443548,90.51174795467296,10002200
2019-08-30,91.95133972167969,92.53722773218723,91.62491548929685,91.93459641526496,10170300
2019-09-03,90.8632583618164,91.22316283587242,89.82539682167608,91.2147975680274,9868800
2019-09-04,91.959716796875,92.25266081940089,90.86326004727701,91.60817758414316,6929200
2019-09-05,94.05216979980469,95.18210023153974,93.0728907989811,93.11474267581198,13224700
2019-09-06,94.2530517578125,94.56273906653384,93.70900924711837,94.29490363775064,7836600
2019-09-09,96.5882568359375,97.14066468234698,95.0816783717278,95.1737474104129,13985100
2019-09-10,97.81863403320312,98.15342359131208,96.86446974404932,97.34155188862623,14333100
2019-09-11,98.08647918701172,98.0948444567986,96.57152882860753,97.83538060795848,9919200
2019-09-12,98.68909454345703,99.1578050030253,97.02348658690349,97.55079223961887,12283500
2019-09-13,100.63090515136719,100.7731913456398,99.39216213151431,99.6014087886333,16257200
2019-09-16,99.73530578613281,100.32956538349359,99.08245100856352,99.51768752694305,11993900
2019-09-17,99.24150085449219,99.27498108475874,98.12830714450813,99.11595158741788,10735400
2019-09-18,100.23751068115234,100.50534612082961,98.55516593327604,99.03224800975433,10665600
2019-09-19,99.91944885253906,100.72295514862171,99.67672199449841,100.1872842845666,9382600
2019-09-20,99.5177001953125,100.72295646230587,99.49259162099813,100.22076581891693,21862800
2019-09-23,99.5009765625,99.70185796813531,98.49659507713044,98.58029246996095,9135100
2019-09-24,98.2036361694336,99.81902051119205,97.96090929691331,99.39215557084945,11696500
2019-09-25,98.76441955566406,99.06573524482556,98.02787364088098,98.15341652328074,9389400
2019-09-26,97.95254516601562,98.80627511226795,97.88558470244656,98.66398253075837,9899200
2019-09-27,98.53006744384766,99.30009361352508,98.16179128195793,98.7309424477415,10207800
2019-09-30,98.50494384765625,99.40888442020652,98.11155916847127,99.06572327361343,9755000
2019-10-01,96.71377563476562,99.6013759980773,96.59659805621204,99.0991854634621,11250300
2019-10-02,94.78874206542969,96.16977137266237,94.52090658168832,96.09443925045612,12548700
2019-10-03,94.65374755859375,95.26120644355015,93.2447779194318,94.72123798381276,12735200
2019-10-04,96.70391845703125,96.9738994695337,94.72123835615612,94.78029650148932,9453100
2019-10-07,96.49298858642578,97.44635755956774,96.2398785894513,96.34112387561201,6771600
2019-10-08,94.34158325195312,95.3877589094055,94.20659595914734,95.3877589094055,10806300
2019-10-09,95.02497100830078,95.47213290875608,94.5525058296827,95.05871944060996,7273700
2019-10-10,96.35798645019531,97.36198119709933,95.33712070883296,95.45523698060353,10994100
2019-10-11,97.98632049560547,99.54714832713866,97.75852664560308,97.89351392493847,15076500
2019-10-14,98.24786376953125,98.60221905969108,97.5813532088713,97.74165020240186,8779000
2019-10-15,101.20921325683594,102.5844278357646,99.44590143054435,100.27271534631844,23379000
2019-10-16,100.97300720214844,101.76607933654118,100.71989715678944,101.20923981149373,11087700
2019-10-17,101.53826141357422,102.5675659789521,101.14172541509048,101.87573926995537,10818500
2019-10-18,101.71542358398438,102.10352081916092,101.12484223411874,101.24295850409187,10417400
2019-10-21,104.23806762695312,104.42367431478716,102.9219047595528,102.97253061701127,12714600
2019-10-22,105.28425598144531,105.54579826907379,103.87529281598462,104.1537061002629,12549100
2019-10-23,105.56266021728516,105.58796992697452,104.76114960161607,104.78645931130544,8828300
2019-10-24,105.48672485351562,106.0182545054268,104.67678195763389,105.7060863993338,8020500
2019-10-25,106.33042907714844,106.85352007700257,105.25050508493128,105.4614279408129,9055700
2019-10-28,106.73539733886719,107.32597872488415,106.64259077294247,106.78601676142453,9522200
2019-10-29,106.66790008544922,107.50315273879477,106.25449311678285,106.35573196151908,9797300
2019-10-30,106.07732391357422,106.52447933140769,105.39392949375556,106.34730490755979,8513700
2019-10-31,105.39392852783203,106.07732294138745,104.49961770036134,105.8748323701131,11589100
2019-11-01,107.82376098632812,107.98405797153788,106.32198492230764,106.47384962824884,11682600
2019-11-04,108.684326171875,109.19053325897971,108.46495818112543,108.9036812889162,9159900
2019-11-05,108.92057037353516,109.93299752976812,108.70120235931634,109.1652352274218,13747600
2019-11-06,109.08930969238281,109.54489742194512,108.48185080382629,108.57465738051437,11231100
2019-11-07,109.67989349365234,110.76824984927214,109.61239662973408,110.04267465428879,13528900
2019-11-08,110.00048828125,110.017352840092,109.04711288460621,109.57864258343722,9293400
2019-11-11,109.61236572265625,109.76423684207732,109.13146840418766,109.34239121681755,8679000
2019-11-12,108.97119903564453,110.20298143678062,108.84463758432068,109.36773507711308,9099000
2019-11-13,108.3974838256836,108.68434872899346,107.50317286651611,108.10219951534755,8023300
2019-11-14,108.49873352050781,108.7012112440782,107.64659685477976,107.75628087085425,8483400
2019-11-15,109.28334045410156,109.28334045410155,108.32996510100202,109.03023047223256,10163600
2019-11-18,110.20298767089844,110.22829738785279,108.82777917943594,109.3086766752803,8749300
2019-11-19,110.1692123413086,110.7344839717863,109.83172809450329,110.51512886664364,8824500
2019-11-20,109.36774444580078,110.20299087701741,108.78559519149104,109.93301626374608,11782800
2019-11-21,109.62081146240234,110.28733484143976,109.1652237956052,109.6798760365713,7705500
2019-11-22,110.34640502929688,110.70919906668243,109.76426871133307,109.80644298713858,8167900
2019-11-25,110.93700408935547,111.42634672237325,110.4139065858062,110.73451348729984,10068500
2019-11-26,111.0888671875,111.21542864689714,109.98363329347468,111.21542864689714,10490700
2019-11-27,111.41790008544922,111.73006182830106,111.07198347251499,111.61194553043461,6607900
2019-11-29,111.16476440429688,111.71317149005202,110.90322215320644,111.25757096504265,5712000
2019-12-02,110.92008972167969,111.99158121434196,110.81885089121631,111.62878728233687,8615600
2019-12-03,109.49427795410156,109.64614911304112,108.4902830449401,109.48584567393665,10361300
2019-12-04,111.65412139892578,111.76380540504393,109.67145425124399,110.00049339588878,10318200
2019-12-05,112.26158905029297,112.47251192551859,111.51913640991135,111.94098216036261,9587400
2019-12-06,113.93209075927734,114.55642708333868,113.60305160001629,113.63680646818727,10170600
2019-12-09,113.4005355834961,114.28641390497111,113.4005355834961,113.58614867461299,8498200
2019-12-10,113.47650909423828,113.70430940858324,112.10973295559035,112.42189469745169,7532900
2019-12-11,113.20652770996094,113.91523840668891,113.0631016891394,113.29933429681154,9011900
2019-12-12,116.4462890625,116.82594761263894,113.23182693163663,113.46805949055458,13717400
2019-12-13,115.42542266845703,117.12968296450035,114.92764781362817,116.38723038529146,10592100
2019-12-16,115.87260437011719,117.13814180414742,115.85573980673645,116.75005086699049,11372000
2019-12-17,116.5812759399414,116.99468937631843,115.77977165397009,116.20161737013494,11546800
2019-12-18,116.46316528320312,117.28999219591896,116.19319070613834,116.55597186019327,10381500
2019-12-19,115.88105010986328,116.61505770571412,115.67012720312796,116.22695389288762,9350400
2019-12-20,115.78822326660156,117.17187677785971,115.50135837958769,116.44630159063226,29992600
2019-12-23,115.75447082519531,116.35349745255768,115.48449624045791,116.09195514825531,9738400
2019-12-24,116.07504272460938,116.11722986148902,115.63631967373311,115.86411991391785,3324300
2019-12-26,117.30686950683594,117.35750181464235,116.24382276971075,116.33662935678838,6770900
2019-12-27,117.39120483398438,117.92273446291259,116.99466890029306,117.52619852922128,7868200
2019-12-30,116.96095275878906,118.18430281714839,116.82595903372192,118.0324316580203,6963000
2019-12-31,117.610595703125,117.6780925712717,116.67409757737026,116.85971074634588,7201600
2020-01-02,119.03642272949219,119.04486788310541,117.4924658423187,117.9396212776864,10803700
2020-01-03,117.46558380126953,118.22128931417473,116.3957125113327,116.75233627464497,10386800
2020-01-06,117.37216186523438,117.40613343114413,115.90320907036407,115.95415346287253,10259000
2020-01-07,115.37676239013672,117.05799206617905,115.32581799940147,116.56550802847862,10531300
2020-01-08,116.27684020996094,116.82026875850697,115.1390387108737,115.22394172874611,9695300
2020-01-09,116.70138549804688,117.37217500174437,116.36173458271591,117.21934180711366,9469000
2020-01-10,115.5380859375,116.54002676091149,115.31730965302614,116.50606815518343,10190900
2020-01-13,116.49759674072266,116.49759674072266,115.27487933943956,115.6400024594917,12355200
2020-01-14,117.85612487792969,119.52036834054132,116.91361502438603,117.1258919017035,24906000
2020-01-15,116.09001922607422,117.68634603299475,115.60602156196698,117.0495151842369,16293400
2020-01-16,116.5400390625,117.09195391923353,116.19190177435432,116.70985802177523,10783800
2020-01-17,117.3467025756836,117.42311917285114,116.59949647611587,116.7862882837396,14697700
2020-01-21,116.19190979003906,117.23632172652653,116.06454880088546,116.48910270654011,8474200
2020-01-22,116.05603790283203,116.6673965027569,115.80131594982642,116.53154911327246,7549100
2020-01-23,115.9371566772461,116.1069885779651,114.3917874402718,115.23240870595303,9345700
2020-01-24,113.05868530273438,115.84375752789855,112.3539373118916,115.79281313881162,15166400
2020-01-27,112.10771942138672,112.8804107503833,110.1377957530104,110.61329412274402,12860500
2020-01-28,114.14554595947266,114.60407138937096,112.48978847674158,112.79546777788853,13062800
2020-01-29,113.9757308959961,115.08805998759317,113.51721840679923,114.4682149511223,9326000
2020-01-30,115.38524627685547,115.58903679169038,112.66810419416709,112.66810419416709,9048900
2020-01-31,112.38792419433594,114.48522178176576,111.6322186679264,114.19652820007191,12785200
2020-02-03,113.24549865722656,113.98423122430701,112.64263939865012,112.64263939865012,10021100
2020-02-04,114.87578582763672,115.98812790250733,114.69748044943947,115.09656214245152,9157100
2020-02-05,116.8287124633789,116.94758701002922,115.4871208904088,115.96263203336395,10150700
2020-02-06,116.8457260131836,117.42311310375041,116.42117210905262,117.38066807842286,8992300
2020-02-07,116.47211456298828,116.89666846004212,115.73339492814875,116.09850506056382,6379800
2020-02-10,116.95613861083984,117.04954100751821,116.11551704073445,116.28533604659705,5960700
2020-02-11,117.17689514160156,117.87316986801697,116.99009035921495,117.39765854062263,6578600
2020-02-12,117.17689514160156,118.2722386779969,117.00707614571161,117.68636508563034,7958000
2020-02-13,117.07499694824219,117.46557931183625,115.81830797542848,116.96460877940316,7447500
2020-02-14,116.71835327148438,117.33819828132012,116.27681362786923,117.04100539581162,6627600
2020-02-18,115.1729736328125,116.93063287820299,114.67200317444403,116.61645420326953,8996400
2020-02-19,116.74383544921875,117.50802728250584,115.76735371073332,116.25135137314341,7071200
2020-02-20,116.74383544921875,117.48255508515338,115.92868626487001,116.47211473565025,7422800
2020-02-21,115.31734466552734,116.25985497598981,114.56163913417339,115.94568919128855,9772800
2020-02-24,112.21810150146484,113.10116800350939,111.06331425641696,111.60674278606548,13618400
2020-02-25,107.2083511352539,112.27751918834528,106.63944399383337,111.23312023680249,20797200
2020-02-26,107.53102111816406,109.49245824271568,107.27628616357183,107.77726318008882,24825600
2020-02-27,103.05620574951172,106.66491353993615,102.99676846856126,104.36383240859979,23005500
2020-02-28,98.58988952636719,100.61076339643945,95.66047073207275,99.78712794138085,45931400
2020-03-02,103.18356323242188,103.23451409878216,97.18886503762508,99.03142716291283,27355400
2020-03-03,99.3116455078125,104.39779931335069,98.70028686763315,102.71656953103576,32547700
2020-03-04,101.76557922363281,102.05427927461011,97.39267229867507,100.47493808246475,25795900
2020-03-05,96.77279663085938,98.86160060176367,95.59253755557008,98.21627699572085,25025600
2020-03-06,91.77156829833984,93.67356786773655,89.17329414636761,90.22619243354663,38159400
2020-03-09,79.34062957763672,84.25696418690751,78.96702009770588,81.9983344810391,40352000
2020-03-10,85.50515747070312,85.99764157597194,80.30862160105445,84.06167672428488,31102700
2020-03-11,81.4803695678711,84.95322323573214,80.28313114633147,82.9578150695373,38127000
2020-03-12,74.76393127441406,82.32947707744621,73.29497218753863,76.07155135637832,49725200
2020-03-13,88.23078155517578,88.29870524571196,78.11790604369027,81.50584385060846,38543300
2020-03-16,75.02716827392578,79.79915660411076,71.79206951908975,72.34398442528821,38589700
2020-03-17,79.61234283447266,82.73705955003904,74.2969266137052,77.17540130939909,35239800
2020-03-18,71.2316665649414,77.09051281079847,68.23431648923558,74.44129363159729,41525600
2020-03-19,72.42890167236328,74.8148926405872,65.30488738064852,69.25323367204547,32175100
2020-03-20,70.90050506591797,75.96118704533737,70.03441791431379,73.27800962347175,30150800
2020-03-23,67.1050033569336,71.11279410288243,66.30683977398519,70.20424881347131,32536600
2020-03-24,75.08660125732422,76.5046096954031,70.39103626963247,72.08925182992189,34363200
2020-03-25,77.88867950439453,80.79262730269647,71.78359092595642,75.77439592515407,38111700
2020-03-26,83.314453125,83.69654901372054,79.42553815165516,79.88405710502654,29826300
2020-03-27,77.37920379638672,80.52939345834295,76.88672611742683,79.12837054791957,30041500
2020-03-30,79.39158630371094,79.89255684037957,75.82533582037733,76.97163015586464,21656900
2020-03-31,76.44517517089844,79.96048098940595,75.85928870842102,78.16037657651869,23379300
2020-04-01,71.63072967529297,73.49876411751497,70.68821956286716,72.25906759085085,28029600
2020-04-02,74.305419921875,74.64506431250767,70.4419771250121,70.90898897190425,24018000
2020-04-03,72.10912322998047,75.05182764050242,71.01096574624242,73.782086527225,21199400
2020-04-06,76.75051879882812,78.06315239232646,75.24055816362643,76.34729011680025,26820800
2020-04-07,77.76288604736328,81.07450111385458,77.53982209515776,81.03160193422035,22563800
2020-04-08,80.90290069580078,81.38333998961431,77.68565925581126,79.01544845704359,22903300
2020-04-09,88.1610336303711,89.55945947397399,83.12497389123519,83.1507107862866,42055900
2020-04-13,84.24027252197266,88.46129275065516,83.47671422413971,88.46129275065516,26911900
2020-04-14,81.93242645263672,87.50897903841827,80.33667395829652,86.66820361469787,46151300
2020-04-15,77.8915786743164,78.9554115874987,77.32534090964934,78.20043444677191,30118600
2020-04-16,74.92314147949219,77.70283703944504,74.68292176444021,77.41114354130944,32449600
2020-04-17,81.65789794921875,82.10401932637053,78.03742696875148,78.92967626855116,30191900
2020-04-20,78.68087005615234,81.25466367216843,77.60845604947897,79.33289960494854,23679400
2020-04-21,76.39877319335938,78.39774784191738,75.78106170459651,76.02986252898685,23035000
2020-04-22,76.64757537841797,78.8181469574075,76.51030978092031,77.80578781206513,16662400
2020-04-23,76.69046020507812,78.31194945408959,76.57893151889296,76.99073477980343,16638800
2020-04-24,77.82295227050781,78.157544974647,75.91834361894823,77.76289733759813,15809200
2020-04-27,81.17747497558594,82.04398101473436,78.53504457707031,78.87821846118229,22870200
2020-04-28,81.75225830078125,84.38610661249527,81.52919437386711,83.9142418720029,20238900
2020-04-29,83.95714569091797,85.32125312353318,83.4509628917086,85.0038227764568,20462600
2020-04-30,82.1554946899414,83.0820554242805,81.1173987089304,82.01822255419002,19127600
2020-05-01,80.0020980834961,80.42248261065956,78.7924117427544,80.21658092018107,18547700
2020-05-04,79.04979705810547,79.50449964354057,77.90017214742026,78.9468429358289,15725900
2020-05-05,78.92967224121094,80.82569945198054,78.84388042830878,80.3452600633318,18064100
2020-05-06,77.4454574584961,79.58171116031863,77.15376395122514,79.06695367687215,20978000
2020-05-07,78.25191497802734,79.71040215056072,77.71142060234824,78.36344369334307,16771900
2020-05-08,79.53022766113281,80.71417702592979,79.02405134380375,79.61602602620223,20487800
2020-05-11,77.18807220458984,78.1661132628034,76.63899675245226,78.1661132628034,31907600
2020-05-12,74.6657485961914,77.89157162460344,74.55421990059168,77.34249620004336,27962900
2020-05-13,72.09195709228516,74.51990393911707,71.55146279713523,74.10809408650601,35451600
2020-05-14,75.08614349365234,75.59232635755339,70.69353948540714,70.96807723592246,35152500
2020-05-15,73.69629669189453,74.88023947670636,73.18153924395443,74.51132877234168,26099000
2020-05-18,77.59986877441406,78.20042449800553,75.39498601269585,76.08991468505891,30504400
2020-05-19,76.07276916503906,78.2433343742384,76.00413308798616,77.25671858496348,19597300
2020-05-20,78.35486602783203,79.26427109766968,77.53125277761178,77.82294627341017,20552400
2020-05-21,77.35966491699219,78.72377910822692,76.93069926052158,77.44545673918702,14621400
2020-05-22,76.75910949707031,77.52266778107916,76.11566106365862,77.22239315458623,13557900
2020-05-26,82.20696258544922,83.64828718022052,79.45300437759062,79.69322405246996,41233900
2020-05-27,86.9684829711914,88.00657887650759,84.76360017904979,87.56903215757424,39402000
2020-05-28,85.67298889160156,88.3239924997845,85.27834142301255,88.31541790266955,24713900
2020-05-29,83.48528289794922,85.08961659680004,83.03058040966147,84.64349525324289,26526400
2020-06-01,84.59202575683594,85.3727463898507,83.54534851259463,83.86278545329785,15176800
2020-06-02,84.8751449584961,86.15346078064486,84.01721364649087,86.03335092060385,21195000
2020-06-03,89.45648193359375,90.01413851390076,86.70252361047267,87.14865149291647,25941100
2020-06-04,91.3182144165039,91.46406117417104,88.18676369952125,89.07043193720611,26784700
2020-06-05,95.42768096923828,99.32268247815048,93.96919414387716,98.60202348212108,42231000
2020-06-08,97.33229064941406,97.96716444121917,96.03681926843709,97.297979161934,24881800
2020-06-09,94.835693359375,95.77083500590014,93.52305997895284,94.93006629284925,17031100
2020-06-10,90.99219512939453,94.80999349047143,90.8120303348331,94.7670943056011,24913300
2020-06-11,83.39949035644531,87.14865202040652,82.82467802894766,85.81885605512515,36259200
2020-06-12,85.68158721923828,86.76257576699237,83.50244128957475,86.40224625107435,24856800
2020-06-15,86.86552429199219,87.0199521525533,82.24985730821312,82.72171548818135,22153600
2020-06-16,87.56047058105469,90.66618439232003,85.20115939295026,90.40022777112902,22193600
2020-06-17,85.34700775146484,87.97227540868153,85.11536263730085,87.96369426302826,15639800
2020-06-18,84.88371276855469,86.23923905398335,84.18878406407083,84.65206768522826,16591900
2020-06-19,83.91425323486328,86.30788220117432,82.98769246201383,86.24782727566097,40371200
2020-06-22,83.00483703613281,84.03435177652247,82.82467228383938,83.43380260221102,16216900
2020-06-23,84.01720428466797,85.76738475160003,83.94856821643634,84.9094535351919,15381400
2020-06-24,81.21178436279297,83.08206841359404,80.91150315526382,83.0048577342843,22919800
2020-06-25,84.0429458618164,84.25742867788234,80.86860280223901,80.94581347418462,25743600
2020-06-26,79.43584442138672,81.82089858820385,78.92966816952863,81.59783464976863,41896300
2020-06-29,79.78759765625,81.06591324832651,79.08409436884266,80.1307714283867,18499700
2020-06-30,80.69697570800781,81.21173946748904,79.41866054174713,79.64172440115613,19137000
2020-07-01,80.01068115234375,82.11261038416677,79.81335405783328,81.40910692475487,18755700
2020-07-02,80.27058410644531,82.2630508525992,79.63818832029354,82.07246564008003,27845600
2020-07-06,82.29766845703125,82.4709240627034,80.98090866980094,81.80388271066018,18625300
2020-07-07,79.97602081298828,81.51801842878899,79.69880783272387,81.27545789721748,25757200
2020-07-08,80.82499694824219,80.85964279094213,79.52555974077386,79.95004071128194,18762200
2020-07-09,79.0750732421875,81.53534410901963,78.64192756789043,81.01556401244038,25600800
2020-07-10,83.39786529541016,83.8916511001778,79.58618864562126,79.69880414169863,28954200
2020-07-13,84.59335327148438,85.99674105545695,83.36322111712268,85.52894953365183,32079200
2020-07-14,85.0784683227539,86.58581334377408,83.71839123744668,85.21707810409184,42731700
2020-07-15,86.39523315429688,87.74664545007788,85.45963697601248,87.40012761264536,22508400
2020-07-16,86.63780975341797,87.68602161466315,85.37302502970199,85.57226836197876,16886900
2020-07-17,85.03517150878906,86.69844949882288,85.01784197867332,86.62914459691834,16137700
2020-07-20,84.29015350341797,85.23440793052309,84.25550105527485,84.40276900292412,14458100
2020-07-21,86.11802673339844,86.67245267160118,84.58468733455764,84.6453274650086,17798100
2020-07-22,85.4942855834961,86.74174048927517,84.48938456097194,86.32592439044139,14271200
2020-07-23,85.74551391601562,86.06603746010212,84.87055787145928,85.32969119298274,12870200
2020-07-24,85.13912200927734,86.45588870458724,84.84458609094281,86.28262645032056,12744200
2020-07-27,83.94364929199219,84.57603839800089,83.31125357670373,84.47208764593357,11959100
2020-07-28,84.30744934082031,84.8012350020037,83.59709090527093,83.59709090527093,11754300
2020-07-29,86.35192108154297,86.37790876427226,84.03026002473584,84.09090015419699,12743500
2020-07-30,84.0475845336914,84.67131536810936,83.20728746933901,84.49805974045039,14834800
2020-07-31,83.7183837890625,83.9696090384275,82.5142395102535,83.57978062933418,14535000
2020-08-03,83.2506103515625,84.5240598914606,83.03403748040377,84.04759693119956,12962800
2020-08-04,82.77413177490234,83.120642988291,82.3236566226527,83.08599715437433,13366200
2020-08-05,84.21216583251953,85.30369458310993,82.92139380931619,83.0513388097422,15260900
2020-08-06,84.23817443847656,84.98318557611033,83.63177309820672,84.53271695323542,10482100
2020-08-07,86.09203338623047,86.18732596502521,83.64909200380237,83.96962218786454,14743700
2020-08-10,87.18355560302734,88.39636474070646,86.65511738310485,86.72442227309294,14989900
2020-08-11,89.93834686279297,91.96547158913312,89.66979872145818,89.97299930188085,31518600
2020-08-12,89.176025390625,92.19938007035593,88.11048422113748,91.96548433569069,19240800
2020-08-13,88.6822509765625,89.53987759242192,88.04985536089002,88.36172078652594,13598600
2020-08-14,88.71688842773438,89.49654525074833,87.85925534757489,87.92856023250692,12134400
2020-08-17,86.37792205810547,88.36173032618933,86.22198932845278,87.92858458929625,14988000
2020-08-18,85.17375946044922,86.55116604986192,85.00050384597324,86.55116604986192,13246500
2020-08-19,85.3730239868164,87.1402527068246,85.19109696839755,85.69354758941907,13533000
2020-08-20,84.35079193115234,84.9225407907658,83.85700612132679,84.25549935300369,13672600
2020-08-21,84.30744934082031,85.39031321265024,83.97826110312357,84.26413214223649,12228300
2020-08-24,86.6811294555664,86.81107450853952,84.39412031664725,85.28639954616678,17898300
2020-08-25,87.06228637695312,88.34440056700491,86.4558850359496,87.72932785205701,13648900
2020-08-26,85.8407974243164,86.86302137124063,85.8061515902248,86.57715027967943,12052400
2020-08-27,88.66492462158203,88.92481468867447,85.76284971568485,85.76284971568485,22163900
2020-08-28,89.02877044677734,89.44459325571003,88.19713143819128,89.34930066635629,13756700
2020-08-31,86.79373931884766,88.51765739075395,86.64646475467714,88.46568202062261,14219400
2020-09-01,86.75042724609375,87.38282292705097,85.79750795128976,86.2393184514303,11595600
2020-09-02,88.05850219726562,88.30972743950699,86.24795014431146,86.58580318508635,14475700
2020-09-03,87.78131103515625,90.95193419048631,87.18356784133805,89.50522910761516,23281200
2020-09-04,89.6784896850586,91.14252437810381,87.81596831990043,90.1376297140013,26325500
2020-09-08,86.559814453125,89.72177863070137,86.17865082236035,89.21066999907903,22108600
2020-09-09,87.3828125,88.09317115601094,86.24796631581185,87.32217236872877,13434000
2020-09-10,86.48185729980469,88.72554847071677,86.31725984690553,87.84193430148905,15922800
2020-09-11,87.55604553222656,87.807270756734,86.27393173289148,86.6031265970694,13784300
2020-09-14,88.76887512207031,89.6265017024662,87.81595596504395,87.93723622452303,19017400
2020-09-15,86.00540161132812,89.09806137443142,85.88412135467924,88.99411064546283,23683000
2020-09-16,86.36922454833984,87.60802115057083,85.55491536601298,86.13532884717542,19270600
2020-09-17,85.38167572021484,86.05738193455902,84.64532937405204,85.50295598385208,18290100
2020-09-18,85.19975280761719,86.18732441621704,84.41143111726538,84.80125958039956,20121600
2020-09-21,82.56623840332031,83.20729885378134,81.27546595560514,82.47094581228637,28378800
2020-09-22,81.66527557373047,82.86942652633276,81.14550213066521,82.26301866835837,19257000
2020-09-23,80.33985137939453,82.6008721467639,80.27055310011238,82.10708638200956,19952700
2020-09-24,80.27058410644531,81.69130182432218,79.1617252889956,79.97604152093008,18366500
2020-09-25,80.97225952148438,81.18883237497747,79.58619458098434,79.74212729987053,13293100
2020-09-28,83.30258178710938,83.96962323773396,81.73458990415047,82.34965598724757,20894100
2020-09-29,82.60087585449219,83.18995421513932,81.71726161816062,83.18995421513932,12848200
2020-09-30,83.39786529541016,84.20351651469194,82.52291579123072,82.60087884022,16400600
2020-10-01,84.0042724609375,84.69730156872058,83.18995648478199,84.13421748404633,15778700
2020-10-02,84.80126190185547,85.40766321872647,82.3756434158141,82.51425320782957,15149600
2020-10-05,86.59364318847656,86.77725168628183,85.27340303308618,85.96412452708225,13871900
2020-10-06,85.70181274414062,88.1849130964411,85.25590930379924,87.49419168398516,19220400
2020-10-07,87.19692993164062,87.73901023818459,86.27013563711537,86.52369212623778,16358500
2020-10-08,88.98929595947266,89.11170161155549,87.34555815249757,87.87889992397612,15659000
2020-10-09,88.48218536376953,89.27782879401244,87.52916895148253,89.18165196902466,13689100
2020-10-12,89.56636810302734,90.05599077263332,88.17617992238382,88.39476242425916,16058000
2020-10-13,88.1149673461914,90.24833446321212,87.66031872762704,90.05598081553218,21697300
2020-10-14,87.62535095214844,89.12045440534831,87.52042895398047,88.33355609560935,15204100
2020-10-15,88.93684387207031,88.98930153464721,86.59363933158504,86.64609699416194,17171200
2020-10-16,88.75322723388672,89.47017746258223,88.06250583407156,88.66579558074972,13275000
2020-10-19,87.25812530517578,89.06798790266461,87.04828132966429,88.83191509786609,11725700
2020-10-20,87.7564926147461,88.98054911246004,87.53791014435322,87.70402828583862,11257100
2020-10-21,86.88217163085938,88.29858191487217,86.84719763154189,87.74775643449034,10730500
2020-10-22,89.95105743408203,90.26581673076312,86.82969996750103,86.83844513424432,14837200
2020-10-23,90.76420593261719,91.32377666534948,89.99479784276261,90.49316573505885,15087600
2020-10-26,88.51714324951172,89.79366390173776,87.65155865278032,89.74995141599567,12410700
2020-10-27,86.84719848632812,88.23737995218762,86.69856399072209,87.87890812921962,10391700
2020-10-28,84.40780639648438,85.94662883447387,83.99687029054904,85.2471622706766,16389500
2020-10-29,84.95864868164062,85.66686055252029,83.27119143174133,84.04060613880972,14208800
2020-10-30,85.71929931640625,86.05154225807262,84.13676442209568,85.60563883729583,15194500
2020-11-02,87.65158081054688,88.20240629851085,85.5619326844728,86.89965649139127,15011600
2020-11-03,90.41445922851562,91.57731293958483,89.78494062578496,90.07346442652998,17482600
2020-11-04,87.65158081054688,89.24286111305118,86.49746549961638,88.30732829790757,18886500
2020-11-05,91.23632049560547,91.89206789735243,88.30731676859055,88.35977442613591,17837400
2020-11-06,90.02102661132812,91.89209249824323,89.52265871940418,91.8308896578529,12552800
2020-11-09,102.20916748046875,103.95782729477752,96.48230392036443,98.93917549548155,47792400
2020-11-10,101.87692260742188,102.6900497258984,100.27690387222002,102.60261806521872,20539300
2020-11-11,100.35560607910156,102.26164593103788,99.63865567629665,102.20044309191827,14443400
2020-11-12,99.122802734375,99.63865427532859,97.97742580322833,98.3883620046573,22063000
2020-11-13,99.74356079101562,100.42553707442183,99.29765065547771,100.28564108264207,11847900
2020-11-16,102.55889892578125,103.70426894887966,101.18620126315683,102.98731870478171,19858600
2020-11-17,101.51844024658203,101.80697070038516,100.18071663244964,100.88892168214151,14553200
2020-11-18,100.76654052734375,103.70429009502176,100.72282135561755,102.5938871710232,12571200
2020-11-19,101.03755950927734,101.26488714744734,99.2888997369708,99.83098666780458,10202500
2020-11-20,100.17196655273438,101.1162443530789,99.75228530682332,100.0495609123868,12718900
2020-11-23,103.05728149414062,103.31957649684726,101.04631978701315,101.46600113019588,13209200
2020-11-24,107.82237243652344,107.97975209911976,104.66604068766974,104.98080001286239,20121600
2020-11-25,106.69448852539062,107.0005026903875,105.33053586391394,106.11743419576914,11715600
2020-11-27,105.98628234863281,106.97427283492132,105.86387668380445,106.66825867285041,5983600
2020-11-30,103.06600952148438,105.54910998596779,102.96983269574616,104.91959137044783,14411800
2020-12-01,104.69226837158203,106.30103897943654,104.59609154157185,105.21686501761414,12668900
2020-12-02,106.7032241821289,106.93929032533943,104.28132656944011,104.65728870167013,10811300
2020-12-03,106.00375366210938,106.57206942294174,105.23434576275038,106.53709542697892,12904400
2020-12-04,106.96553039550781,107.79614790872414,106.39722122457023,107.08794273406686,13583700
2020-12-07,106.5633316040039,106.8168880892617,105.10320219256836,105.92507447784476,9724300
2020-12-08,106.66825103759766,106.956781514301,105.58408379646116,105.82889510859444,9592100
2020-12-09,105.83763885498047,107.80488116328414,105.30429707330283,107.69121400517088,13073900
2020-12-10,105.15564727783203,105.60155736551211,104.53487388980272,104.91083598910018,13668400
2020-12-11,104.5348892211914,104.937080207467,103.49444109148587,103.99280890824132,9981600
2020-12-14,103.4332275390625,106.1611324972359,103.26710272716075,106.09118450584488,12112400
2020-12-15,105.19938659667969,105.70649960371645,103.7130282470711,104.29882775316084,12590200
2020-12-16,105.50537872314453,105.86385715444577,104.7971736971976,105.18188095603652,11169400
2020-12-17,104.63107299804688,106.18737938279433,104.5523864973076,106.02126121325293,11618000
2020-12-18,104.1152114868164,104.8146714406885,103.40699969511299,104.1676691489396,28954800
2020-12-21,108.02346801757812,109.29124377714982,105.87261046990866,107.69121836730639,28323600
2020-12-22,106.37972259521484,107.99723165611992,106.32726493321398,107.88357116491534,11788200
2020-12-23,109.35244750976562,110.62022327980536,106.97426895824088,107.35023110676293,14973200
2020-12-24,108.87156677246094,109.77213226011793,108.04095595514254,109.36993459697368,4164900
2020-12-28,109.5885009765625,110.73387762422207,109.10762355800667,110.00818224261475,8072600
2020-12-29,109.29998779296875,110.41038388297922,109.19506579862909,110.34043588675277,8389200
2020-12-30,109.60600280761719,110.03442261433834,109.20381183203699,109.71966329943068,7398000
2020-12-31,111.10111236572266,111.32844003253656,109.13386987399973,109.36993603793874,8580200
2021-01-04,110.05191802978516,111.79183283874832,109.09889487381272,111.47707350930867,16819900
2021-01-05,110.65074920654297,111.22315792083243,108.9951666656043,110.06953234379249,13731200
2021-01-06,115.84644317626953,116.92080880766794,112.6145381339969,114.3757982238169,24909100
2021-01-07,119.65072631835938,121.69378638594284,118.81413377443998,119.49221998757871,21940400
2021-01-08,119.78285217285156,120.07346060767277,118.10965331515045,119.73881814867303,12035100
2021-01-11,121.57051086425781,121.70259948590957,118.10083973771248,118.51473533528288,15937900
2021-01-12,123.4814682006836,124.74957270880964,122.25739771189728,122.79458049833134,18033500
2021-01-13,123.5959701538086,123.98343463778377,121.61455995963331,122.04605846871641,14816800
2021-01-14,124.31804656982422,125.70943811024483,123.28771513439074,123.71922697478715,18565600
2021-01-15,122.09005737304688,124.74073829954717,120.6546318786943,121.02449339606919,27881000
2021-01-19,121.56167602539062,123.90414573798641,121.36795055789585,123.16442270368059,19843800
2021-01-20,119.73878479003906,121.67616037847293,119.27205382583026,121.3679491696845,16028800
2021-01-21,118.73490142822266,119.90613656999406,118.28578664163402,119.49224093954487,13411700
2021-01-22,117.81903076171875,118.3562135428104,116.41883764679487,116.85034953235896,12933200
2021-01-25,116.34837341308594,117.2730339615702,114.53428490237474,116.3659897062146,14212800
2021-01-26,115.87285614013672,117.27304928772689,115.66150090685477,116.9031877074557,11307800
2021-01-27,112.59693145751953,114.34938344441355,112.14780995507773,114.12041190039189,17603900
2021-01-28,114.5783462524414,116.39243519595465,113.59204859863951,114.39340872370468,13761800
2021-01-29,113.31021881103516,115.99613252897296,112.88752182114011,115.52940152325041,14808100
2021-02-01,114.1468276977539,114.54312045961863,113.142913804777,113.95308875022354,11080700
2021-02-02,117.6605224609375,118.3474101450309,115.55582539048804,116.18987762769669,12253600
2021-02-03,119.00788879394531,119.55387303467553,117.57246300806806,117.6957502055651,10600800
2021-02-04,121.7466049194336,122.10766498356634,119.29846449947291,119.29846449947291,12419500
2021-02-05,121.50884246826172,122.83859710239848,120.9804746229819,122.75052907620474,10051300
2021-02-08,123.41104125976562,123.55194477505243,121.68500679074914,121.7026230894847,10136400
2021-02-09,122.9178466796875,123.27009189960366,122.00198760823541,122.7857446442486,8614800
2021-02-10,122.98831176757812,124.05386240778357,122.44231414893116,123.28772158075195,10323200
2021-02-11,122.64486694335938,123.77206788511715,121.72020635154217,122.98831077034346,9201000
2021-02-12,124.38851928710938,124.7055454312799,122.4071092453678,122.4511432670881,8324600
2021-02-16,127.38261413574219,127.97264569835623,125.40120456851797,126.4139330763643,12130600
2021-02-17,127.77892303466797,128.02549740382443,126.03527271911027,126.76619439814388,10810100
2021-02-18,128.21038818359375,128.38651076766303,126.28181431039943,126.81019549989907,10587800
2021-02-19,130.35037231445312,131.0724792455333,128.44821535303137,128.44821535303137,11969800
2021-02-22,131.57444763183594,132.26133543067158,129.26719637984885,129.33764813322918,11488400
2021-02-23,132.63116455078125,134.1282269906219,131.732921711959,133.4237230667867,16234400
2021-02-24,134.96482849121094,135.40514179320962,132.19086006353746,132.19086006353746,15061400
2021-02-25,133.1331024169922,136.4090339390245,132.61353602802896,135.8542484039,18127700
2021-02-26,129.60182189941406,132.86013780265938,129.02060508801296,132.3581876017557,19829200
2021-03-01,132.53431701660156,133.30927280473998,130.7554473380552,131.6713066217273,14845500
2021-03-02,132.10279846191406,133.6615113893449,131.95309354441903,132.16444877709827,14221700
2021-03-03,134.65663146972656,136.47952174521018,132.8161248978589,133.17717163130064,14324100
2021-03-04,132.58712768554688,135.95112746682216,130.87871007409666,134.392414752408,20093900
2021-03-05,132.8953399658203,135.167357805129,130.30629606899663,134.92958490266946,18465100
2021-03-08,134.65663146972656,136.90223223464443,132.75447457916337,134.26915357306032,17133300
2021-03-09,133.70553588867188,135.8366506099144,131.93548129189443,133.41492750341672,16238800
2021-03-10,136.61163330078125,137.5186777867519,133.42375529870478,133.77601406436685,14342200
2021-03-11,135.89828491210938,137.5098195465045,135.05287757847333,135.71334743880678,11771500
2021-03-12,137.50985717773438,138.81319440031777,136.55879214340226,138.1351080623667,12849500
2021-03-15,136.82298278808594,138.18795702723799,135.58130920179673,137.68600673433355,12101100
2021-03-16,135.1849822998047,136.1448754903237,134.02256219436296,135.69574733185925,12805600
2021-03-17,136.57638549804688,138.15271474460525,134.7799130237469,136.79654216308492,13952400
2021-03-18,138.830810546875,142.38855036687198,138.3552779841975,138.78678995642792,21898500
2021-03-19,136.6204376220703,137.32494173100505,133.14196454099655,136.9462652295671,54418800
2021-03-22,132.9481964111328,135.59007616213268,132.63117030352103,134.55974467171816,19944800
2021-03-23,131.6184539794922,133.96091045963038,131.17814069143157,132.38459480078322,17076300
2021-03-24,132.6399383544922,134.8943396914152,131.97066715674688,132.0939543099445,13079800
2021-03-25,134.33958435058594,134.70944589313194,131.50396575377167,132.09398393621137,15608300
2021-03-26,136.57638549804688,136.89341163319352,134.33959969367083,135.8806963489371,16754400
2021-03-29,134.45404052734375,135.37870099136848,133.00981368048465,133.9608918631421,17570300
2021-03-30,136.03919982910156,137.2632703234083,135.51083190653023,136.02159697112316,13184300
2021-03-31,134.05780029296875,136.04802525732185,133.96093081738258,134.9824610258738,16736700
2021-04-01,135.3611297607422,135.43156806868996,133.45897295103796,133.76718421952287,16561500
2021-04-05,136.07864379882812,137.24792391986435,135.17512390505198,136.7695771370989,13508000
2021-04-06,135.1219482421875,136.66326817490452,134.51960171546628,135.34340155638282,13071600
2021-04-07,137.2390594482422,137.5048061635409,135.21940603827494,135.61803286944271,16903500
2021-04-08,137.40733337402344,137.75279996657073,134.91820055125493,136.41522695777195,12335500
2021-04-09,138.4348907470703,139.10810393713942,137.2744775763551,138.01855744692156,12122400
2021-04-12,138.14256286621094,139.2941227047361,137.8059630486259,137.81481631451828,12273400
2021-04-13,136.4949493408203,137.47820250896228,135.02449622153836,137.07958928218827,16113600
2021-04-14,133.94381713867188,136.26464334923372,133.69577701269915,134.17412369997368,19939600
2021-04-15,134.79420471191406,134.82077802890367,132.26964498283633,133.9792581192111,17694100
2021-04-16,135.79519653320312,136.8670231749179,135.25484982009772,136.30010314120403,13773400
2021-04-19,135.2193603515625,136.30892016451259,134.83846721759733,135.90144020320497,11900200
2021-04-20,132.22532653808594,134.42213926335634,131.67611321944182,134.4132859981849,13716700
2021-04-21,133.35032653808594,133.41233995618728,130.02852670535083,130.9143399940802,12236700
2021-04-22,130.5423126220703,133.13775283685536,130.4448726102571,133.07573941277448,15256100
2021-04-23,133.040283203125,133.87294975205262,129.93993708393108,130.37397689009893,14041900
2021-04-26,133.36801147460938,135.05106438993474,133.20857161250657,133.56289142813583,10799100
2021-04-27,133.979248046875,134.26271476203746,132.96942152787338,133.31488813920456,12821200
2021-04-28,134.84732055664062,135.4319604297988,134.11209408277833,135.02448046826694,8943700
2021-04-29,137.4693603515625,137.54908030007192,135.70658711915246,136.0077603800353,12976900
2021-04-30,136.2469482421875,136.8493083444974,135.53829486388602,136.5038416810858,11705100
2021-05-03,135.84832763671875,137.72624749927576,135.64459436320922,137.1681943138854,11801100
2021-05-04,137.7262420654297,137.86797543116535,134.7676290169956,135.41426891306273,12977700
2021-05-05,139.53330993652344,140.2065231551377,136.9733101294216,138.1868699828571,10506700
2021-05-06,142.34130859375,142.45646862151747,139.21438944541856,140.02048260692052,13542400
2021-05-07,142.82852172851562,143.05882828894605,139.09038903494468,139.26754896730932,14257800
2021-05-10,142.81080627441406,145.03419255745274,142.72221954716377,143.0588328909906,14014300
2021-05-11,140.4368438720703,143.84723070796554,139.99393719293792,142.6868173712689,15451700
2021-05-12,139.4712677001953,142.42102689881787,139.09922782601342,141.38462721007508,14381700
2021-05-13,143.05882263183594,143.9003424146184,139.6750099368036,140.1179165084192,15395000
2021-05-14,145.28221130371094,145.67197125619887,143.49287845483252,143.84719831176548,10584000
2021-05-17,145.86688232421875,146.02633575533164,144.4141489748432,144.71532226907541,9886800
2021-05-18,143.811767578125,146.6020735410634,143.7143275928179,145.87570028396775,11098100
2021-05-19,142.71336364746094,142.77536354224253,140.52540398583562,142.61592365585847,13278900
2021-05-20,142.46536254882812,143.37774921702902,141.30494922420985,142.46536254882812,10426000
2021-05-21,144.0863494873047,144.58240261728733,142.56275000725284,142.91706980968786,10249000
2021-05-24,144.8658905029297,145.4771037977023,143.60803733121725,144.7064506085215,9440300
2021-05-25,143.368896484375,146.7792697810579,143.1120030429877,145.1405231890744,12609100
2021-05-26,143.3511505126953,145.04305695370667,142.8905238681587,144.89247033300822,13058300
2021-05-27,145.58343505859375,145.93775500559752,144.00668831647968,145.2291015951504,15707500
2021-05-28,145.48597717285156,146.1060437621532,144.61787043139137,145.8757236600998,10291300
2021-06-01,147.08929443359375,147.85109437737117,146.58437438782184,146.92984101834662,9445400
2021-06-02,147.09815979003906,148.3205865137981,146.6286798052641,148.16113308544578,10498600
2021-06-03,147.1956024169922,148.1522824548166,145.85802912741386,146.522389138422,13354400
2021-06-04,147.4347686767578,147.63850195234642,146.18576867250908,147.2310354011692,8510800
2021-06-07,146.7438201904297,148.01939338048288,146.2831935348134,147.93080665255926,7267200
2021-06-08,146.15919494628906,146.8324081904269,144.52930171325747,145.70743502782742,10370700
2021-06-09,144.3344268798828,145.4682668666792,143.7497868351925,145.39740017794955,12377400
2021-06-10,142.0844268798828,146.37177288969642,142.0047069386294,145.5922529758328,12119400
2021-06-11,141.9870147705078,142.79310815640304,140.8974681434642,142.11102809784256,13683800
2021-06-14,139.57760620117188,142.02244600878757,138.77151286559072,141.86299258848757,19917900
2021-06-15,137.46047973632812,139.00179950126653,136.53038673110208,138.80691952467308,24485500
2021-06-16,138.42604064941406,139.62188042953358,135.6268675296592,137.06188067237764,25321200
2021-06-17,134.4309844970703,139.48012972883305,133.9792247044791,139.16123648805262,29722400
2021-06-18,131.0294647216797,132.60621086921634,130.71057148305235,132.2518910558235,43595700
2021-06-21,133.2528533935547,133.93493324083482,132.00386723958206,132.05701386105733,18664800
2021-06-22,133.0580291748047,133.73124245450248,131.68501577980038,133.40349584044998,14251200
2021-06-23,133.86410522460938,134.67905186088106,132.9517185820205,133.04915858833772,12733300
2021-06-24,135.0953826904297,135.6357293487803,133.95268947073788,134.5727560828357,13733200
2021-06-25,136.45950317382812,136.85811634338606,134.3512637877454,135.16621017247823,15484900
2021-06-28,136.70758056640625,136.84044716683923,134.7499270492435,136.14951381170872,14125800
2021-06-29,136.5392608642578,138.4614740940347,136.06978089883222,137.30106083924923,14528700
2021-06-30,137.7794189453125,138.25776578057287,136.15839221593203,136.19381880692433,12531000
2021-07-01,139.14353942871094,139.19668605821502,137.67308626905955,138.41716611499032,10479400
2021-07-02,139.00990295410156,139.26827672838118,138.1991644951682,138.93862789893225,11424000
2021-07-06,136.67567443847656,138.78714483365982,135.73130394264481,138.78714483365982,15083400
2021-07-07,136.8361053466797,137.45084100012693,135.01863843565977,135.42845314173715,12271800
2021-07-08,134.47511291503906,135.89166872273717,133.6732788695749,135.0720261121007,17834600
2021-07-09,138.77828979492188,139.11682936425737,135.93625942246555,136.35499193720963,13694500
2021-07-12,140.7650146484375,141.7984825755835,137.1478904977535,137.51317006422656,19940400
2021-07-13,138.6713409423828,140.22154270560705,136.75587323705346,139.02771619536153,22671700
2021-07-14,138.19915771484375,140.12354332702083,136.26586781907992,138.93862108232827,14622800
2021-07-15,138.5020751953125,139.45535008984723,136.9340513025068,137.11223212823683,11539300
2021-07-16,135.33934020996094,139.23264704705653,134.5464238300087,138.9475603907228,14002700
2021-07-19,130.93817138671875,133.47729219052778,129.81562001356704,132.34582294028507,22172900
2021-07-20,133.3793487548828,134.63553288789294,130.36804136165364,130.53731796816024,15385200
2021-07-21,136.18569946289062,136.88951856411663,134.84932272352992,135.4640581987282,12356700
2021-07-22,134.46621704101562,136.7024294195892,133.61094356576044,136.2035176266359,9913300
2021-07-23,134.2078857421875,136.16790260529922,133.86042826915556,134.9562535926671,9666100
2021-07-26,135.10768127441406,135.38387721643653,133.7891267139679,133.80694887668835,8208000
2021-07-27,134.92953491210938,135.85609728978235,133.45952557868864,133.99406824796415,11218700
2021-07-28,135.15225219726562,136.1055409424531,134.42170653704045,135.6778905325206,9217300
2021-07-29,136.3104248046875,137.08551894849032,135.33932765531873,136.43515275419978,9063500
2021-07-30,135.22348022460938,136.90731404425696,134.70674635478042,135.93621706555706,9805200
2021-08-02,134.6800079345703,137.60221648766822,134.59092433382762,135.44619759143887,10203200
2021-08-03,136.21241760253906,136.59551931350722,133.21002906140902,135.37495272185765,10394800
2021-08-04,134.74240112304688,136.64004662611495,134.4483966435686,134.7513054063066,10155000
2021-08-05,136.44406127929688,136.92516452403135,135.4284154890353,135.66896711140254,9151500
2021-08-06,140.3195343017578,140.60463448402783,138.1902415948565,138.26151664042402,13328800
2021-08-09,140.16810607910156,141.25502693672527,138.89408649266537,140.33738264461587,9516900
2021-08-10,141.8875732421875,142.529035187815,139.25936827863669,139.64247002681896,8667000
2021-08-11,143.580322265625,143.88323106839357,141.72721152828555,142.54685430924442,9156500
2021-08-12,144.1415557861328,144.65828963715148,143.03682663748685,144.22174870363457,8844200
2021-08-13,142.529052734375,144.4712609739408,142.16378669913365,144.14161208159024,8980900
2021-08-16,141.59353637695312,141.6826335801786,139.67806885652658,141.6024542538704,8755800
2021-08-17,139.88299560546875,141.53119893456892,138.33280737017117,140.38192098100944,9347200
2021-08-18,138.60897827148438,140.77390177086178,138.39515312817875,139.259344390175,8065500
2021-08-19,137.45079040527344,138.59116404621327,136.31932104794248,136.4529668680326,9517700
2021-08-20,137.8428497314453,138.00320846441278,136.45301966840182,137.5132143841246,6974100
2021-08-23,139.60684204101562,139.95429950270739,138.30610942825336,138.3862887822601,7934600
2021-08-24,140.47103881835938,141.25505100513854,139.75830170259013,139.87412539227245,7670900
2021-08-25,143.36648559570312,144.13267541995864,140.58682650971858,141.21937051217787,11335000
2021-08-26,144.10597229003906,145.9590831786276,143.5714161050185,144.5603355312766,11027500
2021-08-27,145.26412963867188,145.36213112670234,143.66937938747856,144.10593394221874,8780200
2021-08-30,142.93882751464844,145.65612901988607,142.43991581420957,145.40667316966662,7937600
2021-08-31,142.50228881835938,143.76739036917758,141.96774633461513,142.93884340192741,12340800
2021-09-01,142.2974090576172,143.22395769850735,141.62922062800567,142.74286801069155,8729900
2021-09-02,142.95669555664062,143.98124572785474,142.0390375914114,142.56468949638628,8813300
2021-09-03,142.09251403808594,143.33979377686535,141.78959159209987,142.8943347852542,7959700
2021-09-07,141.843017578125,143.77630741822523,141.62028814593384,142.5379323190154,9285600
2021-09-08,141.21046447753906,142.17265728637076,140.80063632783578,141.5579218589789,7852700
2021-09-09,141.82522583007812,143.28633067479782,140.83630639531287,141.00558297516986,7904300
2021-09-10,140.19483947753906,143.1883241266595,140.0701115169227,143.04577400186136,8311600
2021-09-13,142.42214965820312,142.5914262504843,140.82741244619615,141.2372271065646,10052800
2021-09-14,139.9364471435547,143.74065586611403,139.21479240032087,142.9477396711701,11685600
2021-09-15,140.90760803222656,141.37979353122458,139.40195428871803,139.624683810673,11691500
2021-09-16,140.8451690673828,143.30411049993384,140.07007505633499,142.02118689935497,10880900
2021-09-17,140.47991943359375,141.66484180010647,139.87410182358408,140.2126549552527,25581600
2021-09-20,136.27476501464844,137.7002250487773,134.07419740767344,137.10331187523082,15819900
2021-09-21,136.2926025390625,137.69135002369617,135.93624085339027,136.782610052607,8999900
2021-09-22,138.90301513671875,140.09684187800053,138.18137380197868,138.27045743671894,11236200
2021-09-23,143.59812927246094,144.070328229005,140.47101258402603,140.76501709916,12336100
2021-09-24,145.25526428222656,145.74527189955336,143.27743883522265,143.82980364330206,10102400
2021-09-27,148.7654266357422,149.13961042055513,146.65395613775323,147.00141348038844,13220900
2021-09-28,147.963623046875,150.8323793184173,147.58943921941201,149.40690546627877,13387900
2021-09-29,147.8477783203125,148.6941473518979,147.03704001250657,148.07942560501377,7777100
2021-09-30,145.8343505859375,148.77438232157743,145.03251633385676,148.712011544429,13161200
2021-10-01,148.89910888671875,149.94148116976393,145.75416987366089,146.1105315861398,11285000
2021-10-04,148.73876953125,151.8480784992008,147.65184839491562,148.75659169911822,14120000
2021-10-05,151.1676483154297,152.49414818968071,149.38403368241293,149.8680359356657,12292900
2021-10-06,151.4903106689453,151.562015212397,148.783522277678,150.56713689590015,8692600
2021-10-07,152.4493408203125,153.7220657864047,151.95638059634337,153.44421920823416,10195400
2021-10-08,152.5658721923828,153.56970858457842,151.74129034504426,152.38661764752578,8190100
2021-10-11,149.35714721679688,153.52487300591233,149.19582224876356,153.08570147543713,12154700
2021-10-12,148.2098846435547,149.40194691513642,147.68107907475854,148.55943570994017,13032600
2021-10-13,144.3020782470703,148.2547036726577,143.9435692374502,147.05368344656407,22753500
2021-10-14,146.51596069335938,146.99994940379497,143.45962033249228,144.97434676197614,15176800
2021-10-15,149.33026123046875,149.83217937107787,147.11643297180504,148.20094541409827,14267400
2021-10-18,149.2764892578125,151.12283688790518,148.70286656034446,149.21374265084629,12672900
2021-10-19,151.08702087402344,151.158711758454,149.30340582732762,150.03835364083648,8053900
2021-10-20,153.12156677246094,153.148454270621,150.09212801105105,150.84500531202306,8185600
2021-10-21,151.92054748535156,153.5607532674933,151.18558605976273,153.04986344586516,8415200
2021-10-22,153.96408081054688,154.24192741376942,152.09980340759938,152.39557956864948,8817900
2021-10-25,153.211181640625,155.0216837880608,152.79888392687968,154.79761221404007,10159200
2021-10-26,153.6234893798828,154.60045198728875,152.852682499278,153.26498027663456,8015100
2021-10-27,150.42372131347656,152.9960584461034,149.98453613239087,152.65547897471868,9847000
2021-10-28,152.6913299560547,152.82576742645523,150.540248372187,150.84498242259033,7212900
2021-10-29,152.2700958251953,154.37637433398152,151.82195262555953,153.42629926270777,8140100
2021-11-01,152.189453125,154.45705691597723,151.4813791187876,154.19712616768516,7435500
2021-11-02,152.78993225097656,153.883402671124,151.40068569984717,152.1894220491323,7173800
2021-11-03,152.84373474121094,153.38151210815704,151.60685500298288,152.4852256140779,8402700
2021-11-04,150.8360595703125,152.5479701868137,149.22275469897383,152.36871560958136,9574200
2021-11-05,150.6209259033203,152.4493440646651,150.0473031785607,151.3827611054454,7975600
2021-11-08,151.5261688232422,153.19326198877818,151.23936430160134,151.51721088314994,6413700
2021-11-09,150.37893676757812,150.99737659509412,149.3213253403011,149.99354016564533,7990300
2021-11-10,150.23550415039062,151.4275665619767,149.76047350890246,150.08313712163437,6999200
2021-11-11,150.2265625,151.1855818264509,149.59019314502248,150.14590000713164,5815300
2021-11-12,149.55433654785156,150.34307288925447,148.53257068569053,150.26239672616083,8113400
2021-11-15,149.2854461669922,150.38787450309113,148.78352801970303,149.86804047643008,6492500
2021-11-16,148.2098846435547,149.74254004308602,147.99477103491674,149.73356842840826,9706100
2021-11-17,147.41221618652344,148.3891650198127,146.444225293232,148.07547300495767,9909600
2021-11-18,146.1394805908203,147.75279862898236,145.70029539046854,147.340500922913,8122500
2021-11-19,144.2303924560547,145.29697536122904,142.91285047627974,144.5709856328314,12193600
2021-11-22,147.30467224121094,148.7656097429237,146.08572221555954,147.13437564056005,14549900
2021-11-23,150.82708740234375,151.07804652204845,148.21889046943465,148.33541208795694,12354400
2021-11-24,149.6439971923828,151.86678384047505,149.17792439195745,150.98842691664163,9629800
2021-11-26,145.13563537597656,145.78096261221904,142.34819808563626,145.3238615183155,13619300
2021-11-29,144.5082244873047,147.69004332702576,143.24447130172604,146.37250147980674,12104400
2021-11-30,142.35716247558594,143.97048063929282,141.8731601883517,142.65293861195255,18922600
2021-12-01,141.51466369628906,146.3366890596353,141.43400119999595,144.302115036909,12253400
2021-12-02,144.4903564453125,146.31877493537897,142.330302641762,143.25347666670322,12969900
2021-12-03,141.87315368652344,145.04601487578034,140.88724695339496,144.75023875296867,12681800
2021-12-06,143.5492401123047,145.74513916422782,142.9218423369332,144.31107538373945,11186500
2021-12-07,145.7092742919922,146.44422196620042,144.44550729255255,145.0908345400858,9851600
2021-12-08,144.0421905517578,146.33668150280062,143.55818824650183,145.7899462624158,11705700
2021-12-09,143.81813049316406,144.23937254459338,142.19584052262422,143.09212697704038,11189600
2021-12-10,143.24449157714844,144.92950062183732,142.62605180505082,144.58892110736258,10405400
2021-12-13,141.54151916503906,143.2175700312173,140.9678965274639,142.9576530432308,12069000
2021-12-14,142.6260986328125,144.20355820940242,140.98589242628066,141.12032995294354,12563600
2021-12-15,141.55947875976562,143.2713890969695,141.03067305651794,143.2713890969695,14014200
2021-12-16,143.77330017089844,145.03706723733112,142.24064445769898,143.7553706141154,19542800
2021-12-17,140.50184631347656,142.85012590064585,139.0857122089798,142.79635090669257,28082000
2021-12-20,137.9743194580078,138.65549214353135,136.09211269956296,138.48519555308945,15148000
2021-12-21,139.90133666992188,140.87828553412785,139.00505029698178,139.29186850092006,11291300
2021-12-22,140.44808959960938,140.7707532815702,139.1395189889462,139.59662017328804,7273000
2021-12-23,140.9499969482422,142.61709023013458,140.9051935684094,141.26370266454404,8055200
2021-12-27,141.75669860839844,141.7925440565359,140.12545035504394,141.2547802769813,6188100
2021-12-28,142.18690490722656,143.5402927424507,141.6849866021434,141.79253661716174,6342300
2021-12-29,142.11514282226562,143.0741756555376,141.7476621846805,142.3750734883595,6398900
2021-12-30,142.04342651367188,143.62089890480382,141.94483448922614,142.60809116970128,6948200
2021-12-31,141.92697143554688,142.76946924972364,141.57742025082302,142.01659187897172,5805900
2022-01-03,144.9294891357422,145.7720004294373,142.96661998899367,143.28032565834596,13120900
2022-01-04,150.42372131347656,151.09593599353522,147.1970853786979,147.2687899190533,20195800
2022-01-05,147.6736602783203,151.80325876112818,147.62857459183112,151.31636911841662,17539400
2022-01-06,149.24261474609375,150.9106757888475,147.75486900943554,150.49592031673117,14047500
2022-01-07,150.7213134765625,151.05492288563585,148.82782417710985,149.37783668727667,13913300
2022-01-10,150.86558532714844,152.6598778705533,149.25160806771075,152.44348852321346,12922500
2022-01-11,151.0188751220703,151.94758281760423,149.95491031778712,151.71314266572878,11854100
2022-01-12,151.87542724609375,152.9123294773183,150.7393282273638,151.8934642763877,12568000
2022-01-13,151.68606567382812,153.1106883189971,151.37950496439515,151.78524869843554,13623400
2022-01-14,142.3629150390625,145.19412327301816,141.47026782608924,144.95067153162142,40158400
2022-01-18,136.3939208984375,140.46039684637105,135.73570011499064,140.46039684637105,32324800
2022-01-19,134.28402709960938,137.25950363908484,133.94140614023675,136.66441933776596,22380000
2022-01-20,133.13894653320312,135.7988373379188,132.8684461317594,134.33815443163346,14860800
2022-01-21,130.81268310546875,133.00370776657778,130.08234155176575,132.9946961299702,20705400
2022-01-24,130.6954803466797,131.1733585564191,125.84456387220078,128.28805226415503,28471400
2022-01-25,132.1200408935547,132.4085782655211,126.94451528921533,129.52325957873367,18915900
2022-01-26,133.37335205078125,135.76275583917501,131.6061087193144,134.09468175592315,20709100
2022-01-27,131.02003479003906,135.59145139705564,129.9560840362686,134.72585291682148,17536800
2022-01-28,132.1922149658203,132.32745830068887,128.18884715503197,130.01020202786032,14117000
2022-01-31,133.9864959716797,134.15779957755353,130.44296992412916,131.3175800137124,13985700
2022-02-01,136.28575134277344,136.57428882459573,133.71603146663776,134.0676779237184,14584900
2022-02-02,135.19476318359375,136.09642225377036,133.5086651249957,135.69969006157655,12441100
2022-02-03,134.07667541503906,136.73656641317066,133.7069919647916,135.24883473438163,12474900
2022-02-04,137.5570526123047,138.40461401344166,134.13977210493826,134.43732113458552,16654400
2022-02-07,138.0169219970703,138.5128233408308,136.01523831868516,138.1972510091852,12572300
2022-02-08,140.61366271972656,142.89485798740867,139.5767607828598,139.75708975993848,20411400
2022-02-09,141.1997833251953,141.94814807359296,140.4964905133302,141.19075793131088,9131100
2022-02-10,140.61366271972656,143.39077299303935,139.95545576219075,141.25384641030783,16455600
2022-02-11,138.78334045410156,142.63342792639324,137.92676722471822,140.3071462427198,16830000
2022-02-14,137.4939727783203,138.56693532930305,135.5373745855073,137.7103621124639,17026500
2022-02-15,139.50469970703125,140.60472493061965,138.72026067773794,139.31534523880893,9500000
2022-02-16,139.75714111328125,140.74897148898773,138.62105575783718,138.62105575783718,9076500
2022-02-17,136.5381622314453,138.6119798699768,135.8529066130848,137.95377291035294,11367500
2022-02-18,137.1783905029297,138.9817083818998,136.26771992701023,137.16937886649532,11733300
2022-02-22,136.9349365234375,138.17021860615597,135.61852219767408,135.7898395947227,11333500
2022-02-23,134.06764221191406,138.2242896144109,133.41844680896554,138.0619838845634,11799000
2022-02-24,130.3347930908203,130.73152519700787,126.0338764061564,128.88312175221003,25655100
2022-02-25,133.41845703125,135.36604338931622,130.65938323643374,130.96594393403072,18367700
2022-02-28,127.85523223876953,130.79463524157825,127.02570771818957,129.43313528251048,31315300
2022-03-01,123.03133392333984,126.6650175921962,120.44357770847539,126.26828554011509,36840400
2022-03-02,125.58306121826172,126.2683170878339,123.17563340061338,123.78875490103731,19405600
2022-03-03,124.69039916992188,127.11586373331227,123.58136261131266,126.08797317108902,16640800
2022-03-04,121.18296813964844,122.10266420263444,119.37965007948567,121.66987172049836,21016000
2022-03-07,116.50333404541016,119.64110266746358,116.26889396332922,119.17223626152247,27560100
2022-03-08,115.68282318115234,118.82960348967877,114.75410886768476,116.89104263347035,19207800
2022-03-09,120.3173599243164,121.94034861646897,119.41570106847857,119.83045643755949,17536200
2022-03-10,118.89273071289062,120.32636491249848,117.50418220522836,118.89273071289062,15604200
2022-03-11,116.21481323242188,120.89442505071693,115.79103245546727,119.46079072436721,20061800
2022-03-14,117.36893463134766,119.84849654865901,116.52137308375106,116.7287645318465,15786900
2022-03-15,119.45176696777344,120.41654859268573,118.23453571027436,118.83864552101353,15096600
2022-03-16,124.7895736694336,124.87073341849661,121.20998709684156,121.60671917413966,20354900
2022-03-17,126.36750030517578,126.40357436891324,122.55348667927798,123.40104832019398,17050500
2022-03-18,126.32243347167969,126.99867773275244,124.84371323779627,126.40357948103448,23656500
2022-03-21,125.9166259765625,126.91746763639814,125.0871016629125,126.54779804318729,12676100
2022-03-22,128.59458923339844,129.77576020318918,127.78310171837029,128.27901687009776,13548600
2022-03-23,126.03389739990234,127.66589803365586,125.51093351447321,127.1158854781377,12093200
2022-03-24,126.85437774658203,126.87241477473805,125.42975520312606,126.50273136775705,10017600
2022-03-25,127.96341705322266,129.0995022043166,126.9535635855836,127.21503858766098,8383500
2022-03-28,127.01667022705078,127.10684160996571,124.33874250148959,126.23223147693211,10818100
2022-03-29,127.29621124267578,129.47823813379796,126.44866333807546,129.25282338339665,11316500
2022-03-30,126.71914672851562,128.14376956490008,126.15111092790522,127.94540348906021,8771000
2022-03-31,122.91413116455078,126.54781493756707,122.86002008098987,126.07894852092014,17353900
2022-04-01,122.00346374511719,123.89695294131533,120.6419637569858,123.88792754703877,15721300
2022-04-04,122.54444885253906,123.47315630104687,119.82143546773246,120.93047192171554,17416400
2022-04-05,121.11833953857422,122.9895221589647,120.81858496440468,121.78143929061653,12110300
2022-04-06,119.43793487548828,120.40985393617099,118.95651456184294,119.51968235662724,12914700
2022-04-07,119.0745849609375,119.82851070897789,116.93089664729351,118.94741759742486,12994200
2022-04-08,121.25460815429688,121.62701793140904,119.43792371104833,119.60141865804357,13126900
2022-04-11,120.80952453613281,122.53536934256763,120.41894400443994,120.80952453613281,10466400
2022-04-12,119.48332214355469,122.24469008358447,118.7203180523102,120.02833298598732,12989900
2022-04-13,115.6319580078125,117.40322242123774,114.46019580735403,115.30495428070313,30838000
2022-04-14,114.56013488769531,116.54032140511848,113.560952800384,114.90530247142894,18835200
2022-04-18,116.6856689453125,117.39417489721947,114.03330391264981,114.1513859279335,11834400
2022-04-19,119.1018295288086,119.28350906413976,116.47672102162295,116.67655742232519,15015400
2022-04-20,119.51969146728516,121.27278559962657,119.30168430742621,120.37353551814344,13430200
2022-04-21,118.59317016601562,120.6369403702375,118.04817309434537,120.10102173202377,12174200
2022-04-22,115.18688201904297,118.55683796784439,115.07788538098254,118.33883083152033,14318800
2022-04-25,115.15055084228516,115.46847619280373,111.82602161290978,114.46021568083782,17149000
2022-04-26,111.7442626953125,114.82354935774018,111.60801689927274,113.21577966345569,17209500
2022-04-27,110.29090881347656,112.2347605768097,110.1092431446066,111.11750354606737,17215200
2022-04-28,112.03491973876953,112.31651052347915,110.03656974006654,111.55349949827023,13015600
2022-04-29,108.41972351074219,112.28017778825911,108.00188693819952,111.7715083834421,14874800
2022-05-02,109.40983581542969,109.64600677231947,107.38423620894734,108.89208094116131,18545000
2022-05-03,111.75335693359375,112.78886664634277,109.70958666946774,110.39084342417641,15720900
2022-05-04,115.45030212402344,115.72280757940801,111.48992923835024,111.54443448748812,17128500
2022-05-05,112.561767578125,114.54195391848384,110.96309024158118,113.76986440831988,15055400
2022-05-06,112.38011932373047,112.89787419834097,110.07292886824266,112.4527883766834,14417900
2022-05-09,110.69059753417969,112.02586187588838,109.45525140376225,110.91768311800492,14312300
2022-05-10,107.9928207397461,112.43461424815578,106.78472375882266,111.82602654081015,16382400
2022-05-11,107.31155395507812,111.62617968658363,107.12988827526584,108.36523430227344,14630300
2022-05-12,107.2207260131836,107.47506074857978,104.79545373338196,106.27604918878221,16318800
2022-05-13,108.1744613647461,109.22814156617784,107.14803724860697,108.46513750039665,10443200
2022-05-16,107.42056274414062,108.51057073621672,106.48497128042332,107.67489748028493,10269000
2022-05-17,110.98126220703125,111.69885345380604,109.73683076438104,109.94575254209087,11160200
2022-05-18,109.08283233642578,110.79052043432934,108.57416282476208,110.18193270714565,12664900
2022-05-19,107.46597290039062,108.68315515891753,106.84829987295196,107.35697626208484,12765800
2022-05-20,106.58489227294922,108.70133169607323,104.47753821411612,108.5105806265787,13150100
2022-05-23,113.17945861816406,114.9688942069824,109.40983637325623,109.41892173744124,24376700
2022-05-24,114.77813720703125,115.80456154360846,111.82602463880535,112.96145254966146,19324900
2022-05-25,115.57746887207031,116.14064357614728,113.6972006442298,114.70546112163284,12780400
2022-05-26,117.57583618164062,118.25709294518363,116.45857897028732,116.60390321275453,15990900
2022-05-27,119.23809814453125,119.23809814453125,117.30332460146062,118.22983763253434,11177800
2022-05-31,120.1100845336914,120.94575768965635,117.8210721822143,118.2479802623708,17015000
2022-06-01,118.00275421142578,120.69143971904832,116.87640474405728,120.69143971904832,10768000
2022-06-02,119.90119171142578,119.91027014536667,116.87640998457209,117.99366720829858,8374800
2022-06-03,118.22984313964844,119.69227487183204,118.0754266039774,119.18360537545587,8596000
2022-06-06,117.83924865722656,120.25544262386137,117.5940062031713,119.07459480210566,11323500
2022-06-07,118.14808654785156,118.3751721169585,116.83097915886881,117.02173713540805,6722200
2022-06-08,116.26781463623047,117.5849082018658,115.26863949022072,117.17615693807602,8422100
2022-06-09,113.8243637084961,116.35864631606303,113.78802918733766,115.69555343259873,13560100
2022-06-10,108.59233093261719,112.08944760111972,108.38340914245269,111.35368558367267,12945200
2022-06-13,105.3586196899414,107.13896973681463,104.5138610877417,106.14887997267715,16805600
2022-06-14,103.60552215576172,106.56672004093218,102.8425179381667,104.95895719379872,13357900
2022-06-15,104.83179473876953,106.23063586993884,102.79710286959158,105.02254580211081,14083500
2022-06-16,103.03326416015625,103.78718990892105,101.61625243388144,103.42385161420655,16724900
2022-06-17,102.66993713378906,104.12328354205479,101.87968370591143,103.13319368364644,30919900
2022-06-21,105.21328735351562,106.30329531123714,104.49569612481002,105.24962187611989,11680500
2022-06-22,104.62286376953125,105.54936984306978,103.90527253890066,104.35035831431907,9842700
2022-06-23,103.47835540771484,104.62286867108389,101.26200485988664,104.46845213994337,11851500
2022-06-24,106.56672668457031,107.0208978700535,102.48827137935996,102.85160971376698,14841100
2022-06-27,105.71287536621094,107.63856355502784,105.04070399836333,107.23889072166351,11280500
2022-06-28,105.20420837402344,108.35615736765895,105.00437195262492,106.88464029835333,11590900
2022-06-29,104.73188018798828,106.11255756955188,104.21412530363914,105.36771708803025,9338400
2022-06-30,102.28843688964844,103.62370130911933,100.76242140026777,102.79710640940785,15172600
2022-07-01,103.59644317626953,103.93252539553801,100.97133445607687,102.32476255687853,10573600
2022-07-05,103.202392578125,103.28486316209828,100.16002085455565,101.50708933260327,12514200
2022-07-06,102.53343963623047,103.54145311162132,101.5254261608396,102.38682292649867,10656200
2022-07-07,105.12678527832031,105.29173344107218,103.91716774860753,104.00880406315798,10347400
2022-07-08,104.79689025878906,105.97901760800858,104.10960740399186,105.52999476713383,8807800
2022-07-11,103.42233276367188,104.67777206172161,102.83585190697502,104.05463527755578,7939500
2022-07-12,103.52313995361328,105.54833285479998,102.87251293940972,103.16575338230996,11250900
2022-07-13,102.55176544189453,103.07410011344058,101.149702594837,102.40514174884179,12979900
2022-07-14,98.96874237060547,99.17951221298264,97.19096827966213,98.95957664057076,26204800
2022-07-15,103.50479888916016,104.35702993966817,98.66632853456102,100.03173555608011,18863900
2022-07-18,102.44181823730469,106.15314207236898,101.98362959163721,105.17261865029673,13977900
2022-07-19,104.98017120361328,105.32839901878464,103.24821883168227,103.66975151037097,11862300
2022-07-20,104.96184539794922,105.14511804151188,103.99048780254137,104.55863719242753,11667500
2022-07-21,105.67660522460938,105.86904357360412,103.88967270437081,104.8701959062406,11595900
2022-07-22,105.16343688964844,106.52883679724192,104.16458222522463,105.60329397801301,7645500
2022-07-25,105.58496856689453,106.72127419163009,105.17259468491791,106.15311788356115,9394000
2022-07-26,103.93549346923828,105.91487144614754,103.57810694419679,104.99849430677905,10675100
2022-07-27,105.60330200195312,106.06149058213165,103.82553506501444,104.47616200989958,9337400
2022-07-28,105.2092514038086,106.28141791194416,104.03628984792245,105.61245956042035,10384800
2022-07-29,105.7132568359375,106.7579261115365,105.190922198138,105.92401964183092,12944500
2022-08-01,104.65943145751953,105.48417227500013,103.614762085845,104.92518166489677,14740400
2022-08-02,103.0282974243164,104.83356177673076,102.88167370427693,104.3936976080161,14942900
2022-08-03,104.10960388183594,104.55862670751968,102.3684859769733,103.96298018856635,14394500
2022-08-04,102.96414947509766,103.84387080557701,101.73620031138022,103.41317237482694,18033900
2022-08-05,106.07981872558594,106.47386117188196,102.68006040587031,103.11991751391076,14174600
2022-08-08,104.7877197265625,106.94120450793554,104.63193729788584,106.5288376105203,10332500
2022-08-09,105.7315902709961,106.29058087711556,104.80605440763335,105.15427519857553,10233800
2022-08-10,108.48988342285156,109.38793604972761,107.67430836983057,108.09584099341652,12847300
2022-08-11,110.09354400634766,111.06490149308424,109.33294933698859,109.87361546039648,11684900
2022-08-12,111.9171371459961,112.02710491926354,109.45208740335796,110.57922736588773,9906700
2022-08-15,112.21955108642578,112.45781111604711,110.51508893491008,111.00993346193754,8456200
2022-08-16,113.29169464111328,113.85068521309546,111.67887603180945,112.06375272325226,9555000
2022-08-17,112.33866882324219,112.86101049821654,111.51393500074147,112.07292560842028,8149300
2022-08-18,111.46813201904297,112.22872684101173,110.46928413757377,112.01795698994185,9531800
2022-08-19,108.70982360839844,110.87247433761473,108.23331054548441,110.53341925157693,13464500
2022-08-22,106.9137191772461,107.36274900936787,105.84155960207086,106.9870310263357,8967600
2022-08-23,105.8598861694336,107.48187765356658,105.73159392668218,106.93205275728873,7607000
2022-08-24,106.11648559570312,106.67547626302469,104.87937074714999,105.64913125272534,9771300
2022-08-25,108.63652038574219,108.81062730043611,106.00651529202598,106.44637942638602,10758900
2022-08-26,105.08096313476562,109.95608915495758,105.01681701573952,109.47041039784526,11276200
2022-08-29,104.82439422607422,105.25509265695626,103.97216309450435,104.46700765393882,8117300
2022-08-30,104.84270477294922,105.91486427548622,103.8805060451941,105.38336389269955,10745400
2022-08-31,104.21957397460938,105.41086004766464,103.86218046214988,104.90685682147296,10738300
2022-09-01,104.9343490600586,105.04430984320028,102.5517698761506,103.81636782209952,9979800
2022-09-02,104.20124053955078,107.62848897994999,103.72472751765136,106.18061845683108,10666600
2022-09-06,104.22872924804688,105.15427207532213,102.69838117116177,104.76939537180655,9751900
2022-09-07,106.2081069946289,106.40054534612854,103.3306834678968,103.6697385194618,10647900
2022-09-08,108.68231964111328,108.85643352252292,105.04430153660029,105.63994803332598,11435000
2022-09-09,109.20465087890625,110.01106715377296,108.7464623559691,109.17716068615435,9299700
2022-09-12,110.49678039550781,111.38566752637368,109.77284146409544,110.5334363277646,8614600
2022-09-13,106.65714263916016,108.97557585589206,106.09815198318093,108.19665662766957,12904600
2022-09-14,106.40972137451172,107.98588426193879,105.27340862985554,106.9412148290217,9345700
2022-09-15,108.01337432861328,109.3970987546802,106.07981803397652,106.40971435855738,10821400
2022-09-16,107.28943634033203,107.58267674304666,105.7224322828817,107.57351101412983,14844100
2022-09-19,108.27913665771484,108.80147139821824,105.85073560430655,106.29975848860512,8201300
2022-09-20,106.14396667480469,107.8484287284981,105.05347563201083,107.59184424581785,9619000
2022-09-21,103.0832748413086,106.84958589616258,103.01912871349809,106.7946054984403,12606300
2022-09-22,101.91029357910156,104.1004342270476,101.78200134803042,103.89883015210658,11684500
2022-09-23,100.01339721679688,101.11304695213371,98.19897445435083,100.84730374269262,18138600
2022-09-26,97.85991668701172,100.44409997034356,97.1909582912976,98.96873219953821,15753600
2022-09-27,96.99853515625,99.12453019833698,95.8988852001858,98.7396534128549,12793600
2022-09-28,98.95957946777344,99.63770368164498,96.8060942807258,97.09016899728589,12762600
2022-09-29,97.28260803222656,98.30894603359052,95.66978218399328,98.00653987615866,12713900
2022-09-30,95.76140594482422,98.62050498371808,95.66976963406658,97.19095196856998,15973400
2022-10-03,98.72130584716797,99.29862089032719,95.72474888212648,96.78774965018098,12248100
2022-10-04,103.33985137939453,103.54145547735958,100.67319742455584,101.36048030867137,16013600
2022-10-05,102.06392669677734,102.58168691135025,100.62159063963632,101.47219872185006,10943500
2022-10-06,99.983642578125,101.87902609549016,99.79873020987436,101.20408254886142,11521400
2022-10-07,97.98656463623047,99.58607711790108,97.33010948849666,99.41040542591979,11681100
2022-10-10,97.07122039794922,99.21623617356313,96.6366686024403,98.67998752012531,8931700
2022-10-11,94.26976013183594,96.65516770281602,94.16805621613065,96.49799148907313,12739700
2022-10-12,95.79531860351562,96.83084624866187,93.64105486026882,94.12183832385476,13181000
2022-10-13,101.12088775634766,101.61091194695193,94.08486326864464,94.28827113356468,22398700
2022-10-14,102.8035888671875,106.54811674894586,102.3690370981496,103.51550915304797,33387100
2022-10-17,107.1213607788086,108.18462443926855,105.69751309364675,106.70530445921536,22276300
2022-10-18,109.87659454345703,111.07854601286907,108.13839442294122,110.63475353926913,21539700
2022-10-19,107.72235107421875,109.86736709890063,106.94570357092692,109.0907195956088,17072000
2022-10-20,107.3709945678711,109.75640203483904,106.92720209501213,108.32331365103737,12207400
2022-10-21,113.01092529296875,113.15885378191355,107.55592559275252,107.67611793089235,20593300
2022-10-24,113.14961242675781,113.81530829943095,112.17881182407224,112.86299611367284,12624200
2022-10-25,113.44548034667969,113.97248842153785,111.77199992640224,112.65959210227095,11289100
2022-10-26,114.74913024902344,115.75691472354174,113.61189864224399,113.72285030391559,11667000
2022-10-27,115.2021713256836,116.6814915551683,114.8415872401828,115.75691552999595,10727600
2022-10-28,116.5705337524414,116.75544611496414,114.6936457624132,115.840117928754,11859500
2022-10-31,116.3856201171875,117.81871568676551,116.11749224044269,116.21919616106848,13295200
2022-11-01,118.4843978881836,118.60459727168887,116.80167705865396,117.30094889933004,13386900
2022-11-02,117.3934097290039,120.52772164129821,117.08829797195993,118.02212165838785,16546100
2022-11-03,117.60606384277344,118.51214436843179,116.41336701568612,116.78319177083767,12474400
2022-11-04,120.82357788085938,120.9622727375387,118.77103225951693,119.72334435549573,14953200
2022-11-07,121.46154022216797,122.31214841852203,120.63866817618016,121.1194516290445,12011200
2022-11-08,121.53549194335938,122.09948377284582,120.32429984427564,121.34133891643408,9884100
2022-11-09,119.95448303222656,121.51700446153708,119.47369961125709,121.41531465554665,9494000
2022-11-10,124.89170837402344,125.04888457666067,122.53403711864898,122.6265003474511,16351600
2022-11-11,125.09514617919922,125.8995228525547,123.68978659037667,124.99344224629934,10704700
2022-11-14,123.8099594116211,125.4926801762243,123.8099594116211,124.63283138007225,11085600
2022-11-15,122.91311645507812,125.47419552435314,121.67418819493219,124.52186941416352,14038300
2022-11-16,123.07955932617188,123.48637504565149,122.0717748170407,122.96861471464504,7893400
2022-11-17,122.54328155517578,122.86688875799608,121.37832101925787,122.04401678489907,8820200
2022-11-18,123.74524688720703,124.51264665043922,122.30291060273589,124.42019751635594,9468500
2022-11-21,123.01483917236328,124.41094384841742,122.73746355179416,123.65279886729925,7800500
2022-11-22,124.85470581054688,125.06736839540307,123.60653698541871,123.8931532169391,9185700
2022-11-23,126.18611145019531,126.20460691790676,124.68830304745849,124.762270810396,7316200
2022-11-25,126.426513671875,126.79633838879062,125.7977947236281,126.18611490876208,3220500
2022-11-28,124.21678161621094,126.39878137141969,124.06884608177768,125.80705334159573,9906900
2022-11-29,126.26009368896484,126.33406146038281,124.27226097327996,124.50340496849493,7925300
2022-11-30,127.75788879394531,127.75788879394531,123.1442641649299,125.8255285835747,14761200
2022-12-01,125.96422576904297,128.20169775541186,125.21530743895859,127.75789116545623,8858500
2022-12-02,124.96566772460938,125.14133938276495,123.28293300744218,124.34620363547079,8931900
2022-12-05,121.46154022216797,124.42019460172425,120.74962688555479,124.1150828397859,10154500
2022-12-06,121.6649398803711,124.91945101424133,120.0746681960884,123.32917932995863,13966700
2022-12-07,121.58171844482422,123.0425499107223,120.49996644514613,121.4060467844829,11739400
2022-12-08,122.85765838623047,122.95010751771568,121.51701195455388,122.34913878537827,8907300
2022-12-09,122.19195556640625,123.67126855663082,122.04402003501117,122.22893239530065,7957800
2022-12-12,124.08731842041016,124.49411990240931,121.67417513293056,122.41382445140644,8841600
2022-12-13,123.9671630859375,126.75013202105787,123.0425870015626,126.56521962576517,10025400
2022-12-14,123.34769439697266,125.47422213666796,122.7467114988463,123.68978302144195,9966100
2022-12-15,120.28733825683594,122.11799471073402,119.31653067549726,121.25813173026505,12087800
2022-12-16,119.53841400146484,120.10240587467946,118.74327814919356,119.40897393750946,21133700
2022-12-19,120.2503433227539,121.42455870528141,119.35350354109474,119.87126380516413,9017200
2022-12-20,120.83283233642578,122.09025618414302,120.37978504517666,121.09171247202262,8549900
2022-12-21,122.19195556640625,122.95010047596573,121.83137152607371,122.21043692689906,8051700
2022-12-22,120.80509948730469,121.39682754310846,118.72480355719475,121.21191517090286,8648200
2022-12-23,121.37834930419922,121.5262848661283,119.86204506420547,120.73114885564915,5091900
2022-12-27,121.80363464355469,122.24742712715732,120.70338706078451,121.6464584328602,5411000
2022-12-28,122.46932983398438,123.34767411677514,121.12868349361527,121.90533797107096,8827700
2022-12-29,123.17201232910156,123.21824394936257,122.33064480724447,122.9038773963336,6585200
2022-12-30,123.98565673828125,124.19830528435155,122.4508570748442,122.7929457065109,9292500
2023-01-03,124.92870330810547,126.42652600592973,123.79147879013018,125.03966202033209,11054800
2023-01-04,126.09366607666016,127.29560346338475,125.3447618530242,125.73308203906105,11687600
2023-01-05,126.06571197509766,126.40101844875035,124.52888471580748,126.35444534172031,8381300
2023-01-06,128.47808837890625,128.88790910932084,125.264741960332,126.79224654780008,10029100
2023-01-09,127.94713592529297,129.35356696262485,127.4907564439793,129.09277462698378,8482300
2023-01-10,129.09278869628906,129.20455279171128,127.89126782202855,128.33833841583532,9048700
2023-01-11,130.05215454101562,130.16391865316137,128.6271052626769,129.37221829314208,8703700
2023-01-12,129.92173767089844,131.19775845530057,129.6702542464576,130.39674928407086,11001700
2023-01-13,133.2002716064453,133.64735639917933,125.55344177840327,126.29856888750913,20200000
2023-01-17,131.14190673828125,131.83113776243096,129.67959317557893,131.4865222503561,14292900
2023-01-18,127.20204162597656,131.07667726824099,127.05301335185757,129.3908357771105,13392600
2023-01-19,125.5068588256836,126.57796919018423,124.42642531282543,126.03776664587156,13303400
2023-01-20,125.81424713134766,126.19612676837863,124.38919796107986,125.8887612711673,13092500
2023-01-23,127.85405731201172,128.4967294832304,125.57211631627115,125.85152664104248,10487100
2023-01-24,128.9530792236328,130.66686180767942,125.73973332551567,127.0623273335594,6945000
2023-01-25,129.5771026611328,129.5771026611328,127.83537927283399,128.58050636602806,8967000
2023-01-26,130.37811279296875,130.45262692406783,128.86924072153477,129.85652808739243,7487600
2023-01-27,130.69482421875,131.57033343473924,130.16391627153163,130.96492555553354,7489900
2023-01-30,129.58642578125,130.48056692319057,129.38151547536418,129.67955778530532,6729300
2023-01-31,130.3594970703125,130.46195222574966,128.7667876925378,130.28498293798387,9188700
2023-02-01,130.01487731933594,131.21639825284845,128.64571023442275,128.72954752224172,8841800
2023-02-02,129.4095001220703,130.82524065486277,128.53397655852922,130.39678781300066,11822100
2023-02-03,131.41197204589844,132.56691974902398,128.65502028144255,128.7015791773441,11501200
2023-02-06,132.18507385253906,132.48313045013606,130.42471793282908,130.6109962002668,8406200
2023-02-07,133.79640197753906,134.4390740829232,131.49582912510755,131.68212160536794,10447900
2023-02-08,132.8556671142578,134.1596290034137,132.5203605981722,132.86497605199511,6958000
2023-02-09,130.78793334960938,133.507635178985,130.27565758110498,133.30272487158322,6443100
2023-02-10,131.36538696289062,131.5889293337326,129.08344699916134,130.1918214932311,6582900
2023-02-13,132.7904815673828,132.93949563787933,131.0860078917778,131.6075926688138,7134600
2023-02-14,133.3772430419922,133.94540087297335,131.88700301189505,132.72526214056734,9249400
2023-02-15,133.9361114501953,134.01993453285192,131.60759774004632,131.89633116616562,6728300
2023-02-16,132.09190368652344,133.5542025864328,131.96149330363698,133.10713203123896,8165300
2023-02-17,132.48309326171875,133.03261897064874,130.46194549251427,131.30951350325904,7948800
2023-02-21,130.05215454101562,131.64484998757297,129.23251315295988,131.03944209729002,9996300
2023-02-22,129.05555725097656,129.86587557251653,128.0123875301783,129.39086383439337,11107500
2023-02-23,130.0894012451172,130.55510398353837,128.47807374957344,129.21387782294622,8068000
2023-02-24,131.26296997070312,131.6634817250216,129.40015897527957,129.56781935517012,9126900
2023-02-27,132.4086151123047,133.47972579954848,131.99879440034755,132.36204199283307,10014700
2023-02-28,133.5169677734375,133.8988331805033,132.16641859398732,133.1350881542534,11019800
2023-03-01,132.77186584472656,133.61944831794423,132.07331167249419,132.35273618381132,7139200
2023-03-02,131.3933868408203,132.6600847363199,129.96832328414183,132.48312962123975,11106800
2023-03-03,133.8057098388672,133.88022398003244,131.40268208173438,131.80317960186355,9513100
2023-03-06,133.02334594726562,134.15964763008301,132.87431765006573,133.6008128337644,9261300
2023-03-07,129.1114044189453,132.54829241707674,128.35696836318334,132.2688679710603,11747600
2023-03-08,128.34765625,129.0834602012546,127.50007399583426,128.53393447202873,10002500
2023-03-09,121.39936828613281,127.9285287981552,120.3561988559478,127.37898884778784,25888100
2023-03-10,124.48233032226562,125.98189363651508,119.05224205342475,120.11405078365277,37599700
2023-03-13,122.24697875976562,124.6965799106019,120.53319595415678,122.20972879100059,42901100
2023-03-14,125.38578033447266,126.23336259133937,122.28419889600545,126.00051126003207,29648100
2023-03-15,119.46206665039062,122.00481394785481,118.03702445054553,121.9954907969156,34280600
2023-03-16,121.78125,122.89893358205063,117.37569955019833,119.22919421442153,24558500
2023-03-17,117.18010711669922,119.66695774470824,116.84480061561271,119.57382573514523,38396000
2023-03-20,118.41888427734375,120.58906060676199,117.36639871317351,118.27917204343034,22875500
2023-03-21,121.5949935913086,122.69404528411114,121.2596870353125,121.63224355881022,17807800
2023-03-22,118.45613861083984,121.69743251731845,118.3629994924019,121.60428629282127,17250200
2023-03-23,118.13946533203125,120.64494829753855,117.37571313780303,119.12675995339434,16677600
2023-03-24,116.34186553955078,117.05904465481096,114.66533278093465,117.01247153693714,22311100
2023-03-27,119.67630004882812,120.50525039084135,117.62720364688225,118.09290640558902,18853900
2023-03-28,120.03953552246094,120.4679740584626,118.97772680215019,119.88119830592825,10820500
2023-03-29,120.28169250488281,121.28761203997337,119.00566455169982,121.17584794011391,14595300
2023-03-30,119.91844940185547,121.19447029615635,118.89390484759521,121.03613307812857,12134700
2023-03-31,121.3714599609375,121.3994009916222,120.01161576054416,120.76605201327384,13105200
2023-04-03,121.23173522949219,122.42393305324629,120.5331811509432,120.99888386997586,11775400
2023-04-04,119.611083984375,121.63223206825984,118.67036961353394,121.54840899020964,11579900
2023-04-05,119.78944396972656,120.29634386145798,118.70992008687661,119.029086970301,9614700
2023-04-06,119.65802764892578,120.23064449367602,119.08541080417554,119.21683035918426,8760200
2023-04-10,120.05229187011719,120.37145161510128,118.4846391329399,118.78502772426626,9477300
2023-04-11,120.64366149902344,121.0379200987744,119.72371760444378,120.43714304339368,10516300
2023-04-12,120.62488555908203,122.43659875477059,120.21184863970191,121.26320492637485,11821000
2023-04-13,121.0848617553711,121.13178604983821,119.05723377119003,120.58734391531581,12450200
2023-04-14,130.22796630859375,130.59406469351157,126.63268508047337,126.86736389961706,43931300
2023-04-17,131.26051330566406,131.47641373375217,129.22350358101102,131.3731545162051,16050500
2023-04-18,132.73431396484375,133.09103029865304,130.50956368507917,131.67357560553415,13760100
2023-04-19,132.5653533935547,132.82819248721285,131.7956001023727,132.57473538845093,9158100
2023-04-20,132.18045043945312,132.76244912762158,131.26989578777787,131.33561270994062,10586200
2023-04-21,131.92703247070312,132.46210702857394,130.27489881805042,131.17607174364318,11842500
2023-04-24,132.10537719726562,132.45271153798373,131.45766146105908,131.85193442335057,7567500
2023-04-25,129.23289489746094,131.38256031139522,129.19535259912325,131.04462233173828,10629300
2023-04-26,126.94246673583984,129.3643539425579,125.78785092084759,129.1859957427504,14416100
2023-04-27,128.65090942382812,129.45820499597775,127.34609598643402,127.66525568797654,9041100
2023-04-28,129.76797485351562,129.84307377704,127.35547027763103,128.19092610681395,9887300
2023-05-01,132.5465545654297,134.58356438783375,132.1992346004922,133.5415901693672,20415800
2023-05-02,130.40628051757812,133.682400884323,129.94630503068677,132.73428960763403,14113400
2023-05-03,127.64645385742188,130.17159934427215,127.43993542420081,129.95569891814225,12930900
2023-05-04,125.90048217773438,127.40243227655391,123.73205228626124,126.68901385762636,17089200
2023-05-05,128.3599090576172,129.4300437080676,127.58077379893709,128.0782916604132,11261400
2023-05-08,128.6697235107422,129.51456161998723,128.11587055271806,129.0639822499672,7484900
2023-05-09,128.0501251220703,128.55702495344676,126.9236699117242,127.59953157900776,7343600
2023-05-10,128.1158447265625,129.59901644103994,126.60451270236425,129.49575719751124,8133400
2023-05-11,127.71219635009766,128.42561469265442,126.6326653559909,126.72654259848927,7057300
2023-05-12,125.88170623779297,128.5945924244968,124.97115140440546,128.4350125692385,9988600
2023-05-15,126.94246673583984,127.35550376199222,125.75030861104229,126.0413080639245,7639500
2023-05-16,126.08822631835938,127.60894028375941,125.75028829008642,127.15836102061431,6477200
2023-05-17,129.96511840820312,130.0965379651103,127.15836908775938,127.57139174971228,12711500
2023-05-18,130.95074462890625,131.16664507179303,129.31737534583655,129.7961291707585,10999600
2023-05-19,130.6503448486328,131.88007351190336,129.6647055724634,131.22296156291847,13492200
2023-05-22,129.57086181640625,132.95962436351687,129.22354176550556,132.35884719035093,11402500
2023-05-23,128.21908569335938,130.50955271521028,128.09706247651502,129.11086212926887,9514900
2023-05-24,127.04570770263672,127.99381919171971,126.8016469148907,127.10202832106606,8578000
2023-05-25,127.35548400878906,127.91871883412094,126.33228792230425,126.55758471716831,8472500
2023-05-26,128.5476531982422,129.16720862655984,127.31793866012023,127.76851791541658,8579900
2023-05-30,129.03579711914062,129.27985791353595,127.68404494538186,128.41624165222498,7399900
2023-05-31,127.39301300048828,128.45375116084477,126.16328437607284,128.35049194272298,14219900
2023-06-01,129.1484375,129.75859664375824,127.14896956264377,128.15340169083998,12248100
2023-06-02,131.86131286621094,132.80940997236672,130.80056020658242,131.00707867701726,12922500
2023-06-05,130.56591796875,131.5234116611244,129.66475923070576,131.5234116611244,8511900
2023-06-06,130.80055236816406,131.51398497733314,129.73981409575774,130.18099699398726,9329500
2023-06-07,132.06784057617188,132.6122970978037,130.32182977357914,130.9977058470768,9281400
2023-06-08,132.10537719726562,132.25557505683798,130.9319832762121,132.04905658084004,7368100
2023-06-09,132.3682403564453,133.10983347063265,131.61727956935886,131.74869913946486,7249100
2023-06-12,132.3588409423828,132.65923667661448,131.19482895772052,132.42455788061736,7596600
2023-06-13,133.3163299560547,134.11422924141024,131.55154088595165,131.87070060009387,7701600
2023-06-14,132.81881713867188,134.80888875414163,132.07722411872507,134.23627191637723,9068700
2023-06-15,134.32077026367188,134.61176971797227,131.44830370699736,131.9739819887863,9343100
2023-06-16,134.48033142089844,135.14682550056537,133.7669130411952,134.28320925450666,13813500
2023-06-20,133.79505920410156,134.23625643758606,132.39636857841077,133.87015812933888,8428600
2023-06-21,133.5979461669922,135.19375904703173,133.00655104271297,134.14238834568462,9926500
2023-06-22,131.02584838867188,133.8607718500969,130.43445332364368,133.5885364643692,10075200
2023-06-23,130.340576171875,130.65033949969234,129.1859464735787,130.04956250632128,9919500
2023-06-26,130.65975952148438,131.42949846967983,129.25168684496631,130.35936380847232,8429700
2023-06-27,130.66912841796875,131.26990546011544,130.04957306472713,130.48138827798314,8154000
2023-06-28,130.09652709960938,130.67854022329556,129.50514630474729,130.63160160182238,7558600
2023-06-29,134.639892578125,134.7619301180423,131.27930530813512,131.48582376476978,15423200
2023-06-30,136.52674865722656,137.05242690700237,134.85583665315713,135.73823128256282,14212800
2023-07-03,137.62503051757812,138.44170812520798,137.05241369562958,137.23077186825142,8021600
2023-07-05,136.70822143554688,137.45489301705248,136.44357724802387,136.99177289990052,8934900
2023-07-06,135.3566436767578,135.52676589823656,133.683703055419,135.17706060606832,9709500
2023-07-07,136.42466735839844,137.84241023098767,135.15815385350504,136.01825465749548,8981500
2023-07-10,137.1902313232422,137.9841782065254,136.57588191389272,136.57588191389272,9100100
2023-07-11,139.3357696533203,139.7138430776228,137.71955083325997,138.31499304074333,11260900
2023-07-12,140.02574157714844,141.65142133661465,138.9388110688898,139.36413107551158,11323200
2023-07-13,140.70626831054688,141.1788493306503,139.64769144056422,140.54559249435508,11234900
2023-07-14,141.556884765625,144.5057849236938,140.27146415943682,143.2392715913975,27028400
2023-07-17,144.9689483642578,145.3186536800163,142.10510873330162,142.10510873330162,17262400
2023-07-18,145.23361206054688,145.93302278595684,144.43967935612142,144.9689678257384,13491700
2023-07-19,145.7912139892578,146.69857570240228,143.87253660559233,144.37347122761187,12510000
2023-07-20,147.58702087402344,148.0028944061575,145.94244844316228,146.0558632530077,9935900
2023-07-21,146.45281982421875,147.57756468755593,146.20708294512963,147.25621313289523,10636400
2023-07-24,149.3355712890625,150.08224279981673,146.244888022318,146.4717320567115,14381400
2023-07-25,148.2202911376953,149.0709310505176,147.407451353921,148.67396479639882,9944700
2023-07-26,149.10873413085938,149.57186864751083,147.7098985759883,148.1163256869326,8728600
2023-07-27,147.46414184570312,150.07278311159274,147.01991466470403,149.1181749258415,10778400
2023-07-28,148.3053741455078,148.95753823859155,147.8611468479588,148.65507947344003,9103800
2023-07-31,149.2977752685547,150.63990339275125,148.53218203967285,148.56053574199896,8892700
2023-08-01,148.560546875,149.3355865887295,147.5870312301141,148.79683736010875,6853900
2023-08-02,146.87815856933594,147.15226360614741,145.49823022396106,147.02938793985078,8299400
2023-08-03,147.77606201171875,148.31479677039448,145.88573829898567,146.50008773681375,6084000
2023-08-04,147.46414184570312,149.14652862488194,147.16168315990635,147.8232935075569,6209400
2023-08-07,148.16357421875,149.05202871207436,148.0123592755238,148.0123592755238,7251800
2023-08-08,147.3318328857422,147.426340416945,144.22224234205765,145.85738271634628,8623400
2023-08-09,145.35646057128906,146.99160124818755,145.05401622463242,146.80257172877367,6277800
2023-08-10,145.13905334472656,146.91596226184708,144.69482611544643,145.91409299479844,5995100
2023-08-11,145.98028564453125,146.04645391509513,144.26009809625154,144.63815717309583,5180700
2023-08-14,146.28269958496094,146.42446808979585,144.53414444119738,145.18630840748784,5044300
2023-08-15,142.55877685546875,144.86497429197647,141.99167392379331,144.4680080086143,10300300
2023-08-16,141.95387268066406,142.6816514054772,141.47183086590564,142.341392533541,6978200
2023-08-17,140.47940063476562,142.965166320838,140.2620030404894,142.6060146497314,9953900
2023-08-18,140.80078125,141.30171594540883,139.3546845750232,139.5531605143972,8517500
2023-08-21,141.2827911376953,141.86880129929557,139.90286289507884,141.44346692364243,8327000
2023-08-22,138.35281372070312,141.43403654957152,137.8518790305932,141.07487038608625,9673300
2023-08-23,139.28851318359375,139.49644996818782,137.48326480392976,138.32445836995967,7858000
2023-08-24,139.15621948242188,141.21668047148475,138.92938979623398,139.41141730141317,6534000
2023-08-25,138.98605346679688,140.4699500776079,137.85186212679616,139.2034366549742,6695500
2023-08-28,139.4680938720703,140.46051679570425,139.06168115953045,139.47755472158863,5094100
2023-08-29,140.60227966308594,140.68735519519547,139.10892212395314,139.6098712013941,6337000
2023-08-30,140.0352020263672,140.9709031538523,139.11839375456958,140.46996845961573,6277300
2023-08-31,138.3055419921875,140.214773060549,137.95583670566558,140.129697529157,10933900
2023-09-01,138.7686767578125,139.95957555711323,137.71008562529693,138.07869818855855,7903500
2023-09-05,137.23748779296875,140.08243398545335,137.0579047469552,139.09001123044766,7854700
2023-09-06,137.01068115234375,137.55886238609727,136.20728773462542,136.76492981787493,8629200
2023-09-07,135.83865356445312,137.30365722283915,135.52674844322067,136.22617335950173,8373700
2023-09-08,135.942626953125,136.2167175365484,134.82732850072392,135.50784616814917,7107900
2023-09-11,136.53807067871094,137.09571264146294,135.8102921040884,136.8121612363611,6854200
2023-09-12,138.31500244140625,139.24127157738192,136.1505878255214,136.57590783749566,8363200
2023-09-13,138.3811492919922,139.60040172726968,137.82350726430812,139.2601428859323,8325900
2023-09-14,141.06541442871094,141.6797638986185,139.43028836998263,139.73273268035945,10034900
2023-09-15,140.6495361328125,141.5190833260664,140.17695519591197,140.75350451581164,19863400
2023-09-18,140.94253540039062,140.96144267622086,139.64766823552236,140.03518806890037,6512400
2023-09-19,140.7629852294922,141.50967136800628,139.13731967884038,141.301734551359,7943400
2023-09-20,140.1675262451172,142.01058924441625,140.01629686516765,141.44348628061925,7332000
2023-09-21,139.07110595703125,140.6873389723767,138.58907863344902,139.48697945440784,8052400
2023-09-22,137.73841857910156,139.42080534998618,137.2280375768656,139.21286861003202,7071700
2023-09-25,138.41897583007812,138.4851440944748,135.81978025845075,137.37930625464395,7044700
2023-09-26,136.98231506347656,137.842415902858,136.32070458011657,136.67042431005655,7468400
2023-09-27,137.78570556640625,138.078703458383,136.58534587221868,137.2280634867069,6717800
2023-09-28,139.49644470214844,140.70625080937418,138.0030871337234,138.25828489100542,8868100
2023-09-29,137.06739807128906,140.60229474164558,136.91616868912737,140.45107978151157,11917800
2023-10-02,135.8859405517578,137.63448154415704,134.8084564821515,136.88780993307262,9170600
2023-10-03,134.88404846191406,135.71578104903912,134.54378963290048,135.34716851944313,9431100
2023-10-04,135.48898315429688,135.60239798317016,134.14684037649855,135.33775376778044,8128700
2023-10-05,136.0602264404297,136.25066526017685,134.0893125063376,135.24138891222026,8576200
2023-10-06,138.15493774414062,138.89760265290286,135.33660882563723,136.06975760475353,10270600
2023-10-09,137.84071350097656,138.44054921770535,136.63149688220906,136.78384210771873,6964900
2023-10-10,138.67861938476562,139.7450217132644,138.3263336711999,138.45963214620673,11288800
2023-10-11,139.1546630859375,140.18297165390814,138.07875934328692,139.49743260859438,8698200
2023-10-12,138.83094787597656,139.92591299336164,138.1835023694399,139.29749974635203,10484400
2023-10-13,140.91610717773438,145.78152199994105,140.76376195341928,141.39217510738888,29427000
2023-10-16,140.77330017089844,142.36336539793126,139.69738194299273,142.29670891054832,12663500
2023-10-17,140.4686279296875,142.16342890788312,139.7640420343084,140.50672150697443,11482700
2023-10-18,138.9261932373047,140.4210394821723,138.41203156518696,139.57363886477725,9620300
2023-10-19,138.3358612060547,139.98306728182564,137.94549640821128,138.51676940742973,11143600
2023-10-20,136.1078643798828,138.1930449440661,135.31758960501068,137.65033487484376,13332900
2023-10-23,134.25120544433594,136.80292351033327,133.9941245999884,136.09835201400787,10133400
2023-10-24,134.41302490234375,134.94621868830976,133.64179713846858,134.43207168854,8881400
2023-10-25,133.67990112304688,134.42256611040705,132.8325005847285,133.84177704325438,8242600
2023-10-26,134.0226593017578,134.88910655616087,132.75631666727085,133.07052329343162,9109400
2023-10-27,129.19534301757812,132.44213043662663,128.7192749923256,132.29930131198498,17434700
2023-10-30,130.842529296875,131.43284897643716,129.52857694848944,129.90944007114453,9855500
2023-10-31,132.40403747558594,132.57542952026586,130.89014463505566,131.11866251848113,9672500
2023-11-01,132.28977966308594,133.80367243340865,131.84227457574136,132.58493950187864,9432000
2023-11-02,134.65109252929688,134.70821837372014,132.56591203717937,133.38474970695052,10186200
2023-11-03,136.15545654296875,136.88860537693347,135.06050588564386,135.38422865912943,9538700
2023-11-06,137.18377685546875,137.288512412053,135.95551309839496,136.31732948085772,7625100
2023-11-07,137.1171112060547,137.35514522528302,135.98408147842036,136.64104316759799,6297900
2023-11-08,137.7931365966797,137.90738827878363,136.74578108258075,137.21233299857823,7618200
2023-11-09,137.38372802734375,138.67863386048109,136.82197114749445,138.47869339132248,7992500
2023-11-10,139.42127990722656,139.4688896171497,137.18376882527573,138.00260643924526,7983300
2023-11-13,138.80239868164062,139.2499038082915,138.21207895220493,138.72622605067411,6676300
2023-11-14,141.3350830078125,142.10631091334398,139.50698346510433,139.65931419733056,9927700
2023-11-15,142.57284545898438,142.9727408231984,141.3541125789678,141.3541125789678,8365300
2023-11-16,144.2010040283203,144.27717665687527,142.90609839977253,142.90609839977253,8126200
2023-11-17,145.5054473876953,145.54352643960186,144.28669980002454,144.91511311981318,7812400
2023-11-20,145.9529571533203,146.39094621418468,144.64853515973402,144.80088044424738,7019000
2023-11-21,145.64825439453125,146.27666768153603,145.26740578155804,145.86724162056868,7083500
2023-11-22,145.9910125732422,146.5146902715766,145.58158654420177,146.06718519558558,5174500
2023-11-24,146.19097900390625,147.04791026139762,145.94342883357928,146.23858871739657,3496900
2023-11-27,145.8577117919922,146.18143453546136,145.40069059365675,146.08621512693892,6259100
2023-11-28,146.19097900390625,146.50518567880863,145.4102349107552,145.88630298876882,6582700
2023-11-29,146.9336395263672,148.1809354045383,146.6289490222787,146.79081040440963,9126100
2023-11-30,148.609375,148.65698470132398,146.99074685407237,147.49537772553614,9869800
2023-12-01,149.3330078125,150.30419060735318,148.36183954608933,148.36183954608933,8916000
2023-12-04,150.427978515625,150.48510435359785,148.41897088573631,148.5522693504873,9607500
2023-12-05,150.40890502929688,150.91353587974254,149.45676915623855,149.73288216691168,9135600
2023-12-06,148.828369140625,151.59908826281446,148.53320931845312,151.23727194998867,9366000
2023-12-07,149.28541564941406,149.78053049907243,148.67604911462075,149.19021075461634,8130900
2023-12-08,150.9326171875,151.18016734087794,149.46631947168197,149.73291641484093,7369400
2023-12-11,151.48483276367188,151.67525704459868,150.58029200449715,150.9325921790752,8093900
2023-12-12,152.83688354492188,152.96065135267247,151.27538099659157,151.60861989861942,10223000
2023-12-13,153.35104370117188,154.27461691513594,152.12279447855528,152.8368965803763,12379100
2023-12-14,156.1408233642578,156.9501304311645,153.96995395304995,154.08420564992016,13643000
2023-12-15,157.32142639160156,157.36903609704177,154.6173636525295,155.27433981365414,20309300
2023-12-18,158.27359008789062,159.1305213504684,157.7023171079503,157.9784302023214,8469600
2023-12-19,160.38729858398438,160.40634537103261,157.62611012810044,158.0545684018146,10345700
2023-12-20,158.57826232910156,161.3013720183207,158.4830429125466,159.94934056821094,10734700
2023-12-21,159.48277282714844,160.04452955505687,157.74987841143425,158.8543596085856,7601700
2023-12-22,159.3875732421875,160.17784792833942,159.22571185275063,159.4827926611238,6576300
2023-12-26,160.3302001953125,160.69201656895322,159.17810910097685,159.4447205799634,4683600
2023-12-27,161.29183959960938,161.35849609615912,159.5589595590751,159.80650969959626,6428600
2023-12-28,162.14878845214844,162.49155804559817,160.91100855755525,161.24426201979193,6320100
2023-12-29,161.95835876464844,162.5201155849496,161.51085362889827,161.8631393418932,6435100
2024-01-02,163.84356689453125,163.92925564889285,160.82529747610658,160.9966749848298,9977400
2024-01-03,163.12948608398438,163.80549460527723,162.215429000014,163.6341170742828,9852300
2024-01-04,164.21202087402344,166.0705572172805,163.3785446534517,163.47435122253862,11972500
2024-01-05,165.03591918945312,166.09930786122962,164.26951043733862,164.26951043733862,10066000
2024-01-08,164.79641723632812,165.12213620485633,162.37265997505037,164.79641723632812,11229900
2024-01-09,163.4935302734375,164.5760685884473,162.95704852121472,164.41320910066761,9923600
2024-01-10,163.83839416503906,163.89587225770805,161.85531225978102,162.8612227355773,9670200
2024-01-11,163.14865112304688,163.20612922392672,161.5583554478897,163.1773901734868,11919500
2024-01-12,161.9511260986328,168.9062533664625,161.80741624247742,166.50166046764423,19436500
2024-01-16,160.93563842773438,161.03143037908146,157.40058944095534,157.94664595592107,17206400
2024-01-17,160.07342529296875,161.97029014212657,159.49862972312755,160.31292710157683,11107500
2024-01-18,160.38955688476562,160.4949382570288,158.301108293769,160.10215181331796,9382300
2024-01-19,163.15821838378906,163.40730963345084,160.06385894601613,160.51412353944812,13115700
2024-01-22,162.96664428710938,164.75811350107622,162.58344716282804,163.3019527343805,12837500
2024-01-23,161.89366149902344,162.62174179626794,161.36675455192406,162.5450994568688,8360800
2024-01-24,163.34024047851562,163.82881892654672,161.7691091313614,162.2481127691283,9967100
2024-01-25,165.6777801513672,165.7256834386291,163.7330265563865,165.07423089153494,8873500
2024-01-26,165.04550170898438,165.79274625724076,164.56649804379273,165.36164588217466,7443000
2024-01-29,165.4766082763672,165.5819896713741,164.10666475930958,165.00719402245372,6971200
2024-01-30,168.86795043945312,169.3373646597328,165.57240299685432,165.57240299685432,10822100
2024-01-31,167.0381317138672,170.81268232442451,167.01896747730794,168.80086140855477,11521800
2024-02-01,166.43458557128906,167.49797414039645,164.23116610345946,166.3483684322335,9354800
2024-02-02,167.39259338378906,168.43683233787874,165.98432163521917,166.02265010918322,8607600
2024-02-05,167.17227172851562,167.73749252001522,165.65861845956076,166.5591476490177,7820200
2024-02-06,167.7470703125,168.4847253479882,166.46332952613528,167.27764151152834,6764800
2024-02-07,168.0631866455078,168.48471212873122,166.65492958914447,168.31227785906472,7225500
2024-02-08,167.4596710205078,167.94824945784183,166.28132619044888,167.65126954781346,6060300
2024-02-09,167.66082763671875,167.74705939073226,166.3771015519657,167.6512528276191,6296700
2024-02-12,168.4080810546875,169.38525250217216,166.40584949363054,167.44049903484432,8539300
2024-02-13,166.94235229492188,168.8296279070828,165.3712208562634,167.95785234527744,8397600
2024-02-14,168.63803100585938,168.70509853636048,167.09563860268537,167.71835214492955,7056700
2024-02-15,172.31675720214844,172.64249077273533,168.7529691077419,168.7529691077419,8723400
2024-02-16,171.5120391845703,172.42214316112788,170.67857754324285,172.06768515146553,8152600
2024-02-20,172.18263244628906,172.8819882373571,170.91807052542617,171.66531498276106,9668000
2024-02-21,173.3035125732422,173.38974433887643,171.02346516778374,172.3934085731368,7024000
2024-02-22,175.38241577148438,175.71770957926435,173.62926053492941,174.18490656220084,9296500
2024-02-23,176.26376342773438,177.42294404200635,175.49735468570222,176.09131451721248,7105800
2024-02-26,175.6602020263672,176.71401580107593,174.8171510066002,176.03382425230393,7145400
2024-02-27,175.74642944335938,175.83264658868708,174.587248841427,175.6123090112838,5717100
2024-02-28,176.6373748779297,177.4229331924025,175.27700638757528,175.72725632977884,6131600
2024-02-29,178.24685668945312,178.60131475402636,176.1296684956063,177.86365957197035,9643000
2024-03-01,177.50914001464844,178.61085701803958,177.3271309336286,177.90192645806692,6311800
2024-03-04,178.8407745361328,179.71256458406262,176.53198832666763,176.95351382755808,7063600
2024-03-05,180.6322784423828,181.35078391381788,178.5342401269074,178.5342401269074,6617800
2024-03-06,181.5711212158203,182.08845334054516,179.75091320489955,181.3028803430116,7572900
2024-03-07,179.98081970214844,182.5003834799299,178.79290005235944,181.9351627034638,7618300
2024-03-08,180.31613159179688,182.4620731636392,180.02872648390257,180.52689436305062,6172200
2024-03-11,180.38316345214844,180.52687329834237,178.4000962133301,179.4155814737716,5762600
2024-03-12,181.86807250976562,182.17464181216428,180.01912574052128,181.0154467372591,5708400
2024-03-13,183.34344482421875,183.67873861401878,181.86810537139763,182.36627326879466,7795500
2024-03-14,180.07659912109375,183.58290868093437,179.24313760628993,183.008098562983,10310900
2024-03-15,182.3087921142578,182.92191620153875,178.6491972115897,178.6491972115897,17214200
2024-03-18,184.5696563720703,184.6079702251712,181.915972540454,182.62490307606362,9013800
2024-03-19,185.6522216796875,185.78634211223047,184.3014425440873,184.617586696088,8478700
2024-03-20,188.0855712890625,188.3059088707096,185.47979031452184,186.0354362918315,9367000
2024-03-21,190.70089721679688,191.05535517760703,188.08554184140823,188.26756553523896,11203800
2024-03-22,188.36338806152344,192.06129677346303,188.28674572441219,190.65302489235967,8108800
2024-03-25,186.6389617919922,188.66993229194443,186.19827206678013,188.34421336610853,8620000
2024-03-26,187.51075744628906,188.40171180202861,185.9108870716493,186.41862975146782,5961500
2024-03-27,191.14161682128906,191.21825915794204,188.13347454330642,188.24843073927042,8725800
2024-03-28,191.88885498046875,192.29121627105735,190.20275286596726,191.11287144733137,8628300
2024-04-01,190.5859832763672,192.50199796358424,190.23152523700224,191.59189391076254,7309000
2024-04-02,190.50933837890625,191.39070336903816,189.76209383035894,190.05907376400828,7014700
2024-04-03,189.97283935546875,191.1799232200789,189.39802916201796,190.68175536029023,9353400
2024-04-04,188.52745056152344,192.41073918574324,188.43109983510448,191.90003475549202,9243800
2024-04-05,190.26190185546875,190.90750898554447,188.00709223043438,189.0188703042211,6532300
2024-04-08,191.25440979003906,191.7362074873057,190.4257171626085,190.4257171626085,8001000
2024-04-09,189.97283935546875,191.63987009025777,187.81439493179724,190.8593601189623,7351500
2024-04-10,188.35400390625,189.89576250853975,187.1109575411202,188.43109330669446,7681400
2024-04-11,188.31544494628906,189.4139578348504,186.20518333764534,188.86470139056973,10137700
2024-04-12,176.1356201171875,182.0520960717655,175.89472123515532,181.46431691477588,31532300
2024-04-15,176.23196411132812,180.63560219672368,175.5670809252794,177.78335331100874,14766600
2024-04-16,174.2180633544922,176.49214924448614,173.10991974558794,176.2416050129826,16451800
2024-04-17,173.52427673339844,175.77908663989885,172.67630800139477,174.7673084398127,9017100
2024-04-18,174.65167236328125,176.68485931658026,173.4182713843728,174.50713892954175,9557700
2024-04-19,179.03604125976562,179.11313066175867,174.80585773476054,175.7598078399118,13402300
2024-04-22,182.5146026611328,183.20839250417927,179.2094628944951,179.21910825831145,11529700
2024-04-23,185.1452178955078,185.23193795193276,183.5841980666637,184.1719918434863,9144400
2024-04-24,186.05099487304688,186.19552829650425,183.24692883158602,183.59382375118219,6964900
2024-04-25,186.3304443359375,186.87970079080816,184.22016798330733,185.2512221550963,9802300
2024-04-26,186.4460906982422,187.775842433726,186.0317370050604,186.52318009937602,6413700
2024-04-29,186.2437286376953,187.18804806804826,185.42466661843113,186.43644478831635,5387800
2024-04-30,184.75978088378906,187.89146582521732,184.66341546581035,185.79082028032872,8153700
2024-05-01,184.87542724609375,187.3807813464834,183.8443730368157,185.27050491712367,7445300
2024-05-02,184.68270874023438,186.4557208515815,182.6206150512481,186.04138186282856,6501700
2024-05-03,183.57456970214844,185.52103668973848,181.59921072970675,185.0103322613228,8922800
2024-05-06,185.0103302001953,185.20304635349385,182.90969913363128,184.7501553064273,7911100
2024-05-07,184.7694091796875,185.90644464013317,184.67304376294203,184.72122647131476,7688800
2024-05-08,188.52745056152344,189.49104604551445,184.04673744228526,184.04673744228526,9227600
2024-05-09,190.3101043701172,190.39682443319006,187.9974811350408,188.0649251718864,7977300
2024-05-10,191.53387451171875,192.08311628052726,191.0520767796797,191.31223696860485,7529800
2024-05-13,191.49533081054688,192.57456777562447,190.83044755880903,191.56278955355822,7049200
2024-05-14,194.1741180419922,194.24157678253718,190.94608203655494,191.75549870329445,8596200
2024-05-15,194.75225830078125,195.31114537255093,192.49744869292647,194.65589288370782,8370000
2024-05-16,195.09918212890625,197.0360037913896,194.63666040567003,194.85828325382275,8497900
2024-05-17,197.33468627929688,197.5852304817056,195.42677159333684,196.39036694832853,9260500
2024-05-20,188.45999145507812,198.3850270872914,188.28653663611217,196.9492646377528,17373300
2024-05-21,192.25657653808594,192.62273282652995,189.44287946793008,189.82831178312392,14420800
2024-05-22,191.09060668945312,193.62486736637322,190.493182230039,191.75548988631044,9425300
2024-05-23,189.75123596191406,191.08100254012868,188.9321885576743,190.608835422413,8069400
2024-05-24,193.4032440185547,193.45141202711477,190.3679096110055,190.55099509409158,7356200
2024-05-28,192.23728942871094,193.11416480401974,191.42787279148718,192.58418437370676,6910200
2024-05-29,190.8978729248047,191.7458415269691,189.72228543663968,190.79187684953413,6120000
2024-05-30,192.073486328125,192.5745600882193,191.17733489750825,191.33151370112188,6829100
2024-05-31,195.25335693359375,195.89896414118172,191.12916945300466,192.04458221888913,14417900
2024-06-03,194.47283935546875,195.05098779926408,191.938578635432,194.94499171240668,6444300
2024-06-04,191.90968322753906,194.62701489067234,191.06171448284195,192.8732787271311,6848300
2024-06-05,190.07882690429688,192.54564352570372,189.7512079908949,192.48781544983936,8351600
2024-06-06,189.74159240722656,190.81118399457173,188.21910976106764,190.07884200842165,7640300
2024-06-07,192.67091369628906,193.60560249014668,189.83794062651856,190.24264896458575,6964500
2024-06-10,192.34329223632812,193.5285105467739,191.2158873015187,191.98676661770378,6070800
2024-06-11,187.28440856933594,190.7340819769337,186.55208133491664,190.70517529026583,9235300
2024-06-12,184.5574188232422,189.55848111310317,184.34542666697575,188.86469127501272,12751300
2024-06-13,186.60987854003906,187.4963844954117,183.93108465004624,185.318664303081,8587800
2024-06-14,186.72552490234375,187.76620975150024,184.45143905492023,184.4803457421218,6874000
2024-06-17,187.88182067871094,188.45998378065488,185.6270110470667,186.43642762714947,8725400
2024-06-18,189.8283233642578,190.75338156177983,187.0628088406065,187.5156999254046,9023000
2024-06-20,191.43748474121094,192.18908793135557,188.97068301937233,189.24048853874228,8731100
2024-06-21,189.15379333496094,189.99211668717973,187.1495129968505,189.54887100568703,20972100
2024-06-24,191.63986206054688,191.97711163596483,189.92466338718907,190.6088079023479,9785900
2024-06-25,190.8593292236328,192.78651983469,190.54134100841267,190.87859054336917,6862500
2024-06-26,190.24266052246094,190.73410365827806,189.13453153209494,190.2619365501972,7758600
2024-06-27,191.9193115234375,192.58419476248764,189.7319456494045,190.25229544661778,7913500
2024-06-28,194.89682006835938,195.22445371208025,192.04458562906325,192.7287301985706,15307600
2024-07-01,197.97068786621094,199.55098386081568,195.28226295405594,195.455703082382,10205800
2024-07-02,201.22763061523438,201.25653730118145,197.3154356152056,197.81649464048778,7802900
2024-07-03,201.0927276611328,202.72120625004737,200.09058020489354,201.92142029855032,5560900
2024-07-05,198.42816162109375,200.92801531072178,198.166559856373,200.55983012100543,8093100
2024-07-08,198.79637145996094,200.47262469554758,197.6336525380787,198.6704051919595,8707000
2024-07-09,201.17994689941406,203.243768068706,199.06766124607273,199.2420772065153,9058900
2024-07-10,201.3446807861328,201.50939794954883,199.19364406542613,199.7362452589785,8328500
2024-07-11,201.00552368164062,201.6353401799566,198.99983630998767,199.80405397767697,10658100
2024-07-12,198.57350158691406,201.00552262843246,195.8217302851147,197.66270050334498,15443400
2024-07-15,203.52474975585938,205.03628561931905,200.29819522357994,200.75359574459293,10719700
2024-07-16,206.98385620117188,207.10013843584824,201.61596368219992,203.47631680452577,11557000
2024-07-17,210.13290405273438,210.80147148981956,206.64474733305133,207.1582816399889,11572500
2024-07-18,203.45692443847656,209.91003373180175,202.73992215128823,208.93141490981057,12415100
2024-07-19,203.2631378173828,205.75330730910804,202.42985331170013,204.63902343657583,8095900
2024-07-22,203.74758911132812,205.57887511712138,203.19530401613096,203.92200504675955,7663200
2024-07-23,203.7960662841797,204.91033543415375,202.84651428252,204.46463368807304,5557300
2024-07-24,202.110107421875,205.4432455165605,201.6062719683225,203.04029133995283,7119000
2024-07-25,202.1876220703125,203.66040709970025,201.58688722802887,202.16823923465998,6403800
2024-07-26,205.646728515625,206.53814676283224,202.13917446481165,202.739924098082,8027800
2024-07-29,204.2999267578125,206.9741817223664,204.00924333487177,206.0439977259107,6533600
2024-07-30,208.5050811767578,209.086433183662,206.3443607207926,206.60596247075222,8850700
2024-07-31,206.18931579589844,209.66778796696985,206.0633495484698,208.10780244291595,9071600
2024-08-01,201.49969482421875,207.18733757545388,199.96877601050053,206.57690389817884,10918600
2024-08-02,192.95367431640625,198.31188254529528,190.7735710295601,197.54643056321328,18041700
2024-08-05,188.84539794921875,190.07594935886874,184.96965851641983,188.02181219061254,13927000
2024-08-06,194.11639404296875,196.3061961505075,187.97335096693075,189.3298537713401,10605800
2024-08-07,194.1745147705078,199.35832151107093,193.98073078067114,197.1879023844961,9204400
2024-08-08,197.7208251953125,198.54442565703408,195.52133914553448,196.180222471866,7761200
2024-08-09,199.40679931640625,200.05598390550287,196.59687932094388,197.14917929384904,5540200
2024-08-12,199.78466796875,200.70515306806914,197.33326411745605,199.99783480666875,6936000
2024-08-13,201.4803009033203,201.62563520668914,199.01919827795092,201.2768180938325,6387800
2024-08-14,203.70884704589844,204.21268247057492,200.68576057398485,201.28651017228518,6999800
2024-08-15,204.97816467285156,207.2454686093335,204.54214695964689,206.38311720863197,7001000
2024-08-16,207.32298278808594,207.43925023433258,205.01691320571518,205.11381260076865,7931200
2024-08-19,208.7570037841797,208.83452034386772,207.1776500829486,207.35205125366764,6090800
2024-08-20,207.85589599609375,209.28991535042542,207.04197953330453,208.3209805571364,5640000
2024-08-21,207.93341064453125,208.32097864437964,206.22807596174675,207.7686787205856,5202300
2024-08-22,209.90036010742188,210.0650772568238,207.68149103391474,207.91404071912638,5247100
2024-08-23,211.5281524658203,212.38081981547876,209.77438285463143,210.8402170417045,7214000
2024-08-26,212.3614501953125,212.85560164837696,211.27624788986617,212.2064170703137,5105200
2024-08-27,213.34005737304688,213.57260704778895,212.38082138237573,212.69087283059343,5185200
2024-08-28,214.4155731201172,215.307006137293,212.38081893248957,212.43895265431158,6506400
2024-08-29,215.3070068359375,216.05307598143608,212.13858592341361,215.24885832915527,6416100
2024-08-30,217.81655883789062,218.47542744404245,215.03570574430626,215.58800570955643,8574100
2024-09-03,213.4563446044922,217.13829989127248,212.42927605699902,215.39421425176897,8956100
2024-09-04,212.51646423339844,215.1713508176599,210.46232725835844,214.1733344055988,7389500
2024-09-05,210.86929321289062,213.9408148706308,209.31899156047683,213.3109983559998,8067900
2024-09-06,205.8599090576172,211.94481886056704,204.53245823160665,210.84023369977098,7777000
2024-09-09,210.07473754882812,211.37310654550083,207.5264344644205,208.50506800911248,8935100
2024-09-10,199.1742401123047,211.84790938798793,194.37801568910027,211.80915850031667,28406900
2024-09-11,200.7923583984375,201.247758946142,195.5601162898296,198.8738715965842,13658700
2024-09-12,200.1819305419922,202.29420125599518,198.52504557050682,201.19930022849982,9054400
2024-09-13,197.97276306152344,201.39310168177548,196.71314487965583,200.43385091874683,10226700
2024-09-16,201.40280151367188,201.74193463013458,199.20331523165908,199.4358649216426,8634900
2024-09-17,202.74961853027344,203.40848713537753,201.20901565824545,201.27683341005437,7573300
2024-09-18,201.08303833007812,204.77467756112236,200.27882067003034,202.51705769768571,8259900
2024-09-19,203.94137573242188,205.3269600701471,200.89892130291486,203.26312438535416,11635200
2024-09-20,204.53244018554688,204.85219043871982,202.99183742598126,203.40847228677623,20885000
2024-09-23,204.87156677246094,205.22038387532777,203.4666143359702,204.4452331150936,7223500
2024-09-24,205.01690673828125,206.33465863167038,203.83480512282463,204.59057306913016,7323200
2024-09-25,203.660400390625,205.64671961358323,202.12948168948355,205.104103726589,8976500
2024-09-26,203.2631378173828,205.12349082860598,202.51705389392038,204.5712056897728,7807500
2024-09-27,203.96078491210938,205.840520877338,202.82713291741192,204.10611922497864,7032500
2024-09-30,204.30960083007812,204.40650022792838,198.88355981545473,199.90094435379316,8663800
2024-10-01,200.60826110839844,202.5945804709174,199.78467537207646,202.41048048727714,8540100
2024-10-02,200.85047912597656,202.4589143697624,199.30019238677582,200.64701110662753,5810900
2024-10-03,198.8544921875,200.07535954271492,197.99214077513295,199.76529329860566,7251300
2024-10-04,205.91256713867188,206.35125678113758,201.7108691151778,204.04081375554424,10211700
2024-10-07,205.6298370361328,207.96953982198877,204.4210047283782,205.727330230475,6718900
2024-10-08,205.45437622070312,206.01980404706708,203.14393319129448,205.28864968329236,6021800
2024-10-09,208.0572967529297,208.85669937994825,204.11881821659594,204.43076969577731,7024000
2024-10-10,207.49185180664062,209.41235175203676,206.15628129018555,209.41235175203676,7927100
2024-10-11,216.70440673828125,218.98561974892021,209.75357575986993,210.25075539179966,18320700
2024-10-14,215.91473388671875,218.07895179372093,213.3800745848573,217.59151559620463,9048900
2024-10-15,216.80189514160156,219.7850026178934,216.24622555061282,218.0399873843424,9235800
2024-10-16,218.02047729492188,218.05946564832493,215.48580293789615,216.74339674690157,6382500
2024-10-17,218.7808837890625,220.1749591936757,217.69877472337978,218.63465886479744,6470200
2024-10-18,219.7069854736328,220.24316826247377,217.49403586162796,219.34628744994532,7000500
2024-10-21,217.3965606689453,220.0287133611628,217.29906747185922,219.56077874097096,5870000
2024-10-22,218.4884033203125,219.6192589043824,215.54429930452827,217.41605257710637,9586800
2024-10-23,217.7962646484375,219.15133680262315,216.9383721046514,218.03998276879733,6180500
2024-10-24,219.32681274414062,219.40480432984663,216.09024375189844,216.25597029325846,6002200
2024-10-25,216.72390747070312,219.9507331307945,215.3298469077358,219.34631692871068,6369700
2024-10-28,219.833740234375,219.9702217840732,217.34781248059676,217.7377703907154,6843000
2024-10-29,217.29905700683594,221.0523217832945,217.21132205890774,219.55102479793467,6580000
2024-10-30,218.77114868164062,220.6234005440302,216.01225762844507,216.94812692983425,7110900
2024-10-31,216.34368896484375,220.01896220946816,216.24621064657887,219.05383314379685,7829900
2024-11-01,217.3380584716797,220.4673905920591,217.10408373706235,217.94247460855877,6923500
2024-11-04,214.25746154785156,218.13744965545976,213.66278877033548,217.05534066277878,8229600
2024-11-05,215.9245147705078,216.3827060342441,214.4719493944743,214.50119437936183,5600700
2024-11-06,240.8520050048828,241.7683875636112,228.87082815022177,229.09504466713162,23987800
2024-11-07,230.4403533935547,238.4245611010864,229.30949778685132,238.35631288973238,16451100
2024-11-08,231.02528381347656,233.3259835376562,229.85543977372186,233.3259835376562,9502100
2024-11-11,233.2772216796875,236.01662575555932,232.99451521475842,233.96938766335575,9017100
2024-11-12,233.5404510498047,235.3927177038515,232.76055008364676,234.5055801689047,6861000
2024-11-13,235.10025024414062,237.95661946303818,234.2716026881157,234.53482242214545,11472600
2024-11-14,235.79238891601562,238.15157840188607,234.9930012618911,236.32857172538908,10172200
2024-11-15,239.14596557617188,240.22807462347745,235.3927154551627,235.3927154551627,11518800
2024-11-18,238.87298583984375,241.7001098835185,236.58202972228585,241.5343833585804,9051400
2024-11-19,236.98175048828125,238.9899854415558,235.4804533959045,236.16286116516665,6792700
2024-11-20,234.7297821044922,238.4635452900603,232.64355570287003,238.25881553494594,9015300
2024-11-21,238.60977172851562,239.3214393160151,236.02636572707272,237.118218093664,8783500
2024-11-22,242.3045654296875,242.8894800106903,236.92326500729266,237.48869284835715,7997300
2024-11-25,244.00082397460938,247.91981546916972,242.80173500159685,243.31841622067435,10295400
2024-11-26,243.68887329101562,244.6929907482795,242.09982639974197,244.19581114213256,6212100
2024-11-27,243.5133819580078,244.8782123088469,242.51902277247098,243.08445057669923,5472300
2024-11-29,243.44515991210938,245.443651495947,243.18194017414328,243.58164146598557,5494800
2024-12-02,240.0623321533203,243.9618218126636,238.8729866171908,243.27941409735303,8899700
2024-12-03,238.6682891845703,242.78223739052356,238.48306103215356,241.99259305685098,6657700
2024-12-04,237.28395080566406,239.18496400289706,236.14335181254822,238.551287978695,7346300
2024-12-05,239.3116912841797,240.96897151858755,238.47330035966178,239.22395633141434,6572500
2024-12-06,241.1444549560547,241.5149112550535,238.6877721646976,239.52616308454475,5519700
2024-12-09,237.68365478515625,241.64163463753476,237.63490818652937,240.92023852920124,7076500
2024-12-10,236.7575225830078,241.72937800255815,236.13360481323514,237.761640011308,9108300
2024-12-11,237.41067504882812,238.1320859819885,236.09459135498247,237.8688662681449,7884400
2024-12-12,235.46095275878906,237.96638221358143,234.9832598806349,236.89401651787773,6113800
2024-12-13,233.910888671875,236.62103278438437,233.13098776801226,235.98737166739292,10392700
2024-12-16,233.55995178222656,234.6225592209729,231.55171684283482,234.56406925192243,9032000
2024-12-17,232.37060546875,233.01402487713747,230.68408023952856,232.65331194344375,8083600
2024-12-18,224.58135986328125,233.06276201501683,223.76247058150787,232.99451380384923,11322400
2024-12-19,227.10630798339844,230.42086858926697,226.43364356697018,226.43364356697018,11790800
2024-12-20,231.62969970703125,233.19924494408565,225.77070677147742,226.09241646451787,32348400
2024-12-23,232.39984130859375,232.62405780558854,228.97804438560536,230.13814497391746,8611500
2024-12-24,236.2213592529297,236.39684404269875,233.06278179082886,233.41372161961854,3729100
2024-12-26,237.03048706054688,237.1474669945077,234.73953085132644,235.36344862473942,4451800
2024-12-27,235.11000061035156,237.27421876483717,234.0083899178738,236.62105597051928,5730200
2024-12-30,233.30648803710938,234.78828348998326,231.15201332053348,232.77030520037115,5723800
2024-12-31,233.68670654296875,235.37323189685011,233.02378547083134,234.01815964135014,4871000
2025-01-02,233.96939086914062,237.16697135432236,233.43320803999086,234.8662717490942,9220900
2025-01-03,237.16697692871094,238.72677885464952,234.2228578593043,237.7616497394955,9491100
2025-01-06,236.0106658935547,240.75341336991133,235.74608675084033,238.80339256994662,9917800
2025-01-07,238.2840576171875,240.33206029657904,236.0596638477121,237.2747542889821,8753400
2025-01-08,238.24485778808594,239.34234913863438,235.66769690006782,237.87248824320775,8675300
2025-01-10,235.05035400390625,238.91119107182027,233.9430689471917,238.2056566354401,10256800
2025-01-13,239.3031768798828,239.6265331425252,234.19785308512638,234.85438920536888,10005300
2025-01-14,242.49765014648438,242.74262696079552,237.323741024409,237.7842986314898,12407400
2025-01-15,247.27963256835938,248.5731025308634,238.78382245178085,245.36880122143756,18448500
2025-01-16,249.16104125976562,251.87538875346692,247.26001864512284,248.89646209375883,15292300
2025-01-17,253.95278930664062,255.3834456469004,247.07383560720973,249.03365028322543,17678100
2025-01-21,257.7450256347656,258.940513781988,254.28595393160222,254.84450829070423,13712100
2025-01-22,257.558837890625,258.08799621971843,255.020881505667,257.6176299378133,9021900
2025-01-23,260.6063537597656,261.4980430710298,258.5093378209672,259.3716610143274,10749700
2025-01-24,259.5186767578125,261.73327708988035,257.7254593424451,258.3917892090209,7666300
2025-01-27,260.50836181640625,260.62594590776155,256.99049819617136,258.86212472863684,7522300
2025-01-28,261.7724609375,261.9586158198937,259.5088474719919,260.50837209675103,7375400
2025-01-29,261.2236633300781,265.2412890633801,260.27315209491445,261.8410096864953,7684900
2025-01-30,262.8405456542969,264.28101058042995,261.2628793521523,263.2325025931336,8753500
2025-01-31,261.92919921875,265.3784919204346,261.59603433813663,263.8204429620972,7193800
2025-02-03,261.4490966796875,262.7817863229186,256.44178411105315,256.5691469561226,8381400
2025-02-04,262.5563659667969,264.4181838673514,261.4686533068301,264.4181838673514,5626000
2025-02-05,264.9963073730469,265.2021094243298,262.93849619098734,263.5068591358702,5704400
2025-02-06,271.3363037109375,271.4147130351357,265.7410418481975,266.97573451696,7264400
2025-02-07,270.2584228515625,272.953167941253,269.1903274772675,271.6988877865912,6857900
2025-02-10,265.5940856933594,270.6307937168087,264.17320813200536,270.6013976936826,8627400
2025-02-11,269.4647216796875,270.6700185263523,264.2418284862738,264.8297788969493,7196400
2025-02-12,269.9154968261719,270.8954041954382,267.75968865202606,268.57299861058124,6683900
2025-02-13,270.76800537109375,271.40493916593095,268.30842836007116,269.9644741692873,8398700
2025-02-14,271.0325622558594,273.6195319367328,270.8953907812424,271.79688876986324,5688600
2025-02-18,274.3250427246094,274.34463010375015,270.47398455916186,271.1991362489089,7919800
2025-02-19,273.6391296386719,274.61903699637526,271.64991889871,272.7866150221738,7007200
2025-02-20,261.43927001953125,273.1393662156936,260.40057061690504,273.0805741668203,13846700
2025-02-21,258.93072509765625,263.79108739460094,257.5588607010997,262.92876408693655,12835600
2025-02-24,256.0890197753906,261.63529975574494,253.41386156286464,260.1556298768558,10372800
2025-02-25,252.2281494140625,257.715636631196,248.2595365531746,256.96111872679495,9608400
2025-02-26,253.5902099609375,255.66760858195272,251.7675668943132,251.9929563312711,5943600
2025-02-27,253.844970703125,258.34277146574925,252.67887863939237,254.9522707219969,8204400
2025-02-28,259.3324890136719,259.48927778715796,252.70833528418996,255.49126872866591,10467100
2025-03-03,255.38345336914062,260.9689373264377,252.63972470151376,258.69554505646136,9058300
2025-03-04,245.22181701660156,252.06158115991113,241.0082123751271,250.15074984477525,13465600
2025-03-05,246.47608947753906,247.96555280550595,242.85043534758472,246.20171662136084,7861400
2025-03-06,241.5863494873047,244.3496953684526,238.950411297504,243.12481119110677,9983200
2025-03-07,237.4119415283203,241.7627323707991,234.6094060276731,240.30266509821263,20498700
2025-03-10,227.5540771484375,232.73778024903012,224.10479922419384,231.46391270541537,18887200
2025-03-11,224.5359649658203,228.63198537977485,222.13519499810542,227.09352369484046,18143000
2025-03-12,223.3208770751953,229.6118953635389,222.69373697492486,229.29831783730396,16054000
2025-03-13,220.66534423828125,224.88874263351286,219.72462657901622,224.69276414889097,16467900
2025-03-14,227.7696533203125,228.45558543419895,223.00730328361723,223.53644664227286,11962100
2025-03-17,229.22970581054688,230.9347498826832,225.82944126080733,226.53496075554793,9586000
2025-03-18,230.2488250732422,231.42471087138168,228.82796244414868,229.6118912936414,10344900
2025-03-19,234.30564880371094,237.46095169041473,230.1704385597004,231.003365794291,10120600
2025-03-20,234.20765686035156,236.90240214786525,231.4541195225532,231.80688677646117,8328500
2025-03-21,236.77500915527344,237.43154526163565,231.7480798478655,233.03175603733484,19326900
2025-03-24,243.0758056640625,243.69315205594,239.49914995258575,240.54764300232483,9422700
2025-03-25,246.08413696289062,246.76027542501896,242.64465260375079,244.30069841338116,9287700
2025-03-26,245.98614501953125,249.55300723554984,244.76126081139026,247.52460676201224,12779300
2025-03-27,243.13461303710938,245.60398380808363,242.21349771249677,244.5162860240283,8022500
2025-03-28,237.9705047607422,244.49667631604888,236.2654605973164,241.97832221404934,11978400
2025-03-31,240.37127685546875,240.92002258119433,232.5908100746605,234.59962314020567,13603000
2025-04-01,238.7642059326172,240.75341646901336,236.04006495315252,237.74509401166458,8054700
2025-04-02,240.88082885742188,242.28208917285224,236.6084322682575,236.74561869740594,7758800
2025-04-03,224.0950164794922,230.41541595904243,222.73294584761328,229.56290134081743,17188500
2025-04-04,207.32411193847656,214.63980786720018,205.9930827481223,212.2834044818624,27170700
2025-04-07,211.42564392089844,218.92867162545016,199.318263676067,202.87751892186455,22914400
2025-04-08,213.82147216796875,224.63726902095286,210.25236301213724,220.3780027140348,19485700
2025-04-09,231.0458984375,234.14175911605213,208.03399049311142,209.51290511747,24022400
2025-04-10,223.9175262451172,227.11198713675623,217.0060708942117,226.76690105221883,18896400
2025-04-11,232.87974548339844,235.22629475740231,221.83718632835738,223.12876931722607,20284500
2025-04-14,231.42056274414062,236.4094323607213,230.34588838919925,233.76711210699779,13017800
2025-04-15,229.8529052734375,235.2953000115482,229.54726533873128,232.78115729997276,10912900
2025-04-16,226.38238525390625,230.29658038223104,224.72599309998205,228.7387885514358,9322300
2025-04-17,228.69937133789062,231.04590571903626,227.30918793654973,227.5556737150443,9557900
2025-04-21,225.7711181640625,228.55146991109476,223.15835989610855,227.38806426261334,8716200
2025-04-22,232.27833557128906,232.6727218450888,228.1176544095649,228.71908031334866,10701400
2025-04-23,237.49398803710938,243.32090055249418,236.626353260977,236.8432619550101,14126800
2025-04-24,241.20111083984375,242.01944538917732,234.2403552074537,236.36999583866177,9055200
2025-04-25,240.12644958496094,242.167344017777,238.35174896231777,241.21097798902758,8588600
2025-04-28,239.80108642578125,243.3701956996928,237.45453699015647,241.12224659361283,7394300
2025-04-29,241.181396484375,241.80254545200498,238.29259042052325,238.78556197088412,7216800
2025-04-30,241.181396484375,241.77296836252717,235.07840628381982,237.8193419445802,12991700
2025-05-01,243.4194793701172,244.95754812328786,238.76582696374092,239.42640700289516,8689600
2025-05-02,248.96047973632812,250.0548771482027,245.9533654016641,247.72805089612243,7165000
2025-05-05,249.00979614257812,251.57325431514832,247.0674869601665,247.64918980005874,5450700
2025-05-06,245.74630737304688,249.09850775479987,245.49982160837982,246.48576466704802,6369900
2025-05-07,245.88433837890625,248.90132172618286,245.33221267408402,246.33787880460858,8724100
2025-05-08,249.90699768066406,252.283124152028,248.01398874215974,248.03371181647788,8320100
2025-05-09,249.52247619628906,251.91831065658968,248.7928729020058,250.92251356291578,5087600
2025-05-12,256.3945007324219,259.8946169218072,255.0635015683959,259.2044446904927,9603900
2025-05-13,259.3128967285156,259.9636227659981,256.7297306967061,257.3607186160682,8589000
2025-05-14,261.90594482421875,262.8918879441619,258.60302935469,259.30304054504273,8643100
2025-05-15,263.7298889160156,265.7313520440172,261.03828372684393,263.217209377267,9214600
2025-05-16,263.7989196777344,264.6862624037603,260.9889759714906,263.7397655019056,8932900
2025-05-19,261.1565856933594,264.54823200796864,258.2480418186231,261.8171506513173,12145000
2025-05-20,261.94537353515625,262.91160867125683,258.61288081463954,258.8297895150459,8436300
2025-05-21,257.37060546875,261.91578889770904,257.06496550270094,260.6340748522516,7464000
2025-05-22,257.00579833984375,258.6128603010642,255.2310827258566,255.79307750804895,6514100
2025-05-23,257.04522705078125,258.30723306371834,252.40144329619352,253.20005483078515,6671800
2025-05-27,261.56085205078125,261.5706910214846,258.30722178470336,258.35653699260183,7506600
2025-05-28,259.7861633300781,262.97077068804947,259.20446045452275,262.49750712162876,5535400
2025-05-29,260.6537780761719,261.6791673467857,258.83964634422205,261.0777263969251,5081200
2025-05-30,260.2889709472656,261.600261993738,259.0368340780119,259.74671429323007,10977700
2025-06-02,260.939697265625,261.3044913883967,258.21848475626587,259.3227361836595,6011200
2025-06-03,262.5270690917969,262.8327090581509,259.18473749281026,260.02279517964416,6998400
2025-06-04,260.5058898925781,263.3651188956681,260.4664437433463,262.182005216077,5915700
2025-06-05,258.2677917480469,261.0185511699558,256.65083071751394,261.0185511699558,8173800
2025-06-06,261.99468994140625,262.9017408100798,260.5453522749452,260.6143454296545,7738100
2025-06-09,262.9904479980469,264.13414558351,259.6481165969787,262.26085974590114,8285000
2025-06-10,264.8243103027344,265.12008118347507,262.1129669044328,262.14254399250694,7538100
2025-06-11,264.3806457519531,265.8299833646017,262.05383439482847,264.9031944101953,7434100
2025-06-12,264.4693603515625,264.51867555838396,261.41296089523235,263.108754096244,6618000
2025-06-13,261.2256164550781,263.2664956490745,259.0170836192922,261.3537637738832,7098300
2025-06-16,266.5595397949219,267.91030700344754,263.0989002634007,263.2467856983216,8566000
2025-06-17,265.7313537597656,266.78632001973784,264.0355305500715,264.4003547444176,6739300
2025-06-18,270.1089782714844,273.8161341619834,265.92858892337074,266.2046518031783,9586400
2025-06-20,271.13433837890625,273.40199535536493,269.96106374392457,271.6963331378996,13969700
2025-06-23,274.3583679199219,274.63443077664516,268.2849549834157,271.1934990823813,8094600
2025-06-24,277.3063659667969,278.7359654088068,275.580965541595,276.2711076585184,9267900
2025-06-25,280.0670166015625,280.2839253041626,276.9613016100684,277.54300447417825,6826900
2025-06-26,284.6910705566406,285.3417966142587,280.47123528578646,280.6980130310247,8942100
2025-06-27,283.0741271972656,284.6418033050154,281.03324771639046,281.7924131203027,17868600
2025-06-30,285.83477783203125,288.5362523931413,284.8587037568908,286.3178803397518,12689200
2025-07-01,286.3277282714844,287.0376084797312,282.5614185530472,286.8009917731804,9338300
2025-07-02,287.8953857421875,288.70386630697305,285.6277286433551,287.93483189106854,8158700
2025-07-03,293.2451171875,293.6413883261785,288.4996894270786,289.43094323142554,6541600
2025-07-07,289.25262451171875,293.28475211178096,287.38020030669605,292.50209620860613,8825700
2025-07-08,280.1481628417969,287.0037716436535,277.7011499441943,286.5777506799395,15440900
2025-07-09,280.524658203125,284.52706674085863,279.8509941598734,284.50723352964,11273800
2025-07-10,285.5078125,285.6266908203048,280.3661135119623,280.3661135119623,8410900
2025-07-11,284.190185546875,284.70536526736765,281.0100694142449,282.86266052650467,7384700
2025-07-14,286.0130615234375,286.60745309571854,282.6050754191309,284.39822720712635,9079900
2025-07-15,283.8830871582031,289.23285392385833,282.82306855064246,285.3196042033426,12526100
2025-07-16,283.1598815917969,288.0241878683028,280.3760366699049,285.7158562387447,9979800
2025-07-17,287.201904296875,287.5981754634707,280.8020357673763,280.8020357673763,8509500
2025-07-18,288.55914306640625,289.7777063567027,285.54745807447995,286.825430293332,12217000
2025-07-21,288.2619323730469,291.44204831578946,287.8755476057488,288.291651952566,7898100
2025-07-22,288.7176513671875,290.89718804274116,286.4885921354602,288.7870071326712,6717500
2025-07-23,293.998046875,294.2258869019811,289.8272078248217,290.1145172431339,7083500
2025-07-24,293.78997802734375,296.80169301766455,293.443259686642,294.6519062776982,7001200
2025-07-25,295.84075927734375,296.1181521271809,293.20551208711413,293.93864551661835,5918500
2025-07-28,295.50390625,296.64319715105114,294.05750293823644,294.8896814285751,5840400
2025-07-29,294.27545166015625,298.485896831102,293.44327318380715,297.20789441970317,7635700
2025-07-30,296.8413391113281,297.8121988713861,294.6122799312847,294.65191611543503,8061700
2025-07-31,293.4828796386719,298.17878493737805,292.7497765059144,296.3559134765009,14749700
2025-08-01,286.6768493652344,289.0842262737886,281.5945890692511,287.6972620199026,12007100
2025-08-04,291.5213317871094,291.5807709484115,287.5585597880286,287.5585597880286,6649500
2025-08-05,288.658203125,293.03707931410463,284.56663635989554,291.9473110106125,7182300
2025-08-06,288.6383972167969,290.5603439597299,287.4594701868467,289.5795373797788,6330200
2025-08-07,284.2694396972656,290.72874689730406,283.7443736390337,290.21359744338497,8057100
2025-08-08,286.0725402832031,288.51955337300967,282.0602152135648,286.2904939677283,6634100
2025-08-11,286.8650817871094,288.6087112580965,286.0923424049315,286.7065672685148,5510100
2025-08-12,290.12445068359375,292.00676133420325,287.6378015823982,288.78700908878795,8570900
2025-08-13,287.8260192871094,291.80859403066296,284.4873889092739,291.2142024521843,8420400
2025-08-14,291.4222717285156,291.46190791598,286.9443500187198,287.87557367248905,6322400
2025-08-15,287.7864074707031,292.7497892060912,287.1226600740198,292.0959281808534,7340500
2025-08-18,288.8167419433594,289.1832935323159,285.7257844830691,287.30098279519575,5386900
2025-08-19,287.954833984375,289.7579025190641,286.83534604543564,288.12323486532705,6031500
2025-08-20,289.5201110839844,290.59996282013503,284.59636569119436,288.1034273576763,7374200
2025-08-21,288.7572937011719,290.04518252461884,286.77590767522184,289.2229206266122,6624000
2025-08-22,293.4828796386719,294.3943304858857,287.42976002403793,290.4711947382056,8552800
2025-08-25,292.1553649902344,294.58257497799383,291.4024588552954,293.4828900064588,5856300
2025-08-26,295.7912292480469,295.9596301346493,290.7684082615478,291.42226929827126,6714700
2025-08-27,296.4945983886719,298.2679473154416,294.2754557542009,294.48349281779485,6056500
2025-08-28,298.2679443359375,298.4363452126477,295.9200067981791,297.22769856125745,6410500
2025-08-29,298.6147155761719,300.13047474928055,296.94044188536884,299.2289404362671,6796400
2025-09-02,296.91070556640625,297.6636116910732,291.75908984916356,297.4654912302876,7221900
2025-09-03,296.72247314453125,297.77260531660534,293.62159918539595,297.77260531660534,6316900
2025-09-04,300.99237060546875,301.5966788556673,295.50392262669186,297.2079158871201,6605800
2025-09-05,291.6402282714844,302.3099816593852,291.5708725011291,300.82394206718743,9837700
2025-09-08,290.18389892578125,293.70084708741166,288.72757896293916,292.14548200845184,8188500
2025-09-09,295.0779113769531,296.21720226202,289.58946377934626,289.8767732101451,7848200
2025-09-10,297.7428894042969,298.73358242665296,292.6507127572817,293.93863182647567,7787300
2025-09-11,302.7161560058594,302.88458712159553,297.99056119650595,298.43635491424595,7942500
2025-09-12,304.0535888671875,304.6876166586702,300.8734728380468,302.1613616302637,6846700
2025-09-15,306.0250549316406,307.0653006989229,304.31117542875756,304.31117542875756,7122000
2025-09-16,306.3123474121094,308.00642384577054,304.27152240854014,307.1148062613988,10525600
2025-09-17,308.8485412597656,309.99774876224666,305.89626524993236,307.50121329837117,8657800
2025-09-18,310.3147888183594,310.5228258893637,306.7284546518725,308.8881884357977,8050700
2025-09-19,311.850341796875,312.8608377743073,306.2430157804659,310.6813313111796,23568600
2025-09-22,309.5321044921875,310.78038727091956,306.6789039885423,306.91666061932966,7520200
2025-09-23,309.8293151855469,313.3660964063979,307.68941470486936,308.9178945679837,8584400
2025-09-24,310.5030212402344,313.633584594132,308.76930844625,311.12713244988527,7310500
2025-09-25,310.5327453613281,312.7122519083539,308.8980776591185,311.1964927670822,7083200
2025-09-26,313.118408203125,314.8521208481549,310.7803873767882,311.9692007646792,7258100
2025-09-29,312.75189208984375,315.0503072271631,310.74078640307744,314.1091367340854,6462400
2025-09-30,312.4942932128906,314.45587628391564,307.22379907069933,313.3066687483855,11823300
2025-10-01,307.8182373046875,311.66213127851097,304.5489622459693,311.04790640850786,9235200
2025-10-02,304.6876220703125,307.66961769475733,303.29077153660535,307.11483202977473,7600000
2025-10-03,307.1445617675781,308.7593962590199,305.3414931799835,305.6387192319075,6029900
2025-10-06,307.7916259765625,310.3500927332471,303.759824574425,308.78713549615594,7214500
2025-10-07,306.3083190917969,308.617908412618,303.3317554221121,307.96086849994276,8454200
2025-10-08,302.6647644042969,307.3934347220047,302.1869088878288,306.82598699255016,6489900
2025-10-09,304.15802001953125,306.65675861669814,302.0276454614978,303.68016451672463,7060300
2025-10-10,299.53887939453125,309.07584739868366,299.45922161840923,304.28744895257694,8597400
2025-10-13,306.5870666503906,308.0703661064548,304.0783936087615,304.2277139599526,10788700
2025-10-14,300.7235107421875,305.62143108333873,292.8888554642275,304.46663636257074,16178800
2025-10-15,304.3172912597656,310.71840983834574,304.0684138931284,305.014160038565,11354800
2025-10-16,297.19940185546875,307.29385195347595,295.73600173818085,303.97881882847634,10549400
2025-10-17,296.22381591796875,298.2048701782948,292.878918450451,297.8166372560658,10153500
2025-10-20,301.0022277832031,302.3262723870789,296.8211062511852,297.15957582421487,6894900
2025-10-21,295.75592041015625,302.6846581805869,295.66632819879106,300.3054062195614,7372700
2025-10-22,292.7892761230469,296.7215506882625,289.2353303984808,296.43284443493457,8054100
2025-10-23,293.2173767089844,295.0391457269973,291.1964936387067,293.05809154328034,5438800
2025-10-24,299.09088134765625,301.24118554737896,294.1232985857486,294.7504440610291,7228300
2025-10-27,302.7842102050781,303.1625086782835,299.6583261537955,300.80315600970596,5642200
2025-10-28,303.98876953125,306.58706515142967,301.7986668365627,303.4910147760203,6336000
2025-10-29,304.13812255859375,306.86580891607514,301.64934876365396,302.14710352264194,7520300
2025-10-30,308.05047607421875,311.20622431916547,303.72996829403695,304.41687231061707,7514600
2025-10-31,309.722900390625,311.46504195719143,305.8702836157328,307.1544993342095,7721300
2025-11-03,307.96087646484375,310.9175409580823,304.83496198556077,309.60346109874524,7770000
2025-11-04,307.861328125,310.8179927016808,303.7299695714597,305.332725363194,7085200
2025-11-05,310.2803955078125,311.6940323736288,304.2575751493287,308.2196835392686,6865200
2025-11-06,312.0126037597656,313.42621024981315,308.8667900648387,309.59349256305353,7206100
2025-11-07,312.7990417480469,313.0180550604519,306.2585672077333,310.4894827215045,7302300
2025-11-10,315.4670104980469,318.1250037695683,312.7990220295163,313.58548301728496,5794100
2025-11-11,314.20269775390625,317.617287984815,313.86422817579216,316.0742604403922,5030200
2025-11-12,318.97119140625,320.8029251766445,314.7900394999871,314.8398332015723,10578300
2025-11-13,308.0903015136719,319.1902267414606,307.7120030298724,317.7965194699941,8973300
2025-11-14,302.2466125488281,306.25854483769064,299.8773255538296,306.1291237470128,10327000
2025-11-17,299.02117919921875,304.2177399270206,296.3333218175865,302.6348834912671,8344000
2025-11-18,298.06549072265625,301.5896027135679,295.686208533325,298.15508292828906,8077300
2025-11-19,301.90814208984375,303.0828663383219,297.9261042618115,298.3939949218268,5546600
2025-11-20,297.0401306152344,308.52831879604355,296.8211173091691,304.9643777592117,7501600
2025-11-21,296.6817321777344,300.32530061703676,291.4951361556371,299.93706770739834,11766800
2025-11-24,296.6618347167969,298.4736693208262,293.18751624004057,296.9007472780177,10940200
2025-11-25,301.6393737792969,303.13263800592705,294.23278078476807,298.70260864804214,8877200
2025-11-26,306.258544921875,307.1445325435829,301.83848048809654,303.6303853642607,7910900
2025-11-28,311.6741027832031,312.31124344972676,306.85584041963983,307.71199439271356,4322400
2025-12-01,307.5328063964844,312.6298101472411,307.1545079277028,311.5447084439427,7727300
2025-12-02,306.4974670410156,309.0857977944923,305.7110060363412,307.3535906208714,7249000
2025-12-03,310.7283935546875,310.9573413023751,305.4223107621409,305.8205388774128,8535300
2025-12-04,314.6805725097656,317.0598245188333,311.594486851423,311.8533290542866,9627800
2025-12-05,313.6253356933594,317.0498909600222,313.26693645912985,314.22264749671507,6518900
2025-12-08,313.7945556640625,315.04890741449873,311.9429224901236,313.64523530818684,7417200
2025-12-09,299.16058349609375,317.36843122488773,298.6727631596137,313.53574377586375,18049200
2025-12-10,308.7174377441406,309.79260502170655,297.1197580970947,299.1506059920777,18874100
2025-12-11,315.9548034667969,316.57201448320507,307.85134172095206,307.85134172095206,9721900
2025-12-12,317.0896911621094,318.8318328758901,315.1783298378069,318.2444858866232,8982900
2025-12-15,318.58294677734375,321.43011981246894,316.9602917736724,318.15488497356307,10864100
2025-12-16,314.1330261230469,318.0852002489096,312.9881962174831,317.65713843404893,8331300
2025-12-17,313.5655822753906,317.93585302959536,313.247011955208,317.0000717018951,8718700
2025-12-18,311.594482421875,316.2733893580616,310.8179862048632,314.5810110073882,11444900
2025-12-19,315.7855529785156,317.12949684979,311.7836158143462,312.38092757719465,24494400
2025-12-22,321.63916015625,321.778546068669,316.0842305232393,316.0842305232393,8354600
2025-12-23,324.4664001464844,326.3080987754714,321.63915684610726,322.15681084289565,6668300
2025-12-24,327.6918640136719,328.5081586858931,324.0383309091034,324.7749981915486,4289300
2025-12-26,326.4375305175781,329.3742653747722,325.0736873353596,327.6321237138718,4158300
2025-12-29,322.29620361328125,326.29814090339255,322.077190306029,325.5316095182794,8635300
2025-12-30,321.96771240234375,323.48087598310644,321.0418654305578,323.35145488056963,7904300
2025-12-31,320.7730712890625,323.42113019633854,320.59388687095947,322.8835465614906,5048500
2026-01-02,324.0184326171875,324.2673099842148,319.2996970795839,321.0518034652283,8054000
2026-01-05,332.5400085449219,335.7355855973553,323.7297432174082,324.03834873814424,10752600
2026-01-06,334.6099853515625,335.8699951171875,330.6499938964844,332.6199951171875,7660800
2026-01-07,326.989990234375,332.1499938964844,324.6000061035156,331.1400146484375,9815200
2026-01-08,329.7900085449219,331.3999938964844,325.6499938964844,326.3900146484375,11737100
2026-01-09,329.19000244140625,331.8999938964844,328.1700134277344,329.3399963378906,6738100
2026-01-12,324.489990234375,326.0199890136719,321.2300109863281,321.8800048828125,12805100
2026-01-13,310.8999938964844,326.8599853515625,310.57000732421875,324.29998779296875,19371200
2026-01-14,307.8699951171875,311.760009765625,306.1199951171875,308.20001220703125,25951500
2026-01-15,309.260009765625,312.94000244140625,307.75,308.4700012207031,14751400
2026-01-16,312.4700012207031,317.2099914550781,310.0,310.3500061035156,14652500
2026-01-20,302.739990234375,311.1499938964844,301.8599853515625,306.2099914550781,12900600
2026-01-21,302.0400085449219,305.3999938964844,301.1499938964844,303.42999267578125,10270100
2026-01-22,303.6300048828125,308.20001220703125,302.8999938964844,304.8599853515625,10535800
2026-01-23,297.7200012207031,302.3699951171875,296.510009765625,302.0,11107900
2026-01-26,301.0400085449219,301.7799987792969,297.45001220703125,297.80999755859375,11752700
2026-01-27,300.30999755859375,301.9700012207031,298.1499938964844,301.3299865722656,11527400
2026-01-28,300.7699890136719,301.9200134277344,298.04998779296875,300.2699890136719,9556700
2026-01-29,306.4200134277344,306.8299865722656,302.2200012207031,302.3999938964844,11580000
2026-01-30,305.8900146484375,307.92999267578125,302.55999755859375,305.25,11953200
2026-02-02,308.1400146484375,309.29998779296875,301.3699951171875,304.4599914550781,9839400
2026-02-03,314.8500061035156,316.25,309.1000061035156,309.7300109863281,12688000
2026-02-04,317.2699890136719,319.30999755859375,314.4100036621094,314.4100036621094,9848800
2026-02-05,310.1600036621094,316.010009765625,305.5400085449219,315.0,9388000
2026-02-06,322.3999938964844,324.25,314.7099914550781,314.7099914550781,17797400
2026-02-09,322.1000061035156,326.3999938964844,320.1099853515625,321.3399963378906,11477500
2026-02-10,318.2799987792969,326.1300048828125,315.1199951171875,322.54998779296875,9902200
2026-02-11,310.82000732421875,325.2799987792969,308.7300109863281,323.239990234375,8703500
2026-02-12,302.6400146484375,313.6199951171875,300.0199890136719,312.2799987792969,13443400
2026-02-13,302.54998779296875,304.2900085449219,296.5199890136719,298.5199890136719,9114500
2026-02-17,307.1300048828125,308.239990234375,302.5,302.760009765625,8896800
2026-02-18,308.7799987792969,312.2799987792969,307.2200012207031,308.4599914550781,7209600
2026-02-19,308.04998779296875,309.17999267578125,305.1199951171875,307.1700134277344,6737700
2026-02-20,310.7900085449219,311.0,305.67999267578125,308.3999938964844,7792700
2026-02-23,297.6700134277344,311.0,295.1000061035156,308.79998779296875,12955400
2026-02-24,297.29998779296875,299.75,291.3800048828125,296.82000732421875,13552300
2026-02-25,299.010009765625,299.5,297.0201110839844,298.6400146484375,1009700
