Date,Close,High,Low,Open,Volume
2016-02-24,45.191104888916016,45.31428882635373,44.1704336632042,44.60157744423621,33014500
2016-02-25,45.84221649169922,45.84221649169922,44.53118373462495,45.51665849488692,26939500
2016-02-26,45.138301849365234,46.352549523662105,44.96232339045831,46.28215679749536,35975900
2016-02-29,44.76875305175781,45.44626798139025,44.575176398574214,45.18229859740893,31654000
2016-03-01,46.264556884765625,46.27335429631406,44.80393818601885,44.847935313289675,33024500
2016-03-02,46.59013366699219,46.59893108210013,45.895020395582634,46.11499269490129,29289900
2016-03-03,46.062191009521484,46.60772464413291,45.560654513176765,46.60772464413291,24427800
2016-03-04,45.78061294555664,46.150167984968974,45.49904879958028,46.10617421650568,33034200
2016-03-07,44.900726318359375,45.5782411262391,44.504779026561344,45.36706968481476,38407800
2016-03-08,45.44627380371094,45.868620173075485,44.522387554433514,44.698366047463054,33835100
2016-03-09,46.49332809448242,46.5021255063313,45.63103740337605,45.657432995432366,28251600
2016-03-10,45.79821014404297,46.58131061806117,45.01510967002476,46.57251320716055,38387800
2016-03-11,46.69570541381836,46.69570541381836,46.08858325828753,46.63411345701856,32275700
2016-03-14,46.7837028503418,47.15325802574079,46.30856527698684,46.37895466112769,24083600
2016-03-15,47.153263092041016,47.153263092041016,46.40535860307023,46.41415601834158,21104800
2016-03-16,47.82197189331055,48.041944171304635,46.986079922141485,47.03007370643819,31691700
2016-03-17,48.0947380065918,48.393900434446984,47.514011335638855,47.69878724082603,28223900
2016-03-18,47.06526184082031,48.36749709589394,47.03006547693751,48.323499962785434,67625500
2016-03-21,47.39082717895508,47.452419147065015,46.57253005233955,46.85409429413086,23925700
2016-03-22,47.57560348510742,47.733983792016524,47.03887059574997,47.17085530367774,23124100
2016-03-23,47.487606048583984,47.72517645957557,47.28523199992668,47.6107899602441,20129000
2016-03-24,47.69878005981445,47.80436915246267,47.2764337587517,47.373222082090884,19950000
2016-03-28,47.10926055908203,47.76917734681344,46.92448466407972,47.69878461166379,17025100
2016-03-29,48.138736724853516,48.27072144580848,47.030077823573095,47.21485374770135,23924300
2016-03-30,48.43790054321289,48.95703531355987,48.30591917506358,48.33231477739125,23008300
2016-03-31,48.596256256103516,48.91301674963963,48.27069835175108,48.34988847513511,26360500
2016-04-01,48.895423889160156,48.93062024927182,48.015535025426466,48.43788127723748,24399200
2016-04-04,48.77226638793945,48.97464053337143,48.39391370319357,48.77226638793945,18928800
2016-04-05,48.006744384765625,48.65786035611982,47.91875347207579,48.561072030416064,19272300
2016-04-06,48.49947738647461,48.569870112731884,47.69877858610274,47.83076326958016,21188700
2016-04-07,47.91875457763672,48.31470530260089,47.71638050854619,48.27950893671292,19225100
2016-04-08,47.88356018066406,48.64026529581925,47.79557261883639,48.103532441743575,22167200
2016-04-11,47.78676223754883,48.52586896846788,47.777961469848094,47.94514249106787,21414200
2016-04-12,48.08594512939453,48.20032830634409,47.30284093810028,47.83957387605587,24944300
2016-04-13,48.70186233520508,48.78105249170584,48.2971141382059,48.49948823670549,20818000
2016-04-14,48.71065902709961,48.90423569489343,48.455490393464196,48.587475095416416,20877100
2016-04-15,48.965824127197266,49.20339120315099,48.490683262269506,48.65786096370254,28793800
2016-04-18,49.67854309082031,49.7929296258706,48.578681598250725,48.82505285501373,23786000
2016-04-19,49.616939544677734,49.95129830026672,48.99221916815077,49.82811437886818,29596800
2016-04-20,48.91302490234375,49.713723680458884,48.825037353477846,49.528947813934586,36195700
2016-04-21,49.08021926879883,49.47617008628777,48.76345861480767,49.097817455855115,38909100
2016-04-22,45.56065368652344,46.13258290850946,44.67196722773304,45.67504020222271,126834100
2016-04-25,45.85102462768555,45.86862281365265,45.42867823400725,45.56065959399441,33226900
2016-04-26,45.26149368286133,46.062192622298355,44.95353384327421,45.983002469760166,33532600
2016-04-27,44.8215446472168,45.31428369771032,44.4783884727612,45.29668551485232,43369300
2016-04-28,43.90647506713867,44.67197777742266,43.60731258685936,44.53999304686871,43134800
2016-04-29,43.88005828857422,44.21441700876172,43.42251566003074,43.42251566003074,48411700
2016-05-02,44.531192779541016,44.654376730030386,43.800883135195576,43.994459832542255,33114500
2016-05-03,43.800880432128906,44.355211531632776,43.642500117984945,44.29361956018909,26460200
2016-05-04,43.88005828857422,44.047239326922856,43.519303975598945,43.85366269578645,24257600
2016-05-05,43.9416618347168,44.25842245777176,43.75688592343829,43.88006986429063,25390700
2016-05-06,44.33761215209961,44.33761215209961,43.69529349826106,43.92406319224728,24787300
2016-05-09,44.05603790283203,44.5135805434623,43.99444594702698,44.425592994172185,17951600
2016-05-10,44.891944885253906,44.96233427194589,44.16163527882392,44.2848225794287,22891000
2016-05-11,44.918331146240234,45.56064969011536,44.874337369141124,44.988723874806844,24039100
2016-05-12,45.32309341430664,45.587062872323735,44.8039586268567,45.050329897238576,24102800
2016-05-13,44.94474792480469,45.66625689624495,44.90955154656093,45.261505259464435,22592300
2016-05-16,45.60464096069336,45.719024095143695,44.65435938627463,44.698353157717804,20032000
2016-05-17,44.754058837890625,45.83503306533124,44.62115433155826,45.82617411690426,27803500
2016-05-18,45.019859313964844,45.31225183253911,44.567975358004425,44.72746341540377,24907500
2016-05-19,44.5857048034668,44.85151715453926,44.14268309168355,44.71861266899674,23842400
2016-05-20,44.85150909423828,45.38313708083133,44.65658187447563,44.72746357802928,23905800
2016-05-23,44.328758239746094,44.90468790593021,44.28445673772915,44.83380279871274,26118700
2016-05-24,45.710968017578125,45.817292253308,44.656577844956125,44.92239012427407,34757900
2016-05-25,46.180580139160156,46.50841862420256,45.88818758059402,46.00337078670239,24040200
2016-05-26,45.97678756713867,46.05653160154252,45.50718568675329,46.012230111315276,24335200
2016-05-27,46.35779571533203,46.35779571533203,45.87047246563859,46.00337696283441,17721400
2016-05-31,46.96031188964844,46.96031188964844,46.14515338112811,46.30463812323968,37653100
2016-06-01,46.82738494873047,46.91599130274095,46.46410734725449,46.46410734725449,25324800
2016-06-02,46.49955368041992,46.72992683964494,45.932486488461535,46.64132047840952,22840800
2016-06-03,45.8881950378418,46.44640002581431,45.719844604654185,46.41096085355339,23368300
2016-06-06,46.1894416809082,46.38436892331092,45.976789785574894,46.065396150291775,18243300
2016-06-07,46.1628532409668,46.72106145019547,46.1628532409668,46.286902138562944,20866800
2016-06-08,46.10969924926758,46.464114580522455,45.95907011399407,46.09197797570673,21149400
2016-06-09,45.73755645751953,46.07425387453755,45.62237325642391,46.07425387453755,20305700
2016-06-10,45.61350631713867,46.11855070159521,45.223648502115644,45.23250744746279,25833200
2016-06-13,44.42622375488281,44.9401306443591,43.46929846342718,43.93004152227173,83217800
2016-06-14,44.15153884887695,44.39076756325327,43.92116570023668,44.2135616088985,42577100
2016-06-15,44.027503967285156,44.408502974435144,44.027503967285156,44.10724802413022,33757600
2016-06-16,44.64772033691406,44.718605421705405,43.868001304143725,43.87686362973608,31188600
2016-06-17,44.417362213134766,44.683174590798124,44.142687507556225,44.66545331495553,45710500
2016-06-20,44.36418151855469,45.037576224600656,44.32873898034459,44.86922585809592,35607900
2016-06-21,45.3565559387207,45.56920782086173,44.4439324086701,44.4793749523581,34097800
2016-06-22,45.17934799194336,45.595786031995765,45.14390544981516,45.25909202173839,28816800
2016-06-23,45.99452209472656,46.12742998369902,45.32113046123657,45.436313693025475,29028800
2016-06-24,44.15153884887695,45.135044063498825,43.87686421164799,44.13381757744409,133503000
2016-06-27,42.91108322143555,43.54903556722203,42.56552682746368,43.50473069210775,50216300
2016-06-28,43.80598449707031,43.83256809747254,43.123730673193585,43.345241523283924,38140700
2016-06-29,44.7806282043457,44.94011626522283,44.1249546896301,44.22241999127577,31304000
2016-06-30,45.338829040527344,45.45401560322571,44.7451817173638,44.9401123034708,28527800
2016-07-01,45.329986572265625,45.826172162716055,45.250242519871584,45.30340634813022,21400400
2016-07-05,45.338829040527344,45.43629433358084,44.957833573115664,45.037577596524294,24806400
2016-07-06,45.524906158447266,45.66667295267418,44.64772179542718,44.993278145106096,28167500
2016-07-07,45.524906158447266,45.72869571389927,45.250231515888316,45.56034532201375,19585200
2016-07-08,46.340065002441406,46.393228818485426,45.67553251183282,45.835020579977844,28391000
2016-07-11,46.59701919555664,46.80967108348277,46.49069494158712,46.51727516008273,22269200
2016-07-12,47.14637756347656,47.31472800502234,46.7742408863526,46.90714539390203,27317600
2016-07-13,47.412174224853516,47.722291399532544,47.11978170128474,47.45647909265542,25356800
2016-07-14,47.615966796875,47.837477614281404,47.474200008934375,47.70456977184283,24545500
2016-07-15,47.58053207397461,47.846344422546835,47.146369313316306,47.80204292778269,32024400
2016-07-18,47.81090545654297,48.14760292595176,47.44762776428188,47.58053563851862,31433900
2016-07-19,47.040035247802734,47.75773148138469,46.89826846610605,47.58938110437904,53336500
2016-07-20,49.538673400878906,50.36269381773736,49.20197605055299,49.7513252484496,89893300
2016-07-21,49.44121551513672,49.822214404929724,49.4057729719032,49.60070357970063,32776700
2016-07-22,50.12348556518555,50.17664939732746,49.423510318596655,49.68932609931815,32157200
2016-07-25,50.26523208618164,50.274094411283684,49.84879068603951,50.034862333328846,25610600
2016-07-26,50.29182434082031,50.761429664032946,50.070313480055624,50.079175807279206,28079000
2016-07-27,49.786773681640625,50.32726065575491,49.71589197256947,50.15891363922222,32327500
2016-07-28,49.80450439453125,49.94627121953307,49.37034497170781,49.61843607046406,37550400
2016-07-29,50.22092819213867,50.29180988962223,49.662720037014566,49.84878829539376,30558700
2016-08-01,50.13233184814453,50.28295758768746,49.7424706305285,50.15004973986619,26003400
2016-08-02,50.13233184814453,50.41586543550874,49.89309975005842,50.371560566243666,35122000
2016-08-03,50.47789001464844,50.60193554108988,50.05258961828331,50.220936635598534,22075600
2016-08-04,50.850013732910156,50.965200284038524,50.21206160972073,50.327248160849095,26587700
2016-08-05,51.35508346557617,51.576594353588476,50.90320274122575,51.080412127633174,29335200
2016-08-08,51.44368362426758,51.470263846016806,51.19558916132058,51.44368362426758,19473500
2016-08-09,51.567718505859375,51.833530808366454,51.40823044835776,51.541134909617895,16920700
2016-08-10,51.40822982788086,51.674042127179696,51.23102050168605,51.5322753422212,15756900
2016-08-11,51.656333923339844,51.78924179660248,51.417101779459664,51.417101779459664,18162300
2016-08-12,51.337345123291016,51.55885593766833,51.053811551287,51.417089151666325,21655200
2016-08-15,51.49683380126953,51.83353118958107,51.35506701355733,51.399368500969864,19283900
2016-08-16,51.21152877807617,51.37201086423495,51.05996425284453,51.36309670436079,20523500
2016-08-17,51.318538665771484,51.42552563031032,51.02432026197183,51.30070693817263,18856400
2016-08-18,51.354190826416016,51.44334945070597,51.059975868893545,51.193708703747845,14214300
2016-08-19,51.37202072143555,51.47009350413433,50.99756471591687,51.20262444289905,17271000
2016-08-22,51.416595458984375,51.487922351890916,51.05105363547196,51.354186128217876,15221900
2016-08-23,51.61273193359375,51.87128677331423,51.57706849341447,51.62164949416499,18732400
2016-08-24,51.66624450683594,51.746485573756374,51.46118475827348,51.5325082616172,18151500
2016-08-25,51.86238098144531,51.96937132626158,51.514670863426495,51.60382948410672,18552600
2016-08-26,51.7375602722168,52.33491110351786,51.434427775971514,51.96045171354264,20971200
2016-08-29,51.79997634887695,52.2457592895766,51.79997634887695,51.87130325189479,16417200
2016-08-30,51.61273193359375,51.88020093283263,51.36309465444451,51.692972973470695,16930200
2016-08-31,51.229373931884766,51.53250646288632,51.0867235291225,51.398773623389495,20860300
2016-09-01,51.345272064208984,51.550331780122825,50.8281622928192,50.8281622928192,26075400
2016-09-02,51.416595458984375,51.88021005971656,51.1937040202316,51.416595458984375,18900500
2016-09-06,51.36310958862305,51.53250587714848,51.00648188524401,51.514674151874146,16278400
2016-09-07,51.407691955566406,51.56817409682329,51.18480047060452,51.23829565137487,17493400
2016-09-08,51.202613830566406,51.523577997946674,50.97972242555821,51.380927634783546,20146100
2016-09-09,50.11491775512695,51.28287029294718,50.11491775512695,50.632027602744046,35113900
2016-09-12,50.863834381103516,51.00648479036916,49.57998069771272,49.92769085773185,29303000
2016-09-13,50.40021514892578,50.50720549700291,49.97226395977846,50.37346926243337,30130200
2016-09-14,50.15948486328125,50.489366621550886,49.954425160089805,50.2753893567558,24062500
2016-09-15,50.988651275634766,51.1313016798969,49.90985738083653,50.06142534845787,26847000
2016-09-16,51.042152404785156,51.380948429810815,50.59636941435035,51.380948429810815,44607000
2016-09-19,50.756839752197266,51.48792341430748,50.68551285781894,51.059972251198104,20937100
2016-09-20,50.64984893798828,51.131291834007186,50.596353771295846,51.131291834007186,17384000
2016-09-21,51.496849060058594,51.57709013360227,50.89058732790603,51.27395756699885,33707300
2016-09-22,51.550323486328125,51.710805568798285,51.3809272441887,51.639478687232476,19822200
2016-09-23,51.202613830566406,51.63056492005578,51.158036229775355,51.59490147900177,19955300
2016-09-26,50.7300910949707,50.94406496430512,50.66768176632706,50.890573197498185,21688700
2016-09-27,51.66624450683594,51.764317299855804,50.53395540742707,50.75684688208896,28065100
2016-09-28,51.7375602722168,51.76430955789227,51.41659605253903,51.60382744805339,20536400
2016-09-29,51.17587661743164,51.86237926819615,51.00647694426206,51.541418447511,25463500
2016-09-30,51.354190826416016,51.50575878718207,51.12238520536964,51.327444939655905,29910800
2016-10-03,51.19370651245117,51.30961101854006,50.87274568190701,51.184792350930614,19189500
2016-10-04,51.03321838378906,51.35417915512673,50.792495254496075,51.05996426447062,20085900
2016-10-05,51.38985061645508,51.67515139175802,51.051054670387764,51.077803956296705,16726400
2016-10-06,51.47899627685547,51.585983190401514,51.068873539665766,51.47899627685547,16212600
2016-10-07,51.53250503540039,51.69298715919421,51.19370906282968,51.57708264733117,20089000
2016-10-10,51.746490478515625,52.05853721219783,51.59492249283119,51.630585948410385,18196500
2016-10-11,50.988651275634766,51.728652585969144,50.72118219277501,51.61274806967681,26497400
2016-10-12,50.917320251464844,51.05997063465169,50.28430938863904,50.917320251464844,22177500
2016-10-13,50.747920989990234,51.08671692816974,50.21298289901496,50.55177883719447,25313700
2016-10-14,51.19370651245117,51.479010696913114,50.92623745313756,50.92623745313756,27402500
2016-10-17,51.0153923034668,51.22936617468312,50.70334225645073,51.140210961851885,23830000
2016-10-18,51.407691955566406,51.666246894375185,51.18480047060452,51.291787431091066,19149500
2016-10-19,51.29178237915039,51.56816901766015,51.17588126714479,51.238290604702826,22878400
2016-10-20,51.042152404785156,51.28287562774646,50.516128340029915,51.26504390000256,49455600
2016-10-21,53.19082260131836,53.89516049371138,53.03925802756633,53.743592518905274,80032200
2016-10-24,54.385501861572266,54.385501861572266,53.43152693706826,53.44044109664788,54067000
2016-10-25,54.3765983581543,54.715390905418744,54.20719868346853,54.25177629220822,35137200
2016-10-26,54.055633544921875,54.56382576133829,53.912983157876106,54.21611565548006,29911600
2016-10-27,53.583091735839844,54.23393762328004,53.57417757621389,54.0377921009801,28479900
2016-10-28,53.3780403137207,53.95755940961744,53.1194888319246,53.50285897411608,33574700
2016-10-31,53.42261505126953,53.868397900766986,53.42261505126953,53.63659231549173,26434700
2016-11-01,53.31562805175781,53.51177359362383,52.825267598146006,53.46719598894152,24533000
2016-11-02,52.985748291015625,53.43153112812593,52.869843801072065,53.33345835979316,22147000
2016-11-03,52.789608001708984,53.17298155181595,52.70045278584603,53.07490877373462,21600400
2016-11-04,52.34382629394531,52.85201851807655,52.17443001958609,52.290334523649534,28697000
2016-11-07,53.86840057373047,53.95755918868598,53.29779904222885,53.29779904222885,31664800
2016-11-08,53.91299057006836,54.18937381987533,53.62768975675242,53.98431407287036,22935400
2016-11-09,53.64550018310547,54.019959501304875,52.78068386924433,53.49393566456124,49632500
2016-11-10,52.334903717041016,53.930807027943246,51.380928754893425,53.92188946695887,57822400
2016-11-11,52.620208740234375,52.709363951029786,51.71972546635567,51.915871011369504,38767800
2016-11-14,51.81779479980469,52.67370041148071,51.06887951524633,52.620205247921874,41328400
2016-11-15,52.84104537963867,53.39755283440436,52.34737228346774,52.356350087850906,35904100
2016-11-16,53.54117202758789,53.55014640880336,52.78719731639872,52.903881392347074,27332500
2016-11-17,54.42978286743164,54.708036620839756,53.82840003061889,54.22333785968863,32132700
2016-11-18,54.16948318481445,54.87857916479194,54.124604429227304,54.555446646117154,27686300
2016-11-21,54.62725830078125,54.725993622744035,54.23231701293011,54.30412576491386,19652600
2016-11-22,54.860626220703125,54.9862881042249,54.58237588548477,54.73496433718135,23206700
2016-11-23,54.2143669128418,54.84267635706609,54.07972721820535,54.761893225090155,21848900
2016-11-25,54.3310432434082,54.3310432434082,53.97200981565754,54.12459825204501,8409600
2016-11-28,54.402854919433594,54.77086617155592,54.04381804827696,54.16050554500727,20732600
2016-11-29,54.833702087402344,55.12093024078626,54.32207672518539,54.43876423250688,22366700
2016-11-30,54.08869171142578,54.914475067768194,54.05279076691188,54.627246967482755,34655400
2016-12-01,53.137245178222656,53.98995502297344,52.90387022751845,53.954050657629914,34542100
2016-12-02,53.182132720947266,53.379603338976025,52.77821710408358,53.02954427903727,25515700
2016-12-05,54.05280303955078,54.384909963904946,53.460394520202634,53.5860564146053,23552700
2016-12-06,53.81043243408203,54.268201072499174,53.6757927865325,54.241274512600654,19907000
2016-12-07,55.08502960205078,55.09400740846969,53.675815308913975,53.86430815535217,30809000
2016-12-08,54.76188278198242,55.273511469615364,54.609294352920806,55.02218431582415,21220800
2016-12-09,55.623573303222656,55.64152548825737,54.86959865191054,54.91447740248274,27349400
2016-12-12,55.80309295654297,55.9197804569796,55.39918074369908,55.4889382523245,20198100
2016-12-13,56.53014373779297,56.92508158779422,55.86592992533498,56.099301513056254,35718900
2016-12-14,56.26087188720703,56.95201574324424,56.12623218412359,56.548100058023806,30352700
2016-12-15,56.17108917236328,56.68271433614368,55.91976206760866,56.27879883209906,27669900
2016-12-16,55.91978073120117,56.50321481221593,55.758214475659535,56.50321481221593,42453100
2016-12-19,57.10458755493164,57.2392272187439,56.02748051652021,56.15314580062513,34338200
2016-12-20,57.03278350830078,57.266155050177815,56.575011380423845,57.16741975106597,26028400
2016-12-21,57.03278350830078,57.176397555001024,56.65579449569454,56.93404820918894,17096300
2016-12-22,57.041778564453125,57.53545181492785,56.91611665604467,57.30208018845932,22176600
2016-12-23,56.76350402832031,57.032779920942204,56.3685628567147,56.95199681075276,12403800
2016-12-27,56.799407958984375,57.50850380529607,56.736577028200195,56.736577028200195,11763200
2016-12-28,56.53911590576172,56.907127150030384,56.39550184516978,56.907127150030384,14653300
2016-12-29,56.458335876464844,56.72761182682677,56.30574400270775,56.42243150334206,10250600
2016-12-30,55.776161193847656,56.53911364222135,55.67742588913807,56.51218365291837,25579900
2017-01-03,56.17108917236328,56.4044606724622,55.76717366831867,56.359581932907986,20694100
2017-01-04,55.91978073120117,56.32369637005528,55.758214475659535,56.081346986742815,21340000
2017-01-05,55.91978073120117,56.24291324228446,55.677431347888714,55.82104541681134,24876000
2017-01-06,56.40448760986328,56.68274140643196,55.68641716197798,55.919788773529454,19922900
2017-01-09,56.2249641418457,56.61990542108332,56.13520662785334,56.33267384344247,20382700
2017-01-10,56.207008361816406,56.610923997025445,55.90182804010618,56.30574367531522,18593000
2017-01-11,56.7186393737793,56.754543750290196,56.03647334022127,56.198039610490504,21517300
2017-01-12,56.198036193847656,56.90713217869322,55.605627713553424,56.60195184496409,20968200
2017-01-13,56.2788200378418,56.43140849462681,55.964661894531474,56.20701128827499,19422300
2017-01-17,56.12622833251953,56.278820213811294,55.67743391841263,56.26086802636346,20664000
2017-01-18,56.09930419921875,56.27882265746221,55.758219470959155,56.25189266310632,19670100
2017-01-19,55.91978073120117,56.53014138012971,55.830023222135594,55.86592759537362,18451700
2017-01-20,56.31471633911133,56.38652165435419,55.98260605602202,56.251881980233755,30213500
2017-01-23,56.51218795776367,56.6558020235459,56.16212888642132,56.27881638487858,23097600
2017-01-24,57.01483154296875,57.21230214194925,56.494228481667065,56.72760344846747,24672900
2017-01-25,57.1584587097168,57.535444386267834,56.95201368341078,57.40080811208379,23672700
2017-01-26,57.68803405761719,57.93038688909363,57.04177239512271,57.553401204641006,43554600
2017-01-27,59.04338073730469,59.16007164542345,58.244527380750355,58.693321709064385,44818000
2017-01-30,58.459957122802734,59.052369028451665,58.16375801803748,58.9626115164604,31651400
2017-01-31,58.02911376953125,58.477908142307115,57.67905470661076,58.21760658433007,25270500
2017-02-01,57.06869125366211,58.00218432447807,56.96995594870649,57.7688093447595,39671500
2017-02-02,56.70068359375,56.91610641513936,56.32369793635561,56.77249234222298,45827000
2017-02-03,57.1584587097168,57.17641089774728,56.61092895889096,56.99689244147213,30301800
2017-02-06,57.12255096435547,57.13152876985605,56.67375656215402,56.99688907958379,19796400
2017-02-07,56.934059143066406,57.248213860545846,56.754540694208316,57.21231290999793,20277200
2017-02-08,56.853267669677734,57.27513544898525,56.74555798577996,57.059712657160595,18096400
2017-02-09,57.49953079223633,57.840618886104764,56.835317061739595,57.01483548923546,22644400
2017-02-10,57.44569396972656,57.7149733994338,57.4277417794774,57.67009121179581,18170700
2017-02-13,58.09194564819336,58.217607526760126,57.562364718754445,57.66110003020816,22920100
2017-02-14,58.308677673339844,58.44413362291891,57.812008154741875,58.16419637947776,23108400
2017-02-15,58.272552490234375,58.30867453414913,57.93843564077991,58.24546267969217,17005200
2017-02-16,58.263519287109375,58.91370228760225,58.191282090057626,58.46218708054612,20546300
2017-02-17,58.35382843017578,58.41704028421974,58.064858970321204,58.218372488774335,21248800
2017-02-21,58.23643112182617,58.65182429730098,58.20030907749243,58.344797254827405,20655900
2017-02-22,58.11903762817383,58.14612743809023,57.83910040627059,58.09194781825742,19292700
2017-02-23,58.35382843017578,58.45316232789848,57.9655250725985,58.173218211782064,20273100
2017-02-24,58.35382843017578,58.51637418194244,57.92037079560623,58.272552109504765,21796800
2017-02-27,58.00164031982422,58.281577513563086,57.839094587104164,58.281577513563086,15871500
2017-02-28,57.775882720947266,57.97454706010401,57.577214937003035,57.86618782491623,23239800
2017-03-01,58.642799377441406,58.68794676600342,57.81200613090888,57.91134003115108,26937500
2017-03-02,57.802978515625,58.4712190904346,57.68558359769826,58.4170394704589,24539600
2017-03-03,58.01970672607422,58.04679653738854,57.45079657495889,57.78492032351191,18135900
2017-03-06,58.03776550292969,58.299645167005046,57.622375756638775,57.76686049461348,18750300
2017-03-07,58.15517807006836,58.49832725353195,57.96554245108237,57.96554245108237,18521000
2017-03-08,58.68794631958008,58.769222641694334,58.01970572359568,58.028737957069595,21510900
2017-03-09,58.453163146972656,58.87758166460046,58.22740553799861,58.868556320735834,19846800
2017-03-10,58.633758544921875,58.93176020194482,58.47121281287068,58.79630427697307,19538200
2017-03-13,58.435089111328125,58.86854668099268,58.30866542217061,58.706000953565265,20100000
2017-03-14,58.16419219970703,58.290615906342275,57.929402363280744,58.272551439922786,14280200
2017-03-15,58.47121810913086,58.62473162286915,58.01970291137695,58.29061478585936,24833800
2017-03-16,58.37188720703125,58.480253340294894,58.06486016381421,58.47122110679571,20674300
2017-03-17,58.579593658447266,58.91371054919451,58.408015651041104,58.615715706826265,49219700
2017-03-20,58.633758544921875,58.85951612334994,58.44412300579123,58.61570097006042,14598100
2017-03-21,57.983585357666016,59.14849548480282,57.91134126693451,58.86855824518782,26640500
2017-03-22,58.724063873291016,58.82339776518158,57.90230981896677,57.90230981896677,20680000
2017-03-23,58.579593658447266,58.91371054919451,58.48928509271164,58.64280552071644,19269200
2017-03-24,58.67890548706055,59.10332389425009,58.48023774052681,59.02205448316284,22617100
2017-03-27,58.787269592285156,58.89563570565668,58.10999688525521,58.36284426021451,18614700
2017-03-28,58.9588508605957,59.12139659499462,58.38091200263835,58.660849199268576,20080400
2017-03-29,59.121395111083984,59.14848491787476,58.65181549479564,58.80533588256748,13618400
2017-03-30,59.33811950683594,59.581941543205886,59.02206028336967,59.076239896085504,15122800
2017-03-31,59.47358322143555,59.77158490957055,59.10333744716323,59.28394766250653,21040300
2017-04-03,59.19363021850586,59.54581143256414,58.86853880713306,59.42841310149577,20400900
2017-04-04,59.35619354248047,59.428430741225654,58.94982571285842,59.049159611905445,12997400
2017-04-05,59.202674865722656,59.91606975723082,59.09431561964464,59.8709223678902,21448600
2017-04-06,59.35619354248047,59.654188350046084,59.13043593366004,59.23879517656555,18103500
2017-04-07,59.3110466003418,59.5638940511602,59.094321198151206,59.46456013982778,14108500
2017-04-10,59.17557907104492,59.43745870521463,59.02206556157215,59.24782315417621,17952700
2017-04-11,59.13044357299805,59.24783506450386,58.561529915941655,59.238802829902994,18791500
2017-04-12,58.904666900634766,59.15751427114335,58.79630078917074,59.0762379651518,17108500
2017-04-13,58.65180969238281,59.47357049480353,58.65180969238281,58.95884354797723,17896500
2017-04-17,59.13044357299805,59.13946891802256,58.70601811125006,58.7331079254763,16689300
2017-04-18,59.049156188964844,59.338125635921095,58.84146305905179,58.99497657065275,15155600
2017-04-19,58.733097076416016,59.37424782311817,58.59764114072963,59.28394616251894,26992800
2017-04-20,59.14849090576172,59.37424850463867,58.82339941221289,59.11236886319239,22299500
2017-04-21,59.961219787597656,60.23212477317341,59.103336776003175,59.302004565837166,32522600
2017-04-24,60.98162841796875,61.09902675351594,60.59332515565799,60.93648104162833,29770000
2017-04-25,61.33383560180664,61.44220175211659,61.0448660905567,61.31577802154328,30242700
2017-04-26,61.252559661865234,61.6860104379946,61.06292408611166,61.47831728389224,26190800
2017-04-27,61.64988327026367,61.749217166869634,61.02679697014255,61.54152403002102,34971000
2017-04-28,61.821468353271484,62.43552938027746,61.126137886750165,62.227836219576425,39548800
2017-05-01,62.67936325073242,62.80578699566367,61.857602019101954,62.0201478182389,31954400
2017-05-02,62.57999801635742,62.950236829981236,62.42647764039249,62.950236829981236,23906100
2017-05-03,62.38134765625,62.652252668434215,62.0472238960227,62.652252668434215,28928000
2017-05-04,62.13751983642578,62.38134190343973,61.984006321387504,62.3361876274519,21749400
2017-05-05,62.30910873413086,62.33619854863956,61.84856121875371,62.21880705590972,19128800
2017-05-08,62.254913330078125,62.35424721782367,61.7853336989947,62.28200313772242,18566100
2017-05-09,62.34523010253906,62.56195550581849,62.02013855283176,62.182684327685415,22858400
2017-05-10,62.58903503417969,62.81479263495463,62.2368537281368,62.30006558077078,17977800
2017-05-11,61.821468353271484,62.06529045096967,61.51444128455654,61.731166679506856,28789400
2017-05-12,61.74922180175781,61.95692184377166,61.44219474525784,61.95692184377166,18714100
2017-05-15,61.79438018798828,61.83953447086277,61.01777337166554,61.53250050438398,31530300
2017-05-16,63.038631439208984,63.06587653201906,61.90337304500684,61.96694723791946,34956000
2017-05-17,61.28578567504883,62.757075962653374,61.24037257248986,62.56635340422562,30548800
2017-05-18,61.494651794433594,61.87609680259805,60.976974446477655,61.21311004017859,25201300
2017-05-19,61.47651672363281,61.84887788558779,61.240381030034804,61.30395522495724,26961100
2017-05-22,62.16673278808594,62.21214588517588,61.30393937590324,61.658139360194305,16237600
2017-05-23,62.375614166259766,62.439188335402314,62.10314948189757,62.41194325277905,15425800
2017-05-24,62.457366943359375,62.55727022705997,62.16674109870312,62.548193149681154,14593900
2017-05-25,63.22934341430664,63.46547213177311,62.584517586026,62.63900776250808,21854100
2017-05-26,63.53812026977539,63.77425587895776,63.13850722793832,63.39281084578515,19827900
2017-05-30,63.94682312011719,63.94682312011719,63.365564584202666,63.383732594516154,17072800
2017-05-31,63.429134368896484,64.24652154974623,63.40188928437903,64.05579902905883,30436400
2017-06-01,63.6652717590332,64.12845899594573,63.074936171449075,63.792420109704814,21603600
2017-06-02,65.17291259765625,65.26373187886838,63.792434578590736,63.97408007008199,34770300
2017-06-05,65.64514923095703,66.1991556196369,65.21829116796789,65.36360749965102,33316800
2017-06-06,65.8631362915039,65.95396249021776,65.6360846528515,65.66333666990532,31511100
2017-06-07,65.74507904052734,66.09019507412023,65.34546589600208,65.97213070372271,22301800
2017-06-08,65.3454818725586,65.86315951405028,64.93679155051147,65.85408243423133,24588300
2017-06-09,63.86507797241211,65.46352328170929,62.29387774825695,65.42719419183148,49187400
2017-06-12,63.37461471557617,63.519931004149555,61.87607340270769,62.893266635535355,47761700
2017-06-13,64.16480255126953,64.31919602202491,63.538137732352176,63.59262791519125,25258600
2017-06-14,63.81968688964844,64.57350017421149,63.056796526284224,64.40094559910833,25510700
2017-06-15,63.48362731933594,63.76516907970891,62.48460168759703,62.91145286559113,26068700
2017-06-16,63.574459075927734,63.60170416402398,62.86605906916083,63.3292463539954,48345100
2017-06-19,64.36457824707031,64.42815240623742,63.892307125488664,64.02853944629351,23798300
2017-06-20,63.49273681640625,64.36461445939727,63.45640771514818,64.31920135055779,21512200
2017-06-21,63.81968688964844,64.13756480345131,63.51998392065123,63.76519670057036,19891100
2017-06-22,63.81060028076172,64.11030320499843,63.31108385858929,64.06489703057068,22965700
2017-06-23,64.67339324951172,64.70972234617652,63.50180586607189,63.65619933009729,27617300
2017-06-26,64.05581665039062,65.12750082030347,63.97408137435343,64.84595896408585,19607000
2017-06-27,62.856990814208984,63.73795250509256,62.82974571928563,63.67437830724879,25215100
2017-06-28,63.392826080322266,63.42914824824994,62.47553543614657,62.85698056098792,25806200
2017-06-29,62.203060150146484,63.11126663416291,61.8397761707268,63.01136336659586,28918700
2017-06-30,62.6026611328125,63.011351200081954,62.430099716867325,62.46642880070127,24161100
2017-07-03,61.912445068359375,63.211180842453395,61.77621268636441,62.96596809811588,16165500
2017-07-05,62.738914489746094,63.06586942475522,61.95785624823168,61.99418534424009,21176300
2017-07-06,62.2757453918457,62.46646800487391,61.86705506808079,62.003280556623366,21117600
2017-07-07,63.084041595458984,63.42915767459435,62.393802508120466,62.393802508120466,16878300
2017-07-10,63.55628967285156,63.801502362680985,62.84788282976215,63.084018444125284,15014500
2017-07-11,63.56536865234375,64.19203333155086,63.34740104051472,63.57445265714738,17460000
2017-07-12,64.6188735961914,64.73693790970252,64.0739512528934,64.20109956869415,17750900
2017-07-13,65.18197631835938,65.42719594935548,64.76420216714016,64.93676361642885,20269800
2017-07-14,66.09925079345703,66.54426992273426,65.35452193404734,65.60881857934861,25868100
2017-07-17,66.61697387695312,66.70779317997751,66.04480603173764,66.11746424578462,21803900
2017-07-18,66.57154846191406,66.65328373230757,65.99029677556021,66.38081897286254,26435300
2017-07-19,67.08013916015625,67.24361662319826,66.70777113303473,66.75318423407222,22416200
2017-07-20,67.40709686279297,67.47975505581924,66.55338041740092,67.37076776627984,42361000
2017-07-21,67.01657104492188,67.47067438015317,66.45348041477095,66.70777717384975,46717100
2017-07-24,66.84398651123047,66.98021885063791,66.41712841465065,66.78041234338228,21394800
2017-07-25,67.37983703613281,67.48881737277064,66.75317238420475,67.0256370839296,22018700
2017-07-26,67.25270080566406,67.55240371447208,67.03472623499191,67.51607461936005,16252200
2017-07-27,66.44438934326172,67.58872451810997,65.68149229763068,66.98931184496072,36844200
2017-07-28,66.33538055419922,66.58059317525162,65.88127746190246,65.99934177143683,18306700
2017-07-31,66.02659606933594,66.69867372872041,65.76322233659779,66.57152539944535,23600100
2017-08-01,65.9176254272461,66.68051551493471,65.83588324409929,66.3898897297583,22132300
2017-08-02,65.62699890136719,65.89945667429575,64.88226990219147,65.8903795988771,26499200
2017-08-03,65.527099609375,65.79048032284254,65.25463489087323,65.56342870044627,18214400
2017-08-04,66.00843048095703,66.33538528505326,65.60881751393634,65.75413383978524,22579000
2017-08-07,65.75414276123047,66.20824594752479,65.62699442339324,66.11742669607887,18705700
2017-08-08,66.10836029052734,66.41714721345673,65.16382458010817,65.47261150303757,22044600
2017-08-09,65.8177261352539,65.85405522672612,65.43628106839425,65.6179195966896,22213400
2017-08-10,64.85503387451172,65.56343388374205,64.80053676906357,65.30005314945224,24734500
2017-08-11,65.84496307373047,66.02660157954931,64.73695017266697,65.03665994342641,21443700
2017-08-14,66.83492279052734,66.95299408740946,66.25367109978478,66.35357438373116,20096600
2017-08-15,66.85317993164062,67.19100224427083,66.68883149420486,67.19100224427083,19181400
2017-08-16,67.24580383300781,67.65667152995299,66.80753891907975,66.96275498539374,18150400
2017-08-17,66.10448455810547,67.44666233360775,66.10448455810547,67.1818783468911,22977500
2017-08-18,66.1866683959961,66.5062329377042,65.67536512926311,65.98579726521255,18761500
2017-08-21,65.876220703125,66.1775273281456,65.46534613282883,66.16839492454358,17734800
2017-08-22,66.79840850830078,66.87144685019958,66.05883695645971,66.05883695645971,14343700
2017-08-23,66.39665222167969,66.7892619609359,66.22317139368805,66.61578113294426,13766500
2017-08-24,66.36927032470703,66.52448636612252,65.80317968627112,66.41491841372039,17098300
2017-08-25,66.48795318603516,66.97186604203934,66.1775211523654,66.524475831052,12794300
2017-08-28,66.4970932006836,66.73447997149324,66.24144162228362,66.70708972609083,14569700
2017-08-29,66.69795989990234,66.79839543709178,65.78491462798571,65.96752089597601,11478400
2017-08-30,67.57449340820312,67.75709970560298,66.49709953518304,66.6614479892364,16897800
2017-08-31,68.2684097290039,68.44189060504773,67.38276143558375,67.59275800196734,27652800
2017-09-01,67.51057434082031,68.24100642968278,67.23665795375746,68.21361618417312,21736200
2017-09-05,67.20928955078125,67.46494121326721,66.63407331018784,66.96276332910882,21556000
2017-09-06,67.01753234863281,67.60188083510725,66.97187729319623,67.3279644344546,16535800
2017-09-07,67.87576293945312,68.11315659336613,67.20011158014142,67.27315685303475,17471200
2017-09-08,67.54708862304688,67.96708858946324,67.41925588319802,67.86665305771344,14703800
2017-09-11,68.25926208496094,68.42361050196575,67.8483875594578,67.8483875594578,17910400
2017-09-12,68.18623352050781,68.69753673616327,67.9031916641248,68.25927882731112,14394900
2017-09-13,68.67015075683594,68.68841556766422,68.06754435320418,68.41449913311433,13380800
2017-09-14,68.2684097290039,68.92580361087059,68.040148351466,68.47841326137193,15733900
2017-09-15,68.76142883300781,68.83447411770985,67.62925478405326,68.3231710567591,38578400
2017-09-18,68.6244888305664,69.36405330241496,68.51492088563285,68.68840172361526,23307000
2017-09-19,68.8801498413086,69.12666904371065,68.48754002564321,68.67014632623852,16093300
2017-09-20,68.42362976074219,68.9805880548009,67.84840665632973,68.79797478118421,21587900
2017-09-21,67.7571029663086,68.69753867854394,67.66579981321485,68.57884527612048,19186100
2017-09-22,67.9397201538086,68.0310233121641,67.42840992824576,67.55623574314035,14111400
2017-09-25,66.88971710205078,67.793630221191,66.57927800128489,67.64753959354009,24149200
2017-09-26,66.88971710205078,67.39188796113555,66.64319090938602,67.26406214493328,18019600
2017-09-27,67.42841339111328,67.72058769244653,66.80754213003203,67.15450390197982,19565100
2017-09-28,67.44667053222656,67.53797368488664,66.93536033855894,67.14536385906271,10883800
2017-09-29,68.01274871826172,68.0584037738649,67.45579047662368,67.51057793654417,17079100
2017-10-02,68.12232971191406,68.4875493286984,67.83928781774898,68.21363287461395,15304800
2017-10-03,67.80277252197266,68.36885637177218,67.73885960454415,68.17711761948664,12190400
2017-10-04,68.19538116455078,68.22277141922679,67.30059337121719,67.64754820708897,13317700
2017-10-05,69.36405181884766,69.50101000558959,68.44187412516683,68.67926785112068,21195300
2017-10-06,69.39144897460938,69.41883922148938,68.97144893515475,69.09014232696255,13959800
2017-10-09,69.65621948242188,69.8936131860505,69.26360976587465,69.36404529564129,11386500
2017-10-10,69.65621948242188,69.96665150825908,69.51926130855989,69.6927421265172,13944500
2017-10-11,69.77494049072266,69.81146314928546,69.34580796009071,69.72015998587086,15388900
2017-10-12,70.41407012939453,70.56928618960809,69.72928601741022,69.83884701709782,16876500
2017-10-13,70.75189971923828,71.0988614962774,70.56929339046974,70.84320288362255,15335700
2017-10-16,70.89797973632812,71.04406338426637,70.6240633182161,70.68797622031106,12380100
2017-10-17,70.84317779541016,70.8705750044095,70.53274575324222,70.73361682334263,16824000
2017-10-18,70.86148071289062,71.08060974086246,70.6423516849188,70.91626122838703,13300700
2017-10-19,71.1353530883789,71.15361092688806,70.62404305235789,70.82491410586809,15092800
2017-10-20,71.95709228515625,72.10318286550181,71.41839894359212,71.50970207331696,22866400
2017-10-23,71.97538757324219,72.44103582184188,71.9114746587686,72.12147124947388,20627200
2017-10-24,72.00273895263672,72.31317095076655,71.63751951026285,72.03926159347225,17517200
2017-10-25,71.79277038574219,72.22190291655238,71.22668659274564,71.74712228700835,20410800
2017-10-26,71.91146087646484,72.51406724515313,71.90232847158026,72.31319613359574,32120700
2017-10-27,76.52234649658203,78.70452483745879,76.3397401701596,77.03365674933754,71066700
2017-10-30,76.59538269042969,76.99712491989015,75.88320834982903,76.42190182480194,31756700
2017-10-31,75.9471206665039,77.02451457411273,75.88320776376372,77.02451457411273,27086600
2017-11-01,75.9471206665039,76.47668869834199,75.67320424562656,76.40364339064351,22307400
2017-11-02,76.741455078125,77.11580000357873,75.8923227277271,76.10231923162051,23992900
2017-11-03,76.8236312866211,77.1888508012529,76.14797971244113,76.76885079752033,17633500
2017-11-06,77.12494659423828,77.33494313676238,76.76885944301603,76.87842043355602,19860900
2017-11-07,76.94230651855469,77.51752938235593,76.63187453223374,77.39882906266045,17939700
2017-11-08,77.2071304321289,77.25278549658648,76.54061107335112,76.8236529682306,18034200
2017-11-09,76.77796936035156,76.94231777892097,75.69145028323697,76.79623416573828,21178400
2017-11-10,76.57710266113281,76.7870991540696,75.99275429629186,76.5040573740322,19397800
2017-11-13,76.63190460205078,76.64103700699113,76.20277212764583,76.38538539653301,14196900
2017-11-14,76.741455078125,76.7871031604581,75.76449695162268,76.23927741058449,18801300
2017-11-15,76.14500427246094,76.7965212781673,75.87889050940332,76.59464138888448,19383100
2017-11-16,76.34687042236328,76.54875029382809,76.10829148423811,76.25510875377925,20962800
2017-11-17,75.61278533935547,76.27348068810495,75.46596103920315,76.27348068810495,22079000
2017-11-20,75.7320556640625,75.78711126220058,75.4751202047965,75.61276620110792,16315000
2017-11-21,76.8240737915039,76.93418503855384,75.92479226843616,75.92479226843616,21237500
2017-11-22,76.26427459716797,76.9892035625311,76.20004073952644,76.92496970488958,20553100
2017-11-24,76.40193176269531,76.55792729680894,75.96146595941201,76.17252409454007,7425600
2017-11-27,76.961669921875,77.06260983349824,76.43862083481129,76.44779209880258,18265200
2017-11-28,77.88849639892578,78.05367021578668,77.0993333851423,77.14521772353531,21926000
2017-11-29,76.47534942626953,77.9252078068022,76.32853213509668,77.73250617409357,27381100
2017-11-30,77.23696899414062,77.55813831672309,76.4753338856121,76.63133641455171,33054600
2017-12-01,77.31957244873047,77.82426518345332,76.3652355854955,76.71393276590223,29532100
2017-12-04,74.40149688720703,77.47555825148545,74.05279274972304,77.46637998445522,39094900
2017-12-05,74.86946105957031,75.86968183719442,74.30971295582927,74.64005345931282,26152300
2017-12-06,75.96147918701172,76.29182684675789,74.7226789634474,74.83279718368534,26162100
2017-12-07,75.69536590576172,75.97983622634787,75.24572875517856,75.74125024807269,23184500
2017-12-08,77.22781372070312,77.61321698761087,76.46617845445618,76.74146350183275,24489100
2017-12-11,78.20967102050781,78.338138763981,77.1911003394227,77.34709588493057,22857900
2017-12-12,78.5308609008789,78.96214858137165,78.0720454111579,78.28309661588705,23924100
2017-12-13,78.31978607177734,78.91624748200924,78.15461225049724,78.67766151772302,22062700
2017-12-14,77.71416473388672,78.79696949783643,77.56734042645095,78.39320965335638,19306000
2017-12-15,79.69623565673828,79.91646509420673,77.88850181347287,78.23720600717945,53936700
2017-12-18,79.26493835449219,80.2926872719208,79.12729934851372,79.94399012183077,22283800
2017-12-19,78.76023864746094,79.2374034946015,78.24636073404099,79.2374034946015,23524800
2017-12-20,78.47579193115234,79.19154991801138,77.73251313826083,79.09978122671812,23674900
2017-12-21,78.45742797851562,79.00800502027674,78.36566630504993,78.96212768402735,17990700
2017-12-22,78.46661376953125,78.57672498786079,77.92520794252987,78.36567381875078,14145800
2017-12-26,78.36566925048828,78.48495873038058,78.02614334484022,78.28307884058808,9891200
2017-12-27,78.650146484375,78.89791075700707,78.20050928714994,78.59509086866495,14678000
2017-12-28,78.65929412841797,78.85199570934427,78.50329861066322,78.82446791220704,10594300
2017-12-29,78.494140625,78.96213430014454,78.4574345523448,78.57672403774859,18717400
2018-01-02,78.87034606933594,79.20069364038586,78.45741510600642,79.03551985486091,22483800
2018-01-03,79.23741912841797,79.38424341864007,78.88872194059171,78.97130535311602,26061400
2018-01-04,79.934814453125,80.43951416134298,79.43929301259287,79.45764254699763,21912000
2018-01-05,80.92587280273438,81.12775272460983,80.22847134561052,80.43952953692622,23407100
2018-01-08,81.0084457397461,81.2837377795754,80.38445651697141,80.93503359566263,22113000
2018-01-09,80.95337677001953,81.42137036009547,80.62302917713843,81.34795822812939,19484300
2018-01-10,80.58634948730469,80.92587545805095,80.2101244395299,80.62305556530173,18652200
2018-01-11,80.82491302490234,80.8707903589186,80.05409960318352,80.8707903589186,17808900
2018-01-12,82.2197265625,82.38490040317807,81.16444963599947,81.36632955249135,24271500
2018-01-16,81.07267761230469,83.31169894475336,80.76068650911022,82.67853146937172,36599700
2018-01-17,82.7152099609375,82.84367766659075,81.4397041684053,81.74252390357292,25621200
2018-01-18,82.67852020263672,83.2015693933374,82.27476747710904,82.40323520809052,24159700
2018-01-19,82.58675384521484,83.14650907024301,82.2747628022632,82.7152215688968,36875000
2018-01-22,84.06415557861328,84.07333384660362,82.34818351471458,82.58676947569296,23601600
2018-01-23,84.33026885986328,84.69732256673645,83.99992122377415,84.33026885986328,23412800
2018-01-24,84.2568588256836,85.73424495709853,84.03662939643829,84.92673238255419,33277500
2018-01-25,84.72486114501953,85.55990160841473,84.35780739146391,84.85332890861879,26383200
2018-01-26,86.31234741210938,86.31234741210938,84.95425780207921,85.44977925470117,29172200
2018-01-29,86.18386840820312,87.58784217343296,86.00034507978118,87.3033789140891,31569900
2018-01-30,85.10106658935547,85.94529212861116,84.51378351915717,85.6149445265038,38635100
2018-01-31,87.18412017822266,87.54199569545283,85.80767372703933,86.02790319895743,48756300
2018-02-01,86.49586486816406,88.15677406285691,85.87187576171584,86.98220798035814,47227900
2018-02-02,84.22013092041016,86.22974406907429,83.96319548607174,85.92692430676165,47867800
2018-02-05,80.75151824951172,85.5599021486434,80.75151824951172,83.10065108555136,51031500
2018-02-06,83.80721282958984,83.94485883366363,78.22801653873599,79.73293031441851,67998600
2018-02-07,82.22888946533203,84.2109681821036,81.85265750927424,83.03640197942907,41107600
2018-02-08,78.00778198242188,82.47663867940474,77.77837432443414,82.32064315220495,55628700
2018-02-09,80.91667938232422,81.60490244114384,76.92498704136382,79.19153610189782,63499100
2018-02-12,81.78844451904297,82.38490604013431,80.68729017315789,81.43056900658189,35720300
2018-02-13,82.43077850341797,82.58677406308269,80.5679890530388,81.60490936259363,26407700
2018-02-14,83.72151184082031,83.88746160501232,81.50885769673485,81.60105044709574,34960900
2018-02-15,85.42707061767578,85.48238483602577,83.54630982139555,84.09025172544453,27823900
2018-02-16,84.81859588623047,86.20150777567987,84.63421044784532,85.23346663952384,30596900
2018-02-20,85.48239135742188,85.79584799712225,83.90587270950057,84.33918620990677,30911700
2018-02-21,84.34843444824219,86.07246776085603,84.34843444824219,85.72213248739625,26922500
2018-02-22,84.56968688964844,85.49162828063015,84.22856604279755,84.8647078534084,24392800
2018-02-23,86.71778869628906,86.72701007794608,85.15049143955494,86.29369658015928,26329200
2018-02-26,87.97164916992188,87.99930628728168,86.89297938976037,87.03127201041426,30199800
2018-02-27,86.84687805175781,88.35886140220327,86.84687805175781,88.26666866792826,25869100
2018-02-28,86.45043182373047,88.23900018037723,86.32136060560687,87.43690872444873,31167300
2018-03-01,85.60224914550781,87.18798932261987,84.67108645381221,86.65326167520227,37135600
2018-03-02,85.78665161132812,85.87884434619906,83.76759765853701,84.43139660377545,32830400
2018-03-05,86.33058166503906,86.9114021444224,85.05830521950013,85.13205517682782,23901600
2018-03-06,86.03558349609375,87.1142534005489,85.68524824607616,86.97596076395976,22175800
2018-03-07,86.53340148925781,86.60715847329269,85.21502529351027,85.8880454635855,26716100
2018-03-08,87.05890655517578,87.67660546223755,86.45042199560828,86.91139258903104,25887800
2018-03-09,89.00421142578125,89.00421142578125,87.58442101992217,87.85178483341384,36937300
2018-03-12,89.21626281738281,89.62191926891275,88.54324955973114,88.96734174366952,26073700
2018-03-13,87.04049682617188,89.64958581857645,86.63484033195336,89.4283218371187,35387800
2018-03-14,86.5241928100586,87.96242607446733,86.20151474985138,87.69506224348015,32132000
2018-03-15,86.82841491699219,87.19719277156749,85.58379581242153,86.22915178253889,27611000
2018-03-16,87.21562957763672,87.93474253433274,86.5887093272615,87.28938655623442,49081300
2018-03-19,85.63910675048828,86.57026921502911,84.91999383021303,86.42275526530483,33344100
2018-03-20,85.86038970947266,86.45043157170436,85.7405398740941,85.78663975208407,23075200
2018-03-21,85.26112365722656,86.70857103247776,85.01219559898006,85.67599437583337,24457100
2018-03-22,82.7811050415039,84.58810903346983,82.66125521211785,84.14557414199594,38604700
2018-03-23,80.37486267089844,83.39882975651278,80.28266992489422,82.51376673393217,44068900
2018-03-26,86.45962524414062,86.66245338812483,83.34346721832867,83.53707398289951,56396800
2018-03-27,82.486083984375,87.7134891344115,81.60102123679106,87.52910369969322,56569000
2018-03-28,82.41230010986328,84.10867509801217,81.93289391569037,82.80873499563847,52501100
2018-03-29,84.14559173583984,85.08597593915,81.4996243172242,83.14067894724414,45867500
2018-04-02,81.6102523803711,83.78603472032339,80.67909659940072,83.40804239120337,48515400
2018-04-03,82.70735931396484,83.02082303682084,81.02942630485408,82.58750946826208,37213800
2018-04-04,85.12283325195312,85.51926825195174,80.88190511043382,80.99253355350578,35560000
2018-04-05,85.16893768310547,85.80507945275836,84.26543911707367,85.22425894602364,29771900
2018-04-06,83.18677520751953,85.24270058044334,82.4953191609223,84.34841630142752,38026000
2018-04-09,83.68460083007812,85.89726114860306,83.54631527517608,83.93352889660831,31533900
2018-04-10,85.62991333007812,85.9986912909501,84.48670798184412,85.17816402078361,26812000
2018-04-11,84.68949127197266,86.0078670346488,84.33915626366776,84.82778381314724,24872100
2018-04-12,86.27526092529297,86.80998852020936,85.21502711712517,85.21502711712517,26758900
2018-04-13,85.81430053710938,86.82843459159642,85.22425864963131,86.7085847510898,23346100
2018-04-16,86.81919860839844,87.27095484772526,86.12774272836879,86.72700589783175,20288100
2018-04-17,88.57093048095703,89.0042441644909,87.47381771063566,87.58445323638568,26771000
2018-04-18,88.9120101928711,89.17015259943066,88.06381895636432,88.70918200661627,21043300
2018-04-19,88.6077880859375,89.49285098157216,87.89788927243008,88.91203043458353,23552500
2018-04-20,87.58441925048828,88.60777460654438,86.70857787152482,88.42338916903215,31154400
2018-04-23,87.9070816040039,88.77370848021816,87.24328289318892,88.26663806671996,22331800
2018-04-24,85.85116577148438,88.93966733777698,85.19658837349454,88.72761777010416,34524800
2018-04-25,85.10440826416016,86.0171353132592,83.23286835019398,86.0171353132592,33729300
2018-04-26,86.90216827392578,87.72269527339623,85.83271324360118,86.24759095040734,42529000
2018-04-27,88.34040069580078,90.25803997558148,86.57949675722006,89.98145481708998,48272800
2018-04-30,86.21993255615234,88.87512754835505,85.87881883507549,88.81059194973082,41523600
2018-05-01,87.58441925048828,87.85178305857852,85.54692992040778,85.93414355949561,31408900
2018-05-02,86.21072387695312,87.74114261659477,85.9157029732961,87.57519291867187,27471000
2018-05-03,86.72703552246094,87.5199057651022,85.23348777923675,85.70367990774619,31142500
2018-05-04,87.73194122314453,87.92554806033306,85.66678755875853,86.03556550124561,22531300
2018-05-07,88.70919036865234,89.16093962271505,87.67661361122677,87.74114921895001,24242000
2018-05-08,88.33120727539062,88.65389240705846,87.63975119413952,88.36808577711994,23484600
2018-05-09,89.37297821044922,89.40063531980466,87.63050998252741,88.51557265116604,27327400
2018-05-10,90.26728057861328,90.30415204266787,89.47441045820877,89.85240275252947,22388100
2018-05-11,90.07364654541016,90.23038188490506,89.46516905074225,90.16584628647281,16778300
2018-05-14,90.37791442871094,90.9863991297161,89.71411549447065,90.27650031187675,19454100
2018-05-15,89.72331237792969,90.21194006169348,88.81980695662574,89.64955539785329,24594000
2018-05-16,89.95482635498047,90.18631072178981,89.46408062763942,90.14927237537925,17384700
2018-05-17,89.05663299560547,90.31590805118437,88.73255641461229,89.5936782237311,17246700
2018-05-18,89.22332763671875,89.75111166745761,88.89925096246535,88.89925096246535,17865800
2018-05-21,90.3714828491211,90.75112054889236,89.63073721672593,89.81592185873942,19422500
2018-05-22,90.27889251708984,90.89926885227815,90.00110848360838,90.44556152431043,15441200
2018-05-23,91.35297393798828,91.41778926395203,89.18627706485317,89.54739203298557,21251200
2018-05-24,91.02890014648438,91.61224520795848,89.63999409816162,91.41779920891427,26649300
2018-05-25,91.07518768310547,91.64927131627552,90.6122190621317,91.01963370917758,18363900
2018-05-29,90.75110626220703,91.5566670989239,90.0288763819753,90.59369157050153,28671000
2018-05-30,91.6214828491211,91.8992668340533,90.65851438052721,91.02888360798322,22158500
2018-05-31,91.51964569091797,92.58447507266598,91.30668405317324,91.9363217434323,34140900
2018-06-01,93.3252182006836,93.39003352694722,91.82519728157293,91.92705094632159,28655600
2018-06-04,94.14004516601562,94.31597551653964,93.38077684992305,93.76041454013988,27281600
2018-06-05,94.62154388427734,94.75117455337325,94.01042181767524,94.4456135200722,23514400
2018-06-06,94.89934539794922,95.00119910205031,94.35304558899195,94.890091108008,21122900
2018-06-07,93.4085693359375,95.08452095869472,92.94560060140589,95.04748261221113,28232200
2018-06-08,94.1030044555664,94.39930410647297,93.0937361980331,93.60299747009765,22165100
2018-06-11,93.5659408569336,94.06594064265913,93.21408026003317,93.5289025275578,23490900
2018-06-12,93.80669403076172,93.93632467162368,93.28817146731386,93.61224806946878,18325200
2018-06-13,93.38077545166016,94.45486611237877,93.11225278648051,94.18634344719912,29492900
2018-06-14,93.90856170654297,94.47338403934172,93.51966972589696,94.1215303993774,25691800
2018-06-15,92.7140884399414,94.01040192088439,92.65853446904133,93.99188628536442,65738600
2018-06-18,93.3900375366211,93.62152186383572,92.05668555127563,92.60299223695952,23586000
2018-06-19,93.3900375366211,93.519668194714,92.13076223142617,92.26965424062317,28653100
2018-06-20,94.32521057128906,94.92706400706899,93.63075777830687,93.86224204263428,26180800
2018-06-21,93.64929962158203,94.87153659673513,93.40855394128701,94.51968295964326,23198200
2018-06-22,92.97338104248047,93.30671201918042,92.25114391066161,92.97338104248047,38923100
2018-06-25,91.10297393798828,92.6955872864493,90.09370563247593,92.59373361432624,35433300
2018-06-26,91.74188232421875,92.66781975486849,91.43632127666227,91.50113661423407,26897200
2018-06-27,90.31591796875,92.61223833566535,90.18628732211802,92.20483075953932,31298400
2018-06-28,91.32518768310547,91.76964066780798,90.05665818207935,90.16776612999956,26650700
2018-06-29,91.30670166015625,92.5104232915268,91.04744027846853,91.60300139127692,28053200
2018-07-02,92.60299682617188,92.64928945530436,90.74186076511666,90.83445308772298,19564500
2018-07-03,91.71410369873047,93.17707944421058,91.61225001802502,93.03819448355938,14670300
2018-07-05,92.37152862548828,92.51967495467241,91.69559113012205,92.13078289317862,18977400
2018-07-06,93.6678466796875,93.91784671182715,92.2881946330965,92.49190202598069,19234600
2018-07-09,94.30671691894531,94.67709326880646,93.75115592632424,94.12153227618539,18212000
2018-07-10,94.55672454833984,94.91783954901724,94.31597885977446,94.44560952338475,19293100
2018-07-11,94.4271011352539,94.76043210703112,93.61227168503302,93.65857138173808,19644600
2018-07-12,96.47341918945312,96.67712654610685,95.12155144406402,95.158582723145,24335900
2018-07-13,97.62156677246094,97.77897441310263,96.38080715575754,96.64007552570595,24635200
2018-07-16,97.14010620117188,97.98270564998394,96.77898407814673,97.59381359668606,21786900
2018-07-17,98.10302734375,98.61229554554241,96.5937524996892,96.86227509114892,25901700
2018-07-18,97.33454132080078,98.19566337908985,96.96416495063549,98.09380970068585,29493900
2018-07-19,96.66786193847656,97.51046126385334,96.1956319061692,97.15860760970082,40171600
2018-07-20,98.39935302734375,100.18641228556255,98.2234297454103,100.07530433157109,56004000
2018-07-23,99.97346496582031,100.13087263272001,98.26973642936939,98.42715116061102,29707000
2018-07-24,99.68640899658203,100.76049254681622,99.31603267899274,100.52900823136551,26316600
2018-07-25,102.62162780761719,102.9179274470493,99.63084736156186,99.96418533896558,30702100
2018-07-26,101.50122833251953,102.7790189985282,101.39011333638592,102.53827337240847,31372100
2018-07-27,99.70494842529297,102.0197921321726,98.27900385413403,102.0197921321726,37005300
2018-07-30,97.5660171508789,99.56603807220817,97.00119482516688,99.25122277687548,34668300
2018-07-31,98.22343444824219,98.81603377903939,97.57527407344814,98.60306508312418,27655200
2018-08-01,98.40863037109375,98.56603804105659,97.61232360448614,98.17714601020414,23628700
2018-08-02,99.60307312011719,100.08455739834064,97.0752612325068,97.59379091406379,26104300
2018-08-03,100.03826904296875,100.04753039419745,98.90862438066563,99.81604606386784,18659600
2018-08-06,100.12161254882812,100.39013525335744,99.59382849215798,100.11235826078169,20265900
2018-08-07,100.8160400390625,101.01974735385444,100.15862547317771,100.51974041691244,16080200
2018-08-08,101.3808822631836,101.62162796119844,100.70495192844793,101.23273595510327,15487500
2018-08-09,101.54754638671875,102.00126076966394,101.48273105548961,101.58458472804129,13677200
2018-08-10,100.92717742919922,101.56607650103764,100.35309369331962,101.31606944495226,18183700
2018-08-13,100.19566345214844,101.46419995789128,100.0938097951152,101.1493776367867,18472500
2018-08-14,101.44569396972656,101.62162432710075,100.0382723037571,100.51975661822678,16788300
2018-08-15,100.07003021240234,101.30626052463754,99.28924608156966,100.84151026080478,29982800
2018-08-16,100.05145263671875,101.18544460106334,99.73542580942399,100.66492648950612,21384300
2018-08-17,99.99567413330078,100.29311403534363,99.16841918413391,99.79118287098508,18061500
2018-08-20,99.33573913574219,100.29312369100401,98.97323444183775,99.93061899709959,17914200
2018-08-21,98.50848388671875,99.78189526293681,98.38764426133585,99.38220969215011,22881900
2018-08-22,99.5123291015625,99.77258812742485,98.32256950246222,98.3876342589278,18000600
2018-08-23,99.97708129882812,100.55337421819866,99.3357307132753,99.59598974411142,18167700
2018-08-24,100.75785827636719,100.90657467269689,99.97707414817603,100.07931977319542,17234000
2018-08-27,101.87325286865234,101.91043373944822,100.86010073268717,101.56651600323086,19662300
2018-08-28,102.48670959472656,102.70978769096234,102.0498432997681,102.18926976923726,19151500
2018-08-29,104.1226577758789,104.13195476783537,102.49603166832433,102.66334206590531,20818000
2018-08-30,104.05760192871094,104.6710758028998,103.58356167123154,103.79734286385299,22798700
2018-08-31,104.41081237792969,104.8290848444807,103.65791200999955,103.81593251408819,23222700
2018-09-04,103.83450317382812,104.06687830592196,102.44954937217618,103.03513215210322,22634600
2018-09-05,100.84149169921875,103.56492802764514,100.4789871274764,103.18383656904227,32872400
2018-09-06,101.07391357421875,101.30628877092614,99.93063157767419,100.61846017430017,23477600
2018-09-07,100.58124542236328,101.05529264964477,99.67033892926251,100.59983940309439,22498600
2018-09-10,101.66875457763672,101.91042667529487,100.72066725840166,101.16682349397387,20727900
2018-09-11,103.39763641357422,103.72296017901333,101.21331159816746,101.22260858904464,24301800
2018-09-12,103.83450317382812,103.96463268047857,102.71910537638819,103.57424416052721,18891100
2018-09-13,104.94990539550781,105.7120955257436,104.21559914577043,104.21559914577043,26055600
2018-09-14,105.37747955322266,105.71210031742312,104.5130437609592,105.36818256212644,19122300
2018-09-17,104.23417663574219,105.6841950231045,103.97391765252593,105.6749051247935,20736500
2018-09-18,105.22877502441406,105.68422838883441,103.84382094560985,104.2806874160147,22170900
2018-09-19,103.82520294189453,105.330996303807,103.21173629991051,105.08003428925127,21728400
2018-09-20,105.5633773803711,105.77716562754884,104.03899704279743,104.36432081761015,23714500
2018-09-21,106.2047348022461,107.16211923386406,105.50760938991927,105.96306267367873,71229700
2018-09-24,106.5858154296875,106.79960365452217,104.3085421524707,105.06143525142735,27334500
2018-09-25,106.38136291503906,106.98553984875383,105.7307151965944,106.70669386578966,22668000
2018-09-26,105.94449615478516,106.94835155200484,105.72141087404498,106.39994952612274,19352000
2018-09-27,106.34418487548828,106.80893525339037,106.14898347622479,106.68809561655792,19091300
2018-09-28,106.30699157714844,106.49288886998445,105.66563386126802,106.13968117698516,21647800
2018-10-01,107.4595718383789,107.52463660089872,106.64161381076882,106.66020070369137,18883100
2018-10-02,107.03199005126953,107.67334061033199,106.37204550990008,107.17141655246621,20787200
2018-10-03,107.05060577392578,107.98940357053445,106.82752756684542,107.28298097466359,16648000
2018-10-04,104.83838653564453,106.6695040795343,103.7601623019018,106.53007755392582,34821700
2018-10-05,104.22492980957031,105.19161156358615,102.83997550143083,104.68968024372049,29068900
2018-10-08,103.03514862060547,104.13195970305696,101.63160061279687,103.7880489911663,29640600
2018-10-09,104.3457260131836,105.10791612416531,102.98865616151008,103.30468292121002,26198600
2018-10-10,98.67578887939453,103.63931876897108,98.33187109824287,103.39764662298539,61376300
2018-10-11,98.44338989257812,101.25047795534651,96.85393798216923,97.92286485096943,63904300
2018-10-12,101.84537506103516,103.39763927880637,99.56810154833016,101.32485702190863,47742100
2018-10-15,100.0142822265625,101.7617482265936,99.41010530296724,101.23193306715459,32068100
2018-10-16,103.17455291748047,103.55565151687384,101.2690741035653,101.81748307243184,31610200
2018-10-17,102.905029296875,103.9274787245873,101.82681209230525,103.80664617755349,26548200
2018-10-18,100.85081481933594,102.73769989744052,100.22805112103549,102.33801435689176,32506200
2018-10-19,100.99954986572266,103.04444857720601,100.58127029415043,101.25051193544392,32785500
2018-10-22,101.90116119384766,102.74701025143037,100.60915576273834,101.61301824046474,26545600
2018-10-23,100.47901153564453,101.28767959525405,97.69980677999253,100.17227464149678,43770400
2018-10-24,95.10649871826172,100.84151557417124,94.42796017704197,100.76716091760018,63897800
2018-10-25,100.66490173339844,101.56651121446595,98.66647434438144,99.03827594328413,61646800
2018-10-26,99.41940307617188,101.08321033169534,97.37450418653276,98.23894019992701,55523100
2018-10-29,96.52865600585938,101.03673343692493,94.46516310923462,100.48833137258448,55162000
2018-10-30,96.4171142578125,97.02128406168849,93.05231904779224,96.35204949009379,65350900
2018-10-31,99.27997589111328,100.51621362859484,97.96008648749282,98.0065643630332,51062400
2018-11-01,98.45272064208984,99.75402314877991,98.09021590621929,99.50306105914957,33384200
2018-11-02,98.67578887939453,99.75400590724453,97.57897786795421,98.97322879309732,37680200
2018-11-05,99.93061828613281,100.14439946741327,98.43412165106052,98.87098809740833,27922100
2018-11-06,100.12578582763672,101.16682175374811,98.78730296089307,99.80975199897763,24340200
2018-11-07,104.06686401367188,104.32712299122954,101.68734525711577,101.72452612412762,37901700
2018-11-08,103.87169647216797,104.29926591538782,103.09091933886052,103.9181743407574,25644100
2018-11-09,101.84537506103516,103.5928335434788,101.09248188422336,103.03513463133946,32039200
2018-11-12,99.33573913574219,102.20789280152768,98.62001964873176,101.70596158884601,33621800
2018-11-13,99.40080261230469,101.07389954139273,99.12194957835973,99.9677985808728,35374600
2018-11-14,97.9911880493164,101.0624569322997,97.52442999030065,100.91309093477652,39495100
2018-11-15,100.1476058959961,100.63303825557124,97.00166120259762,98.00985317601787,38505200
2018-11-16,101.0904541015625,101.64122515347289,99.6995171786206,99.96090053357212,33502100
2018-11-19,97.66446685791016,101.34251582212343,96.66560481442251,101.07179527098859,44773900
2018-11-20,94.94792938232422,96.1241617579929,92.74483063774748,95.03194954166787,64052500
2018-11-21,96.25485229492188,97.48709334722085,95.44269066779817,96.7122732213381,28130600
2018-11-23,96.21749877929688,96.90829866058864,95.21863689285635,95.37733291169216,13823100
2018-11-26,99.39146423339844,99.54082311177488,97.62711930446403,97.82315683854976,32336200
2018-11-27,100.01689147949219,100.1942617769649,98.35523434157209,99.20473009450563,29124500
2018-11-28,103.7322998046875,103.92833730874432,100.68903567041099,100.7170400106817,46788500
2018-11-29,102.86414337158203,103.73231364663113,101.7812612555368,102.99483505839262,28123200
2018-11-30,103.51758575439453,103.59226874160974,102.08930745417148,103.3402154402988,33665600
2018-12-03,104.63784790039062,105.87942639848981,103.36827217252636,105.48735122714211,34732800
2018-12-04,101.30516052246094,105.15124928496128,101.01577282059615,104.49779088650456,45197000
2018-12-06,101.93063354492188,101.9773050804278,98.01919848806772,98.78468146756418,49107400
2018-12-07,97.85115051269531,102.17332719115926,97.36572530820258,101.17446531850509,45044900
2018-12-10,100.43700408935547,100.80108195811455,96.98299701369645,97.83250017052869,40801500
2018-12-11,101.37051391601562,103.57361256949602,100.2969760560072,102.50007470948759,42381900
2018-12-12,101.82794189453125,103.87233739071253,101.7906003944059,103.51760382276616,36183000
2018-12-13,102.17335510253906,103.49895364732524,101.40787202954394,102.29471677843704,31333400
2018-12-14,98.9806900024414,101.99594950126463,98.48592771366263,101.05309644553535,47043100
2018-12-17,96.04946899414062,98.7660042082008,94.94791973379084,98.40193350642238,56957300
2018-12-18,97.05767059326172,97.56177014470885,95.7040679674789,96.85229591058001,49319200
2018-12-19,96.7962875366211,99.77419907865527,94.61185613994752,96.75894603763425,68198200
2018-12-20,94.76121520996094,97.37505584853552,92.21271328713449,96.19883076614994,70334200
2018-12-21,91.69927215576172,96.15213997014261,90.98046090738043,94.87322059296945,111242100
2018-12-24,87.87186431884766,91.4565696990963,87.73184260733048,91.18584918655921,43935200
2018-12-26,93.87435913085938,93.99572075928221,87.71315545081991,88.81470452711191,51634800
2018-12-27,94.45317077636719,94.4625079327089,89.99096441493215,92.69816285878859,49498500
2018-12-28,93.71566772460938,95.60137397374957,92.9035062661585,95.30264202586375,38196300
2018-12-31,94.81725311279297,95.59207337404777,93.7623822265469,94.55586968060204,33173800
2019-01-02,94.39716339111328,94.98527604985091,92.36209773238227,92.93154320034118,35329300
2019-01-03,90.92448425292969,93.52899544733788,90.73777672947024,93.44497528124018,42579100
2019-01-04,95.1532974243164,95.69473847770364,92.35274909292929,93.09022767485408,44060600
2019-01-07,95.2746353149414,96.40418875666435,94.26644350456684,94.88256032634231,35656100
2019-01-08,95.96546936035156,97.05768161813776,94.94793298661722,96.1895112568341,31514400
2019-01-09,97.33772277832031,97.90716818175943,96.37620231347934,96.95498487233168,32280800
2019-01-10,96.71229553222656,96.85232441364309,95.57340440921374,96.35756187184747,30067600
2019-01-11,95.96546936035156,96.56291916574727,94.88258713671968,96.32954011294697,28314200
2019-01-14,95.26532745361328,96.03081042375756,94.52784882886306,95.12529860447991,28437100
2019-01-15,98.02852630615234,98.06586780429797,95.10661639517912,95.6947360882696,31587600
2019-01-16,98.37393951416016,99.19543836944841,97.98186439986189,98.26192212273993,29853900
2019-01-17,99.06475830078125,99.54084651456577,97.79517548636004,98.01921741768008,28393000
2019-01-18,100.54903411865234,100.72640448469052,98.86870914720116,100.3156550568816,37427600
2019-01-22,98.65399932861328,99.97959071772404,97.88851627496977,99.6528614488818,32371300
2019-01-23,99.6155014038086,99.92356342373857,98.33658179274825,99.06473032771797,25874300
2019-01-24,99.1394271850586,99.88624306619484,98.33660260559455,99.7555513553206,23164800
2019-01-25,100.04490661621094,100.70770211231319,99.13939496928647,100.11025245041365,31225600
2019-01-28,98.09386444091797,99.4007882846903,97.70178942443488,99.19541362210524,29476700
2019-01-29,96.09615325927734,97.99118987463487,95.37734184659234,97.90716971892232,31490500
2019-01-30,99.30743408203125,99.30743408203125,97.3937304673391,97.66445097444586,49471900
2019-01-31,97.48709106445312,98.22456967182605,96.32019588610918,96.89897845854644,55636400
2019-02-01,95.94678497314453,97.17902595765626,95.5453727595904,96.88030108632502,35535700
2019-02-04,98.70999145507812,98.76600726473622,95.93744746945329,96.03080477816253,31315100
2019-02-05,100.09159851074219,100.13827004297114,98.91536621726684,99.00871640388745,27325400
2019-02-06,98.9806900024414,99.88620156741139,98.51393205119183,99.88620156741139,20609800
2019-02-07,98.27123260498047,98.56995745960565,97.35639085363685,98.19655673294592,29760700
2019-02-08,98.6446304321289,98.74731775817665,97.3283766234031,97.44973113502242,21461100
2019-02-11,98.25257873535156,99.49415697405809,97.99119534239509,99.13941626462005,18914100
2019-02-12,99.78353881835938,100.01691785144978,98.4672847752542,99.08340171908816,25056600
2019-02-13,99.70886993408203,100.61438185021078,99.615519732063,100.35299843569194,18394900
2019-02-14,99.7928466796875,100.15691729466253,98.6352890095659,99.24206861975041,21784700
2019-02-15,101.02511596679688,101.09979896595313,100.22229153127412,100.73572824776988,26606900
2019-02-19,100.97843933105469,101.43586736841188,100.6143686055911,100.62370576121305,18038500
2019-02-20,100.45341491699219,101.1940429022667,99.64716202935554,101.11904097025912,21607700
2019-02-21,102.57219696044922,102.63782187813824,100.19093870739408,100.21906265032085,29063200
2019-02-22,104.0346908569336,104.25031250377266,102.95656116500119,103.17218996441927,27763200
2019-02-25,104.61595916748047,105.16908967178891,104.30658860507046,104.77534011775403,23750600
2019-02-26,105.33783721923828,106.16283728091841,104.22220636499816,104.30658535399307,21536700
2019-02-27,105.15969848632812,105.33782632600104,103.95031888805423,104.709701100158,21487100
2019-02-28,105.0284423828125,105.82531836904346,104.74719582139048,105.03781941396694,29083900
2019-03-01,105.49720764160156,105.9565820923151,104.69095451846677,105.83470928163845,23501200
2019-03-04,105.24406433105469,106.17219008269798,103.87531112737084,105.95656129566035,26608000
2019-03-05,104.71906280517578,105.36594204395344,104.27844248511364,105.23469222051725,19538300
2019-03-06,104.76595306396484,105.61908416868599,104.4659524106455,104.87845599117702,17687000
2019-03-07,103.49093627929688,104.57844298953216,103.00343795743277,104.43781613526671,25339000
2019-03-08,103.60345458984375,103.79095232167597,102.00032537916432,102.33782701852631,22818400
2019-03-11,105.77845764160156,105.89095341590478,104.04407864615618,104.05344852562827,26491600
2019-03-12,106.51908111572266,106.86595260795471,105.60970216648184,105.76907594143059,26132700
2019-03-13,107.34407043457031,107.81282183384792,106.66906727519797,106.99719182417655,35513800
2019-03-14,107.42845153808594,108.00032886683742,107.18470593925169,107.38158068565443,30763400
2019-03-15,108.66596984863281,109.92222036239326,107.4284590940678,108.13158630320892,54681100
2019-03-18,110.22222900390625,110.25972998275344,108.7972275706145,108.90972335457573,31207600
2019-03-19,110.29721069335938,111.03783879618774,109.67845538495375,110.7097070797174,37588700
2019-03-20,110.17534637451172,111.32847817984663,109.41597125427903,110.05347356280156,28113300
2019-03-21,112.70662689208984,113.26912733687394,109.77223753162112,109.81911554892864,29854400
2019-03-22,109.7347183227539,112.11596941654689,109.72534129094475,112.03159758800332,33624500
2019-03-25,110.30661010742188,110.63473473789476,109.0503523260079,109.27535105082066,27067100
2019-03-26,110.54095458984375,111.2909525112157,109.54719679397265,111.2065806955,26097700
2019-03-27,109.47220611572266,110.82221252665569,108.30032753750417,110.512834865387,22733400
2019-03-28,109.62222290039062,110.23160126325322,108.87221766108588,110.1003514192619,18334800
2019-03-29,110.56907653808594,110.92532500788148,109.6503206966639,110.69094932056323,25399800
2019-04-01,111.58159637451172,111.66597535815288,110.71909538940078,111.51597145504849,22789100
2019-04-02,111.740966796875,112.01284348123814,111.11283445244611,111.61908684892447,18142300
2019-04-03,112.47222900390625,112.90347949856297,111.70347687819995,112.36910310816445,22860700
2019-04-04,111.90032958984375,112.71595956294009,110.9815737413245,112.59407962694294,20112800
2019-04-05,112.39720916748047,112.7159638361207,111.90971086274557,111.92845777145209,15826200
2019-04-08,112.43470764160156,112.51907945777599,111.22532820838516,112.3222047341238,15116200
2019-04-09,111.82532501220703,112.06907772586725,111.16907595917365,111.21594680434562,17612000
2019-04-10,112.67848205566406,112.8284788085972,112.06910370653218,112.27535550032265,16477200
2019-04-11,112.80972290039062,113.29722124927135,112.42534328760176,113.00659764624126,14209100
2019-04-12,113.3909683227539,113.41909941678662,112.84722209863477,113.10034472429547,19745100
2019-04-15,113.48471069335938,113.98158600620528,113.03470622644367,113.38158481870323,15792600
2019-04-16,113.22222900390625,114.04723618396625,112.59410373914596,114.03785915167104,14071800
2019-04-17,114.15971374511719,114.2347156863512,113.00658929710423,113.66283840145479,19300900
2019-04-18,115.65972137451172,115.80034107045917,113.71909089207197,114.55346780006045,27991000
2019-04-22,116.0253677368164,116.2503664433392,114.90973693131684,114.95661494010822,15648700
2019-04-23,117.600341796875,117.731591603584,116.09096186714356,116.34408445077433,24025500
2019-04-24,117.19723510742188,117.98473408045493,116.7378535539067,117.92848619740379,31257000
2019-04-25,121.0784912109375,123.15974874862361,120.7784977280671,121.93162226484172,38033900
2019-04-26,121.77227020263672,122.36290169989837,120.95664712939822,121.5941423348809,23654900
2019-04-29,121.65975189208984,122.04411719828077,121.26600240186298,121.78161753812954,16324200
2019-04-30,122.43785858154297,122.53160026863276,121.30347401805557,121.69722343620701,24166500
2019-05-01,119.88786315917969,122.48474293418654,119.71911235828031,122.37224716863975,26821700
2019-05-02,118.3222427368164,120.00037382280425,117.67536343285236,119.98162691152949,27350200
2019-05-03,120.84410095214844,121.34097627427842,119.29722710855995,119.40035298514299,24911100
2019-05-06,120.14098358154297,120.52536318032503,118.22848407651986,118.49098372808857,24239800
2019-05-07,117.67536163330078,119.23161989075442,116.45661214684846,118.5566166539109,36017700
2019-05-08,117.66597747802734,118.47223045170574,116.95347335307416,117.60035256866183,28419000
2019-05-09,117.65663146972656,117.92850820952006,115.84725031719647,116.52225365012093,27235800
2019-05-10,119.18472290039062,119.93472796688297,116.08159106412089,117.10347278840226,30915100
2019-05-13,115.64096069335938,117.70347099765479,115.35033713493348,116.35346477321256,33944900
2019-05-14,116.93474578857422,118.01286845613316,115.96911174448408,116.12849268151946,25266300
2019-05-15,118.58143615722656,119.23070994419304,116.39837868202451,116.92532854090473,24722700
2019-05-16,121.3196792602539,121.74312872679907,118.99548126680494,119.26836438210482,30112200
2019-05-17,120.51044464111328,122.75937001525946,120.3692900462168,120.73626901996914,25770500
2019-05-20,118.76962280273438,120.0587513222741,118.33677604925599,119.05191041810473,23706900
2019-05-21,119.40950775146484,120.00231831892629,119.10839659638116,119.90822242903567,15293300
2019-05-22,120.13404846191406,120.67041008558014,119.05192783042168,119.14603089502997,15396500
2019-05-23,118.73198699951172,118.83549461566811,117.3769834273228,118.75080330287875,23603800
2019-05-24,118.78845977783203,119.8988084879173,118.53440016188009,119.41891730455738,14123400
2019-05-28,118.71318817138672,120.44457549822678,118.60968053999343,119.48478594600999,23128400
2019-05-29,117.56519317626953,117.98862824202146,116.71831586570991,117.97921649994422,22763100
2019-05-30,118.3085708618164,118.33679891090138,117.4146419594739,117.86631228200201,16829600
2019-05-31,116.37955474853516,117.26407177087881,116.04080385398036,116.8970928316203,26646800
2019-06-03,112.7662124633789,117.02882662186624,111.98521024919418,116.53951659130799,37983600
2019-06-04,115.89027404785156,116.00318624825564,113.52842907562757,114.12123966491845,29382600
2019-06-05,118.40265655517578,118.44029634373301,116.87827742435823,117.57459556502795,24926100
2019-06-06,120.27519226074219,120.41633967435168,118.18623064067764,118.97665184945737,21459000
2019-06-07,123.64386749267578,124.44370042199728,120.68921234431537,121.56432484941743,33885600
2019-06-10,124.7730484008789,126.1656846757307,124.20845875420623,124.58484227991391,26477100
2019-06-11,124.30255126953125,126.31623311327085,123.5309464417448,125.97748222562728,23913700
2019-06-12,123.72854614257812,124.18020916670162,122.9945883440867,123.64384765959167,17092500
2019-06-13,124.50959014892578,125.14944508150859,123.79444127355363,124.18964832452171,17200800
2019-06-14,124.63189697265625,125.89279760969426,123.86971098098569,124.45310976806952,17821700
2019-06-17,125.00824737548828,125.8362937101047,124.70712917518699,124.80123220230766,14517800
2019-06-18,127.18195343017578,127.25723301641315,125.68580934375441,126.2692081894529,25934500
2019-06-19,127.68065643310547,127.90648081302444,125.9116222138114,127.03138262461512,23744400
2019-06-20,128.86624145507812,129.53433856104968,127.70884875740857,129.3367279257853,33042600
2019-06-21,128.88510131835938,129.60023578679758,128.4052101516838,128.51812234193414,36727900
2019-06-24,129.6472930908203,130.23069191056948,128.91333510529319,128.91333510529319,20628800
2019-06-25,125.55403137207031,129.46848283703852,124.89535308664533,129.14855543527634,33327400
2019-06-26,126.02452850341797,127.72770198486519,125.7140199955671,126.41974986599556,23657700
2019-06-27,126.23152160644531,126.75847854475045,125.6292994636336,126.22211704540909,16557500
2019-06-28,126.05277252197266,126.65499477812611,125.29999111225307,126.62676673159635,30043000
2019-07-01,127.67118835449219,128.63098467393135,127.00310567698229,128.5651240411839,22613500
2019-07-02,128.51809692382812,128.52750148511842,127.35128520893545,128.0852430166249,15237800
2019-07-03,129.34617614746094,129.60964748209716,128.24522492145348,128.72513041948517,13629300
2019-07-05,128.96978759765625,129.22385438804022,127.70888692526633,127.91590218289595,18141100
2019-07-08,128.87571716308594,129.00745285860933,127.3795586147893,128.3487600228785,16779700
2019-07-09,128.4051971435547,128.88508826161473,127.78415144386977,127.97234319459272,19953100
2019-07-10,129.713134765625,130.40004104050394,128.93212544679722,129.0356330518975,24204400
2019-07-11,130.230712890625,131.0023179709577,129.73199813699128,130.04252108214118,22327900
2019-07-12,130.70120239257812,130.91763661718286,129.8637366224759,130.65416520803487,18936800
2019-07-15,130.70120239257812,131.30342480750426,130.28718614828477,131.2093360803028,16651500
2019-07-16,128.98861694335938,130.8423354248371,128.46167421203603,130.75765127689854,22726100
2019-07-17,128.22637939453125,129.78838347555472,128.17932787853684,129.57196373170868,20211000
2019-07-18,128.3675537109375,128.55574546683906,126.72085072010519,127.54891167580483,30381800
2019-07-19,128.5557403564453,132.3666842839282,128.39577665238238,131.94324926045456,48992400
2019-07-22,130.2589111328125,130.97405994274186,129.2238492439794,129.2991288217673,25074900
2019-07-23,131.06817626953125,131.72686912446966,129.88255497524796,131.51043490842332,18034600
2019-07-24,132.41372680664062,132.4325502876357,130.65411182348933,130.70114898881346,20738300
2019-07-25,131.9150390625,132.31024609508248,131.09639694915856,132.1408634479117,18356900
2019-07-26,132.9971466064453,133.31707404360185,132.01854081099262,132.08440146776655,19037600
2019-07-29,132.70542907714844,133.1570921242279,131.14341035661647,133.1476875625775,16605900
2019-07-30,132.06556701660156,132.88420893649075,131.54802899214516,131.86795636795145,16846500
2019-07-31,128.22637939453125,132.1972861282637,127.10661936115599,132.04672702032434,38598800
2019-08-01,129.91078186035156,132.62078977505556,128.84747735196285,128.9133523801103,40557500
2019-08-02,128.8192138671875,130.15540832735604,127.27601853091214,129.9389741727862,30791600
2019-08-05,124.40608215332031,126.02454296577254,123.06048291306709,125.43173957009901,42749600
2019-08-06,126.73970031738281,127.6712547263777,125.34706380703078,125.90223462667005,32696700
2019-08-07,127.29487609863281,127.6430316502626,124.0485208500374,125.89282061112472,33414500
2019-08-08,130.6917724609375,130.78587552798916,127.90648535868692,128.53695006333118,27496500
2019-08-09,129.58143615722656,131.15285980519363,128.40521956221116,130.42830636239256,23466700
2019-08-12,127.77471923828125,129.72254026892156,127.25719556712986,128.9791779055179,20484300
2019-08-13,130.41891479492188,130.60710659725527,127.03140492046384,128.01942983035696,25154600
2019-08-14,126.49136352539062,129.2670384726993,126.19869286464656,128.73834122672042,32527300
2019-08-15,126.20816802978516,127.05787264469028,124.85810245681584,126.87849007912395,28074400
2019-08-16,128.52122497558594,128.83278185540715,127.19003132705593,127.34109182743995,24449100
2019-08-19,130.67381286621094,130.8059872290479,129.23876663689148,130.145115414863,24355700
2019-08-20,129.58807373046875,130.95703989916174,129.56920196971416,130.4849865736605,21170800
2019-08-21,131.03253173828125,131.69341779759466,130.2866939592937,130.80595540335926,14970300
2019-08-22,130.0790252685547,131.4196551084157,128.67230104215923,130.90984380827018,18697000
2019-08-23,125.93436431884766,130.61713885506643,125.37734494631088,129.52197186755822,38508600
2019-08-26,127.87918090820312,127.98303316562722,126.41581342847003,127.44490012691496,20312600
2019-08-27,128.15306091308594,129.07828153400453,127.13342385075823,128.76672456446607,23102100
2019-08-28,127.98310852050781,128.17192698902087,126.08545914217392,127.3411228463782,17393300
2019-08-29,130.3999786376953,130.70209961740304,129.25761789723836,129.5786106337369,20168700
2019-08-30,130.1544952392578,131.40070806556855,128.65336967800576,131.3723860290105,23940100
2019-09-03,128.4362335205078,129.5314004462953,128.1152407889249,128.97438110515063,18869300
2019-09-04,129.9373779296875,129.9940220128763,128.85164684685714,129.62582106622773,17995900
2019-09-05,132.22216796875,132.5337249597169,131.0042620580679,131.33470521980084,26101800
2019-09-06,131.32522583007812,132.3448482188125,130.475521298236,132.20323799980014,20824500
2019-09-09,129.83352661132812,131.9388800191201,128.83277605172984,131.78781952554107,25773900
2019-09-10,128.47402954101562,129.23875359209347,126.9917752447399,129.1537874544012,28903400
2019-09-11,128.5117950439453,128.65341968770628,127.53936632833629,128.31354071097428,24726100
2019-09-12,129.83352661132812,130.6832166773474,129.21984875838393,130.14508347711427,27010000
2019-09-13,129.64471435546875,130.34334396109406,128.9366344648449,130.07899528773493,23363100
2019-09-16,128.7100372314453,129.05935201666531,128.077487623056,128.23798399480359,16731400
2019-09-17,129.71080017089844,129.8335386340373,128.8044515314171,129.3048412634744,17814200
2019-09-18,130.7776336669922,130.91924387664923,128.89885658531944,129.68246669257223,23982100
2019-09-19,133.18508911132812,134.41241583608158,132.24098276556725,132.45812319143477,35772100
2019-09-20,131.64622497558594,133.73269246838157,130.52273583057755,133.12846482811528,39167300
2019-09-23,131.3629913330078,131.82560875167962,130.7021195962791,131.4479574693179,17139300
2019-09-24,129.70138549804688,132.82637642893943,129.22933213915857,132.51481948336212,29773200
2019-09-25,131.57069396972656,132.1371636818382,128.42681731994574,129.81465514928834,21382000
2019-09-26,131.74061584472656,132.34484343387115,130.70210732903035,131.64621383743895,17456600
2019-09-27,130.0317840576172,132.5147887595768,129.01214731011197,132.31652005620552,22477700
2019-09-30,131.25914001464844,131.43852257437396,130.07900675953152,130.33391957629536,17280900
2019-10-01,129.40870666503906,132.41095892584008,129.34261228406484,131.85393945444736,21466600
2019-10-02,127.12399291992188,128.74785799912132,126.1138059914722,128.63456977692135,30521700
2019-10-03,128.662841796875,129.10657303583397,125.77387800683437,127.40717833406802,24132900
2019-10-04,130.3999786376953,130.52271708644173,128.79500054928135,129.10655740738449,22897700
2019-10-07,129.4559326171875,130.45668361927454,129.3615305714013,129.4748187887159,15303700
2019-10-08,128.08692932128906,130.06010848268178,128.03972111429567,129.41812296652273,25550500
2019-10-09,130.51327514648438,130.94755602724297,129.31425597357858,129.77687330004977,19749900
2019-10-10,131.32522583007812,131.8633590682478,130.52272950654768,130.74932026289008,17654600
2019-10-11,131.87281799316406,133.14736781070172,131.70288570065244,132.28822724942597,25446000
2019-10-14,131.75006103515625,132.4486906045742,131.7217389934729,131.88223536498572,13304300
2019-10-15,133.65719604492188,133.86488627108216,131.99555898823667,132.2315856696135,19695700
2019-10-16,132.56201171875,133.10959527775475,131.73119329737403,132.9207624322249,20751600
2019-10-17,131.88221740722656,133.51551734756112,131.24966788589376,133.07178621371398,21460600
2019-10-18,129.72967529296875,132.1749076266404,128.92717902000976,131.9483168845772,32273500
2019-10-21,130.69265747070312,130.75875184135003,129.35202795309812,130.71154363459112,20078200
2019-10-22,128.74778747558594,132.1843342572075,128.64393519347976,131.20246992213876,27431000
2019-10-23,129.56918334960938,129.76743765051162,128.03028511973127,129.22930442785477,29844600
2019-10-24,132.11825561523438,132.5714226662481,130.9192364200497,131.59899419953072,37029300
2019-10-25,132.86412048339844,133.25120765468353,131.4196385085285,131.5518128589766,25959700
2019-10-28,136.1306915283203,137.5279648374093,135.48869174462922,136.32894578666557,35280100
2019-10-29,134.84669494628906,136.42335062620006,134.67674833332447,136.02682773717314,20589500
2019-10-30,136.52728271484375,136.89548378464818,134.8090014518056,135.4982097769194,18496600
2019-10-31,135.35655212402344,136.82935604426177,134.9978014293005,136.80103400009742,24605100
2019-11-01,135.68701171875,136.34788350634045,134.97893171649068,136.1968229817699,33128400
2019-11-04,136.47064208984375,136.89548727260788,136.10244101065794,136.73499084382706,16912000
2019-11-05,136.3856658935547,136.9143633625978,135.86640430577106,136.86715514444919,18250200
2019-11-06,136.00802612304688,136.44232159865925,135.19609368197519,136.3006969321669,16575800
2019-11-07,136.1968231201172,136.78217905194148,135.73422007129622,135.80030004716014,17786700
2019-11-08,137.80177307128906,137.8300951101143,135.72472751797048,135.93243207330235,16732700
2019-11-11,137.94342041015625,138.23609116077284,136.64054864968358,137.21645427074083,14362600
2019-11-12,138.8497772216797,139.32183056466886,137.8962202490497,138.1039248724389,18641600
2019-11-13,139.0763397216797,139.21796435399204,138.10391108467948,138.53820645547805,16919200
2019-11-14,139.78443908691406,140.1148822022975,138.7836882655932,138.80257443371022,19729800
2019-11-15,141.58766174316406,141.60654790799413,139.98268347475755,140.605782854921,23485700
2019-11-18,141.93699645996094,142.13526520366733,140.65301078403232,141.6820980256704,21534000
2019-11-19,141.98422241210938,142.87168511741035,141.8048398134728,142.44683993459705,23935700
2019-11-20,141.7378692626953,142.89359964074345,140.63899016884636,142.39152170904367,25696800
2019-11-21,141.6052703857422,141.9084194690082,140.67690161439177,141.52948311492568,18576100
2019-11-22,141.70947265625,142.38207563417407,140.98004729526477,142.1641962701748,15901800
2019-11-25,143.26309204101562,143.37678018506864,142.02210608510487,142.09789336282512,22420900
2019-11-26,144.0209503173828,144.39040426181063,143.34836171711572,143.3862481284912,24620100
2019-11-27,144.29563903808594,144.466149522101,143.53778093649,144.30510702443976,15184400
2019-11-29,143.4051971435547,144.27672914602388,143.3104594336351,144.0872681811297,11977300
2019-12-02,141.67161560058594,143.83150262190924,140.50641681525414,143.81255218700036,27418400
2019-12-03,141.44418334960938,141.5578569925941,138.92431159389267,139.72007045960382,24066000
2019-12-04,141.95571899414062,142.2683214580472,141.33995314007802,142.23043506861325,17574700
2019-12-05,142.03150939941406,142.4009776306655,141.60521880442832,142.14519749169858,17869100
2019-12-06,143.75570678710938,143.86938047990867,142.35367824111742,143.03574930780448,16403500
2019-12-09,143.38619995117188,144.1914268580623,142.95990930544062,143.11148380990429,16687400
2019-12-10,143.16831970214844,143.88827691124754,142.8178018559934,143.31987975068387,16476100
2019-12-11,143.70828247070312,143.86932495833503,142.4104601289437,143.55670796883544,18856600
2019-12-12,145.16717529296875,145.356636210502,143.06412586198456,143.66092702946716,24612100
2019-12-13,146.38917541503906,146.73021076684506,144.77873631954225,144.93977878359811,23845400
2019-12-16,147.33651733398438,147.6870207251298,146.6639289642221,146.93864510364466,24144200
2019-12-17,146.54080200195312,147.50707158481424,146.31344020159077,147.26075935401926,25425600
2019-12-18,146.23765563964844,147.289180496491,146.05766268456694,146.1713508143225,24129200
2019-12-19,147.50706481933594,147.56390165308392,145.6503130055619,145.8871427828067,24958900
2019-12-20,149.11752319335938,150.14062969449932,148.05651582831925,149.06068635245342,53477500
2019-12-23,149.11752319335938,149.79011175067217,148.9848990795974,149.79011175067217,17718200
2019-12-24,149.08909606933594,149.40171313101288,148.84278383319707,149.18381931366798,8989200
2019-12-26,150.31114196777344,150.3679788093413,149.1080424864569,149.25961703393423,14520600
2019-12-27,150.58584594726562,151.14476073019574,149.8848246306629,151.05002304108064,18412800
2019-12-30,149.28802490234375,150.64269883538293,148.47332983592014,150.61428041660776,16348400
2019-12-31,149.39224243164062,149.4585617173354,148.20809337232998,148.51124246988692,18369400
2020-01-02,152.1583709716797,152.26257663838246,149.9890168529734,150.41530750587003,22622100
2020-01-03,150.2637176513672,151.52365350919996,149.7332213859511,149.9795335484222,21116200
2020-01-06,150.65216064453125,150.718479922249,148.26491238072057,148.80489122518964,20813700
2020-01-07,149.27854919433594,151.25844269298102,149.03225142604057,150.92688967276914,21634100
2020-01-08,151.6562957763672,152.32889862891633,149.62903368740584,150.55740226330082,27746500
2020-01-09,153.55091857910156,153.67407466292312,152.54676284777327,153.3140888517151,21385000
2020-01-10,152.84046936035156,154.6214340015497,152.68889482600636,154.24251212062987,20725900
2020-01-13,154.67828369140625,154.70670211208954,152.76469478737948,153.23835440536027,21626500
2020-01-14,153.5888671875,154.98142757393325,153.20046284462947,154.7824841808954,23477400
2020-01-15,154.58351135253906,155.3034830617299,154.00566062481232,154.05301501204548,21417900
2020-01-16,157.41600036621094,157.4823196362133,155.3887382345589,155.69188726038482,23865400
2020-01-17,158.29702758789062,158.64753102974288,156.7149919685834,158.60016218369577,34371700
2020-01-21,157.7286834716797,159.3296556046943,157.6623641738875,157.8991940289501,29517200
2020-01-22,156.97076416015625,158.66647335945913,156.95181373171633,158.58120365895033,24138800
2020-01-23,157.9370574951172,158.0128447653816,156.56344755206595,157.43497947769117,19680800
2020-01-24,156.34556579589844,158.70439597949334,155.78665089637408,158.68544554672874,24918100
2020-01-27,153.73094177246094,154.77299856024104,151.76051631780365,152.66046656819069,32078100
2020-01-28,156.74342346191406,157.0276076258131,154.4793314082179,155.15191986936853,24899900
2020-01-29,159.1875457763672,159.86014891122215,156.96135385709016,158.99808478716548,34754500
2020-01-30,163.67776489257812,164.88086399079006,161.79259500285548,164.88086399079006,51597500
2020-01-31,161.2620849609375,163.31776514579536,160.6463334859347,163.13778670513477,36142700
2020-02-03,165.19351196289062,165.30718563115278,161.4231714761802,161.45158989324574,30107000
2020-02-04,170.63111877441406,171.1237287743186,167.0218351658526,167.80811178619967,36433300
2020-02-05,170.42271423339844,174.4961895872338,169.01121791022703,174.33514706166798,39186300
2020-02-06,173.95623779296875,174.13623076252514,170.57430114590088,171.43636512906852,27751400
2020-02-07,174.20249938964844,175.85083973913436,172.86677606101028,173.21729393859556,33529100
2020-02-10,178.7591552734375,178.89177940187994,173.59626779878744,173.90888491331873,35844300
2020-02-11,174.7235107421875,180.6537222092398,173.83302860981544,180.60635337040168,53159900
2020-02-12,174.9792938232422,176.05923687401918,172.26996098288024,175.80345670398398,47062900
2020-02-13,174.03201293945312,176.41924686578838,173.23625384239782,173.43519723039753,35295800
2020-02-14,175.58560180664062,175.64243864012167,173.0278286604553,173.59622590515036,23149500
2020-02-18,177.3665771484375,177.81181834735847,175.7277189116326,175.8319246061661,27792200
2020-02-19,177.8985137939453,178.75342396936063,177.1290917371865,178.63943981115193,29997500
2020-02-20,175.18173217773438,177.8699689619911,172.02805054552056,177.5849941502172,36862400
2020-02-21,169.6437530517578,174.30779619985316,168.37088216034863,173.99432539923703,48572600
2020-02-24,162.32952880859375,165.80619024009897,155.05324119911742,159.36582502799183,68311100
2020-02-25,159.6508331298828,166.08169133903291,159.2518595430359,165.47375160376006,68073300
2020-02-26,161.6456298828125,164.58083826118965,159.78382076998352,161.20868089476,56206100
2020-02-27,150.25621032714844,158.66288904796488,150.06623191703775,155.1387438829772,93174900
2020-02-28,153.8943634033203,155.50921622258826,144.38580353335962,144.7752687189207,97012700
2020-03-02,164.13436889648438,164.25786140312832,154.17935094628967,157.02907098692916,71030800
2020-03-03,156.2691650390625,166.233692754148,154.13187470365204,165.09380747414795,71677000
2020-03-04,162.00657653808594,162.14905673296266,157.32352937599967,160.04977122484704,49814400
2020-03-05,157.9409637451172,162.31052511256803,157.39001621509487,157.73198314771483,47817300
2020-03-06,153.47637939453125,154.9392288290384,148.1853939481626,154.4642756433071,72821100
2020-03-09,143.07493591308594,149.84777500974567,142.48599842448084,143.43590508064403,70419300
2020-03-10,152.85899353027344,152.96348385327482,144.93677465901976,150.23725610009342,65354400
2020-03-11,145.9341583251953,149.8002707223912,143.5783794771565,149.25883148736696,56371600
2020-03-12,132.09402465820312,145.7821838160187,131.6380734962404,138.0214477414232,93226400
2020-03-13,150.8736572265625,153.79937110403267,133.6803430845326,140.11121440764762,92727400
2020-03-16,128.63633728027344,141.86854244359614,128.23737828715525,132.98691081630918,87905900
2020-03-17,139.2278289794922,140.1112352341527,128.23740173973297,132.98693513750086,81059800
2020-03-18,133.36688232421875,138.68636514109926,128.25639461563904,131.08711225665544,81593200
2020-03-19,135.56121826171875,142.62851332778473,132.0370573323498,135.6182103558471,85922700
2020-03-20,130.46971130371094,139.73130306696476,129.0543448829221,138.68639973692893,84866200
2020-03-23,129.1682891845703,133.52837128420802,125.881620623842,130.14669177586433,78975200
2020-03-24,140.90916442871094,142.10605621534557,134.1933312141267,136.54909590592504,82516700
2020-03-25,139.5602569580078,146.59906738567054,137.20449296873716,141.45057605299218,75638200
2020-03-26,148.2899169921875,148.81236851080732,140.93763483465182,140.96613087253797,64568100
2020-03-27,142.20108032226562,147.13110015585542,141.7261268044929,144.14839264402,57042300
2020-03-30,152.20350646972656,152.55498171253677,142.49546138832392,144.8037415996008,63420300
2020-03-31,149.8097686767578,156.52560046154846,148.71736744542542,151.41509857414286,77927200
2020-04-01,144.4902801513672,149.8477523004297,143.26490712816815,145.33569636745324,57969900
2020-04-02,147.48248291015625,147.69146350670735,142.8279467020778,144.25280649978632,49630700
2020-04-03,146.12413024902344,149.49630149094543,144.56628404497476,147.33051565835152,41243300
2020-04-06,156.99105834960938,158.15943933853654,149.68627471810913,152.28902386275382,67111700
2020-04-07,155.3002166748047,161.48410268308842,155.08172774695498,161.09463754501482,62769000
2020-04-08,156.85806274414062,158.32091235571306,155.3097105330273,157.37100586927252,48318200
2020-04-09,156.86756896972656,158.98585654320863,155.1482404127014,158.02645613418778,51385100
2020-04-13,157.21905517578125,157.2760617539971,154.16986273762387,156.11717440218635,41905300
2020-04-14,164.99879455566406,165.04629279060418,159.58432914429642,160.5342358653934,52874300
2020-04-15,163.26995849609375,164.87530304245226,160.76220553744395,162.62401444151914,40940800
2020-04-16,168.17144775390625,168.39943054189166,164.23883525130512,165.56871310625135,50479600
2020-04-17,169.65335083007812,170.9832144782494,167.06009497450415,170.5082611046987,52765600
2020-04-20,166.29063415527344,169.795791556013,166.22414823554044,167.781994358711,36669600
2020-04-21,159.41334533691406,164.97029069532127,157.7889985432716,164.8088082997189,56203700
2020-04-22,164.8278045654297,165.28375569511513,162.26305953111464,162.8044987799114,34620200
2020-04-23,162.8330078125,166.29066768522947,162.34856060445543,165.38825920227922,32790800
2020-04-24,165.80621337890625,165.8157072276836,162.15857521767563,163.4409405350451,34277600
2020-04-27,165.33123779296875,168.03846276162992,164.61880788104367,167.74399405047532,33194400
2020-04-28,161.3036651611328,166.87011937399518,160.9047060598675,166.79412509359793,34392700
2020-04-29,168.54185485839844,168.7793314150908,163.26988689536248,164.54275776057318,51286600
2020-04-30,170.23277282714844,171.36314953679909,167.40204064561368,170.98319268415977,53875900
2020-05-01,165.8251953125,169.69130747870238,165.29323546301947,166.99357632410124,39370500
2020-05-04,169.88128662109375,170.03327515016903,165.09376391061315,165.74920175962944,30372900
2020-05-05,171.70513916015625,174.45036909184662,170.88821877419855,171.57215279474113,36839200
2020-05-06,173.39593505859375,174.97278340842882,172.53153111485707,172.95898616297717,32139300
2020-05-07,174.40283203125,175.3052402702839,173.43392338262575,174.9442711769014,28316000
2020-05-08,175.4287872314453,175.73276437579918,174.1749177470557,175.71376218067005,30877800
2020-05-11,177.38552856445312,178.11694606558416,173.69039320218363,173.9753535301975,30892700
2020-05-12,173.36749267578125,177.6705695144671,173.1680203556565,177.44260114861027,32038200
2020-05-13,170.74574279785156,174.83034482903608,167.69653567270362,173.40548466660616,44711500
2020-05-14,171.4866485595703,171.63863710417746,166.87959545034084,168.64642242172906,41873900
2020-05-15,173.9849090576172,177.6895392707551,168.13348049505922,170.0902859150462,46610400
2020-05-18,175.64720153808594,176.8725744558551,174.74479332801755,176.44511946102503,35264500
2020-05-19,174.43136596679688,177.25258992843055,174.29837961314254,175.76122950334033,26799100
2020-05-20,176.85081481933594,177.0318020320773,175.2124241516012,176.04113977332156,31261300
2020-05-21,174.72662353515625,177.8128975506415,174.59326682345701,176.6031523221469,29119500
2020-05-22,174.8028106689453,175.70774668839837,173.87883407471736,174.4980015898584,20826900
2020-05-26,172.95492553710938,177.65100133015423,172.5072247999281,177.49858947605117,36073600
2020-05-27,173.18348693847656,173.35495386661088,168.22069886726882,171.6498775472554,39517100
2020-05-28,172.7929229736328,175.41244091280458,171.82133042124315,172.16424971467177,33810200
2020-05-29,174.55520629882812,175.52681369967453,171.84996129665396,174.05987504067974,42130400
2020-06-01,174.1551513671875,174.31708352574083,172.85015927280153,173.8789030406939,22622400
2020-06-02,176.1363983154297,176.2221245092737,172.7453154342231,175.50771049099285,30794600
2020-06-03,176.56504821777344,177.1175301498481,174.86950673493328,176.05067650710572,27311000
2020-06-04,174.2408447265625,177.0222953752069,173.65026702031676,175.5553713989603,28761800
2020-06-05,178.3177490234375,178.82260047028618,173.37400133185187,173.95505869036717,39893600
2020-06-08,179.42269897460938,179.60368618388102,175.6886968023401,177.11752483159168,33211600
2020-06-09,180.79441833496094,181.6517095383522,178.37492750218286,179.0798213933847,29783900
2020-06-10,187.50035095214844,189.10064603035806,181.9469704923257,182.0612866274209,43872300
2020-06-11,177.43186950683594,186.47157890859128,177.24136200907282,183.9663769701649,52854700
2020-06-12,178.8321533203125,182.62330696543887,176.39360750554295,181.49928782354135,43373600
2020-06-15,179.97520446777344,181.7660071501727,175.27911483833037,175.8220765372761,32770200
2020-06-16,184.38552856445312,186.30015317328437,182.37564292571702,183.7377855376434,42556700
2020-06-17,185.02371215820312,187.0050221314009,184.49980563299377,185.7762218691107,25687800
2020-06-18,187.00506591796875,187.166998057351,184.7951377068354,184.7951377068354,23061600
2020-06-19,185.8905792236328,189.83414524257645,185.14758957765756,189.1673615262903,44441100
2020-06-22,191.05337524414062,191.2343479278254,185.96673615488078,186.5001629873626,32818900
2020-06-23,192.3297576904297,194.2729571718611,191.8725223132082,192.50121005579635,30917400
2020-06-24,188.45294189453125,193.60625328078626,187.2336761239844,192.03454781345783,36740600
2020-06-25,190.83432006835938,191.09151325340733,186.19539512120477,188.41484367523898,27803900
2020-06-26,187.0145721435547,190.4056555951069,185.63337438286644,190.2532437572232,54675800
2020-06-29,189.02442932128906,189.11015551662007,184.36645042269134,186.49063740415164,26701600
2020-06-30,193.8538818359375,194.7016526637686,188.35766642321764,188.49102314215313,34310300
2020-07-01,194.9874267578125,196.5591465629425,192.1964558697461,193.50144769462975,32061200
2020-07-02,196.47341918945312,198.14992042899772,195.2732086032467,195.92093714776627,29315800
2020-07-06,200.70277404785156,201.11237910993444,198.21661187247753,198.9215058327995,31897600
2020-07-07,198.3689727783203,204.4843554530496,198.12131446740048,200.46458446974043,33600700
2020-07-08,202.73165893554688,203.1412493492164,198.7880939445461,200.1026204531434,33600000
2020-07-09,204.15097045898438,206.11322543452593,201.43619119450554,206.06559492317183,33121700
2020-07-10,203.5318145751953,203.9223644420307,201.0647080140899,203.48418406110454,26177600
2020-07-13,197.2449951171875,205.56077192573022,196.70203337523782,204.30339601897944,38135600
2020-07-14,198.46421813964844,198.9404941471496,192.4440824281345,196.3495515035601,37591800
2020-07-15,198.1689453125,201.30285006378293,195.30176853848567,199.61682866793632,32179400
2020-07-16,194.24441528320312,195.93995679553132,192.7108058776938,195.65418826917232,29940700
2020-07-17,193.25379943847656,195.3113011914256,191.8344913952592,194.76835398301196,31635300
2020-07-20,201.55999755859375,202.22678101374024,193.37756529718806,195.27314890198016,36884800
2020-07-21,198.84524536132812,203.78899294881228,198.15940670556205,203.52227953099117,37990400
2020-07-22,201.70291137695312,202.22681794982566,198.50233567288583,199.27390056439273,49605700
2020-07-23,192.92991638183594,200.91230847679552,192.55842160486344,197.35929283705426,67457000
2020-07-24,191.748779296875,193.2347585469078,188.13859797051586,190.91052862873565,39827000
2020-07-27,194.17776489257812,194.2920665013878,191.32962868313254,191.91068608590263,30160900
2020-07-28,192.4345703125,194.98740284441632,192.16785689975623,193.94912459232157,23251400
2020-07-29,194.37779235839844,194.93979464709193,192.42505751425415,192.8918133073751,19632600
2020-07-30,194.22535705566406,194.75879841254388,190.10081947244336,191.4629619263642,25079600
2020-07-31,195.2827606201172,195.36850138182842,189.56744626903253,194.7017030796984,51044000
2020-08-03,206.265625,207.3134381221961,200.455065920416,201.48382393090174,78983000
2020-08-04,203.1697998046875,204.57958716117938,200.3311990524679,204.00805017505678,49280100
2020-08-05,202.83645629882812,204.79871139406026,201.53146450991576,204.70345036554147,28806400
2020-08-06,206.0846710205078,206.10371159915528,201.5124176259521,202.26492745672695,32656800
2020-08-07,202.3982696533203,205.46548863137218,200.92181096572025,204.6558280531857,27820400
2020-08-10,198.3689727783203,201.82674151677793,196.55912962091006,201.6266991825336,36716500
2020-08-11,193.73007202148438,197.79745947005014,193.50145425985625,197.33071819206666,36446500
2020-08-12,199.26437377929688,200.30265206772674,195.03504017950794,195.5494119121457,28013100
2020-08-13,198.797607421875,201.32187904342692,198.27370089402152,199.50250116251334,22588900
2020-08-14,198.98812866210938,199.6453919392723,197.6640818192709,198.85477194897427,17958900
2020-08-17,200.3026580810547,201.1694839962256,199.00718662001864,199.65492961793257,20184800
2020-08-18,201.45521545410156,202.28393099254194,199.28339818903848,200.54075919443804,21336200
2020-08-19,200.23301696777344,202.52467686717384,199.80333528973762,201.9422149485262,27627600
2020-08-20,204.8927459716797,205.29378324171398,199.47872097132446,200.08026959141188,26981500
2020-08-21,203.40313720703125,206.48731357999966,203.24081366844612,204.20521159883737,36249300
2020-08-24,204.04290771484375,205.79029360312026,202.83978144131711,205.09323916626136,25460100
2020-08-25,206.69741821289062,206.83109730111778,203.47956222275502,203.47956222275502,23043700
2020-08-26,211.1661376953125,212.06370355764227,207.54724433690507,208.04377292307376,39600800
2020-08-27,216.3509979248047,220.71467669554357,209.49513302411248,212.82758145339662,57602200
2020-08-28,218.5758056640625,220.2277003121461,216.35099233448315,217.8787512019263,26292900
2020-08-31,215.34841918945312,218.37530740038187,214.18349507421502,216.7520570238805,28774200
2020-09-01,217.00982666015625,217.18169350856164,214.2980283025981,215.32927310280877,25725500
2020-09-02,221.1920928955078,222.3474735322865,217.08622920281584,217.67823447442825,34080800
2020-09-03,207.48995971679688,218.95776110393626,205.2556028872172,218.9195733210918,58400300
2020-09-04,204.57766723632812,208.5021215523403,195.92668396583133,205.3892997487849,59664100
2020-09-08,193.5108642578125,200.54813899842011,193.07162466856798,197.17750294657407,52924300
2020-09-09,201.75128173828125,205.14101948557266,197.3685013238326,198.2278794601493,45679000
2020-09-10,196.09849548339844,205.04549349225732,194.8953838654287,203.76597718370772,35461500
2020-09-11,194.8190460205078,199.2113844321981,192.15500723376067,197.84593433524395,33620100
2020-09-14,196.13674926757812,199.75564294186492,194.81904483808273,195.01957077863054,30375800
2020-09-15,199.35458374023438,200.3094385390936,197.58809653437365,199.01083542984793,21823900
2020-09-16,195.79295349121094,201.1401309147392,195.40145957874148,201.11148644016103,26328100
2020-09-17,193.74960327148438,195.10549542521738,190.9327843465496,191.01871778722526,34011300
2020-09-18,191.34335327148438,194.4561746821562,187.3902549723177,193.6445568420673,55225300
2020-09-21,193.39627075195312,193.55860887771348,187.5143766837805,188.28780668448618,39839700
2020-09-22,198.05599975585938,198.70530865814536,192.95707813436695,195.80254163015394,33517100
2020-09-23,191.53431701660156,198.70528574638803,190.99960067045066,198.51430313425325,30803800
2020-09-24,194.01695251464844,196.28951164051597,190.2070765512696,190.82774092401178,31202500
2020-09-25,198.43792724609375,199.60283667261433,193.39628060658876,194.3606932585249,29437300
2020-09-28,199.98480224609375,202.9735025909273,198.66709788985403,201.3597955621824,32004900
2020-09-29,197.9031982421875,200.5863524369217,197.47351650129846,199.89885582352807,24221900
2020-09-30,200.83460998535156,202.41011456289073,197.21570216747432,198.35198170021263,33829100
2020-10-01,202.86839294433594,204.32931915987902,201.7798594000112,203.85189191114145,27158400
2020-10-02,196.88150024414062,201.46480588853086,196.26083592410876,198.6097849842091,33154800
2020-10-05,200.88230895996094,200.91095343144715,197.63579468225294,197.86496502406715,21331600
2020-10-06,196.61416625976562,200.6913859913485,195.57337796687514,199.39279737852067,28554300
2020-10-07,200.357177734375,200.62453590384288,197.3875788228527,197.71222594721692,25681100
2020-10-08,201.07333374023438,201.6557957748077,198.91536704931994,201.00648690794026,19925800
2020-10-09,206.06719970703125,206.1149453581554,201.69396323673163,201.69396323673163,26458000
2020-10-12,211.40484619140625,213.75379540238984,207.02206617071406,208.9126745888685,40461400
2020-10-13,212.7989501953125,215.0428648969688,210.47864535807548,212.6652711005284,28950800
2020-10-14,210.8892364501953,214.09754923309413,209.23734168865147,212.9326251853201,23421700
2020-10-15,209.743408203125,210.41180364703087,206.25817945216272,207.29898225402468,22733100
2020-10-16,209.743408203125,212.25466641165193,209.41876106893184,210.21127772889514,26057900
2020-10-19,204.5489501953125,212.26417698412976,204.0715229032069,210.46904570343685,27625800
2020-10-20,204.9595947265625,207.55680117288514,203.4700234408629,206.05768658353387,22753500
2020-10-21,205.1028289794922,207.1271166414113,203.49866522161116,203.49866522161116,22724900
2020-10-22,205.18870544433594,206.30588358356997,202.14271692381126,204.2720386129535,22351500
2020-10-23,206.46827697753906,206.51602263791943,203.53687992528793,205.32245397806003,18879600
2020-10-26,200.5959014892578,206.57328739211215,198.70529303319933,204.19570822507853,37111600
2020-10-27,203.62277221679688,204.97866419195947,200.83459813928872,202.0377098600853,36700300
2020-10-28,193.52996826171875,199.4118774599647,192.97616528668934,198.29469906700677,51195600
2020-10-29,195.4778594970703,197.99867537575767,194.1887997967496,194.8572097568725,31432600
2020-10-30,193.32940673828125,195.06723448637493,190.60806537476464,194.31290578377963,36953700
2020-11-02,193.19573974609375,196.01255800095768,191.08550459527356,195.06724666861146,30842200
2020-11-03,197.11068725585938,198.72439434547238,193.95011991226437,194.6853622545586,27512000
2020-11-04,206.62100219726562,208.46387929331624,202.83022797821783,204.3580012836507,42311800
2020-11-05,213.20948791503906,214.00201902117308,211.16609955136636,212.01591960518525,36080100
2020-11-06,213.62013244628906,214.23123897961761,208.18700591079525,212.2260379268585,25231900
2020-11-09,208.53074645996094,217.82147990831737,208.04377574015598,214.3076211153665,44395000
2020-11-10,201.48391723632812,206.72607562317089,200.25216088703263,204.81636591764507,44045100
2020-11-11,206.7738037109375,208.19652799591586,202.62017962636645,202.80160436416497,29440800
2020-11-12,205.71388244628906,209.21819716662446,204.7781289947096,207.40397920969534,21593900
2020-11-13,206.73562622070312,207.60454766415813,204.49172597949683,206.59240381570694,18621100
2020-11-16,207.4230499267578,207.91003507226714,204.8354022540451,205.16959260476756,24953300
2020-11-17,204.77816772460938,207.85278678987626,204.41531823662734,206.3441290207393,24154100
2020-11-18,202.07843017578125,205.9940073608106,201.93481820711207,204.53882413845477,28372800
2020-11-19,203.3612823486328,203.94526929630183,200.97746390164156,202.3656398944147,24792700
2020-11-20,201.41786193847656,204.19418482435066,201.0444941764718,203.1506716700391,22843100
2020-11-23,201.1497802734375,203.23680633815258,199.28294168158865,201.9539546502228,25683500
2020-11-24,204.73985290527344,205.11322061050996,199.95307996220436,200.65194472163236,33979700
2020-11-25,204.7494659423828,206.10890800236606,203.39960677954608,205.93659115062835,21012900
2020-11-27,206.0514678955078,207.04712506021036,204.91221335516298,205.68768300785575,14512200
2020-11-30,204.94090270996094,205.60146510182233,201.84863688732,204.96962217882137,33064800
2020-12-01,206.98963928222656,208.05230344579502,204.25160461083848,205.36212481674454,30904500
2020-12-02,206.18548583984375,206.28122715714795,203.7250917523255,205.7163913660457,23724500
2020-12-03,205.10366821289062,207.15240660691688,204.53881785971507,205.4578847635359,25120900
2020-12-04,205.21853637695312,206.19504217699352,204.08885033218635,205.08450731483558,24666000
2020-12-07,205.1515350341797,206.34822842550528,203.90698559365995,205.22812516419336,24620000
2020-12-08,206.79812622070312,207.69804172678656,203.8111850584427,204.8451296010873,23284100
2020-12-09,202.76771545410156,206.05143485387185,202.20287972305044,205.9844276253421,32440600
2020-12-10,201.54229736328125,203.99312283702398,201.3891171191543,202.7389906303878,26733300
2020-12-11,204.1654815673828,204.22293512677876,200.19246494822374,201.09238080711714,30979400
2020-12-14,205.06533813476562,206.9896300960847,203.80163774686156,204.01225691285737,28798400
2020-12-15,204.9983673095703,206.23334844937955,203.18896750450304,205.9940097735343,27000600
2020-12-16,209.9287109375,210.72331699112576,205.56317639407263,205.59189586280007,35023300
2020-12-17,210.06277465820312,211.47008729036386,208.62674255257576,210.49358136827655,32515800
2020-12-18,209.26812744140625,210.32122328894448,206.8077338457158,209.26812744140625,63354900
2020-12-21,213.0975341796875,214.44740752765114,208.01398413317597,208.27247393786632,37181900
2020-12-22,214.39002990722656,216.00796180865703,212.38916194035403,213.19333644262701,22612200
2020-12-23,211.5945587158203,214.02623344268295,211.38393949442968,213.59542671095656,18699600
2020-12-24,213.250732421875,214.0740579439434,211.76682990316124,211.97744907913722,10550600
2020-12-28,215.3665008544922,216.39086269746974,213.50923056206076,214.87824065113975,17933500
2020-12-29,214.591064453125,217.49184821866578,214.04537983398163,216.65895424878013,17403200
2020-12-30,212.22637939453125,216.00794208381058,212.02534309135797,215.62499144526328,20272300
2020-12-31,212.93479919433594,213.49006659135375,210.31164244457688,212.2455027434222,20942100
2021-01-04,208.4065399169922,213.4900908644091,205.64935379985505,213.04013300201316,37130100
2021-01-05,208.6075897216797,209.20115958747942,206.5014122383252,207.99488327910248,23823000
2021-01-06,203.1985321044922,207.25772123205837,202.90175448912245,203.12194197664303,35930700
2021-01-07,208.98095703125,209.98618241670528,204.5962852345555,204.91219943951467,27694500
2021-01-08,210.25421142578125,211.17327826429883,207.77466653129983,209.35429576941888,22956200
2021-01-11,208.21505737304688,209.5744991531238,207.48745852732125,209.15326079150833,23031300
2021-01-12,205.7642059326172,207.84167815630275,204.22287913451353,207.26725958443384,23249300
2021-01-13,207.1140899658203,207.51617714350778,204.80686188159456,204.8930348974412,20087100
2021-01-14,203.93565368652344,208.1863098788865,203.6675956030474,206.7024075258848,29480800
2021-01-15,203.58145141601562,205.36213157006432,202.9878962340234,204.41435985792472,31746500
2021-01-19,207.2098388671875,207.7268039408653,203.5623200569144,204.63455257006677,30480900
2021-01-20,214.77291870117188,216.1610798929583,208.02356612474742,208.4160850006806,37777300
2021-01-21,215.37606811523438,216.64935150148284,212.93481093432405,215.11757827987228,30709400
2021-01-22,216.3142852783203,220.25859646157198,216.17068792070867,217.39610073257143,30172700
2021-01-25,219.74159240722656,219.9809310487722,214.65804199808883,219.3490735291546,33152100
2021-01-26,222.42221069335938,224.19330805574725,220.26816270078035,221.97225283293037,49169600
2021-01-27,222.96791076660156,230.18637361109083,220.3256169707931,227.85042573267413,69870600
2021-01-28,228.7407684326172,232.2925610607269,225.064529617763,225.56235818896445,49111200
2021-01-29,222.0680389404297,227.869607033505,221.4840518936439,225.92617784346362,42503100
2021-02-01,229.43003845214844,232.15850507669126,222.51793663750792,225.0357840681807,33314200
2021-02-02,229.29598999023438,231.97658573343273,228.51096683153912,231.00966286740996,25916300
2021-02-03,232.63719177246094,234.63805958670622,229.05667994059564,229.35347216795947,27158100
2021-02-04,231.6893768310547,232.86693348320225,230.11931590292957,232.31166607339227,25296100
2021-02-05,231.8712921142578,232.90523688390178,230.16720201467962,231.9000115849641,18054800
2021-02-08,232.12977600097656,233.2881669112596,230.5405638250113,232.78077013104104,22211900
2021-02-09,233.37432861328125,234.3221002924528,231.08625176555742,231.55534615768994,23565000
2021-02-10,232.46484375,235.43263415280472,230.61714183329966,234.55186970118112,22186700
2021-02-11,234.06369018554688,234.695533278066,231.8234687568998,234.34131666170634,15751100
2021-02-12,234.54229736328125,234.8390749376285,232.37866672281444,233.52748926560795,16561100
2021-02-16,233.30734252929688,235.63372209695896,232.56060701574452,234.5806260608858,26728500
2021-02-17,234.3244171142578,234.42996924048617,231.19625854686882,231.56089582687864,21653500
2021-02-18,233.93106079101562,234.06539856792395,231.11955780224875,232.02154629365586,16925600
2021-02-19,231.22509765625,233.9982245505223,230.46703730839147,233.89267239987308,25262600
2021-02-22,225.0263214111328,228.30801355738436,223.00165002550102,227.81864342177664,36446900
2021-02-23,223.8364715576172,225.33338218803956,219.48006278270333,221.01536399641307,30228700
2021-02-24,225.06471252441406,225.68842042273627,219.73915368791364,220.70830363621744,26339700
2021-02-25,219.7295684814453,225.1030937109058,218.66445668933272,222.69460427185766,39542200
2021-02-26,222.98248291015625,225.85155697990797,220.25732229386043,222.16685132625005,37819200
2021-03-01,227.35806274414062,227.86662818043706,223.72132352037755,226.36011252225157,25324000
2021-03-02,224.41220092773438,227.70349799818933,224.00918764921863,227.4252175123957,22812500
2021-03-03,218.35739135742188,224.1339445433861,218.06952053441296,222.77137159897669,34029500
2021-03-04,217.56097412109375,223.08804755279928,215.19086040970717,217.57057908912242,44727800
2021-03-05,222.23403930664062,223.83650229860413,217.30190288050994,220.23815331139636,41872800
2021-03-08,218.19422912597656,223.93239070497876,217.94474893270365,222.01327174889764,35267400
2021-03-09,224.3258514404297,225.8611527209292,222.30118001460858,223.46225362122254,33080500
2021-03-10,223.0208282470703,227.41561273111648,222.65619093371328,227.41561273111648,29746800
2021-03-11,227.54039001464844,229.4978853058214,224.8344247079214,225.4581472805967,29907600
2021-03-12,226.21621704101562,226.2833932533165,223.7981223074279,224.54657776087072,22653700
2021-03-15,225.31419372558594,225.67883106928048,222.4355148439166,225.4581364547002,26034900
2021-03-16,228.09693908691406,230.3518955608736,226.39851434535458,226.72476112413224,28092200
2021-03-17,227.45401000976562,228.90295443295722,223.7980901339011,226.60000251813773,29562100
2021-03-18,221.38955688476562,224.71922933872074,221.01532928593252,223.15514275404416,34833000
2021-03-19,221.0345458984375,223.0688074379135,220.07498635842558,221.67744903323953,46430700
2021-03-22,226.44642639160156,227.3196143113995,220.83299808669588,220.95774549311605,30127000
2021-03-23,227.97216796875,231.30184090014612,227.48279785140227,227.88581112010934,31638400
2021-03-24,225.9379119873047,228.3751869519147,225.80357422770754,228.23125886724554,25620100
2021-03-25,222.94403076171875,227.35800992333859,222.20518055488392,225.7843330698568,34061900
2021-03-26,226.91668701171875,227.13739629764925,222.18606444240328,222.18606444240328,25479900
2021-03-29,225.72679138183594,227.22370192103884,222.50267074289255,227.02218797535386,25227500
2021-03-30,222.47389221191406,224.39301135235166,221.75422253424998,224.08594526185743,24792000
2021-03-31,226.2353515625,229.43068651308948,222.99203570768762,223.49101075651635,43623500
2021-04-01,232.54925537109375,233.0194301648767,228.42314650954665,228.82615975066759,30338000
2021-04-05,238.9975128173828,239.85152026219762,232.88510830575663,232.94267953817064,36910600
2021-04-06,237.83645629882812,239.31417172284125,236.89609193809252,237.5965663854565,22931900
2021-04-07,239.79391479492188,240.78225991518588,237.1935167319145,237.78843894053895,22719800
2021-04-08,243.00848388671875,243.8624913984209,241.80903431175963,242.54789934961562,23625200
2021-04-09,245.50332641601562,245.63766417265026,242.2312247073296,242.64382830209405,24326800
2021-04-12,245.56089782714844,247.24973207374578,244.32305775852038,244.40942924919764,27148700
2021-04-13,248.03656005859375,248.70826351478416,246.44368755447493,246.85632045190187,23837500
2021-04-14,245.25384521484375,248.36280908207007,244.84124159709435,247.06742699301665,23070900
2021-04-15,249.00575256347656,249.4183562237066,247.3073423654864,247.4992367434486,25627500
2021-04-16,250.19557189941406,250.44506677724812,247.18256984833138,248.97694169506377,24878600
2021-04-19,248.27642822265625,250.9056412984342,247.39364983670757,249.66780128143571,23209300
2021-04-20,247.81581115722656,249.67735866936516,246.45322397321962,247.39360269364286,19722900
2021-04-21,250.0419921875,250.13795399056434,246.84667205781687,248.46832989428225,24030400
2021-04-22,246.7699432373047,251.19349872251507,245.30180365019515,249.6869831956242,25606200
2021-04-23,250.58895874023438,250.9344153892346,246.86586317747359,247.4512097025957,21462600
2021-04-26,250.97280883789062,251.82683096234217,249.6486411501395,251.07837562429333,19763300
2021-04-27,251.37586975097656,252.5465338213757,249.60067835062966,251.0016273911271,31014200
2021-04-28,244.26551818847656,246.16545696217563,242.72062646494183,245.7240384101382,46903100
2021-04-29,242.29837036132812,245.7432001834214,238.93032169994916,245.12908267315444,40589000
2021-04-30,241.98171997070312,242.84533234959014,239.5060692196905,239.64040697084403,30945100
2021-05-03,241.67466735839844,244.06397589418296,240.96458802475905,243.15238261393083,19626600
2021-05-04,237.76927185058594,241.0509786364311,235.821366992888,240.8206790565612,32756100
2021-05-05,236.5026397705078,239.4101039903154,235.87893192942408,238.98789545222698,21901300
2021-05-06,239.6308135986328,239.75556103135267,234.79463968140215,236.48345929785845,26491100
2021-05-07,242.25047302246094,244.01605953660055,241.01263268379483,241.9529971860639,27032900
2021-05-10,237.18392944335938,241.5499284512594,237.12635821135868,240.72470662857563,29299900
2021-05-11,236.2723388671875,236.62738584949687,232.76036211665323,234.66028588552803,33641600
2021-05-12,229.33474731445312,234.49718271340848,228.44236390313688,232.37654952810314,36684400
2021-05-13,233.20175170898438,235.66782673232748,231.65686027799902,232.02149758522427,29624300
2021-05-14,238.11468505859375,239.10303017636681,235.56226790568283,235.6486247470301,23901100
2021-05-17,235.2648162841797,236.6177988375516,233.67195847192968,236.57942289581203,24970200
2021-05-18,233.24974060058594,236.44507570607448,233.07701226535352,236.3107379527679,20168000
2021-05-19,233.82681274414062,233.9326086171046,229.47959883359417,230.1624510972941,25739800
2021-05-20,237.05838012695312,238.47219104144915,234.5385334489795,234.63471685255448,21800700
2021-05-21,235.79843139648438,238.83764464564823,235.3848750918042,238.10670075398016,21863100
2021-05-24,241.19398498535156,241.5594642597976,238.04897595260132,238.3182718362379,21411500
2021-05-25,242.0980682373047,243.08869557539978,241.2324763784631,242.14615993513493,17704300
2021-05-26,241.8768768310547,243.27144808873797,241.16515782189026,241.81915798529013,17771600
2021-05-27,239.7801971435547,241.86724777869244,239.72249297377158,241.56909978446225,24426200
2021-05-28,240.1360626220703,242.44433227006198,240.02065427610526,241.4056131297948,18270200
2021-06-01,237.94322204589844,241.68452766984606,237.52005320809064,241.62682349539628,23213300
2021-06-02,237.8470458984375,239.7417445032834,236.4428474366505,238.64532119633685,19406700
2021-06-03,236.31781005859375,236.9237185044888,233.7113925974972,235.84653488909666,25307700
2021-06-04,241.20362854003906,242.0307559108141,238.04900663185686,238.28945046434345,25281100
2021-06-07,244.10818481445312,244.37748072250199,240.2610836417249,240.42458368050268,23079200
2021-06-08,242.9156036376953,246.22411314134618,242.85788479009744,245.40659823560296,22455000
2021-06-09,243.89662170410156,245.76246833996902,243.53115702915264,244.10821346748003,17937600
2021-06-10,247.4071044921875,247.6186962627723,243.97357380684068,244.5698698827459,24563600
2021-06-11,248.03228759765625,248.60932939311192,246.80118683119682,248.12844166286035,18999700
2021-06-14,249.95578002929688,250.01348419533974,246.98386872283527,248.04182735203915,19150500
2021-06-15,248.48426818847656,250.05196672313224,247.83026798722594,249.84037496966238,18038900
2021-06-16,247.54173278808594,250.61939615458576,244.69487142700754,249.48450833852118,27220000
2021-06-17,250.92718505859375,251.74469998319134,246.2241188200235,246.28182299342527,27565500
2021-06-18,249.51333618164062,252.27362634365522,248.85933608179366,249.70570296444276,37202200
2021-06-21,252.59107971191406,253.44704456117242,248.0611257654755,249.8884931676624,26696100
2021-06-22,255.3610076904297,255.63030364087788,252.36987079514645,252.67764598167503,24694100
2021-06-23,255.13011169433594,256.6304787462093,254.3222240011004,255.82259105297376,19518700
2021-06-24,256.49591064453125,257.6115737475346,255.32254335956736,255.98617080317328,21446900
2021-06-25,254.8897705078125,257.0345407594849,254.6397287991924,256.0535401693675,25611100
2021-06-28,258.4482116699219,258.62132414743763,255.74562592819686,256.01492178801493,19590000
2021-06-29,261.0258483886719,261.2662922485271,257.7365928224437,258.5925577009788,19937800
2021-06-30,260.54486083984375,260.9872691541704,259.2945649880765,260.3428962932451,21656500
2021-07-01,261.21820068359375,261.4490173838746,259.29464991177207,259.3042477069135,16725300
2021-07-02,267.036865234375,267.373492407976,262.0837290689693,262.39150416203586,26458000
2021-07-06,267.0465087890625,268.6911361826912,263.81492881537,267.40236092120523,31565600
2021-07-07,269.2297668457031,269.960725504487,266.5560325451121,268.7200270839339,23260000
2021-07-08,266.8157043457031,268.07562758256216,264.36315983308367,266.3155624280756,24618600
2021-07-09,267.3157653808594,267.42154655008784,264.7959193929011,265.18062355080275,23916700
2021-07-12,266.7195129394531,269.07584463447415,266.0077793129093,268.4891758346326,18931700
2021-07-13,270.2395935058594,272.03810834879346,266.7868242229715,266.91183033818885,26120100
2021-07-14,271.71112060546875,272.8171562130653,269.8260200844515,271.557233051648,23113700
2021-07-15,270.2877502441406,271.7111884591669,269.1336079777888,271.22067359330885,22604200
2021-07-16,270.0184020996094,273.2403550652202,268.77770380577266,271.28795247697474,26186800
2021-07-19,266.4214172363281,269.6529685438566,263.9592745207665,268.2680095974711,32935600
2021-07-20,268.64306640625,270.2299896780536,265.70003652732663,267.4023681314722,26259700
2021-07-21,270.6435546875,270.75896302355244,266.69067242244347,268.23911651623393,24364300
2021-07-22,275.20245361328125,275.4717495772376,272.5864230986805,272.9903523690856,23384100
2021-07-23,278.5974426269531,278.9051883924715,275.5486022461029,276.38534199654606,22768100
2021-07-26,278.001220703125,278.6167711651473,275.68336737555,277.9531436643689,23176100
2021-07-27,275.5870666503906,278.51084204738186,272.1342972969276,278.36658164145285,33604100
2021-07-28,275.2793273925781,279.0590972753007,272.98067033830415,277.943434405772,33566900
2021-07-29,275.54864501953125,277.5876041189694,275.1446864474467,275.29857402961915,18168300
2021-07-30,274.0194091796875,275.70251598499704,273.05763386236777,274.26948015452774,20944800
2021-08-02,273.9328308105469,275.8082749172966,272.8940971151015,275.4139435469008,16267400
2021-08-03,276.14495849609375,276.25076905660643,273.14422383185655,274.50995786548094,17879000
2021-08-04,275.5582275390625,276.59693186168965,273.76931036819576,275.2793045071055,16191300
2021-08-05,278.453125,278.5589355268177,275.16387049282804,275.9140539199942,13900200
2021-08-06,278.3954772949219,278.4339565262084,276.62581421943787,277.48180834700514,16589300
2021-08-09,277.3086853027344,280.40560323278316,276.808572666281,278.67441927108996,16117600
2021-08-10,275.4909362792969,278.1935226909762,274.2983442260447,277.7607120388484,18616600
2021-08-11,275.98138427734375,277.6260115252924,274.9330235605834,276.2314258515103,13955900
2021-08-12,278.7320251464844,278.8859126767501,275.3946645459005,275.67358752894745,14561300
2021-08-13,281.6559143066406,281.70399133323906,278.24159423758465,278.41473610565794,18249000
2021-08-16,283.3390197753906,283.55061152329273,278.93407230117066,281.98291302988906,22507600
2021-08-17,281.8771057128906,282.2137329544662,279.9535550193779,281.21350772659866,20075300
2021-08-18,280.1521911621094,284.09337849264244,279.7089064692593,281.41452622415534,21813000
2021-08-19,285.97247314453125,286.6470164928712,278.13829528997536,278.1864643546096,29850500
2021-08-20,293.2864074707031,294.71257098131036,287.21563313821383,288.81524062237736,40817600
2021-08-23,293.5657653808594,294.2884777670295,290.8676509020545,292.21670814145693,22830200
2021-08-24,291.6095886230469,294.5293451223388,291.0121511635646,293.9222620885944,18175800
2021-08-25,291.02191162109375,293.50802996134405,289.4897644777505,293.2285728625707,20006100
2021-08-26,288.2080993652344,291.42657543670686,288.07320832644916,290.0389651127222,17666100
2021-08-27,288.81512451171875,289.92327755138285,286.0302588466658,288.1116739143192,22605700
2021-08-30,292.5443115234375,293.1513945858638,290.10636310625455,290.1641777400818,16348100
2021-08-31,290.8965759277344,293.4212466452703,290.5303969246272,293.34417025857385,26285300
2021-09-01,290.84844970703125,294.08621749024184,290.5208235195057,291.8506194265073,18983800
2021-09-02,290.193115234375,292.3226995544428,289.2584060139798,291.20493024605145,16285600
2021-09-03,290.1835021972656,291.59037412727884,289.33551492747904,290.03893618886394,14747900
2021-09-07,289.2583923339844,290.1352868730688,287.3504504950294,290.05821049267576,17180400
2021-09-08,289.2872314453125,289.6726720708831,286.6469322825575,288.872883508005,15046800
2021-09-09,286.4349670410156,291.14706522320324,286.19406294762535,289.8750845523656,19927000
2021-09-10,284.95098876953125,289.0078348637292,284.6330083063583,287.5624103075582,19633400
2021-09-13,286.1844177246094,287.67804074980387,283.38029054523867,286.72404054188644,23652900
2021-09-14,288.882568359375,290.42436047852436,287.25405429322365,288.6609260010995,21853400
2021-09-15,293.7296142578125,294.21142254991946,290.83876450517084,292.2263747390184,28356300
2021-09-16,294.1150817871094,294.20180375871473,289.81735966426726,292.70820968009997,19550800
2021-09-17,288.95977783203125,293.4213285176071,288.6321516344779,293.10334789879875,41372500
2021-09-20,283.5923156738281,287.8515134151559,278.98623011838976,285.5484559338163,38278700
2021-09-21,284.07415771484375,286.7144871567123,283.3707364278861,284.93179059163447,22364100
2021-09-22,287.7165832519531,289.29692832647936,283.79468669698116,285.9339163666204,26626300
2021-09-23,288.6609802246094,289.9522229123692,286.70483974436394,287.9768206871402,18604600
2021-09-24,288.4586181640625,288.8922279642704,286.1266531897196,287.3793723405542,14999000
2021-09-27,283.467041015625,285.683346907745,282.2817822917721,285.3653664442536,23571700
2021-09-28,273.20452880859375,280.20039373530875,272.4625547192188,279.2560390156346,43186200
2021-09-29,273.6671142578125,276.3363216518175,272.7131432346265,274.7270983987107,26353700
2021-09-30,271.66278076171875,277.35772848518707,271.3736781629652,275.31486617919455,32343600
2021-10-01,278.58154296875,279.42953021502547,271.05570026891905,271.8554890446492,30086300
2021-10-04,272.8094787597656,277.28067385415983,270.0535494270314,276.9434021661116,31350700
2021-10-05,278.25390625,279.83422199721866,273.7152514221425,273.7152514221425,24993000
2021-10-06,282.4455871582031,282.9466865037661,275.1221260888592,275.3822919286594,28002600
2021-10-07,284.12237548828125,285.84725752796135,283.2262190604028,284.44035604398937,20430500
2021-10-08,284.12237548828125,285.84725752796135,283.0720368673409,285.4425255952682,17685700
2021-10-11,283.5249328613281,287.12884966284184,282.0987696561335,282.26259742313226,19298600
2021-10-12,282.2240295410156,284.69088564097564,281.7133139283031,284.5945181012245,17974100
2021-10-13,285.5292053222656,286.46391451193523,282.81179971016536,284.18014809161934,23416300
2021-10-14,291.7349548339844,292.23602492950124,286.99394774852544,288.323743494712,27262900
2021-10-15,293.14178466796875,293.3730726386509,289.5860372188823,291.33982641094127,25384800
2021-10-18,296.10968017578125,296.9961907609561,291.67703902819403,292.5250261320918,22729300
2021-10-19,297.0155334472656,298.046580784232,296.04227134224186,297.1311627256362,17682100
2021-10-20,296.2253723144531,298.4320624863461,294.9726531333277,297.95987037171125,16537100
2021-10-21,299.4535217285156,299.7040420623986,295.2135849120758,295.99414145888375,16918100
2021-10-22,297.91168212890625,299.7714549252828,296.6011483907177,299.10655718444485,17449300
2021-10-25,296.91912841796875,298.14291066917554,295.3098760778801,298.1043577788396,17554500
2021-10-26,298.82708740234375,301.03377733794736,297.3720465392761,299.68472017039693,28107300
2021-10-27,311.4119567871094,314.2353460702273,304.50281355306396,304.50281355306396,52588700
2021-10-28,312.54901123046875,313.05008121355974,309.6677779577822,312.5297200802306,26297900
2021-10-29,319.5544128417969,319.920591718198,312.11529429181934,312.33693661365,34766000
2021-11-01,317.3863525390625,319.429214753653,314.49550312432325,319.3039399071891,27073200
2021-11-02,321.0095520019531,321.31791632302634,317.99342781479373,318.29214656107087,26487100
2021-11-03,321.8479309082031,322.71517993039924,318.61980955207633,321.75156337079386,21500100
2021-11-04,324.1991271972656,324.2954947256181,317.52127212453837,320.7783004950608,23992200
2021-11-05,323.8329772949219,326.4636610780947,322.2526614356384,326.1938496188393,22570100
2021-11-08,324.7292175292969,325.3652081491197,322.2720064407892,325.02793638610365,20897000
2021-11-09,323.7269592285156,326.39616621738094,322.35861092573055,324.84472843590123,21307400
2021-11-10,318.76434326171875,322.4550111195703,317.916385399046,322.39719647909817,25500900
2021-11-11,320.3350830078125,321.6263258185868,318.48495546682875,319.198022393328,16849800
2021-11-12,324.46893310546875,324.9603869066264,321.645543957004,321.7708188010042,23831000
2021-11-15,323.84259033203125,325.5867337696935,321.87680452226203,325.25910770260543,16723000
2021-11-16,327.157470703125,328.27526945186895,323.30300442769504,323.4668027763442,20886800
2021-11-17,327.3795166015625,330.3432389660273,326.298296191854,327.20575534879794,19053400
2021-11-18,329.45501708984375,330.5941871717435,325.448698473781,326.47199828045603,22463500
2021-11-19,331.2313232421875,333.152448348102,330.3528538835382,330.7776231911043,21963400
2021-11-22,328.0649108886719,337.56427133664994,327.79460580022015,332.6890870606931,31031100
2021-11-23,325.9893493652344,327.69808997134413,322.0119904551096,325.381155553639,30427600
2021-11-24,326.21136474609375,326.4527096021285,322.34984704953825,324.63779157098065,21661300
2021-11-26,318.26629638671875,326.23067700890783,316.7603067714065,322.77463147147154,24217200
2021-11-29,324.9757080078125,327.29261293135295,323.1511265991085,323.34421428483876,28563500
2021-11-30,319.144775390625,326.08585570049416,317.60016244351027,323.7110306026671,42885600
2021-12-01,318.6524658203125,327.5339693788618,317.9863810414146,323.5276501773053,33337600
2021-12-02,318.0829162597656,321.94443467534484,316.4514223722996,318.8648713820366,30766000
2021-12-03,311.8272705078125,321.18180108322787,307.01966954803913,320.4963603630018,41779300
2021-12-06,314.8970947265625,316.11348214356707,308.17806265285725,312.73465439503434,30032600
2021-12-07,323.3248596191406,324.17436868608456,318.6717241569849,320.1584165809555,31021900
2021-12-08,323.3731384277344,323.88478833070934,319.3474933714662,323.7013638880352,24761000
2021-12-09,321.5679626464844,324.8405842928064,320.6218799972191,322.832607612771,22214200
2021-12-10,330.6811218261719,331.12518817346324,323.19943025665486,323.38285472943636,38095700
2021-12-13,327.6497802734375,331.8878102110468,327.3408517779993,328.8854647941473,28899400
2021-12-14,316.97265625,323.05456390849514,312.8890909419122,321.683712251311,44438700
2021-12-15,323.0643005371094,323.5856138077835,313.26570278294963,317.2333990836734,35381100
2021-12-16,313.6517639160156,325.1011790200771,311.83684591434667,324.0875129645706,35034800
2021-12-17,312.5898132324219,313.6710628222482,306.2665904465463,309.77092210537467,47750300
2021-12-20,308.8345642089844,311.6244956878622,306.5755796789902,308.96970202135424,28326500
2021-12-21,315.9590148925781,316.38378416236156,308.72830354629133,312.09749750257555,24740600
2021-12-22,321.6644592285156,322.06023889539006,314.4723702128299,316.93407613844363,24831500
2021-12-23,323.10284423828125,324.74400105600773,321.2107088019103,321.23000578456225,19617800
2021-12-27,330.59417724609375,330.6231374487701,323.8171952094219,323.84615541209826,19947000
2021-12-28,329.43572998046875,331.9070989605817,328.5379341826007,331.2699450024373,15661500
2021-12-29,330.1115417480469,332.38016007251247,327.9201113620014,329.48402148531875,15042000
2021-12-30,327.5726013183594,331.2506951069542,327.08991153548817,330.0729308583066,15994500
2021-12-31,324.6764221191406,327.6111544209489,324.2226926014007,326.7906054612649,18000800
2022-01-03,323.1607666015625,326.29824977245147,318.3628296202537,323.7400001560889,28865100
2022-01-04,317.6195068359375,323.5952080741863,314.82954604404773,323.2379929252775,32674300
2022-01-05,305.4267272949219,314.78125567055275,305.0405814422899,314.5785047925629,40054300
2022-01-06,303.0132751464844,307.6664106849742,300.7060043582687,302.3085376148828,39646100
2022-01-07,303.1677551269531,305.54258020265945,299.35449471125537,303.27393271968896,32720000
2022-01-10,303.3898010253906,303.82423357931884,294.1414784951119,298.77528825214137,44289500
2022-01-11,304.07525634765625,305.6488002414314,299.1614780529444,302.53064320042563,29386800
2022-01-12,307.2513732910156,312.2134388767863,306.1025691405683,308.60292838169426,34372200
2022-01-13,294.2476501464844,309.7709684945666,293.4753583562799,309.37515937724777,45366000
2022-01-14,299.460693359375,300.05922385700916,293.2339846176459,293.7166743042593,39846400
2022-01-18,292.172119140625,299.0745771307378,291.2936202020948,293.5429710843101,42333200
2022-01-19,292.82855224609375,303.04228390568943,292.2203879053098,295.6860967924291,45933900
2022-01-20,291.158447265625,300.86049892883005,290.71438096885566,298.36983291707537,35380700
2022-01-21,285.7813415527344,293.5815962967534,285.3758691298615,292.21077366823675,57984400
2022-01-24,286.1095275878906,286.8238990150419,266.4930083993814,282.08391143196826,85731500
2022-01-25,278.5023498535156,284.77731721920185,275.2973119894379,281.42744884707827,72848600
2022-01-26,286.4377746582031,297.819608462475,282.88518477863767,297.3272554358608,90428900
2022-01-27,289.4593811035156,296.6611038089516,287.6155027527548,292.18175832051594,53481300
2022-01-28,297.5879211425781,297.8003058303216,284.2560313928482,289.8359242315118,49743700
2022-01-31,300.2137756347656,301.56530125918164,295.7633601067022,298.25405611410014,46444500
2022-02-01,298.0705261230469,299.87578072467323,294.5661945029304,299.663396097362,40950400
2022-02-02,302.6078796386719,304.2104133019044,298.1864540558619,298.9104887522053,36636000
2022-02-03,290.8205871582031,300.45508559766955,289.57523929937065,298.7753051603236,43730000
2022-02-04,295.3482360839844,298.10920758842764,289.584918714947,289.8166003905514,35096500
2022-02-07,290.5309753417969,297.1824248464775,289.5173091795903,295.57025756283554,28533300
2022-02-08,294.0160217285156,294.9814013715594,289.5656357153874,290.8206174669248,32421200
2022-02-09,300.4357604980469,301.1308349501558,296.74803301981893,299.14215544071413,31284700
2022-02-10,291.9114685058594,298.41811714419794,290.289637957717,293.5140020692782,45386200
2022-02-11,284.8255310058594,293.75528997244055,284.0339128700643,292.6933667977203,39175600
2022-02-14,284.78692626953125,286.4860034605709,281.263297311286,283.599498987924,36359500
2022-02-15,290.0675354003906,290.3860976240517,286.73696484782573,289.62346914706194,27058300
2022-02-16,289.72900390625,291.0543038082839,284.09887060149885,288.635864710569,29982100
2022-02-17,281.2451477050781,287.1170957635478,280.53895281663284,286.69144809406896,32461600
2022-02-18,278.53643798828125,284.2729679755153,276.96929430412916,283.48939613343924,34264000
2022-02-22,278.33331298828125,282.02869492098785,275.21836232867406,275.70205013593005,41736100
2022-02-23,271.1263732910156,282.18349983515145,270.9619359564501,280.71306989618563,37811200
2022-02-24,284.97918701171875,285.53059821327315,262.6618238516017,263.61954581271243,56989700
2022-02-25,287.6103820800781,287.91994929794083,282.13503369219524,285.5111939632228,32546700
2022-02-28,289.04217529296875,289.38076267083534,283.44106207991604,284.7083218045915,34627500
2022-03-01,285.3275146484375,290.183730717444,282.6188445943482,286.7301918975132,31217800
2022-03-02,290.39654541015625,291.63478526029775,284.11828587959104,285.72410373736466,31873000
2022-03-03,286.2657775878906,293.2405468384808,284.45676056249704,293.00838616012356,27314500
2022-03-04,280.4035339355469,286.01433126307614,277.80132020565253,284.68903114664965,32356500
2022-03-07,269.81072998046875,280.2390376841762,269.4431225318955,279.1168784545169,43157200
2022-03-08,266.8505859375,274.695988493688,261.19143233256847,268.7369507911687,48159500
2022-03-09,279.08782958984375,280.1519485359989,271.6196896067693,274.1929119594873,35204500
2022-03-10,276.2727966308594,277.2498554429739,271.42623538275626,273.7866342304661,30628000
2022-03-11,270.9328918457031,280.0649198872489,270.31375729009164,278.56546999148014,27209300
2022-03-14,267.4213562011719,276.08903470394495,266.821587956301,271.19411574307355,30660700
2022-03-15,277.78192138671875,278.4300760838003,269.6366346705724,271.2037785530538,34245100
2022-03-16,284.7856750488281,284.95979554587495,273.9607413197424,279.67790429313914,37826300
2022-03-17,285.5885925292969,285.96585361791,279.929440024444,283.7215649241579,30816600
2022-03-18,290.6285705566406,291.17998159376464,283.1797980429952,285.7336536264884,43390600
2022-03-21,289.4001159667969,290.3481547741918,285.2790860660752,289.1389351574977,28351200
2022-03-22,294.1402282714844,295.04956371485423,289.02280298221535,290.01919868863627,27599700
2022-03-23,289.71929931640625,293.33730401444876,288.0070551895243,290.7060412894904,25715400
2022-03-24,294.1789245605469,294.2756680245102,288.58749479820733,289.380749871962,24484500
2022-03-25,293.7726745605469,295.5333055940386,289.5259101687359,295.2721247571007,22566500
2022-03-28,300.5635986328125,300.66031257135194,294.4013915103594,294.4013915103594,29578200
2022-03-29,305.11993408203125,305.5165616109736,298.9674100649689,303.6688707174927,30393400
2022-03-30,303.6205139160156,305.6423550476428,301.41489856711223,303.52379996649006,28163600
2022-03-31,298.2515563964844,304.8587480003614,297.8452751937795,303.6591822316137,33422100
2022-04-01,299.32537841796875,300.01220684451596,295.57195627521304,299.27699192361627,27110500
2022-04-04,304.69427490234375,304.8296921264754,299.605870116793,299.9734775453708,24289600
2022-04-05,300.73779296875,304.59761295783267,299.76073396521116,303.0498057758005,23156700
2022-04-06,289.72900390625,296.98432119939486,287.03001760705087,295.23337365440614,40110400
2022-04-07,291.5379943847656,293.7436096818607,286.6817792585373,286.9816633477329,31411200
2022-04-08,287.28155517578125,291.2961583197062,286.61406359876185,290.63834994645777,24361900
2022-04-11,275.9536437988281,283.06383266279937,275.70211663136274,282.27060690427504,34569300
2022-04-12,272.8580017089844,281.25481613450495,271.33921469606946,279.80375250936805,30966700
2022-04-13,278.2365417480469,279.1652139791266,272.12272138935975,273.50609081671024,21907200
2022-04-14,270.7007141113281,278.9040702197633,270.2073726066549,278.6912463967013,28221600
2022-04-18,271.3681640625,273.2448748903174,269.2592925621962,269.8107036813086,20778000
2022-04-19,275.99224853515625,276.8338901106772,269.3270459623916,270.26540148092727,22297700
2022-04-20,277.01763916015625,280.24869936955514,276.0599468443759,279.95846900098434,22906700
2022-04-21,271.6487731933594,283.7312864723143,270.92324140436915,279.16527189939075,29454600
2022-04-22,265.0899658203125,273.96081411049454,264.46117751038287,272.4903841306375,29405800
2022-04-25,271.5616760253906,271.93893715298736,261.9362771237636,264.3740824976134,35678900
2022-04-26,261.4042663574219,269.2786893101123,261.19144251967543,268.4467603674442,46518400
2022-04-27,273.9801025390625,281.47726299922044,270.05256019523966,272.89664665414017,63477700
2022-04-28,280.1810302734375,281.4869933800965,272.27755777079875,275.8858797797823,33646600
2022-04-29,268.466064453125,280.4228421568128,267.47935197429007,279.1942562573067,37073900
2022-05-02,275.1893005371094,275.6439681879051,267.20845292685556,268.6498329270147,35151100
2022-05-03,272.58709716796875,274.8604357472129,271.01027020615345,274.69596890447576,25978600
2022-05-04,280.5195617675781,281.3901938245139,267.7018362258143,273.3706425590282,33599300
2022-05-05,268.30169677734375,277.0080793908521,265.3898860340184,276.22450731739383,43260400
2022-05-06,265.7671203613281,270.13964762879215,262.41997938914824,265.8444974229105,37780300
2022-05-09,255.9481658935547,263.47434519385956,254.7292929856696,261.24939362131454,47726000
2022-05-10,260.7077941894531,264.8191415931829,256.42232621624953,262.82634968395604,39336400
2022-05-11,252.0496826171875,262.50700973823547,250.84046320428226,257.01232381126397,48975900
2022-05-12,247.01939392089844,251.40160471462247,241.86327960551176,249.2830495439515,51033800
2022-05-13,252.60113525390625,254.45850956693343,247.01938815483032,248.95413953333383,34925100
2022-05-16,252.96871948242188,257.147789161054,247.43532986774056,251.47895279178755,32550900
2022-05-17,258.1151428222656,259.57585977965135,253.89737021197146,257.4282849486114,28828800
2022-05-18,246.36326599121094,255.59413551227334,245.09305474022761,255.01235236440064,31356000
2022-05-19,245.4518280029297,249.8442599742027,244.23010107031448,246.1887405470746,32692300
2022-05-20,244.88946533203125,250.68785663420815,238.95534137506934,249.42732134726975,39199300
2022-05-23,252.73370361328125,253.55789389015007,245.73298352377535,247.73043098596386,33175400
2022-05-24,251.73501586914062,253.39307277606676,245.80089254690245,250.0575770395254,29043900
2022-05-25,254.54693603515625,256.54436894969376,249.3206523112265,250.29998684560377,28547900
2022-05-26,257.8242492675781,258.9974916357113,253.49000806634814,254.3044925724609,25002100
2022-05-27,264.9413146972656,265.0382834774228,259.4338312366583,260.32590258710013,26910800
2022-05-31,263.61297607421875,266.4248936649032,260.7622650462861,264.2529346305631,37827700
2022-06-01,264.146240234375,269.25617238114495,261.83851939689276,266.84180659959077,25292200
2022-06-02,266.2406311035156,266.30851221318625,253.65486971991317,256.4183173881909,44008200
2022-06-03,261.8191223144531,265.14497113506803,260.25803436231683,262.10032291361057,28059000
2022-06-06,260.5877380371094,265.85281527967646,259.10420716791305,263.79720697367605,22400300
2022-06-07,264.2238464355469,264.83471731044557,257.8630839124664,258.54183590473656,22860700
2022-06-08,262.1972351074219,264.70856926494747,261.42151458591775,263.4577402676367,17372300
2022-06-09,256.74798583984375,264.4274283960142,256.59284170053377,259.64716611698157,26439700
2022-06-10,245.30638122558594,252.66584504493977,244.86034549346968,252.66584504493977,31422800
2022-06-13,234.90223693847656,241.4569362354191,234.19441215005645,237.66568457400948,46135800
2022-06-14,237.0645294189453,238.27656531045733,234.1750252009215,236.45365859510807,28651500
2022-06-15,244.11367797851562,247.5461713246846,238.93586508180104,240.76846244615993,33111700
2022-06-16,237.52993774414062,239.90552503927643,235.63916478659826,238.50925737974993,33169200
2022-06-17,240.12852478027344,242.8919722994284,236.61847386718773,237.26812327514037,43084800
2022-06-21,246.03359985351562,247.0129195467826,241.9320596633375,242.65928121254296,29928300
2022-06-22,245.44212341308594,249.3594317398159,242.7659386682965,244.23977847011096,25939900
2022-06-23,250.99807739257812,251.4925975110486,245.92693810206876,247.80802019464696,25861400
2022-06-24,259.5696105957031,259.8411054436494,253.7712204115489,253.8584834422403,33923200
2022-06-27,256.84490966796875,260.1513168401671,255.28379238303728,260.06405382533944,24615100
2022-06-28,248.69036865234375,258.8035884452092,248.5352245163049,255.96258358137382,27295500
2022-06-29,252.3555908203125,254.01364771630867,247.9922466002197,249.76666900838734,20069800
2022-06-30,249.0297088623047,251.6477180084153,245.21907543533365,249.24302834525233,31730900
2022-07-01,251.6962127685547,251.88044459455264,246.8771715911317,248.6031243426408,22837700
2022-07-05,254.86692810058594,254.99298457519546,247.00323818444357,248.3801092623351,22941000
2022-07-06,258.1249084472656,259.8508467542047,254.43062460156605,255.73962957154674,23824400
2022-07-07,260.2484130859375,260.88837176552346,256.971062389298,257.06803120573136,20859900
2022-07-08,259.53082275390625,259.9574617514012,255.29355004720045,256.7479931048278,19658800
2022-07-11,256.4765625,258.43520232226376,254.21731048039254,257.5819241135224,19455200
2022-07-12,245.9656982421875,257.863045938388,244.3851988057814,257.8048705865574,35868500
2022-07-13,245.04457092285156,245.84936453464945,240.57458193875394,242.59141144867633,29497400
2022-07-14,246.36326599121094,247.39107006314066,238.47048883303972,242.95987452362783,25102800
2022-07-15,248.92311096191406,252.4622502240855,247.03233772876274,247.95348214538913,29774100
2022-07-18,246.5281219482422,252.91797217764622,245.60697754900244,251.86108033846966,20975000
2022-07-19,251.64772033691406,251.83195214619707,245.97538686166658,249.75693264825895,25012600
2022-07-20,254.3045196533203,256.8255603020686,251.04658128193176,252.00650426801573,22788300
2022-07-21,256.79644775390625,256.84494694076886,249.22365037531554,251.89983491458102,22404700
2022-07-22,252.4525604248047,257.2716171311826,251.2017604777432,257.1843540830661,21881300
2022-07-25,250.96900939941406,253.55793131652177,249.01036987517415,253.07311691629897,21056000
2022-07-26,244.24948120117188,251.98712943704783,241.9902591873935,251.9677179235894,39348000
2022-07-27,260.57794189453125,261.8481528051126,250.98833184825065,253.22817121519708,45994000
2022-07-28,268.01507568359375,269.40163763919867,259.734438202384,261.55734491443076,33459300
2022-07-29,272.2135314941406,273.4352730341739,268.22837203750606,269.26588177100365,32152800
2022-08-01,269.5664978027344,272.7371731572371,267.4623903988592,269.3822659732868,21539600
2022-08-02,266.473388671875,269.45015613104664,264.10749207919315,267.61754353157727,22754200
2022-08-03,273.8910217285156,274.8897381119249,268.20898212498906,268.3544501034442,23518900
2022-08-04,275.03521728515625,275.18065569445895,271.66092782643676,273.2413979951584,18098700
2022-08-05,274.31768798828125,275.03520383289623,270.2161475022105,270.67187422288504,16774600
2022-08-08,271.806396484375,277.23632456484415,270.8367675268172,275.423093558,18739200
2022-08-09,273.7261657714844,274.48247496169216,269.17860487436343,271.1469795107976,23405200
2022-08-10,280.3778381347656,281.0080908709291,278.2252612395024,279.4179151918508,24687800
2022-08-11,278.3028564453125,282.3656036148159,277.80836586315127,282.0165514391727,20065900
2022-08-12,283.0443420410156,283.0443420410156,278.2252857983071,279.71852241187486,22619700
2022-08-15,284.5569763183594,285.2454045080501,281.29900803496633,282.16199190447594,18085700
2022-08-16,283.820068359375,285.10969137320546,281.59963947332545,283.12193436448484,18102900
2022-08-17,283.0718994140625,285.0444230849969,281.2742723081873,281.53661715577607,18253400
2022-08-18,281.95440673828125,283.64513249063674,280.89524189994404,281.97382980141776,17186200
2022-08-19,278.0482177734375,281.06045328122894,277.47492602525494,280.72035691439993,20570000
2022-08-22,269.88604736328125,274.4626845439324,269.3710544716456,274.0934387624706,25061100
2022-08-23,268.6131286621094,270.96459435110165,267.6025659844231,268.6131286621094,17527400
2022-08-24,267.9815368652344,269.38076836522134,267.32076724046834,267.61229110085856,18137000
2022-08-25,270.95489501953125,271.12006518473976,266.74747418276837,269.4779119694947,16583400
2022-08-26,260.49951171875,272.4026750674216,260.3926404040064,271.1783402052865,27549300
2022-08-29,257.72052001953125,259.82906392811554,256.3795873901303,258.3229611362696,20338500
2022-08-30,255.5245361328125,259.48900611595445,253.27994149506821,259.11978995833886,22767100
2022-08-31,254.06703186035156,259.5473317845383,253.93098143017062,257.87605840942985,24791800
2022-09-01,253.0272674560547,253.50341421016233,248.17855922552292,251.54058765801105,23263400
2022-09-02,248.8101348876953,257.2443697118644,247.265156339412,254.29046300933095,22855400
2022-09-06,246.07969665527344,250.53000941495102,244.80678924426493,248.94618474623337,21328200
2022-09-07,250.78262329101562,251.5016619783708,246.05051368493938,247.48860588641247,24126700
2022-09-08,251.2004852294922,253.05641075595742,247.57609726538706,250.21910163068787,20319900
2022-09-09,256.9722900390625,257.7205078743252,252.92037257528756,253.12441850602798,22084700
2022-09-12,259.1003112792969,259.8776786073918,257.65250725767163,258.254948403488,18747700
2022-09-13,244.85536193847656,253.02723665375865,244.46667832262642,251.51140761885284,33353300
2022-09-14,245.07888793945312,247.03197340498173,242.78570610485596,246.35179549361106,23913000
2022-09-15,238.4325408935547,244.28208546979903,237.11104609083932,242.69824587426376,31530900
2022-09-16,237.8106689453125,238.354811263805,235.2065402152561,237.34424853509077,39791800
2022-09-19,237.59686279296875,238.19930387024996,234.03077398157757,235.60490186828736,26826900
2022-09-20,235.58547973632812,236.6154654509246,232.85504199150714,235.21624880625103,26660300
2022-09-21,232.1845703125,240.64796931692138,232.13598300454865,237.35395148181902,28625600
2022-09-22,234.1571044921875,236.9555675025579,230.8436634388637,231.1351576468061,31061200
2022-09-23,231.18374633789062,234.30286782239332,228.54075677381346,232.75787437724338,34176000
2022-09-26,230.72706604003906,234.6138138859922,230.19263524586722,230.3383971861503,27694200
2022-09-27,229.7164764404297,234.9538676194247,227.86055112233197,233.18539055356896,27018700
2022-09-28,234.24456787109375,235.46888802626256,228.0840616627681,230.10517219200622,29029700
2022-09-29,230.775634765625,233.15626466417,227.77312585488747,232.12627894023532,27484200
2022-09-30,226.30587768554688,233.72956515957875,226.14069268839654,231.54326959007867,35694800
2022-10-03,233.9239044189453,234.76926725849918,228.01604641968547,228.7448115784085,28880400
2022-10-04,241.83343505859375,243.27152748723756,238.04384733649516,238.15073348619765,34888400
2022-10-05,242.1443634033203,243.4852960194291,237.18876929584698,239.02525687467363,20347100
2022-10-06,239.8026123046875,243.25210389130189,239.11272288342423,240.9103348181627,20239900
2022-10-07,227.60792541503906,234.48746986052475,226.56821340371297,234.0793483497187,37769600
2022-10-10,222.75918579101562,227.91884002309686,220.3105310476207,226.45159837907644,29743600
2022-10-11,219.02792358398438,222.5745744479787,217.7647277876426,221.17534309367792,30474000
2022-10-12,219.3583221435547,221.4085821373912,217.61900908089987,219.01822579092038,21903900
2022-10-13,227.60792541503906,229.41526348823245,212.92573701301367,213.62535270758946,42551800
2022-10-14,222.08876037597656,230.5230105633838,221.87498806713398,228.87113093564267,30198600
2022-10-17,230.80477905273438,232.1942989747583,228.4824480465505,229.14320282236488,28142300
2022-10-18,231.74729919433594,237.0235513421654,228.70591479996747,236.35309991218537,26329600
2022-10-19,229.78448486328125,232.8258692197208,227.6564884494634,230.32862708609497,19985700
2022-10-20,229.46383666992188,234.47774422080448,228.22007872615066,229.09460576042883,21811000
2022-10-21,235.2648162841797,236.11990546004,227.86056720320732,228.09377738574145,26299700
2022-10-24,240.2495880126953,240.8228797300147,234.4680538752151,236.85839536600284,24911200
2022-10-25,243.5630340576172,243.93226498550914,238.86978470276068,240.2592898081023,34775500
2022-10-26,224.7706298828125,231.55300056663893,223.54629485034351,224.62486794587923,82543200
2022-10-27,220.3300018310547,227.07351120535486,219.38746436365162,224.49853205636384,40424600
2022-10-28,229.1917724609375,229.9011145363862,219.64981530818488,219.83443818188346,40647700
2022-10-31,225.55767822265625,228.26867807032616,224.605414413329,227.14151774097857,28357300
2022-11-01,221.70977783203125,229.06545410633566,220.89356446941574,227.95773173513913,30592300
2022-11-02,213.86827087402344,224.75116008206982,213.80995721146994,222.96325992629187,38407000
2022-11-03,208.1839141845703,214.16950892795055,207.9215545752939,213.85856200928737,36633900
2022-11-04,215.12176513671875,215.31609955402047,207.3871307832787,211.39049094816932,36789100
2022-11-07,221.4182891845703,221.9430084136209,215.01487607123818,215.70478029409642,33498000
2022-11-08,222.3899688720703,225.091257180639,219.44575884635148,222.22478388362,28192500
2022-11-09,218.15342712402344,222.1567873542891,217.97853059362552,220.93245233444006,27852900
2022-11-10,236.1004638671875,236.44056019136823,228.34640704745314,228.7642252711611,46268000
2022-11-11,240.11355590820312,240.96864514419838,235.0802099419117,236.11021053379952,34620200
2022-11-14,234.71095275878906,237.00413423164647,232.437209173695,235.1384973289977,31123300
2022-11-15,235.1190948486328,240.00667907027895,233.2340197743407,238.7046221025726,31390100
2022-11-16,235.54782104492188,237.5648885308963,234.271326294768,236.58070947272424,24093300
2022-11-17,235.4990997314453,237.02895459171626,231.55268915517976,231.69884700298584,23123500
2022-11-18,235.05088806152344,237.50644414793118,232.91689413023886,237.2823156083128,27613500
2022-11-21,235.859619140625,238.41260836887963,235.02161288629395,235.25546541495947,26394700
2022-11-22,238.76341247558594,239.03625034999712,234.5539032214211,237.36023776801466,19665700
2022-11-23,241.2482147216797,241.93030944994973,238.02286939557064,238.8413830694947,19508500
2022-11-25,241.16050720214844,242.3395534122588,240.4199345063279,240.98510292788336,9200800
2022-11-28,235.57704162597656,240.34198047417644,234.64160171816698,239.78656581676748,24778200
2022-11-29,234.18360900878906,236.58068666323004,232.11783235235237,235.22623623628454,17956300
2022-11-30,248.61485290527344,248.79999607817797,233.72563656132382,234.41748501766983,47594200
2022-12-01,248.17636108398438,249.56978200844247,244.50277384992842,247.37732526853793,26041500
2022-12-02,248.49790954589844,249.51130517453961,243.30422163631067,243.43090166559634,21528500
2022-12-05,243.80117797851562,247.32860725398484,241.71590868022093,245.56488518197608,23435300
2022-12-06,238.85113525390625,245.418767416636,237.54540886309002,244.4053716023512,22463700
2022-12-07,238.12030029296875,239.86452986599542,236.01555299377063,238.5685424627585,20481500
2022-12-08,241.0727996826172,242.37854081110692,236.84379768747013,238.57827343420877,22611800
2022-12-09,239.1434326171875,241.9595208718469,237.91566220853431,238.44184527837177,20609700
2022-12-12,246.0521240234375,246.081355592582,240.84869655601585,241.12153444706453,30665100
2022-12-13,250.34934997558594,257.1703267708484,246.59780679077178,254.9973477435735,42196900
2022-12-14,250.64166259765625,255.87432140305884,247.80608156750714,250.55396789409684,35410900
2022-12-15,242.64163208007812,247.69890163014767,241.0143436570325,247.23118166191023,35560400
2022-12-16,238.43212890625,243.45041325109977,237.2822993212295,242.19341115694567,86102000
2022-12-19,234.30055236816406,238.93882615281237,232.60506192023936,238.59777136210013,29696400
2022-12-20,235.6160430908203,236.69765578039272,232.32248078286008,233.27741342411088,25150800
2022-12-21,238.1787109375,239.33827914107383,233.9692023983042,235.50879578158697,23690600
2022-12-22,232.0983428955078,235.80116166317555,227.88881885599957,235.08982055529697,28651700
2022-12-23,232.62452697753906,232.7609459126413,227.95703674860303,230.07153767696204,21207000
2022-12-27,230.89984130859375,232.81944560087155,229.79873588689108,232.59533192984796,16688600
2022-12-28,228.53196716308594,233.58923690976746,228.1811734561326,230.83161149343562,17457100
2022-12-29,234.84622192382812,235.73295246137508,229.62330203859167,229.62330203859167,19770700
2022-12-30,233.6866455078125,233.82306443342722,230.60745847988278,232.11782042896934,21938500
2023-01-03,233.45278930664062,239.46499095764855,231.32853465622566,236.86327747897744,25740000
2023-01-04,223.24081420898438,226.91438642438956,220.18111974505624,226.33947913786812,50623400
2023-01-05,216.6244659423828,221.7304593927792,216.0885291034545,221.3894046220388,39585600
2023-01-06,219.1774444580078,219.98621912634763,213.74016514069575,217.29681103305526,43613600
2023-01-09,221.31146240234375,225.3261046224166,220.61962878753835,220.65859925614794,27369800
2023-01-10,222.99725341796875,225.39433151839913,221.51612268210567,221.93511845720604,27033900
2023-01-11,229.740234375,229.91562377471337,225.19940935858202,225.37479875829538,28669300
2023-01-12,232.41014099121094,233.76459137721616,227.58673939319505,229.2432592016942,27269500
2023-01-13,233.11175537109375,233.24817431543465,228.91198479686696,230.93879116175304,21333300
2023-01-17,234.203125,234.7488007848325,231.02648903057522,231.883988045912,29831300
2023-01-18,229.77923583984375,236.1812174269308,229.4966590348899,235.3919352846435,30028700
2023-01-19,225.9984588623047,229.49665708491057,224.78042720405,227.80115166394182,28623000
2023-01-20,234.07644653320312,234.583151851916,228.51247153332469,228.85352633542087,35389800
2023-01-23,236.37606811523438,238.89982582882288,233.52099453170575,234.93392297440502,31934000
2023-01-24,235.84991455078125,237.71107061174527,234.29084284991282,236.2981567717687,40234400
2023-01-25,234.45643615722656,237.07764219216483,224.99476139964753,228.48320522416125,66526600
2023-01-26,241.6574249267578,241.95949432894872,235.81087432369108,237.4186697921156,33454500
2023-01-27,241.81338500976562,243.4406734697651,240.51739758193492,242.62215978962465,26498900
2023-01-30,236.50274658203125,239.31883481228712,236.00578021468996,238.25670004532253,25867400
2023-01-31,241.47232055664062,241.60873949787776,236.73661321290928,237.22382584140612,26541100
2023-02-01,246.28599548339844,248.65384183422793,239.1921804627177,241.65747529132665,31259900
2023-02-02,257.83294677734375,257.9206414880855,250.67091469575902,252.20076959193378,39940400
2023-02-03,251.74278259277344,257.4431765540325,250.52475096588475,252.9023510805395,29077300
2023-02-06,250.20315551757812,251.69402492949268,248.2640588264018,250.85603350578165,22518000
2023-02-07,260.7172546386719,261.89630103268723,253.42854202536165,253.86704534514652,50841400
2023-02-08,259.9084777832031,269.681962608756,259.4017575821844,266.2130108288476,54686000
2023-02-09,256.8779602050781,266.97302049431784,256.07892442365,266.7976013623995,42375100
2023-02-10,256.37127685546875,257.3359482905629,253.99367698119255,254.84142214986286,25818500
2023-02-13,264.38104248046875,267.5771558270563,260.3176764646167,260.7951650159258,44630900
2023-02-14,265.2092590332031,267.93763707354304,262.3931565763073,265.6964715216274,37047900
2023-02-15,263.0895690917969,264.46695378581865,260.0221954161202,262.1127030516327,28922400
2023-02-16,256.08538818359375,260.569199060256,255.8411717100615,257.91212263576193,29603600
2023-02-17,252.0899658203125,254.0730020433987,250.07762481803098,253.38921392498247,30000100
2023-02-21,246.82467651367188,249.5794451866865,245.76965967544004,248.592801202507,28397400
2023-02-22,245.6915283203125,248.45606050673507,244.5485970470492,248.2118440405047,22491100
2023-02-23,248.8761444091797,250.89824919216971,244.68538110016482,249.64786195781076,29219100
2023-02-24,243.4545135498047,245.1933336076266,242.36042854419725,244.17739966038974,24990900
2023-02-27,244.3727569580078,246.97122361499612,243.62056610345024,246.61955132378125,21190000
2023-02-28,243.64988708496094,245.6720066203372,242.9758472398355,243.30799296891402,22491000
2023-03-01,240.57276916503906,245.12495292682374,240.10386280126266,244.95888751265778,27565300
2023-03-02,245.30079650878906,245.5840810609681,239.9280340639678,240.8462903940092,24808200
2023-03-03,249.3840789794922,249.70644650216622,245.57430808569026,246.35580375528275,30760100
2023-03-06,250.9275360107422,254.10235014838744,250.05812596620328,250.49771263487295,24109800
2023-03-07,248.2704620361328,251.72857566259853,247.52804931967242,250.37071775470054,21473200
2023-03-08,247.8308563232422,248.65142003720348,245.0077146908978,248.16298712568516,17340200
2023-03-09,246.48281860351562,253.55531839675493,245.75993244925678,249.90184935839267,26653400
2023-03-10,242.83909606933594,246.94192996221227,241.87200834587694,245.27149758216976,28333900
2023-03-13,248.04580688476562,251.94350749583774,240.04527215486556,241.6766365464032,33339700
2023-03-14,254.75689697265625,255.03041826500868,249.94093975685146,250.81034991592716,33620300
2023-03-15,259.2992858886719,260.3152347680269,253.21340062279128,253.96560644232494,46028000
2023-03-16,269.8103942871094,270.16205172863715,257.1892727698562,259.0746169472976,54768800
2023-03-17,272.9656066894531,276.7753773938965,269.9275683237235,271.8226903839095,69527400
2023-03-20,265.9322509765625,271.06079765137076,263.60730504746243,270.57236463472236,43466600
2023-03-21,267.4463195800781,268.6380970576698,263.2848617004978,268.5208779306245,34558700
2023-03-22,265.99078369140625,274.53835901279683,265.8833129567745,267.0750903654772,34873300
2023-03-23,271.236572265625,274.55791015384574,268.8334906504202,271.5100935079119,36610900
2023-03-24,274.0792541503906,274.1378637154936,268.9116255422268,270.82627422927686,28172000
2023-03-27,269.9861755371094,274.94864070171997,269.14605544409125,274.0108578776161,26840200
2023-03-28,268.8628234863281,269.75177506940884,265.756367139309,269.40986602798046,21878600
2023-03-29,274.0206298828125,274.63606009495277,271.96920577953756,272.5064700346815,25087000
2023-03-30,277.47869873046875,277.87921725722805,274.96817646072697,277.6545572186975,25053400
2023-03-31,281.6304016113281,282.57796264121714,276.45302473352956,277.1661475082968,32766000
2023-04-03,280.5851745605469,281.60109352855216,277.38105592793227,279.89157837797717,24883300
2023-04-04,280.53631591796875,283.73068619331156,279.0612688180202,280.58517709537364,25824300
2023-04-05,277.76202392578125,280.5070144974699,276.37489115464507,279.23710085498425,22064800
2023-04-06,284.8540954589844,285.3229720001434,275.50548186907776,276.65817644820123,29770300
2023-04-10,282.6952209472656,282.9003544272942,278.12346613985693,282.51936243851856,23103000
2023-04-11,276.2869567871094,279.364108081122,275.1245138457469,279.1394182021938,27276600
2023-04-12,276.93170166015625,280.37028867291156,275.43709804068334,278.20164520430563,27403400
2023-04-13,283.1348876953125,283.19349728070125,276.61920702301785,277.02947412073894,24222700
2023-04-14,279.52044677734375,281.80630960092736,277.12711319357106,280.36053721344047,20987900
2023-04-17,282.1188659667969,284.85410843164084,279.53995543823305,283.22272922701467,23836200
2023-04-18,281.6988525390625,285.0104426931192,280.3703290467019,284.8248357623357,20161800
2023-04-19,281.7769470214844,282.36304264200237,277.9573982326938,279.3738357310493,17150300
2023-04-20,279.4910583496094,282.34351958863164,278.48488777303635,278.6509680753115,23244400
2023-04-21,279.149169921875,279.64735118903843,276.51162043764214,278.4165205997633,21676400
2023-04-24,275.25152587890625,278.3579824584961,272.27209646250395,275.56413015799205,26611000
2023-04-25,269.0484313964844,275.085455775241,268.9995702123378,273.0438095298006,45772200
2023-04-26,288.536865234375,292.63971378431694,285.95795485763057,289.8361135268747,64599200
2023-04-27,297.7780456542969,298.1395111111619,288.4196826173737,289.12302732036886,46462600
2023-04-28,300.1518859863281,301.783235671016,296.29325298519717,296.97707117655295,36469600
2023-05-01,298.4911193847656,301.4607998428203,298.0906008187468,299.8685037767096,21294100
2023-05-02,298.3445739746094,302.02734714079963,296.8792753413104,300.64021446242646,26404400
2023-05-03,297.3580017089844,301.47059918400157,297.05517563669,299.5266454015473,22360800
2023-05-04,298.3445739746094,300.64021446242646,296.3810642662841,299.15535943460753,22519900
2023-05-05,303.46337890625,304.7528490194279,297.2309698374708,298.6474372845863,28197100
2023-05-08,301.5096130371094,303.0237728629805,299.0088390583922,302.95538510450854,21318600
2023-05-09,299.8978271484375,302.86750779057024,299.2237873018419,300.8746930349145,21340800
2023-05-10,305.0849609375,305.7590007361898,300.5523190484158,301.4803236876646,30078000
2023-05-11,302.9358825683594,303.9225267081971,299.1749725458381,302.92613418082834,31680200
2023-05-12,301.822265625,303.4633932219653,299.50709815578426,303.36570066728314,19774700
2023-05-15,302.3009033203125,302.73072668738115,300.47416891606105,301.94924591720934,16336500
2023-05-16,304.5281677246094,306.452594750173,302.66235026842685,302.66235026842685,26730300
2023-05-17,307.40643310546875,307.8273965281547,304.2148790483357,305.73234911232737,24315000
2023-05-18,311.8315124511719,312.3406122958503,307.1323177228801,307.9253064598199,27276000
2023-05-19,311.6553039550781,312.05669811668946,309.7266699904712,310.0888957303577,27546700
2023-05-22,314.43560791015625,315.8160032297939,311.33219074174633,311.9097978822903,24115700
2023-05-23,308.6399841308594,315.94332604860966,308.63018455651456,313.3098099504378,30797200
2023-05-24,307.25958251953125,309.8539301457172,306.0456005180939,308.1211084957931,23384900
2023-05-25,319.076171875,320.03557419335544,313.2804700336066,316.4524252321356,43301700
2023-05-26,325.8997802734375,326.39905065575283,317.0789683726066,317.2160130284429,36630600
2023-05-30,324.25506591796875,328.6899413465032,323.5795525189351,328.19067091699185,29503100
2023-05-31,321.4942626953125,328.88571082280095,320.4564937937518,325.31236192591416,45950600
2023-06-01,325.59625244140625,326.5263156649062,317.9013162515011,319.08589950715634,26773900
2023-06-02,328.3570251464844,330.4129338211657,325.566865507756,327.2311796436286,25873800
2023-06-05,328.8857421875,331.45072114916485,327.6326215544442,328.18085996410906,21307100
2023-06-06,326.6731872558594,328.32770204884184,325.19491542513276,328.2885336264792,20396200
2023-06-07,316.5895080566406,327.4662003191764,315.72798196124086,324.6858396601391,40717100
2023-06-08,318.42999267578125,319.7810193360927,316.5600964884988,317.1377037070702,23277700
2023-06-09,319.9278564453125,323.0606428090371,317.59782847451265,318.16563610626434,22529000
2023-06-12,324.881591796875,325.1263421252022,318.3320706206992,321.6802383812358,24260300
2023-06-13,327.2703552246094,329.90387113011326,323.4522561033348,327.44656828941845,22951300
2023-06-14,330.25634765625,331.9206620825264,325.82147225464075,327.3193432875882,26003800
2023-06-15,340.7903747558594,342.49382753852854,330.11926605235976,330.3933852343611,38899100
2023-06-16,335.14154052734375,344.08962778195877,334.769545086919,343.94278354537636,46552000
2023-06-20,330.9514465332031,334.8968213999289,328.8074308489354,332.18499798901604,26375400
2023-06-21,326.5556335449219,330.63808164047157,325.0969313368533,329.30662449024675,25117800
2023-06-22,332.5765380859375,332.9779322220441,326.3403043071654,327.1039241601426,23556800
2023-06-23,327.98504638671875,330.8633129640672,326.4480368570244,327.3389018615229,23146900
2023-06-26,321.6998291015625,329.0521084557262,321.5921234240104,326.71231091411966,21520600
2023-06-27,327.54449462890625,329.0913036434743,322.38513830210024,324.8913794122553,24354100
2023-06-28,328.7976379394531,330.88291577640626,326.80046664644476,327.6326238415943,20259500
2023-06-29,328.014404296875,329.05214338180554,325.6354380857654,327.6815474089493,16997000
2023-06-30,333.3891906738281,335.53320642291396,330.1193291362637,330.6577680291321,26832800
2023-07-03,330.8926696777344,333.7415673029559,329.5025044373006,332.067483294419,12508700
2023-07-05,331.0492858886719,334.47579046215725,327.7011181507027,328.05354428027886,18172400
2023-07-06,334.103759765625,335.78764318092107,328.4549330731704,330.21712344596347,28161200
2023-07-07,330.1388854980469,334.6129295027738,329.9235039739729,332.1947946138884,21214800
2023-07-10,324.86199951171875,328.1906279486803,320.7110434161663,327.5738523279874,32791400
2023-07-11,325.48858642578125,325.8703814238738,320.1334477409768,324.10819090994494,26698200
2023-07-12,330.1192932128906,334.4758316380157,328.62142222429776,329.53188638120173,29995300
2023-07-13,335.4646301269531,336.52193851467035,331.90105061768867,332.42971974992344,20567200
2023-07-14,337.99041748046875,344.0504382444472,337.07995339278386,340.29107663490123,28352700
2023-07-17,338.47015380859375,339.70367521642703,335.0142801736607,338.4211858141297,20363900
2023-07-18,351.94122314453125,359.0781521098167,334.98494066726425,338.56805969742885,64738600
2023-07-19,347.623779296875,354.84881389642584,345.0392313202001,354.15373131724334,39732900
2023-07-20,339.58624267578125,350.4531652099648,338.1177404381011,346.1455646214541,33778400
2023-07-21,336.5513000488281,342.944177986763,332.69403214811535,341.8183323536975,69405400
2023-07-24,337.8631286621094,339.63514852458513,335.1219369374352,338.5876099496475,26678100
2023-07-25,343.6098937988281,344.5007885845888,337.8239924166346,339.82113359671973,41637700
2023-07-26,330.6772766113281,337.43240985586726,326.11512671611416,334.2702247265649,58383700
2023-07-27,323.7752990722656,334.16248813756204,322.1403538163887,333.330360964953,39635300
2023-07-28,331.2646789550781,332.8702554950669,326.1738899082172,326.66339057868936,28484900
2023-07-31,328.86614990234375,330.6087711275723,326.35987893485446,329.8451512620621,25446000
2023-08-01,329.2773132324219,331.4311281711662,326.692765182679,328.1514676458398,18311900
2023-08-02,320.6229553222656,326.6242386250664,319.5068793964864,326.6242386250664,27761300
2023-08-03,319.800537109375,322.9529221835479,319.10545461953365,319.15439272906985,18253700
2023-08-04,320.89703369140625,328.1024985432112,320.36836464241367,324.9109448563175,23741500
2023-08-07,323.17816162109375,324.15716309321493,320.64255139351025,321.47470862016405,17741500
2023-08-08,319.203369140625,321.84668466116545,316.21742705872686,320.09426392900343,22327600
2023-08-09,315.4636535644531,320.2411556284152,314.30840912670357,319.61461022525367,22373300
2023-08-10,316.1489562988281,321.3670511745829,314.43570362465357,319.1740674354457,20113700
2023-08-11,314.2692565917969,315.63985260966695,312.5070361030333,313.53500552400016,24355500
2023-08-14,317.2355651855469,317.2551344544102,313.35869882486526,314.6412179157006,18836100
2023-08-15,315.10137939453125,318.2635647035866,314.16154640668196,316.21745534246327,16966300
2023-08-16,314.33612060546875,318.2800574602853,313.74747018564494,314.72854423868324,20698900
2023-08-17,310.88275146484375,315.77830142047725,310.2254186741254,314.47348610040007,21257200
2023-08-18,310.4903564453125,312.3543913343559,305.653638152049,308.5379985359399,24755000
2023-08-21,315.7882080078125,316.661348586836,311.0398118753366,311.91295245436015,24040000
2023-08-22,316.3571472167969,319.9086306831472,315.37607311272194,319.3396208763862,16084600
2023-08-23,320.81121826171875,322.96959317403787,317.3382076991705,317.69140993027924,21166400
2023-08-24,313.9142761230469,326.67805954758404,313.9044558013969,326.5505151261544,23281400
2023-08-25,316.8673400878906,319.20227141780845,312.76642738205277,315.38590853898717,21684100
2023-08-28,317.5737609863281,319.9773750429431,315.6312231055439,319.4966582196224,14808500
2023-08-29,322.194580078125,322.7537995550599,315.7881667802801,315.7881667802801,19284600
2023-08-30,322.5673828125,323.5680676815254,320.2716728612012,322.4496587032038,15222100
2023-08-31,321.55682373046875,324.6472008416001,320.59536043233794,322.96957268527206,26411000
2023-09-01,322.4398193359375,325.7067829359754,320.5953952258838,325.0396597293619,14942000
2023-09-05,327.2372741699219,328.51268854222997,322.4398370951833,322.77339871686183,18553900
2023-09-06,326.5799865722656,328.13007064456224,323.9310742393436,327.0705236753987,17535800
2023-09-07,323.66619873046875,326.7761872339446,322.8028486285546,325.0200859411969,18381000
2023-09-08,327.943603515625,329.797847793835,323.22463985119003,323.84272127726,19530100
2023-09-11,331.544189453125,332.01511580762883,329.08168383895804,330.85742559530763,16583300
2023-09-12,325.4909362792969,330.4159473154807,325.20644635330586,329.4643042616368,17565500
2023-09-13,329.69976806640625,330.4748250083912,324.90233116375424,325.0396659724569,16544400
2023-09-14,332.2898254394531,334.40891924896704,330.20013271673093,332.7312908414323,20267000
2023-09-15,323.9703063964844,331.0144115945299,323.4110869464427,330.54351516502703,37679800
2023-09-18,322.8321838378906,324.1468193065151,320.18327226051287,321.59602110978096,16834200
2023-09-19,322.4300231933594,323.15603844559445,318.36839165791633,319.9969783891352,16505900
2023-09-20,314.6991271972656,323.3522079151342,314.4440682913458,323.2737351610063,21436500
2023-09-21,313.4825744628906,319.19243233651446,309.03831043424583,313.2176952609193,35560400
2023-09-22,311.0102844238281,315.36625546450654,310.16654519847,315.23871105160333,21447900
2023-09-25,311.5302734375,311.65781785899316,309.0383368775715,310.59824108043864,17836000
2023-09-26,306.23248291015625,309.9016904509528,304.15258067558153,309.1658848784398,26297600
2023-09-27,306.87017822265625,308.3515797645924,303.82884250383796,306.3894315511619,19410100
2023-09-28,307.7040710449219,309.5092436550282,303.5933684920157,305.10420093112447,19683600
2023-09-29,309.7741394042969,313.4237361635249,309.01872314440465,311.7362875557097,24147300
2023-10-02,315.7096862792969,315.7980093102941,309.2149794399593,310.29416711870357,20570000
2023-10-03,307.4588317871094,315.3074247202829,305.320067458415,314.75799567015525,21033500
2023-10-04,312.92340087890625,313.9829777218184,308.0572815033295,308.0867125300766,20720100
2023-10-05,313.3158264160156,313.92411753909374,308.94024408682094,313.05094717371253,16965600
2023-10-06,321.0663146972656,322.9597804960645,310.31372116687385,310.5589896881692,25673600
2023-10-09,323.5779113769531,324.0488078481523,317.063564085275,318.60385781984473,19891200
2023-10-10,322.1749572753906,324.8336598616772,321.4685826836827,324.69629510828605,20557100
2023-10-11,326.1286926269531,326.5211163115986,322.9107705088474,324.94157131039,20063200
2023-10-12,324.89251708984375,327.3157714229003,322.4986937835042,324.313686937738,19313100
2023-10-13,321.5274353027344,327.5119635418574,320.1833385954494,326.0894240178062,21072400
2023-10-16,326.34454345703125,329.77830323276595,324.34314366168616,324.78460909741796,22158000
2023-10-17,325.77545166015625,327.148949363288,321.21346324546664,323.3521975217721,18338500
2023-10-18,323.8623962402344,329.23869374170175,322.0866542980727,326.1973576731345,23153600
2023-10-19,325.04949951171875,330.5042694735543,324.6472555112947,325.86377789501114,25052100
2023-10-20,320.4875793457031,325.63821981591315,319.29066741026327,325.441992964852,25027700
2023-10-23,323.08734130859375,326.4328077015871,318.25065300887303,319.31019990102027,24374700
2023-10-24,324.2743835449219,325.55958807197595,321.3998439502132,325.02979973609047,31153600
2023-10-25,334.2225341796875,339.64787287454516,331.2302401447983,338.4901826566504,55053800
2023-10-26,321.6844482421875,335.1643987741883,320.75241573436665,334.0950314410102,37828500
2023-10-27,323.5680847167969,330.347311140755,322.1847664797221,324.17634594018955,29856500
2023-10-30,330.9261169433594,333.02562998161824,325.54981985866505,327.09993377177346,22828100
2023-10-31,331.71099853515625,332.5841689842252,328.3557413843758,332.4370138355085,20265300
2023-11-01,339.5203552246094,340.84481138122624,333.22184569359115,333.3592104526516,28158800
2023-11-02,341.7277526855469,342.22808013928716,338.244921513789,340.66817584467145,24348100
2023-11-03,346.12298583984375,347.68292025544054,340.75650845728677,343.0129972120425,23637700
2023-11-06,349.7823181152344,350.7732124532955,346.6625099264912,346.76062331620074,23828300
2023-11-07,353.7066955566406,355.6001616596292,350.86158624054224,352.5980768718827,25833900
2023-11-08,356.3261413574219,356.9834442680157,353.7262709217689,354.8348894957631,26767800
2023-11-09,353.8636169433594,357.88602671202375,353.53984572631765,355.4431318616368,24847300
2023-11-10,362.6736145019531,363.0954691081435,354.2363726781432,354.64840696418946,28042100
2023-11-13,359.740234375,361.49636535118015,358.9749977946541,361.2510968326077,19986500
2023-11-14,363.26226806640625,364.91049518103034,360.39754868289896,363.9882832033251,27683900
2023-11-15,363.4097595214844,366.81115702997374,360.8930847744488,364.9924802404826,26860100
2023-11-16,369.79974365234375,369.97668823321743,363.9111612043172,364.6779510555463,27182300
2023-11-17,363.58673095703125,368.03017560302834,360.7849886688486,367.2830363259732,40157000
2023-11-20,371.0482177734375,372.45399413615905,364.7172740131472,364.9335496074717,52465100
2023-11-21,366.752197265625,369.8488471174716,364.8352078331243,369.30817317536815,28423100
2023-11-22,371.4512023925781,373.35835133492185,368.61996973587117,371.59865617662126,23345300
2023-11-24,371.03839111328125,371.56925486439644,368.7871927998492,370.9400785666633,10176600
2023-11-27,372.1983642578125,374.1940157538783,369.8292031236525,370.39936783626126,22179200
2023-11-28,376.2191162109375,376.51402381152496,371.7559911838167,371.9427759977799,20453100
2023-11-29,372.4343566894531,377.79204546279357,371.0482307864117,377.2612117132878,28963400
2023-11-30,372.4933166503906,373.6533266294802,369.1115692531181,372.0804159794598,30554400
2023-12-01,368.1678466796875,371.75602952719976,365.0220252786822,370.37974391455106,33040500
2023-12-04,362.88873291015625,363.26227251698964,356.7543851446723,362.84940189862635,32063300
2023-12-05,366.21148681640625,366.76200100247496,359.4283420231669,360.24430304947185,23065000
2023-12-06,362.5544738769531,367.84337003830143,361.79752438947224,367.21422384108524,21182100
2023-12-07,364.6681213378906,365.15965403682253,360.11652374565716,361.99418225567007,23118900
2023-12-08,367.892578125,368.11866396815253,361.99418568198814,362.94776032697274,20154400
2023-12-11,365.01214599609375,365.3070835963392,359.90022426700926,362.23992455873395,27708800
2023-12-12,368.0400390625,368.07937007976545,364.1864093914376,364.56981930802976,24838300
2023-12-13,368.0301818847656,371.2448248811306,364.4911405130115,369.65223376326037,30955500
2023-12-14,359.7331237792969,367.430542857679,357.9636180145618,366.98815141610726,43277500
2023-12-15,364.4518127441406,366.09351500946013,360.0771601195224,360.6375145457429,78502300
2023-12-18,366.3392639160156,366.68334275789977,362.43649362550525,363.1934730778045,21802900
2023-12-19,366.9389953613281,366.9389953613281,363.5768985428581,365.19895042864266,20603700
2023-12-20,364.3436584472656,369.6620453460696,364.2551861699306,368.64948928220537,26316700
2023-12-21,367.2142639160156,368.0695260278655,363.77353495979867,366.25084900799567,17708000
2023-12-22,368.23663330078125,368.8264785553031,366.3983057581292,367.35188041938636,17107500
2023-12-26,368.3152770996094,370.5566649551992,367.1749176642006,368.649515727109,12673100
2023-12-27,367.7352600097656,368.70848509896524,366.49658807749455,367.36169037934906,14905400
2023-12-28,368.9248352050781,370.08484534383274,367.82380659874974,369.01330750371744,14327000
2023-12-29,369.67193603515625,370.77296452657316,367.1552909116957,369.6326050173838,18730800
2024-01-02,364.5894470214844,369.5342646061022,360.55887302589025,367.5288028618132,25258600
2024-01-03,364.3240051269531,366.9389624174864,362.2694022559853,362.76093490456435,23083500
2024-01-04,361.7090759277344,366.7816968551165,360.95212639041375,364.3928551976836,20901500
2024-01-05,361.5223388671875,365.7593487866836,360.29350698796526,362.72167998133955,21004600
2024-01-08,368.3447570800781,368.84613000704053,362.7609531121448,363.0460204620728,23134000
2024-01-09,369.4261474609375,369.62274253642516,364.9040407138779,365.71016152546855,20830000
2024-01-10,376.28790283203125,377.66421828465786,369.94714950002793,369.99629076586194,25514200
2024-01-11,378.116455078125,384.063988833949,373.9384270676175,379.4632498955057,27850800
2024-01-12,381.8913879394531,382.0978232574525,378.13607119839037,378.9618424711607,21661200
2024-01-16,383.6609191894531,387.3572546583597,381.0558019045163,386.9935252639614,27202300
2024-01-17,382.8744812011719,383.50362745457204,378.29339285307435,381.4097233605343,22234100
2024-01-18,387.199951171875,387.317914215752,383.51345604684644,385.0863666336801,23392100
2024-01-19,391.918701171875,391.918701171875,386.83623978929575,389.05797722162475,29331100
2024-01-22,389.7952575683594,393.83564181909105,386.9246935015416,393.2457965997971,27016900
2024-01-23,392.14471435546875,392.6165964662767,387.2588789609846,389.048064880265,20525900
2024-01-24,395.7428283691406,398.7608465253621,393.66857465315076,394.7401124022686,24867000
2024-01-25,398.013671875,400.11744616888006,395.71330250742477,397.4729979213706,21021200
2024-01-26,397.089599609375,399.291686504724,395.6150015101639,397.52215078520555,17803300
2024-01-29,402.7815246582031,403.037131241998,397.4827881758261,399.18350198201716,24510200
2024-01-30,401.6706848144531,406.05514806143475,399.56694047651416,405.27854800251134,33477600
2024-01-31,390.84710693359375,408.2867065664151,390.48337755581736,400.06826467616,47871100
2024-02-01,396.9421081542969,401.0906449466683,394.99562804766003,395.0251188068164,30657700
2024-02-02,404.25616455078125,405.6619409058491,396.72587980855803,396.9716461643717,28256700
2024-02-05,398.7803955078125,404.19709440254627,397.14850366291995,402.9584226405842,25352300
2024-02-06,398.6231994628906,401.0612125775962,396.08690380386986,399.0066093885159,18382600
2024-02-07,407.0382385253906,407.28400488846614,400.50085926773676,400.5401902860463,22340500
2024-02-08,407.09716796875,408.5226246925269,405.5439379531735,407.03818644922006,21225300
2024-02-09,413.4281311035156,413.693577955035,408.060602560808,408.2178966207668,22032800
2024-02-12,408.22772216796875,413.6149010238027,407.7263492449608,413.43795646301396,21202900
2024-02-13,399.4391784667969,403.1256740669391,396.5588037714058,398.08254328582007,27824900
2024-02-14,403.2998352050781,403.64455035620506,398.4542264131706,401.9013178119368,20401200
2024-02-15,400.4141540527344,402.94531135993617,398.17847977076707,401.97028650604454,21825500
2024-02-16,397.951904296875,402.11797106264504,397.34128152047964,401.7929427744023,22296500
2024-02-20,396.701171875,398.3754555316585,391.99343067715284,397.1443513475326,24307900
2024-02-21,396.1003723144531,396.20872511051635,391.2153593903598,394.12077725006736,18518900
2024-02-22,405.42724609375,406.5894012936675,402.3938184427991,403.9893247437461,27009900
2024-02-23,404.1369934082031,409.57353818458586,402.7877081506477,409.3864380168882,16295900
2024-02-26,401.37939453125,405.929551090099,401.2020926741633,405.2401206785282,16193500
2024-02-27,401.3202819824219,402.14758039730725,397.74515057992284,401.82255205730473,14835800
2024-02-28,401.556640625,403.1127430930959,399.1929265964819,402.00967855020446,13183100
2024-02-29,407.38714599609375,407.93867824413843,399.7838456551883,402.4627294555139,31947300
2024-03-01,409.2190246582031,409.58342668223145,404.66886847100426,405.0529573414313,17823400
2024-03-04,408.6478271484375,411.04108655942895,406.0871243373175,407.19018891902937,17596000
2024-03-05,396.563232421875,407.98788407033936,394.5836375385052,407.70225951365865,26919200
2024-03-06,396.01177978515625,399.03537916711076,392.36772908168757,396.87848202355104,22344100
2024-03-07,402.9552001953125,403.58550992875143,396.15948083378726,399.98083315410713,18718500
2024-03-08,400.079345703125,404.2158681064649,398.217901604745,401.7930332428982,18002200
2024-03-11,398.40496826171875,399.54743645794565,395.19426925023413,397.6564774172096,16120800
2024-03-12,409.0023498535156,409.28797443620516,400.64069996356216,401.4581399062547,22457000
2024-03-13,408.8250732421875,411.85850065118984,405.2302551257752,411.7797232101297,17115900
2024-03-14,418.7921142578125,421.3528170705886,411.6713965625505,413.88738417925487,34157300
2024-03-15,410.1251220703125,416.2116937258995,406.54999083820695,412.95173236718284,45079900
2024-03-18,411.0115051269531,414.3699607798189,407.52500983634934,407.9879061886506,20106000
2024-03-19,415.0396728515625,415.295752126201,409.2682411150174,411.5137738248201,19837900
2024-03-20,418.80194091796875,419.5208864985866,414.3010169757645,415.62075700500156,17860100
2024-03-21,422.8793640136719,424.30745690999566,420.70278020104655,423.3324019440985,21296200
2024-03-22,422.2588806152344,423.36194516542855,419.62925888508494,423.2043902779049,17648500
2024-03-25,416.4677429199219,420.9489800236463,415.2366387798196,418.8117700116772,18060500
2024-03-26,415.27606201171875,419.5504521799467,414.9806090267337,419.1761916947957,16725600
2024-03-27,415.0593566894531,418.0337234540762,412.67595596490696,418.02386500319915,16705000
2024-03-28,414.3600769042969,415.49268661622915,412.7842577129666,414.5964392633085,21871200
2024-04-01,418.1519470214844,421.42176708130677,415.83746504973493,417.5413241302687,16316000
2024-04-02,415.0692138671875,415.9950065592136,411.5236280313696,413.7593022671653,17912000
2024-04-03,414.09417724609375,416.86169679254687,412.75472038791173,413.38506009911544,16502300
2024-04-04,411.5630798339844,422.18998013142357,411.25776838460877,418.56558637813976,19370900
2024-04-05,419.0875549316406,420.0626098925823,411.99641280038685,413.6608680769513,16554800
2024-04-08,418.1716003417969,420.8209388461148,416.9010924581036,418.7428494922185,14272400
2024-04-09,419.8360595703125,421.27398079875763,415.24649970194963,419.9936445079337,12496900
2024-04-10,416.8616943359375,417.62004361877445,413.3555123677214,415.8078620441207,16216600
2024-04-11,421.46112060546875,422.87935502001585,415.97531318643956,419.38303118441615,17966400
2024-04-12,415.5222473144531,418.7526632511182,413.42444113170603,417.6397403424306,19253800
2024-04-15,407.38714599609375,420.36790078356154,407.18029886088704,420.15122525352587,20273500
2024-04-16,408.31292724609375,412.0751888679084,407.4758004410801,408.3030988508173,16765600
2024-04-17,405.6143798828125,412.5479675035141,404.12719631602147,410.94260273654885,15855500
2024-04-18,398.1587829589844,405.6636193685748,397.843643128254,404.42265672373026,21029900
2024-04-19,393.0866394042969,399.35051316442866,391.7570408652649,397.9224202787546,30565800
2024-04-22,394.8988342285156,396.76027825597146,389.7676002006902,394.0321320394096,20286900
2024-04-23,401.4089050292969,402.0293863346637,396.9670716039761,398.1292267170022,15734500
2024-04-24,402.8763427734375,406.2347982871372,400.6308101493401,403.36878440202247,15065300
2024-04-25,393.0078430175781,393.8449998393028,382.16426819567243,388.0735680343126,40586500
2024-04-26,400.17779541015625,406.7568087350332,399.6262631587446,405.9393688090581,29694700
2024-04-29,396.1693115234375,400.17779380940664,393.1555709987601,399.12396145400385,19582100
2024-04-30,383.44464111328125,396.0807119739039,383.2870862186978,395.4208268707794,28781400
2024-05-01,388.9698181152344,395.6473257764034,384.4098035661703,386.6750231640028,23562500
2024-05-02,391.8259582519531,393.88436068854867,388.68417820234623,391.6486864760746,17709400
2024-05-03,400.51263427734375,400.99521746175435,395.7851765465019,396.1988407447482,17446700
2024-05-06,407.2886657714844,407.67275464571117,400.22703898277103,402.58092459776026,16996600
2024-05-07,403.1521301269531,408.4015749957849,402.90590929968624,408.3917165446932,20018200
2024-05-08,404.333984375,405.9984394987751,400.5618646353196,401.99981584395204,11792300
2024-05-09,406.08709716796875,406.48104448418644,402.91577167959764,404.3635513602943,14689700
2024-05-10,408.4704895019531,409.1008292398404,405.5749302005713,406.69771158758806,13402300
2024-05-13,407.4659118652344,412.02592626132173,404.6097563640546,411.6910695528216,15440200
2024-05-14,410.26300048828125,411.1789347782618,405.3287253515243,405.79162172220066,15109300
2024-05-15,417.4360046386719,418.15627711467357,411.7035137509103,412.32511422725236,22239500
2024-05-16,415.3738708496094,419.744796345379,414.7424242787078,416.1730628235195,17530100
2024-05-17,414.60430908203125,417.2781788386251,412.4533979292135,416.903243294278,15352200
2024-05-20,419.6658935546875,421.0768099021397,414.3872573782501,414.6043237478942,16272100
2024-05-21,423.3165588378906,427.19412489848247,419.18245157588046,421.13601884677456,21453300
2024-05-22,424.77679443359375,426.6415960323189,421.43203314716374,424.3525379179631,18073700
2024-05-23,421.3037109375,427.8156712738496,419.7448017896618,427.194070817087,17211700
2024-05-24,424.4215393066406,425.3095270127513,418.74824604311783,421.49115879915024,11855300
2024-05-28,424.5794677734375,425.07279769134385,420.9090919797955,423.8986700778892,15718000
2024-05-29,423.44482421875,425.1912013264544,420.011237075474,420.011237075474,15517100
2024-05-30,409.1382141113281,418.639722265152,408.7139275324575,418.639722265152,28394500
2024-05-31,409.59210205078125,411.1904861655314,399.11377942255837,411.1904861655314,47995300
2024-06-03,408.0035095214844,410.8746928703061,403.46489897631534,409.98670515974976,17484700
2024-06-04,410.51953125,410.88459054146256,404.21476096620233,406.9280752908703,14348900
2024-06-05,418.3536376953125,418.42268099839066,410.746468843911,412.23633479956106,16988000
2024-06-06,418.8568115234375,419.63628120393724,414.96936946485204,418.35363549566944,14861300
2024-06-07,418.1957702636719,420.59334639709124,417.3571033955117,420.51442686018504,13621700
2024-06-10,422.1620788574219,422.3692689624298,418.2351925422475,419.03438448631385,13982900
2024-06-11,426.9079284667969,427.04607528322305,419.57705383558175,419.8039964152252,14551100
2024-06-12,435.1761779785156,437.48495834500466,427.47036718999846,429.51276024474697,22366200
2024-06-13,435.689208984375,437.4750908737884,433.508699318619,434.9689666213265,15960600
2024-06-14,436.666015625,437.22841891267086,430.89405002785384,432.43323683903066,13582000
2024-06-17,442.3886413574219,444.92436422206765,434.84070005199675,436.68574902549324,20790000
2024-06-18,440.3857421875,444.1350675846114,438.95510350912195,443.71078097637735,17112500
2024-06-20,439.7543029785156,440.5732173975681,435.383377000911,440.3462747944722,19877400
2024-06-21,443.7798156738281,444.56913141990066,440.553449170913,441.4118383251449,34187100
2024-06-24,441.6980285644531,446.71024735686916,440.45482751735335,443.79958875342635,15913700
2024-06-25,444.9342956542969,445.3980270134928,440.79031201422777,442.27030186989947,16413400
2024-06-26,446.12811279296875,447.5489053584295,442.2110720595261,443.0102641137892,16507000
2024-06-27,446.8089294433594,450.0846474477425,445.7433199188156,446.1478540799415,14806300
2024-06-28,440.9875793457031,449.305113661538,440.45477465939115,447.02593208902044,28362300
2024-07-01,450.63714599609375,451.2685926172397,439.71481466960876,442.67479410049566,17662800
2024-07-02,453.1530456542969,453.4589077388543,447.0653423274875,447.1541681937451,13979800
2024-07-03,454.62322998046875,454.86989493305913,451.7717987859675,452.07766091834213,9932800
2024-07-05,461.3226318359375,462.1021014719612,452.8472281684966,453.478674753155,16000300
2024-07-08,460.020263671875,461.4608086849496,458.26401040115894,460.3261258064599,12962300
2024-07-09,453.4096374511719,461.09569535136285,451.89017298008986,460.77011087707854,17207200
2024-07-10,460.03009033203125,460.23728044044634,452.73866061347735,455.0671931892753,18196100
2024-07-11,448.6342468261719,458.5797648874454,445.5262442034591,456.8037891977259,23111200
2024-07-12,447.4995422363281,450.2720538778231,444.6382348256943,448.26913567933263,16324300
2024-07-15,447.904052734375,451.1600479833261,445.40780476541227,447.2528536845848,14429400
2024-07-16,443.5233154296875,448.23954820722287,440.7014827721708,448.1606286695201,17175700
2024-07-17,437.6033630371094,438.9156374910901,433.32126292871686,436.68577660898285,21778000
2024-07-18,434.495361328125,438.71826397070777,428.6050012530057,438.4124018485707,20794800
2024-07-19,431.27886962890625,435.2551377032439,426.23705228293636,427.3223841326024,20940400
2024-07-22,437.03106689453125,438.6689256733767,433.05482935357276,435.89641421757136,15808800
2024-07-23,438.9156188964844,442.40840302613475,437.1889642431626,437.9782800404941,13107100
2024-07-24,423.1783752441406,435.5905721860423,421.88585333621705,434.5743138131604,26805800
2024-07-25,412.8184509277344,424.066366533815,411.94033937034624,423.0797067418699,29943800
2024-07-26,419.5968017578125,423.19813411147953,411.7035233681291,412.6211398648851,23583800
2024-07-29,421.0373840332031,426.38506375397617,419.0344656688485,425.822660392389,15125800
2024-07-30,417.2781982421875,423.32639784774454,411.79234175836467,422.0141534919779,32687600
2024-07-31,412.76910400390625,416.1533396507724,406.7109988096176,414.8904164009859,42891400
2024-08-01,411.545654296875,421.7575892383458,407.57929274476925,415.1765852410534,30296400
2024-08-02,403.0406799316406,409.4638453090681,398.9460475006439,406.98731940449915,29437900
2024-08-05,389.87860107421875,395.6900415573509,380.43625987349014,383.9783949357412,40709200
2024-08-06,394.27911376953125,400.2582999432438,393.18393582915473,394.6639255499671,24946500
2024-08-07,393.1148681640625,404.60944914169323,392.16768315982324,403.18868669056855,20650900
2024-08-08,397.31805419921875,400.4457490366174,394.6047396336136,397.0713892387092,20203000
2024-08-09,400.6036071777344,402.60652539742165,396.8937867490897,398.6401637815713,19276700
2024-08-12,401.383056640625,403.30705522680034,398.84733381774834,401.6297215819056,16762900
2024-08-13,408.4870300292969,409.41449264240543,404.10625814496586,404.1259805010332,19414300
2024-08-14,411.29901123046875,412.1475543601763,406.94786778270196,409.2664943452795,18267000
2024-08-15,416.1620788574219,416.2411406304339,412.8310473922666,414.9462891736181,20752100
2024-08-16,413.6317138671875,416.46852653153576,412.4752279591184,415.73709195319884,22775600
2024-08-19,416.65631103515625,416.87376862371895,411.64492262923585,414.11601787893187,15234000
2024-08-20,419.8885192871094,420.93626132598814,416.7650812391523,416.82438511571235,16387600
2024-08-21,419.2361755371094,421.4700252660244,416.8441419181339,419.1768414959673,16067300
2024-08-22,410.7454833984375,421.8555493177983,409.8163490739685,419.45362155809136,19361900
2024-08-23,411.97113037109375,414.41257372157986,407.32545916499066,412.15893602611095,18493800
2024-08-26,408.70928955078125,412.4554786638681,406.58415351672016,411.55599630876077,13152800
2024-08-27,409.05523681640625,409.5692137906275,405.5067475085558,408.0865565785304,13492900
2024-08-28,405.85272216796875,410.2018441208808,402.6007521142328,410.08323636580656,14882700
2024-08-29,408.34356689453125,417.17031240351145,405.85271359636084,410.14253158113485,17045200
2024-08-30,412.3171081542969,412.663037378181,407.3650233246306,410.7949049431994,24308300
2024-09-03,404.7060852050781,415.0253810540411,402.32394584007614,413.07815685238506,20313600
2024-09-04,404.17236328125,406.4853049884444,399.6947395600007,401.2169427939581,15135800
2024-09-05,403.6682434082031,408.3237783354607,401.4343636867301,402.9071267784607,14195500
2024-09-06,397.0555725097656,405.9020748639309,396.1659541424797,404.33046200098624,19609500
2024-09-09,401.0291442871094,403.9252609488484,397.50041270369564,402.5315594789773,15295100
2024-09-10,409.4111022949219,411.5164502597468,402.9862541865475,403.48047327180706,19594300
2024-09-11,418.1488952636719,419.08789343392027,404.84449566929334,410.6960629554886,19266900
2024-09-12,422.0630798339844,422.42879711427406,414.89690341994134,418.415740735589,17395700
2024-09-13,425.6115417480469,426.8371952929349,420.54084966063596,420.9065669174341,15874600
2024-09-16,426.3529357910156,428.5176178937892,423.26901338836296,425.6215011650568,13834700
2024-09-17,430.11883544921875,436.7413828200211,427.2721288798558,435.14011791593873,18874200
2024-09-18,425.8290100097656,430.9886580324637,425.43364080776206,429.9705680090547,18898000
2024-09-19,433.617919921875,436.39542861722236,431.8486072464737,436.12856118496126,21706600
2024-09-20,430.2374267578125,434.16152709216163,429.19957885288886,432.1648930552261,55167100
2024-09-23,428.497802734375,431.41367697848,425.4138807437856,429.25888919848313,15128900
2024-09-24,424.2080383300781,428.33970279345715,421.17352579677157,427.9937433882553,17015800
2024-09-25,427.1139831542969,428.1123153119531,423.61493391499886,424.8603454388432,13396400
2024-09-26,426.3232421875,430.2671006249204,424.1684543301705,430.0595370663028,14492000
2024-09-27,423.0712585449219,426.85699330507344,422.52762966372916,426.5307918445686,14896100
2024-09-30,425.3249206542969,425.4435585697777,420.4519278512811,423.2590885562286,16807300
2024-10-01,415.8260498046875,423.52599147760804,413.9677812470877,423.49633953955015,19092900
2024-10-02,412.30718994140625,417.93140514988795,411.89203266645677,417.6941594936009,16582300
2024-10-03,411.7240295410156,414.699207817815,409.50004373541833,412.80142348929195,13686400
2024-10-04,411.2496032714844,414.8969427153237,410.17220923179,413.4043913508732,19169700
2024-10-07,404.8049621582031,412.287415913181,404.2711971193028,411.190264062665,20919800
2024-10-08,409.9151916503906,410.8542199929417,403.4508276328713,406.14924457508937,19229300
2024-10-09,412.63336181640625,415.51961434814075,409.5098937927917,411.0518548194861,14974300
2024-10-10,411.0320739746094,412.5246250787664,408.37317321416026,410.4291412448218,13848400
2024-10-11,411.5066223144531,412.3072548892894,408.4721096265101,411.32871066776545,14144900
2024-10-14,414.2939758300781,419.137316675548,412.692680707405,412.9397902420181,16653100
2024-10-15,413.8985595703125,417.59533856944756,410.45881429415135,417.2987890411578,18900200
2024-10-16,411.3088684082031,411.5460839058675,405.7340930599272,410.36987028679,15508900
2024-10-17,411.9019470214844,417.61511832115826,410.78500708577025,417.4767225011017,14820000
2024-10-18,413.3253173828125,414.79808063402476,411.44729085370335,412.3171212877513,17145300
2024-10-21,413.9381408691406,414.1160525024568,408.96629801765454,411.3088916838687,14206100
2024-10-22,422.5672302246094,425.6017126142665,413.20671913798,413.65149823512496,25482200
2024-10-23,419.69085693359375,426.0959170295647,417.64478266305224,425.8784594235447,19654400
2024-10-24,419.8193359375,421.0548835944768,417.5162582126422,420.4123746810587,13581600
2024-10-25,423.1997985839844,427.51926858228103,421.638079540004,421.82588520642906,16899100
2024-10-28,421.6578063964844,426.94595627618617,421.37115090072086,426.66919481416045,14882400
2024-10-29,426.95587158203125,428.16176733338216,420.87695281886124,423.05152881793293,17644100
2024-10-30,427.5291442871094,433.43012114532394,427.10412312962825,432.38237913794643,29749100
2024-10-31,401.65185546875,411.3484314804884,401.60241546152275,410.55766284750285,53971000
2024-11-01,405.6253967285156,410.6960897386511,402.78858379903807,404.2811351978572,24230400
2024-11-04,403.7374267578125,405.67478719502446,400.88085627166146,405.06193022116906,19672300
2024-11-05,406.7027282714844,410.1029577159873,403.36180269923256,403.64845819160416,17626000
2024-11-06,415.3219299316406,415.58882753455555,405.77361389082967,407.65167048638625,26681800
2024-11-07,420.5111999511719,421.9147952799536,415.02538074069076,416.40918800268514,19901800
2024-11-08,417.6546325683594,421.568838898406,416.90340997880253,420.4024892096892,16891400
2024-11-11,413.1770324707031,419.89839969038087,411.1902621762221,417.6348679260246,24503300
2024-11-12,418.13897705078125,419.5326784209289,412.37639607879026,413.41424403977334,19401200
2024-11-13,420.283935546875,424.3661599826618,413.3747320030266,416.76509796101305,21502200
2024-11-14,421.954345703125,423.2195452366953,415.14399286491056,420.0861832561595,30246900
2024-11-15,410.2018127441406,417.91161788162964,408.8575514031372,414.96609164012756,28247600
2024-11-18,410.9530334472656,413.5624943414024,407.33534638732004,410.07330906060787,24727000
2024-11-19,412.9595947265625,413.1078544202765,406.79171998540573,408.33368112951007,18133500
2024-11-20,410.6861267089844,412.4653333453386,405.8328921341125,412.0501760807684,19191700
2024-11-21,408.913330078125,415.7571129679985,406.35806834126146,415.4797975064388,20780200
2024-11-22,413.00372314453125,413.39988374041405,407.1206461090675,407.4276728377604,24814600
2024-11-25,414.776611328125,417.0446437711569,410.87436717729366,414.37053686089325,27691100
2024-11-26,423.888427734375,424.92838338966095,414.83603494213827,415.5689336176803,23458900
2024-11-27,418.93634033203125,423.13572759358533,417.97563494679554,421.03601885024915,18332400
2024-11-29,419.40185546875,420.8082605091315,413.796093210805,416.06415596091114,16271900
2024-12-02,426.84979248046875,428.8504232970242,417.27244986667705,417.52996787602956,20207200
2024-12-03,427.0676574707031,428.32547569363487,423.6407942127541,425.72067515411175,18302000
2024-12-04,433.2280578613281,435.4564952904926,428.483953715763,428.8801143248133,26009400
2024-12-05,438.3782043457031,440.3986627358307,431.9900352112823,433.72326431540773,21697800
2024-12-06,439.319091796875,441.8248445475462,437.5363238090719,438.06124339003895,18821000
2024-12-09,441.74560546875,444.03346541962105,436.2785166631167,438.3583975889403,19144400
2024-12-10,439.0813903808594,445.31111943385133,437.3679889585384,440.13125981361975,18469500
2024-12-11,444.6871643066406,446.034146674654,439.7945036123786,439.7945036123786,19200200
2024-12-12,445.251708984375,451.7884649521135,444.8060093995974,444.8060093995974,20834800
2024-12-13,442.9836120605469,447.10374865296643,441.3098056253416,444.14241275611795,20177800
2024-12-16,447.2622375488281,447.8465797272876,441.01271109813007,442.9836304987913,23598800
2024-12-17,450.104736328125,450.92679906279125,445.26161469090005,446.6878170659997,22733500
2024-12-18,433.1983337402344,448.3120705924071,432.83185420697276,446.9948298056794,24444500
2024-12-19,432.8417663574219,438.93282241461935,432.13857903304347,437.38777493352876,22963700
2024-12-20,432.4158935546875,439.48745236080407,424.5222720446017,428.95931906801104,64263700
2024-12-23,431.0788879394531,433.45588208065465,428.68206611928935,432.554599216363,19152500
2024-12-24,435.1197509765625,435.38718282685113,430.02902490868655,430.48460812290455,7164500
2024-12-26,433.9114074707031,436.7143034093448,432.44561022869516,434.8721127935591,8194200
2024-12-27,426.404052734375,431.0491089535002,422.2641186475361,430.43505550450976,18117700
2024-12-30,420.7586975097656,423.45263204127576,417.8567839421245,421.9769208859116,13158700
2024-12-31,417.4606018066406,422.64049156656444,416.6286554798762,422.016524265212,13246500
2025-01-02,414.568603515625,421.9868450538027,410.8743686174563,421.45201157982797,16896500
2025-01-03,419.29290771484375,419.9663838035234,415.5194225803269,417.0446425061394,16662900
2025-01-06,423.749755859375,430.1577525838614,421.4024733118246,423.8983123069827,20573600
2025-01-07,418.322265625,426.52291408196885,416.76730426764124,424.8887326935554,18139100
2025-01-08,420.4912414550781,422.87814893015604,417.5001944020304,419.40177722214224,15054600
2025-01-10,414.93505859375,420.63983782074297,411.042698272716,420.56061778951556,20201100
2025-01-13,413.19195556640625,414.489399057034,408.3389196630922,411.26063086426467,17604800
2025-01-14,411.6865234375,415.71749643981025,406.78394867710017,413.805999460752,16935900
2025-01-15,422.2244873046875,424.04685017409594,414.2615295855494,415.1133035563719,19637800
2025-01-16,420.51104736328125,425.3739962723433,420.32289602505284,424.59158895645874,15300000
2025-01-17,424.91845703125,430.31623990051855,424.06671321451194,429.9299628963343,26197500
2025-01-21,424.3935546875,426.770548715405,421.52135231106814,426.07727516253885,26085700
2025-01-22,441.9239501953125,442.9836731089654,431.8216876151847,433.36673527212855,27803800
2025-01-23,442.42901611328125,442.46864124256984,437.26895379651836,437.7641621247137,18389300
2025-01-24,439.804443359375,442.3696190202124,437.16993127456703,440.8939077892008,15549500
2025-01-27,430.39544677734375,431.0293279263355,419.4414413066827,419.9465634582157,35647800
2025-01-28,442.9143371582031,444.08302154903276,427.24593852989443,430.43508134605355,23491700
2025-01-29,438.09100341796875,442.5974175154718,436.17950645057016,442.40923592540474,23581400
2025-01-30,411.01300048828125,418.8075747745586,409.20055129765046,414.75677425796516,54586300
2025-01-31,411.0823059082031,416.65835612531487,410.93374946527524,414.96475222570615,34161900
2025-02-03,406.9820251464844,411.42898625512174,404.7436738342851,407.6555012178145,25679100
2025-02-04,408.4180908203125,409.9532546940812,405.81329031153365,408.7350313881363,20532100
2025-02-05,409.3293151855469,409.8641184268012,406.4669964929513,408.39832109505767,16316700
2025-02-06,411.83502197265625,414.1922182257068,410.03245657619226,410.03245657619226,16309800
2025-02-07,405.8232116699219,414.63791357819275,404.1890302854019,412.48872643025265,22886800
2025-02-10,408.2695617675781,411.47850211303046,406.9820321839411,409.74527293691693,20817900
2025-02-11,407.4970397949219,408.5369652151938,405.3775335991668,405.714301867279,18140600
2025-02-12,405.1200256347656,406.813629604169,400.4947666868975,403.30754628100544,19121700
2025-02-13,406.6056213378906,407.0612044905901,402.465657162982,403.0995382668374,23891700
2025-02-14,404.5158386230469,404.99124946496545,401.99028842093395,403.88198772560423,22758500
2025-02-18,405.7142639160156,406.6650553734785,402.6043413346739,404.08996621044764,21423100
2025-02-19,410.7951354980469,411.5082367513966,403.7433732288774,403.97117995741957,24114200
2025-02-20,412.9684753417969,416.1243081620841,409.4057538443196,412.1348608394034,23508700
2025-02-21,405.1086730957031,414.87391143663706,404.79112726813156,414.16931404241177,27524800
2025-02-24,400.9306335449219,406.25983043716724,396.2861968407472,405.4063787741937,26443700
2025-02-25,394.876953125,398.8664306026397,393.6860882830661,398.05265327493277,29387400
2025-02-26,396.6930847167969,400.53367776380867,391.25470780563023,394.9861511086002,19619000
2025-02-27,389.54779052734375,402.6574203650982,389.19054012926085,398.22137954122604,21127400
2025-02-28,393.973876953125,394.6090291195634,383.6330593862238,389.67678725566606,32845700
2025-03-03,385.5384521484375,395.7899873220531,383.2261675615013,395.7899873220531,23007700
2025-03-04,385.65753173828125,389.59737098453536,378.10536303990614,380.48712304915495,29342900
2025-03-05,397.9732360839844,398.61832193178543,385.8560101474748,386.3819822563368,23433100
2025-03-06,393.8746643066406,399.09468114787944,389.6966277473878,391.28447789138556,23304600
2025-03-07,390.32183837890625,391.80050846371955,382.61088158953936,389.33936956128906,22034100
2025-03-10,377.2717590332031,383.4643412864511,374.3540930979484,382.90859827837613,32840100
2025-03-11,377.5595703125,383.0673924681545,374.0464567305875,376.1205744700273,30380200
2025-03-12,380.3581237792969,382.2933209136247,376.0709676751301,380.0405779726452,24253600
2025-03-13,375.8923034667969,382.3925583494832,374.58235511618193,380.2489652043101,20473000
2025-03-14,385.6079406738281,387.2652662935844,376.6267095180303,376.8946473094157,19952800
2025-03-17,385.74688720703125,389.7264008785539,382.6406623483486,383.7620820869245,22474300
2025-03-18,380.6062316894531,384.4269877309022,378.2046343736099,384.1292790671939,19486900
2025-03-19,384.8735656738281,386.719419886704,381.0825806498319,382.60095534567967,19185500
2025-03-20,383.9010314941406,388.81343664918575,380.3680805381929,382.80938253905003,18470500
2025-03-21,388.28741455078125,388.76374837124365,379.8916675364793,380.30848991510493,39675900
2025-03-24,390.09356689453125,392.39594799568545,386.8484215764684,392.39594799568545,21004500
2025-03-25,392.1578063964844,393.34867131877104,389.65696280253144,390.9272368910712,15775000
2025-03-26,387.0072326660156,392.30665877239477,385.61787512073846,391.99901639757354,16108400
2025-03-27,387.6125793457031,389.259971232933,384.4567464670721,387.1660163642304,13766800
2025-03-28,375.9220886230469,386.1736243280803,374.0663006272135,385.13158343812927,21632000
2025-03-31,372.5379943847656,374.20522334023684,364.449889664545,369.7096411618319,35184700
2025-04-01,379.2863464355469,379.9413357760227,370.3944277527412,371.80362246362756,19689500
2025-04-02,379.2367248535156,382.1543604865691,373.7586433966847,375.0983928958324,16092600
2025-04-03,370.2752990722656,374.61212363444304,366.54388609690864,371.9425583652147,30198000
2025-04-04,357.10614013671875,371.74407816646067,356.74888974568233,361.363555677575,49209900
2025-04-07,355.1412048339844,368.1813904507078,342.1705249584387,348.21425358249337,50425000
2025-04-08,351.8662414550781,370.8112022714622,347.5889889390993,365.46216834014683,35868900
2025-04-09,387.52325439453125,390.24245792204835,350.41733953240174,350.85399906862426,50199700
2025-04-10,378.45269775390625,380.983312003396,365.00562576710445,379.1572950457799,38024400
2025-04-11,385.498779296875,387.0865991344375,376.0114134245454,377.7481178718862,23839200
2025-04-14,384.8636474609375,391.651677567929,381.29099206627785,390.23254912743425,19251200
2025-04-15,382.7994384765625,388.9126416904877,381.24135923720473,385.5583162962043,17199900
2025-04-16,368.78668212890625,378.7107072268867,365.20412360568145,377.77787673053996,21967800
2025-04-17,364.9858093261719,371.4761304955969,364.10258680355696,370.9104537724408,21120200
2025-04-21,356.3916320800781,361.7109259917268,352.9678611353571,360.06353397111536,20807300
2025-04-22,364.0331115722656,364.9758758256959,357.12596800122816,360.6192443688487,19485000
2025-04-23,371.5456237792969,377.50003937654276,370.18600677791767,373.20291916052497,20545500
2025-04-24,384.35748291015625,385.49877003384853,372.33950296048084,372.8456379358323,22232300
2025-04-25,388.8729553222656,389.1805976978566,381.67803664886475,384.05979677325973,18973200
2025-04-28,388.1882019042969,389.7561846754867,383.7025530868883,388.9821118643913,16579400
2025-04-29,391.0462951660156,392.0982394081848,387.41409832984397,388.3270916828822,14974000
2025-04-30,392.2570495605469,393.6464071015826,381.5192464831796,387.3347110069874,36461100
2025-05-01,422.16802978515625,433.669971462135,421.67182852064957,427.8346397458207,58938100
2025-05-02,431.9729919433594,436.1013902925972,426.7231738378541,428.4598783453456,30757400
2025-05-05,432.85626220703125,436.1609495915282,428.8270797245025,429.58131540385136,20136100
2025-05-06,430.0179443359375,434.4043769104007,427.8942186382879,428.91639204817295,15104200
2025-05-07,430.0576477050781,434.79139692835327,427.83464541633373,430.54391525930873,23295300
2025-05-08,434.841064453125,440.2992788018954,432.35012421343623,434.6028672327044,23491300
2025-05-09,435.3967590332031,437.3914674607305,432.5684058555715,436.6570993033328,15324200
2025-05-12,445.8467712402344,445.9559209816134,436.43878433354007,442.551987565255,22821900
2025-05-13,445.7276916503906,447.24606632617565,441.9763809723924,444.37800844651383,23618800
2025-05-14,449.4988098144531,450.45150777480933,444.73528972695,444.73528972695,19902800
2025-05-15,450.512939453125,453.55526390744575,447.82852124457236,448.16655392379437,21992300
2025-05-16,451.6463623046875,451.735838870633,446.13838030321216,449.4391826540583,23849800
2025-05-19,456.2197570800781,456.9355998797858,448.1963586877965,448.27591363294266,21336500
2025-05-20,455.5238342285156,455.69283539558984,451.69606398891386,452.9587181303489,15441800
2025-05-21,449.9561462402344,455.1360468945702,449.2005259832327,451.944595050179,19216900
2025-05-22,452.2329406738281,457.5918252828005,451.27849365115543,452.32244757902833,18025600
2025-05-23,447.5799865722656,451.06972434232773,446.3173323563206,447.38115987330883,16883500
2025-05-27,458.02923583984375,458.2877438900054,453.48562310372705,453.8435596609756,20974300
2025-05-28,454.718505859375,459.8487079553447,454.29099660337516,458.5562282330538,17086300
2025-05-29,456.0308837890625,459.05333474747385,452.68035209769624,458.884303233251,13974800
2025-05-30,457.7011413574219,459.0135248792732,452.90900269221845,457.0648535034259,34770500
2025-06-02,459.3018798828125,459.44105553120437,454.2512329224997,454.49978904014216,16626500
2025-06-03,460.2961120605469,461.4593680607732,458.1982826150306,458.8047753297213,15743800
2025-06-04,461.1908874511719,463.00038321907994,460.3457906064832,461.3201414833542,14162700
2025-06-05,464.9788818359375,466.93750520910584,461.3499686746429,462.2745901279283,20131700
2025-06-06,467.6632995605469,470.6061954238558,466.0725343793748,467.37496597576217,15285600
2025-06-09,470.0196228027344,470.69568816704816,465.9134708467471,466.98725027602023,16469900
2025-06-10,468.2001953125,470.06931180763127,464.26304461137784,468.4686249933991,15375900
2025-06-11,469.8903503417969,472.72389606625393,466.9474544926898,467.30536072753216,16399200
2025-06-12,476.104248046875,477.6453141185156,470.7851412769109,472.2764779222473,18950600
2025-06-13,472.2168273925781,476.4124557062983,470.0295518485209,473.6584649544854,16814500
2025-06-16,476.3727111816406,477.91374692205306,472.25660744971805,472.4653860858625,15626100
2025-06-17,475.279052734375,475.97499162724574,471.3419021646973,472.65428568792316,15414100
2025-06-18,477.4663391113281,478.2219594008936,471.71972301658775,475.2392860574369,17526500
2025-06-20,474.64276123046875,480.667759158903,474.1158234691147,479.44488246554124,37576200
2025-06-23,483.19305419921875,484.9329468840925,469.78097686904323,475.4480376949825,24864000
2025-06-24,487.2793273925781,489.009298556199,483.9884469122188,486.1260537385937,22305600
2025-06-25,489.4268493652344,491.70363180611855,486.5635084927723,489.1981971647186,17495100
2025-06-26,494.57696533203125,495.1635541172166,489.9637493151316,490.13278082199906,21578900
2025-06-27,493.07568359375,496.4162632322767,490.1824867596744,494.6763704185467,34539200
2025-06-30,494.5372009277344,497.86785899517616,492.4691970236715,494.1693427257206,28369000
2025-07-01,489.2081298828125,495.17347659984546,488.14433277768,493.602615314542,19945400
2025-07-02,488.2536926269531,490.6497772469701,485.87751191483574,487.1600396387865,16319600
2025-07-03,495.9589538574219,497.2415119784696,490.59014753996934,490.9580057562307,13984800
2025-07-07,494.84539794921875,495.8694479262707,492.36978876052433,494.50736527479916,13981600
2025-07-08,493.7517395019531,495.3226311177228,491.25622643335066,494.36815380384166,11846600
2025-07-09,500.6019592285156,503.8530622357068,496.85371365827956,497.41047691930333,18659500
2025-07-10,498.58367919921875,501.52657502305914,494.87521114411277,500.14458849842043,16492100
2025-07-11,500.4130554199219,502.1131707269345,494.9249170598048,495.59106078877636,16459500
2025-07-14,500.1147766113281,501.05930198422453,498.1362796464767,498.6234399223271,12058800
2025-07-15,502.89862060546875,505.36427783294863,499.88612172349406,500.11477392946824,14927200
2025-07-16,502.6997375488281,503.7933904598671,498.99129994586445,502.26227638441253,15154400
2025-07-17,508.7446594238281,510.40499725185873,502.6997578215743,502.75940886082554,17503100
2025-07-18,507.10418701171875,511.6677041033988,504.499323712682,511.50859420333654,21209700
2025-07-21,507.1141052246094,509.132409924825,502.630143381304,503.7834473494323,14066800
2025-07-22,502.3517761230469,508.2475501614973,502.3517761230469,508.01886761548803,13868600
2025-07-23,502.9483337402344,503.8630336136484,497.80821016060554,503.8232561388069,16396600
2025-07-24,507.92938232421875,510.70324664183266,504.370041868975,505.83155299665924,16107000
2025-07-25,510.74310302734375,515.2966076642933,507.41241445610984,509.51021364184703,19125700
2025-07-28,509.5400390625,512.0256002286585,507.17377997770546,511.110930710653,14308000
2025-07-29,509.6096496582031,514.6304711522027,508.60547322287385,512.5525759685828,16469200
2025-07-30,510.2757568359375,512.9701269930791,506.49771598970693,512.1946027794743,26380400
2025-07-31,530.4187622070312,552.2420017670738,528.8280273057109,552.0232408256204,51617300
2025-08-01,521.0830078125,532.7054950837879,517.8517780654563,531.9101275902764,28977600
2025-08-04,532.54638671875,535.141297909759,525.0797515616827,525.218957545317,25349000
2025-08-05,524.701904296875,534.196734767709,524.194840165689,534.077432699505,19171600
2025-08-06,521.908203125,528.6291703469228,521.0034855448089,527.8338028961505,21355700
2025-08-07,517.8319091796875,525.0400367197672,514.5608717763297,523.757448292983,16079100
2025-08-08,519.0249633789062,521.629826851029,516.4101479520375,519.5817267008259,15531000
2025-08-11,518.7565307617188,524.5429245664681,516.7183220142601,519.2834381856256,20194400
2025-08-12,526.183349609375,527.9132904806338,519.6811434112465,520.7250669698358,18667000
2025-08-13,517.5734252929688,529.6234217995657,516.3703917601634,529.0368026236954,19619200
2025-08-14,519.4623413085938,522.9123315064297,517.1358902118243,519.5418962511537,20269100
2025-08-15,517.1657104492188,523.0614541020369,516.0820397908819,519.7507304052322,25213300
2025-08-18,514.1134033203125,519.8003983365775,511.0512359172718,518.5775217659684,23760600
2025-08-19,506.8258056640625,512.1846598699071,505.61285057663105,512.0256106523992,21481000
2025-08-20,502.7991943359375,508.0486982628479,501.52658824278717,506.925219770199,27723000
2025-08-21,502.15185546875,505.5278315490841,500.6381609615915,501.6041452591809,18443300
2025-08-22,505.1295166015625,508.6150227226763,500.32946944945456,502.1618461633245,24324200
2025-08-25,502.17181396484375,506.0855321115255,502.0323791323648,504.5319946732823,21638600
2025-08-26,499.96099853515625,502.88882606141556,496.4456179190968,502.2713680297872,30835700
2025-08-27,504.6415100097656,505.1892506185915,497.82983904056124,499.9211487290224,17277900
2025-08-28,507.5295104980469,508.9734875719172,503.4066403395377,504.9900522378754,18015600
2025-08-29,504.59173583984375,507.4896888132377,502.40083415821226,506.5535790393771,20961600
2025-09-02,503.0282287597656,503.90458943006223,494.75264396148896,498.3974910813857,18128000
2025-09-03,503.2572937011719,505.68719181229375,500.2398424947412,501.70375627159575,16345100
2025-09-04,505.866455078125,506.04570238922344,501.0664078062513,502.2116394820944,15509500
2025-09-05,492.9501647949219,509.8498918622262,490.3310509759443,506.9619070760115,31994800
2025-09-08,496.13690185546875,499.1244784694731,492.9800158612091,496.04724781279185,16771000
2025-09-09,496.3460388183594,500.17013335375145,495.6389875077243,499.3535217605099,14410500
2025-09-10,498.29791259765625,501.1460848531792,494.6630336933239,500.8971201283455,21611800
2025-09-11,498.9352722167969,501.08633106619584,495.8182290284252,500.17012751524385,18881600
2025-09-12,507.7884521484375,510.42747218178897,501.7635178992086,504.55191069082485,23624900
2025-09-15,513.225830078125,513.3353599697668,504.9004642300766,506.68306017742736,17143800
2025-09-16,506.9320068359375,515.0880630075219,506.4938265025834,514.7395367165727,19711900
2025-09-17,507.9079284667969,509.1726886784055,503.8348693472275,508.5054498653079,15816600
2025-09-18,506.3444519042969,510.9453149965379,505.55771489166153,509.37184097126715,18913700
2025-09-19,515.78515625,517.1494779837726,508.1967168320822,508.44568153944795,52474100
2025-09-22,512.319580078125,515.5959337012963,510.4174557013089,513.4548737162081,20009300
2025-09-23,507.1212463378906,512.4590659268906,505.2091838485409,511.67229848312854,19799600
2025-09-24,508.0373840332031,510.35772177145367,504.82077941210207,508.26644250853604,13533700
2025-09-25,504.9303283691406,507.89799878212006,502.94857891661616,506.1950582100621,15786500
2025-09-26,509.34197998046875,511.8117209714621,504.52202659403474,507.94778361103766,16213100
2025-09-29,512.4689331054688,514.7096154882738,506.77264973451184,509.3817950243417,17617800
2025-09-30,515.8051147460938,516.0142062084105,507.54943619028296,511.11459757878936,19728200
2025-10-01,517.557861328125,518.3545363078492,509.5710533372991,512.6681599915194,22632300
2025-10-02,513.604248046875,519.439966484546,508.5652045551738,515.496404228155,21222900
2025-10-03,515.20751953125,518.3345307125708,512.8672756929882,514.9585548343116,15112300
2025-10-06,526.3811645507812,528.8309994124726,516.0541122577388,516.4623876768178,21388600
2025-10-07,521.8101196289062,527.6060256392368,519.2806599401652,526.1022689962125,14615200
2025-10-08,522.676513671875,524.7678538085896,520.923853084141,521.1130687043808,13363400
2025-10-09,520.2366943359375,522.158694647609,515.2574000210162,520.1769452354545,18343600
2025-10-10,508.84405517578125,521.4118200258811,507.5195762105422,517.4881335274953,24133800
2025-10-13,511.9212341308594,514.2714464494894,509.56105349845876,514.2714464494894,14284200
2025-10-14,511.4432373046875,513.1461778212379,503.9045785101632,508.11707238992415,14684300
2025-10-15,511.3038024902344,515.0482414945574,507.888013925759,512.8274957075639,14694700
2025-10-16,509.4913330078125,514.7096236704256,506.02576365101777,510.4573477017149,15559600
2025-10-17,511.4532470703125,513.3453425707617,505.2091921192977,506.93203901166436,19867800
2025-10-20,514.6498413085938,516.5519656323323,511.30377036778043,512.4788764440519,14665600
2025-10-21,515.5162963867188,516.5420602391357,510.91543308707116,515.3569857054445,15586200
2025-10-22,518.3843994140625,523.0549803520576,515.5661623300699,518.9919195722497,18962700
2025-10-23,518.404296875,521.7802730707533,516.4623598997719,520.2964530626382,14023500
2025-10-24,521.441650390625,523.1744351060786,518.5536961256696,520.6250388201142,15532400
2025-10-27,529.3189697265625,532.3662956890146,526.819354031342,529.577902779321,18734700
2025-10-28,539.8252563476562,551.4269763883988,538.5306518978505,547.7224103521172,29986700
2025-10-29,539.307373046875,544.0078586434945,534.507325873603,542.6833492925585,36023000
2025-10-30,523.582763671875,532.7545848667123,519.9578228356851,528.2831883129468,41023100
2025-10-31,515.6656494140625,527.1279940743384,512.9668501497666,526.6898137654194,34006400
2025-11-03,514.888916015625,522.7860691817526,512.4590180581705,517.657371934483,22374700
2025-11-04,512.2001342773438,513.4150529816625,505.73698923396887,509.6407695643784,20958700
2025-11-05,505.0597839355469,512.6980347767452,504.4821687767013,511.17434154282535,23024300
2025-11-06,495.04144287109375,503.6058351018555,493.75677643867937,503.5659922381216,27406500
2025-11-07,494.7626037597656,497.31199999791255,491.2073803526309,494.89207027354036,24019800
2025-11-10,503.9045715332031,504.7510576229119,496.73437575016374,497.9692613740871,26101500
2025-11-11,506.573486328125,507.48968986721945,500.26971300797675,502.70954902224156,17980000
2025-11-12,509.0233154296875,509.5511194130969,497.05307240824305,507.2506574723947,26574900
2025-11-13,501.205810546875,511.3735209246628,499.2140928412288,508.1967287528611,25273100
2025-11-14,508.0672607421875,509.4813936811572,495.3800287197931,496.166765720741,28505700
2025-11-17,505.3883972167969,509.9992285471841,502.8190947602184,506.34444359286346,19092800
2025-11-18,491.74517822265625,500.89712400975867,484.76419755903834,493.31862192366924,33815100
2025-11-19,485.1027526855469,493.13934080841636,480.8305097576304,488.0704229659532,23245300
2025-11-20,477.3404846191406,492.4460215630244,474.41716428973194,491.5879641710541,26802500
2025-11-21,471.04486083984375,477.8293938228302,467.20362215472323,477.4103368698009,31769200
2025-11-24,472.92059326171875,475.8139832068258,466.9542001322548,473.9183160323131,34421000
2025-11-25,475.90374755859375,478.0588322743821,463.8313270788984,472.9904142849383,28019800
2025-11-26,484.3943786621094,487.1979770584782,480.10418316215106,485.2025316262965,25709100
2025-11-28,490.88958740234375,491.5081706450152,485.54177754838196,486.48962635446395,14386700
2025-12-01,485.6315612792969,488.7444513856018,483.5463243869077,487.32770213243884,23964000
2025-12-02,488.8841552734375,492.3761849539621,485.2125428025972,485.6116258193264,19562700
2025-12-03,476.64208984375,483.13724409881166,474.1178525596479,475.23529714339696,34615100
2025-12-04,479.7449951171875,480.2239129901724,475.40489514051177,478.6674679630734,22318200
2025-12-05,482.0597229003906,482.299166614698,477.78947078944657,481.4211657314621,22608700
2025-12-08,489.9018249511719,491.17890888246444,483.2769615726175,483.7858099301447,21965900
2025-12-09,490.8995361328125,490.99931449735556,487.3875630167038,487.9862027558801,14696100
2025-12-10,477.4701843261719,483.14722906115725,473.99809828560024,482.92772884397027,35756200
2025-12-11,482.3690185546875,484.92318635563356,474.7763326037194,475.5445986070271,24669200
2025-12-12,477.4402770996094,481.3513637649093,475.2552617920193,478.72734800157895,21248100
2025-12-15,473.73870849609375,479.6252664455081,471.44392797474177,479.0066832317436,23727700
2025-12-16,475.3051452636719,476.80172935648005,469.8076832860371,470.8353364785088,20705600
2025-12-17,475.0357360839844,478.9069051052783,473.9182915104317,475.8239455574328,24527200
2025-12-18,482.87786865234375,488.4850656489584,476.8017407441929,477.10104539067044,28573500
2025-12-19,484.8134460449219,486.73904362092316,481.39123391446003,486.2501387748106,70836100
2025-12-22,483.81573486328125,487.6170561484318,481.5908021440126,485.01298390813173,16963000
2025-12-23,485.7413330078125,486.71908182827985,483.63612214595605,483.8755963136496,14683600
2025-12-24,486.90863037109375,488.04604888584674,483.7258924615979,484.5739628623746,5855900
2025-12-26,486.599365234375,487.00843522519267,484.85335038112265,485.601642461088,8842200
2025-12-29,485.9907531738281,487.23790659993216,483.0773893732932,483.7558335295542,10893400
2025-12-30,486.3699035644531,488.56487537463653,484.39440153201394,484.82341501264875,13944500
2025-12-31,482.5186767578125,487.0284031238816,482.1993981667827,486.7290680267604,15601600
2026-01-02,471.8630065917969,483.5563186075122,469.0893385249197,483.2869444224563,25571600
2026-01-05,471.773193359375,474.9858617296903,468.4308161640092,472.98042932285466,25250300
2026-01-06,477.4203186035156,477.64977534720424,468.68025764779384,472.72102257015473,23037700
2026-01-07,482.3690185546875,488.5848422406915,476.86159994291296,478.6674756822987,25564200
2026-01-08,477.0212097167969,481.5608665012806,474.7763335277468,480.14408679814625,18162600
2026-01-09,478.1885681152344,478.72734693664125,471.1247042989064,472.9804540365218,18491000
2026-01-12,476.09332275390625,479.89464390147504,474.59673866594744,475.5845048686955,23519900
2026-01-13,469.5981750488281,474.6965236309785,464.888922501957,473.5990225282599,28545800
2026-01-14,458.3338928222656,467.13381499707015,456.1289340170423,465.39775666549855,28184300
2026-01-15,455.6200866699219,463.1927988881192,454.8618076165624,463.0630900555096,23225800
2026-01-16,458.8127746582031,462.13520850615447,455.4404972994736,456.78739866953146,34246700
2026-01-20,453.48492431640625,455.7597309230742,448.2568669541529,450.1924514863621,26130000
2026-01-21,443.0986328125,451.65911099901973,437.68100562513575,451.56931960591265,37980500
2026-01-22,450.1126403808594,451.8087507279656,443.6873036586902,446.600636936346,25349400
2026-01-23,464.888916015625,470.0271819611143,449.50401819491054,450.8409629929935,38000200
2026-01-26,469.20904541015625,473.1700058760031,460.94790240319116,464.25036221183507,29291200
2026-01-27,479.485595703125,481.7703893732875,472.0825097961169,472.62128861771004,29213900
2026-01-28,480.533203125,482.63838346935967,476.9114647448887,482.10959164059926,36875400
2026-01-29,432.5128173828125,441.49232224197124,420.06122635013605,438.98802836564175,128855300
2026-01-30,429.31011962890625,438.5989157576861,425.47886802078926,438.1699022937122,58566800
2026-02-02,422.4058837890625,429.7590957240154,421.28843915961005,429.2602343395754,42219900
2026-02-03,410.2735595703125,421.0888704228976,407.6296003977664,421.0489834358989,61424100
2026-02-04,413.2467956542969,418.84400576689177,408.3080557741746,410.0640575889883,45012400
2026-02-05,392.7735290527344,407.37018733348754,391.4265972483441,406.51216038211834,66289200
2026-02-06,400.22650146484375,400.87501513504304,392.0252195920243,398.2609865133262,53515300
2026-02-09,412.65814208984375,413.94521298339265,399.9571203178888,403.9280678877113,45480500
2026-02-10,412.328857421875,422.7151545880433,411.76017861216997,418.66440278178237,44857900
2026-02-11,403.4491271972656,415.51159110220135,400.096793508188,415.2322299614449,42491000
2026-02-12,400.9248962402344,405.2749831551046,397.1036315998776,404.07770370563327,40802400
2026-02-13,400.4060974121094,404.61648859375555,397.1435245648219,403.528974460687,34091600
2026-02-17,395.95623779296875,399.60790672873594,393.6315571718042,398.31087932693146,32078800
2026-02-18,398.69000244140625,401.6432531481791,395.41747315874426,397.2233488345012,23223400
2026-02-19,398.4599914550781,404.42999267578125,396.6700134277344,400.69000244140625,28234000
2026-02-20,397.2300109863281,400.1199951171875,395.1600036621094,396.1099853515625,34015200
2026-02-23,384.4700012207031,395.3599853515625,383.1000061035156,395.0,43133000
