Date,Close,High,Low,Open,Volume,daily_return,log_return,daily_return_pct,log_return_pct
2016-02-26,0.7727570533752441,0.7834897684190086,0.7649514107126235,0.7815383868315795,361964000,-0.006584731009887879,-0.006606505992027835,-0.6584731009887879,-0.6606505992027836
2016-02-29,0.7677382230758667,0.7838959757332155,0.7672486295822034,0.773858608693242,323344000,-0.006494706554221907,-0.006515888926172714,-0.6494706554221907,-0.6515888926172714
2016-03-01,0.8017674088478088,0.8017674088478088,0.7684726027938975,0.7696967031549656,348700000,0.04432394369477599,0.043369732225562396,4.432394369477599,4.33697322255624
2016-03-02,0.8064188957214355,0.8093566901019407,0.7958918770157213,0.7973607742059738,233812000,0.005801541472371996,0.005784777337941273,0.5801541472371996,0.5784777337941273
2016-03-03,0.7993192076683044,0.8088669212877122,0.7885473354096024,0.8054395339182677,302004000,-0.008803970356844881,-0.00884295428140608,-0.8803970356844881,-0.8842954281406081
2016-03-04,0.7968713045120239,0.8061742242149229,0.7907509180579694,0.8054397755057031,175304000,-0.003062485090807865,-0.003067184094478431,-0.3062485090807865,-0.30671840944784307
2016-03-07,0.7917301654815674,0.7978505519505732,0.7814479418957034,0.7924646141925813,239968000,-0.006451655369375864,-0.006472557247522654,-0.6451655369375864,-0.6472557247522653
2016-03-08,0.7772857546806335,0.7883024220154811,0.7748376128693679,0.783650935063585,274940000,-0.018244108195812014,-0.018412584213594083,-1.8244108195812014,-1.8412584213594083
2016-03-09,0.7767963409423828,0.785364810078775,0.7667589163376284,0.784140768074284,222788000,-0.0006296445487435909,-0.0006298428581197865,-0.06296445487435909,-0.06298428581197865
2016-03-10,0.7755721807479858,0.7858544012868846,0.7599040824154419,0.7814477103266506,286084000,-0.001575908806305426,-0.0015771518567160307,-0.1575908806305426,-0.1577151856716031
2016-03-11,0.7887922525405884,0.7890371076531544,0.7777756402614341,0.7870785585942383,277400000,0.017045572444144064,0.016901926725330325,1.7045572444144064,1.6901926725330325
2016-03-14,0.7907508611679077,0.7939334525561137,0.7814478837659745,0.7851201270478763,190312000,0.002483047495726476,0.0024799698269059,0.2483047495726476,0.24799698269059
2016-03-15,0.7868337631225586,0.7917300482252844,0.7728793564166224,0.7865889663779191,226216000,-0.004953643729914803,-0.004965953692622079,-0.4953643729914803,-0.4965953692622079
2016-03-16,0.8103359937667847,0.8130289915988619,0.7772860380804755,0.7809582813204325,363644000,0.029869372344873968,0.029431971232690247,2.986937234487397,2.943197123269025
2016-03-17,0.8034811615943909,0.8113151826802484,0.7924644910099711,0.8073982013214807,353680000,-0.008459246812584031,-0.00849522930780452,-0.8459246812584031,-0.8495229307804519
2016-03-18,0.8277179002761841,0.8384897171821463,0.8078879022604013,0.8130290431221456,545512000,0.030164663268145597,0.02971865671476406,3.0164663268145597,2.971865671476406
2016-03-21,0.8301657438278198,0.8304105405149628,0.8115598531338599,0.8203731759223998,337780000,0.002957340358132887,0.0029529760295554514,0.2957340358132887,0.29529760295554514
2016-03-22,0.8286970853805542,0.8345726161405068,0.8184148627743931,0.82747304322438,242012000,-0.0017691147318290579,-0.0017706814633875066,-0.1769114731829058,-0.17706814633875065
2016-03-23,0.8428962230682373,0.8490165496789885,0.8286969626030566,0.8323692052641609,429008000,0.017134291815642744,0.01698915536534758,1.7134291815642744,1.6989155365347581
2016-03-24,0.8441203832626343,0.8455892805327959,0.8326141185935763,0.8353070580099893,244956000,0.0014523261119154807,0.001451272506343694,0.14523261119154807,0.1451272506343694
2016-03-28,0.8526890277862549,0.8563612130930132,0.8416723551293137,0.842651600653227,265388000,0.01015097454524394,0.010099799429950075,1.015097454524394,1.0099799429950076
2016-03-29,0.8663983941078186,0.8683568845992959,0.8470580524391348,0.8490165429306121,261812000,0.016077803131999913,0.015949924110180216,1.6077803131999913,1.5949924110180216
2016-03-30,0.8754566311836243,0.8874525475518725,0.8690914486874792,0.8695811005596151,376700000,0.010455048321198035,0.010400772281469246,1.0455048321198035,1.0400772281469246
2016-03-31,0.8722741007804871,0.8813322232844123,0.8654193243023798,0.879373732395904,379884000,-0.003635280480809633,-0.0036419041704155073,-0.3635280480809633,-0.36419041704155075
2016-04-01,0.8850042819976807,0.8854939338018022,0.8602780040717081,0.86688798240161,348292000,0.014594244178295579,0.014488773138397705,1.459424417829558,1.4488773138397704
2016-04-04,0.8764358162879944,0.8970002596103173,0.873008428523714,0.8923487714340395,393940000,-0.009681835313095966,-0.00972900901288045,-0.9681835313095966,-0.9729009012880451
2016-04-05,0.8752117156982422,0.8832905910983753,0.8651742914435917,0.8686017373469181,339568000,-0.0013966802440099624,-0.0013976565109897151,-0.13966802440099624,-0.13976565109897152
2016-04-06,0.8764358162879944,0.8769254681264573,0.8477925553934335,0.8641951040096213,453376000,0.00139863368805071,0.0013976565109897557,0.139863368805071,0.13976565109897557
2016-04-07,0.8673776388168335,0.878639105056651,0.8637054545555066,0.8708050263589563,378104000,-0.010335243383280845,-0.01038902288156007,-1.0335243383280845,-1.0389022881560068
2016-04-08,0.8730084896087646,0.8801081207374836,0.8644399612301972,0.8744773868586133,255936000,0.006491809956747474,0.006470828912836277,0.6491809956747474,0.6470828912836277
2016-04-11,0.8783943057060242,0.89283836272549,0.8754565116111104,0.8781494506192371,387524000,0.006169259705221419,0.006150307729066742,0.6169259705221419,0.6150307729066742
2016-04-12,0.8774149417877197,0.8825560223901379,0.8602778897097091,0.8813319222267192,292764000,-0.0011149479361859393,-0.0011155699530233845,-0.11149479361859393,-0.11155699530233845
2016-04-13,0.8994484543800354,0.8996932511293447,0.8813321524597002,0.8813321524597002,350716000,0.02511185021242368,0.02480172879544399,2.511185021242368,2.480172879544399
2016-04-14,0.9018965363502502,0.9058135759175043,0.8933280086488621,0.8970002514832627,416564000,0.0027217590494412747,0.002718061770495195,0.27217590494412747,0.2718061770495195
2016-04-15,0.9089961051940918,0.9170749805128715,0.8987138843242861,0.9016516783923209,436972000,0.007871821830663261,0.007841000681267914,0.7871821830663261,0.7841000681267914
2016-04-18,0.9050791263580322,0.9072824720562561,0.8962658019334561,0.9072824720562561,307320000,-0.004309126093805626,-0.0043184371355811215,-0.43091260938056264,-0.43184371355811213
2016-04-19,0.8889214992523193,0.9102203355492506,0.883290765035296,0.9085066414442863,309152000,-0.01785217074967793,-0.01801344300607394,-1.7852170749677931,-1.8013443006073941
2016-04-20,0.8923488259315491,0.8977347630102911,0.8864732953527638,0.887452540721174,200172000,0.0038556010650125927,0.0038481872855001932,0.38556010650125927,0.3848187285500193
2016-04-21,0.8913694620132446,0.8967553983756706,0.8874524226922361,0.8925935039688819,178280000,-0.001097512418736124,-0.0010981151265173031,-0.1097512418736124,-0.10981151265173031
2016-04-22,0.8879421353340149,0.9004276443048942,0.8850043410498927,0.894307317370733,223540000,-0.003845012450268137,-0.003852423513826781,-0.3845012450268137,-0.3852423513826781
2016-04-25,0.8923488259315491,0.8972451111419241,0.8857388467343751,0.8881869893395626,191972000,0.004962812802972172,0.004950538640343957,0.4962812802972172,0.49505386403439566
2016-04-26,0.8930831551551819,0.9080168639081905,0.8891661158368793,0.8977346429936859,214536000,0.0008229172295557419,0.0008225788188156851,0.08229172295557419,0.0822578818815685
2016-04-27,0.913402795791626,0.9138924476234229,0.8891661682999037,0.8908798621587141,352396000,0.022752238152911275,0.022497266192525945,2.2752238152911275,2.2497266192525944
2016-04-28,0.8862285614013672,0.913158192108627,0.8840252736132872,0.9077722542935087,381224000,-0.029750548734315485,-0.03020207429299836,-2.9750548734315485,-3.020207429299836
2016-04-29,0.8698258996009827,0.88451475538383,0.8602781258316345,0.88255626462678,321904000,-0.01850838769453278,-0.01868181109381562,-1.850838769453278,-1.8681811093815621
2016-05-02,0.8813321590423584,0.886718096145657,0.87398773119331,0.8781495678042717,256076000,0.013228232737900747,0.013141503678107689,1.3228232737900747,1.3141503678107689
2016-05-03,0.8708052039146423,0.8749670408312851,0.8632159787570381,0.871294855821206,224024000,-0.01194436742119398,-0.012016274541377077,-1.194436742119398,-1.2016274541377077
2016-05-04,0.8509751558303833,0.8610125224991186,0.8421618312188571,0.8602780739174648,525764000,-0.022772082659950232,-0.023035371300070055,-2.2772082659950232,-2.3035371300070056
2016-05-05,0.8561162948608398,0.8661537205700216,0.8497511123058282,0.8580748439991722,246884000,0.006041467832794467,0.006023291337741649,0.6041467832794467,0.6023291337741649
2016-05-06,0.8649295568466187,0.8671329025780827,0.852933641244186,0.8546473351347734,183240000,0.010294468214988806,0.010241841048049982,1.0294468214988806,1.0241841048049982
2016-05-09,0.8637053966522217,0.8708049679797121,0.8566057669564187,0.8671327839645705,333336000,-0.001415329357988493,-0.0014163318826309757,-0.1415329357988493,-0.14163318826309756
2016-05-10,0.8803529143333435,0.8818218115779256,0.8607677733877785,0.8690914466159788,269676000,0.019274532433916303,0.019091131531240146,1.9274532433916303,1.9091131531240146
2016-05-11,0.882800817489624,0.8925933853061481,0.8781493302662825,0.8830456725428528,328176000,0.0027805930058564243,0.0027767343084473275,0.27805930058564243,0.2776734308447327
2016-05-12,0.8708052039146423,0.8930833442175478,0.8551371016928702,0.8891663040700226,670540000,-0.013588131475787524,-0.013681295042778008,-1.3588131475787524,-1.3681295042778008
2016-05-13,1.0032496452331543,1.0037392386535122,0.9547763945188545,0.959427823853827,2110256000,0.1520942235107432,0.14158135017094284,15.20942235107432,14.158135017094283
2016-05-16,1.032872200012207,1.0478059674452975,0.9924778223994102,0.9956604132639528,973032000,0.02952660379178962,0.029099088620291855,2.952660379178962,2.9099088620291855
2016-05-17,1.0350757837295532,1.0424201536236217,1.015000931430013,1.02822089062866,628392000,0.0021334524419576173,0.0021311798640138704,0.21334524419576173,0.21311798640138704
2016-05-18,1.0615153312683105,1.073511302451385,1.028220531402231,1.028220531402231,541072000,0.025543586232392723,0.025222800047761708,2.5543586232392723,2.522280004776171
2016-05-19,1.0661674737930298,1.0737567592025938,1.0558853065181515,1.0573540874974034,398880000,0.004382548596034708,0.004372973196179672,0.43825485960347077,0.4372973196179672
2016-05-20,1.0852625370025635,1.0896692281592737,1.0710632766553634,1.0727769704268675,391084000,0.01791000352092942,0.017751509034634756,1.7910003520929418,1.7751509034634756
2016-05-23,1.0869762897491455,1.094075861939624,1.080366311023765,1.0899140840130122,413636000,0.0015791135215219576,0.0015778680327713857,0.15791135215219576,0.15778680327713857
2016-05-24,1.1133623123168945,1.1167987179791823,1.0873445981411096,1.0902900218288971,415788000,0.024274699288830304,0.02398475166600957,2.4274699288830304,2.398475166600957
2016-05-25,1.108698844909668,1.12146215230106,1.0998625739773948,1.1167987014110177,458076000,-0.004188634154071447,-0.004197431055370835,-0.41886341540714467,-0.41974310553708355
2016-05-26,1.120479941368103,1.1285797943917804,1.1074710900585534,1.110661944796358,309964000,0.010626056401632722,0.01056999664405734,1.0626056401632722,1.056999664405734
2016-05-27,1.1266164779663086,1.1283346219100971,1.1180256412075873,1.1217074785498014,277416000,0.0054767036621046206,0.0054617610532699205,0.5476703662104621,0.546176105326992
2016-05-31,1.146743655204773,1.14919821410661,1.130789373462264,1.1315257879487393,412524000,0.017865154320125587,0.017707447979426038,1.7865154320125587,1.7707447979426039
2016-06-01,1.1489524841308594,1.1599976452098166,1.1379072060121223,1.1413434939531018,387132000,0.0019261749703702868,0.0019243222740587369,0.19261749703702868,0.19243222740587368
2016-06-02,1.157051920890808,1.166869916327358,1.143797521715702,1.1550882281717079,329208000,0.00704940967691603,0.007024678746140042,0.704940967691603,0.7024678746140042
2016-06-03,1.1408528089523315,1.1472345216576147,1.1207259409063222,1.1457619267623744,461076000,-0.014000332781959335,-0.01409926188661674,-1.4000332781959335,-1.409926188661674
2016-06-06,1.1349618434906006,1.1526342660159445,1.1290709969688906,1.1437979962333793,322512000,-0.0051636507492502925,-0.005177028465554706,-0.5163650749250293,-0.5177028465554706
2016-06-07,1.1371711492538452,1.1482164308453249,1.1366802842621668,1.1418347177942396,193400000,0.0019465903421473918,0.0019446981902657993,0.19465903421473918,0.19446981902657992
2016-06-08,1.133488655090332,1.1415885071308174,1.1241615243674128,1.1374158064264366,234616000,-0.003238293695658312,-0.0032435483157566393,-0.3238293695658312,-0.3243548315756639
2016-06-09,1.1629432439804077,1.1646613882104297,1.1271075305658957,1.1295620892029543,472168000,0.02598578182304645,0.02565388878028218,2.598578182304645,2.5653888780282177
2016-06-10,1.1339800357818604,1.1595068822021206,1.1325073241007075,1.1491980174738416,400024000,-0.02490509175616773,-0.02522047093314843,-2.490509175616773,-2.5220470933148427
2016-06-13,1.1484615802764893,1.1707975704500713,1.1352072924494634,1.1352072924494634,475588000,0.01277054625096996,0.012689690479143144,1.277054625096996,1.2689690479143143
2016-06-14,1.1506704092025757,1.1560702725054701,1.1329979909824799,1.1457614106436467,298344000,0.0019232937035251751,0.0019214465422334112,0.19232937035251751,0.19214465422334112
2016-06-15,1.1624518632888794,1.1725152917481203,1.147479436773442,1.160242855127502,301036000,0.010238773841823479,0.010186712657167644,1.0238773841823479,1.0186712657167645
2016-06-16,1.1671158075332642,1.1690793839846476,1.1425708092915108,1.1538615201866957,246456000,0.004012161184196783,0.00400413392944262,0.4012161184196783,0.40041339294426204
2016-06-17,1.146743655204773,1.168834217162064,1.1420800869231311,1.1685887846798424,471000000,-0.017455125015869988,-0.017609261997657312,-1.7455125015869988,-1.7609261997657313
2016-06-20,1.1673611402511597,1.182333570343812,1.1644157173057719,1.1651521315620057,293768000,0.017979157724404393,0.017819444170611678,1.7979157724404393,1.7819444170611678
2016-06-21,1.1602433919906616,1.1754612578944967,1.1585251306881674,1.1722704018295216,212508000,-0.0060972975843334165,-0.0061159620102974625,-0.6097297584333417,-0.6115962010297462
2016-06-22,1.1592613458633423,1.1703066239621618,1.1572977694777205,1.1626976337981252,202620000,-0.0008464138939282551,-0.00084677230442486,-0.0846413893928255,-0.084677230442486
2016-06-23,1.1901880502700806,1.1914153293968395,1.1695702056916937,1.1703066199836607,297880000,0.026677939808047446,0.026328288589603746,2.6677939808047446,2.6328288589603748
2016-06-24,1.1224437952041626,1.1624522055124176,1.1118894989440626,1.1413434959524376,1017684000,-0.05691895079146969,-0.05860305178270853,-5.691895079146969,-5.8603051782708535
2016-06-27,1.1104170083999634,1.121707721204383,1.0939717456093363,1.1131168825872395,449088000,-0.010714823188106015,-0.010772640276895099,-1.0714823188106015,-1.0772640276895098
2016-06-28,1.1266164779663086,1.132752639457109,1.1111530654324326,1.1315254773828158,381920000,0.014588636020343104,0.014483245634684545,1.4588636020343104,1.4483245634684545
2016-06-29,1.1450248956680298,1.1538611625199195,1.1334887559222964,1.1364341782062597,318932000,0.01633956014468274,0.016207506060482085,1.633956014468274,1.6207506060482084
2016-06-30,1.1538615226745605,1.160979531216092,1.1376618120960964,1.1469888295202244,430940000,0.007717410372440225,0.007687783491913977,0.7717410372440225,0.7687783491913976
2016-07-01,1.1452710628509521,1.16245262583833,1.141343908645746,1.1474801895012254,218488000,-0.007444966016109444,-0.007472818100253875,-0.7444966016109444,-0.7472818100253875
2016-07-05,1.162206768989563,1.164170345375232,1.1298073489867968,1.1388889336604329,371084000,0.014787508990624865,0.014679239828671,1.4787508990624865,1.4679239828671
2016-07-06,1.169569969177246,1.1764426606734086,1.1482158316649784,1.1541066766503305,273104000,0.0063355337313038,0.006315548604023159,0.63355337313038,0.6315548604023159
2016-07-07,1.2000058889389038,1.2041785905966906,1.172024607416537,1.177424470997411,395400000,0.02602317139099286,0.025690330695305973,2.602317139099286,2.5690330695305974
2016-07-08,1.2481143474578857,1.2540051937914394,1.2081059363620292,1.2127695035361288,481932000,0.0400901853586082,0.039307426084575825,4.00901853586082,3.9307426084575825
2016-07-11,1.2768322229385376,1.286159241526496,1.264559663739931,1.2660323755253557,448776000,0.02300900998305444,0.022748294343269835,2.300900998305444,2.2748294343269837
2016-07-12,1.2959771156311035,1.3077586906612715,1.2748682896857118,1.2910681162818853,436760000,0.014994055090891578,0.01488275542328926,1.4994055090891578,1.488275542328926
2016-07-13,1.2954858541488647,1.305794832484962,1.2935222782409537,1.2984312765306067,324604000,-0.00037906647911722935,-0.00037913834297638503,-0.037906647911722935,-0.037913834297638505
2016-07-14,1.3087403774261475,1.3205220691100628,1.2915589387867255,1.302358783817057,316892000,0.010231314556492066,0.010179328944462093,1.0231314556492066,1.0179328944462094
2016-07-15,1.293522596359253,1.2994134425714832,1.2724138868184676,1.2920498848061952,428616000,-0.011627807416489166,-0.011695939031644214,-1.1627807416489166,-1.1695939031644214
2016-07-18,1.30014967918396,1.3114403892042377,1.2952406799160032,1.3094768129050098,252992000,0.005123283383962285,0.0051102040214790504,0.5123283383962285,0.511020402147905
2016-07-19,1.3136497735977173,1.3188042062879717,1.2969590791685819,1.2994136378057302,382652000,0.010383492477751277,0.010329954309590727,1.0383492477751277,1.0329954309590728
2016-07-20,1.3308311700820923,1.3379492962529291,1.3126678815437318,1.3180677465038406,296460000,0.013079130244372461,0.012994336968336724,1.307913024437246,1.2994336968336724
2016-07-21,1.3062856197357178,1.3320578884879684,1.301867486425112,1.3278851875213278,361308000,-0.018443774761347398,-0.01861598189498209,-1.8443774761347398,-1.8615981894982088
2016-07-22,1.3418761491775513,1.3418761491775513,1.3013768784409867,1.3109494439823355,315768000,0.027245595376786058,0.02688104099101265,2.724559537678606,2.688104099101265
2016-07-25,1.3666667938232422,1.3698576495113155,1.3440853715753054,1.3499762180886057,312528000,0.018474614561772684,0.0183060320361322,1.8474614561772684,1.83060320361322
2016-07-26,1.389984369277954,1.3971023766111568,1.37673008415281,1.3786936602750974,514508000,0.017061638989179784,0.01691772387205469,1.7061638989179784,1.691772387205469
2016-07-27,1.3759939670562744,1.4044662366162335,1.367648678954849,1.402011678153573,446676000,-0.010065150753419738,-0.010116146860836398,-1.0065150753419738,-1.01161468608364
2016-07-28,1.3789390325546265,1.3892478945271103,1.3747663310668539,1.3791844649292437,221916000,0.0021403186124808737,0.0021380313936027358,0.21403186124808737,0.21380313936027356
2016-07-29,1.4015204906463623,1.4052022104530304,1.3593030779412951,1.384093504100497,409588000,0.0163759655493263,0.01624332553860116,1.63759655493263,1.6243325538601159
2016-08-01,1.3924390077590942,1.4125659877279244,1.38335742301492,1.4074115557855909,301120000,-0.006479736077979026,-0.006500820699005072,-0.6479736077979026,-0.6500820699005072
2016-08-02,1.3755027055740356,1.3998022655569728,1.3622484214087527,1.3990658514145928,282748000,-0.012163047782117853,-0.012237622972460168,-1.2163047782117853,-1.2237622972460167
2016-08-03,1.3791850805282593,1.381885071933709,1.3661762225489646,1.3737852147571707,299828000,0.0026771121127580066,0.0026735350308698057,0.26771121127580066,0.2673535030869806
2016-08-04,1.4047116041183472,1.4110933153785077,1.383112029028457,1.3858119027648284,272712000,0.018508410474039172,0.018339214357098274,1.8508410474039172,1.8339214357098275
2016-08-05,1.4285202026367188,1.4292564998647783,1.4140386371269027,1.4209112127478933,371588000,0.016949100761016966,0.016807067398046622,1.6949100761016966,1.6807067398046622
2016-08-08,1.4417747259140015,1.451592726139677,1.4265567436363482,1.44815643776467,305064000,0.009278499003946727,0.009235718156491202,0.9278499003946727,0.9235718156491203
2016-08-09,1.4454565048217773,1.459447208373464,1.4417747838491544,1.4488927933348654,372344000,0.002553643673731232,0.0025503886659673965,0.2553643673731232,0.25503886659673963
2016-08-10,1.4361294507980347,1.4604290212709816,1.43146588268224,1.4582200119697342,375740000,-0.006452670137516603,-0.006473578605632145,-0.6452670137516603,-0.6473578605632145
2016-08-11,1.465337872505188,1.4714741518763073,1.4407928720605054,1.443738295521826,681064000,0.020338293105069738,0.020134232216121546,2.033829310506974,2.013423221612155
2016-08-12,1.5473181009292603,1.5556633884143087,1.488164674233598,1.5193368153523845,1425744000,0.05594629741188384,0.05443732926732958,5.594629741188384,5.443732926732958
2016-08-15,1.5458451509475708,1.55860857114667,1.5249818769328711,1.5490360059973456,573304000,-0.0009519374075730447,-0.0009523907877362077,-0.09519374075730447,-0.09523907877362077
2016-08-16,1.5365184545516968,1.5460909046506803,1.5318548871989788,1.5436364632775477,287652000,-0.006033396288209647,-0.006051670765446698,-0.6033396288209647,-0.6051670765446697
2016-08-17,1.5009279251098633,1.5399546045024837,1.488900917677263,1.536518316664598,595212000,-0.023163099236720552,-0.02343557970499783,-2.3163099236720552,-2.343557970499783
2016-08-18,1.5242457389831543,1.5267001801025357,1.492828049968693,1.4987188959188482,331684000,0.01553559866746057,0.015416156734032493,1.553559866746057,1.5416156734032493
2016-08-19,1.5281732082366943,1.5397093530796273,1.5168824958525768,1.523509640399798,291560000,0.00257666408577939,0.002573350178204366,0.257666408577939,0.2573350178204366
2016-08-22,1.5345547199249268,1.536763845845373,1.514673288879614,1.5328365758977929,244748000,0.004175908629883596,0.004167213721132526,0.41759086298835957,0.41672137211325266
2016-08-23,1.546972632408142,1.5570546079141554,1.5425463563608248,1.5501693677886295,339764000,0.008092192687545685,0.008059626466423955,0.8092192687545685,0.8059626466423955
2016-08-24,1.523120403289795,1.5531205691545276,1.5159892768719085,1.552382914941151,298448000,-0.01541864970243001,-0.015538753237417274,-1.541864970243001,-1.5538753237417273
2016-08-25,1.513038158416748,1.5243496751467585,1.494103747138907,1.523612021063597,406032000,-0.0066194667547425645,-0.006641472589822278,-0.6619466754742565,-0.6641472589822278
2016-08-26,1.5253334045410156,1.5339399555357864,1.5049234496043153,1.5169727382524576,300024000,0.008126196987082945,0.008093357236577253,0.8126196987082945,0.8093357236577253
2016-08-29,1.5243499279022217,1.5376286416445561,1.5218909632951672,1.5314811714991814,274652000,-0.0006447617523264171,-0.0006449697005745708,-0.06447617523264171,-0.06449697005745708
2016-08-30,1.5154974460601807,1.5304974697577178,1.5113170539204703,1.522382687461611,285544000,-0.005807381677921941,-0.005824310090550542,-0.5807381677921941,-0.5824310090550542
2016-08-31,1.5083657503128052,1.5226281155495018,1.5039395920281435,1.5184478419189393,388544000,-0.004705844781141444,-0.004716952128695396,-0.4705844781141444,-0.47169521286953964
2016-09-01,1.5528740882873535,1.5585297868518548,1.5083656846798101,1.5095952251522438,428492000,0.029507656193677345,0.02908068426590006,2.9507656193677345,2.908068426590006
2016-09-02,1.5376287698745728,1.557792844160285,1.5201697796676161,1.5560715336151558,323148000,-0.009817485221609079,-0.009865994483404862,-0.9817485221609079,-0.9865994483404863
2016-09-06,1.5521363019943237,1.5521363019943237,1.5351690892105332,1.5430379839999113,306812000,0.00943500304103595,0.009390771399305728,0.943500304103595,0.9390771399305728
2016-09-07,1.5292679071426392,1.5548417945624062,1.520415470788743,1.5472187818302514,397988000,-0.014733496550722536,-0.014843112527873176,-1.4733496550722536,-1.4843112527873177
2016-09-08,1.5403335094451904,1.5427925911499965,1.5103334630815632,1.5277924507127132,315808000,0.007235882117755832,0.007209828726763052,0.7235882117755832,0.7209828726763052
2016-09-09,1.4636118412017822,1.5319727120925462,1.4508248988401342,1.5233661613704599,697760000,-0.049808478341188844,-0.051091712960334705,-4.980847834118885,-5.1091712960334705
2016-09-12,1.493857502937317,1.496808353302352,1.4095129691564934,1.444185285062499,598260000,0.02066508406402323,0.02045445800839761,2.066508406402323,2.045445800839761
2016-09-13,1.4722181558609009,1.5073822417170435,1.4638574911778286,1.4901690257774665,471768000,-0.014485549681858778,-0.01459148956622644,-1.4485549681858778,-1.459148956622644
2016-09-14,1.485251545906067,1.4901695927234186,1.4633662786082713,1.4756613370239082,319048000,0.008852893162117459,0.008813936056682452,0.8852893162117459,0.8813936056682452
2016-09-15,1.5415629148483276,1.5432842249882612,1.4842675590685774,1.4877102966039037,515212000,0.03791369152079116,0.03721263246274119,3.791369152079116,3.721263246274119
2016-09-16,1.5452513694763184,1.555333345289632,1.527546382002849,1.5469726795601657,902444000,0.0023926721332379053,0.002389814251011639,0.23926721332379053,0.2389814251011639
2016-09-19,1.5656613111495972,1.6047597906568634,1.554349794717941,1.5614809196889061,417128000,0.013208169283289939,0.013121701966500601,1.3208169283289939,1.31217019665006
2016-09-20,1.5513991117477417,1.5836123544560499,1.5427925604630488,1.5836123544560499,331112000,-0.009109377168797339,-0.00915112124674855,-0.9109377168797339,-0.915112124674855
2016-09-21,1.5949233770370483,1.5978742272059714,1.5558249054373934,1.556070790075565,336212000,0.02805484736952968,0.02766851908203262,2.805484736952968,2.766851908203262
2016-09-22,1.5988578796386719,1.6091858559655217,1.5897595611011257,1.6042678110855015,308732000,0.002466891299149898,0.002463853517701054,0.2466891299149898,0.2463853517701054
2016-09-23,1.5971369743347168,1.6054976410228936,1.5900058484918373,1.6008255968706082,276132000,-0.0010763341294249829,-0.001076913792982508,-0.10763341294249829,-0.1076913792982508
2016-09-26,1.582136631011963,1.5885301014068942,1.5622185658225745,1.5789398958144971,230040000,-0.00939202057419164,-0.009436403716278728,-0.939202057419164,-0.9436403716278728
2016-09-27,1.6362353563308716,1.6386944378677326,1.575251611635528,1.5759892657433094,402752000,0.03419345981788324,0.03362185705540797,3.4193459817883243,3.3621857055407967
2016-09-28,1.6421369314193726,1.6433664720928658,1.6212352089917992,1.6386943113379537,319788000,0.003606800858853676,0.0036003119507548157,0.3606800858853676,0.3600311950754816
2016-09-29,1.6573827266693115,1.6625467737028072,1.6241859514850938,1.6394318561520225,336684000,0.00928411934366613,0.009241286811799025,0.9284119343666131,0.9241286811799025
2016-09-30,1.6849240064620972,1.701399452566068,1.6566451576820693,1.6664812484084832,429932000,0.016617332466190682,0.01648077533072203,1.6617332466190682,1.6480775330722028
2016-10-03,1.6832026243209839,1.709268394425831,1.6802518908283075,1.684924051636938,242596000,-0.0010216378510314872,-0.0010221600786961484,-0.10216378510314872,-0.10221600786961484
2016-10-04,1.679513931274414,1.7139402458813886,1.6669728756281836,1.685661516768091,281624000,-0.0021914729654475273,-0.0021938777563251712,-0.21914729654475273,-0.21938777563251713
2016-10-05,1.6777927875518799,1.7109896821518258,1.6726288574377868,1.693776464516063,305440000,-0.0010247868091384227,-0.0010253122621560692,-0.10247868091384227,-0.10253122621560692
2016-10-06,1.6559075117111206,1.6679566818702807,1.6293499728160383,1.6576288217338577,360212000,-0.013044087448184083,-0.01312990868023138,-1.3044087448184083,-1.3129908680231381
2016-10-07,1.6438586711883545,1.6713997562947929,1.6391865092120723,1.6669734790663966,286260000,-0.007276276263953663,-0.007302877479163972,-0.7276276263953663,-0.7302877479163972
2016-10-10,1.6500060558319092,1.661317573630872,1.6345141460669403,1.652465020263613,287876000,0.0037396065436152703,0.003732631598689639,0.37396065436152703,0.37326315986896386
2016-10-11,1.6261534690856934,1.6470551942723346,1.613612410522615,1.6445962298562127,388540000,-0.014456060122876147,-0.014561567003676772,-1.4456060122876147,-1.4561567003676772
2016-10-12,1.6335307359695435,1.6421372880421747,1.605989652081646,1.6195142506608489,419920000,0.004536636316373022,0.004526376799269069,0.45366363163730217,0.4526376799269069
2016-10-13,1.6069728136062622,1.6180384449609768,1.5663989101426095,1.614349940261222,390116000,-0.01625798754715102,-0.016391598772332046,-1.625798754715102,-1.6391598772332046
2016-10-14,1.6227107048034668,1.6377107264539035,1.6131204981936489,1.6266450944229247,330636000,0.009793501833977203,0.009745856319949942,0.9793501833977203,0.9745856319949943
2016-10-17,1.6133663654327393,1.6377107087353258,1.61115328595267,1.6224648025555524,195328000,-0.005758475212535918,-0.005775119157508723,-0.5758475212535918,-0.5775119157508722
2016-10-18,1.6379566192626953,1.6473009412245214,1.6291041839473313,1.635743539747719,269372000,0.015241580806948596,0.01512659482095011,1.5241580806948596,1.512659482095011
2016-10-19,1.6345137357711792,1.642136746381323,1.6185300605831865,1.6268908424164743,199060000,-0.0021019381411125915,-0.002104150313530436,-0.21019381411125915,-0.2104150313530436
2016-10-20,1.6654980182647705,1.6709079516263141,1.6303340376921394,1.6536947298263234,312084000,0.01895626926559446,0.018778837976807468,1.895626926559446,1.8778837976807468
2016-10-21,1.6608256101608276,1.6637763436830437,1.6450878175168868,1.6595960694608891,279508000,-0.002805411986506523,-0.0028093545300792964,-0.2805411986506523,-0.28093545300792966
2016-10-24,1.7387765645980835,1.7407437592287165,1.6718910091129844,1.6721370110403293,339836000,0.04693506287496829,0.045866907878005354,4.693506287496829,4.586690787800536
2016-10-25,1.7673014402389526,1.7778753034764434,1.727465303392065,1.7358259697455305,397460000,0.016405141535515533,0.0162720310259648,1.6405141535515533,1.62720310259648
2016-10-26,1.7744325399398804,1.7938588373803064,1.7508258510321477,1.7525471611056376,333792000,0.004035021722136767,0.004026902854531207,0.4035021722136767,0.4026902854531207
2016-10-27,1.7380387783050537,1.7913996210755274,1.7309076538598505,1.7879570011878125,388664000,-0.02051008466969373,-0.020723337382746933,-2.051008466969373,-2.0723337382746934
2016-10-28,1.7350882291793823,1.7729571692192068,1.7318914936221301,1.746399745977701,290856000,-0.001697631354663276,-0.001699073963681495,-0.1697631354663276,-0.1699073963681495
2016-10-31,1.7498422861099243,1.7613996870749307,1.7397601932525992,1.7407438492465064,252388000,0.008503346793793831,0.008467396992437325,0.8503346793793831,0.8467396992437325
2016-11-01,1.6979568004608154,1.7658258955442083,1.6792681580804107,1.7562356896788085,473224000,-0.029651521203351128,-0.030100015510479583,-2.9651521203351128,-3.0100015510479583
2016-11-02,1.6908257007598877,1.7341045731304803,1.6878748498985243,1.7109897701422314,295848000,-0.004199812208998677,-0.004208656191022349,-0.41998122089986767,-0.42086561910223486
2016-11-03,1.671152949333191,1.7001694441698842,1.6386938354149128,1.6986940192412883,309664000,-0.011634996687036048,-0.011703212907566454,-1.1634996687036048,-1.1703212907566454
2016-11-04,1.6615633964538574,1.690088133234052,1.6372190514839458,1.6600879709476086,328780000,-0.005738285584906966,-0.005754812801218609,-0.5738285584906966,-0.5754812801218608
2016-11-07,1.752547264099121,1.7636128965106916,1.7090225058165232,1.7102520465856892,487580000,0.054757987470982705,0.0533113448506958,5.4757987470982705,5.3311344850695805
2016-11-08,1.7498422861099243,1.7648423071704258,1.7336127243709023,1.7591864904025032,429884000,-0.0015434550865520702,-0.0015446474404085234,-0.15434550865520702,-0.15446474404085234
2016-11-09,1.7203340530395508,1.7434489743336665,1.6898422387677159,1.7023831796152191,456532000,-0.016863367232925475,-0.017007172800106607,-1.6863367232925475,-1.7007172800106607
2016-11-10,1.666481375694275,1.758203051842006,1.641645262301416,1.7579571671433827,869280000,-0.03130361644014834,-0.03180404584896059,-3.130361644014834,-3.1804045848960594
2016-11-11,2.1632044315338135,2.1828766141908655,1.9303347406828184,1.9551709709544856,2175344000,0.29806697097505697,0.26087621246326614,29.806697097505698,26.087621246326613
2016-11-14,2.0567290782928467,2.1686147236605224,2.056237308821463,2.1661556417926504,1348796000,-0.04922112385165134,-0.050473760667226,-4.922112385165134,-5.047376066722601
2016-11-15,2.119433641433716,2.150417219703466,2.0638594861598194,2.0727120375986994,626092000,0.030487517195466607,0.030032007927572907,3.0487517195466607,3.0032007927572906
2016-11-16,2.253204584121704,2.276073382915659,2.1233680969997093,2.147712438335083,987984000,0.063116362821106,0.06120455980445726,6.3116362821106,6.120455980445726
2016-11-17,2.2718935012817383,2.3309100508435434,2.2291062800640535,2.269926189158643,832988000,0.008294372065339672,0.008260162794135814,0.8294372065339672,0.8260162794135815
2016-11-18,2.2957451343536377,2.3195974649370443,2.257384322522346,2.2718925692594056,576060000,0.010498570051123979,0.010443842770110866,1.0498570051123979,1.0443842770110865
2016-11-21,2.2864015102386475,2.3200901731205668,2.2721390265161694,2.3136967025407067,436436000,-0.004069974482433514,-0.004078279370023686,-0.4069974482433514,-0.4078279370023686
2016-11-22,2.3028764724731445,2.3050895514543583,2.2716468958228013,2.2942699239290567,330368000,0.007205629527762714,0.007179793017291716,0.7205629527762714,0.7179793017291716
2016-11-23,2.3142054080963135,2.3457278807664426,2.284652957858194,2.3080485008412905,443236000,0.004919471694893929,0.004907410633873877,0.4919471694893929,0.4907410633873877
2016-11-25,2.318885087966919,2.3420345008111116,2.3004145968876557,2.3252881320426777,195564000,0.0020221540638671875,0.0020201122624328837,0.20221540638671875,0.20201122624328838
2016-11-28,2.3176534175872803,2.3331684026939925,2.3050934664286857,2.311742879967003,278736000,-0.0005311476562723794,-0.0005312887651574091,-0.053114765627237936,-0.05312887651574091
2016-11-29,2.296473741531372,2.325780055688167,2.2787423657618597,2.3149439931260285,444568000,-0.009138413834954062,-0.00918042527984309,-0.9138413834954062,-0.9180425279843091
2016-11-30,2.270615816116333,2.318884895538684,2.2681530528618588,2.3050935622308475,440500000,-0.011259839356053791,-0.011323711258059869,-1.1259839356053791,-1.132371125805987
2016-12-01,2.158315658569336,2.269876264267739,2.087636065218775,2.268152377475334,1035524000,-0.04945801784252324,-0.05072294953091818,-4.945801784252324,-5.072294953091818
2016-12-02,2.1782641410827637,2.186883576951563,2.0962559629104525,2.1240845279420095,478292000,0.009242615849180735,0.009200164250707677,0.9242615849180735,0.9200164250707678
2016-12-05,2.262735366821289,2.2807131185774803,2.1918093713041853,2.2161901675843105,602284000,0.038779147186684515,0.03804612666069449,3.8779147186684515,3.804612666069449
2016-12-06,2.2999207973480225,2.308294094452867,2.2550995140319223,2.270860862495094,498796000,0.0164338397993804,0.01630026569101233,1.64338397993804,1.6300265691012328
2016-12-07,2.3412952423095703,2.3469594094499255,2.2681528705378144,2.2863769883491454,480804000,0.017989508599276727,0.017829612180604793,1.7989508599276727,1.7829612180604792
2016-12-08,2.3021388053894043,2.379467850802063,2.2915493437912837,2.3442512209051554,381544000,-0.01672426279803152,-0.016865692368788755,-1.672426279803152,-1.6865692368788754
2016-12-09,2.2612569332122803,2.321593208554229,2.2339208786247147,2.3198693216833726,382312000,-0.01775821339765349,-0.017917782398485856,-1.7758213397653488,-1.7917782398485855
2016-12-12,2.20633864402771,2.2152044493543843,2.1558531800045233,2.212741686508865,601332000,-0.024286620586080332,-0.02458640433140066,-2.428662058608033,-2.458640433140066
2016-12-13,2.245249032974243,2.2728314555834204,2.217666845227019,2.2186518562574333,387796000,0.017635728337469292,0.01748202338189081,1.7635728337469292,1.748202338189081
2016-12-14,2.3752806186676025,2.3915344784029813,2.2551003228875866,2.2789886068717045,983980000,0.05791410386272777,0.056299142864937854,5.791410386272777,5.6299142864937854
2016-12-15,2.4309380054473877,2.4612293354315002,2.378974781884799,2.3863628366807688,746548000,0.02343192056650789,0.023161607606467995,2.343192056650789,2.3161607606467993
2016-12-16,2.4728035926818848,2.4799452759171126,2.406802912562164,2.4585197564874592,1089528000,0.017221988853965975,0.017075371373045788,1.7221988853965975,1.7075371373045787
2016-12-19,2.5028488636016846,2.523043004199633,2.438079556674271,2.45531866340502,744656000,0.012150286018961287,0.012077063810956227,1.2150286018961287,1.2077063810956226
2016-12-20,2.590029239654541,2.6136711595160977,2.5641706916410976,2.5754992632565092,848056000,0.03483245725329209,0.03423953656386929,3.4832457253292093,3.4239536563869293
2016-12-21,2.6062824726104736,2.6092377412354506,2.554073118339227,2.6016033168594275,576136000,0.006275308674932312,0.006255700912536552,0.6275308674932312,0.6255700912536551
2016-12-22,2.637805938720703,2.6811494995615752,2.6235220971218856,2.6306640179212946,718612000,0.012095184018428906,0.012022621796525069,1.2095184018428906,1.2022621796525068
2016-12-23,2.703558921813965,2.7050366733712914,2.617117971293607,2.619826869332737,647692000,0.024927149540481697,0.02462153644547991,2.4927149540481697,2.462153644547991
2016-12-27,2.889247417449951,2.8902324286741403,2.7390221672471493,2.7597090469891152,1194272000,0.06868298454224098,0.06642703478094242,6.868298454224098,6.6427034780942416
2016-12-28,2.690506935119629,2.953523953469792,2.6767158386551704,2.9453970237872364,2295764000,-0.06878624555654378,-0.07126643144882527,-6.878624555654378,-7.126643144882527
2016-12-29,2.7441937923431396,2.74567154402197,2.5316622400611126,2.5833790864422386,2175368000,0.019954179088976565,0.019757703825348024,1.9954179088976565,1.9757703825348023
2016-12-30,2.628692626953125,2.7562609605098585,2.617856800128936,2.742223495276858,1212932000,-0.04208928892423214,-0.04300070882496073,-4.208928892423214,-4.300070882496073
2017-01-03,2.512207508087158,2.619581503259775,2.4474381925833324,2.571066050487868,1501996000,-0.04431294768798544,-0.04532477065987536,-4.431294768798544,-4.532477065987536
2017-01-04,2.570819139480591,2.5981551944520644,2.500385677270472,2.546438352738085,1199220000,0.023330728534467493,0.023062727521698717,2.3330728534467493,2.3062727521698716
2017-01-05,2.5055580139160156,2.606036456222518,2.488565275730568,2.5742676077678412,984296000,-0.02538534296806294,-0.0257131096626918,-2.538534296806294,-2.5713109662691798
2017-01-06,2.539050579071045,2.5673716482821622,2.492259022680329,2.532893671723845,822856000,0.013367307788927585,0.013278753611272944,1.3367307788927585,1.3278753611272944
2017-01-09,2.6419918537139893,2.6597234671892527,2.5489017049859566,2.5489017049859566,916248000,0.040543215441028124,0.03974289932979536,4.054321544102812,3.9742899329795365
2017-01-10,2.622044801712036,2.6890302891474325,2.6013579136470275,2.655045039619488,880920000,-0.007550005112208269,-0.007578650674649489,-0.7550005112208269,-0.757865067464949
2017-01-11,2.589782476425171,2.6153946502484717,2.564909178540396,2.610469358669698,525664000,-0.0123042616456438,-0.012380585794022545,-1.23042616456438,-1.2380585794022545
2017-01-12,2.54742431640625,2.5784545269824015,2.5026030055127255,2.5668798199500262,625616000,-0.016355875601332448,-0.01649110954190457,-1.6355875601332448,-1.649110954190457
2017-01-13,2.547178030014038,2.585842429644508,2.5380658522482964,2.5513644460322435,457820000,-9.668055322620273e-05,-9.668522709213917e-05,-0.009668055322620273,-0.009668522709213917
2017-01-17,2.4900429248809814,2.5415134081445223,2.4767443322428515,2.536588116545451,580612000,-0.022430746677232327,-0.022686142243153313,-2.2430746677232327,-2.268614224315331
2017-01-18,2.535357713699341,2.5422532655172705,2.440789776841549,2.468618354476244,654424000,0.018198396648333004,0.018034787792591028,1.8198396648333004,1.8034787792591027
2017-01-19,2.589782476425171,2.621797693704297,2.536095600420196,2.538311993373746,644872000,0.021466305299546518,0.021239149219559102,2.1466305299546518,2.1239149219559104
2017-01-20,2.561462163925171,2.630171775042514,2.539544128429709,2.6124401564293493,492024000,-0.010935402010709527,-0.01099563302198712,-1.0935402010709527,-1.099563302198712
2017-01-23,2.58805775642395,2.608005756311592,2.5538261572054473,2.556288919633443,369904000,0.010382973003991047,0.010329440174217736,1.0382973003991047,1.0329440174217737
2017-01-24,2.6432230472564697,2.6493799549120256,2.5833792670441382,2.5981556105554597,428052000,0.021315324472798602,0.021091330358431342,2.1315324472798602,2.109133035843134
2017-01-25,2.6545519828796387,2.691738864749506,2.6185964827108714,2.685581956244005,522760000,0.004286030887528769,0.004276872017950423,0.4286030887528769,0.4276872017950423
2017-01-26,2.700357437133789,2.7077454901126727,2.6277075840658544,2.657260030843358,458800000,0.017255436905952326,0.017108252595089204,1.7255436905952326,1.7108252595089204
2017-01-27,2.7525675296783447,2.755522798643677,2.6806565328666703,2.7072537186926278,471996000,0.019334511730407344,0.019149974884927843,1.9334511730407344,1.9149974884927843
2017-01-30,2.709469795227051,2.733850585196769,2.657506811285291,2.731634192447159,496004000,-0.015657285057173564,-0.015781155024388076,-1.5657285057173564,-1.5781155024388076
2017-01-31,2.6887831687927246,2.710208690294052,2.6646485140342357,2.6831190017564905,362756000,-0.007634935244809626,-0.007664230570106821,-0.7634935244809626,-0.7664230570106821
2017-02-01,2.8062543869018555,2.810440802265504,2.705529585545485,2.723260962864385,590004000,0.04368936085012609,0.04276189810610875,4.368936085012609,4.276189810610875
2017-02-02,2.84171724319458,2.8503369142048207,2.759709297225785,2.7902467617026248,483240000,0.012637078255715917,0.01255789676628029,1.2637078255715917,1.255789676628029
2017-02-03,2.8168439865112305,2.8542772353061814,2.80502314599337,2.843195035853046,372744000,-0.008752896419556455,-0.008791428024290523,-0.8752896419556455,-0.8791428024290523
2017-02-06,2.889002561569214,2.88949506743947,2.80748685105771,2.80748685105771,506768000,0.02561681633896762,0.02529420363620287,2.561681633896762,2.5294203636202868
2017-02-07,2.9338226318359375,2.9779050590505225,2.903531302551721,2.92323293812711,746224000,0.015514029258035356,0.01539491706649364,1.5514029258035356,1.539491706649364
2017-02-08,2.9210164546966553,2.9382553265753426,2.8660979652142426,2.915844793133049,449580000,-0.004365014094689257,-0.004374568582499201,-0.4365014094689257,-0.43745685824992014
2017-02-09,2.866098165512085,2.9320988586324153,2.8468892697117103,2.927173332115989,842568000,-0.01880108860608032,-0.018980076062421854,-1.8801088606080318,-1.8980076062421853
2017-02-10,2.7981271743774414,2.972486600725261,2.773007510419997,2.9535238437908116,1651092000,-0.023715513987811798,-0.02400125347167929,-2.37155139878118,-2.400125347167929
2017-02-13,2.669081211090088,2.806992634944328,2.6646481912344866,2.7924626637450363,1180724000,-0.04611869126930057,-0.04721602960236238,-4.611869126930057,-4.721602960236238
2017-02-14,2.6789326667785645,2.712671772443368,2.6176111288393518,2.659477165507735,850632000,0.003690953893625837,0.0036841590378371603,0.3690953893625837,0.368415903783716
2017-02-15,2.6843504905700684,2.7040521274472695,2.653813023869018,2.6818879621069462,373020000,0.0020223814725506273,0.002020339212163199,0.20223814725506273,0.20203392121631988
2017-02-16,2.6412534713745117,2.6951867233032902,2.6020963305939193,2.6939553415639326,647176000,-0.016054915089126154,-0.016185191504613602,-1.6054915089126154,-1.6185191504613603
2017-02-17,2.640760660171509,2.6451936812870613,2.5806707360148833,2.6277084368350474,563740000,-0.00018658232098656136,-0.00018659972963327786,-0.018658232098656136,-0.018659972963327786
2017-02-21,2.735328435897827,2.7392687159132425,2.665141097207545,2.6653874674606395,551952000,0.035810809041731284,0.03518451040573577,3.5810809041731284,3.5184510405735767
2017-02-22,2.7311365604400635,2.756781057266583,2.7121496338521056,2.7474109345677835,433772000,-0.0015324943808393554,-0.00153366985144123,-0.15324943808393554,-0.153366985144123
2017-02-23,2.4778974056243896,2.62338052618306,2.457924458672057,2.6014348350766414,1592888000,-0.09272299250201899,-0.09730746480298076,-9.272299250201899,-9.730746480298077
2017-02-24,2.5018160343170166,2.515131411700886,2.3597850286777997,2.3935667170037407,1029904000,0.009652792177083702,0.009606501628974988,0.9652792177083702,0.9606501628974988
2017-02-27,2.574557304382324,2.58959874312167,2.5042816181477665,2.520062865311889,715400000,0.029075387265701025,0.02866071681721917,2.9075387265701025,2.866071681721917
2017-02-28,2.5023086071014404,2.5940370817591676,2.485047980087699,2.5841735975702798,625360000,-0.028062571051692853,-0.028463850103733365,-2.8062571051692853,-2.8463850103733366
2017-03-01,2.534611463546753,2.5735713410547736,2.4931857144494813,2.559269473963886,504804000,0.012909221649815006,0.012826607874734643,1.2909221649815006,1.2826607874734643
2017-03-02,2.4411568641662598,2.5358443562535564,2.438444546559245,2.5217891706237956,754332000,-0.03687137090815473,-0.037568304876599935,-3.6871370908154733,-3.7568304876599936
2017-03-03,2.4271018505096436,2.435485484330551,2.372607172460729,2.4305539765226847,864692000,-0.005757521715597069,-0.005774160138540125,-0.5757521715597069,-0.5774160138540125
2017-03-06,2.408360719680786,2.4189637750405377,2.346715366174903,2.3908534148286456,883568000,-0.0077216087264414535,-0.007751574703808663,-0.7721608726441453,-0.7751574703808664
2017-03-07,2.4347450733184814,2.4542251239927957,2.395538761135984,2.4083610074850954,603400000,0.010955316378516766,0.010895741612059999,1.0955316378516766,1.089574161206
2017-03-08,2.430307149887085,2.497870519468692,2.4280879597484137,2.4830755266134945,638712000,-0.0018227466522183766,-0.0018244098762955025,-0.18227466522183766,-0.18244098762955024
2017-03-09,2.429813861846924,2.452252678104006,2.4017034948616054,2.4142792967458666,478060000,-0.00020297353780329708,-0.00020299413971963098,-0.020297353780329708,-0.0202994139719631
2017-03-10,2.4441158771514893,2.468034313950776,2.425868991975661,2.456198553740133,499740000,0.005886053878091824,0.005868798739638908,0.5886053878091824,0.5868798739638909
2017-03-13,2.51143217086792,2.5212954194582387,2.4537320607932758,2.4544718691061087,774136000,0.027542185845494727,0.02716972332938241,2.7542185845494727,2.716972332938241
2017-03-14,2.509706974029541,2.5336251778644883,2.4774046650208428,2.5242552883559446,522016000,-0.0006869374607806344,-0.0006871735104252325,-0.06869374607806344,-0.06871735104252324
2017-03-15,2.5286927223205566,2.5395422249014943,2.4737049308081387,2.5212953448862074,615036000,0.007564926299157726,0.007536455739173058,0.7564926299157726,0.7536455739173058
2017-03-16,2.559762716293335,2.5602560787601245,2.5252414531261698,2.5392966396264307,523100000,0.012286978840301943,0.012212106594371788,1.2286978840301943,1.2212106594371788
2017-03-17,2.615490436553955,2.616723372451871,2.5597628156971495,2.5772701291939923,1119688000,0.021770658626248274,0.021537062123765754,2.1770658626248274,2.1537062123765756
2017-03-20,2.69883394241333,2.702779430046828,2.6169689541318464,2.632996880352132,748568000,0.03186534528842877,0.031368179174519686,3.186534528842877,3.136817917451969
2017-03-21,2.611544370651245,2.7114100398929146,2.6036538648379977,2.681573609167124,913484000,-0.03234343928697947,-0.03287804731120204,-3.234343928697947,-3.287804731120204
2017-03-22,2.6648073196411133,2.6694923830850494,2.5965041129116093,2.600449367612152,616764000,0.02039519205127882,0.020189995446977207,2.039519205127882,2.0189995446977207
2017-03-23,2.6406409740448,2.676888528668481,2.631024405456424,2.656915347931608,533940000,-0.009068702798207595,-0.009110073794215806,-0.9068702798207595,-0.9110073794215806
2017-03-24,2.650010824203491,2.694888688372456,2.6241198843897036,2.6869981834268444,439500000,0.0035483241571985236,0.0035420437073660745,0.35483241571985236,0.35420437073660743
2017-03-27,2.6692452430725098,2.6731904970950575,2.5540916568514116,2.6034079200294906,506644000,0.007258241624277018,0.007232027358428029,0.7258241624277018,0.7232027358428029
2017-03-28,2.6554362773895264,2.685026030181421,2.645079899186131,2.6704777174218557,432444000,-0.005173359667427269,-0.005186787825032048,-0.5173359667427269,-0.5186787825032048
2017-03-29,2.646806001663208,2.675162819116546,2.644586811323474,2.662833696479913,349992000,-0.0032500406053058706,-0.0032553334583768864,-0.32500406053058706,-0.3255333458376886
2017-03-30,2.6976003646850586,2.7123953518923245,2.6482841325914124,2.6539554463715542,525532000,0.019190814509991494,0.019008993344199206,1.9190814509991494,1.9008993344199205
2017-03-31,2.686011791229248,2.7096837772402997,2.672943097847521,2.687984535116305,440808000,-0.004295882224631731,-0.004305136038381005,-0.4295882224631731,-0.4305136038381005
2017-04-03,2.6724495887756348,2.7037653943728235,2.6487776061472803,2.6865047696716267,445232000,-0.005049196916371845,-0.0050619871830030515,-0.5049196916371845,-0.5061987183003052
2017-04-04,2.4850475788116455,2.574803295106501,2.4741980771775736,2.5496519318346773,1271280000,-0.0701236838109437,-0.07270369502433527,-7.012368381094369,-7.270369502433526
2017-04-05,2.466554641723633,2.5242547596173197,2.4534857121123093,2.4663079605331286,747048000,-0.007441683308476499,-0.007469510775126238,-0.7441683308476499,-0.7469510775126238
2017-04-06,2.484555959701538,2.4966384039935066,2.426609140070365,2.4717337067341605,635120000,0.007298163062516183,0.007271660339814417,0.7298163062516183,0.7271660339814418
2017-04-07,2.473952293395996,2.5084737895290505,2.458910853234427,2.490966477824023,429068000,-0.00426783154717747,-0.004276964735437394,-0.42678315471774697,-0.42769647354373946
2017-04-10,2.41082763671875,2.481349778664232,2.406635701947832,2.4746922074031827,756332000,-0.025515712993234296,-0.025846884323813556,-2.5515712993234296,-2.5846884323813555
2017-04-11,2.419457197189331,2.4386905667601733,2.3758122702968487,2.3807437768963933,618148000,0.003579501221549819,0.0035731100539729927,0.3579501221549819,0.35731100539729926
2017-04-12,2.399484634399414,2.4337594488644303,2.394306445321256,2.4194578173854873,414092000,-0.008254976700195038,-0.008289237699804282,-0.8254976700195038,-0.8289237699804282
2017-04-13,2.3546061515808105,2.397018142936356,2.3546061515808105,2.3753191376947957,506892000,-0.018703384124748368,-0.01888050438946255,-1.8703384124748368,-1.888050438946255
2017-04-17,2.4468283653259277,2.447074811380511,2.362250807230907,2.367428996278547,497292000,0.03916672590157044,0.038419166906256325,3.9166725901570443,3.8419166906256326
2017-04-18,2.448307514190674,2.4544721923454715,2.406635324561316,2.432526267336188,370116000,0.0006045168045731852,0.0006043341578946303,0.060451680457318524,0.06043341578946303
2017-04-19,2.4579243659973145,2.4899797523938854,2.451266560491939,2.4658148719992696,380828000,0.003927959110896051,0.003920264821495602,0.3927959110896051,0.3920264821495602
2017-04-20,2.496884346008301,2.501569407634582,2.4512666654532906,2.472472783374026,404016000,0.015850764388829486,0.01572645292350136,1.5850764388829486,1.5726452923501362
2017-04-21,2.5072405338287354,2.5099528510853704,2.4746917861154194,2.4865275447285375,341896000,0.004147644177829424,0.004139066411883952,0.4147644177829424,0.41390664118839515
2017-04-24,2.5385570526123047,2.5516257504778967,2.517844292904503,2.538803498708737,371820000,0.012490432553651676,0.012413070624185216,1.2490432553651676,1.2413070624185216
2017-04-25,2.5826940536499023,2.5972423626920174,2.5316517490054085,2.5531043084189147,388440000,0.01738664923531208,0.01723723088609713,1.738664923531208,1.7237230886097128
2017-04-26,2.5649404525756836,2.5987218981352314,2.562967708713354,2.5962562622553262,327004000,-0.006874062783057466,-0.006897797986688098,-0.6874062783057466,-0.6897797986688098
2017-04-27,2.6048872470855713,2.613270881554763,2.5543380535642535,2.572338493498021,319700000,0.015574160589098218,0.01545412801693982,1.5574160589098218,1.545412801693982
2017-04-28,2.571845293045044,2.604887172995872,2.56617374132484,2.5979829206322775,348248000,-0.012684600486065456,-0.012765736882875479,-1.2684600486065456,-1.2765736882875478
2017-05-01,2.629544973373413,2.6347233973906476,2.575543659424466,2.5826945924402276,307732000,0.02243512877092746,0.022187163177366034,2.243512877092746,2.2187163177366034
2017-05-02,2.5516254901885986,2.603900981793853,2.528939988231022,2.602668045961994,629972000,-0.029632306719916013,-0.030080214074584728,-2.9632306719916013,-3.008021407458473
2017-05-03,2.5706117153167725,2.5802282829479384,2.5299257846495316,2.5447205402603097,336904000,0.007440835342482188,0.007413288888542008,0.7440835342482188,0.7413288888542008
2017-05-04,2.560748815536499,2.5878726946253305,2.552858074331348,2.57677650882571,209788000,-0.0038367909558282287,-0.0038441703196793694,-0.38367909558282287,-0.3844170319679369
2017-05-05,2.560994863510132,2.5681457951749005,2.53362430747982,2.549159106279724,228428000,9.608438443464706e-05,9.607976862585003e-05,0.009608438443464706,0.009607976862585004
2017-05-08,2.5341179370880127,2.574310508901094,2.522775070659255,2.572831127275649,365240000,-0.010494720940315116,-0.010550178875744188,-1.0494720940315116,-1.0550178875744187
2017-05-09,2.5383102893829346,2.5873801042145317,2.531406036369973,2.5397899065477016,847672000,0.0016543635296388803,0.0016529965777107285,0.16543635296388803,0.16529965777107286
2017-05-10,2.990786552429199,3.003855481221614,2.8115220021195158,2.8181795719448335,2129096000,0.1782588460279464,0.16403779456177497,17.825884602794638,16.403779456177496
2017-05-11,3.119255781173706,3.2161624561944837,2.9567587152033683,2.9602108410428185,1939792000,0.042954997453817256,0.042058027871868416,4.295499745381726,4.205802787186841
2017-05-12,3.1535303592681885,3.1956959098072093,3.101501794342068,3.122461229021096,962620000,0.010988062697950829,0.010928132548201725,1.098806269795083,1.0928132548201726
2017-05-15,3.311836004257202,3.314301875649034,3.1902713195094625,3.194709935046448,1087540000,0.05019949927666145,0.04898014543295502,5.019949927666145,4.898014543295502
2017-05-16,3.373481273651123,3.3890160748119182,3.288410829692858,3.362878215121293,1120700000,0.018613623776865484,0.018442510380754073,1.8613623776865484,1.8442510380754074
2017-05-17,3.149338960647583,3.3253980876379554,3.1451470262805272,3.3066578411676644,1271368000,-0.06644243581674025,-0.06875265300251515,-6.644243581674026,-6.875265300251515
2017-05-18,3.2812607288360596,3.2901377267273144,3.1328185772593464,3.1932310288543886,1156032000,0.04188871691389817,0.04103514004047699,4.188871691389817,4.103514004047699
2017-05-19,3.3570401668548584,3.4118387039438107,3.3377865377240012,3.382464731368668,1018372000,0.023094610359012613,0.022831965937569445,2.3094610359012613,2.2831965937569443
2017-05-22,3.428624391555786,3.442941085272147,3.3898701890064444,3.400731356355795,836608000,0.021323612808598957,0.021099445679890385,2.1323612808598957,2.1099445679890385
2017-05-23,3.3824656009674072,3.450593790313354,3.3498825641239613,3.4483722624206017,681248000,-0.013462772621597563,-0.013554217405935778,-1.3462772621597563,-1.3554217405935778
2017-05-24,3.420477867126465,3.482188153994059,3.4083824682253114,3.47947274506226,815996000,0.011238034807563357,0.011175357239045216,1.1238034807563357,1.1175357239045216
2017-05-25,3.4128262996673584,3.4565172010079146,3.367901164144707,3.4557766134174375,608228000,-0.0022369878585223324,-0.002239493653514696,-0.22369878585223324,-0.2239493653514696
2017-05-26,3.5011954307556152,3.5861087659268103,3.3844396537467474,3.404680576643326,779140000,0.025893240185376643,0.025563686934325418,2.5893240185376643,2.5563686934325416
2017-05-30,3.575988292694092,3.6110395538433995,3.53106315834622,3.547107731481699,989652000,0.02136209286733104,0.02113712162644419,2.136209286733104,2.113712162644419
2017-05-31,3.563152313232422,3.6285650711667983,3.5063787229847274,3.6209129611686164,887316000,-0.003589491466707062,-0.003595949149030202,-0.3589491466707062,-0.3595949149030202
2017-06-01,3.563399314880371,3.579937770322153,3.5179805330708707,3.578950241739443,503340000,6.932110284263437e-05,6.931870024601784e-05,0.0069321102842634374,0.006931870024601785
2017-06-02,3.545626640319824,3.5866021294758617,3.539702410816134,3.5604369786729664,487456000,-0.004987561872824675,-0.005000041271349551,-0.4987561872824675,-0.5000041271349551
2017-06-05,3.6534957885742188,3.6663315397297005,3.517733343806862,3.5293348609582322,817376000,0.030423154831853427,0.029969547807871755,3.0423154831853427,2.9969547807871755
2017-06-06,3.636957883834839,3.6949654745842344,3.623628485011703,3.648806107563134,758728000,-0.004526597455264625,-0.004536873519656204,-0.4526597455264625,-0.4536873519656204
2017-06-07,3.6808955669403076,3.6996555491689525,3.6458443061625814,3.6613952325544936,612612000,0.012080888618688279,0.012008497136191306,1.208088861868828,1.2008497136191307
2017-06-08,3.9479782581329346,3.949459197986992,3.746802548408049,3.7880249835890645,1161744000,0.0725591602194342,0.07004753134248205,7.2559160219434204,7.0047531342482054
2017-06-09,3.6927437782287598,4.15927365729685,3.5236574793535245,4.066461516348402,3692928000,-0.06464941375459332,-0.06683386142160318,-6.464941375459333,-6.683386142160318
2017-06-12,3.701876640319824,3.7445802418766707,3.5078596708421856,3.600918748052399,1697532000,0.002473191382762252,0.0024701380781892135,0.2473191382762252,0.24701380781892135
2017-06-13,3.737175703048706,3.8203611577511185,3.595241830409164,3.8112278717575587,1672504000,0.00953545084253049,0.009490275383016044,0.9535450842530491,0.9490275383016044
2017-06-14,3.745074510574341,3.8028353997716846,3.665591758657904,3.740137809194948,1184640000,0.002113576709596776,0.002111346248623749,0.2113576709596776,0.2111346248623749
2017-06-15,3.7611193656921387,3.791480632750843,3.6162233766273784,3.6275781901291433,963824000,0.004284255245788682,0.004275103952623214,0.4284255245788682,0.42751039526232143
2017-06-16,3.742605209350586,3.8186324181676063,3.7085412476540105,3.770745177791359,924960000,-0.00492251230057561,-0.004934667770958393,-0.492251230057561,-0.4934667770958393
2017-06-19,3.8833060264587402,3.888489669301935,3.7830884606780635,3.786790928191132,778176000,0.03759435185859972,0.03690491053824176,3.7594351858599717,3.6904910538241764
2017-06-20,3.877628803253174,3.992410013210909,3.873432688772308,3.925516062280144,1095444000,-0.0014619561700480732,-0.001463025870667039,-0.14619561700480732,-0.1463025870667039
2017-06-21,3.936375617980957,3.9400783198925233,3.8433165423393434,3.9052737693856163,682652000,0.015150190414950693,0.015036572399312118,1.5150190414950693,1.5036572399312118
2017-06-22,3.909224033355713,3.9578518737431545,3.885280406974886,3.9445222381034273,469132000,-0.006897610202953874,-0.006921508674505054,-0.6897610202953874,-0.6921508674505054
2017-06-23,3.7971580028533936,3.932673759321234,3.782100487329326,3.91687589162527,1088588000,-0.028667078055928386,-0.029086004425654774,-2.8667078055928386,-2.9086004425654775
2017-06-26,3.7556889057159424,3.8655331646799516,3.6613955745965905,3.829988018602083,1063960000,-0.010921088115450783,-0.010981160972626145,-1.0921088115450783,-1.0981160972626145
2017-06-27,3.6181976795196533,3.746801899792202,3.612520391286069,3.738162496957167,999492000,-0.03660878993119887,-0.03729570869228421,-3.660878993119887,-3.7295708692284215
2017-06-28,3.745814561843872,3.7505045569561335,3.5977097751702356,3.685832153843838,994948000,0.03527084300743932,0.03466307654918826,3.5270843007439323,3.466307654918826
2017-06-29,3.620666265487671,3.7203899304948753,3.5564875060431778,3.717428051203049,1064424000,-0.03341016868026614,-0.0339810396764234,-3.341016868026614,-3.39810396764234
2017-06-30,3.568336248397827,3.651521701308763,3.54217109599214,3.6379453608150043,731060000,-0.014453145706538995,-0.014558609842752706,-1.4453145706538995,-1.4558609842752706
2017-07-03,3.439237594604492,3.595241191499181,3.4207245557172294,3.5804308545517953,709072000,-0.03617894862102744,-0.03684963295283646,-3.617894862102744,-3.684963295283646
2017-07-05,3.5310630798339844,3.5599434049981373,3.483669478240256,3.5026761658314762,820188000,0.02669937237646769,0.026349164020820253,2.669937237646769,2.6349164020820255
2017-07-06,3.541677474975586,3.5885774353702766,3.4498526114954027,3.5019362145538038,746284000,0.003006005529105682,0.003001496528279537,0.3006005529105682,0.3001496528279537
2017-07-07,3.6226420402526855,3.640908380981852,3.575495366001046,3.598451703590154,654972000,0.022860513372313207,0.022603127108207388,2.2860513372313207,2.260312710820739
2017-07-10,3.7939488887786865,3.8013540582267775,3.6700346528396732,3.6961998046019486,958492000,0.04728782104953755,0.04620379482601205,4.728782104953755,4.620379482601205
2017-07-11,3.8477609157562256,3.85541302728568,3.7556891071889256,3.797652132384812,757956000,0.01418364573563391,0.014083998963453203,1.418364573563391,1.4083998963453204
2017-07-12,4.011415004730225,4.023510167178391,3.864544704190402,3.90749500740163,1145208000,0.042532291521505616,0.041652649291682484,4.253229152150562,4.165264929168249
2017-07-13,3.9650094509124756,4.10496824805885,3.9186033810316947,4.023510684797449,1369132000,-0.011568375190058378,-0.011635809416428212,-1.1568375190058378,-1.163580941642821
2017-07-14,4.071644306182861,4.073125010087895,3.974388660503096,3.9813001814334292,941948000,0.026893972534124844,0.026538685630560475,2.6893972534124844,2.6538685630560477
2017-07-17,4.054365634918213,4.134589195696882,3.992655348415274,4.105708638486622,930792000,-0.00424365930943682,-0.00425268918714188,-0.424365930943682,-0.425268918714188
2017-07-18,4.09657621383667,4.111139846600428,3.98154785599202,3.993396314988326,776640000,0.01041114263472398,0.010357319937442258,1.041114263472398,1.0357319937442258
2017-07-19,4.075347423553467,4.132120774787683,4.063252259992133,4.105708685234267,687044000,-0.005182081127039773,-0.005195554676952616,-0.5182081127039773,-0.5195554676952616
2017-07-20,4.134589672088623,4.134836377669169,4.04597387501835,4.095835709394924,699596000,0.014536735737612494,0.01443209031085459,1.4536735737612494,1.443209031085459
2017-07-21,4.14940071105957,4.1790218641507195,4.099785573889556,4.114102503784633,648332000,0.0035822270516787658,0.003575826158102074,0.3582227051678766,0.3575826158102074
2017-07-24,4.101266384124756,4.166185738711283,4.090652393568662,4.156559041368289,652524000,-0.011600308161735295,-0.011668116646094968,-1.1600308161735295,-1.1668116646094968
2017-07-25,4.0815205574035645,4.095837491110203,4.037829639220055,4.078311500211798,496556000,-0.004814568202061609,-0.004826195571067231,-0.4814568202061609,-0.4826195571067231
2017-07-26,4.128664970397949,4.194571605405604,4.093860184221281,4.139032253341611,640404000,0.011550698405492055,0.011484498372061232,1.1550698405492055,1.1484498372061231
2017-07-27,3.9924092292785645,4.165198245191339,3.8892295604761475,4.153596491167867,782856000,-0.03300237294532804,-0.03355923745670163,-3.300237294532804,-3.3559237456701627
2017-07-28,4.0578227043151855,4.082260215406383,3.9316871525340806,3.9566178394824796,513348000,0.016384461431685704,0.0162516844993982,1.6384461431685704,1.6251684499398198
2017-07-31,4.011415004730225,4.107436187718886,3.9647622352872958,4.07139740590661,559672000,-0.011436601095363264,-0.01150250195403241,-1.1436601095363264,-1.1502501954032411
2017-08-01,4.060290336608887,4.062018217299158,3.974143007676133,4.00203580430133,431384000,0.01218406268636607,0.012110434451956831,1.218406268636607,1.211043445195683
2017-08-02,4.0578227043151855,4.095342676068961,3.9808086449420075,4.091393502713157,478444000,-0.0006077477444044188,-0.0006079324979243154,-0.06077477444044188,-0.060793249792431545
2017-08-03,4.109413146972656,4.11311561491851,4.040297430172129,4.057329536022742,442420000,0.01271382374656449,0.012633681649590568,1.271382374656449,1.2633681649590567
2017-08-04,4.1274309158325195,4.1980273094375145,4.109411523701726,4.132120675323932,589096000,0.004384511416949399,0.004374927450561641,0.4384511416949399,0.4374927450561641
2017-08-07,4.254307270050049,4.254800681150564,4.146931033360959,4.156558199566437,717412000,0.030739788697817128,0.03027678588378263,3.0739788697817128,3.0276785883782633
2017-08-08,4.203705310821533,4.3088593257287275,4.164457466711079,4.29232110663528,755336000,-0.011894288779926376,-0.011965591795825488,-1.1894288779926376,-1.1965591795825488
2017-08-09,4.248384475708008,4.250852944480468,4.138786910434629,4.157546896455502,530784000,0.010628519742204023,0.010572434081281109,1.0628519742204023,1.0572434081281108
2017-08-10,4.06646203994751,4.261960219447327,4.056341460646755,4.249617877319989,1328088000,-0.042821556476519196,-0.043765443548893,-4.282155647651919,-4.3765443548893
2017-08-11,3.8497350215911865,3.9247747167644094,3.774448620828798,3.8788622887272868,1497196000,-0.05329621086518754,-0.05476902338903702,-5.329621086518754,-5.4769023389037015
2017-08-14,4.156805992126465,4.160508459597006,3.9297120612925163,3.9413135811520457,1279020000,0.07976418346017966,0.07674266864660992,7.976418346017966,7.674266864660992
2017-08-15,4.121753692626953,4.188153742673124,4.08744278633435,4.161988828211502,764532000,-0.008432507931788291,-0.008468262670091898,-0.8432507931788291,-0.8468262670091897
2017-08-16,4.076582908630371,4.160262261852931,4.044247049094893,4.136812513656435,596632000,-0.0109591177360705,-0.011019611243167795,-1.09591177360705,-1.1019611243167795
2017-08-17,3.9857444763183594,4.085221444248436,3.9835231843628574,4.0681898129448575,525444000,-0.022282984143337625,-0.022535000656875002,-2.2282984143337625,-2.2535000656875
2017-08-18,3.986485719680786,4.0570826081170654,3.940573283499436,4.040050503199522,601204000,0.00018597362847283527,0.00018595633752133237,0.018597362847283527,0.018595633752133238
2017-08-21,3.9284772872924805,4.0222769619596415,3.884539682475104,4.010922384680935,623672000,-0.014551270584496345,-0.014658178688923095,-1.4551270584496345,-1.4658178688923096
2017-08-22,4.01593542098999,4.0218648660309855,3.9457709496404267,3.965041528216996,450456000,0.022262603879730225,0.02201840973390913,2.2262603879730225,2.201840973390913
2017-08-23,4.0962300300598145,4.107347681731615,3.9739358616700096,3.982583342949593,579520000,0.01999399906934518,0.019796744013525377,1.999399906934518,1.9796744013525376
2017-08-24,4.0811591148376465,4.132794721782083,4.054724240015659,4.12834728428752,469700000,-0.0036792160380573202,-0.0036860010007262146,-0.367921603805732,-0.36860010007262145
2017-08-25,4.0470662117004395,4.1155015351990105,4.0406424481704555,4.1053720442335955,357200000,-0.008353730442230867,-0.00838881839522536,-0.8353730442230867,-0.838881839522536
2017-08-28,4.075724124908447,4.078936006132708,4.010500694155444,4.066088952462368,389496000,0.0070811574876523675,0.007056203823269138,0.7081157487652368,0.7056203823269138
2017-08-29,4.069054126739502,4.090795588146091,4.0087719690408745,4.016925134875041,324096000,-0.0016365185583052666,-0.0016378591175674802,-0.16365185583052666,-0.16378591175674803
2017-08-30,4.093265533447266,4.104383185093519,4.058430099295217,4.0888180958074,384400000,0.005950131395072944,0.005932499270996125,0.5950131395072944,0.5932499270996124
2017-08-31,4.186158180236816,4.1901108286884945,4.106111394371521,4.113522845831701,612684000,0.022694019244658747,0.02244034080711658,2.2694019244658747,2.2440340807116583
2017-09-01,4.211358547210693,4.246935215567035,4.190111409544542,4.198758889491126,445432000,0.006019927076059917,0.00600187970806685,0.6019927076059917,0.600187970806685
2017-09-05,4.098947048187256,4.1649117098183,4.040888627173747,4.159970427239001,695364000,-0.026692455121849257,-0.027055167727119002,-2.6692455121849257,-2.7055167727119
2017-09-06,4.096476078033447,4.145641034665225,4.061641122467213,4.13180582153519,397672000,-0.0006028304646924498,-0.0006030122400338439,-0.06028304646924498,-0.06030122400338439
2017-09-07,4.11550235748291,4.147866690754141,4.07523177963713,4.113278637841279,352868000,0.004644547920464426,0.004633795288991942,0.4644547920464426,0.4633795288991942
2017-09-08,4.044101238250732,4.118712930949397,4.019889606136181,4.10388955003411,498856000,-0.017349308305547262,-0.017501571229146334,-1.7349308305547262,-1.7501571229146333
2017-09-11,4.175288677215576,4.18591248330027,4.08437113903112,4.089806739083767,567444000,0.032439207437247264,0.03192416512421251,3.2439207437247264,3.1924165124212514
2017-09-12,4.190359115600586,4.199994287288012,4.125135689983131,4.199994287288012,411488000,0.0036094362689815807,0.003602937886196308,0.36094362689815807,0.3602937886196308
2017-09-13,4.209136486053467,4.238042007108358,4.1327953938231845,4.165159719340718,580960000,0.004481088597627192,0.004471078413325398,0.4481088597627192,0.4471078413325398
2017-09-14,4.1851701736450195,4.263240638185579,4.14564086029992,4.170099404989905,513712000,-0.005693878658450946,-0.005710150581841511,-0.5693878658450946,-0.5710150581841511
2017-09-15,4.449770450592041,4.449770450592041,4.265464742676675,4.270652948425177,1364792000,0.06322330179386015,0.06130514483762381,6.322330179386015,6.130514483762381
2017-09-18,4.63358211517334,4.723758885369627,4.567123598869018,4.574041206941933,1684460000,0.04130812288459573,0.04047773323835141,4.130812288459573,4.047773323835141
2017-09-19,4.628641128540039,4.690405753276462,4.56119398114663,4.583182360964218,874280000,-0.0010663427366747191,-0.0010669116845890276,-0.10663427366747191,-0.10669116845890277
2017-09-20,4.591335296630859,4.679782194921176,4.5510647327853,4.632347100099268,724920000,-0.00805978058639134,-0.008092436201027484,-0.8059780586391341,-0.8092436201027484
2017-09-21,4.465828895568848,4.513758298411942,4.388005346637158,4.487569878530267,1075600000,-0.027335490212206603,-0.027716056060248517,-2.7335490212206603,-2.7716056060248517
2017-09-22,4.422347545623779,4.504124234846626,4.412465449567007,4.454465418068465,491232000,-0.009736456761299639,-0.009784165988226576,-0.9736456761299639,-0.9784165988226576
2017-09-25,4.224699974060059,4.392699810758895,4.203947152845256,4.391464254509458,874580000,-0.044692907901213386,-0.04572242778441047,-4.469290790121338,-4.572242778441047
2017-09-26,4.248418807983398,4.4144423797863075,4.208642553035131,4.3593484261844635,1125620000,0.005614323873641913,0.005598622299098994,0.5614323873641913,0.5598622299098994
2017-09-27,4.341560363769531,4.354901738041636,4.2679368248628835,4.338842798587728,713720000,0.021923816835361487,0.02168694578909723,2.1923816835361487,2.168694578909723
2017-09-28,4.340323448181152,4.3526761833361896,4.292887889638134,4.348723063048724,435244000,-0.00028490116104362695,-0.00028494175308940603,-0.028490116104362695,-0.028494175308940602
2017-09-29,4.416665077209473,4.440382388246096,4.379112079034777,4.424323924764225,619092000,0.017588926249335612,0.017436031320978568,1.7588926249335612,1.743603132097857
2017-10-02,4.422347545623779,4.49597106971505,4.372936122886428,4.466818155946116,503480000,0.0012865970851239084,0.0012857701283249911,0.12865970851239084,0.12857701283249912
2017-10-03,4.431488513946533,4.461382664960675,4.387264830023784,4.42852355551117,390332000,0.002066994560796065,0.0020648612667046075,0.2066994560796065,0.20648612667046073
2017-10-04,4.4685468673706055,4.490782169094744,4.401099722643831,4.437664556223377,427848000,0.00836250693360574,0.008327734892296424,0.836250693360574,0.8327734892296424
2017-10-05,4.466076850891113,4.496465320738952,4.436182697890911,4.49300651648571,437364000,-0.0005527560866661618,-0.0005529089126314183,-0.05527560866661618,-0.05529089126314183
2017-10-06,4.479170322418213,4.49251169230366,4.422346981467149,4.438405915640862,318800000,0.002931761356611551,0.0029274721255750603,0.2931761356611551,0.292747212557506
2017-10-09,4.580216884613037,4.613322911988001,4.497205129031213,4.515981625604878,563492000,0.0225592140779034,0.022308518336672113,2.25592140779034,2.230851833667211
2017-10-10,4.6676764488220215,4.766994077654325,4.626417721951962,4.729441077725951,974876000,0.019095070476422116,0.018915047706499388,1.9095070476422116,1.8915047706499388
2017-10-11,4.717335224151611,4.718817703406691,4.638276575205916,4.684229191072911,529508000,0.010638864084532296,0.010582669582443532,1.0638864084532296,1.0582669582443531
2017-10-12,4.719557762145996,4.770451648644534,4.6923811816607905,4.720792847065051,528292000,0.0004711426872963109,0.00047103173442880137,0.04711426872963109,0.047103173442880134
2017-10-13,4.807511329650879,4.817640818771001,4.734876446278366,4.781817222665219,628728000,0.018635976491341966,0.0184644543924004,1.8635976491341966,1.8464454392400398
2017-10-16,4.890028953552246,4.892993912047512,4.774158545198851,4.837405652528424,576640000,0.01716431189510259,0.01701866930141111,1.716431189510259,1.7018669301411111
2017-10-17,4.885582447052002,4.91399412209767,4.85099440286193,4.869276587472859,478596000,-0.0009093006488262168,-0.0009097143134438756,-0.09093006488262168,-0.09097143134438757
2017-10-18,4.881382942199707,4.895218161404153,4.776136318615373,4.8944773928554675,567316000,-0.000859570971896928,-0.0008599406148628809,-0.0859570971896928,-0.08599406148628809
2017-10-19,4.886817455291748,4.891758267316832,4.7546411912799345,4.803805687323146,570772000,0.0011133142300840948,0.0011126949553855795,0.11133142300840948,0.11126949553855794
2017-10-20,4.864582061767578,4.931040576734188,4.855687657833784,4.903864461806197,451620000,-0.004550076553420657,-0.0045604596596653165,-0.45500765534206566,-0.45604596596653163
2017-10-23,4.857664108276367,4.912758045036561,4.837405131496506,4.886322700359099,428696000,-0.0014221064427264452,-0.0014231185958004122,-0.14221064427264452,-0.14231185958004122
2017-10-24,4.908559799194336,4.9102892016880055,4.84086570785153,4.866806745256573,407244000,0.01047740020378396,0.010422892647346048,1.047740020378396,1.0422892647346047
2017-10-25,4.784536361694336,4.921901345773569,4.723019109583423,4.869030635206952,828160000,-0.025266767152425595,-0.02559145275742701,-2.5266767152425595,-2.559145275742701
2017-10-26,4.834687232971191,4.8462987284194075,4.7882403087250625,4.812205010340844,322744000,0.010481866472657586,0.01042731259677034,1.0481866472657586,1.0427312596770342
2017-10-27,4.987124443054199,4.9873713659081735,4.860877123104035,4.886818630802744,572192000,0.03152990105408038,0.031043041043181927,3.152990105408038,3.1043041043181927
2017-10-30,5.036041736602783,5.091629534046241,4.971312139369533,4.9871241544183205,504056000,0.00980871724921828,0.009760924054672744,0.980871724921828,0.9760924054672745
2017-10-31,5.109416484832764,5.136098752293261,5.0622283178118215,5.067910840166804,411908000,0.014569924569266535,0.01446480306302897,1.4569924569266535,1.446480306302897
2017-11-01,5.119052410125732,5.187487726327024,5.054817137809243,5.172170030094623,502576000,0.0018859150201540054,0.0018841389151272223,0.18859150201540054,0.18841389151272223
2017-11-02,5.0879225730896,5.134122579156999,5.031346155549523,5.08940505222189,342308000,-0.006081171775963123,-0.0060997374065067415,-0.6081171775963123,-0.6099737406506741
2017-11-03,5.1558637619018555,5.1558637619018555,5.073099389730648,5.1190520035513885,353640000,0.013353424278034876,0.013265053143642394,1.3353424278034876,1.3265053143642394
2017-11-06,5.179087162017822,5.187734171800686,5.106699202627933,5.119051939110113,389944000,0.004504269544042483,0.004494155680984295,0.4504269544042483,0.4494155680984295
2017-11-07,5.2383809089660645,5.259875442286922,5.189710733592025,5.201816546741778,427700000,0.01144868682324729,0.011383646554630061,1.144868682324729,1.1383646554630062
2017-11-08,5.167476654052734,5.237641379341567,5.120041552562118,5.233935180706283,522988000,-0.01353552865771357,-0.013627969026318224,-1.353552865771357,-1.3627969026318223
2017-11-09,5.072605609893799,5.097558479826564,4.950311902064383,5.071370524589968,978564000,-0.01835925936589,-0.018529882133237564,-1.8359259365890002,-1.8529882133237565
2017-11-10,5.339922904968262,5.402428774316869,5.2284994602024915,5.264323058525985,1253256000,0.05269822170938676,0.05135660300743499,5.269822170938676,5.135660300743499
2017-11-13,5.253206729888916,5.365370971331327,5.237889030006017,5.33992425037592,582376000,-0.01623921854726873,-0.016372519765236352,-1.623921854726873,-1.6372519765236353
2017-11-14,5.291497707366943,5.3068153991415725,5.218615445682237,5.262344802693061,529292000,0.007289067315810138,0.00726263045362339,0.7289067315810138,0.726263045362339
2017-11-15,5.1877336502075195,5.237639850370907,5.133875272182704,5.236404294110901,501948000,-0.019609581804214127,-0.01980440073805067,-1.9609581804214127,-1.980440073805067
2017-11-16,5.228005886077881,5.29199424380355,5.219111951548242,5.261853164312221,441768000,0.007762972925325462,0.007732996090627985,0.7762972925325462,0.7732996090627985
2017-11-17,5.221829891204834,5.320406302760702,5.20675958599109,5.285077013720647,515664000,-0.0011813289823360273,-0.0011820273014355163,-0.11813289823360273,-0.11820273014355163
2017-11-20,5.289028644561768,5.301134458382418,5.200581278626358,5.237393036892428,396100000,0.012868813185606953,0.012786713608414695,1.2868813185606953,1.2786713608414695
2017-11-21,5.337697982788086,5.349309949204259,5.296933581409794,5.3288040515268715,399176000,0.009201942643354943,0.009159862716875434,0.9201942643354943,0.9159862716875433
2017-11-22,5.313716888427734,5.364893703494278,5.281082520674756,5.364893703494278,356640000,-0.004492778429517896,-0.004502901289750641,-0.44927784295178963,-0.4502901289750641
2017-11-24,5.36390495300293,5.3648942734494165,5.30555862436392,5.330034638555946,180752000,0.00944500161167694,0.009400676466093284,0.944500161167694,0.9400676466093284
2017-11-27,5.294187545776367,5.373795796957951,5.290973432365988,5.372559853406219,422896000,-0.012997509806271235,-0.013082716559205215,-1.2997509806271235,-1.3082716559205214
2017-11-28,5.209386348724365,5.308772975975196,5.148320564993011,5.299378203743134,512752000,-0.016017792403228204,-0.016147463803957495,-1.6017792403228204,-1.6147463803957496
2017-11-29,4.856092929840088,5.194797850918753,4.727780278602495,5.192078399456134,1396788000,-0.0678186249270587,-0.07022787478295145,-6.78186249270587,-7.022787478295145
2017-11-30,4.962156772613525,5.010861242967123,4.861781756304604,4.92482524524282,823768000,0.02184139478091285,0.021606288721421497,2.184139478091285,2.1606288721421496
2017-12-01,4.887246131896973,4.947817733733914,4.75843923021331,4.9275446778124055,811548000,-0.015096387347128926,-0.015211497772928326,-1.5096387347128926,-1.5211497772928326
2017-12-04,4.614799499511719,4.9520216077609875,4.5613978686579895,4.945840474853594,1240844000,-0.055746452098475396,-0.057360560021438196,-5.57464520984754,-5.73605600214382
2017-12-05,4.6414995193481445,4.764125762379137,4.464482805556391,4.509478502911166,981488000,0.005785737785412026,0.005769064684433018,0.5785737785412026,0.5769064684433018
2017-12-06,4.679077625274658,4.700833714675682,4.5698015749585235,4.5910634757106905,467032000,0.008096113286206075,0.008063515585955874,0.8096113286206075,0.8063515585955874
2017-12-07,4.746571063995361,4.786375412488394,4.700338962314847,4.745829309482566,542600000,0.014424517848588003,0.014321474212158207,1.4424517848588003,1.4321474212158207
2017-12-08,4.734209060668945,4.815547877666954,4.725803139479976,4.796510772072884,466876000,-0.0026044070887691895,-0.0026078044569463918,-0.26044070887691895,-0.26078044569463915
2017-12-11,4.812581539154053,4.81554855719424,4.73247912537966,4.748301649747178,372748000,0.01655450308187989,0.016418971027482843,1.655450308187989,1.6418971027482843
2017-12-12,4.718139171600342,4.792308485063112,4.694652481691829,4.769068889448816,455016000,-0.019624055568793874,-0.019819164113081867,-1.9624055568793874,-1.9819164113081866
2017-12-13,4.602930068969727,4.76041542968112,4.595512996114211,4.7591794866488675,554280000,-0.024418334949525833,-0.02472140632817117,-2.4418334949525833,-2.472140632817117
2017-12-14,4.610101222991943,4.681056450175291,4.563869109272292,4.596503487009203,438164000,0.0015579541541508313,0.0015567418026063522,0.15579541541508313,0.15567418026063523
2017-12-15,4.735941410064697,4.756214466107102,4.589086715607168,4.654108374324491,670036000,0.02729662126400867,0.02693071228695373,2.729662126400867,2.693071228695373
2017-12-18,4.892685890197754,4.895652437572594,4.746820034298961,4.776487394264101,477704000,0.033096794609820845,0.0325608881773457,3.3096794609820845,3.2560888177345695
2017-12-19,4.8484296798706055,4.888481119719906,4.819998273938612,4.883289310068515,373100000,-0.009045381477648773,-0.009086539320939752,-0.9045381477648773,-0.9086539320939752
2017-12-20,4.865489959716797,4.896887920586472,4.809863075570586,4.8877407133752815,288820000,0.0035187227561577217,0.0035125465352726245,0.35187227561577217,0.35125465352726243
2017-12-21,4.842991828918457,4.893921087746571,4.834585905306429,4.8689508828196235,300904000,-0.004624021626724151,-0.004634745485733688,-0.4624021626724151,-0.4634745485733688
2017-12-22,4.827663898468018,4.83705867184734,4.728277259080394,4.806154898912174,466276000,-0.0031649713631382026,-0.0031699904780374353,-0.31649713631382026,-0.31699904780374355
2017-12-26,4.881312370300293,4.888976539556863,4.74236894622792,4.772283868609482,355080000,0.011112718896876705,0.011051426303110887,1.1112718896876705,1.1051426303110887
2017-12-27,4.874637126922607,4.9438617456869025,4.853375694024708,4.867962278123153,329488000,-0.0013675099791400358,-0.001368445874239456,-0.13675099791400358,-0.1368445874239456
2017-12-28,4.88032341003418,4.929274971482377,4.8741427502079455,4.898371200797089,240248000,0.0011665038778305714,0.0011658240408190536,0.11665038778305714,0.11658240408190536
2017-12-29,4.783904075622559,4.906530316535513,4.783904075622559,4.906530316535513,279964000,-0.0197567510000215,-0.019954524852051285,-1.97567510000215,-1.9954524852051285
2018-01-02,4.92853307723999,4.932241850273964,4.808626771034557,4.8402718238970985,355616000,0.03023242091212075,0.029784428157094107,3.023242091212075,2.9784428157094105
2018-01-03,5.252898693084717,5.283308271761449,5.037314076259116,5.045967093389714,914704000,0.06581382548544723,0.06373866272871181,6.581382548544723,6.373866272871181
2018-01-04,5.280588150024414,5.390853048055927,5.258337400649796,5.334237325777807,583268000,0.00527127183628151,0.005257427313744994,0.527127183628151,0.5257427313744993
2018-01-05,5.3253374099731445,5.362668930770624,5.218533714746807,5.295422491536533,580124000,0.008474294657598636,0.008438589398738568,0.8474294657598636,0.8438589398738569
2018-01-08,5.4885101318359375,5.56267899650096,5.403957173425836,5.448953341140706,881216000,0.030640823163093467,0.030180767192008524,3.0640823163093467,3.0180767192008524
2018-01-09,5.487026691436768,5.53350589750984,5.405440750658684,5.493949106317687,497000000,-0.0002702810714633186,-0.00027031760397496017,-0.02702810714633186,-0.027031760397496017
2018-01-10,5.530043125152588,5.533504331613579,5.34017048685045,5.394560941459464,582664000,0.007839661830505218,0.007809091352555494,0.7839661830505218,0.7809091352555494
2018-01-11,5.539932727813721,5.594076089799403,5.5184232623627505,5.562677664819072,406032000,0.0017883409653989268,0.0017867437876101346,0.17883409653989268,0.17867437876101347
2018-01-12,5.51273775100708,5.562431062017867,5.4721921174013355,5.528066087608366,359916000,-0.004908900187561072,-0.004920988414244429,-0.49089001875610716,-0.4920988414244429
2018-01-16,5.441782474517822,5.624732719588088,5.357230001426734,5.539191397623721,702348000,-0.012871150360144634,-0.012954701321566755,-1.2871150360144634,-1.2954701321566755
2018-01-17,5.555755615234375,5.565644575410841,5.362421751821587,5.456368995491275,538408000,0.020944082430757405,0.020727770230001646,2.0944082430757405,2.0727770230001648
2018-01-18,5.548834800720215,5.603225276250291,5.5053221373636365,5.53647300749461,408632000,-0.0012457017539041493,-0.001246478285285314,-0.12457017539041493,-0.12464782852853139
2018-01-19,5.68901252746582,5.713240974940806,5.612124223726254,5.639072123450914,609380000,0.0252625518293339,0.024948727916220687,2.52625518293339,2.4948727916220688
2018-01-22,5.777520656585693,5.7792512599139485,5.639319013088401,5.6969235831092,550944000,0.01555773145032946,0.015437950693513895,1.555773145032946,1.5437950693513895
2018-01-23,5.906576156616211,5.929321098289492,5.812381333897702,5.830923313653374,475228000,0.02233752291017943,0.02209169450925575,2.233752291017943,2.2091694509255753
2018-01-24,5.829685688018799,5.945636569950167,5.774058821695778,5.909788092591555,579972000,-0.013017773166487334,-0.013103246971666895,-1.3017773166487334,-1.3103246971666895
2018-01-25,5.843285083770752,5.927343378708648,5.828451405709394,5.8840778163280145,409884000,0.0023327837004836205,0.002330066984773436,0.23327837004836205,0.2330066984773436
2018-01-26,6.015852928161621,6.016100022571526,5.874190024840474,5.8870460074687685,516356000,0.029532675869291758,0.029104986534511358,2.953267586929176,2.910498653451136
2018-01-29,6.10287618637085,6.134027521352492,5.948604906857678,6.001264767159597,455116000,0.014465655867657912,0.014362026450626782,1.4465655867657912,1.4362026450626781
2018-01-30,6.000768184661865,6.092243519327063,5.894212083358038,5.960964316366106,570832000,-0.016731127847065874,-0.01687267420790059,-1.6731127847065874,-1.687267420790059
2018-01-31,6.076916217803955,6.162705098029106,6.043540095637736,6.076174463326391,478576000,0.012689714183048428,0.01260987447925073,1.2689714183048428,1.260987447925073
2018-02-01,5.94588565826416,6.104113294596944,5.885561622425427,5.896934093794209,519224000,-0.02156201514773326,-0.02179787192424545,-2.156201514773326,-2.179787192424545
2018-02-02,5.773317337036133,5.883335131817482,5.715218581987567,5.859353781027756,718464000,-0.02902314829888719,-0.02945265062368056,-2.902314829888719,-2.945265062368056
2018-02-05,5.283308982849121,5.7661492899389,5.068218525736487,5.612125092729859,1165204000,-0.08487466140888922,-0.08869424102101461,-8.487466140888921,-8.869424102101462
2018-02-06,5.5770182609558105,5.579984807938679,5.043495325321507,5.053384758372647,1114800000,0.05559191769024663,0.05410166901507378,5.559191769024663,5.410166901507378
2018-02-07,5.656624794006348,5.80916591751259,5.604706696474964,5.675908995628018,802932000,0.014274031270052445,0.014173116459472916,1.4274031270052445,1.4173116459472916
2018-02-08,5.377750396728516,5.815347401730895,5.377502830833202,5.782218840951147,1144000000,-0.04930049409911752,-0.05055724333866899,-4.930049409911752,-5.055724333866899
2018-02-09,5.737717628479004,5.906081307958318,5.377750668311046,5.890258781347157,1674604000,0.06693639629862136,0.06479136070091221,6.693639629862136,6.479136070091221
2018-02-12,5.637587547302246,5.821774169533412,5.563418709851047,5.818807151965141,1093172000,-0.017451204060611958,-0.01760527139373237,-1.7451204060611958,-1.760527139373237
2018-02-13,5.751315593719482,5.797547703640699,5.56885951233327,5.601246793025311,625524000,0.020173176108220003,0.01997239338335695,2.0173176108220003,1.9972393383356948
2018-02-14,5.968629837036133,5.997555905547845,5.699890712604371,5.7110160872970255,744988000,0.037785136248471574,0.037088765482845926,3.7785136248471574,3.7088765482845925
2018-02-15,6.094222068786621,6.140454166893206,5.97110167492339,6.051945837257789,698900000,0.021042054069289495,0.020823727432507624,2.1042054069289495,2.082372743250762
2018-02-16,6.028459548950195,6.1807531132670475,6.01931187212797,6.067027482328872,637656000,-0.01079096217600084,-0.010849606878433959,-1.079096217600084,-1.084960687843396
2018-02-20,6.1580095291137695,6.226986583030645,6.047249948744444,6.050958722084268,686240000,0.021489732013899587,0.021262083354142737,2.1489732013899587,2.126208335414274
2018-02-21,5.970855236053467,6.229458332478876,5.967146934630271,6.222535918326724,892292000,-0.03039201095345445,-0.030863424172828856,-3.039201095345445,-3.0863424172828857
2018-02-22,5.990400314331055,6.076489793450437,5.92484374125468,6.004748718133377,534364000,0.003273413523672497,0.003268067568794492,0.3273413523672497,0.3268067568794492
2018-02-23,6.083911418914795,6.083911418914795,5.999553620133253,6.0502672929596075,415300000,0.015610159534752643,0.015489574278809348,1.5610159534752643,1.5489574278809348
2018-02-26,6.099989891052246,6.134623471587733,6.037648974241224,6.130170650068477,469312000,0.0026427853777528654,0.0026392993609884556,0.26427853777528654,0.2639299360988456
2018-02-27,6.087125778198242,6.157630120817602,6.064118983738408,6.073271874464876,455436000,-0.0021088744545091354,-0.0021111012614966314,-0.21088744545091354,-0.21111012614966315
2018-02-28,5.986688137054443,6.137591933903856,5.975060879540058,6.09801056372888,523116000,-0.016500010810278964,-0.016637652144664394,-1.6500010810278964,-1.6637652144664394
2018-03-01,5.7444987297058105,6.0383905825890505,5.64331866891923,5.984460818430372,1040120000,-0.040454655696796404,-0.04129570638817,-4.04546556967964,-4.1295706388169995
2018-03-02,5.851616382598877,5.858048603142345,5.488209605460676,5.6368872313838905,913428000,0.018646997402774534,0.01847527361739162,1.8646997402774534,1.847527361739162
2018-03-05,5.829601287841797,5.869182671053737,5.6779547536274775,5.801399446137645,620776000,-0.0037622245406494503,-0.0037693195082277044,-0.37622245406494503,-0.3769319508227704
2018-03-06,5.990646839141846,6.009943031146286,5.871902711804681,5.914947446168223,636808000,0.02762548300445955,0.0272507845102028,2.762548300445955,2.72507845102028
2018-03-07,5.982728481292725,6.034926560855363,5.8864962197728055,5.887732930882715,581208000,-0.0013217867889296908,-0.0013226611196248178,-0.13217867889296908,-0.13226611196248178
2018-03-08,5.966402530670166,6.01018947484931,5.92212061882495,6.01018947484931,411912000,-0.0027288469924061642,-0.0027325770828028426,-0.2728846992406164,-0.2732577082802843
2018-03-09,6.069067001342773,6.0819304984239935,5.997820440496951,6.013900047772053,505524000,0.017207097601085852,0.01706073212808067,1.7207097601085852,1.706073212808067
2018-03-12,6.178657531738281,6.2588097329259025,6.102215936430128,6.110379835581523,605060000,0.018057228626947364,0.017896133274111582,1.8057228626947364,1.7896133274111583
2018-03-13,6.1279449462890625,6.295918781426515,6.0866318911943,6.221456099970537,619772000,-0.008207702917457427,-0.008241571560870783,-0.8207702917457427,-0.8241571560870784
2018-03-14,6.153425216674805,6.198201627277066,6.091084294558158,6.170989256342004,505496000,0.00415804492518701,0.004149424145185324,0.415804492518701,0.4149424145185324
2018-03-15,6.168267250061035,6.249408911960656,6.126211988070576,6.167030538758575,401952000,0.0024119954112729047,0.0024090912193352066,0.24119954112729047,0.24090912193352065
2018-03-16,6.196469306945801,6.215517775890499,6.146992359791897,6.184594801881093,399456000,0.0045721198095765025,0.004561699419907675,0.45721198095765025,0.45616994199076755
2018-03-19,5.961949825286865,6.168515077029109,5.862996397151445,6.139571500102066,713772000,-0.037847275608394626,-0.03858208375318454,-3.7847275608394626,-3.858208375318454
2018-03-20,6.1742048263549805,6.213043980411077,5.964917968832188,5.964917968832188,554696000,0.03560160807926671,0.03498252169364085,3.560160807926671,3.498252169364085
2018-03-21,6.148971080780029,6.234071061900999,6.118542605924722,6.167771827905227,438688000,-0.004086962821064688,-0.004095337278801487,-0.4086962821064688,-0.40953372788014875
2018-03-22,5.982975006103516,6.132147544563354,5.9456202954563775,6.085639474159704,551196000,-0.026995748149697962,-0.027366826969809153,-2.6995748149697962,-2.7366826969809153
2018-03-23,5.76330041885376,5.999056953598304,5.752168129344331,5.996583059057638,735620000,-0.036716614564770156,-0.03740763691714945,-3.6716614564770156,-3.7407636917149447
2018-03-26,6.048039436340332,6.049276147790006,5.835784174299207,5.887734548434682,611424000,0.04940554834779953,0.048223859418494226,4.940554834779953,4.822385941849423
2018-03-27,5.5789995193481445,6.184595055897274,5.438733043147153,6.128933606024767,1409000000,-0.07755239064314101,-0.08072469670526802,-7.755239064314101,-8.072469670526802
2018-03-28,5.4758405685424805,5.674736886875905,5.36822874571568,5.544613235986637,945904000,-0.018490582486681673,-0.018663670290442493,-1.8490582486681673,-1.8663670290442493
2018-03-29,5.729161739349365,5.825888521930046,5.459760597305427,5.544118378156464,916628000,0.04626160452189931,0.045223434298292384,4.626160452189931,4.522343429829238
2018-04-02,5.468418121337891,5.804860199450898,5.38059699625157,5.658656489559017,922092000,-0.04551165246751898,-0.046579843819106674,-4.551165246751898,-4.657984381910667
2018-04-03,5.574793815612793,5.698485713845776,5.475840391395836,5.635403053359699,667432000,0.019452736040761476,0.019265950017316853,1.9452736040761476,1.9265950017316853
2018-04-04,5.5968122482299805,5.6072023244283224,5.294014191523086,5.3189999183591805,789168000,0.003949640712365365,0.003941861358527606,0.39496407123653654,0.3941861358527606
2018-04-05,5.476583957672119,5.6683063528492115,5.405090132329135,5.65519513297048,701240000,-0.02148156579593752,-0.02171565307557037,-2.148156579593752,-2.171565307557037
2018-04-06,5.300197601318359,5.482024841023193,5.271006306056938,5.373918055025629,662988000,-0.03220736826405468,-0.032737438067952616,-3.220736826405468,-3.273743806795262
2018-04-09,5.328893184661865,5.491176950574321,5.308854784825938,5.363279509104813,499524000,0.005414059154392303,0.0053994558212892025,0.5414059154392303,0.5399455821289203
2018-04-10,5.638124465942383,5.665089116084822,5.502063088259853,5.559208970692893,761676000,0.058029176146854766,0.05640790975422792,5.802917614685477,5.640790975422792
2018-04-11,5.5968122482299805,5.664595463319572,5.564157588221694,5.623282406479335,460244000,-0.007327297927165799,-0.007354274431994267,-0.7327297927165799,-0.7354274431994267
2018-04-12,5.803624153137207,5.821435912629541,5.645545908279811,5.689827823160644,593920000,0.036951731759919504,0.03628538212736811,3.6951731759919504,3.6285382127368107
2018-04-13,5.726934909820557,5.875612532985618,5.678695144028108,5.867201385591195,503036000,-0.013214026493289621,-0.01330210854762623,-1.3214026493289621,-1.330210854762623
2018-04-16,5.726686954498291,5.760083820193843,5.632433609436205,5.7336136698857745,350792000,-4.3296340218601514e-05,-4.329727753219461e-05,-0.0043296340218601514,-0.004329727753219461
2018-04-17,5.876355171203613,5.897630289129326,5.723224715418315,5.778886169123359,447224000,0.026135218826263573,0.025799530293072102,2.6135218826263573,2.57995302930721
2018-04-18,5.847411155700684,5.918657722497632,5.758353301089893,5.82588878971963,391364000,-0.004925504783095169,-0.0049376750614017854,-0.4925504783095169,-0.49376750614017856
2018-04-19,5.666079044342041,5.766516912729792,5.610665308319672,5.73312003924608,471996000,-0.031010665494568546,-0.031501673854286136,-3.1010665494568546,-3.1501673854286136
2018-04-20,5.657914161682129,5.741776959819351,5.626743943180529,5.657419194088908,386200000,-0.0014410110759159878,-0.0014420503308817043,-0.14410110759159878,-0.14420503308817043
2018-04-23,5.538428783416748,5.726935028899402,5.512453596964896,5.675726871586774,427508000,-0.021118273422136347,-0.02134445419120172,-2.1118273422136347,-2.134445419120172
2018-04-24,5.472131252288818,5.660142572775415,5.406821927614221,5.5641579850714535,414596000,-0.011970458359316427,-0.012042681235242658,-1.1970458359316427,-1.2042681235242658
2018-04-25,5.359816551208496,5.481529502672807,5.20248056157128,5.442442635165923,588492000,-0.020524855107111106,-0.020738417220277035,-2.0524855107111106,-2.0738417220277037
2018-04-26,5.571578025817871,5.579741925606837,5.455555052577292,5.521606579103608,375824000,0.03950909001943881,0.03874857288514145,3.950909001943881,3.874857288514145
2018-04-27,5.599038124084473,5.697249818657661,5.556735605846674,5.677459130979078,400848000,0.00492860337580403,0.004916497570367664,0.49286033758040304,0.49164975703676644
2018-04-30,5.563662528991699,5.665089866081693,5.544366808325531,5.615365661180188,327844000,-0.00631815578118744,-0.006338199799514535,-0.631815578118744,-0.6338199799514536
2018-05-01,5.619076251983643,5.62179739472889,5.496868301597587,5.5554986178965695,253788000,0.009959936049892981,0.009910662789067149,0.9959936049892981,0.991066278906715
2018-05-02,5.5985426902771,5.660140918146858,5.5723197857763305,5.615612232215377,268248000,-0.003654259309845531,-0.003660952425960348,-0.3654259309845531,-0.3660952425960348
2018-05-03,5.763794898986816,5.790017803568889,5.585183771521596,5.63045514498317,443144000,0.029517004308408312,0.029089764404579655,2.9517004308408312,2.9089764404579657
2018-05-04,5.913956642150879,5.91717275206389,5.717781487011003,5.735098276008582,400660000,0.026052582681326486,0.02571899561206382,2.6052582681326486,2.571899561206382
2018-05-07,6.151939868927002,6.209085745007756,6.008704542815401,6.01860012053473,687616000,0.040240948856461234,0.03945236791199683,4.024094885646123,3.9452367911996826
2018-05-08,6.194489479064941,6.197210621111661,6.103204529561816,6.1521865019439765,506616000,0.0069164541664092916,0.00689264521658839,0.6916454166409292,0.689264521658839
2018-05-09,6.327582836151123,6.329809482941717,6.1873163563701175,6.214528726301696,596760000,0.021485766912025195,0.0212582016611156,2.1485766912025195,2.12582016611156
2018-05-10,6.4351959228515625,6.4443488153601525,6.36271216738749,6.380523928358041,994080000,0.017006981889769568,0.016863982224538637,1.7006981889769568,1.6863982224538638
2018-05-11,6.296658039093018,6.426782126344191,6.197952358351862,6.253366073855669,1214456000,-0.02152815320922752,-0.021763264362914238,-2.152815320922752,-2.176326436291424
2018-05-14,6.317192077636719,6.394623605231835,6.29344354034374,6.3347565866019915,523140000,0.0032611011136725043,0.003255795255599448,0.32611011136725043,0.3255795255599448
2018-05-15,6.074756145477295,6.256336129994786,5.974318295101601,6.2536145157913055,963528000,-0.03837716649738465,-0.03913297016009035,-3.837716649738465,-3.9132970160090346
2018-05-16,6.085888385772705,6.147981579227148,5.999303967613462,6.036164192692246,553828000,0.001832541097752216,0.0018308640428501837,0.1832541097752216,0.18308640428501838
2018-05-17,6.1279449462890625,6.221703347913221,6.0715412734406256,6.0876213548122555,519784000,0.0069105047366091465,0.006886736635641193,0.6910504736609147,0.6886736635641193
2018-05-18,6.084157466888428,6.243225171930542,6.079209677381901,6.1798952592662815,483716000,-0.007145540598753497,-0.007171192243599465,-0.7145540598753497,-0.7171192243599465
2018-05-21,6.042102813720703,6.185338173112817,5.9493338743593025,6.181627566529474,640624000,-0.006912157253752382,-0.0069361568693863075,-0.6912157253752382,-0.6936156869386307
2018-05-22,6.004005432128906,6.080694284307306,5.943396188540577,6.05546131205039,518264000,-0.006305318324819509,-0.006325280801830053,-0.6305318324819509,-0.6325280801830053
2018-05-23,6.127525329589844,6.128763277877394,5.947070995802195,5.947813670346937,442956000,0.020572915673918724,0.02036415164512299,2.0572915673918724,2.036415164512299
2018-05-24,6.1312384605407715,6.17356760620898,6.070592212062383,6.1238126590922075,437372000,0.0006059756184111365,0.0006057920893251068,0.060597561841113645,0.06057920893251068
2018-05-25,6.170596599578857,6.186934022943865,6.10821760426097,6.1438626769942015,292112000,0.0064192804261953285,0.006398764596702238,0.6419280426195328,0.6398764596702239
2018-05-29,6.153517723083496,6.221590727398541,6.106733467308923,6.152527647552572,352684000,-0.0027677836688476676,-0.0027716210644225464,-0.27677836688476676,-0.27716210644225464
2018-05-30,6.26243257522583,6.271096324244064,6.162427888193122,6.1871816591618956,390996000,0.01769960810119464,0.017544794132835564,1.7699608101194642,1.7544794132835564
2018-05-31,6.242630481719971,6.3171392053083055,6.21985733045954,6.230501231484028,493868000,-0.0031620449829985464,-0.003167054810890765,-0.31620449829985464,-0.3167054810890765
2018-06-01,6.3770432472229,6.3832320453425755,6.278771289775133,6.287435040575867,421968000,0.021531430683991992,0.021302903949503706,2.1531430683991992,2.1302903949503706
2018-06-04,6.55601167678833,6.5780421515053655,6.379022843816979,6.411202417021347,642024000,0.028064484217410257,0.027677892903612528,2.8064484217410257,2.767789290361253
2018-06-05,6.561458110809326,6.599083811090331,6.514425985458069,6.559230086922034,391712000,0.0008307541672445407,0.0008304092819980297,0.08307541672445407,0.08304092819980297
2018-06-06,6.563438892364502,6.566656992020134,6.455017828878615,6.471355255871544,371356000,0.0003018813077404481,0.0003018357507467725,0.030188130774044808,0.03018357507467725
2018-06-07,6.507741928100586,6.571606271408705,6.417390591316016,6.559724423319073,369448000,-0.008485942381319389,-0.008522152989985668,-0.8485942381319389,-0.8522152989985667
2018-06-08,6.492395401000977,6.534971477875245,6.416153926237636,6.434966776067771,360456000,-0.0023581954031309804,-0.0023609803250321548,-0.23581954031309804,-0.23609803250321548
2018-06-11,6.451305389404297,6.521358079309026,6.438433461999225,6.479772070218366,265372000,-0.006328944720517926,-0.006349057397411029,-0.6328944720517926,-0.634905739741103
2018-06-12,6.499820232391357,6.511949480997829,6.4275395423305595,6.47778975869628,319160000,0.00752015910868864,0.0074920236794048314,0.752015910868864,0.7492023679404831
2018-06-13,6.495364189147949,6.576308622376892,6.486205167086796,6.501305112628309,338208000,-0.000685564074711098,-0.0006857991812212244,-0.0685564074711098,-0.06857991812212244
2018-06-14,6.607005596160889,6.663691553497641,6.525565861132541,6.540418411030922,430016000,0.017187859488997148,0.017041819269471545,1.7187859488997148,1.7041819269471545
2018-06-15,6.566160202026367,6.621113395780901,6.518880682219291,6.549822778805801,432260000,-0.006182134030317088,-0.006201322545761558,-0.6182134030317088,-0.6201322545761558
2018-06-18,6.561953544616699,6.579528446757594,6.4948710912000145,6.5220998194765984,356268000,-0.000640657139064249,-0.0006408624475420771,-0.0640657139064249,-0.06408624475420771
2018-06-19,6.440165042877197,6.526060343603368,6.31268374061217,6.4587300197903375,594932000,-0.018559793346817455,-0.01873418749507412,-1.8559793346817455,-1.873418749507412
2018-06-20,6.493137836456299,6.546110411737297,6.442887614438491,6.481255987302386,369780000,0.008225378266926375,0.008191734207280813,0.8225378266926375,0.8191734207280813
2018-06-21,6.364417552947998,6.543386519243133,6.356743879626638,6.525068946865799,359516000,-0.019824049134701816,-0.02002318173391755,-1.9824049134701816,-2.002318173391755
2018-06-22,6.211935520172119,6.3985786585561994,6.196588643478719,6.385211460496101,434160000,-0.023958521185532433,-0.024250194686777228,-2.3958521185532433,-2.4250194686777227
2018-06-25,5.919098854064941,6.109206988803406,5.830480747780533,6.105494088684487,665816000,-0.04714097001751616,-0.048288308638379775,-4.714097001751616,-4.828830863837977
2018-06-26,5.990142345428467,6.080741085711662,5.938654650262679,6.03247148952847,478884000,0.012002416772400437,0.011930958977442454,1.2002416772400437,1.1930958977442454
2018-06-27,5.8349385261535645,6.100050270685497,5.829492402164806,6.03371048433643,453892000,-0.0259098716399202,-0.02625144537003635,-2.59098716399202,-2.625144537003635
2018-06-28,5.9621710777282715,5.974052926434342,5.817361813848821,5.825035488132369,338012000,0.021805294263927744,0.02157095921247812,2.1805294263927744,2.157095921247812
2018-06-29,5.864146709442139,6.039897604379081,5.862908761089648,6.027273552873015,392300000,-0.01644105259782014,-0.01657770659714701,-1.6441052597820138,-1.657770659714701
2018-07-02,5.996331214904785,6.000044115536288,5.774043007984825,5.794588606138498,357572000,0.022541132071237202,0.02229083509027228,2.25411320712372,2.229083509027228
2018-07-03,5.862661361694336,6.03692737964503,5.854245012595614,6.03098645511293,222732000,-0.022291939591027377,-0.022544160248616475,-2.2291939591027377,-2.2544160248616474
2018-07-05,6.008458614349365,6.013408989620881,5.878996740188604,5.9178599008680814,306216000,0.024868782905941744,0.02456458771840729,2.4868782905941744,2.456458771840729
2018-07-06,6.122326374053955,6.13074272173878,5.962665057371203,5.98395332735668,296352000,0.01895124307466345,0.01877390527902743,1.8951243074663449,1.877390527902743
2018-07-09,6.169853687286377,6.2062419052918445,6.09113727163684,6.196588080979745,303880000,0.007762949952135889,0.007732973294404615,0.7762949952135889,0.7732973294404615
2018-07-10,6.268868446350098,6.29089891893234,6.1418819714412916,6.182230488541349,360016000,0.016048153502853824,0.01592074321314833,1.6048153502853824,1.592074321314833
2018-07-11,6.127277851104736,6.210697717776225,6.1166334789502885,6.176042720387159,367508000,-0.022586308271917765,-0.022845285928173763,-2.2586308271917765,-2.2845285928173764
2018-07-12,6.21886682510376,6.266889024728982,6.162676149038038,6.172577847662981,345508000,0.014947742900627503,0.014837126341393482,1.4947742900627503,1.4837126341393483
2018-07-13,6.171586990356445,6.237431960918624,6.129505717590321,6.237431960918624,246988000,-0.007602644674180703,-0.0076316920956727334,-0.7602644674180703,-0.7631692095672733
2018-07-16,6.143864154815674,6.196837211129183,6.131487501950183,6.143864154815674,197036000,-0.004492010820570158,-0.0045021302168391,-0.4492010820570158,-0.45021302168391
2018-07-17,6.27976131439209,6.294861264030453,6.069107526942939,6.094603977457943,362136000,0.02211916737610431,0.02187808711327339,2.211916737610431,2.1878087113273392
2018-07-18,6.230500221252441,6.28619608626157,6.179507803937298,6.272334088239546,277640000,-0.00784442125638607,-0.007875350583436795,-0.7844421256386069,-0.7875350583436795
2018-07-19,6.238667964935303,6.272333352915119,6.196587174238215,6.211686646539664,235752000,0.0013109290414596853,0.0013100705242053727,0.13109290414596853,0.13100705242053726
2018-07-20,6.210451126098633,6.275058153422183,6.199559351726363,6.23619497669564,222352000,-0.0045228947902442584,-0.004533154024866203,-0.45228947902442584,-0.4533154024866203
2018-07-23,6.17381477355957,6.185696621994708,6.022074513418084,6.183963872103707,301584000,-0.005899145133773431,-0.005916613824535542,-0.5899145133773431,-0.5916613824535542
2018-07-24,6.156486511230469,6.3084741533269995,6.138911141559025,6.221836197381276,354620000,-0.002806735051934628,-0.002810681318573461,-0.2806735051934628,-0.2810681318573461
2018-07-25,6.2347092628479,6.247333786577135,6.107970168200348,6.165894064725927,319112000,0.012705745635069654,0.01262570492060365,1.2705745635069654,1.262570492060365
2018-07-26,6.3082275390625,6.345110563301713,6.197826339304394,6.214659037881903,325124000,0.011791772978523518,0.011722791767847386,1.1791772978523518,1.1722791767847387
2018-07-27,6.238422393798828,6.351794294310983,6.184459269042299,6.344863294079775,295420000,-0.011065730402306628,-0.011127411046657773,-1.1065730402306628,-1.1127411046657774
2018-07-30,6.043115615844727,6.258472828574286,6.008212743750892,6.2525319041298255,340340000,-0.03130707823635703,-0.031807619520188346,-3.1307078236357033,-3.180761952018835
2018-07-31,6.06118631362915,6.135942441196427,5.99385646029376,6.032719637282077,283988000,0.0029902948964013465,0.0029858328576124237,0.29902948964013465,0.2985832857612424
2018-08-01,6.101038932800293,6.147823652968639,6.03717458630776,6.092623056111181,283556000,0.006575052656198732,0.006553531282086602,0.6575052656198732,0.6553531282086602
2018-08-02,6.203766822814941,6.207727124218167,5.97083471757074,6.029748214124685,269668000,0.01683776995133801,0.016697586103429782,1.683776995133801,1.6697586103429782
2018-08-03,6.2404022216796875,6.264165919607523,6.211440745986463,6.228272971902883,214288000,0.005905347494689295,0.005887979273550026,0.5905347494689295,0.5887979273550026
2018-08-06,6.288177490234375,6.291642990430668,6.181241785812209,6.227778637630707,207508000,0.0076557995554698,0.0076266426404963655,0.76557995554698,0.7626642640496365
2018-08-07,6.3604583740234375,6.3790238239694235,6.310208619744628,6.336942546612326,258132000,0.01149472703359855,0.011429164595365993,1.149472703359855,1.1429164595365993
2018-08-08,6.396845817565918,6.441897791360942,6.32679314039958,6.361696014638974,262100000,0.005720883842442737,0.005704581731909325,0.5720883842442737,0.5704581731909325
2018-08-09,6.348329067230225,6.417391671686915,6.340655392052926,6.414668846070261,204280000,-0.007584480182790232,-0.007613388615663648,-0.7584480182790232,-0.7613388615663648
2018-08-10,6.306990146636963,6.339417595842179,6.255255046114106,6.266394220993968,256396000,-0.006511779738490708,-0.006533073868299039,-0.6511779738490708,-0.6533073868299039
2018-08-13,6.339912414550781,6.460710588509444,6.3139211638074855,6.315653913857038,375208000,0.005219965014749972,0.005206388223792991,0.5219965014749972,0.5206388223792991
2018-08-14,6.471353530883789,6.485463402153292,6.362189821795851,6.445362283991163,466220000,0.020732323688153143,0.020520334083187246,2.0732323688153143,2.052033408318725
2018-08-15,6.413181781768799,6.526058374849984,6.334464905872668,6.492145586278049,591136000,-0.008989116239341954,-0.009029762108362517,-0.8989116239341954,-0.9029762108362517
2018-08-16,6.372586250305176,6.485463330661275,6.312434809794511,6.48298790639323,801260000,-0.006330014156003982,-0.006350133644983969,-0.6330014156003982,-0.6350133644983968
2018-08-17,6.060194969177246,6.261937558245571,6.033213175615241,6.261194883763997,1143188000,-0.04902111463975389,-0.05026341924868886,-4.902111463975389,-5.026341924868886
2018-08-20,6.134952068328857,6.267631617628296,5.909198347296482,6.019600019258192,854388000,0.012335758095545435,0.012260292613784723,1.2335758095545435,1.2260292613784722
2018-08-21,6.270601749420166,6.275057324485106,6.131486014241146,6.1512889373044874,673988000,0.022110960212971875,0.02187005752499787,2.2110960212971875,2.187005752499787
2018-08-22,6.50576114654541,6.510711995151746,6.2344611584351854,6.237926658031839,749856000,0.037501886824018005,0.03681579174662214,3.7501886824018005,3.6815791746622137
2018-08-23,6.605270862579346,6.670620551665317,6.4532832136563325,6.4671452116880355,720684000,0.015295630102678315,0.015179831270350878,1.5295630102678315,1.5179831270350879
2018-08-24,6.738444805145264,6.753049475799194,6.609230792433071,6.6136863666405885,531512000,0.02016176858399321,0.019961211372034163,2.016176858399321,1.9961211372034164
2018-08-27,6.8295416831970215,6.903802548840407,6.736715365073255,6.7681522728590675,505776000,0.013518976660934934,0.013428410623068843,1.3518976660934934,1.3428410623068843
2018-08-28,6.791914463043213,6.846372859709812,6.671858967270715,6.823599236780025,475384000,-0.005509479537460615,-0.00552471269679815,-0.5509479537460615,-0.552471269679815
2018-08-29,6.8974223136901855,6.922437160639441,6.763431582500513,6.784235953539835,420108000,0.01553433147915384,0.015414908930312964,1.553433147915384,1.5414908930312963
2018-08-30,6.880580902099609,6.977420910159049,6.8436777055182185,6.866215775755909,346608000,-0.0024416964518975126,-0.0024446822539508713,-0.24416964518975126,-0.24446822539508714
2018-08-31,6.951663494110107,6.964542459825396,6.850613002375618,6.860520117109178,306592000,0.010330899821090256,0.010277900781518346,1.0330899821090256,1.0277900781518345
2018-09-04,7.026462078094482,7.0641078942521265,6.910055815978282,6.93853806859894,391720000,0.010759810806111325,0.010702335953284408,1.0759810806111325,1.0702335953284408
2018-09-05,6.895688533782959,7.044291934808449,6.814699814857266,7.008874900336056,393156000,-0.018611577613038,-0.018786952433863385,-1.8611577613038,-1.8786952433863386
2018-09-06,6.754515647888184,6.881819135433522,6.721575391002667,6.879342356904184,322796000,-0.02047263086248008,-0.020685100040468057,-2.047263086248008,-2.068510004046806
2018-09-07,6.73321533203125,6.858785105605594,6.617552198895813,6.662380797965504,295420000,-0.003153492710257222,-0.0031584754464997907,-0.3153492710257222,-0.31584754464997905
2018-09-10,6.804297924041748,6.834018794495546,6.711916398092858,6.755754386763955,220140000,0.010557005606570247,0.010501669537634104,1.0557005606570247,1.0501669537634104
2018-09-11,6.756497859954834,6.845659531699824,6.737179174938641,6.757983549265897,243112000,-0.007024981066455216,-0.007049772420032851,-0.7024981066455216,-0.704977242003285
2018-09-12,6.642568588256836,6.736188747765042,6.487030376326553,6.716622526045148,419092000,-0.01686217831478154,-0.017005963489634974,-1.686217831478154,-1.7005963489634974
2018-09-13,6.720338344573975,6.810986186168159,6.691113014471332,6.708449994634377,305536000,0.011707783711051967,0.011639777894933877,1.1707783711051967,1.1639777894933878
2018-09-14,6.846402645111084,6.91253117267807,6.773834870772904,6.8107380707229375,386936000,0.01875862405631623,0.018584850868458052,1.875862405631623,1.8584850868458052
2018-09-17,6.784483432769775,6.869930630817947,6.765165223365851,6.820891554180493,205528000,-0.009044050657103009,-0.009085196353636037,-0.9044050657103009,-0.9085196353636037
2018-09-18,6.712412357330322,6.891231731163302,6.705725573942201,6.788448005073297,299520000,-0.010622927471727994,-0.010679753563687992,-1.0622927471727994,-1.0679753563687993
2018-09-19,6.7361884117126465,6.7540209346334565,6.643806882404037,6.693836583123296,224860000,0.0035421027667288385,0.003535844295136064,0.35421027667288385,0.35358442951360636
2018-09-20,6.595016002655029,6.656438513516968,6.54102335613122,6.614086680638897,430584000,-0.020957313012823664,-0.021180034759521803,-2.0957313012823664,-2.11800347595218
2018-09-21,6.524924278259277,6.652475789122586,6.49173648139254,6.606904098173497,435128000,-0.010627983975707411,-0.010684864372338449,-1.0627983975707411,-1.068486437233845
2018-09-24,6.580648422241211,6.584115816946467,6.40678267002469,6.493963082212726,293912000,0.00854019780238735,0.008503936618660415,0.854019780238735,0.8503936618660415
2018-09-25,6.647769927978516,6.672784780511723,6.561084556900463,6.646779310907488,280388000,0.010199831601768627,0.010148164353888591,1.0199831601768627,1.0148164353888591
2018-09-26,6.610866069793701,6.6930934196939695,6.595015253435617,6.6527228255726865,268548000,-0.005551313987190887,-0.005566779794274273,-0.5551313987190887,-0.5566779794274274
2018-09-27,6.6227545738220215,6.667335645422472,6.591300476510908,6.646035726618243,214428000,0.001798327768677943,0.0017967127132722412,0.1798327768677943,0.17967127132722413
2018-09-28,6.960083484649658,6.982374018833306,6.726776428910967,6.754763600904996,709396000,0.05093483490404549,0.04968008702682932,5.093483490404549,4.9680087026829325
2018-10-01,7.1666412353515625,7.233512354019985,6.9992147215984915,7.037851609387662,622060000,0.029677481765479463,0.02924562870829776,2.9677481765479463,2.924562870829776
2018-10-02,7.0953145027160645,7.250852261143939,7.073023963344466,7.139152500493901,383964000,-0.00995260266185194,-0.010002460900385842,-0.9952602661851939,-1.0002460900385841
2018-10-03,7.101504325866699,7.173081474532593,6.997481993925633,7.165651139252094,320552000,0.0008723817877651641,0.0008720014839373687,0.0872381787765164,0.08720014839373687
2018-10-04,6.917236804962158,7.089616437538756,6.840210549809722,7.065344668739879,391220000,-0.025947674246055263,-0.026290254242621592,-2.5947674246055263,-2.629025424262159
2018-10-05,6.683681488037109,6.954634819894774,6.626221455154507,6.892469238547144,426636000,-0.033764250597508094,-0.03434742754373489,-3.3764250597508094,-3.434742754373489
2018-10-08,6.582383155822754,6.715878345387611,6.441457631121017,6.600463212831702,408612000,-0.015156068163281855,-0.015272095199576376,-1.5156068163281855,-1.5272095199576377
2018-10-09,6.576687335968018,6.656437430930196,6.508825116492886,6.561826664914113,273500000,-0.0008653127172789654,-0.0008656873164408433,-0.08653127172789654,-0.08656873164408434
2018-10-10,6.085058689117432,6.516503829718721,6.082829446452293,6.470684129980975,684940000,-0.0747532339209529,-0.07769480290809487,-7.47532339209529,-7.769480290809487
2018-10-11,5.823516368865967,6.131372910944792,5.8019689146256965,5.9978772367144995,725436000,-0.042981067827531305,-0.043932104890514925,-4.2981067827531305,-4.3932104890514925
2018-10-12,6.106110095977783,6.180412037511291,5.935464158628126,6.080600173703527,608236000,0.048526304248518226,0.047385658549699075,4.852630424851823,4.738565854969908
2018-10-15,5.829707145690918,6.0927350393864845,5.828716528886356,6.0927350393864845,449760000,-0.04526661752609695,-0.04632315813517974,-4.526661752609695,-4.632315813517974
2018-10-16,6.088526248931885,6.099671517763144,5.893112976327913,5.942399600876374,408712000,0.04439658747391384,0.04343929038624797,4.439658747391384,4.343929038624797
2018-10-17,6.019920825958252,6.188833553271723,5.970881738492521,6.150691725866869,329668000,-0.011267985086812815,-0.011331949786884453,-1.1267985086812815,-1.1331949786884452
2018-10-18,5.932492733001709,6.127658477584331,5.872060837098693,6.089269584093853,524020000,-0.014523130035124066,-0.014629623020070818,-1.4523130035124066,-1.4629623020070819
2018-10-19,5.675904273986816,6.007289544971391,5.639496616028506,5.987723794649381,613608000,-0.04325137350569741,-0.04421459027254523,-4.325137350569741,-4.421459027254523
2018-10-22,5.726677894592285,5.828223482746511,5.623894153000866,5.7281640566347924,368844000,0.00894546809715746,0.008905694417559682,0.8945468097157461,0.8905694417559682
2018-10-23,5.47504186630249,5.5525631967375535,5.367304119370685,5.459438113358586,626436000,-0.0439410130832425,-0.044935666038441825,-4.39410130832425,-4.493566603844182
2018-10-24,4.938830375671387,5.483213754035091,4.924960795636278,5.436651457518044,884288000,-0.0979374228955856,-0.10307138537866878,-9.79374228955856,-10.307138537866878
2018-10-25,5.147618293762207,5.194923672745789,4.796914422998775,4.841247951462722,951720000,0.04227476997778812,0.041405603366154925,4.227476997778812,4.140560336615493
2018-10-26,4.911092281341553,5.073317273653669,4.783045701934126,4.911587353651875,664784000,-0.045948630788586686,-0.047037762849944605,-4.594863078858669,-4.70377628499446
2018-10-29,4.597289562225342,5.055730575161703,4.359276565875303,5.052263180898017,758016000,-0.0638967262554655,-0.06602947339387293,-6.38967262554655,-6.602947339387293
2018-10-30,5.027745723724365,5.037652838972946,4.597291675474802,4.620325293270222,807192000,0.09363259713635674,0.08950481316731744,9.363259713635674,8.950481316731745
2018-10-31,5.221672058105469,5.265262504513675,5.052759373521883,5.192446736431233,745772000,0.03857122954051273,0.03784595085097516,3.857122954051273,3.784595085097516
2018-11-01,5.401978492736816,5.411390062676877,5.1315202155299104,5.258080628831698,566528000,0.03453040187605483,0.03394760576202863,3.453040187605483,3.3947605762028634
2018-11-02,5.322971343994141,5.498323316101808,5.20631756541822,5.392567269841299,452960000,-0.014625594835096845,-0.014733603265925089,-1.4625594835096845,-1.4733603265925088
2018-11-05,5.2449541091918945,5.3331256339925455,5.084214812320023,5.309844009169884,379332000,-0.01465670764699345,-0.014765178373753445,-1.465670764699345,-1.4765178373753445
2018-11-06,5.22736930847168,5.321236993864527,5.190218103167157,5.237028413996088,299012000,-0.0033527082132895902,-0.0033583411333535157,-0.335270821328959,-0.33583411333535157
2018-11-07,5.294984817504883,5.38464204864236,5.230342441368791,5.293994200336113,483812000,0.012934901868062454,0.012851960484988021,1.2934901868062454,1.285196048498802
2018-11-08,5.101799964904785,5.236533326540202,5.048302394658351,5.235790245681568,511352000,-0.03648449603886317,-0.03716669996383556,-3.648449603886317,-3.7166699963835557
2018-11-09,5.093874931335449,5.184275244219184,4.979202844219404,5.012886190231208,413240000,-0.0015533799098067513,-0.0015545876552659071,-0.15533799098067513,-0.15545876552659071
2018-11-12,4.694379806518555,5.024526951474176,4.672584339262615,5.002483948025897,617116000,-0.07842656724046415,-0.08167281675687574,-7.842656724046416,-8.167281675687574
2018-11-13,4.93635368347168,5.057712983290463,4.7860165977763,4.7922087795974075,644712000,0.051545440915778284,0.05026093055332742,5.1545440915778284,5.026093055332742
2018-11-14,4.883847236633301,5.123841523086037,4.775862444353351,5.109476398130589,526580000,-0.010636686551489527,-0.01069366047119265,-1.0636686551489527,-1.069366047119265
2018-11-15,5.012638092041016,5.084710798072551,4.841991665770096,4.877904250702254,840708000,0.026370778848622933,0.026029064358902294,2.6370778848622933,2.6029064358902296
2018-11-16,4.072473049163818,4.226772586579474,4.002629137817667,4.044981427488468,1963520000,-0.18755893116839528,-0.20771189807751483,-18.755893116839527,-20.771189807751483
2018-11-19,3.5838167667388916,4.007831306534742,3.5820830689134033,4.00708869809287,1697820000,-0.11999005924060324,-0.1278220752561915,-11.999005924060324,-12.78220752561915
2018-11-20,3.6922974586486816,3.820591581853612,3.3017184503451458,3.3202938196294576,1692032000,0.03026959774187965,0.02982051337266426,3.026959774187965,2.982051337266426
2018-11-21,3.584064245223999,3.84634910213924,3.556820388947692,3.829507432648508,1025496000,-0.029313243214238227,-0.02975146130977628,-2.9313243214238227,-2.975146130977628
2018-11-23,3.5912463665008545,3.704927798712592,3.536510888346897,3.5493898521711906,411968000,0.002003904167294568,0.0020018990296276854,0.2003904167294568,0.20018990296276853
2018-11-26,3.790623426437378,3.801025614392425,3.6298841130791506,3.7123590082061146,814832000,0.05551751107813496,0.05403117848423864,5.551751107813496,5.4031178484238644
2018-11-27,3.807465076446533,3.888701581665841,3.7287053501165137,3.764617699216656,738060000,0.004442976290309986,0.0044331354089202964,0.44429762903099856,0.4433135408920296
2018-11-28,3.9644885063171387,3.9696895993284227,3.792603956025248,3.9251085321475974,804524000,0.04124093766269121,0.040413211135894744,4.124093766269121,4.041321113589475
2018-11-29,3.9012694358825684,4.003908214089231,3.8710232578611787,3.9667203057963714,549172000,-0.015946337171575897,-0.016074848022144265,-1.5946337171575897,-1.6074848022144266
2018-11-30,4.051756381988525,4.062416759669402,3.8606098614678235,3.9109376350113156,729564000,0.038573840791878755,0.03784846512058813,3.8573840791878755,3.7848465120588126
2018-12-03,4.215632915496826,4.330668005188194,4.148694381248745,4.279100583800341,890804000,0.04044580129170394,0.03964927639511185,4.044580129170394,3.964927639511185
2018-12-04,3.895071268081665,4.175964487096699,3.8799479436528785,4.171005973559077,812112000,-0.07604116720807552,-0.07908776158847165,-7.604116720807552,-7.908776158847165
2018-12-06,3.924325704574585,3.929283981511298,3.7388815130168824,3.754500404554684,692308000,0.007510629326001439,0.007482564982553182,0.7510629326001439,0.7482564982553181
2018-12-07,3.6595468521118164,3.9387048579851647,3.610210922187739,3.9285400477175796,681676000,-0.0674711714560583,-0.06985521261341156,-6.74711714560583,-6.985521261341156
2018-12-10,3.7649126052856445,3.789704696681949,3.6109542331426923,3.6146731177826097,629472000,0.028792021917419808,0.028385319725251372,2.8792021917419808,2.838531972525137
2018-12-11,3.67392635345459,3.864824620788069,3.5948398169542557,3.856643263096135,671912000,-0.024166896119531933,-0.024463707313703707,-2.4166896119531933,-2.446370731370371
2018-12-12,3.691528797149658,3.7877216394771915,3.590377441451514,3.6796285542081364,654136000,0.004791180334498657,0.004779739159933102,0.4791180334498657,0.47797391599331024
2018-12-13,3.6912806034088135,3.802596764423647,3.6553323289012547,3.73838553247586,471384000,-6.723332106639557e-05,-6.723558132743685e-05,-0.006723332106639557,-0.006723558132743685
2018-12-14,3.6307883262634277,3.7334270912649434,3.607235861276153,3.6496300618183235,471820000,-0.01638788367633781,-0.016523650371457546,-1.638788367633781,-1.6523650371457546
2018-12-17,3.559635877609253,3.6729352807965947,3.501622537302056,3.6007906949531985,662868000,-0.019596969655182428,-0.01979153640596994,-1.9596969655182428,-1.979153640596994
2018-12-18,3.6429364681243896,3.7269812840351855,3.5762459762094996,3.6035170905509117,564372000,0.023401435815138427,0.02313182037315301,2.3401435815138427,2.313182037315301
2018-12-19,3.4339396953582764,3.66276992638671,3.382372292711314,3.6092190711629706,745364000,-0.05737041383917352,-0.05908187716329628,-5.737041383917352,-5.9081877163296275
2018-12-20,3.3493988513946533,3.51550525020698,3.2896500951215173,3.425510321904588,749588000,-0.024619198781475005,-0.02492731888275047,-2.4619198781475005,-2.492731888275047
2018-12-21,3.212299346923828,3.4088999594373757,3.1847802121194433,3.375926507147233,863740000,-0.0409325704562592,-0.04179389422040157,-4.09325704562592,-4.179389422040157
2018-12-24,3.1505675315856934,3.22246432500799,3.08660407634126,3.1359402472168654,463840000,-0.019217329604493627,-0.019404382802629423,-1.9217329604493627,-1.9404382802629423
2018-12-26,3.2998149394989014,3.300806547513137,3.0856120037198855,3.196680140101247,695100000,0.047371594614920465,0.04628378259376188,4.7371594614920465,4.628378259376189
2018-12-27,3.2519664764404297,3.2819648676628312,3.103462405351536,3.2475040035457465,637044000,-0.014500347424252102,-0.014606504925448757,-1.4500347424252102,-1.4606504925448758
2018-12-28,3.313450813293457,3.40617303143989,3.2306456223341833,3.27254402188619,628728000,0.01890681755130741,0.018730305065429206,1.8906817551307409,1.8730305065429207
2018-12-31,3.309732437133789,3.389314553524895,3.2789902177654224,3.356837137977789,465140000,-0.0011222065360831923,-0.0011228366813175203,-0.11222065360831923,-0.11228366813175203
2019-01-02,3.377166271209717,3.4331961511819213,3.224199719565695,3.238827003762373,508752000,0.020374406498648856,0.020169625138986094,2.0374406498648856,2.0169625138986094
2019-01-03,3.173128366470337,3.350887027376785,3.165690831876521,3.316921962937244,705552000,-0.06041689640181458,-0.06231900890676265,-6.041689640181458,-6.231900890676266
2019-01-04,3.376422882080078,3.4146023989573466,3.2155227464445826,3.246264728875429,585620000,0.06406753592382342,0.06209886251770412,6.4067535923823415,6.209886251770412
2019-01-07,3.5551724433898926,3.5921125609040048,3.3823720977241196,3.433691713612336,709160000,0.05294051354127016,0.05158673919261865,5.294051354127016,5.158673919261865
2019-01-08,3.466665744781494,3.638970327126475,3.394025120835378,3.636738853916229,786016000,-0.024895191447874332,-0.025210317810667467,-2.489519144787433,-2.5210317810667466
2019-01-09,3.5348429679870605,3.582195677711128,3.467408659682951,3.517984213584855,617260000,0.019666511923797758,0.019475624742355976,1.9666511923797758,1.9475624742355975
2019-01-10,3.6005423069000244,3.609219469565768,3.4550132850732562,3.515505876340789,523156000,0.01858621146907047,0.018415598629317218,1.8586211469070468,1.8415598629317218
2019-01-11,3.689793348312378,3.7126019895586886,3.5504622441602596,3.5782291623201523,874764000,0.02478822183017093,0.02448597839438269,2.478822183017093,2.448597839438269
2019-01-14,3.729708194732666,3.754996091985834,3.6139295591717535,3.6374820240857297,730168000,0.010817637372170008,0.01075954530346445,1.0817637372170008,1.075954530346445
2019-01-15,3.7155771255493164,3.8018531789337877,3.6972309567970747,3.762433800893337,617012000,-0.0037887868019558235,-0.003795982435569042,-0.37887868019558235,-0.3795982435569042
2019-01-16,3.6900410652160645,3.7758213112496786,3.6845869843535026,3.742848096532631,470104000,-0.006872703612491038,-0.006896429409365294,-0.6872703612491038,-0.6896429409365294
2019-01-17,3.761441946029663,3.801357125509616,3.6297964016758155,3.657067750986243,493436000,0.019349616861084495,0.019164793395030105,1.9349616861084495,1.9164793395030104
2019-01-18,3.890608787536621,3.916640512270986,3.7597070488082562,3.8112744577460855,651336000,0.03433971422669391,0.033763265867110426,3.4339714226693907,3.3763265867110426
2019-01-22,3.6883060932159424,3.8720148711222833,3.6580599151550195,3.860362647232093,661552000,-0.05199769634221407,-0.053398346711306215,-5.199769634221408,-5.339834671130621
2019-01-23,3.701198101043701,3.832347866819182,3.669960313469122,3.7435925453112997,591020000,0.003495373621910547,0.003489279001386973,0.3495373621910547,0.3489279001386973
2019-01-24,3.9131693840026855,3.930771492182378,3.781028025703517,3.7857385189506694,708972000,0.05727099095268917,0.05569105146770532,5.727099095268917,5.569105146770532
2019-01-25,3.970438241958618,3.9885363887558065,3.751029244124948,3.8536680039050473,1154572000,0.014634903919582776,0.014528847214142921,1.4634903919582776,1.4528847214142921
2019-01-28,3.4215431213378906,3.5115380418631315,3.2477514208626332,3.385346831544178,2511528000,-0.13824547497556783,-0.14878482262774795,-13.824547497556782,-14.878482262774796
2019-01-29,3.262627363204956,3.423775514995445,3.248000078520702,3.3754309512408227,1153932000,-0.04644563943732949,-0.04755884396459144,-4.644563943732949,-4.755884396459144
2019-01-30,3.40617299079895,3.42055225446587,3.2591563273056403,3.3387386726274992,974228000,0.04399694222296535,0.043056560550952125,4.399694222296535,4.305656055095213
2019-01-31,3.5638504028320312,3.5995509001077153,3.3811332267987457,3.402950263032487,842852000,0.04629166294812759,0.04525216324555277,4.629166294812759,4.525216324555277
2019-02-01,3.5881459712982178,3.6392175714536084,3.5348433711332614,3.5824438700656303,625048000,0.006817224552096768,0.006794092348906318,0.6817224552096768,0.6794092348906318
2019-02-04,3.6984710693359375,3.735658979331763,3.5819485888154032,3.604013409107994,528592000,0.030747104192587527,0.030283883183111246,3.0747104192587527,3.0283883183111246
2019-02-05,3.717559814453125,3.7542519103179797,3.6766530300414866,3.710370065545958,542424000,0.005161253058176607,0.005147979444341365,0.5161253058176607,0.5147979444341365
2019-02-06,3.7931761741638184,3.857635433064282,3.7453276522844168,3.7507817335825715,702464000,0.020340320932217937,0.020136219620835106,2.0340320932217937,2.0136219620835107
2019-02-07,3.654836893081665,3.7490465303665164,3.611946882233914,3.7468152936594596,637120000,-0.03647056575553054,-0.03715224230064702,-3.6470565755530537,-3.7152242300647025
2019-02-08,3.673431158065796,3.6840915377072583,3.5732713965857013,3.587650661770558,461604000,0.005087577237530949,0.005074679244318059,0.5087577237530949,0.5074679244318059
2019-02-11,3.6307883262634277,3.6835951208731545,3.582443767980608,3.6293006777195345,495180000,-0.011608447243862674,-0.011676351286095203,-1.1608447243862674,-1.1676351286095203
2019-02-12,3.7478067874908447,3.763425916833451,3.6548367815329823,3.6692162824239567,591060000,0.03222949142503295,0.031721017749477665,3.2229491425032952,3.1721017749477665
2019-02-13,3.7902004718780518,3.863336880862979,3.763672948471687,3.777308622279526,605372000,0.011311598166881431,0.011248100432241745,1.1311598166881431,1.1248100432241745
2019-02-14,3.8311076164245605,3.8593705746819253,3.7460709578493763,3.7892092195145453,827264000,0.01079287094443293,0.010735043622615018,1.079287094443293,1.073504362261502
2019-02-15,3.900773525238037,4.062665026597872,3.877964882211216,4.039856620006,1516748000,0.01818427352831531,0.018020917000794615,1.818427352831531,1.8020917000794616
2019-02-19,3.8834187984466553,3.963992988178719,3.871022987504742,3.8901127444180337,551892000,-0.0044490475232916715,-0.0044589739883756484,-0.44490475232916715,-0.44589739883756485
2019-02-20,3.930771827697754,3.9979581308316945,3.9015174940275297,3.912673677475732,540988000,0.012193644751897326,0.012119901129539892,1.2193644751897326,1.2119901129539892
2019-02-21,3.861849069595337,3.967958685876486,3.847221788415164,3.9434148523532047,448548000,-0.01753415388213586,-0.01768969806394418,-1.7534153882135861,-1.768969806394418
2019-02-22,3.946638345718384,3.9654803184270264,3.9000294544369494,3.913665129913193,401740000,0.021955616233322095,0.02171806249534583,2.1955616233322095,2.171806249534583
2019-02-25,3.9342424869537354,4.097621624687247,3.9255650885708473,4.030187545300304,656020000,-0.003140865130978221,-0.003145808000501597,-0.3140865130978221,-0.3145808000501597
2019-02-26,3.894822359085083,3.985561102777755,3.861353109648175,3.929531236623531,488464000,-0.010019750434644648,-0.010070285986488514,-1.0019750434644648,-1.0070285986488514
2019-02-27,3.8529245853424072,3.9069710078849105,3.795902865732788,3.8804437188639986,500256000,-0.01075730030278399,-0.010815578377680867,-1.075730030278399,-1.0815578377680868
2019-02-28,3.828355312347412,3.8690562226778793,3.806019715350334,3.846720389002192,324944000,-0.006376785335602819,-0.0063972038806145316,-0.6376785335602819,-0.6397203880614531
2019-03-01,3.8827059268951416,3.9248955454090013,3.819917459146095,3.878238618181043,357188000,0.014196857426591158,0.014097025800318217,1.4196857426591158,1.4097025800318217
2019-03-04,3.8908958435058594,3.9440053413367644,3.8343116669269635,3.9211731920185997,409992000,0.002109332193815483,0.0021071106760609925,0.2109332193815483,0.21071106760609926
2019-03-05,3.8844430446624756,3.9226619051650116,3.820909987702736,3.8752603882977406,362924000,-0.0016584352557660331,-0.0016598119818661023,-0.1658435255766033,-0.16598119818661022
2019-03-06,3.773508310317993,3.883946327742124,3.770778459449249,3.875508499293919,403524000,-0.028558723366253314,-0.028974458071099784,-2.8558723366253314,-2.8974458071099782
2019-03-07,3.7042675018310547,3.7596107701403376,3.6581068900495652,3.7499317985772644,450104000,-0.018349186696531627,-0.018519621131158417,-1.8349186696531627,-1.8519621131158417
2019-03-08,3.738516330718994,3.7491879337455924,3.5935816709617354,3.614924877014932,422416000,0.009245776356866742,0.009203295809648727,0.9245776356866742,0.9203295809648727
2019-03-11,3.9990997314453125,4.0219316406329035,3.7149386955701456,3.762092168923421,859728000,0.06970235721190576,0.06738043894713851,6.970235721190576,6.738043894713851
2019-03-12,4.033348560333252,4.079756975177056,3.9507058339743053,4.0268957547605755,579576000,0.008564134727283124,0.008527670566885966,0.8564134727283124,0.8527670566885966
2019-03-13,4.184734344482422,4.214019055350413,4.063376469103331,4.070821903061282,768900000,0.03753352379162145,0.03684628468900186,3.753352379162145,3.6846284689001862
2019-03-14,4.108792781829834,4.205829570513756,4.101099308625447,4.193917065335535,519384000,-0.018147284009250697,-0.018313965592494718,-1.8147284009250697,-1.8313965592494719
2019-03-15,4.214268684387207,4.256954619660461,4.148501850393394,4.151976292489557,661484000,0.0256707768334814,0.025346814976227382,2.56707768334814,2.534681497622738
2019-03-18,4.192923545837402,4.299639044827537,4.165872139118713,4.245784743823267,486992000,-0.005064968597964126,-0.005077839028691161,-0.5064968597964126,-0.5077839028691161
2019-03-19,4.360692024230957,4.405115656151409,4.270604564374885,4.28748022396908,854972000,0.040012291318812565,0.039232531659223795,4.0012291318812565,3.9232531659223793
2019-03-20,4.328181266784668,4.44308637144721,4.293436371576382,4.389728595971831,719148000,-0.007455412412900819,-0.007483342908860915,-0.7455412412900819,-0.7483342908860915
2019-03-21,4.564939498901367,4.591246322878655,4.346297248345588,4.351260871489553,824312000,0.05470155188130166,0.053257837695292534,5.470155188130166,5.325783769529253
2019-03-22,4.405115127563477,4.586283129063176,4.39121736014511,4.5376409430988955,747644000,-0.03501127920235425,-0.03563886600405483,-3.501127920235425,-3.563886600405483
2019-03-25,4.312793731689453,4.428691450790533,4.246530826598151,4.364414279076793,525212000,-0.020957771409049974,-0.02118050296825235,-2.0957771409049974,-2.118050296825235
2019-03-26,4.389479637145996,4.51058900985758,4.333143509682086,4.454501394895716,703508000,0.017781027850479303,0.017624794647593613,1.7781027850479303,1.7624794647593613
2019-03-27,4.380298137664795,4.461451455032326,4.310809290185452,4.415043034761738,474372000,-0.0020917056781634136,-0.002093896349845453,-0.20917056781634136,-0.2093896349845453
2019-03-28,4.398910999298096,4.464677357822436,4.345801266084862,4.406355961632342,480264000,0.0042492225525141425,0.004240220099637608,0.42492225525141425,0.4240220099637608
2019-03-29,4.456238746643066,4.480560310915573,4.415290038744782,4.465669441355142,456896000,0.01303225897366822,0.01294806974831908,1.303225897366822,1.294806974831908
2019-04-01,4.523742198944092,4.554019539047849,4.476340692437984,4.548063286674984,483824000,0.01514807804044982,0.015034491547908466,1.514807804044982,1.5034491547908466
2019-04-02,4.541612148284912,4.586035781574947,4.504882464098707,4.547816915410112,440920000,0.003950258117049854,0.003942476334089733,0.3950258117049854,0.3942476334089733
2019-04-03,4.681087017059326,4.740153012726855,4.586283966271934,4.591247590786642,783504000,0.030710431498886415,0.030248303800009688,3.0710431498886415,3.0248303800009686
2019-04-04,4.672152042388916,4.714589935735879,4.609363576157914,4.665699236993605,457376000,-0.0019087392816771187,-0.0019105632458507604,-0.19087392816771187,-0.19105632458507604
2019-04-05,4.738911151885986,4.756283835055177,4.67885300844419,4.715334649049337,481744000,0.0142887279547812,0.014187606210566075,1.42887279547812,1.4187606210566075
2019-04-08,4.759757995605469,4.784823678760386,4.6843124336172295,4.708385486749751,424192000,0.004399078828727587,0.00438943116499776,0.4399078828727587,0.438943116499776
2019-04-09,4.696969985961914,4.737422621771342,4.654780129105895,4.726254704563654,439972000,-0.013191428997340826,-0.013279208711372984,-1.3191428997340826,-1.3279208711372983
2019-04-10,4.76745080947876,4.793261082476623,4.691757684652633,4.696224756256655,444772000,0.015005593760976765,0.014894123573123018,1.5005593760976765,1.489412357312302
2019-04-11,4.7535529136657715,4.801450977581173,4.704166141494313,4.769932491339652,374600000,-0.0029151629179594574,-0.0029194202813302523,-0.29151629179594574,-0.2919420281330252
2019-04-12,4.715583324432373,4.796240564706644,4.706897218354501,4.7922695704893545,471708000,-0.007987623136421096,-0.008019695098102483,-0.7987623136421096,-0.8019695098102483
2019-04-15,4.583803176879883,4.712854602916087,4.544095118616034,4.707890977293758,440092000,-0.027945672568165936,-0.02834358366403869,-2.7945672568165936,-2.834358366403869
2019-04-16,4.67091178894043,4.689773183653292,4.590255019645924,4.623014184493045,394964000,0.019003567277912747,0.0188252549978681,1.9003567277912747,1.88252549978681
2019-04-17,4.648077964782715,4.726749441286747,4.62574213670722,4.705902794644843,351004000,-0.004888515388318804,-0.004900503264237572,-0.4888515388318804,-0.49005032642375723
2019-04-18,4.623508930206299,4.68877920186459,4.595713397949867,4.654779377351941,380988000,-0.005285848207058796,-0.005299867727888644,-0.5285848207058796,-0.5299867727888644
2019-04-22,4.677364349365234,4.692999339943308,4.568415493736092,4.599933514100925,279936000,0.01164817024729592,0.011580852559866982,1.164817024729592,1.158085255986698
2019-04-23,4.731960773468018,4.7632312146106575,4.680836790259642,4.690515522189881,346856000,0.011672476211991523,0.011604878375784302,1.1672476211991523,1.1604878375784302
2019-04-24,4.74437141418457,4.785072088397006,4.681582945174319,4.742385680628854,318204000,0.0026227268801843895,0.002619293533883237,0.26227268801843895,0.2619293533883237
2019-04-25,4.638648986816406,4.726503150176021,4.558984851013382,4.704167313840032,499296000,-0.02228375861385523,-0.02253579277853371,-2.228375861385523,-2.2535792778533708
2019-04-26,4.41975736618042,4.489246674747815,4.30088128210903,4.484779129606712,868988000,-0.047188658003246675,-0.04833835715300399,-4.718865800324668,-4.833835715300399
2019-04-29,4.450531482696533,4.478327018148397,4.355479934581061,4.427699097605923,391920000,0.006962852022510013,0.006938723306736438,0.6962852022510013,0.6938723306736438
2019-04-30,4.491976261138916,4.517538021147229,4.39915849573698,4.4182679242945175,362920000,0.009312321147152414,0.009269228804485054,0.9312321147152414,0.9269228804485055
2019-05-01,4.478823661804199,4.586531837248409,4.4785751492631265,4.544341981489812,354280000,-0.0029280206684311194,-0.0029323157069718166,-0.29280206684311194,-0.29323157069718164
2019-05-02,4.546326637268066,4.588019935758864,4.445319320073938,4.488501800184308,394684000,0.015071585880805927,0.01495913796815607,1.5071585880805927,1.495913796815607
2019-05-03,4.541861057281494,4.564692973946059,4.480313245936937,4.554766197722388,336824000,-0.0009822391444481715,-0.0009827218574355626,-0.09822391444481715,-0.09827218574355627
2019-05-06,4.463436603546143,4.47559715026055,4.318253687149516,4.355479918183428,422176000,-0.017267030573209996,-0.01741784433753435,-1.7267030573209996,-1.741784433753435
2019-05-07,4.296165943145752,4.415042020907966,4.248019839387,4.415042020907966,555220000,-0.03747575584864282,-0.03819602440874568,-3.747575584864282,-3.8196024408745677
2019-05-08,4.316267490386963,4.396428149650471,4.256705438986166,4.2686179439377465,419168000,0.004678950372781099,0.004668038109870966,0.4678950372781099,0.46680381098709656
2019-05-09,4.22369909286499,4.256954806788146,4.104823465441121,4.2472760710029815,660248000,-0.021446399633048174,-0.021679715550255073,-2.1446399633048174,-2.1679715550255074
2019-05-10,4.189698696136475,4.2584434142362335,4.070078020530973,4.192925098748698,569500000,-0.00804990980203868,-0.008082485263412717,-0.804990980203868,-0.8082485263412718
2019-05-13,3.9323408603668213,4.080749939884971,3.9164575961922776,4.057669516159789,656912000,-0.06142633502666328,-0.06339393378943249,-6.142633502666328,-6.3393933789432495
2019-05-14,4.02143669128418,4.056677668277631,3.933334248800551,3.972049431634826,524880000,0.022657199383536497,0.022404337346399527,2.2657199383536497,2.2404337346399528
2019-05-15,3.960385322570801,3.996866967993108,3.906531228363994,3.965845025416278,502320000,-0.015181481992666446,-0.015297900463202145,-1.5181481992666446,-1.5297900463202145
2019-05-16,3.9755232334136963,4.018209640365021,3.912486963102783,3.9549248575161338,781088000,0.0038223328312581017,0.00381504627897135,0.3822332831258102,0.38150462789713496
2019-05-17,3.8846914768218994,4.062881606672626,3.8452317064220436,3.9335821803930817,1022068000,-0.022847748902174447,-0.023112803770460398,-2.2847748902174447,-2.3112803770460397
2019-05-20,3.7660634517669678,3.8410124679471944,3.741245805830737,3.785917473844507,572064000,-0.030537309272236524,-0.031013288043774418,-3.0537309272236524,-3.1013288043774416
2019-05-21,3.8482096195220947,3.864092885462268,3.7881512346758224,3.8268666510277507,361848000,0.021812210231504592,0.021577727570609384,2.181221023150459,2.1577727570609384
2019-05-22,3.777231216430664,3.835552374346456,3.766311339053399,3.8094940601751244,325868000,-0.018444526184684618,-0.018616747438111987,-1.8444526184684618,-1.8616747438111987
2019-05-23,3.6561217308044434,3.714939205983838,3.596311388848484,3.714939205983838,591844000,-0.032063032069470254,-0.03258830959993023,-3.2063032069470254,-3.2588309599930234
2019-05-24,3.6022679805755615,3.710224205905764,3.595567135089519,3.674983230659197,357584000,-0.014729747583385966,-0.014839307506398275,-1.4729747583385966,-1.4839307506398276
2019-05-28,3.5570995807647705,3.65264720758781,3.5551140839343893,3.6198880482974656,428356000,-0.012538878299546807,-0.012618153411816654,-1.2538878299546807,-1.2618153411816653
2019-05-29,3.4828951358795166,3.5444424604204987,3.4481504799727127,3.5094497653355536,559800000,-0.02086094111239367,-0.021081604773938677,-2.086094111239367,-2.108160477393868
2019-05-30,3.4563095569610596,3.5219026484402454,3.4180468412819622,3.486124577001715,394300000,-0.0076331838545989905,-0.007662465706824793,-0.763318385459899,-0.7662465706824794
2019-05-31,3.3656229972839355,3.4746964495150117,3.3638837931577723,3.407364133260645,389720000,-0.026237973822246352,-0.026588331498344265,-2.623797382224635,-2.6588331498344266
2019-06-03,3.3238818645477295,3.4155630321221095,3.294563718797367,3.3768034255081956,478644000,-0.0124022009505792,-0.012479750098629531,-1.24022009505792,-1.2479750098629532
2019-06-04,3.552960157394409,3.55817776837531,3.36587065498397,3.387983421086178,641836000,0.0689189033130242,0.06664776696973909,6.891890331302419,6.6647766969739095
2019-06-05,3.510225534439087,3.632218832975695,3.473950577102758,3.6267526623672257,511616000,-0.012027892535294349,-0.012100812943806867,-1.2027892535294349,-1.2100812943806867
2019-06-06,3.572340488433838,3.596937902553327,3.5119649958724777,3.514449640599399,408140000,0.017695431072829004,0.017540689742007003,1.7695431072829004,1.7540689742007003
2019-06-07,3.615074872970581,3.649362064963667,3.5591715592388082,3.57830303660081,348856000,0.011962573185591907,0.011891587163195308,1.1962573185591907,1.1891587163195307
2019-06-10,3.6878740787506104,3.756448713385929,3.671227242439449,3.671227242439449,402780000,0.02013767579873349,0.01993759446097028,2.013767579873349,1.9937594460970278
2019-06-11,3.745515823364258,3.785517746959614,3.706011018229893,3.7477519086437514,383872000,0.015630073962063173,0.015509182424594137,1.5630073962063173,1.5509182424594137
2019-06-12,3.6324667930603027,3.708246785474572,3.6173108419671935,3.7020351747323326,358892000,-0.030182499723739875,-0.030647369231112352,-3.0182499723739875,-3.0647369231112354
2019-06-13,3.683649778366089,3.702035579496407,3.6369393608824816,3.6545799582012313,308080000,0.014090420703520179,0.013992073484819,1.409042070352018,1.3992073484819
2019-06-14,3.59370756149292,3.614826566272586,3.5489851443320792,3.5904777131365866,394428000,-0.024416603717702934,-0.024719631766031647,-2.4416603717702934,-2.4719631766031647
2019-06-17,3.6033976078033447,3.6404180062573164,3.5691101762061432,3.591968384954695,276040000,0.0026963925541005906,0.0026927638092478076,0.26963925541005906,0.26927638092478073
2019-06-18,3.7984378337860107,3.8538440352609276,3.6538348796125053,3.664766984360565,581920000,0.05412675680316159,0.05271270550979668,5.412675680316159,5.2712705509796685
2019-06-19,3.8044004440307617,3.845147569041455,3.7783121520962957,3.8337185840806733,331644000,0.0015697532790230895,0.0015685225041847993,0.15697532790230895,0.15685225041847994
2019-06-20,3.828749895095825,3.909002072454372,3.814339382029556,3.895088440949179,350168000,0.006400338614003909,0.006379943424638135,0.6400338614003909,0.6379943424638135
2019-06-21,3.7706098556518555,3.863036682041209,3.764149922542619,3.8138418615051917,434428000,-0.015185123352778995,-0.0153015979635821,-1.5185123352778995,-1.5301597963582099
2019-06-24,3.7929718494415283,3.8225385535974685,3.744770783364017,3.791978086310683,282948000,0.005930603972764237,0.005913087163741417,0.5930603972764237,0.5913087163741417
2019-06-25,3.7636537551879883,3.872975757310153,3.7609207880670037,3.797941190099981,311868000,-0.007729583929777073,-0.007759612000050661,-0.7729583929777073,-0.7759612000050661
2019-06-26,3.9569544792175293,4.0180756486661435,3.878193185474219,3.891113053531932,584072000,0.051359858425628735,0.050084429509091664,5.1359858425628735,5.008442950909166
2019-06-27,4.0555925369262695,4.074723779025369,4.006646033577113,4.042672669367494,445440000,0.02492777165539839,0.024622143429818423,2.492777165539839,2.4622143429818424
2019-06-28,4.080438613891602,4.108762994332991,4.0337284316468605,4.0995698564825584,397668000,0.006126374072125795,0.006107684137997655,0.6126374072125795,0.6107684137997655
2019-07-01,4.128639221191406,4.321940099690546,4.091121707048046,4.2876526706371365,709756000,0.01181260444299026,0.011743380243242977,1.181260444299026,1.1743380243242978
2019-07-02,4.030745983123779,4.133111145761216,4.01757779517521,4.111991906695179,400228000,-0.023710775590456645,-0.023996399982840564,-2.3710775590456645,-2.3996399982840564
2019-07-03,4.043667316436768,4.059817272890251,3.9837889324534648,4.05410254168122,246636000,0.0032056927841863647,0.0032005655058037034,0.32056927841863647,0.32005655058037036
2019-07-05,3.98105525970459,3.9897512792010867,3.9176980046329453,3.9852791083025343,396552000,-0.015483978238682305,-0.015605107026928411,-1.5483978238682305,-1.560510702692841
2019-07-08,3.9060208797454834,3.9403083168245847,3.875957528668214,3.9214253941983426,329788000,-0.01884786195222876,-0.019027746784916293,-1.8847861952228762,-1.9027746784916293
2019-07-09,3.9085052013397217,3.936581023680068,3.8511112342786356,3.8637825434406228,342860000,0.0006360236339546521,0.0006358214566450003,0.06360236339546521,0.06358214566450003
2019-07-10,3.9768314361572266,4.034225165195638,3.9380718316297507,3.95198546291179,452076000,0.01748142353605786,0.017330381200933248,1.748142353605786,1.7330381200933247
2019-07-11,4.131371974945068,4.1721190981811125,4.012608538519438,4.049877254575544,682560000,0.03886021856062705,0.03812416847615126,3.8860218560627047,3.812416847615126
2019-07-12,4.164416790008545,4.235476287931402,4.159199179305226,4.159199179305226,506392000,0.007998508791723147,0.007966690274792071,0.7998508791723147,0.7966690274792071
2019-07-15,4.155970096588135,4.201686518778212,4.127646188167227,4.185537038267442,289840000,-0.0020283016437441237,-0.0020303614332440375,-0.20283016437441237,-0.20303614332440376
2019-07-16,4.151249408721924,4.1783312304111115,4.095594409841845,4.141062507589218,341444000,-0.0011358810955079957,-0.0011365266973705,-0.11358810955079957,-0.11365266973705
2019-07-17,4.216594219207764,4.223551034878386,4.123670496867281,4.152988641164196,348204000,0.015740998444600418,0.015618393867204747,1.5740998444600418,1.5618393867204747
2019-07-18,4.228271961212158,4.291132104887023,4.170381107496015,4.227029875671264,442192000,0.002769472564184472,0.0027656446409660964,0.2769472564184472,0.2765644640966096
2019-07-19,4.185039520263672,4.272993948273875,4.179076468034379,4.266534251465681,344896000,-0.010224612169008274,-0.010277242573680507,-1.0224612169008274,-1.0277242573680507
2019-07-22,4.256595134735107,4.269515000614863,4.198952619741011,4.206406552559214,315940000,0.017097954302454754,0.016953429343148103,1.7097954302454754,1.6953429343148103
2019-07-23,4.364427089691162,4.366414615941003,4.280199385711847,4.295852695096325,428176000,0.025332913171871363,0.025017353194844362,2.5332913171871363,2.5017353194844363
2019-07-24,4.43896484375,4.444679574485205,4.331630836479247,4.407659170612291,366236000,0.01707847388146244,0.01693427621491104,1.7078473881462441,1.693427621491104
2019-07-25,4.307778358459473,4.410143543446418,4.284423266209168,4.397471997240203,392700000,-0.029553395872291333,-0.029998896817417405,-2.9553395872291333,-2.9998896817417404
2019-07-26,4.349767684936523,4.396477865521099,4.334860291406818,4.334860291406818,274160000,0.00974732750458096,0.009700128767693016,0.974732750458096,0.9700128767693016
2019-07-29,4.343555450439453,4.35970540000584,4.255352718164589,4.342561687587236,248160000,-0.001428176157219574,-0.001429196972839715,-0.1428176157219574,-0.1429196972839715
2019-07-30,4.359208583831787,4.371383008935891,4.282683152137127,4.297093899236804,197772000,0.0036037604609722163,0.003597282474983761,0.3603760460972216,0.35972824749837606
2019-07-31,4.191995620727539,4.328648206325335,4.149757617746027,4.327653969542075,359416000,-0.03835855979097613,-0.03911362107045828,-3.835855979097613,-3.9113621070458278
2019-08-01,4.0975823402404785,4.292870766755365,4.0454057500594125,4.202431691299694,421212000,-0.02252227555301567,-0.022779775671803327,-2.252227555301567,-2.277977567180333
2019-08-02,4.004905700683594,4.074225985835583,3.9574503291987226,4.004905700683594,428348000,-0.022617395298381138,-0.02287709182684747,-2.2617395298381138,-2.2877091826847473
2019-08-05,3.7465102672576904,3.822538597461443,3.6995515230292635,3.8212962750592467,589156000,-0.06451972973590814,-0.06669522353411948,-6.451972973590814,-6.669522353411948
2019-08-06,3.7852694988250732,3.8667639972502372,3.7375655524461435,3.8212961363345754,361272000,0.010345422487191946,0.01029227484622293,1.0345422487191946,1.029227484622293
2019-08-07,3.8235321044921875,3.835458209195409,3.7070049721874985,3.7243970107557343,372560000,0.010108291015736404,0.010057543933102212,1.0108291015736404,1.0057543933102213
2019-08-08,3.9321088790893555,3.933351201478096,3.8237808784481175,3.8811748458948316,309300000,0.02839698258832546,0.028001262321595402,2.839698258832546,2.80012623215954
2019-08-09,3.830737352371216,3.8945912483711345,3.7803002052439703,3.8911128407726174,341816000,-0.02578044754997133,-0.02611858754829065,-2.578044754997133,-2.6118587548290653
2019-08-12,3.7629079818725586,3.8307371636508005,3.741043537367064,3.7785608152947523,279200000,-0.017706609526928596,-0.017865246947516143,-1.7706609526928596,-1.7865246947516142
2019-08-13,3.8771989345550537,3.9231639105801226,3.7224093240755445,3.7614172480245873,351956000,0.03037303947720238,0.02992091092199306,3.037303947720238,2.9920910921993062
2019-08-14,3.728620767593384,3.8001769201562063,3.684892113004436,3.7889962565089688,419880000,-0.03832100685819484,-0.03907457096509374,-3.832100685819484,-3.907457096509374
2019-08-15,3.6963210105895996,3.7673802799283163,3.6620338166533615,3.7475035976858244,477200000,-0.008662655447427503,-0.008700394351272204,-0.8662655447427503,-0.8700394351272204
2019-08-16,3.9644079208374023,4.013602505317011,3.897820825677204,3.9591903098024632,1007960000,0.07252803787326911,0.07001851401750342,7.252803787326911,7.001851401750342
2019-08-19,4.2431793212890625,4.259080954242912,4.061556182081943,4.077706137362355,815112000,0.07031854592621611,0.06795631064113511,7.031854592621611,6.795631064113511
2019-08-20,4.170877456665039,4.23820975932319,4.149758215185045,4.23771264085999,463188000,-0.017039549627626438,-0.01718639324316959,-1.7039549627626438,-1.718639324316959
2019-08-21,4.254360198974609,4.309518087668793,4.215352266366833,4.23696815729583,427244000,0.020015630566217135,0.01981795126329373,2.0015630566217135,1.9817951263293732
2019-08-22,4.260570049285889,4.3065347769954645,4.221313338863427,4.264048455989345,303488000,0.0014596437586023026,0.0014585795141372792,0.14596437586023026,0.14585795141372793
2019-08-23,4.035964488983154,4.238458537186339,4.016087804575927,4.184046095850396,568056000,-0.05271725560301033,-0.05415766182974411,-5.271725560301032,-5.415766182974411
2019-08-26,4.110750198364258,4.13882625430878,4.0724877161807695,4.114725724287434,318208000,0.018529823437555937,0.018360237981653846,1.8529823437555937,1.8360237981653846
2019-08-27,4.020063400268555,4.151746259023311,3.9907452547205264,4.149013291878587,290968000,-0.022060887604357204,-0.02230786814955255,-2.2060887604357204,-2.230786814955255
2019-08-28,4.009617805480957,4.062343184476461,3.9544053221293782,3.993700906842057,255612000,-0.002598365684207793,-0.002601747295367304,-0.2598365684207793,-0.26017472953673043
2019-08-29,4.153369426727295,4.1857008348207865,4.0976593324169865,4.101141183663465,357976000,0.035851701638454525,0.035223988454421526,3.5851701638454525,3.5223988454421526
2019-08-30,4.166053295135498,4.24936963634604,4.147897859053402,4.199628494635267,290616000,0.003053874362001441,0.0030492207596294436,0.3053874362001441,0.30492207596294435
2019-09-03,4.082984447479248,4.126259006141953,4.060103853541809,4.093181429841881,296140000,-0.019939458708616464,-0.020140932397686717,-1.9939458708616464,-2.0140932397686715
2019-09-04,4.197140693664551,4.204602005993086,4.14366914122656,4.14366914122656,227728000,0.027959020577651428,0.027575302987101005,2.795902057765143,2.7575302987101002
2019-09-05,4.470219135284424,4.47643665878179,4.2976179885950545,4.299358914148982,695676000,0.0650629706152277,0.06303392475167824,6.50629706152277,6.303392475167824
2019-09-06,4.443110466003418,4.503794298218014,4.4050586682068325,4.446840885593928,376976000,-0.006064281964843987,-0.006082744401509141,-0.6064281964843987,-0.6082744401509141
2019-09-09,4.4891204833984375,4.575670103266216,4.472705973928685,4.474198331435024,417524000,0.010355362025559867,0.01030211256039039,1.0355362025559867,1.030211256039039
2019-09-10,4.555772304534912,4.582383316920683,4.446590685872106,4.456290057868467,352812000,0.01484741195585304,0.014738268144184644,1.484741195585304,1.4738268144184643
2019-09-11,4.58437442779541,4.632623206126897,4.541348426023521,4.570447023636486,361512000,0.006278216150536586,0.00625859025244072,0.6278216150536586,0.625859025244072
2019-09-12,4.582882404327393,4.685597491850589,4.574923954851905,4.630882618044122,327840000,-0.0003254584658206605,-0.00032551143892115545,-0.03254584658206605,-0.032551143892115546
2019-09-13,4.524933815002441,4.553286233268547,4.481161635519684,4.51622918760056,324592000,-0.012644572610074678,-0.012725195567886772,-1.2644572610074678,-1.2725195567886771
2019-09-16,4.481908798217773,4.516478747308459,4.439380398664735,4.4498259538403335,231832000,-0.009508430077367791,-0.009553923810963939,-0.9508430077367791,-0.9553923810963939
2019-09-17,4.503296375274658,4.507524404776446,4.442114943097713,4.488622793250782,223048000,0.004771979533673143,0.004760629732362427,0.4771979533673143,0.47606297323624275
2019-09-18,4.476186752319336,4.512000477687467,4.389637627562837,4.496332150726364,258152000,-0.006019950875133961,-0.0060381438299459845,-0.6019950875133961,-0.6038143829945984
2019-09-19,4.400581359863281,4.500560763185718,4.389886764733637,4.482156287610649,245476000,-0.016890580451514814,-0.01703485317974071,-1.6890580451514814,-1.7034853179740712
2019-09-20,4.294881820678711,4.423213649169267,4.284685309889253,4.399586870249028,350244000,-0.02401944891841612,-0.024312619938101587,-2.401944891841612,-2.4312619938101587
2019-09-23,4.348354816436768,4.393867938171524,4.291401390810437,4.295132285619378,249712000,0.012450399799267764,0.012373530946038066,1.2450399799267764,1.2373530946038067
2019-09-24,4.290903568267822,4.409286999994071,4.255338872554902,4.379691260654187,317268000,-0.013212180374926996,-0.013300237709688424,-1.3212180374926996,-1.3300237709688423
2019-09-25,4.4326629638671875,4.452310748852547,4.245636866007446,4.290403778888933,308432000,0.03303718980023396,0.032503191232178374,3.3037189800233957,3.2503191232178374
2019-09-26,4.410530090332031,4.431670241902006,4.359545632784867,4.4229656131281025,234564000,-0.004993132506480258,-0.005005639843825569,-0.4993132506480258,-0.5005639843825569
2019-09-27,4.271751403808594,4.419481938235303,4.211067121207517,4.368746069766581,362056000,-0.031465307725174196,-0.03197097615213226,-3.1465307725174196,-3.1970976152132264
2019-09-30,4.329204082489014,4.33940106973466,4.266281707479768,4.297618848084282,186184000,0.013449443389705884,0.013359802478444087,1.3449443389705884,1.3359802478444087
2019-10-01,4.327462196350098,4.501555696663208,4.322737030392912,4.352332764161488,366008000,-0.0004023571321023489,-0.00040243809945248127,-0.04023571321023489,-0.04024380994524813
2019-10-02,4.303587436676025,4.317514842701942,4.231214259477042,4.305576930574959,293372000,-0.005517034832611345,-0.005532309877158121,-0.5517034832611345,-0.5532309877158121
2019-10-03,4.509265422821045,4.515482945969058,4.277721388425438,4.3080632998556965,450588000,0.04779221734690253,0.04668530035121031,4.779221734690253,4.668530035121031
2019-10-04,4.5256805419921875,4.555027710607367,4.44634366460313,4.5115040939582975,265524000,0.003640308926608604,0.003633699038567459,0.3640308926608604,0.3633699038567459
2019-10-07,4.58437442779541,4.684104793019114,4.581887323571799,4.590591951171126,480984000,0.012969073989784086,0.012885695669016576,1.2969073989784086,1.2885695669016575
2019-10-08,4.4077935218811035,4.492601730338929,4.3896380892183835,4.492601730338929,444436000,-0.03851799382783461,-0.03927942845793905,-3.8517993827834607,-3.9279428457939054
2019-10-09,4.494343280792236,4.543835851922609,4.455794348513797,4.484643905690134,292412000,0.01963562006284647,0.01944532823997008,1.963562006284647,1.9445328239970079
2019-10-10,4.552042007446289,4.603026452067715,4.4868815922346394,4.492104368174887,309124000,0.012838077345058041,0.012756367815847222,1.283807734505804,1.2756367815847223
2019-10-11,4.625660419464111,4.708976292793463,4.617204358303706,4.636105974650476,446404000,0.01617261262031322,0.016043229037217954,1.617261262031322,1.6043229037217954
2019-10-14,4.6390886306762695,4.6599797339112445,4.585865651549163,4.616953738324988,200040000,0.0029029824921116276,0.002898776975498362,0.29029824921116276,0.28987769754983617
2019-10-15,4.883813858032227,4.956436057481802,4.7154407688692315,4.729368645375923,664124000,0.052752867392464875,0.05140851177261433,5.2752867392464875,5.140851177261433
2019-10-16,4.830093860626221,4.954695253064103,4.818653562070151,4.8497416495673775,428944000,-0.010999599691469575,-0.011060542598606525,-1.0999599691469575,-1.1060542598606524
2019-10-17,4.832083702087402,4.9196275758296,4.777616934003701,4.874612087029121,263436000,0.0004119674521032568,0.0004118826168112469,0.04119674521032568,0.04118826168112469
2019-10-18,4.737576007843018,4.86516164659299,4.663213352051364,4.832581200278946,307440000,-0.01955837275822825,-0.019752168782624733,-1.9558372758228249,-1.9752168782624733
2019-10-21,4.874862194061279,4.888292464265105,4.78010554690477,4.7990071627051964,261868000,0.028978149583454904,0.02856622201368034,2.8978149583454904,2.856622201368034
2019-10-22,4.864912509918213,5.03701601017104,4.857202630589509,4.931813845755606,328720000,-0.002041018545137052,-0.002043104261962221,-0.20410185451370522,-0.2043104261962221
2019-10-23,4.8519816398620605,4.866157614673761,4.751007467248172,4.782841742901981,279916000,-0.0026579861466757837,-0.0026615248638187363,-0.26579861466757837,-0.2661524863818736
2019-10-24,4.896000385284424,4.929575098612403,4.859191915411235,4.893264239215366,232020000,0.00907232316394646,0.009031416864116326,0.9072323163946461,0.9031416864116326
2019-10-25,5.087007522583008,5.107898632346243,4.968872661045614,4.976582543129671,423092000,0.03901289262000085,0.03827112072152856,3.901289262000085,3.8271120721528558
2019-10-28,5.142965793609619,5.1954421321158195,5.101431671081168,5.130778839489692,330792000,0.01100023359080815,0.010940171087573895,1.100023359080815,1.0940171087573896
2019-10-29,5.04671573638916,5.135503401740243,5.027316989858623,5.12903683665235,211236000,-0.01871489352312128,-0.018892233224233564,-1.8714893523121279,-1.8892233224233563
2019-10-30,5.048706531524658,5.079297490805015,4.980561384281455,5.073577102857461,205960000,0.0003944734039889042,0.0003943956198108642,0.03944734039889042,0.039439561981086425
2019-10-31,4.999462127685547,5.048705651103125,4.919628124688844,5.027814545598688,209732000,-0.009753865377522764,-0.00980174592375345,-0.9753865377522764,-0.9801745923753449
2019-11-01,5.038508892059326,5.070840295500885,4.939026628988037,4.964145762847227,283640000,0.007810193052078418,0.007779851374830676,0.7810193052078418,0.7779851374830676
2019-11-04,5.235233783721924,5.247669303433241,5.096456894056255,5.119586059422818,376716000,0.039044268031884544,0.0383013175924137,3.9044268031884544,3.8301317592413704
2019-11-05,5.213099956512451,5.261099692380898,5.1650997462773764,5.234985809574233,300868000,-0.00422785841547213,-0.004236821079700131,-0.422785841547213,-0.4236821079700131
2019-11-06,5.16385555267334,5.214590952245611,5.076311206589392,5.188974684389315,269012000,-0.00944628038017814,-0.009491179463282323,-0.944628038017814,-0.9491179463282323
2019-11-07,5.181515693664551,5.265080616219973,5.136748753925333,5.250407029277308,280340000,0.0034199525550377974,0.0034141178165332724,0.34199525550377974,0.34141178165332725
2019-11-08,5.167586326599121,5.199172025243966,5.127047433147296,5.16460208645232,189100000,-0.0026882803968848457,-0.002691900311650372,-0.26882803968848457,-0.2691900311650372
2019-11-11,5.177535057067871,5.200664224118962,5.080539893721595,5.166840461900579,243436000,0.0019252180495836768,0.00192336719246941,0.19252180495836768,0.192336719246941
2019-11-12,5.213099956512451,5.269058615645752,5.180768075961376,5.215835628849345,283504000,0.0068690794079762085,0.0068455947659301864,0.6869079407976209,0.6845594765930186
2019-11-13,5.187234401702881,5.209368821852523,5.120830192520741,5.181762582915754,300188000,-0.004961645666751058,-0.0049739954978715376,-0.4961645666751058,-0.4973995497871537
2019-11-14,5.21757698059082,5.219815516885668,5.136250610711341,5.196188262006717,518080000,0.005849471324831379,0.005832429591899385,0.5849471324831379,0.5832429591899385
2019-11-15,5.07830286026001,5.2670695000893515,4.990012306286344,5.215338862328644,1053628000,-0.02669325643855469,-0.027055991019858804,-2.669325643855469,-2.7055991019858805
2019-11-18,5.279503345489502,5.306114360371391,5.067855694970093,5.070839934954084,574588000,0.039619630960566754,0.03885490679329889,3.9619630960566754,3.885490679329889
2019-11-19,5.17280912399292,5.2720423433741646,5.1146124087740565,5.248415567089709,414564000,-0.02020913985928907,-0.020416138111933872,-2.020913985928907,-2.041613811193387
2019-11-20,5.252146244049072,5.335959707478232,5.1372446908596405,5.1499287794842115,472588000,0.015337337635012549,0.015220909626708468,1.533733763501255,1.5220909626708468
2019-11-21,5.22727632522583,5.303379917672177,5.205639038635529,5.247670296792932,288388000,-0.004735191608843947,-0.004746438145679699,-0.4735191608843947,-0.4746438145679699
2019-11-22,5.244935512542725,5.2964171120754715,5.2213082538004105,5.249909247844546,224100000,0.0033782769875154717,0.00337258342915461,0.33782769875154717,0.33725834291546103
2019-11-25,5.5015974044799805,5.5065716129280124,5.360084352389863,5.37301700973477,506476000,0.04893518544193265,0.04777554050996734,4.893518544193265,4.777554050996733
2019-11-26,5.396890640258789,5.488662519352732,5.390424077027722,5.483936880935194,385244000,-0.01903206587525441,-0.01921550687786805,-1.9032065875254411,-1.921550687786805
2019-11-27,5.431735992431641,5.476784696396581,5.405354093572388,5.442438477582644,215784000,0.006456560730157879,0.0064358064282991605,0.6456560730157879,0.643580642829916
2019-11-29,5.394403457641602,5.429247658021355,5.37051002040027,5.400874794693056,141556000,-0.006873039271801273,-0.0068967673915838685,-0.6873039271801273,-0.6896767391583869
2019-12-02,5.207984924316406,5.4008736416527015,5.192803015127847,5.387433467394658,372036000,-0.034557766171738336,-0.03516900922117172,-3.4557766171738336,-3.516900922117172
2019-12-03,5.168413162231445,5.172395085277545,4.986973620057206,5.024306759555825,465232000,-0.0075982866041331976,-0.0076273006485825055,-0.7598286604133198,-0.7627300648582506
2019-12-04,5.212216854095459,5.2744389077986815,5.1835947663579685,5.252038930488194,273424000,0.008475269002120811,0.008439555555294718,0.8475269002120811,0.8439555555294718
2019-12-05,5.195292949676514,5.249799436817116,5.164679424539357,5.234119546988307,184884000,-0.003246968591808952,-0.0032522514329060503,-0.3246968591808952,-0.32522514329060503
2019-12-06,5.280660629272461,5.313514338329015,5.254527482573958,5.264483238297137,232236000,0.016431735500355593,0.016298195412435747,1.6431735500355593,1.6298195412435748
2019-12-09,5.280660629272461,5.335416336316824,5.2490521017561464,5.257763150655648,211880000,0.0,0.0,0.0,0.0
2019-12-10,5.325711250305176,5.3774800547777275,5.258013327301314,5.310777612672693,256388000,0.008531247166876144,0.008495061736678827,0.8531247166876144,0.8495061736678827
2019-12-11,5.409336090087891,5.414811945838758,5.333674337409913,5.336163276439111,233796000,0.015702097964459316,0.015580095496736363,1.5702097964459316,1.5580095496736361
2019-12-12,5.576837062835693,5.595005887657623,5.371504609617936,5.3804644089461595,404348000,0.03096516281447781,0.030495414759260743,3.096516281447781,3.049541475926074
2019-12-13,5.574847221374512,5.699042578532204,5.52083823896037,5.579825099652761,454704000,-0.0003568046616319043,-0.00035686833156078744,-0.03568046616319043,-0.03568683315607874
2019-12-16,5.603717803955078,5.676144363017896,5.594260025546705,5.622384609284296,320976000,0.005178721754001359,0.005165358291744351,0.5178721754001359,0.5165358291744351
2019-12-17,5.6818695068359375,5.704518236970812,5.612927360953992,5.622385140255545,321196000,0.013946402302003946,0.013850046081643065,1.3946402302003946,1.3850046081643066
2019-12-18,5.7122344970703125,5.772714351725524,5.708252098829291,5.716714398393536,343548000,0.0053441900060962055,0.005329960496972231,0.5344190006096206,0.532996049697223
2019-12-19,5.860321044921875,5.873761219490032,5.741850311473022,5.746828189069861,445360000,0.025924451793341685,0.025594110307795164,2.5924451793341685,2.5594110307795166
2019-12-20,5.957636833190918,5.983023250762696,5.907610252482404,5.9267745600795525,603044000,0.016605880040201804,0.016469510039318156,1.6605880040201804,1.6469510039318156
2019-12-23,5.943948745727539,6.018366273885949,5.9332467340486685,5.986259764132707,355060000,-0.0022975699671924366,-0.0023002134308742136,-0.22975699671924366,-0.23002134308742136
2019-12-24,5.938971042633057,5.956144391902657,5.894171083619602,5.928517782158803,138864000,-0.0008374404469857488,-0.0008377912961273897,-0.08374404469857488,-0.08377912961273896
2019-12-26,5.953157424926758,5.981281535234037,5.923539381476258,5.942454939158113,182852000,0.002388693629227001,0.0023858452356577916,0.2388693629227001,0.23858452356577917
2019-12-27,5.895415306091309,5.981779548382364,5.869032930836672,5.968339371896367,254644000,-0.009699410701567213,-0.009746756384439306,-0.9699410701567213,-0.9746756384439306
2019-12-30,5.782169818878174,5.878738546459047,5.750810047445145,5.8735119178868755,258056000,-0.019209077110500794,-0.01939596864572893,-1.9209077110500794,-1.9395968645728932
2019-12-31,5.856339931488037,5.865797710341713,5.7276646736081585,5.7468289828147485,231004000,0.012827383998253783,0.012745809955224703,1.2827383998253783,1.2745809955224703
2020-01-02,5.971077919006348,5.971077919006348,5.891682979787332,5.942207075173676,237536000,0.019592098283331083,0.01940264366960018,1.9592098283331083,1.9402643669600181
2020-01-03,5.875504970550537,5.919309450404571,5.8264738602636355,5.851362780060624,205384000,-0.016005979113351554,-0.01613545828305149,-1.6005979113351554,-1.6135458283051491
2020-01-06,5.900144100189209,5.905370730122537,5.756038175046519,5.78217132471316,262636000,0.0041935339621308465,0.004184765603643701,0.41935339621308465,0.4184765603643701
2020-01-07,5.9715752601623535,6.017370697897998,5.883468804691061,5.9285175131814745,314856000,0.012106680575963091,0.01203398089833739,1.2106680575963091,1.203398089833739
2020-01-08,5.982773780822754,6.024089307661958,5.927271825956355,5.967342646120171,277108000,0.0018753042827925892,0.0018735480949643223,0.18753042827925892,0.18735480949643224
2020-01-09,6.0484819412231445,6.120908509266958,5.99472218082326,6.069139710447324,255112000,0.010982892351873996,0.010923018383664464,1.0982892351873996,1.0923018383664465
2020-01-10,6.080837726593018,6.186117543357126,6.06665129335838,6.1557532404195285,316296000,0.00534940596405753,0.005335148714582104,0.534940596405753,0.5335148714582104
2020-01-13,6.271486282348633,6.296623954505938,6.141317545571688,6.163966752912107,319840000,0.03135235050293517,0.03087090271444346,3.1352350502935167,3.087090271444346
2020-01-14,6.154507160186768,6.254062338628805,6.141315737071839,6.2286754476924235,359088000,-0.018652535761914724,-0.018828688206018747,-1.8652535761914724,-1.8828688206018747
2020-01-15,6.111949443817139,6.189602657433724,6.086065039278277,6.167202673709066,263104000,-0.006914886157730504,-0.006938904771042175,-0.6914886157730504,-0.6938904771042175
2020-01-16,6.195573806762695,6.2015471652717205,6.142062806376911,6.165458262738691,284192000,0.013682109728533787,0.013589354763288833,1.3682109728533787,1.3589354763288832
2020-01-17,6.204286098480225,6.2222061775969015,6.156748447081117,6.2147393592857885,253792000,0.0014062122394571386,0.001405224448946242,0.14062122394571386,0.1405224448946242
2020-01-21,6.170934200286865,6.204534164327883,6.1368362585649106,6.167698532152198,217916000,-0.005375622217281273,-0.005390122864406376,-0.5375622217281273,-0.5390122864406376
2020-01-22,6.224943161010742,6.311556154821581,6.197316553531429,6.216232111329572,239240000,0.008752153072927982,0.008714074996698308,0.8752153072927982,0.8714074996698308
2020-01-23,6.293386459350586,6.301848756365674,6.176160432052887,6.265013601278232,244516000,0.010995007756621877,0.010935002099952735,1.0995007756621877,1.0935002099952735
2020-01-24,6.234152793884277,6.458650095394929,6.179895054374351,6.408872256910902,373512000,-0.009412049593474525,-0.009456622836439412,-0.9412049593474525,-0.9456622836439412
2020-01-27,5.978295803070068,6.029317874683954,5.77993165006869,5.9295134446454965,470536000,-0.0410411806180313,-0.04190714622823934,-4.10411806180313,-4.1907146228239345
2020-01-28,6.171682357788086,6.204037622473159,5.99098904942448,6.044251311365819,310976000,0.03234810740189653,0.03183592355593559,3.234810740189653,3.183592355593559
2020-01-29,6.111202239990234,6.193335342652405,6.071379683662624,6.157246432843524,258848000,-0.009799616100062414,-0.009847948355497906,-0.9799616100062414,-0.9847948355497906
2020-01-30,6.117921829223633,6.131362007202673,5.958384751904467,6.013388746744023,290504000,0.0010995527507544622,0.0010989486853892226,0.10995527507544622,0.10989486853892226
2020-01-31,5.884465217590332,6.0840736193976275,5.84265217096687,6.072126899014725,370420000,-0.0381594629925055,-0.038906604002931826,-3.81594629925055,-3.8906604002931826
2020-02-03,5.981530666351318,6.000943726722339,5.860073001776893,5.866295112166753,255564000,0.01649520307653951,0.016360635016142277,1.649520307653951,1.6360635016142278
2020-02-04,6.15077543258667,6.169940219855815,6.073371453032142,6.12339804667602,271544000,0.028294557977847745,0.027901660987567262,2.8294557977847745,2.790166098756726
2020-02-05,6.241121292114258,6.281938851591867,6.157743488432498,6.271734343043309,208220000,0.014688531636017466,0.014581700017700568,1.4688531636017466,1.4581700017700567
2020-02-06,6.327983379364014,6.327983379364014,6.194330704477738,6.275468324748292,218284000,0.013917705358411636,0.013821743451811194,1.3917705358411636,1.3821743451811193
2020-02-07,6.261778831481934,6.3100632069700815,6.236391936795416,6.287911980673991,189752000,-0.010462187384685295,-0.010517300808793945,-1.0462187384685295,-1.0517300808793946
2020-02-10,6.545014381408691,6.545760635986493,6.279450290508295,6.284428169326887,529608000,0.045232442337751255,0.044239293541345814,4.5232442337751255,4.423929354134581
2020-02-11,6.66746711730957,6.782204708941897,6.591307374736193,6.653280684758316,638556000,0.01870931502438089,0.018536448603078393,1.870931502438089,1.8536448603078393
2020-02-12,6.783201694488525,6.789673033380184,6.681406280470489,6.720232889670155,374644000,0.017358102431205724,0.01720917153950356,1.7358102431205724,1.7209171539503558
2020-02-13,6.739395618438721,6.806595557928401,6.697831327462878,6.725209186080892,528016000,-0.006458023514971933,-0.006478966765528374,-0.6458023514971933,-0.6478966765528374
2020-02-14,7.2125325202941895,7.3414565446723685,7.118203946999055,7.149563729349154,1041924000,0.07020464870187837,0.0678498906549083,7.020464870187837,6.78498906549083
2020-02-18,7.381278038024902,7.399696093409035,7.089830042236733,7.109243103654299,620164000,0.023396153467025282,0.02312665879963854,2.3396153467025282,2.312665879963854
2020-02-19,7.832512378692627,7.85018370495676,7.503731241571927,7.503731241571927,694332000,0.06113227795283893,0.05933652476642276,6.113227795283893,5.933652476642276
2020-02-20,7.683180332183838,7.872832958406956,7.375803197693167,7.78447774536213,810052000,-0.019065663645170594,-0.019249757075163812,-1.9065663645170594,-1.9249757075163811
2020-02-21,7.319055080413818,7.596067859152949,7.234184304281981,7.570930193121083,768180000,-0.04739251664375832,-0.048552334928994224,-4.739251664375832,-4.855233492899423
2020-02-24,6.801616191864014,7.015411434312729,6.670203258779613,6.724709737855913,856916000,-0.07069749890726995,-0.07332097304967913,-7.069749890726995,-7.332097304967913
2020-02-25,6.522115230560303,6.938754022182925,6.420319858510135,6.876780723963402,1055496000,-0.04109331567959473,-0.04196151402564289,-4.109331567959473,-4.196151402564289
2020-02-26,6.661492347717285,6.855625309562703,6.5208708601730585,6.52236384374054,747732000,0.02136992558854378,0.021144790494550248,2.136992558854378,2.1144790494550247
2020-02-27,6.290678024291992,6.649291628111661,6.1982851759293744,6.347956450769954,906416000,-0.05566535305746634,-0.0572746767767157,-5.566535305746633,-5.72746767767157
2020-02-28,6.72574520111084,6.785265150014575,6.021468476636293,6.038153822353874,1133252000,0.06916061752625047,0.06687387101488813,6.916061752625047,6.687387101488813
2020-03-02,6.884132385253906,6.913020969707429,6.499868326967326,6.89583734921365,890744000,0.02354938812087415,0.023276379103400253,2.354938812087415,2.3276379103400253
2020-03-03,6.621647357940674,6.999685572996747,6.536227533507572,6.939916728422714,652792000,-0.03812899180664886,-0.03887492442401034,-3.812899180664886,-3.887492442401034
2020-03-04,7.085354328155518,7.094817764212099,6.654270899500302,6.7289823117891885,597408000,0.0700289437278423,0.06768569832090111,7.00289437278423,6.768569832090112
2020-03-05,6.805935382843018,7.052730968165958,6.761357526790429,6.885876083361158,540328000,-0.03943612872007762,-0.04023480103551222,-3.9436128720077623,-4.023480103551222
2020-03-06,6.625383377075195,6.683907250630591,6.425157325422228,6.626379453327108,515412000,-0.026528610045721712,-0.026886843451996826,-2.652861004572171,-2.6886843451996825
2020-03-09,6.112367630004883,6.460023449528423,5.931566710825775,5.974400843675041,614160000,-0.0774318583352358,-0.08059403949216842,-7.74318583352358,-8.059403949216842
2020-03-10,6.501860618591309,6.501860618591309,6.126063912354889,6.388797656327091,580648000,0.06372211427114616,0.06177418601062553,6.372211427114616,6.177418601062553
2020-03-11,6.138017177581787,6.39029187874802,6.040892861634512,6.361901569855591,499964000,-0.05595989553654135,-0.057586630197237046,-5.595989553654135,-5.758663019723705
2020-03-12,5.386920928955078,5.8802631082003245,5.374219890329719,5.614789598406931,816540000,-0.12236789616196886,-0.13052778928861455,-12.236789616196885,-13.052778928861455
2020-03-13,5.997809886932373,6.002292467677353,5.469104284331,5.7403054069086545,634836000,0.11340225075399268,0.10742041827950109,11.340225075399267,10.742041827950109
2020-03-16,4.891088485717773,5.6307289757681565,4.831319638794608,5.289796840505628,726972000,-0.18452092048229973,-0.2039795108151786,-18.45209204822997,-20.39795108151786
2020-03-17,5.410829067230225,5.500233677807778,4.756608858076544,5.003404438318646,833632000,0.1062627640105307,0.10098745536205431,10.626276401053069,10.098745536205431
2020-03-18,5.05096960067749,5.2282839626354765,4.499601844322408,4.983231679255495,874268000,-0.06650726941868534,-0.06882210330297353,-6.650726941868534,-6.882210330297353
2020-03-19,5.303742408752441,5.397380205126947,4.816127806886553,5.029552176548578,765512000,0.050044412866996124,0.048832461243465894,5.004441286699612,4.88324612434659
2020-03-20,5.123939037322998,5.735822960901085,5.10849866717156,5.45391294297646,804636000,-0.03390122626105008,-0.03448919974945911,-3.3901226261050077,-3.448919974945911
2020-03-23,5.29677152633667,5.391157019806967,4.94388588993425,5.122943587110196,643876000,0.03373039525934107,0.03317400249331166,3.3730395259341073,3.3174002493311665
2020-03-24,6.205506324768066,6.292171604857981,5.679291186682041,5.70294954037005,1101644000,0.1715639033915235,0.1583395258275781,17.15639033915235,15.83395258275781
2020-03-25,6.116849899291992,6.520289773591496,6.068038360857843,6.320561989030691,793432000,-0.014286735172957532,-0.014389773135346466,-1.4286735172957532,-1.4389773135346466
2020-03-26,6.40623140335083,6.530251693453912,6.225928288320753,6.324048693944389,696108000,0.04730891043972374,0.046223931771582384,4.730891043972374,4.622393177158238
2020-03-27,6.293913841247559,6.552663238248432,6.193053660221969,6.225926544778391,638828000,-0.017532548394134317,-0.017688063923993063,-1.7532548394134317,-1.7688063923993063
2020-03-30,6.614176273345947,6.623390809349524,6.315331566479305,6.359411144117115,602252000,0.050884463972088234,0.04963215623468764,5.088446397208823,4.9632156234687645
2020-03-31,6.56461763381958,6.8584814665930685,6.418930693842656,6.654270660343303,949960000,-0.007492790859850551,-0.007521002829892472,-0.7492790859850551,-0.7521002829892472
2020-04-01,6.053343772888184,6.513066364473172,6.008766400221248,6.366632732890536,656912000,-0.07788326593424377,-0.08108345382407652,-7.788326593424378,-8.108345382407652
2020-04-02,6.362149238586426,6.375348075802815,6.034416510248289,6.082480379734553,675764000,0.051014030804152455,0.049755441762081416,5.1014030804152455,4.975544176208142
2020-04-03,6.074263572692871,6.366134774325188,5.936795093852247,6.32454562778288,663212000,-0.045249750532025956,-0.046305491585135236,-4.524975053202596,-4.6305491585135234
2020-04-06,6.684155464172363,6.721013131709734,6.298894869543771,6.356422660936497,727884000,0.10040589845677572,0.09567911033815436,10.040589845677573,9.567911033815436
2020-04-07,6.450809001922607,6.929458605024685,6.407725493136537,6.905799772742966,784520000,-0.034910388230871114,-0.03553432001763276,-3.4910388230871114,-3.5534320017632757
2020-04-08,6.648045063018799,6.672948867099333,6.489906453358047,6.559885910074075,542444000,0.030575399308429008,0.030117286365520576,3.0575399308429008,3.0117286365520575
2020-04-09,6.548430442810059,6.7967203623339065,6.485423993071213,6.773809185156452,525564000,-0.014984047079173446,-0.015097442082492512,-1.4984047079173446,-1.5097442082492512
2020-04-13,6.720266342163086,6.728982602723563,6.40025370444109,6.488661761554823,398408000,0.026240776450744407,0.02590239411998961,2.6240776450744407,2.590239411998961
2020-04-14,7.071408748626709,7.105526615595516,6.820877290444887,6.848520424449045,530948000,0.052251263355523436,0.050931929290795305,5.225126335552344,5.093192929079531
2020-04-15,6.993957042694092,7.076886433315747,6.857982919107444,6.903307468636154,366148000,-0.01095279719867115,-0.01101322069115235,-1.095279719867115,-1.101322069115235
2020-04-16,7.339122295379639,7.446208311676407,7.136157424957222,7.149356264291328,745620000,0.04935192632418395,0.04817276059047396,4.935192632418395,4.817276059047396
2020-04-17,7.279852390289307,7.442722481918117,7.145870407649511,7.421305181719066,539120000,-0.008075884650082132,-0.008108671246346816,-0.8075884650082132,-0.8108671246346816
2020-04-20,7.148609638214111,7.309238675011775,7.104281161663931,7.153341593716966,449388000,-0.01802821610095584,-0.01819270434084271,-1.802821610095584,-1.819270434084271
2020-04-21,6.711799144744873,7.091829539403619,6.652030295879827,7.0305668136923725,735160000,-0.06110425881057957,-0.06305083768551098,-6.110425881057957,-6.305083768551098
2020-04-22,7.12619686126709,7.169031464681237,6.858482252430744,6.904055709260202,483356000,0.061741674264295776,0.05991064865876163,6.174167426429578,5.991064865876163
2020-04-23,7.072903633117676,7.300274570202206,7.0477509235936,7.168285189036379,424160000,-0.007478495077658853,-0.007506599227475369,-0.7478495077658853,-0.7506599227475369
2020-04-24,7.21186637878418,7.213858531485398,6.987981950212622,7.0626933765160675,352328000,0.019647199067697407,0.01945668419780235,1.9647199067697407,1.945668419780235
2020-04-27,7.398396015167236,7.55827792172572,7.321692429076704,7.346347339784645,479388000,0.025864266832756222,0.02553544446169087,2.586426683275622,2.553544446169087
2020-04-28,7.255944728851318,7.575708458016222,7.250466072354914,7.545823797580013,442904000,-0.01925434729688469,-0.019442126527213506,-1.9254347296884688,-1.9442126527213506
2020-04-29,7.432762145996094,7.485557989512816,7.315465493772328,7.3906747163764015,379160000,0.024368627897854322,0.024076450018615265,2.4368627897854322,2.4076450018615265
2020-04-30,7.2788567543029785,7.432761694690941,7.26491073705107,7.378720402839211,375916000,-0.020706352318299537,-0.020923734867153876,-2.0706352318299537,-2.0923734867153874
2020-05-01,7.042272090911865,7.194682696316542,6.993958825799791,7.0813708186054525,342096000,-0.032502997569124226,-0.03304295234566051,-3.2502997569124226,-3.304295234566051
2020-05-04,7.254201412200928,7.267898528320557,6.9949537071019074,6.9949537071019074,317556000,0.030093884268197924,0.02964994786260552,3.0093884268197924,2.964994786260552
2020-05-05,7.315216064453125,7.477837263737754,7.254201764682971,7.358299567249931,368896000,0.008410939920909355,0.008375765063844413,0.8410939920909355,0.8375765063844413
2020-05-06,7.416075706481934,7.520920683811323,7.356805134500558,7.3946588804721864,323464000,0.013787650445339139,0.01369346553127546,1.378765044533914,1.369346553127546
2020-05-07,7.59239387512207,7.655649225730638,7.503985819448694,7.555287305768912,373732000,0.02377513062414227,0.023496903502064067,2.377513062414227,2.349690350206407
2020-05-08,7.782408714294434,7.7886345462657625,7.630247043912532,7.664116006837052,339216000,0.025026999691755147,0.024718953406137115,2.5026999691755147,2.4718953406137114
2020-05-11,8.03443431854248,8.0812532199306,7.748788480019479,7.777427686453684,469060000,0.032384010336688585,0.03187070088563103,3.2384010336688585,3.187070088563103
2020-05-12,7.772448539733887,8.141023375309084,7.762736201938465,8.09221231100344,493060000,-0.03260786863413179,-0.03315135242221111,-3.2607868634131787,-3.315135242221111
2020-05-13,7.750034809112549,8.047384694158001,7.565498035666604,7.887005024962632,625852000,-0.00288374126978852,-0.0028879072626687725,-0.288374126978852,-0.28879072626687724
2020-05-14,7.999571800231934,8.00505045797111,7.6578924175740655,7.811548484629332,602312000,0.0321981768166999,0.03169068042275299,3.2198176816699897,3.169068042275299
2020-05-15,8.458047866821289,8.467759729126763,7.843673063373936,7.859362333253121,987660000,0.05731257597763695,0.05573038311257713,5.731257597763695,5.573038311257713
2020-05-18,8.716547012329102,8.882156904458133,8.64706583172189,8.726757624174741,774460000,0.030562506807491285,0.030104776284657346,3.0562506807491285,3.0104776284657344
2020-05-19,8.77158260345459,9.052495972578516,8.728996912656147,8.756391138900685,717320000,0.006313921217615537,0.006294071924479236,0.6313921217615537,0.6294071924479236
2020-05-20,8.93545150756836,9.008170295929782,8.854514259220592,8.956370532987304,587536000,0.018681794554295417,0.018509433200922406,1.8681794554295417,1.8509433200922405
2020-05-21,8.74145221710205,9.01763371676121,8.703847369492491,9.016638115500731,761068000,-0.02171119056513149,-0.02195034637098249,-2.171119056513149,-2.195034637098249
2020-05-22,8.991482734680176,9.057976152602318,8.679688616186626,8.791256730151972,1038764000,0.028602858125673647,0.02820143301092725,2.8602858125673647,2.820143301092725
2020-05-26,8.684172630310059,9.14638620409018,8.638599173736333,9.121481923174644,770780000,-0.034177911857053433,-0.03477563549675527,-3.4177911857053433,-3.477563549675527
2020-05-27,8.492411613464355,8.59949665505299,7.965946813184919,8.591776948450411,1175892000,-0.02208166799637379,-0.022329117542832077,-2.208166799637379,-2.2329117542832075
2020-05-28,8.454312324523926,8.72675841529531,8.346976440269852,8.379849331386758,734896000,-0.004486274414681524,-0.004496367943282653,-0.44862744146815237,-0.44963679432826525
2020-05-29,8.841315269470215,8.841315269470215,8.452319232440864,8.521551519120809,745256000,0.045775804121133135,0.04475900626513089,4.5775804121133135,4.47590062651309
2020-06-01,8.772331237792969,8.806698478293196,8.656031150738611,8.799227669489188,389876000,-0.0078024625946157,-0.007833061072124363,-0.78024625946157,-0.7833061072124362
2020-06-02,8.791258811950684,8.803212676992109,8.624653302312682,8.762371175601668,391320000,0.0021576447177655833,0.0021553203452477827,0.21576447177655833,0.21553203452477826
2020-06-03,8.735722541809082,8.832100150941315,8.666490263414596,8.788269951310621,365440000,-0.006317214784543279,-0.006337252820152798,-0.6317214784543279,-0.6337252820152798
2020-06-04,8.736720085144043,8.912868885632555,8.64802172457108,8.698350089058458,424280000,0.0001141912795634692,0.00011418476023560056,0.01141912795634692,0.011418476023560057
2020-06-05,8.889697074890137,8.966435156134487,8.678417387195601,8.764623696893707,481748000,0.017509659031679004,0.017358131195382688,1.7509659031679004,1.735813119538269
2020-06-08,8.775090217590332,8.859551551083284,8.656245006553949,8.847094202962607,387736000,-0.012892099284634084,-0.012975923623792126,-1.2892099284634084,-1.2975923623792125
2020-06-09,9.01526927947998,9.078802979895228,8.721521314930497,8.770105629826103,468488000,0.027370551861471526,0.027002675861844842,2.7370551861471526,2.7002675861844843
2020-06-10,9.334931373596191,9.467728965584438,9.12240561372201,9.136607959914695,632180000,0.035457853138542106,0.03484369908265609,3.5457853138542106,3.484369908265609
2020-06-11,8.766368865966797,9.229788430093894,8.756153594691645,9.118916430156073,583652000,-0.060906983123365066,-0.0628407451734096,-6.090698312336507,-6.28407451734096
2020-06-12,8.902154922485352,9.156039751688114,8.673683762718444,9.13137407424321,570908000,0.015489429956080158,0.015370693275199932,1.5489429956080158,1.5370693275199931
2020-06-15,9.142586708068848,9.151057932425964,8.714047113327261,8.785305003482147,400004000,0.027008267961750043,0.02664998150968234,2.7008267961750043,2.664998150968234
2020-06-16,9.03769302368164,9.23527031783515,8.808723825272349,9.19366219211201,535716000,-0.011473086090026618,-0.011539409721402487,-1.1473086090026618,-1.1539409721402487
2020-06-17,9.204623222351074,9.267408922984542,9.039435811792522,9.082788929393113,408304000,0.018470443533767256,0.018301936660079857,1.8470443533767256,1.8301936660079856
2020-06-18,9.186688423156738,9.250969183096228,9.083539630190096,9.195657676798437,254408000,-0.001948455549031669,-0.0019503562579107597,-0.1948455549031669,-0.19503562579107597
2020-06-19,9.229789733886719,9.412915700228654,9.195905784531032,9.211104186655707,524160000,0.004691713569095812,0.004680741785249452,0.4691713569095812,0.4680741785249452
2020-06-22,9.494385719299316,9.498870819857128,9.241746914536822,9.268406603167174,398468000,0.02866760706813798,0.028264379467002106,2.866760706813798,2.8264379467002105
2020-06-23,9.417899131774902,9.609745343124262,9.375543956112791,9.518555877885476,375108000,-0.008055980638003724,-0.008088605384376644,-0.8055980638003724,-0.8088605384376644
2020-06-24,9.204126358032227,9.524035985710388,9.113434939664412,9.44405786596491,449372000,-0.022698562678531098,-0.02296014093192187,-2.26985626785311,-2.296014093192187
2020-06-25,9.457761764526367,9.472711150928301,9.15105745767166,9.32396813027202,376072000,0.027556706267162223,0.027183854446598682,2.7556706267162223,2.718385444659868
2020-06-26,9.123899459838867,9.467727733110355,9.094001638382315,9.467727733110355,592084000,-0.03530035044229296,-0.03593847007126263,-3.530035044229296,-3.593847007126263
2020-06-29,9.168747901916504,9.17323300343453,8.869766795785965,9.138601062533104,342248000,0.004915490605201134,0.004903449025316481,0.4915490605201134,0.49034490253164814
2020-06-30,9.465486526489258,9.49388931691423,9.23502227034489,9.282360571198074,367892000,0.032364138238627715,0.03185145195391488,3.2364138238627715,3.185145195391488
2020-07-01,9.497624397277832,9.543219591160486,9.381022242501066,9.48840613314034,326648000,0.0033952687691896077,0.0033895178577656223,0.3395268769189608,0.3389517857765622
2020-07-02,9.579596519470215,9.704420895402581,9.545711625606168,9.606255259176056,364056000,0.008630802689552297,0.008593770239314076,0.8630802689552297,0.8593770239314076
2020-07-06,9.805825233459473,9.875089108391597,9.679505816564967,9.708656597453645,315892000,0.023615682928759707,0.023341146531143383,2.3615682928759707,2.334114653114338
2020-07-07,9.838213920593262,10.035790250265816,9.817285352287557,9.912460915483056,357800000,0.0033030047306239485,0.003297561792572264,0.33030047306239485,0.3297561792572264
2020-07-08,10.181295394897461,10.190265597048889,9.931646628346138,9.959800403312192,365480000,0.03487233323785155,0.03427806958050779,3.487233323785155,3.427806958050779
2020-07-09,10.473299980163574,10.534092629423608,10.198735577365294,10.344987505440661,494548000,0.02868049437132103,0.028276907539596337,2.868049437132103,2.827690753959634
2020-07-10,10.443652153015137,10.619053927193539,10.343493443043974,10.552780115287433,497676000,-0.0028308009132356204,-0.0028348152077096135,-0.28308009132356204,-0.28348152077096134
2020-07-13,10.018101692199707,10.755587630848778,9.990943973478354,10.559008288759605,457076000,-0.040747284051640076,-0.041600718534236025,-4.074728405164008,-4.160071853423602
2020-07-14,10.34174919128418,10.367411878218995,9.752258235184744,10.04077503952507,542676000,0.032306270092713474,0.03179539637652501,3.2306270092713474,3.1795396376525007
2020-07-15,10.192505836486816,10.397556370961903,10.021588255162705,10.378870829265354,403984000,-0.014431152026307403,-0.014536293871947738,-1.4431152026307403,-1.4536293871947739
2020-07-16,10.100319862365723,10.17207481017526,9.861882477213014,9.98097666287965,344964000,-0.009044485782003564,-0.009085635449840439,-0.9044485782003564,-0.9085635449840439
2020-07-17,10.166845321655273,10.213685593661825,10.053482225991832,10.19076396064472,266284000,0.006586470547079282,0.0065648745257847075,0.6586470547079282,0.6564874525784707
2020-07-20,10.475044250488281,10.495474793400428,10.12224671574614,10.239347866244826,284852000,0.030314116039175554,0.029863722776878314,3.0314116039175554,2.986372277687831
2020-07-21,10.293415069580078,10.524129314223586,10.251806935143245,10.477288085807832,277036000,-0.017339228032352882,-0.017491313035083104,-1.7339228032352882,-1.7491313035083105
2020-07-22,10.403290748596191,10.566484200079644,10.256540769041845,10.332282816609865,367292000,0.010674365919705942,0.01061779707743076,1.0674365919705942,1.061779707743076
2020-07-23,10.095341682434082,10.51117405513874,9.99717601470201,10.414503421490442,411660000,-0.029601120799557012,-0.03004807634014114,-2.9601120799557012,-3.004807634014114
2020-07-24,10.159869194030762,10.329540792966707,9.743787900157928,9.841454567795491,473292000,0.006391810562386135,0.006371469572411204,0.6391810562386135,0.6371469572411204
2020-07-27,10.386100769042969,10.406281353366168,10.183042252607084,10.197493615327108,292132000,0.022267173985382138,0.02202288030284033,2.226717398538214,2.2022880302840333
2020-07-28,10.18079662322998,10.346731094386874,10.17456842547589,10.33900786305012,271636000,-0.019767201414502167,-0.01996518595091412,-1.9767201414502167,-1.9965185950914122
2020-07-29,10.429949760437012,10.480527147935394,10.31185253482395,10.355453730943246,284508000,0.024472852805892176,0.024178190352466725,2.4472852805892176,2.4178190352466724
2020-07-30,10.5779447555542,10.586914007838889,10.260277163298035,10.339756314835071,308880000,0.01418942550217861,0.014089697882085748,1.418942550217861,1.4089697882085748
2020-07-31,10.578691482543945,10.729926548729097,10.397558592820966,10.527366109282356,386080000,7.059282374810572e-05,7.059033219197998e-05,0.0070592823748105715,0.007059033219197998
2020-08-03,10.972846031188965,11.061045401487899,10.678848130192517,10.696039589259609,412720000,0.0372592914062595,0.03658193792150766,3.72592914062595,3.6581937921507657
2020-08-04,11.189608573913574,11.189608573913574,10.868951887154713,11.012462764883185,310336000,0.019754450404980473,0.01956186341780511,1.9754450404980473,1.9561863417805108
2020-08-05,11.248409271240234,11.333120568178716,11.12831899195888,11.205805084089427,249924000,0.005254937823628847,0.005241178818625116,0.5254937823628847,0.5241178818625115
2020-08-06,11.29699420928955,11.319417817066762,11.140776947021354,11.311195605780336,244316000,0.004319271896830568,0.0043099706155283095,0.43192718968305677,0.43099706155283096
2020-08-07,11.161457061767578,11.46567034057355,11.000007648007522,11.27407313407633,342516000,-0.01199762919330527,-0.012070181635230534,-1.199762919330527,-1.2070181635230535
2020-08-10,11.1270751953125,11.369498828273327,10.81962280521752,11.295750781195464,427796000,-0.003080410224651553,-0.0030851644540559114,-0.3080410224651553,-0.30851644540559114
2020-08-11,10.813142776489258,11.098918523004569,10.759076349780809,11.036131858187444,354512000,-0.028213381622107847,-0.028619027039394652,-2.8213381622107847,-2.861902703939465
2020-08-12,11.401388168334961,11.428046911514224,10.92102515984254,10.953415024322775,464412000,0.05440096408647355,0.05297279911173621,5.440096408647355,5.2972799111736215
2020-08-13,11.40412712097168,11.681930604747086,11.317173759001438,11.506776910592965,374460000,0.0002402297506478579,0.00024020090010172358,0.02402297506478579,0.024020090010172357
2020-08-14,11.524717330932617,11.664989136086199,11.401636988520456,11.490832433229327,366436000,0.010574260413072523,0.010518743942243832,1.0574260413072523,1.0518743942243831
2020-08-17,12.295090675354004,12.367593632314799,11.777106641549244,11.810990587312567,621300000,0.06684531362462898,0.0647059886371963,6.684531362462898,6.47059886371963
2020-08-18,12.219099998474121,12.453551324655562,12.045193262326693,12.407707107828923,503448000,-0.006180570675432984,-0.006199749467124116,-0.6180570675432984,-0.6199749467124116
2020-08-19,12.097264289855957,12.273164067350274,12.056901234463606,12.254727537527799,622624000,-0.00997092327858673,-0.010020965859133979,-0.997092327858673,-1.002096585913398
2020-08-20,12.099756240844727,12.33296153702045,11.838397169779482,11.934320736199705,921388000,0.00020599293601097912,0.00020597172237932476,0.020599293601097912,0.020597172237932476
2020-08-21,12.640414237976074,12.765238624874097,12.153822101047279,12.160300263755312,999868000,0.04468337926563071,0.04371385315845827,4.468337926563071,4.371385315845827
2020-08-24,12.677038192749023,12.868635351563046,12.46501049196165,12.839982599940852,490564000,0.002897369823760876,0.0028931805378027693,0.2897369823760876,0.2893180537802769
2020-08-25,12.70668888092041,12.717900209018433,12.531037137240192,12.587843670733813,289076000,0.002338928677231955,0.002336197641190057,0.2338928677231955,0.2336197641190057
2020-08-26,12.729612350463867,12.824787947806714,12.63468576705669,12.755773070232008,321244000,0.001804047439760481,0.0018024221006769736,0.1804047439760481,0.18024221006769736
2020-08-27,12.585351943969727,12.806348917519589,12.523811298192753,12.738081095050577,317604000,-0.011332662969024687,-0.011397366903736793,-1.1332662969024687,-1.1397366903736792
2020-08-28,13.103086471557617,13.103335485435085,12.599552848710347,12.63194271103962,537160000,0.04113786645720019,0.040314217422194557,4.113786645720019,4.031421742219456
2020-08-31,13.329066276550293,13.528884701935283,12.993460206549758,13.137967138426383,500840000,0.01724630341738198,0.01709927399518006,1.724630341738198,1.7099273995180062
2020-09-01,13.778172492980957,13.95038670747902,13.3948634543155,13.438228606135906,511316000,0.033693749217885705,0.03313855157574635,3.3693749217885705,3.313855157574635
2020-09-02,14.302044868469238,14.681116564248631,13.856927663087648,14.658187119451874,874012000,0.03802190571755126,0.03731688829514955,3.8021905717551263,3.731688829514955
2020-09-03,12.975168228149414,13.841474893223765,12.838841762272093,13.785897755272424,945128000,-0.0927753095814362,-0.09736513030915449,-9.27753095814362,-9.736513030915448
2020-09-04,12.583385467529297,13.134173137133722,11.668479059045653,12.744134944953624,1463684000,-0.03019481163798332,-0.030660064395296324,-3.019481163798332,-3.0660064395296325
2020-09-08,11.876081466674805,12.51110747382029,11.667978615527215,11.698134467030483,795728000,-0.05620935659005677,-0.057850913481369816,-5.620935659005677,-5.785091348136982
2020-09-09,12.675600051879883,12.769557724636103,12.193846887519623,12.3615756131912,736200000,0.06732174980851968,0.06515247307599091,6.732174980851968,6.515247307599091
2020-09-10,12.273598670959473,13.024763704510125,12.129296630055405,12.94899900089753,698684000,-0.03171458386782966,-0.032228383789475394,-3.171458386782966,-3.2228383789475394
2020-09-11,12.126806259155273,12.613294016291684,11.858888841112012,12.446811679539705,636928000,-0.011960013989338325,-0.012032110382515008,-1.1960013989338325,-1.2032110382515009
2020-09-14,12.83236026763916,13.273738223310861,12.592107869364126,13.040464102573118,1201744000,0.05818135405199709,0.05655173089416936,5.818135405199709,5.655173089416936
2020-09-15,12.950743675231934,13.257539768805044,12.787999584615463,13.23884768114521,727556000,0.009225380609934497,0.009183086705483387,0.9225380609934497,0.9183086705483388
2020-09-16,12.47571849822998,13.05217649163563,12.474971233114562,12.917096438036799,556384000,-0.036679374475647286,-0.03736897812798918,-3.6679374475647286,-3.736897812798918
2020-09-17,12.424878120422363,12.55073716303664,11.99745669318927,12.094654408006981,792512000,-0.004075146278335051,-0.004083472314505188,-0.4075146278335051,-0.40834723145051877
2020-09-18,12.151477813720703,12.593353969240907,11.951599589222688,12.554724352386739,698460000,-0.022004264673814444,-0.022249969563999425,-2.2004264673814444,-2.2249969563999423
2020-09-21,12.478461265563965,12.483694973903694,11.867610018715604,11.88804667529522,721044000,0.02690894530326604,0.026553266162130884,2.690894530326604,2.655326616213088
2020-09-22,12.598587036132812,12.608805364071547,12.117832199845257,12.536031626594971,646452000,0.009626649312952651,0.009580608368641273,0.9626649312952651,0.9580608368641272
2020-09-23,12.086182594299316,12.68756384155978,12.04182108464414,12.536532585825412,647012000,-0.04067158010369876,-0.04152180193637499,-4.067158010369876,-4.1521801936374985
2020-09-24,12.309737205505371,12.530551245753601,11.976772526129258,12.034842454564467,731240000,0.018496709731284255,0.018327726175120736,1.8496709731284255,1.8327726175120735
2020-09-25,12.833856582641602,12.843576734436919,12.20780331992882,12.408927939676413,588016000,0.04257762520728914,0.0416961325492575,4.257762520728914,4.16961325492575
2020-09-28,12.994606018066406,13.011304446570705,12.710489349429492,12.999839726157738,573808000,0.012525419338270227,0.012447625202698116,1.2525419338270227,1.2447625202698116
2020-09-29,13.184765815734863,13.401093380463369,12.893172675497496,12.897409079611174,621460000,0.014633748603388064,0.014527708561364467,1.4633748603388064,1.4527708561364467
2020-09-30,13.48857307434082,13.580287998989844,13.109501388400432,13.116728755297382,689184000,0.023042294633962346,0.02278082984307449,2.3042294633962346,2.2780829843074493
2020-10-01,13.572310447692871,13.720100667181514,13.41903648100408,13.715366086554479,525004000,0.006208023108933869,0.0061888327154579975,0.6208023108933869,0.6188832715457998
2020-10-02,13.021772384643555,13.477605085052133,13.01055675215891,13.184018292696402,552496000,-0.04056332672105223,-0.04140896542173709,-4.056332672105222,-4.140896542173709
2020-10-05,13.600224494934082,13.601969064421914,13.18177500481166,13.194984295527707,479820000,0.04442191839973253,0.04346354421753939,4.442191839973253,4.346354421753939
2020-10-06,13.69393253326416,14.098176363229637,13.622654275454853,13.787142928368265,784420000,0.006890183199915745,0.0068665543635664785,0.6890183199915745,0.6866554363566478
2020-10-07,13.920724868774414,14.075494291699513,13.820536214991103,13.956364466280393,418084000,0.016561519852631656,0.016425873506901275,1.6561519852631656,1.6425873506901274
2020-10-08,13.795866012573242,14.040854902094079,13.71536672951191,14.031383838958014,378900000,-0.008969278351391274,-0.009009744478160202,-0.8969278351391274,-0.9009744478160202
2020-10-09,13.720101356506348,13.781411326549797,13.618418151320464,13.724338711308537,346892000,-0.005491837627144558,-0.005506973207608171,-0.5491837627144558,-0.5506973207608171
2020-10-12,14.181914329528809,14.302539646954472,13.869386394451777,13.946147441512323,434744000,0.033659589023623315,0.03310550430353253,3.3659589023623315,3.310550430353253
2020-10-13,14.204096794128418,14.304036377631371,13.975308163127476,14.252197472284319,344604000,0.0015641375405450741,0.0015629155514955487,0.15641375405450741,0.15629155514955487
2020-10-14,14.051573753356934,14.298306302804775,13.91674275574327,14.246218299016471,276100000,-0.01073796123626336,-0.01079602920385752,-1.073796123626336,-1.079602920385752
2020-10-15,13.926711082458496,13.962349740225548,13.725087320362046,13.76795429576776,267224000,-0.008886027507673866,-0.00892574370464206,-0.8886027507673866,-0.892574370464206
2020-10-16,13.768697738647461,14.077737466520528,13.74975656643437,13.99324993195943,242392000,-0.011346063178553467,-0.011410920805883285,-1.1346063178553467,-1.1410920805883285
2020-10-19,13.45592212677002,13.940166083947265,13.365203571296206,13.859915895125678,298068000,-0.0227164266232317,-0.022978419947266123,-2.27164266232317,-2.297841994726612
2020-10-20,13.603215217590332,13.756987368926554,13.465144191368136,13.541407070698842,229212000,0.010946339420861984,0.010886861894662179,1.0946339420861984,1.0886861894662179
2020-10-21,13.482840538024902,13.748764292958706,13.435737157219936,13.582780136172405,219596000,-0.008848987363647143,-0.008888372168234045,-0.8848987363647143,-0.8888372168234046
2020-10-22,13.319598197937012,13.56957078572013,13.190748181393985,13.480597733471686,290480000,-0.012107414578367726,-0.012181306353505027,-1.2107414578367726,-1.2181306353505026
2020-10-23,13.548135757446289,13.551126719467236,13.250062529011627,13.408320166954695,233484000,0.01715799201395396,0.01701245604686781,1.715799201395396,1.701245604686781
2020-10-26,13.100526809692383,13.650318109771362,12.998095392130589,13.385391699339385,336896000,-0.03303841619005721,-0.03359651150522432,-3.3038416190057207,-3.3596511505224322
2020-10-27,13.355236053466797,13.400345770075305,13.150621352779737,13.264766581144487,250520000,0.019442671846293003,0.019256077814525454,1.9442671846293003,1.9256077814525454
2020-10-28,12.587870597839355,13.218909394525857,12.569926727116144,13.157101249805214,376520000,-0.05745802264784727,-0.05917482234710074,-5.745802264784727,-5.917482234710074
2020-10-29,12.983641624450684,13.151868514765228,12.710490523520622,12.798716304089377,320080000,0.031440665324225625,0.030956529164278036,3.1440665324225625,3.0956529164278037
2020-10-30,12.495160102844238,12.896412039377154,12.261885015446573,12.810180868510429,416820000,-0.03762284386273729,-0.03834885095285718,-3.7622843862737287,-3.834885095285718
2020-11-02,12.541765213012695,12.796971486220077,12.35659080784414,12.618526270619803,299652000,0.0037298529818636794,0.003722914328316845,0.37298529818636794,0.3722914328316845
2020-11-03,12.979154586791992,13.064389401209851,12.563696069043367,12.669118451633498,272900000,0.03487462620696191,0.03428028528045111,3.487462620696191,3.4280285280451106
2020-11-04,13.751502990722656,13.784650759606524,13.295670305102623,13.347758298035835,410228000,0.059506834498807004,0.057803549388570186,5.9506834498807,5.780354938857019
2020-11-05,14.116120338439941,14.294565548026274,13.947644368672051,14.11861312375407,319028000,0.02651472700571511,0.026169304189051217,2.651472700571511,2.6169304189051217
2020-11-06,14.516876220703125,14.543542941145084,13.851943272038088,14.066027152955076,383348000,0.028389945158789454,0.027994419192206455,2.8389945158789454,2.7994419192206457
2020-11-09,13.58851146697998,14.645974479427236,13.568573936280314,14.50740526601168,582976000,-0.06395072463311113,-0.06608715926748,-6.395072463311113,-6.608715926748
2020-11-10,12.730428695678711,13.56433576054012,12.589117616865419,13.56433576054012,644068000,-0.06314766509830061,-0.06522960265092101,-6.314766509830061,-6.522960265092101
2020-11-11,13.376420021057129,13.393367538571804,12.908125296795578,13.013298590022384,404744000,0.0507438783736871,0.049498368927219275,5.07438783736871,4.949836892721928
2020-11-12,13.41504955291748,13.723341113846628,13.27473578360391,13.437230778580004,365812000,0.0028878826920462064,0.0028837207696617477,0.28878826920462064,0.2883720769661748
2020-11-13,13.255794525146484,13.626392406024213,13.018781223457097,13.585020917023794,346312000,-0.0118713708169913,-0.011942398227666531,-1.18713708169913,-1.194239822766653
2020-11-16,13.473367691040039,13.6072013508254,13.115230905233268,13.131679294091388,413776000,0.016413438325467045,0.016280193869450937,1.6413438325467045,1.6280193869450936
2020-11-17,13.380656242370605,13.554116829342814,13.262523699593226,13.51050259421604,312028000,-0.006881089479290892,-0.006904873344231715,-0.6881089479290892,-0.6904873344231715
2020-11-18,13.387137413024902,13.563588976140519,13.144143118815265,13.423524285055443,510924000,0.0004843686689874893,0.0004842514003497155,0.04843686689874893,0.04842514003497155
2020-11-19,13.398601531982422,13.445704907564874,13.059405888959795,13.17180655068119,565936000,0.0008563532743277591,0.0008559868130611469,0.08563532743277591,0.0855986813061147
2020-11-20,13.047195434570312,13.452684764910122,13.024515078130138,13.412310574058976,341088000,-0.026227072771236926,-0.02657713678166873,-2.6227072771236926,-2.657713678166873
2020-11-23,13.099282264709473,13.341030162070899,12.975167790038975,13.130435427576792,361356000,0.003992185937611525,0.003984238308584479,0.39921859376115254,0.39842383085844796
2020-11-24,12.917598724365234,13.12121520804302,12.845074060237616,13.101775852379744,346500000,-0.01386973245348777,-0.013966815919076501,-1.386973245348777,-1.39668159190765
2020-11-25,13.193737983703613,13.228380285277073,12.979654112179025,12.992115187065773,259916000,0.021376980755527297,0.02115169802378124,2.1376980755527297,2.1151698023781242
2020-11-27,13.2201566696167,13.365954204656186,13.129688136870538,13.333554646789729,167276000,0.0020023655120116057,0.002000363450317139,0.20023655120116057,0.20003634503171389
2020-11-30,13.35997200012207,13.370938545272066,12.932052369557857,13.223895571225766,286952000,0.010575920845681264,0.010520386999374506,1.0575920845681264,1.0520386999374507
2020-12-01,13.348508834838867,13.486828967158198,13.187259257531718,13.450442092292175,296948000,-0.0008580231517774095,-0.0008583914643374425,-0.08580231517774095,-0.08583914643374425
2020-12-02,13.502527236938477,13.631127189230591,13.193238390667995,13.309128181040682,283360000,0.011538247755257025,0.01147218981760166,1.1538247755257025,1.1472189817601661
2020-12-03,13.358434677124023,13.621694304141695,13.291623122358182,13.549397381312977,199520000,-0.010671525210500077,-0.010728874302089651,-1.0671525210500077,-1.072887430208965
2020-12-04,13.520228385925293,13.521973470709733,13.351203372803964,13.410785417444142,202244000,0.012111726614072227,0.0120389665640059,1.2111726614072227,1.20389665640059
2020-12-07,13.568592071533203,13.692743209564702,13.462141895080437,13.563107654973566,223244000,0.0035771352544797796,0.0035707525228993895,0.35771352544797796,0.35707525228993897
2020-12-08,13.312561988830566,13.560614134542899,13.244253571098817,13.54690261860404,271920000,-0.01886931830162286,-0.01904961554835757,-1.8869318301622862,-1.904961554835757
2020-12-09,12.894487380981445,13.376381837972524,12.832162653647892,13.26320049071074,401300000,-0.031404519145142196,-0.03190821467033288,-3.1404519145142196,-3.1908214670332877
2020-12-10,12.935872077941895,13.032101859901006,12.813466022626018,12.83291206940528,207764000,0.003209487569198588,0.0032043481576191266,0.3209487569198588,0.3204348157619127
2020-12-11,12.976757049560547,12.983488226921267,12.787040175578497,12.930885568917091,209264000,0.003160588738997161,0.0031556045775702406,0.3160588738997161,0.31556045775702407
2020-12-14,13.271430015563965,13.351205605047769,13.040828672493594,13.05129918295084,270156000,0.022707750856243214,0.022453767618206118,2.2707750856243214,2.2453767618206117
2020-12-15,13.323034286499023,13.426243461845102,13.14977159927555,13.402061434232618,193016000,0.0038883730596130928,0.0038808328767964634,0.3888373059613093,0.38808328767964634
2020-12-16,13.205364227294922,13.399567920519228,13.175447671879173,13.38485880478983,223116000,-0.008832076588089488,-0.008871310558973755,-0.8832076588089488,-0.8871310558973755
2020-12-17,13.303839683532715,13.341982394739599,13.141545813887706,13.329267523670584,231384000,0.007457231360135319,0.007429563674770102,0.7457231360135319,0.7429563674770102
2020-12-18,13.234781265258789,13.367407711372202,13.033846398297575,13.341480601086888,342064000,-0.005190863684219282,-0.005204383022100681,-0.5190863684219282,-0.520438302210068
2020-12-21,13.294858932495117,13.332503304901532,12.931131976514493,13.038081403576577,302332000,0.004539377420164303,0.00452910552010645,0.45393774201643033,0.45291055201064506
2020-12-22,13.241013526916504,13.299848088352803,13.017392551262413,13.281898915745092,185580000,-0.004050092283943263,-0.004058316120071533,-0.4050092283943263,-0.4058316120071533
2020-12-23,12.97276782989502,13.237772518322112,12.968530174223998,13.218825746792993,179144000,-0.020258698208878934,-0.020466719929944525,-2.0258698208878934,-2.0466719929944523
2020-12-24,12.957311630249023,13.095672613802039,12.902466511804553,13.000689591227811,97884000,-0.0011914342296620584,-0.0011921445516812285,-0.11914342296620584,-0.11921445516812285
2020-12-28,12.863825798034668,13.025870500449853,12.727459998953021,13.025870500449853,212564000,-0.0072149096110424304,-0.007241062943268479,-0.721490961104243,-0.7241062943268479
2020-12-29,12.906952857971191,13.03584092625599,12.806236260344338,12.888754523484122,170372000,0.003352584263315528,0.00334697688201123,0.3352584263315528,0.334697688201123
2020-12-30,13.108885765075684,13.176694914698261,12.860584432443018,12.953821418799093,225396000,0.015645281215990625,0.015524155533866565,1.5645281215990625,1.5524155533866566
2020-12-31,13.018389701843262,13.114120204120733,12.87878196648037,13.099661201740249,192424000,-0.006903413825873672,-0.006927352623666267,-0.6903413825873672,-0.6927352623666267
2021-01-04,13.0767240524292,13.614212986841412,12.926147495048388,13.067500305121046,560640000,0.004480919063106326,0.004470909635100404,0.44809190631063256,0.4470909635100404
2021-01-05,13.367158889770508,13.405799918708546,13.050299979878782,13.063013897871317,322760000,0.022210060881980187,0.021967009684725564,2.2210060881980187,2.1967009684725562
2021-01-06,12.579123497009277,13.207855140807311,12.55070381903022,13.18541820256076,580424000,-0.058953095363016184,-0.06076229511617338,-5.895309536301618,-6.0762295116173375
2021-01-07,13.30657958984375,13.340235478052634,12.850363041122911,12.931135270824335,461480000,0.05783042777244596,0.05622004438298571,5.783042777244596,5.622004438298571
2021-01-08,13.239517211914062,13.383362603495904,13.005425734005303,13.325027318748608,292528000,-0.005039790840079772,-0.005052533417247428,-0.5039790840079772,-0.5052533417247428
2021-01-11,13.58329963684082,13.921847963012926,13.325026156059941,13.381118027153345,518344000,0.025966386796747676,0.02563498480523251,2.5966386796747676,2.563498480523251
2021-01-12,13.446932792663574,13.71592689180554,13.307575183083843,13.713931694212436,291476000,-0.010039301776675114,-0.010090035405836537,-1.0039301776675114,-1.0090035405836537
2021-01-13,13.49380111694336,13.586789879363465,13.34746316660913,13.45216824681422,210028000,0.0034854286105567844,0.003479368581374204,0.34854286105567844,0.3479368581374204
2021-01-14,13.16323471069336,13.561614361959876,13.143540449455568,13.536934007155532,283120000,-0.024497649208341077,-0.024802709089318233,-2.4497649208341077,-2.480270908931823
2021-01-15,12.823437690734863,13.287881316844615,12.812468857865895,13.190904052844246,277780000,-0.025814097174948647,-0.02615312822860907,-2.5814097174948647,-2.615312822860907
2021-01-19,12.988723754882812,13.057280388815155,12.807981463243154,12.979748217546279,226188000,0.012889372423696477,0.012807011428990003,1.2889372423696477,1.2807011428990003
2021-01-20,13.328267097473145,13.392835229598887,13.020133648911958,13.074978758976377,258572000,0.026141393796498935,0.02580554797138837,2.6141393796498935,2.580554797138837
2021-01-21,13.828612327575684,13.959992973771397,13.215835495319384,13.380871079540578,337780000,0.03754015630414531,0.03685267724516746,3.754015630414531,3.6852677245167462
2021-01-22,13.674046516418457,13.802934593706915,13.58903567654734,13.701469552054299,246820000,-0.011177246674925367,-0.011240181494639416,-1.1177246674925367,-1.1240181494639416
2021-01-25,13.614962577819824,13.789721185785888,13.19938129579068,13.74310221612875,251112000,-0.004320881790747966,-0.004330243778233186,-0.4320881790747966,-0.43302437782331865
2021-01-26,13.397573471069336,13.606485325863583,13.34995690590269,13.542415511367036,163980000,-0.015966926497810396,-0.016095771212017124,-1.5966926497810396,-1.6095771212017125
2021-01-27,12.881523132324219,13.195639311128085,12.757870336744448,13.192896627758461,371272000,-0.038518194347616275,-0.03927963701077861,-3.8518194347616275,-3.927963701077861
2021-01-28,13.01440143585205,13.302342356675961,12.924155341787754,12.959805478023089,228316000,0.010315418616482885,0.010262577758912744,1.0315418616482885,1.0262577758912743
2021-01-29,12.953322410583496,13.297355184274961,12.875291917591868,13.038333242858723,271552000,-0.0046931874331380685,-0.004704235016417866,-0.46931874331380685,-0.47042350164178665
2021-02-01,13.199881553649902,13.233536494186444,12.866568401432255,13.016646669284185,217204000,0.019034432653737943,0.018855544301432204,1.9034432653737943,1.8855544301432203
2021-02-02,13.518732070922852,13.533938558603332,13.248242035181995,13.361175169955763,220440000,0.024155558970510915,0.023868428136835606,2.4155558970510915,2.3868428136835607
2021-02-03,13.49255657196045,13.89268122482267,13.478595893291107,13.597759985933012,245408000,-0.0019362391994366401,-0.0019381161337425398,-0.193623919943664,-0.19381161337425398
2021-02-04,13.625931739807129,13.635155488119919,13.300347404064619,13.493055176707028,201340000,0.009885092357059477,0.009836554437371687,0.9885092357059477,0.9836554437371686
2021-02-05,13.552886009216309,13.698726599293336,13.507762965833473,13.686511005543283,169152000,-0.005360787943581302,-0.0053752085274869086,-0.5360787943581302,-0.5375208527486909
2021-02-08,14.398260116577148,14.43316181497627,13.688755187120892,13.688755187120892,434624000,0.062375947586806424,0.06050785978759697,6.237594758680642,6.050785978759697
2021-02-09,14.22325325012207,14.542355599688753,14.182617019413179,14.300535315470242,287560000,-0.012154723212257301,-0.012229195939267901,-1.2154723212257301,-1.22291959392679
2021-02-10,14.722846031188965,14.863201253824297,14.301282039333971,14.422690490908412,485352000,0.03512507105662399,0.034522261017177217,3.512507105662399,3.452226101717722
2021-02-11,15.20798110961914,15.229421401855387,14.883145228492026,14.938240455389991,450828000,0.032951175160187196,0.032419923928687915,3.2951175160187196,3.2419923928687915
2021-02-12,14.919292449951172,15.248366910294168,14.733564091265317,15.007793442217679,374756000,-0.01898270767086707,-0.019165192325309503,-1.8982707670867072,-1.9165192325309504
2021-02-16,15.287259101867676,15.329391251477393,14.908075461379754,15.022005252212074,321960000,0.02466381386053662,0.024364572313517577,2.466381386053662,2.4364572313517576
2021-02-17,14.8641996383667,15.180809395697596,14.738552573585007,15.128455897288585,274756000,-0.027673990522558145,-0.028064130058981444,-2.7673990522558145,-2.8064130058981442
2021-02-18,14.787415504455566,14.83154095008502,14.53412713480313,14.687695554072727,233868000,-0.005165709273235342,-0.0051790976763513965,-0.5165709273235342,-0.5179097676351396
2021-02-19,14.884639739990234,15.134436952105299,14.80511333378198,14.982364478127137,271724000,0.0065747956771333715,0.006553275981602563,0.6574795677133372,0.6553275981602563
2021-02-22,14.315491676330566,15.090811453956276,14.284827635904886,14.733316330627298,325884000,-0.03823727504338248,-0.03898750639320951,-3.823727504338248,-3.898750639320951
2021-02-23,14.10234260559082,14.198821553836638,13.351952265234438,14.035779263801077,391780000,-0.014889399229798705,-0.015001359067652443,-1.4889399229798705,-1.5001359067652442
2021-02-24,14.458341598510742,14.466070375748892,13.717425083680581,14.083147360949729,448320000,0.025243961437923623,0.024930595429159073,2.5243961437923623,2.4930595429159075
2021-02-25,13.270180702209473,14.33443798699334,13.179187133736889,14.006110991803554,824436000,-0.08217822827091414,-0.08575205565415693,-8.217822827091414,-8.575205565415693
2021-02-26,13.676040649414062,13.815647436688753,13.323531609545643,13.713933240960111,500932000,0.030584357237653403,0.030125978490617628,3.0584357237653403,3.0125978490617626
2021-03-01,13.802933692932129,13.885950280412095,13.515242901527062,13.836090305328044,353184000,0.009278492713715503,0.00923571192408731,0.9278492713715503,0.9235711924087311
2021-03-02,13.368653297424316,13.881460928666272,13.358431951392774,13.861018236603186,264116000,-0.031462905290212895,-0.03196849567104999,-3.1462905290212895,-3.1968495671049992
2021-03-03,12.768842697143555,13.41377854511925,12.762859005310784,13.38859986982293,377592000,-0.044866942610915395,-0.045904621097537894,-4.4866942610915395,-4.59046210975379
2021-03-04,12.335558891296387,12.938613575131294,12.049862368433251,12.764851636975537,573344000,-0.033932895574325994,-0.03452198090312365,-3.3932895574325994,-3.4521980903123652
2021-03-05,12.426552772521973,12.514804603359082,11.646496134063495,12.514804603359082,542840000,0.0073765511581147525,0.007349477463427298,0.7376551158114752,0.7349477463427299
2021-03-08,11.56074047088623,12.436277690098503,11.53406492027041,12.415087507609316,543112000,-0.06967437530626008,-0.0722206200381776,-6.967437530626008,-7.22206200381776
2021-03-09,12.489449501037598,12.5857115477266,12.029583156574535,12.100408589821392,521824000,0.08033300570064372,0.07726933222125501,8.033300570064373,7.726933222125501
2021-03-10,12.437576293945312,12.948066572746527,12.42685292339801,12.808910100942292,384376000,-0.004153362170844721,-0.00416201133655834,-0.4153362170844721,-0.41620113365583405
2021-03-11,12.96153450012207,13.014155316080448,12.703171840009764,12.918141567568973,299916000,0.04212703454384625,0.041263850049813734,4.212703454384625,4.1263850049813735
2021-03-12,12.824371337890625,12.85704089501398,12.559025962321957,12.617132129280913,243964000,-0.010582324355974504,-0.010638715334941234,-1.0582324355974504,-1.0638715334941233
2021-03-15,13.15880012512207,13.174262064501718,12.735843354037687,12.833103357385857,221988000,0.026077596976886497,0.025743374470490254,2.6077596976886497,2.5743374470490252
2021-03-16,13.258553504943848,13.479258807224893,13.084482313956556,13.32364243314881,272128000,0.007580735239783198,0.007552145861160293,0.7580735239783198,0.7552145861160293
2021-03-17,13.308429718017578,13.420153700648893,12.957544682409727,13.007671116067991,243864000,0.0037618140663031596,0.0037547561386384555,0.37618140663031596,0.37547561386384554
2021-03-18,12.691201210021973,13.151566040742917,12.685714900401814,13.104183238028991,293896000,-0.046378763015141655,-0.04748871259095049,-4.637876301514165,-4.748871259095049
2021-03-19,12.814146041870117,12.889710027684677,12.58147023108672,12.718631755835021,299208000,0.009687407032130002,0.009640784960791238,0.9687407032130002,0.9640784960791238
2021-03-22,13.15381145477295,13.361549203796526,12.87499901936367,12.880984776838993,297804000,0.026507065846836708,0.026161840888948792,2.650706584683671,2.616184088894879
2021-03-23,13.03859806060791,13.311674027862592,12.98921935927902,13.221646014731713,222048000,-0.008758936112257643,-0.008797521067164943,-0.8758936112257643,-0.8797521067164943
2021-03-24,12.611897468566895,13.126878086028931,12.605663414562246,13.118897393362214,245840000,-0.03272595643009801,-0.03327342805225286,-3.2725956430098013,-3.3273428052252862
2021-03-25,12.504412651062012,12.683471654533125,12.241810854541152,12.468751160231504,295144000,-0.008522493762161631,-0.008559017877877875,-0.8522493762161631,-0.8559017877877875
2021-03-26,12.80766487121582,12.824623248846297,12.34306088171137,12.523615375554263,363968000,0.02425161649860086,0.02396221567020368,2.425161649860086,2.396221567020368
2021-03-29,12.916398048400879,13.030367184227057,12.668758718035468,12.788712660485038,273520000,0.008489695684451126,0.008453860892852034,0.8489695684451126,0.8453860892852034
2021-03-30,12.840083122253418,12.943328859463614,12.673743402077953,12.81040644183664,200204000,-0.005908375218965145,-0.0059258987255562095,-0.5908375218965145,-0.5925898725556209
2021-03-31,13.315411567687988,13.437360417469511,12.950561058891067,12.98347986602582,314776000,0.037019109682457474,0.036350356929535345,3.7019109682457474,3.6350356929535343
2021-04-01,13.777772903442383,13.835879080768066,13.47801127894021,13.538862038226707,308276000,0.03472377353144607,0.03413450562020198,3.4723773531446067,3.4134505620201985
2021-04-05,13.95308780670166,13.97952235961436,13.699213545574432,13.83338314774415,255672000,0.01272447328664228,0.012644197437796495,1.272447328664228,1.2644197437796494
2021-04-06,13.827399253845215,14.019675048728104,13.739616396250584,13.965309496536149,191744000,-0.009007938213939748,-0.009048754990931789,-0.9007938213939748,-0.9048754990931789
2021-04-07,14.1087064743042,14.208459897547266,13.677769060228261,13.846602230892788,251284000,0.020344188758472104,0.020140010335407403,2.0344188758472104,2.0140010335407403
2021-04-08,14.281778335571289,14.435898249089426,14.2139448346701,14.217686408200958,244416000,0.01226702544151026,0.012192395192502408,1.226702544151026,1.2192395192502408
2021-04-09,14.364574432373047,14.372555124634204,14.140128521718337,14.179032137087,195172000,0.005797324034608531,0.005780584217895533,0.5797324034608531,0.5780584217895534
2021-04-12,15.171585083007812,15.314732396380426,14.104466864397924,14.254596927138556,869324000,0.05618061672721941,0.05465920922608423,5.618061672721941,5.465920922608423
2021-04-13,15.6409273147583,15.661377066442782,15.088539527921586,15.194029461631905,676212000,0.03093560950834018,0.03046674867936364,3.093560950834018,3.046674867936364
2021-04-14,15.239418029785156,15.681826557633755,15.190039338700716,15.586561501348141,385500000,-0.025670427136010865,-0.02600566207707919,-2.5670427136010865,-2.600566207707919
2021-04-15,16.09754753112793,16.174357748910218,15.593041201255907,15.623965067235979,598480000,0.056309860367736775,0.05478157062092124,5.6309860367736775,5.478157062092124
2021-04-16,15.873353958129883,16.12598105828335,15.82621945225456,16.013507430530804,335208000,-0.013927188136237723,-0.014025081402348524,-1.3927188136237723,-1.4025081402348525
2021-04-19,15.323956489562988,15.768610086032313,15.195523394059228,15.498276894788122,404420000,-0.03461130332102935,-0.03522446425709314,-3.461130332102935,-3.5224464257093144
2021-04-20,15.133926391601562,15.458874387907025,14.926188677668558,15.285551919658973,334132000,-0.012400850791429274,-0.012478382985186876,-1.2400850791429274,-1.2478382985186875
2021-04-21,15.322712898254395,15.32470783357352,15.065097967523737,15.081556897402692,216776000,0.012474390436945537,0.012397226283064482,1.2474390436945537,1.2397226283064482
2021-04-22,14.813719749450684,15.400522858675501,14.747133424279083,15.33717866051924,277788000,-0.03321821352286103,-0.033782469307158766,-3.321821352286103,-3.3782469307158767
2021-04-23,15.227697372436523,15.297275618549515,14.863595508360055,14.897511312075965,227500000,0.027945555200690864,0.02756220376341193,2.7945555200690864,2.756220376341193
2021-04-26,15.439921379089355,15.440919322295558,15.087790126519275,15.147642935688191,197796000,0.013936710289303322,0.013840487332777788,1.3936710289303322,1.3840487332777789
2021-04-27,15.343908309936523,15.63194762998392,15.316725060501184,15.540173958472135,164572000,-0.006218494692781573,-0.0062379100623345595,-0.6218494692781573,-0.623791006233456
2021-04-28,15.239168167114258,15.494040417919788,15.178069111051128,15.32670273224523,209416000,-0.0068261710580241886,-0.006849575934953007,-0.6826171058024189,-0.6849575934953006
2021-04-29,15.28704833984375,15.398523064906703,15.034421258054362,15.362112884221467,173196000,0.0031419151100922083,0.003136989609119903,0.3141915110092208,0.3136989609119903
2021-04-30,14.972572326660156,15.327197926078858,14.960103270135658,15.13716729756446,201912000,-0.02057140176393324,-0.020785940389288438,-2.057140176393324,-2.078594038928844
2021-05-03,14.800250053405762,15.209241257751458,14.751121563712845,15.08779089742156,203912000,-0.01150919624863378,-0.011575939650586826,-1.150919624863378,-1.1575939650586826
2021-05-04,14.31594467163086,14.601490591862607,13.975783949931254,14.6012413438704,405324000,-0.03272278373860693,-0.033270148023900076,-3.272278373860693,-3.3270148023900075
2021-05-05,14.422932624816895,14.777059834881364,14.352107182804,14.672816131682572,292024000,0.007473342181745668,0.007445555115688458,0.7473342181745668,0.7445555115688458
2021-05-06,14.48727035522461,14.53540184870253,14.18302136153679,14.459588610408613,193380000,0.00446079393708132,0.004450874085143483,0.446079393708132,0.4450874085143483
2021-05-07,14.775810241699219,14.933920031269896,14.63565581990065,14.771820371378341,229328000,0.019916787593499352,0.019721043177599103,1.9916787593499352,1.9721043177599102
2021-05-10,14.2306547164917,14.76957547077731,14.214943531610285,14.750871407443766,268904000,-0.036895135785448896,-0.03759297984708296,-3.6895135785448896,-3.759297984708296
2021-05-11,14.2710542678833,14.319435012067427,13.71617310026738,13.790988399639572,285584000,0.0028389102396519927,0.002834888144424325,0.2838910239651993,0.2834888144424325
2021-05-12,13.724651336669922,14.225166920041739,13.67552285196865,13.975033276670255,303408000,-0.03828749586097835,-0.03903972522800146,-3.828749586097835,-3.9039725228001463
2021-05-13,13.631632804870605,14.046111298805778,13.42588999722822,13.999226037710349,285404000,-0.0067774786781494845,-0.006800550089856191,-0.6777478678149484,-0.6800550089856191
2021-05-14,14.20796012878418,14.292751054175579,13.714676512622503,13.85582887340321,258616000,0.04227867139347041,0.041409346533017304,4.227867139347041,4.140934653301731
2021-05-17,14.130651473999023,14.134392096499555,13.819419695219413,14.122172285711322,216980000,-0.005441221265010121,-0.005456078628748829,-0.5441221265010121,-0.5456078628748828
2021-05-18,13.981269836425781,14.368814302100715,13.96954852184947,14.231902003595811,186256000,-0.01057146146786725,-0.010627736323000292,-1.057146146786725,-1.0627736323000292
2021-05-19,14.031147003173828,14.044863252937322,13.509932366145637,13.533124795954503,344000000,0.003567427517785271,0.003561079341530554,0.3567427517785271,0.35610793415305536
2021-05-20,14.576554298400879,14.647628989531981,14.235395590705924,14.267316461611319,321592000,0.038871183881380444,0.038134723565938715,3.8871183881380444,3.8134723565938713
2021-05-21,14.954867362976074,15.184551264267617,14.83291851571383,15.126444143548222,672992000,0.025953531735322333,0.02562245501660927,2.5953531735322333,2.562245501660927
2021-05-24,15.573594093322754,15.706266327666086,15.138665855139163,15.175076040317867,554816000,0.04137293332861436,0.04053997075075994,4.137293332861436,4.053997075075994
2021-05-25,15.609253883361816,15.779583475638967,15.444410600364295,15.72721286252232,435408000,0.002289759822002191,0.0022871423168582135,0.22897598220021909,0.22871423168582136
2021-05-26,15.661375999450684,15.75489536364087,15.54790633225724,15.69554199926276,370440000,0.0033391804937215053,0.0033336178102996413,0.3339180493721505,0.3333617810299641
2021-05-27,15.449899673461914,15.711255241190996,15.421968674803152,15.661128802147099,581476000,-0.013503048901717607,-0.013595044149400238,-1.3503048901717607,-1.3595044149400237
2021-05-28,16.20453643798828,16.23745619906393,15.462866702379829,15.462866702379829,644536000,0.04884412070471855,0.04768872037878912,4.884412070471855,4.7688720378789125
2021-06-01,16.224489212036133,16.347935473642835,15.864127958324758,16.229976473614617,472804000,0.001231307919495661,0.001230550481595122,0.12313079194956611,0.12305504815951221
2021-06-02,16.736976623535156,16.877132024892546,16.195562337610674,16.212271468853235,594168000,0.03158727555619034,0.031098660280688372,3.158727555619034,3.1098660280688373
2021-06-03,16.928003311157227,17.21654307093119,16.54220545944608,16.659665958022718,580008000,0.011413452496160659,0.011348810441574875,1.1413452496160659,1.1348810441574875
2021-06-04,17.53500747680664,17.617552324507795,17.053445127711075,17.070401602049834,617120000,0.03585798953910513,0.03523005870709969,3.585798953910513,3.5230058707099694
2021-06-07,17.575654983520508,17.76867947172536,17.150455047093143,17.528023884085115,575756000,0.0023180775239264317,0.0023153949270681155,0.23180775239264317,0.23153949270681157
2021-06-08,17.414052963256836,17.578147544430767,17.20855848653228,17.4841296925654,323848000,-0.009194651375166063,-0.009237183092409671,-0.9194651375166063,-0.9237183092409671
2021-06-09,17.31951332092285,17.535780721881775,17.21724304760244,17.476663064864983,381656000,-0.005428928149780021,-0.005443718334395356,-0.5428928149780021,-0.5443718334395357
2021-06-10,17.3861141204834,17.452965945027934,17.137671136572692,17.311282630136223,287772000,0.0038454198063457845,0.0038380450795033297,0.38454198063457845,0.383804507950333
2021-06-11,17.78547477722168,17.89922071360538,17.40482582522779,17.44049548819086,416308000,0.02297009291269836,0.02271025185270315,2.297009291269836,2.271025185270315
2021-06-14,17.978540420532227,17.999244162607233,17.62333583892256,17.866042920276705,321376000,0.010855242591432557,0.010796747384611786,1.0855242591432557,1.0796747384611787
2021-06-15,17.74880599975586,17.9760485675202,17.688441808318867,17.87502480453141,243032000,-0.012778257600600362,-0.012860601762970254,-1.2778257600600362,-1.2860601762970254
2021-06-16,17.7705078125,17.914686108212543,17.54526157802343,17.75105249680479,307124000,0.0012227195871339358,0.001221972674320843,0.12227195871339358,0.12219726743208431
2021-06-17,18.61561393737793,18.792966905127752,17.716625537466296,17.734834323579165,809656000,0.04755666713606632,0.04646046885553643,4.755666713606632,4.646046885553643
2021-06-18,18.597158432006836,19.331765442705965,18.54253016298032,18.74208463201298,968856000,-0.0009913992325569776,-0.0009918909938241632,-0.09913992325569776,-0.09918909938241632
2021-06-21,18.386131286621094,18.495138525894447,17.782980352467526,18.394112856856477,672384000,-0.011347279002718591,-0.011412150583935481,-1.134727900271859,-1.141215058393548
2021-06-22,18.844600677490234,18.921430408685627,18.34496858666156,18.430278496257454,580144000,0.024935609548418336,0.02462979066435303,2.4935609548418336,2.462979066435303
2021-06-23,19.01472282409668,19.110010659811476,18.865556539871367,18.965333770522275,332356000,0.009027633406403446,0.008987127920543611,0.9027633406403446,0.8987127920543612
2021-06-24,19.162641525268555,19.37666328306946,19.045652733544433,19.184842999806214,320924000,0.007779166835102158,0.007749065126802013,0.7779166835102158,0.7749065126802013
2021-06-25,18.98853302001953,19.302332029426786,18.852338209521378,19.237476542149953,278364000,-0.009085830104343273,-0.009127357993635439,-0.9085830104343273,-0.9127357993635439
2021-06-28,19.94040298461914,20.0339437763487,19.275888834778623,19.31804423186524,495436000,0.05012867311003211,0.0489127024803847,5.012867311003211,4.89127024803847
2021-06-29,19.982059478759766,20.05389740507961,19.613133627200476,19.838130514850587,367632000,0.002089049763575712,0.0020868707333257285,0.20890497635757121,0.20868707333257286
2021-06-30,19.95786476135254,20.117507567563237,19.819424307190975,19.954621891960947,326568000,-0.0012108220092600375,-0.0012115556464916226,-0.12108220092600375,-0.12115556464916226
2021-07-01,20.166894912719727,20.410349886109096,19.974324818701906,20.08008916798285,480136000,0.010473572893026306,0.010419105013891691,1.0473572893026306,1.0419105013891692
2021-07-02,20.441282272338867,20.45949296291919,20.24247763436387,20.39463747913961,342764000,0.013605830783899098,0.013514102557475972,1.3605830783899098,1.351410255747597
2021-07-06,20.652307510375977,20.795486641874447,20.304835251900723,20.69122003382582,446708000,0.010323483391385224,0.010270560159820068,1.0323483391385224,1.0270560159820068
2021-07-07,20.3262882232666,20.82841529094071,20.28662778206436,20.80696363579524,418428000,-0.015786094940992812,-0.015912022364137707,-1.5786094940992812,-1.5912022364137708
2021-07-08,19.858339309692383,20.08807493944189,19.65679038448507,19.812193120256214,503300000,-0.023021857627630093,-0.023290999377568455,-2.3021857627630093,-2.3290999377568458
2021-07-09,20.00550651550293,20.035440254937832,19.71016751816278,19.91795284925319,296624000,0.007410851608256941,0.007383526167621504,0.7410851608256941,0.7383526167621504
2021-07-12,20.46672821044922,20.486931440280244,20.142701974510995,20.194835290071577,321984000,0.023054737183928475,0.02279299207172034,2.3054737183928475,2.279299207172034
2021-07-13,20.20480728149414,20.415586131085917,20.069111117742807,20.3549707500831,290708000,-0.012797401043384893,-0.012879993179885205,-1.2797401043384893,-1.2879993179885205
2021-07-14,19.797222137451172,20.37218628598519,19.708671252768255,20.312320711528482,380100000,-0.0201726815982195,-0.020378928556038758,-2.01726815982195,-2.0378928556038756
2021-07-15,18.923921585083008,19.8027066280882,18.816412116780924,19.76753558645946,550564000,-0.04411227728339262,-0.04511481768502828,-4.411227728339262,-4.5114817685028274
2021-07-16,18.120468139648438,19.114245586818644,18.03266518999957,18.988028727755154,688224000,-0.042457026775459816,-0.04338467828218105,-4.245702677545982,-4.338467828218105
2021-07-19,18.737842559814453,18.999506326648362,17.825631445000248,17.875271703441314,749060000,0.03407055576092821,0.03350300950386334,3.407055576092821,3.350300950386334
2021-07-20,18.57046890258789,18.79596444122418,18.123468610489642,18.688205629147088,434687000,-0.008932386783178314,-0.008972519717341537,-0.8932386783178314,-0.8972519717341537
2021-07-21,19.366687774658203,19.483427275787093,18.700179101263714,18.839866091952974,371017000,0.04287553945174505,0.041981839513605596,4.287553945174505,4.198183951360559
2021-07-22,19.550277709960938,19.842623177456858,19.232986505120362,19.598170937456786,323826000,0.009479676516650715,0.009435026340908157,0.9479676516650715,0.9435026340908157
2021-07-23,19.514358520507812,19.65604185729442,19.207045233457105,19.612139415403593,195672000,-0.0018372725945895452,-0.0018389624500168827,-0.18372725945895452,-0.18389624500168827
2021-07-26,19.250946044921875,19.39861459525191,18.871792949550414,19.267908307327364,203943000,-0.013498392750605381,-0.013590324276603033,-1.3498392750605381,-1.3590324276603032
2021-07-27,19.165138244628906,19.578213977499203,18.69917937861263,19.222010259561046,248863000,-0.0044573290108826935,-0.004467292519953942,-0.44573290108826935,-0.4467292519953942
2021-07-28,19.459476470947266,19.60215699543012,18.95261072554939,19.27588707854818,202191000,0.015358001730086501,0.015241261369950392,1.5358001730086501,1.5241261369950392
2021-07-29,19.618127822875977,19.808701619528385,19.284871556554233,19.47544535320664,190781000,0.008152909569051126,0.00811985414554475,0.8152909569051126,0.811985414554475
2021-07-30,19.455490112304688,19.586196410986457,19.220016666249848,19.374669578351813,183497000,-0.008290174885171364,-0.008324729493336314,-0.8290174885171364,-0.8324729493336314
2021-08-02,19.7059268951416,19.916456479690652,19.317795028840045,19.656039233859172,217444000,0.012872293701741588,0.012790149897605654,1.2872293701741588,1.2790149897605654
2021-08-03,19.770782470703125,20.17687382086152,19.17710902193863,19.69594907533359,301811000,0.0032911710221310564,0.003285766972637047,0.32911710221310564,0.3285766972637047
2021-08-04,20.228763580322266,20.27266602904917,19.783757672257007,19.945396862625874,231309000,0.023164541428635443,0.022900316097019154,2.3164541428635443,2.2900316097019155
2021-08-05,20.590946197509766,20.686732636563846,20.296604434887584,20.454252790573072,211435000,0.017904337838018813,0.017745943023240184,1.7904337838018813,1.7745943023240185
2021-08-06,20.320556640625,20.524101928122093,20.16490458584402,20.47820503972447,178497000,-0.013131477994802743,-0.013218458143036441,-1.3131477994802743,-1.321845814303644
2021-08-09,20.24970817565918,20.46223217362922,20.098046964388516,20.40037026360608,146443000,-0.00348654154602146,-0.003492633696476528,-0.348654154602146,-0.3492633696476528
2021-08-10,19.891511917114258,20.384408995827474,19.790735571713213,20.276650205072418,179238000,-0.01768895904265355,-0.017847278460839496,-1.7688959042653551,-1.7847278460839495
2021-08-11,19.65503692626953,20.004256207949503,19.386638154855905,19.998269080576,185925000,-0.011888236139620312,-0.011959466315829075,-1.1888236139620312,-1.1959466315829075
2021-08-12,19.860584259033203,19.984306207882916,19.576220366137818,19.825662510999912,151652000,0.010457743403623487,0.010403439474666785,1.0457743403623487,1.0403439474666785
2021-08-13,20.142948150634766,20.16889110337351,19.806700306984172,19.86058065307714,183063000,0.014217300353242868,0.014117182361121142,1.4217300353242868,1.4117182361121143
2021-08-16,19.90548324584961,20.241731139141816,19.40959063441719,20.09006989391872,210876000,-0.01178898456220634,-0.011859025660550427,-1.178898456220634,-1.1859025660550426
2021-08-17,19.41457748413086,19.725881495356077,19.224003737171717,19.641070192734382,204585000,-0.02466183592006521,-0.024971033163849358,-2.466183592006521,-2.4971033163849357
2021-08-18,18.997516632080078,19.590191092580813,18.95760497128759,19.456489312637267,285913000,-0.021481840250795026,-0.02171593355561694,-2.1481840250795026,-2.171593355561694
2021-08-19,19.75382423400879,20.449269491332213,18.720134701148606,19.450501709268725,766555000,0.039810866681994295,0.0390388376553147,3.9810866681994295,3.9038837655314698
2021-08-20,20.769550323486328,20.818440769765257,19.888521263811523,19.946390500496992,675741000,0.05141921267725125,0.050140882659547595,5.141921267725125,5.01408826595476
2021-08-23,21.908998489379883,21.947911015070833,20.903248530842916,20.924201575683597,575807000,0.05486147500290661,0.053409454992214465,5.486147500290661,5.340945499221447
2021-08-24,21.744367599487305,21.909997531385216,21.48694391201485,21.70445785017865,297299000,-0.007514304680443562,-0.007542679300922186,-0.7514304680443562,-0.7542679300922186
2021-08-25,22.163429260253906,22.419855713761294,21.673525742463315,21.688491659774787,347701000,0.019272193539281446,0.019088836862587173,1.9272193539281446,1.9088836862587173
2021-08-26,22.018754959106445,22.29014733822545,21.741375451642853,22.15046036413365,237940000,-0.006527613549718536,-0.0065490115886289516,-0.6527613549718536,-0.6549011588628951
2021-08-27,22.585493087768555,22.671301641719566,22.11753968140407,22.134501948062578,304722000,0.025738881681306003,0.02541321307235308,2.5738881681306003,2.541321307235308
2021-08-30,22.637374877929688,22.991582292262514,22.500681440564495,22.77905822428135,262580000,0.0022971289561630748,0.0022944945889918585,0.22971289561630748,0.22944945889918586
2021-08-31,22.338985443115234,22.64834767167244,22.074530788334712,22.64834767167244,259850000,-0.013181273730876297,-0.013268917744604682,-1.3181273730876297,-1.3268917744604682
2021-09-01,22.394874572753906,22.650348906025947,22.31104759248821,22.438784759124236,201767000,0.002501865171137263,0.002498740716694103,0.2501865171137263,0.2498740716694103
2021-09-02,22.349964141845703,22.546559703912333,22.2491719184046,22.47171310768264,187834000,-0.002005388811725739,-0.0020074022961986634,-0.2005388811725739,-0.20074022961986634
2021-09-03,22.79604721069336,22.93875292763135,22.15436923092753,22.279112296634487,280532000,0.019959006019721448,0.01976243631178924,1.9959006019721448,1.9762436311789242
2021-09-07,22.615419387817383,22.85193175199729,22.475705860557778,22.786067428844145,198107000,-0.007923646639547477,-0.007955205545875081,-0.7923646639547477,-0.7955205545875081
2021-09-08,22.293079376220703,22.56352220177863,21.931822107945237,22.46672147869918,254434000,-0.01425310784951972,-0.014355659005956575,-1.425310784951972,-1.4355659005956576
2021-09-09,22.131410598754883,22.491668548903835,22.08550563339496,22.26613330652161,196856000,-0.007251971553031256,-0.007278394923925502,-0.7251971553031256,-0.7278394923925502
2021-09-10,22.431795120239258,22.579489705395595,22.224222499927517,22.302061280830465,248376000,0.01357276889984016,0.013481483937619757,1.357276889984016,1.3481483937619756
2021-09-13,22.106468200683594,22.91679945314238,21.813071877295915,22.637374292609916,297500000,-0.014502937362428692,-0.01460913297465513,-1.4502937362428692,-1.460913297465513
2021-09-14,22.19628143310547,22.363935372792017,22.040601959070237,22.229212641217604,199755000,0.004062758085396023,0.0040545273691737944,0.4062758085396023,0.40545273691737943
2021-09-15,22.29507827758789,22.321025809840197,21.92084908003349,22.26314446387039,166538000,0.0044510538749553685,0.004441177231459599,0.44510538749553685,0.4441177231459599
2021-09-16,22.19628143310547,22.231209337206835,21.881928392765175,22.13740269427345,156033000,-0.004431329787334182,-0.0044411772314595305,-0.44313297873341817,-0.44411772314595305
2021-09-17,21.854982376098633,22.275116504076188,21.785126571378843,22.25415976266025,294503000,-0.015376406991208569,-0.015495849921161127,-1.5376406991208569,-1.5495849921161127
2021-09-20,21.069602966308594,21.38894489978741,20.619529786404915,21.102534175277412,349440000,-0.035935943405241866,-0.03659753782946271,-3.5935943405241866,-3.659753782946271
2021-09-21,21.202327728271484,21.380958731216275,20.90693664793861,21.372975754388563,204688000,0.0062993480311481775,0.006279590069777907,0.6299348031148178,0.6279590069777907
2021-09-22,21.895902633666992,21.91486268280497,21.152433063036703,21.322083722570767,268726000,0.03271220567309152,0.03218855081109375,3.271220567309152,3.2188550811093752
2021-09-23,22.435787200927734,22.488677753626337,21.845003134420406,22.094489243871266,248555000,0.02465687650759918,0.024357801920801517,2.465687650759918,2.4357801920801516
2021-09-24,22.035606384277344,22.10346738517822,21.816059334268658,22.02462931729105,217655000,-0.017836718322673417,-0.017997709829268217,-1.7836718322673417,-1.7997709829268218
2021-09-27,21.615478515625,21.754192745335704,21.281168009429962,21.665374981095614,245215000,-0.0190658637355271,-0.01924996105454296,-1.90658637355271,-1.924996105454296
2021-09-28,20.656450271606445,21.374971448404203,20.608548606029547,21.17039292521659,343069000,-0.04436766196618358,-0.04538202354862797,-4.436766196618358,-4.538202354862797
2021-09-29,20.474822998046875,20.973795138225515,20.424924641972414,20.896953763641275,218394000,-0.008792763091983291,-0.008831647535648739,-0.8792763091983291,-0.8831647535648739
2021-09-30,20.673412322998047,21.02269318503222,20.64547000630952,20.725305468766397,221009000,0.009699196177183733,0.009652460927181358,0.9699196177183733,0.9652460927181358
2021-10-01,20.699359893798828,20.81611804446755,20.16146648948889,20.707342869034065,240978000,0.0012551179454740602,0.0012543309433969906,0.12551179454740602,0.12543309433969907
2021-10-04,19.69144058227539,20.499775067963235,19.51480436585159,20.461853071607546,345635000,-0.048693259921790744,-0.04991872367108993,-4.869325992179075,-4.991872367108993
2021-10-05,20.408960342407227,20.605555884052407,19.813187437000426,19.908990765674343,279282000,0.03643815479796264,0.03578998376954843,3.643815479796264,3.578998376954843
2021-10-06,20.65744972229004,20.6774071635698,20.038723360348456,20.078642049763726,297202000,0.012175504078298482,0.012101978831514542,1.2175504078298482,1.2101978831514542
2021-10-07,21.031679153442383,21.27817116327567,20.928890239898514,21.048642502901718,256919000,0.018115955075932666,0.017953816431390757,1.8115955075932666,1.7953816431390757
2021-10-08,20.788177490234375,21.16240660995784,20.732292851994423,21.057622913257926,151258000,-0.011577851746000678,-0.011645396929750137,-1.1577851746000678,-1.1645396929750136
2021-10-11,20.652454376220703,21.01969786270468,20.468832632978714,20.532702141261012,163388000,-0.006528860650599655,-0.0065502668843783534,-0.6528860650599655,-0.6550266884378353
2021-10-12,20.628507614135742,21.013713821439726,20.485801919360195,20.785184469191023,162134000,-0.0011595116807294747,-0.0011601844344925273,-0.11595116807294747,-0.11601844344925273
2021-10-13,20.89595603942871,20.9468517954333,20.670420782566904,20.874999299325843,180652000,0.012964991471787313,0.012881665411500917,1.2964991471787313,1.2881665411500918
2021-10-14,21.701303482055664,21.710283856593495,21.078585505731365,21.244244674187563,243589000,0.03854082776147405,0.03781667772732834,3.854082776147405,3.7816677727328343
2021-10-15,21.81706428527832,21.88592270608786,21.617476507999847,21.76517112056883,226994000,0.005334278805804393,0.005320101933859701,0.5334278805804393,0.5320101933859701
2021-10-18,22.176326751708984,22.245185178115456,21.59951370770769,21.704299345481424,189494000,0.01646703982410158,0.016332928399811274,1.6467039824101581,1.6332928399811275
2021-10-19,22.24418067932129,22.33299652432015,21.991700497587633,22.23020761577493,161473000,0.003059746024308252,0.0030550745280772122,0.3059746024308252,0.30550745280772124
2021-10-20,22.057567596435547,22.38688920042201,21.936816024402503,22.259152047447255,146276000,-0.008389299007053208,-0.008424687236585114,-0.8389299007053208,-0.8424687236585114
2021-10-21,22.645349502563477,22.664311447607304,22.03760222340385,22.051573381466657,187590000,0.026647630277370826,0.02629876620784374,2.6647630277370826,2.629876620784374
2021-10-22,22.679285049438477,23.08245393094305,22.514625207539453,22.776085781397935,249384000,0.001498565825674758,0.001497444096424728,0.1498565825674758,0.1497444096424728
2021-10-25,23.118385314941406,23.306996024882274,22.72319933879343,22.92578121243362,230235000,0.019361292234113092,0.019176247076841135,1.9361292234113092,1.9176247076841135
2021-10-26,24.66619300842285,25.207080642552555,23.874823758987613,23.939690683779567,485898000,0.06695137538351781,0.06480539994430212,6.695137538351781,6.480539994430212
2021-10-27,24.400737762451172,25.03842414765746,24.232084541266754,24.423691198422762,245990000,-0.010761905815017125,-0.010820233982372493,-1.0761905815017125,-1.0820233982372494
2021-10-28,24.889728546142578,24.898710821359906,24.472588563428534,24.82685832990433,234204000,0.020039999956226184,0.019841842170625477,2.0039999956226184,1.9841842170625477
2021-10-29,25.51444435119629,25.65615265639552,24.948610430057254,24.949607826287217,292503000,0.0250993418387655,0.024789526761129832,2.50993418387655,2.478952676112983
2021-11-01,25.773908615112305,25.84077032372531,25.175141619253885,25.59627502178263,265740000,0.010169308817569833,0.010117949297055184,1.0169308817569833,1.0117949297055184
2021-11-02,26.34673500061035,26.623166086895225,25.74697045110816,25.76892649663861,294112000,0.022225049139895425,0.021981672177892535,2.2225049139895425,2.1981672177892535
2021-11-03,26.543325424194336,26.72894390976585,26.18107263291449,26.615177925392462,239910000,0.007461661704170508,0.007433961215584719,0.7461661704170508,0.7433961215584719
2021-11-04,29.739744186401367,31.300528538400503,27.062258570177605,27.173030468903853,1153631000,0.12042269426021068,0.11370601969690103,12.042269426021068,11.370601969690103
2021-11-05,29.690845489501953,31.335456833245594,29.34954751211164,30.12495081284974,851260000,-0.0016442204947335615,-0.0016455737087761415,-0.16442204947335615,-0.16455737087761416
2021-11-08,30.74068260192871,31.03607369583626,29.8455251398631,30.08702828256524,503101000,0.03535894970717357,0.034748177903469374,3.535894970717357,3.4748177903469375
2021-11-09,30.59398651123047,32.24359067998347,29.902412030400054,32.215648353623784,646746000,-0.004772050529842087,-0.004783473116901553,-0.4772050529842087,-0.4783473116901553
2021-11-10,29.39844512939453,30.786586602763936,28.718845203917095,29.29565811512244,636206000,-0.039077659310501334,-0.03986168421427039,-3.9077659310501334,-3.9861684214270388
2021-11-11,30.327529907226562,30.527119549916076,29.715791021450595,30.405370591178073,332172000,0.0316031944459223,0.03111409161382385,3.16031944459223,3.111409161382385
2021-11-12,30.327529907226562,30.616934698783563,29.56909192980548,29.948311870229972,413054000,0.0,0.0,0.0,0.0
2021-11-15,29.96328353881836,30.581010672915156,29.186882831682748,30.4892007220748,384909000,-0.012010419889864177,-0.012083127737114351,-1.2010419889864177,-1.2083127737114352
2021-11-16,30.140914916992188,30.3275308006158,29.644936791171745,29.697829247202147,264484000,0.005928301480834008,0.005910798243853458,0.5928301480834008,0.5910798243853458
2021-11-17,29.200849533081055,30.446285187958786,28.74079674255149,30.35547074388643,428508000,-0.031189012891614798,-0.0316857458616654,-3.11890128916148,-3.16857458616654
2021-11-18,31.609891891479492,32.69266078141231,31.25661944023778,32.300470838936384,781711000,0.08249905043581984,0.07927230369857563,8.249905043581984,7.927230369857563
2021-11-19,32.91720199584961,33.01999092531616,31.839421944726077,32.17672655199687,533867000,0.041357626557479765,0.040525271997661795,4.1357626557479765,4.052527199766179
2021-11-22,31.89031410217285,34.57578276040281,31.834429453313092,33.44810439942293,754335000,-0.03119608689117115,-0.031693047621737115,-3.119608689117115,-3.1693047621737116
2021-11-23,31.680747985839844,32.293486259552104,30.81652687837705,31.470181244113295,532163000,-0.0065714660464485375,-0.006593153192557756,-0.6571466046448537,-0.6593153192557756
2021-11-24,32.60684585571289,32.787473607987316,30.86443406990238,31.39633955445472,435162000,0.029232197115010683,0.028813084569058563,2.9232197115010683,2.8813084569058565
2021-11-26,31.438243865966797,32.64276162923178,31.285558488884924,32.532987132035885,283069000,-0.0358391607368963,-0.03649715258017489,-3.5839160736896303,-3.649715258017489
2021-11-29,33.307395935058594,33.34332123751521,31.970150118608004,32.299473639315565,454964000,0.05945472263211338,0.0577543631572025,5.945472263211338,5.77543631572025
2021-11-30,32.60883712768555,33.28444758524314,31.79850772473219,33.10082385631525,622066000,-0.02097308383804808,-0.02119614330356885,-2.097308383804808,-2.1196143303568853
2021-12-01,31.37421989440918,33.22463718044179,31.31932593232357,33.15477283002766,484368000,-0.037861430888872505,-0.03859679595452945,-3.7861430888872505,-3.859679595452945
2021-12-02,32.06389617919922,32.415216910384245,30.965024707023783,31.15366042945053,472890000,0.021982260821501454,0.021744134313359458,2.1982260821501454,2.174413431335946
2021-12-03,30.6336612701416,32.06688583887325,30.07174810217101,31.938133623399295,544325000,-0.044605774078867344,-0.045631221669059335,-4.460577407886735,-4.563122166905933
2021-12-06,29.97892951965332,30.18253369080409,27.983793678236385,29.82223155843537,658938000,-0.02137295130068062,-0.021604660309506522,-2.137295130068062,-2.1604660309506523
2021-12-07,32.36430740356445,32.3862680389149,30.591741852503894,30.89715192628836,593053000,0.07956848100087588,0.07656140666409046,7.956848100087588,7.656140666409046
2021-12-08,31.764469146728516,32.22757276894839,31.36025147158854,31.937135010758553,475551000,-0.018533943870829517,-0.01870784953235063,-1.8533943870829517,-1.870784953235063
2021-12-09,30.43105697631836,32.142743620864294,30.36917655962979,31.672651577011102,488507000,-0.0419781034038621,-0.04288464470031497,-4.19781034038621,-4.2884644700314976
2021-12-10,30.13961410522461,31.24447414372459,29.803265779189793,31.08977314072366,488825000,-0.009577152424266822,-0.009623308279388768,-0.9577152424266822,-0.9623308279388768
2021-12-13,28.10655975341797,30.235437661169072,28.061646669195504,30.190524576946608,598344000,-0.06745455813431323,-0.06983739742823734,-6.745455813431322,-6.983739742823734
2021-12-14,28.282209396362305,28.622549665979868,27.197311252280024,27.64544250245802,667035000,0.006249418089062875,0.006229971453885382,0.6249418089062875,0.6229971453885382
2021-12-15,30.400110244750977,30.441031340908875,27.784177393279027,28.345091097360005,698297000,0.07488456148199929,0.07221327114557223,7.488456148199929,7.221327114557223
2021-12-16,28.332115173339844,31.099754518870387,28.038684877718026,31.091770564933462,707366000,-0.06802590697078814,-0.07045026186185184,-6.802590697078815,-7.045026186185184
2021-12-17,27.747251510620117,28.866084513821278,27.706330412496648,27.930895789317223,713758000,-0.020643134448008915,-0.02085918239096127,-2.0643134448008915,-2.0859182390961273
2021-12-20,27.6654109954834,28.089588585739136,27.09252129792592,27.25221181922181,461847000,-0.0029494998848946796,-0.0029538582317522916,-0.29494998848946796,-0.29538582317522916
2021-12-21,29.018787384033203,29.063700457531855,27.348022192079924,28.319142478736474,524385000,0.04891943910649843,0.04776052866381722,4.891943910649843,4.776052866381722
2021-12-22,29.343156814575195,29.49785781843981,28.39399529208839,28.835142056766554,395184000,0.011177911270009444,0.011115900095535017,1.1177911270009444,1.1115900095535016
2021-12-23,29.58269500732422,30.00088555963705,29.374099442198006,29.697472444063603,343022000,0.008163340920089412,0.00813020108495552,0.8163340920089412,0.8130201084955521
2021-12-27,30.885169982910156,31.026895635110456,29.582692792715033,29.602654581173876,403686000,0.04402827312601043,0.043086570632072906,4.402827312601043,4.30865706320729
2021-12-28,30.263376235961914,31.26942679962951,29.953974216379613,31.25146195093205,420591000,-0.02013243726009284,-0.020337856511079524,-2.013243726009284,-2.0337856511079524
2021-12-29,29.9429988861084,30.48894226101068,29.30922629538712,30.214474295872787,343139000,-0.010586305617573899,-0.01064273918625035,-1.05863056175739,-1.064273918625035
2021-12-30,29.528804779052734,30.398121250991505,29.48289417837225,29.769338101098654,308864000,-0.013832752979455964,-0.013929317038950135,-1.3832752979455964,-1.3929317038950135
2021-12-31,29.354135513305664,29.971940112811122,29.274290262971935,29.616627511446417,266530000,-0.005915216245764854,-0.005932780435620132,-0.5915216245764854,-0.5932780435620132
2022-01-03,30.06276512145996,30.651624582903967,29.727414293582168,29.75735697767053,391547000,0.02414070780020383,0.023853927138568633,2.414070780020383,2.3853927138568634
2022-01-04,29.233375549316406,30.409097659269086,28.294194767957748,30.2184669283259,527154000,-0.027588599012520754,-0.027976312022846832,-2.7588599012520754,-2.797631202284683
2022-01-05,27.55063247680664,29.359129558729837,27.479770596008006,28.893031463942076,498064000,-0.05756239369863381,-0.05928556206205394,-5.756239369863381,-5.928556206205394
2022-01-06,28.12352180480957,28.38301936449731,27.012674649326257,27.586561835852063,454186000,0.020794053584258565,0.02058080834089114,2.0794053584258565,2.058080834089114
2022-01-07,27.194324493408203,28.367054067504238,27.004691277778065,28.086597173535353,409939000,-0.03303986313842311,-0.0335980078929534,-3.303986313842311,-3.3598007892953397
2022-01-10,27.347028732299805,27.415895582129004,25.59442299105561,26.52961181550805,594681000,0.005615298108567313,0.0055995910944217665,0.5615298108567313,0.5599591094421766
2022-01-11,27.763221740722656,28.010743386947276,26.78711374014883,27.270177292552447,404089000,0.015218948007001742,0.015104301553362178,1.5218948007001742,1.5104301553362178
2022-01-12,27.944866180419922,28.53971261700627,27.554621408963357,28.012733594807443,383413000,0.006542628279730067,0.006521318186172215,0.6542628279730067,0.6521318186172215
2022-01-13,26.523624420166016,28.42494034461968,26.446771712443983,28.32413577123768,540171000,-0.05085877853477516,-0.052197680626554444,-5.085877853477516,-5.219768062655445
2022-01-14,26.88991355895996,27.144421643836736,26.15932835464321,26.24915451358075,395832000,0.01380992028055772,0.01371543225242467,1.380992028055772,1.3715432252424669
2022-01-18,25.85291862487793,26.586498173895528,25.72017634780918,26.20922874593393,424270000,-0.038564457703007204,-0.03932775489317142,-3.8564457703007204,-3.932775489317142
2022-01-19,25.018535614013672,26.49168179020978,25.003565223757168,26.02858007768311,488315000,-0.032274228800663995,-0.032806526056508564,-3.2274228800663995,-3.2806526056508565
2022-01-20,24.103307723999023,25.529545731359246,24.031446427083026,25.255077800339837,435181000,-0.03658199281264085,-0.03726789367217765,-3.658199281264085,-3.726789367217765
2022-01-21,23.32880973815918,24.775007677466373,23.218024282355426,23.461552019986037,718958000,-0.032132435710004126,-0.03266001481541911,-3.2132435710004126,-3.266001481541911
2022-01-24,23.326812744140625,23.334796698374127,20.847616010504623,22.286827510617645,913982000,-8.560205346819227e-05,-8.560571753307373e-05,-0.008560205346819227,-0.008560571753307373
2022-01-25,22.28083610534668,22.89864065896213,21.957463151064083,22.502406991705346,664616000,-0.044840100971646035,-0.04587651897929372,-4.484010097164603,-4.587651897929372
2022-01-26,22.727977752685547,24.0104935073892,22.25689007590773,23.195073451405133,755959000,0.020068441113462843,0.019869724175979653,2.0068441113462843,1.9869724175979653
2022-01-27,21.901575088500977,23.948610407504805,21.633094151119476,23.52243589687238,573353000,-0.03636058927798458,-0.03703810961533242,-3.636058927798458,-3.7038109615332417
2022-01-28,22.79584312438965,22.81380797435671,21.25482754600818,21.96944289295478,543774000,0.04083122023302299,0.04001964414696684,4.083122023302299,4.001964414696684
2022-01-31,24.438657760620117,24.461614007193518,23.007430303531233,23.137178118250812,564680000,0.07206641260277813,0.0695880127844913,7.206641260277813,6.95880127844913
2022-02-01,24.59037208557129,25.096391959338074,23.843816968627216,25.055470852073256,518925000,0.006207964710551295,0.006188774677375487,0.6207964710551295,0.6188774677375487
2022-02-02,25.19320297241211,25.767090245411275,24.505533859706315,25.744135896688125,543419000,0.024514915217348054,0.024219247124125605,2.4514915217348054,2.4219247124125607
2022-02-03,23.90169906616211,25.028515976458163,23.734024607139915,24.410713264329317,410178000,-0.05126398210121452,-0.052624687773478285,-5.126398210121453,-5.262468777347829
2022-02-04,24.271982192993164,24.58737122731306,23.58631015608026,23.925652956622258,354829000,0.015491916528865834,0.015373141916877494,1.5491916528865834,1.5373141916877493
2022-02-07,24.680191040039062,25.133311835992746,24.15520704406836,24.324878438884706,376868000,0.016818109200975817,0.01667825072760307,1.6818109200975817,1.667825072760307
2022-02-08,25.059459686279297,25.181223570518206,23.93364013673913,24.311907144504435,410359000,0.015367330245739996,0.01525044874305957,1.5367330245739996,1.525044874305957
2022-02-09,26.653371810913086,26.67333360228873,25.30398631469552,25.57246536515148,524282000,0.06360520715881579,0.061664276161520155,6.360520715881579,6.166427616152015
2022-02-10,25.774076461791992,26.87294784160419,25.55051047315788,25.944747316228323,513200000,-0.03299002300193299,-0.0335464661073343,-3.299002300193299,-3.35464661073343
2022-02-11,23.90269660949707,26.1014383680604,23.727038196145745,25.865894587572004,605472000,-0.07260705752421792,-0.0753779170647507,-7.260705752421792,-7.537791706475069
2022-02-14,24.22008514404297,24.82690950810967,23.70907395093763,23.88772874556484,440424000,0.013278356820200399,0.013190972140305785,1.3278356820200399,1.3190972140305786
2022-02-15,26.44377899169922,26.493681567004096,24.73608636580203,24.90076638723711,699869000,0.09181197483127668,0.08783867827686599,9.181197483127669,8.7838678276866
2022-02-16,26.45974349975586,26.530607279677454,25.502597989095346,26.208231811287334,732676000,0.000603715076489264,0.0006035329138550056,0.060371507648926404,0.06035329138550056
2022-02-17,24.459617614746094,25.73514658054274,24.118279789032503,25.580445575519956,810595000,-0.07559128020376393,-0.07860096770100515,-7.559128020376393,-7.860096770100515
2022-02-18,23.596290588378906,24.93769195223297,23.05533867775434,24.620305983753607,761255000,-0.03529601484230516,-0.03593397583282563,-3.5296014842305157,-3.5933975832825626
2022-02-22,23.344778060913086,24.017474761924387,22.955532681143488,22.990464861191477,633422000,-0.01065898584880498,-0.01071619976319839,-1.065898584880498,-1.071619976319839
2022-02-23,22.34371566772461,24.108298935289074,22.257883403820344,23.755980792771823,566511000,-0.04288164104950676,-0.04382821811230411,-4.288164104950676,-4.382821811230412
2022-02-24,23.702089309692383,23.753988828433812,20.849614623306376,20.974372971992818,735801000,0.06079443822899777,0.05901809743891948,6.079443822899777,5.901809743891948
2022-02-25,24.110292434692383,24.17017589267423,23.335793746656655,23.675136514655122,528866000,0.01722224229545355,0.01707562052363315,1.722224229545355,1.707562052363315
2022-02-28,24.33785629272461,24.61731564927492,23.661167584235766,23.945616436590047,477319000,0.009438452837045919,0.00939418894486801,0.9438452837045919,0.9394188944868009
2022-03-01,23.431608200073242,24.32986963799387,23.08727591797761,24.2440354711342,412056000,-0.03723615102954958,-0.037947121586164215,-3.723615102954958,-3.7947121586164214
2022-03-02,24.177291870117188,24.365959685395882,23.373712936549165,23.714111250736686,389642000,0.03182383657480292,0.03132795149489017,3.182383657480292,3.132795149489017
2022-03-03,23.67218589782715,24.283106273216287,23.427617067609017,24.219218042700607,365095000,-0.020891751441952988,-0.021113072024724327,-2.089175144195299,-2.1113072024724326
2022-03-04,22.895559310913086,23.63824694769257,22.442359346497184,23.342769336842796,431415000,-0.03280755694747006,-0.033357792933200396,-3.2807556947470062,-3.3357792933200394
2022-03-07,21.31435203552246,22.992389803663198,21.292391465045675,22.776769140858917,450821000,-0.06906174485272121,-0.07156232490625364,-6.906174485272121,-7.156232490625364
2022-03-08,21.476062774658203,22.33354729257822,20.613586007361604,21.271424341879477,557467000,0.007586941365434585,0.007558305274814507,0.7586941365434585,0.7558305274814506
2022-03-09,22.973421096801758,23.179057248104534,22.207773291766387,22.347525831099777,492742000,0.06972219898288068,0.06739898764605666,6.972219898288068,6.739898764605666
2022-03-10,22.61804962158203,22.74781956359875,21.843416915189174,22.491272744824204,428066000,-0.015468809530906125,-0.015589699871952885,-1.5468809530906125,-1.5589699871952885
2022-03-11,22.061031341552734,23.104188764046526,22.00712570703421,22.981404553858948,367209000,-0.02462715792690595,-0.02493547895509826,-2.462715792690595,-2.4935478955098263
2022-03-14,21.29239273071289,22.22274871765177,21.12169469516694,21.830441971262182,385354000,-0.03484146316369563,-0.035462904259762895,-3.484146316369563,-3.5462904259762897
2022-03-15,22.932491302490234,22.997377221162406,21.284403438506185,21.48005697889036,491996000,0.07702744320564814,0.07420487900620301,7.702744320564814,7.4204879006203015
2022-03-16,24.45280647277832,24.553628211845854,23.131141677093435,23.45856243097872,671422000,0.06629524678476573,0.0641902543604546,6.629524678476573,6.41902543604546
2022-03-17,24.722332000732422,24.798196302698308,23.863847789795177,24.077471154131192,471941000,0.011022273793159343,0.010961971242885301,1.1022273793159343,1.0961971242885302
2022-03-18,26.406352996826172,26.5221495744112,24.5805796111346,24.755270261820684,730719000,0.06811740073888894,0.06589766028208321,6.8117400738888945,6.589766028208322
2022-03-21,26.686859130859375,27.10412324336721,25.92121138568289,26.46026011637226,591727000,0.010622676068403614,0.010566651847175286,1.0622676068403614,1.0566651847175286
2022-03-22,26.477231979370117,27.189973726396275,26.02602929912915,26.679873158121083,547007000,-0.007855070184968116,-0.00788608376476313,-0.7855070184968116,-0.788608376476313
2022-03-23,25.588802337646484,26.565076642038694,25.529906352527405,26.079933507125094,502120000,-0.033554475876324874,-0.03413034599502792,-3.3554475876324874,-3.413034599502792
2022-03-24,28.10036277770996,28.270063093192512,25.86131782488274,26.11986190750109,877379000,0.0981507616856474,0.09362763938640399,9.81507616856474,9.362763938640398
2022-03-25,27.64316749572754,28.307993440069914,27.222910357307455,27.83682564076314,579016000,-0.01627008468179214,-0.016403895908032453,-1.627008468179214,-1.6403895908032453
2022-03-28,28.169240951538086,28.200186425941997,27.158026699534492,27.7070580201299,425494000,0.019030867424721043,0.018852045660817728,1.9030867424721043,1.885204566081773
2022-03-29,28.6054744720459,28.89496215998628,27.93066578718607,28.644405266329862,488984000,0.015486165255865547,0.015367478366835389,1.5486165255865547,1.536747836683539
2022-03-30,27.64116859436035,28.445746951494012,27.454498098898945,28.25408611139863,463487000,-0.033710536024420645,-0.034291837507724555,-3.3710536024420645,-3.4291837507724554
2022-03-31,27.237884521484375,28.198188071817484,27.22191389271316,27.733010189112925,523440000,-0.01458997912838822,-0.014697459579947085,-1.458997912838822,-1.4697459579947085
2022-04-01,26.664899826049805,27.447517830165626,26.220684779158603,27.326730894613775,517235000,-0.02103631414483087,-0.021260730239522102,-2.103631414483087,-2.1260730239522103
2022-04-04,27.311758041381836,27.509408871839586,26.566075449381483,26.680872446951916,397120000,0.024258790378057116,0.023969219666309535,2.4258790378057116,2.3969219666309534
2022-04-05,25.88527488708496,27.270827874661148,25.774470555611817,27.205941957892414,436615000,-0.052229635021499465,-0.05364303710512804,-5.2229635021499465,-5.364303710512805
2022-04-06,24.363962173461914,25.25538717602562,23.960675226004746,24.89003332893193,703833000,-0.05877135631200425,-0.060569189434342245,-5.877135631200425,-6.0569189434342245
2022-04-07,24.165315628051758,24.6784092608977,23.436603251438946,24.397904594724462,557992000,-0.008153293950953877,-0.008186713830778463,-0.8153293950953877,-0.8186713830778464
2022-04-08,23.078235626220703,23.880818851275105,23.021336921751427,23.874828912703954,524781000,-0.044985135661507414,-0.04602837387018805,-4.498513566150741,-4.6028373870188055
2022-04-11,21.878353118896484,22.280642378826183,21.621806322763018,22.17483029611759,575207000,-0.051991951497407984,-0.05339228678151779,-5.199195149740799,-5.3392286781517795
2022-04-12,21.466081619262695,22.684929295161435,21.24447295091747,22.497261070505825,662258000,-0.018843808644705917,-0.01902361562218094,-1.8843808644705917,-1.9023615622180938
2022-04-13,22.163848876953125,22.46032606445315,21.41716862218913,21.689687961003017,516943000,0.03250557181634317,0.03198844227078371,3.250557181634317,3.1988442270783706
2022-04-14,21.22051239013672,22.736834742690494,21.125680601582754,22.46531313186641,569097000,-0.04256194364316057,-0.04349425311993144,-4.256194364316057,-4.349425311993144
2022-04-18,21.744586944580078,22.049047482223045,21.04182796602704,21.162614873714208,525701000,0.024696602268988954,0.024396570988027996,2.4696602268988954,2.4396570988027997
2022-04-19,22.158855438232422,22.333546077200904,21.27641352942195,21.681697715813993,512781000,0.019051568774710592,0.018872360197288454,1.9051568774710592,1.8872360197288454
2022-04-20,21.444120407104492,22.630025292014682,21.162618078582742,22.477295203987705,468974000,-0.03225505185140298,-0.03278670974095293,-3.2255051851402983,-3.278670974095293
2022-04-21,20.147409439086914,22.35251367670244,19.964731581536245,21.670717529613366,656209000,-0.06046930083399338,-0.06237478459433974,-6.046930083399338,-6.237478459433974
2022-04-22,19.480588912963867,20.44987743487539,19.465615971491907,20.26719955217862,624713000,-0.03309708516814991,-0.03365718688155178,-3.309708516814991,-3.3657186881551784
2022-04-25,19.866905212402344,19.90982865501306,19.06232675761767,19.168138831768125,641566000,0.01983083269014485,0.01963676323771769,1.983083269014485,1.9636763237717691
2022-04-26,18.754867553710938,19.753104058239774,18.637075615712774,19.68322780756036,653143000,-0.05597437783098658,-0.05760197107678507,-5.597437783098657,-5.760197107678508
2022-04-27,18.382526397705078,19.133199162742606,18.257746832922344,18.565202340141518,499460000,-0.019853041080643896,-0.020052760479132927,-1.9853041080643896,-2.0052760479132927
2022-04-28,19.747119903564453,20.001671352987184,18.457398144847,18.933556381034744,570327000,0.07423318625179487,0.07160709193474293,7.423318625179487,7.160709193474293
2022-04-29,18.514297485351562,20.092509128467537,18.484349698064364,19.367789431189383,500435000,-0.062430492357032796,-0.0644643824000836,-6.24304923570328,-6.44643824000836
2022-05-02,19.498558044433594,19.53948420995558,18.35857155612756,18.508306677557925,572049000,0.05316218775574799,0.051797245750689065,5.316218775574799,5.1797245750689065
2022-05-03,19.567432403564453,19.790040634737174,19.09925959232835,19.36578895282095,475751000,0.003532279616467404,0.0035260557687638136,0.3532279616467404,0.3526055768763814
2022-05-04,20.298147201538086,20.364030816650885,18.717938127306436,19.887872567785628,648855000,0.03734341751657322,0.03666303885712102,3.734341751657322,3.666303885712102
2022-05-05,18.810771942138672,19.889865173375625,18.467378659821374,19.83196878609108,626331000,-0.07327640521232937,-0.07609992962840223,-7.3276405212329365,-7.609992962840223
2022-05-06,18.642070770263672,19.477594833502064,17.95827912135431,18.702964035272345,633297000,-0.008968327955594768,-0.00900878548130972,-0.8968327955594768,-0.900878548130972
2022-05-09,16.920114517211914,18.222811941526615,16.79733029414801,18.00220284256642,644455000,-0.09236936573583254,-0.09691777360049267,-9.236936573583254,-9.691777360049267
2022-05-10,17.563976287841797,18.16591373433777,16.994981601017855,17.657810412504645,761474000,0.03805303858758857,0.03734688034348581,3.8053038587588572,3.7346880343485807
2022-05-11,16.60067367553711,17.721694464260565,16.538784636687943,17.316410271106523,670167000,-0.054845360556055156,-0.05640672525267492,-5.484536055605515,-5.640672525267492
2022-05-12,16.146474838256836,16.75839468902169,15.539548188281776,16.190397869341577,708728000,-0.02736026538185521,-0.027741527828709613,-2.736026538185521,-2.7741527828709613
2022-05-13,17.67477798461914,17.896386648845493,16.563741598498687,16.758397445943917,670437000,0.09465243414873448,0.09043690114638112,9.465243414873449,9.043690114638112
2022-05-16,17.233556747436523,17.75663289781755,17.07583632290922,17.478125554261457,521446000,-0.024963325568591266,-0.025280193890263924,-2.4963325568591266,-2.5280193890263924
2022-05-17,18.144948959350586,18.33860712731935,17.60290714990144,18.042129937144267,585830000,0.05288474255609654,0.051533770899048065,5.288474255609654,5.153377089904806
2022-05-18,16.90813446044922,18.08605417628394,16.834265532095618,17.67378227574179,545161000,-0.06816301890251408,-0.07059739258113629,-6.816301890251408,-7.059739258113629
2022-05-19,17.09380340576172,17.655810314998515,16.704489852561316,16.90713289482446,621310000,0.010981042630504811,0.010921188755215427,1.0981042630504811,1.0921188755215427
2022-05-20,16.66456413269043,17.379301231839957,15.727219718341468,17.301439650730654,739105000,-0.025110811378970643,-0.02543146713962711,-2.5110811378970643,-2.5431467139627113
2022-05-23,16.868207931518555,16.885178156912975,16.15047573412626,16.245307554637872,639889000,0.012220169528985414,0.012146106025893088,1.2220169528985414,1.2146106025893089
2022-05-24,16.125513076782227,16.567732674703276,15.752172998727668,16.480886198685138,588550000,-0.04402926841733967,-0.04502798189870901,-4.402926841733967,-4.5027981898709015
2022-05-25,16.945070266723633,17.080830153303886,15.971788994098624,15.991754187297795,781132000,0.050823634946624896,0.04957427091225717,5.08236349466249,4.957427091225717
2022-05-26,17.819522857666016,18.06009712140226,15.993747492579688,16.00772274521179,996575000,0.051605132181695046,0.050317694217038744,5.160513218169505,5.031769421703874
2022-05-27,18.777830123901367,18.847706383566344,18.068083436188743,18.15393222834226,738379000,0.053778503155772484,0.052382279226250654,5.377850315577248,5.238227922625065
2022-05-31,18.63907814025879,19.166147041089843,18.31764539271089,18.94653372975319,664100000,-0.007389138293778075,-0.007416573206598094,-0.7389138293778075,-0.7416573206598094
2022-06-01,18.28769302368164,19.01940020610704,18.09004223537034,18.690981817760978,544514000,-0.018852065211218072,-0.019032030797384622,-1.8852065211218072,-1.9032030797384623
2022-06-02,19.557453155517578,19.584405973838475,18.165912046478592,18.25974616242298,648656000,0.06943249376461336,0.0671281281135313,6.943249376461336,6.71281281135313
2022-06-03,18.68699073791504,19.297913027935877,18.489339912786797,19.04835384760268,598779000,-0.04450796382743538,-0.045528850059133985,-4.450796382743539,-4.5528850059133985
2022-06-06,18.75287437438965,19.302903402711614,18.53126570006665,19.10525257728722,422406000,0.003525641843495686,0.0035194413378589855,0.3525641843495686,0.35194413378589856
2022-06-07,18.89262580871582,18.966494720425693,18.155926356094692,18.439425936365755,388914000,0.007452267398379675,0.007424636444282864,0.7452267398379675,0.7424636444282864
2022-06-08,18.619050979614258,19.150224674884743,18.50622553593558,18.76981563316662,363252000,-0.014480508525996028,-0.014586374326193405,-1.4480508525996028,-1.4586374326193405
2022-06-09,18.019981384277344,18.903607678210435,18.012992282026815,18.452309729129784,395574000,-0.03217508754838405,-0.03270408363203054,-3.217508754838405,-3.270408363203054
2022-06-10,16.94765281677246,17.669530104023234,16.842814357055154,17.572680551655733,465248000,-0.05950775112567552,-0.06135187176961777,-5.950775112567552,-6.135187176961777
2022-06-13,15.622712135314941,16.28667984582384,15.581775412240182,15.975163876009786,604153000,-0.07817841773028744,-0.08140358578939186,-7.817841773028745,-8.140358578939185
2022-06-14,15.811420440673828,16.041062986887717,15.38807781748765,15.70658292230231,469680000,0.012079100205163007,0.012006730068829885,1.2079100205163007,1.2006730068829885
2022-06-15,16.5013484954834,16.841818825545705,15.901280536590404,16.070017900307143,563936000,0.04363479280044791,0.042709612935551824,4.363479280044791,4.270961293555183
2022-06-16,15.576784133911133,15.91725539358905,15.377094762123194,15.835381941791066,545749000,-0.0560296245985793,-0.05766049531908176,-5.602962459857929,-5.766049531908176
2022-06-17,15.85534954071045,15.970170797325055,15.304206366327632,15.62370932462703,630334000,0.017883370816757393,0.017725344587388524,1.7883370816757393,1.7725344587388523
2022-06-21,16.540285110473633,16.98159844424935,16.381531524997932,16.44942676298862,483089000,0.04319902049491442,0.04229197324705223,4.319902049491442,4.229197324705223
2022-06-22,16.334606170654297,16.63613744371276,16.15488526686756,16.200813392123194,437135000,-0.012435029894925842,-0.012512991859624973,-1.2435029894925842,-1.2512991859624973
2022-06-23,16.199817657470703,16.559257608685368,15.828394343201415,16.493360062117382,463680000,-0.008251714903647067,-0.008285948758486287,-0.8251714903647067,-0.8285948758486287
2022-06-24,17.099414825439453,17.113393032351116,16.2846815144393,16.47438711137464,472153000,0.05553131442525161,0.05404425572522908,5.553131442525161,5.404425572522908
2022-06-27,16.84281349182129,17.303098316739902,16.60019067372971,17.285126608804937,427968000,-0.015006439473964295,-0.015120175368437547,-1.5006439473964295,-1.5120175368437547
2022-06-28,15.957191467285156,17.175296973833603,15.920248247332506,16.873765723191674,461149000,-0.05258159659407158,-0.054014463511288587,-5.258159659407157,-5.401446351128858
2022-06-29,15.517875671386719,15.795444040528261,15.146453345274413,15.789453787872143,482352000,-0.0275308970754099,-0.027916974765867065,-2.75308970754099,-2.7916974765867066
2022-06-30,15.135469436645508,15.542836100215856,14.838930531324044,15.337155541620188,686070000,-0.024642950029966193,-0.024951669923540386,-2.4642950029966193,-2.4951669923540387
2022-07-01,14.500456809997559,15.039618570774806,14.369660585584475,14.875873577381968,577610000,-0.04195526470493727,-0.0428608055513566,-4.195526470493727,-4.28608055513566
2022-07-05,14.94077205657959,14.94776116044216,14.033183597161376,14.152997214317173,651397000,0.030365612087368765,0.029913702448635213,3.0365612087368765,2.9913702448635213
2022-07-06,15.106513023376465,15.29521975828279,14.766041819442789,14.986699419920392,529066000,0.011093199613060545,0.011032121361276724,1.1093199613060545,1.1032121361276725
2022-07-07,15.833383560180664,15.92024840415713,15.36511172210343,15.432008107054722,492903000,0.0481163677997305,0.04699461771143265,4.81163677997305,4.699461771143265
2022-07-08,15.813413619995117,16.012105053361537,15.365110282933301,15.406047000781784,467972000,-0.0012612553791577774,-0.0012620514311438033,-0.12612553791577774,-0.12620514311438033
2022-07-11,15.128479957580566,15.502897844600374,15.014656599989385,15.50189899317143,437321000,-0.04331346026062921,-0.044279485865611805,-4.331346026062921,-4.427948586561181
2022-07-12,15.058588027954102,15.40704625326835,14.853906325120404,15.244299171117744,458483000,-0.004619891081089289,-0.004630595760248748,-0.4619891081089289,-0.4630595760248748
2022-07-13,15.140460014343262,15.351132914368169,14.442545687722442,14.567351646375842,521918000,0.005436896622523779,0.0054221700538551205,0.5436896622523779,0.5422170053855121
2022-07-14,15.348136901855469,15.448979946164094,14.705136566748275,15.08454678517,456235000,0.013716682803261326,0.01362346060853077,1.3716682803261326,1.3623460608530769
2022-07-15,15.737533569335938,15.757502029258568,15.42102524308435,15.634693763078548,385935000,0.02537094045814725,0.02505444025274688,2.537094045814725,2.505444025274688
2022-07-18,16.076004028320312,16.87076781539133,15.977158694727871,16.276692201575525,670517000,0.021507211247121516,0.021279194719169506,2.1507211247121516,2.1279194719169507
2022-07-19,16.965621948242188,17.08343879377703,16.14689523300348,16.460406952090203,702366000,0.0553382493780592,0.05386133106608254,5.53382493780592,5.386133106608254
2022-07-20,17.77935791015625,17.90516367987839,16.774920881624166,16.920694158582595,760538000,0.047963815555749356,0.04684905816131441,4.796381555574936,4.684905816131441
2022-07-21,18.02198028564453,18.11583423265357,17.517765033329383,17.85723740485581,557049000,0.013646295705070699,0.013554023513185666,1.36462957050707,1.3554023513185667
2022-07-22,17.292116165161133,17.93910909409701,17.110397569443286,17.865224557589684,536671000,-0.040498552818014955,-0.04134145526872984,-4.049855281801495,-4.1341455268729845
2022-07-25,16.997575759887695,17.09742092220505,16.623157829488665,16.992582454358388,480748000,-0.01703321921158818,-0.0171799531105564,-1.703321921158818,-1.7179953110556399
2022-07-26,16.507339477539062,16.892740033046326,16.452424540325435,16.86278591155121,397865000,-0.028841541245283597,-0.02926563270257568,-2.8841541245283597,-2.926563270257568
2022-07-27,17.762386322021484,17.908159601580824,16.886746840994853,17.005561604819313,569776000,0.07602962586370254,0.07327799469113605,7.602962586370254,7.3277994691136055
2022-07-28,17.956083297729492,18.11184128131467,17.412929010303365,17.947098395523145,474646000,0.010904896008700371,0.01084586638377474,1.090489600870037,1.084586638377474
2022-07-29,18.134809494018555,18.21568315008048,17.664539858114644,17.785352344678618,435460000,0.009953517887258956,0.009904307900325222,0.9953517887258956,0.9904307900325222
2022-08-01,18.412372589111328,18.816744561755613,17.962072498125625,18.153773877924205,476469000,0.015305542370562142,0.01518959416029527,1.5305542370562142,1.518959416029527
2022-08-02,18.497241973876953,18.90860309946713,18.06391563779565,18.093869755691863,489527000,0.004609367117403229,0.004598776516300757,0.4609367117403229,0.4598776516300757
2022-08-03,18.86367416381836,18.93855851148196,18.108847099868385,18.155775030673695,418146000,0.019810098741147808,0.019616432258202383,1.9810098741147808,1.9616432258202383
2022-08-04,19.1851749420166,19.24408337841175,18.730881261788387,18.819743818251403,409652000,0.01704338059522348,0.016899771609235413,1.7043380595223478,1.6899771609235412
2022-08-05,18.95952606201172,19.199153311398565,18.63702746035856,18.78080304823543,386068000,-0.011761627438210076,-0.011831342559567306,-1.1761627438210076,-1.1831342559567306
2022-08-08,17.765382766723633,18.210691581679537,17.215239283630606,17.47483596635167,981859000,-0.06298381570205669,-0.06505472442976228,-6.2983815702056685,-6.505472442976227
2022-08-09,17.05947494506836,17.41991456445857,16.698037426611428,17.225217600745857,668263000,-0.03973501899308973,-0.040546010725088254,-3.9735018993089732,-4.0546010725088255
2022-08-10,18.06890869140625,18.089876002325298,17.290118776438867,17.67052787955639,597422000,0.059171442825073806,0.057486944758103654,5.917144282507381,5.748694475810366
2022-08-11,17.914152145385742,18.677966104646323,17.84825459742836,18.102859885311318,509327000,-0.008564797612492847,-0.008601686271855702,-0.8564797612492847,-0.8601686271855702
2022-08-12,18.679960250854492,18.688947058394234,17.925133166712452,18.13181260063338,478094000,0.04274877757281992,0.041860281783340864,4.274877757281992,4.1860281783340865
2022-08-15,19.002458572387695,19.134253654667226,18.584110213938448,18.671972967328774,457666000,0.017264400844667183,0.017117064442040596,1.7264400844667183,1.7117064442040597
2022-08-16,18.849693298339844,19.112285523433606,18.472279819564992,18.8906300185085,451240000,-0.008039237315840442,-0.008071726225341188,-0.8039237315840442,-0.8071726225341188
2022-08-17,18.30653953552246,18.658992249502052,18.116835824302285,18.494249352454208,446799000,-0.028814992064895795,-0.029238295436180974,-2.8814992064895795,-2.923829543618097
2022-08-18,18.743860244750977,18.835716492772463,18.15477592247858,18.27259278693306,415447000,0.023888769823479095,0.023607897498128215,2.3888769823479095,2.3607897498128216
2022-08-19,17.82129669189453,18.491254730260824,17.74241883906721,18.377431354862185,441588000,-0.0492195065909542,-0.0504720596835775,-4.92195065909542,-5.04720596835775
2022-08-22,17.007558822631836,17.530745594391743,16.93966358559003,17.462850357349936,409593000,-0.045660979856353534,-0.04673630363487406,-4.566097985635354,-4.673630363487407
2022-08-23,17.15433120727539,17.43789077526951,16.94365828212294,16.962629795617797,369986000,0.008629832545294258,0.008592808396068742,0.8629832545294258,0.8592808396068743
2022-08-24,17.195270538330078,17.378984974458614,16.868778397240728,16.985595480724132,522661000,0.002386530291389244,0.002383687050728184,0.2386530291389244,0.2383687050728184
2022-08-25,17.885194778442383,17.919142398294323,16.80687127701837,16.817853882408595,770691000,0.040122906968773187,0.03933888594826803,4.012290696877319,3.933888594826803
2022-08-26,16.234758377075195,17.896174759315368,16.211793365981354,17.82927933310313,769127000,-0.09227947594714003,-0.09681874065212435,-9.227947594714003,-9.681874065212435
2022-08-29,15.776473045349121,16.312639207198323,15.742526376842438,15.995133924685081,496132000,-0.028228651211293032,-0.02863474006616664,-2.822865121129303,-2.863474006616664
2022-08-30,15.443988800048828,16.01410156014586,15.158432518208786,15.93522467499421,530181000,-0.0210746878814152,-0.02129992933265655,-2.10746878814152,-2.129992933265655
2022-08-31,15.070570945739746,15.51587876326227,14.9357802643057,15.360120769453241,573710000,-0.02417884777978485,-0.02447595503659387,-2.417884777978485,-2.4475955036593873
2022-09-01,13.915369033813477,14.357681305537092,13.249404449278728,14.186946230102189,1178865000,-0.0766528299482131,-0.07974998296549209,-7.665282994821309,-7.9749982965492086
2022-09-02,13.625815391540527,14.149001175520134,13.56990161470963,14.078112245537563,743157000,-0.02080818996387035,-0.02102773119274443,-2.080818996387035,-2.1027731192744428
2022-09-06,13.444099426269531,13.757612156734154,13.330276060121674,13.709686328420531,535751000,-0.013336153474074908,-0.013425878586977089,-1.3336153474074908,-1.342587858697709
2022-09-07,13.696782112121582,13.820626981375675,13.329244097845045,13.545971666562709,512657000,0.018795062267860985,0.018620617495657334,1.8795062267860985,1.8620617495657334
2022-09-08,13.972432136535645,13.990410135396765,13.352212606554126,13.44209879095268,624873000,0.020125166784256132,0.0199253323011971,2.012516678425613,1.9925332301197098
2022-09-09,14.368937492370605,14.455828158929025,14.108265492695345,14.139225757493556,486612000,0.028377690581023796,0.027982502845845438,2.8377690581023796,2.798250284584544
2022-09-12,14.486786842346191,14.528733921971712,14.180172168334149,14.350957931422553,484159000,0.00820167462195176,0.008168223666751467,0.820167462195176,0.8168223666751467
2022-09-13,13.114511489868164,13.904518628297684,13.082552082468736,13.784669421834586,714956000,-0.0947259987609359,-0.09951761730585049,-9.47259987609359,-9.951761730585048
2022-09-14,13.111515998840332,13.273312285293565,12.896785812619402,13.23735723747835,588507000,-0.00022841041621313174,-0.00022843650584508716,-0.022841041621313174,-0.022843650584508716
2022-09-15,12.912765502929688,13.21638368394048,12.773940100304305,12.998657958319333,523625000,-0.015158468016072568,-0.015274531987413617,-1.5158468016072568,-1.5274531987413618
2022-09-16,13.181427955627441,13.195410315643226,12.601157157541842,12.726000201955259,670751000,0.020805957688676324,0.02059246988512328,2.0805957688676324,2.059246988512328
2022-09-19,13.36519718170166,13.44609580364354,12.993664533666465,12.995661877637879,569685000,0.013941526418294048,0.013845237252081182,1.3941526418294048,1.3845237252081182
2022-09-20,13.159456253051758,13.4660709531129,13.040606184015623,13.198407796353832,524818000,-0.01539378176414663,-0.01551349618351131,-1.539378176414663,-1.551349618351131
2022-09-21,13.244349479675293,14.013383142940281,13.09353904887106,13.196410364553508,807679000,0.006451119635269675,0.0064304002241882706,0.6451119635269675,0.6430400224188271
2022-09-22,12.545228958129883,13.132490994300221,12.412396524843558,13.053589709999544,759162000,-0.05278632390501903,-0.05423057651175905,-5.278632390501903,-5.423057651175904
2022-09-23,12.500287055969238,12.595168058509884,12.241612382968274,12.404407857467517,663309000,-0.003582389951641396,-0.0035888220767057205,-0.3582389951641396,-0.35888220767057205
2022-09-26,12.212648391723633,12.643108013637958,12.198666028585182,12.47531870349949,547343000,-0.02301056471405194,-0.02327944042059557,-2.301056471405194,-2.327944042059557
2022-09-27,12.397415161132812,12.720009577879809,12.242610035621365,12.491297003764968,553854000,0.015129131985359923,0.015015828032407343,1.5129131985359923,1.5015828032407343
2022-09-28,12.720011711120605,12.806902387543365,12.338491291665678,12.394420747298332,542414000,0.026021275063786486,0.025688482463207832,2.6021275063786486,2.5688482463207833
2022-09-29,12.204656600952148,12.48430476090285,11.93100047295723,12.432370007378605,532763000,-0.04051530154786742,-0.04135891107985281,-4.051530154786742,-4.135891107985281
2022-09-30,12.123759269714355,12.617139480743118,12.059839492993778,12.071824510658695,565638000,-0.0066283988057052046,-0.006650464200610424,-0.6628398805705205,-0.6650464200610424
2022-10-03,12.49629020690918,12.662082145584952,12.089800688912364,12.331497416498822,547478000,0.030727345281873264,0.03026471349539583,3.0727345281873264,3.026471349539583
2022-10-04,13.150466918945312,13.203400820052057,12.862828434100942,12.862828434100942,584182000,0.05234967347944908,0.05102544832547307,5.234967347944908,5.1025448325473075
2022-10-05,13.192413330078125,13.30427315849744,12.605152326426335,12.89478814053337,507131000,0.0031897278926562578,0.003184651502645684,0.3189727892656258,0.3184651502645684
2022-10-06,13.113513946533203,13.63885351819357,13.086547421310968,13.203401093971486,644157000,-0.005980663398791108,-0.005998619193640708,-0.5980663398791108,-0.5998619193640707
2022-10-07,12.060839653015137,12.654093791045442,12.006907545237569,12.489300974925913,672478000,-0.08027400571731269,-0.08367948560132607,-8.027400571731269,-8.367948560132607
2022-10-10,11.65534782409668,12.108777324986262,11.393676694010551,12.021886664391426,698699000,-0.03362053062508685,-0.03419869646546356,-3.3620530625086853,-3.419869646546356
2022-10-11,11.571455001831055,11.831127865517054,11.26883494828777,11.546485816155545,667482000,-0.007197796542131707,-0.007223825656381946,-0.7197796542131707,-0.7223825656381946
2022-10-12,11.485562324523926,11.72026695087247,11.33075718597391,11.56446361639926,492590000,-0.007422807010314392,-0.00745049313318631,-0.7422807010314392,-0.745049313318631
2022-10-13,11.94498348236084,12.062835356186497,10.799423302844042,10.95722491597618,850103000,0.039999883754577636,0.03922060137883047,3.9999883754577636,3.922060137883047
2022-10-14,11.212904930114746,12.09579490800835,11.189934042434883,12.041862803140544,713432000,-0.06128753156730227,-0.06324605706766487,-6.128753156730227,-6.324605706766487
2022-10-17,11.87307357788086,11.93299866407715,11.502540049196641,11.503538245021701,580774000,0.0588757910533142,0.057207770838890865,5.88757910533142,5.720777083889087
2022-10-18,11.951973915100098,12.476314329749629,11.603412151905342,12.328500398811965,659362000,0.006645316960405934,0.006623334176291485,0.6645316960405934,0.6623334176291484
2022-10-19,12.035867691040039,12.334492988016361,11.819140161499208,11.864083733026597,523131000,0.007019240213865352,0.006994720022484252,0.7019240213865352,0.6994720022484252
2022-10-20,12.178689002990723,12.752966821066378,12.089800053684597,12.097790381957378,652398000,0.011866307907073992,0.011796455327208718,1.1866307907073992,1.1796455327208717
2022-10-21,12.450347900390625,12.48230826375368,11.872075344682253,12.08280991281554,609494000,0.022306087078271863,0.02206094506054354,2.2306087078271863,2.206094506054354
2022-10-24,12.583181381225586,12.69404207682602,12.048853249537009,12.492296031938748,517457000,0.010669057756273137,0.010612544963049165,1.0669057756273137,1.0612544963049164
2022-10-25,13.244349479675293,13.283301022718456,12.648098936943423,12.678061955431058,505482000,0.05254379464291814,0.05120989582075897,5.254379464291814,5.1209895820758975
2022-10-26,12.879807472229004,13.371189335313101,12.69204380253107,12.852841899654189,532953000,-0.027524342211424857,-0.02791023435439886,-2.7524342211424857,-2.791023435439886
2022-10-27,13.159456253051758,13.820625721091393,13.105524152883197,13.612886696752097,583113000,0.02171218641472117,0.021479834130210575,2.171218641472117,2.1479834130210573
2022-10-28,13.816631317138672,13.832611976192785,13.04460203977238,13.087548275085938,521040000,0.04993937830330264,0.048732427553470084,4.993937830330264,4.873242755347008
2022-10-31,13.480053901672363,13.820626323430826,13.280305197439352,13.760701235922447,486341000,-0.024360309524131596,-0.024661930323311956,-2.4360309524131596,-2.4661930323311956
2022-11-01,13.525994300842285,13.907514593667278,13.502024269962124,13.793657423224907,432817000,0.003408027853970319,0.0034022336877648583,0.3408027853970319,0.34022336877648585
2022-11-02,13.20240306854248,14.192159017824103,13.194413691854113,13.832611349969781,672628000,-0.023923655821713186,-0.024214474134039786,-2.3923655821713186,-2.4214474134039787
2022-11-03,13.404149055480957,13.763697674159971,12.939733677148814,13.026624339335722,500065000,0.01528100497243412,0.01516542636684532,1.528100497243412,1.516542636684532
2022-11-04,14.138227462768555,14.211135766496513,13.679803144589222,13.968440819365393,612576000,0.054765013746802094,0.053318006333709124,5.476501374680209,5.3318006333709125
2022-11-07,14.28304386138916,14.39390455505636,13.93648037167957,14.210135563074418,410061000,0.010242896360379117,0.010190793385655749,1.0242896360379117,1.019079338565575
2022-11-08,14.583666801452637,14.872303507657966,14.198150808496923,14.782416354106235,595292000,0.021047540214879534,0.0208291005029208,2.1047540214879534,2.08291005029208
2022-11-09,13.758705139160156,14.193159443673311,13.741726283453678,14.14422022090575,454414000,-0.05656750620566209,-0.058230465440907,-5.656750620566209,-5.8230465440907
2022-11-10,15.730225563049316,15.753196449879484,14.528735884798065,14.78141849736078,700819000,0.1432925848725255,0.13391233182143236,14.329258487252549,13.391233182143235
2022-11-11,16.306501388549805,16.36842382289729,15.462562957739296,15.787154735164645,655487000,0.03663493719086741,0.035979829843240906,3.663493719086741,3.5979829843240907
2022-11-14,16.274539947509766,16.51923316178462,15.902008144433236,16.197636964580276,527852000,-0.0019600428245437618,-0.0019619662221862263,-0.19600428245437618,-0.19619662221862263
2022-11-15,16.64507293701172,16.97665487250418,16.3614291584318,16.701002374204336,545876000,0.022767647546230618,0.022512332673597448,2.276764754623062,2.2512332673597446
2022-11-16,15.890024185180664,16.34145634523152,15.853070937382359,16.14170859646812,649547000,-0.045361696802910356,-0.046422750349315436,-4.536169680291035,-4.642275034931544
2022-11-17,15.657316207885742,16.245577368149426,15.51549430312848,15.695268602256101,710894000,-0.014644910201706884,-0.014753205516421694,-1.4644910201706884,-1.4753205516421695
2022-11-18,15.389653205871582,15.98190906001259,15.101015557178844,15.945953056863983,492072000,-0.017095075456121434,-0.017242883203487575,-1.7095075456121434,-1.7242883203487573
2022-11-21,15.297769546508789,15.457568510471011,15.06106664059395,15.127982909179686,404739000,-0.005970482773954733,-0.005988377368026749,-0.5970482773954733,-0.5988377368026749
2022-11-22,16.017860412597656,16.037835754816946,15.10301031245184,15.308751955917504,472866000,0.04707162465087622,0.0459973389572517,4.707162465087622,4.59973389572517
2022-11-23,16.498260498046875,16.506251780380016,16.027853044396444,16.07778951044673,427241000,0.029991526525689816,0.029550575533617576,2.9991526525689816,2.955057553361758
2022-11-25,16.24957275390625,16.466299355969085,16.151696223942388,16.29751282305904,167934000,-0.015073573615234537,-0.01518833462540464,-1.5073573615234537,-1.518833462540464
2022-11-28,15.80712890625,16.336464178373642,15.70525768325476,16.00587846790758,303741000,-0.027228029583109548,-0.02760558149035144,-2.7228029583109548,-2.760558149035144
2022-11-29,15.619362831115723,15.911995146685767,15.500512771594675,15.807126494631538,298384000,-0.01187856923593733,-0.011949683154905199,-1.187856923593733,-1.19496831549052
2022-11-30,16.90607261657715,16.91306558413823,15.581398772907361,15.681298173391307,565298000,0.08237914692000992,0.0791615320938923,8.237914692000992,7.91615320938923
2022-12-01,17.11786651611328,17.24773568748677,16.618366478545138,16.982002826008905,470977000,0.012527681877366303,0.012449859750616606,1.2527681877366303,1.2449859750616605
2022-12-02,16.859121322631836,16.91606542821989,16.428552620891118,16.642339295101205,371389000,-0.015115504799496193,-0.015230908441813622,-1.5115504799496193,-1.5230908441813622
2022-12-05,16.5933895111084,16.97800471429634,16.455527032443175,16.662320750441012,352255000,-0.015761901610300222,-0.015887441291648846,-1.5761901610300222,-1.5887441291648847
2022-12-06,15.9710111618042,16.55642456672552,15.803178964975501,16.513468304609546,352694000,-0.03750760800784858,-0.03822911727517667,-3.750760800784858,-3.8229117275176674
2022-12-07,16.1038818359375,16.169815824778205,15.65133378658821,15.75622928850062,372388000,0.008319490405909402,0.008285074197393003,0.8319490405909402,0.8285074197393003
2022-12-08,17.151832580566406,17.16182280977595,15.943041522391448,16.256728622158576,515456000,0.06507441841073969,0.06304467316215268,6.507441841073969,6.304467316215268
2022-12-09,16.983997344970703,17.565416038789124,16.95802427651782,17.142838730956267,465338000,-0.009785265499026918,-0.009833455837336021,-0.9785265499026918,-0.9833455837336021
2022-12-12,17.51746368408203,17.52046094302297,16.78020276960981,17.019962525032387,457328000,0.031409940091005506,0.03092674006259347,3.1409940091005506,3.092674006259347
2022-12-13,18.05392837524414,18.77121078174227,17.693289316822757,18.512469006153694,656589000,0.030624564197018422,0.030164991478531664,3.0624564197018422,3.0164991478531666
2022-12-14,17.656326293945312,18.2337493318541,17.402580576281,17.969013028546826,496888000,-0.02202302308034121,-0.022269150206356957,-2.202302308034121,-2.226915020635696
2022-12-15,16.93504524230957,17.302677220211773,16.68329837585279,17.128851458484657,478542000,-0.040851139678081405,-0.04170899161723119,-4.085113967808141,-4.170899161723119
2022-12-16,16.554426193237305,17.023957357323482,16.393587913415725,16.847134332454832,478232000,-0.022475230719865347,-0.022731648026636273,-2.2475230719865347,-2.2731648026636275
2022-12-19,16.237743377685547,16.592387869431995,16.128853140261523,16.555426124711342,354039000,-0.019129797182648733,-0.019315139264082643,-1.9129797182648733,-1.9315139264082644
2022-12-20,16.06891632080078,16.293691733158465,15.836150439306303,16.0479374093435,403260000,-0.010397199472728103,-0.010451627949019361,-1.0397199472728103,-1.0451627949019362
2022-12-21,16.484493255615234,16.61036857261578,16.085892213568325,16.097881246349655,325025000,0.025862163105330183,0.025533393771700875,2.5862163105330183,2.5533393771700874
2022-12-22,15.323660850524902,16.121862595151498,14.867118068515888,16.077905969874042,565045000,-0.07041965968198072,-0.07302204164725966,-7.041965968198072,-7.302204164725966
2022-12-23,15.190792083740234,15.323658484858957,14.86811517713691,15.180801856563045,349326000,-0.008670824033547908,-0.008708634351328607,-0.8670824033547908,-0.8708634351328607
2022-12-27,14.106878280639648,15.084899302148365,14.041942751760569,15.058925281140848,464902000,-0.0713533433362421,-0.07402696056658677,-7.13533433362421,-7.402696056658677
2022-12-28,14.021965026855469,14.247738871660683,13.870116591640242,13.913073815046728,351066000,-0.006019280247190784,-0.006037469140632516,-0.6019280247190784,-0.6037469140632516
2022-12-29,14.588396072387695,14.668315992800219,14.212772636992952,14.387597820165574,354923000,0.04039598190748395,0.03960139251981508,4.039598190748395,3.960139251981508
2022-12-30,14.599383354187012,14.614367741401658,14.218763913231449,14.31966272505459,310490000,0.0007531521453625345,0.0007528686686106553,0.07531521453625345,0.07528686686106553
2023-01-03,14.30068302154541,14.981002656191748,14.081902182591683,14.836147214679976,401277000,-0.020459791033292984,-0.020671991938092434,-2.0459791033292984,-2.0671991938092433
2023-01-04,14.73425006866455,14.838146156406989,14.226758666083303,14.552432867835895,431324000,0.03031792582675452,0.029867420465258934,3.031792582675452,2.9867420465258934
2023-01-05,14.250734329223633,14.549435094565505,14.13385075828424,14.476508145483907,389168000,-0.03281576851130108,-0.03336628307262272,-3.281576851130108,-3.3366283072622718
2023-01-06,14.844138145446777,14.994987137212298,14.019963505906823,14.459522996087983,405044000,0.04164022726928995,0.0407966123766496,4.164022726928995,4.07966123766496
2023-01-09,15.612371444702148,16.039942919360875,15.125858005154026,15.268715599821135,504231000,0.051753311086707665,0.05045859165250153,5.1753311086707665,5.045859165250153
2023-01-10,15.893089294433594,15.946035784394798,15.456526077786554,15.49149092072707,384101000,0.017980474697628646,0.01782073788312275,1.7980474697628646,1.7820737883122753
2023-01-11,15.984997749328613,16.011971174963055,15.547436042925577,15.824159457593446,353285000,0.005782919430724398,0.005766262538279547,0.5782919430724398,0.5766262538279547
2023-01-12,16.49448585510254,16.620359284778843,15.476504976085742,16.083897626620722,551409000,0.03187289193051801,0.03137549273973176,3.187289193051801,3.137549273973176
2023-01-13,16.882102966308594,16.905080685202577,16.148837635119033,16.261723610585914,447287000,0.023499799545806832,0.02322793026750927,2.349979954580683,2.3227930267509267
2023-01-17,17.684297561645508,17.71027253708016,16.882101069354157,16.882101069354157,511102000,0.047517456618872966,0.046423037705246,4.751745661887297,4.6423037705246
2023-01-18,17.3596248626709,17.855127276963216,17.264718637422014,17.649333889444033,439624000,-0.018359377738518368,-0.018530002719752164,-1.8359377738518368,-1.8530002719752163
2023-01-19,16.74823760986328,17.179806805603878,16.7142731124436,17.018966570445794,452932000,-0.03521892077992472,-0.03585406429181941,-3.5218920779924723,-3.5854064291819405
2023-01-20,17.8211612701416,17.838144467896704,16.80817535561797,16.99398826883285,564967000,0.06406188431709725,0.062093551180270955,6.406188431709725,6.209355118027095
2023-01-23,19.17380714416504,19.22575518813864,17.80018219062393,18.045934566497856,655163000,0.07590110731390576,0.07315854981499005,7.590110731390576,7.3158549814990055
2023-01-24,19.245731353759766,19.47550276564291,18.801176728770063,18.808169697179686,496204000,0.003751169971301982,0.003744151878455919,0.3751169971301982,0.3744151878455919
2023-01-25,19.30367660522461,19.350630488500357,18.561419588158877,18.894086765066024,449537000,0.003010810574030076,0.0030062871610258145,0.3010810574030076,0.30062871610258146
2023-01-26,19.782194137573242,20.14583038584764,19.258718073312,19.68129532518558,489535000,0.024788932291743837,0.02448667167062406,2.4788932291743837,2.448667167062406
2023-01-27,20.344633102416992,20.607370568656833,19.385594095701595,19.442536298366885,542142000,0.028431576443559647,0.02803490037575946,2.8431576443559647,2.803490037575946
2023-01-30,19.142837524414062,20.11985820147362,19.13084848856238,19.93004958460622,488611000,-0.05907187276137971,-0.06088852144384453,-5.907187276137971,-6.088852144384453
2023-01-31,19.51746368408203,19.667313303213437,18.931050789927134,19.150830104290442,498017000,0.01957004332247947,0.019381012274624295,1.957004332247947,1.9381012274624294
2023-02-01,20.922054290771484,21.170803892462075,19.591385781806697,19.671305692212208,660477000,0.07196583682310131,0.06949419350562781,7.1965836823101315,6.949419350562781
2023-02-02,21.687288284301758,21.927048029670438,20.679298521540353,20.978997726890935,564276000,0.036575471170047225,0.0359224637210213,3.6575471170047225,3.59224637210213
2023-02-03,21.07889747619629,21.723252844703303,20.768207695861946,20.978997108875344,429366000,-0.02805287595802608,-0.028453875135156202,-2.805287595802608,-2.8453875135156204
2023-02-06,21.067909240722656,21.54842717853091,20.76521087366942,20.78519132864185,452197000,-0.00052129080688601,-0.0005214267261763856,-0.052129080688601004,-0.05214267261763856
2023-02-07,22.150827407836914,22.23674185018041,21.128849688047,21.36061803940656,664150000,0.05140131157490746,0.050123856858117787,5.140131157490746,5.012385685811779
2023-02-08,22.18279457092285,22.855121895585874,21.985991071016887,22.364611775367127,559651000,0.001443158871556438,0.0014421185186016105,0.1443158871556438,0.14421185186016106
2023-02-09,22.31466293334961,22.996980498584975,22.097880878059367,22.583394939904977,523876000,0.005944623523656878,0.00592702396330161,0.5944623523656878,0.5927023963301611
2023-02-10,21.243732452392578,22.05591910392087,20.790187926657033,21.668308556927258,550737000,-0.04799223202052083,-0.049182084581751384,-4.799223202052083,-4.918208458175139
2023-02-13,21.766210556030273,22.025950766178745,20.941036401408137,21.516460573823032,474919000,0.024594458850796252,0.02429688439863598,2.4594458850796252,2.429688439863598
2023-02-14,22.948028564453125,23.025949676572004,21.34463219361314,21.556420076698707,675474000,0.05429599265249374,0.05287323863792698,5.429599265249374,5.287323863792698
2023-02-15,22.741230010986328,22.83213859095707,22.08388914268018,22.52644491453984,420575000,-0.009011604325224298,-0.009052454433346324,-0.9011604325224298,-0.9052454433346324
2023-02-16,21.979997634887695,22.52744803558797,21.905071876709787,22.110865240742353,412026000,-0.03347366768336102,-0.03404673567991475,-3.347366768336102,-3.404673567991475
2023-02-17,21.366613388061523,21.718260686432036,20.954026263972718,21.609370428776998,465888000,-0.027906474650960855,-0.02830325965560042,-2.7906474650960855,-2.830325965560042
2023-02-21,20.634342193603516,21.47250184750639,20.597378544387798,20.97899644931204,410015000,-0.034271748225067844,-0.03487279720789371,-3.4271748225067844,-3.4872797207893713
2023-02-22,20.733243942260742,21.082894293531137,20.400576787707934,20.686291967581294,513184000,0.0047930652564192044,0.004781615092156082,0.47930652564192044,0.4781615092156082
2023-02-23,23.640335083007812,23.864112008367524,23.001974156806483,23.41656006308935,1117995000,0.14021400359938485,0.13121596724434945,14.021400359938486,13.121596724434944
2023-02-24,23.262706756591797,23.450520334830443,22.924047056072464,23.201768856020102,589716000,-0.015973899062346475,-0.016102856938530495,-1.5973899062346475,-1.6102856938530494
2023-02-27,23.47749900817871,23.85611972753348,23.43054702838142,23.646330637168564,452994000,0.009233330146589669,0.009190963543996703,0.9233330146589669,0.9190963543996703
2023-02-28,23.192781448364258,23.801173550334713,23.182791220639693,23.348625571073445,455963000,-0.012127252554254953,-0.012201387661297894,-1.2127252554254953,-1.2201387661297893
2023-03-01,22.675302505493164,23.232745083054898,22.48549196735542,23.168807999209974,460026000,-0.0223120691247487,-0.022564748951684047,-2.23120691247487,-2.2564748951684046
2023-03-02,23.290685653686523,23.35661963979288,22.40956766613419,22.465513328824382,389415000,0.02713891680361402,0.02677718645683424,2.713891680361402,2.6777186456834237
2023-03-03,23.866106033325195,23.876096260572954,23.106865911464638,23.296676418290033,412393000,0.024706030049724825,0.024405771503912245,2.4706030049724825,2.4405771503912246
2023-03-06,23.530447006225586,24.22375134917666,23.463512664360874,23.867109901704033,437429000,-0.014064256088987204,-0.014164094950305838,-1.4064256088987204,-1.4164094950305839
2023-03-07,23.268657684326172,24.104962386623203,23.221695837059915,23.580398819466154,515154000,-0.011125556681101378,-0.011187908584586782,-1.1125556681101378,-1.118790858458678
2023-03-08,24.160919189453125,24.179904417575,23.4045478535388,23.467495262178186,513573000,0.038346066938274026,0.03762912700006635,3.8346066938274026,3.762912700006635
2023-03-09,23.416540145874023,24.43369447307599,23.36358275312628,24.154924912871536,501257000,-0.030809218711514985,-0.03129380175598382,-3.0809218711514985,-3.129380175598382
2023-03-10,22.945932388305664,23.60738338746073,22.70713050905303,23.389563980500274,474866000,-0.020097237022920322,-0.020301933692252857,-2.0097237022920322,-2.0301933692252856
2023-03-13,22.946929931640625,23.278654989366956,22.27848671220757,22.733108829622278,421890000,4.3473645702452046e-05,4.3472700750903606e-05,0.004347364570245205,0.0043472700750903604
2023-03-14,24.04301643371582,24.19888701960605,23.44051655907677,23.476487867060463,474910000,0.04776615021444952,0.046660421891265826,4.776615021444952,4.666042189126583
2023-03-15,24.2078800201416,24.26583051123997,23.340600837359847,23.74126688899198,524486000,0.006857025901067404,0.006833623419005528,0.6857025901067404,0.6833623419005528
2023-03-16,25.51978874206543,25.56674868740069,23.874155298745986,24.00704616957806,583253000,0.05419345770188411,0.05277597948334764,5.419345770188411,5.277597948334764
2023-03-17,25.70363998413086,26.37708012413153,25.646686200323746,25.960426557252433,848547000,0.007204261913123844,0.007178435185755363,0.7204261913123844,0.7178435185755363
2023-03-20,25.878490447998047,26.00238801858856,25.109129452450585,25.593727284385547,432747000,0.006802556524100778,0.006779523532951986,0.6802556524100778,0.6779523532951987
2023-03-21,26.177242279052734,26.370082793772077,25.35992270532718,26.15825895724462,547408000,0.011544407184608252,0.01147827897005048,1.1544407184608252,1.1478278970050482
2023-03-22,26.44602394104004,27.566093460595848,26.215214841606247,26.403058470135374,797295000,0.010267760794741454,0.010215405415565655,1.0267760794741454,1.0215405415565655
2023-03-23,27.168415069580078,27.476159808086926,26.667831750340557,27.092477981931722,564889000,0.02731568004893936,0.026949264482829378,2.731568004893936,2.6949264482829376
2023-03-24,26.75676155090332,27.144439836382894,26.33311386181286,27.00855309347375,454920000,-0.015151915105186875,-0.01526787823767603,-1.5151915105186875,-1.5267878237676031
2023-03-27,26.508970260620117,26.977580691716717,26.343107731941966,26.814715931188335,361026000,-0.009260884947223325,-0.00930403354496929,-0.9260884947223325,-0.930403354496929
2023-03-28,26.388071060180664,26.49098617741666,25.828536573761543,26.42504099387314,356104000,-0.004560690183392446,-0.0045711218600474985,-0.4560690183392446,-0.45711218600474984
2023-03-29,26.961593627929688,27.055515439693604,26.57491583467265,26.802727159767205,393694000,0.021734160349994758,0.021501340870829652,2.1734160349994758,2.1501340870829653
2023-03-30,27.360261917114258,27.476166724602162,27.07949510855174,27.206390462009303,364516000,0.014786525406702555,0.01467827057708851,1.4786525406702555,1.467827057708851
2023-03-31,27.75393295288086,27.810884824300686,27.082490132563102,27.117460914270833,433933000,0.014388423508488124,0.014285892479246404,1.4388423508488124,1.4285892479246405
2023-04-03,27.94178009033203,27.976750876466422,27.313302654961962,27.486159344006186,398716000,0.006768306955633685,0.00674550479629704,0.6768306955633685,0.6745504796297039
2023-04-04,27.43020248413086,27.976749146372356,27.284323812201485,27.942776983152683,368592000,-0.018308697747506097,-0.01847837620628214,-1.8308697747506097,-1.8478376206282139
2023-04-05,26.858678817749023,26.975580335763187,26.37308232607004,26.806721952265576,515015000,-0.020835561338363395,-0.021055684609813493,-2.0835561338363395,-2.1055684609813494
2023-04-06,27.01454734802246,27.057510906173512,26.405053322399837,26.561922527602437,397654000,0.005803283598984521,0.005786509414332035,0.5803283598984521,0.5786509414332035
2023-04-10,27.556093215942383,27.598058147576882,26.64684921899947,26.800720634992633,395279000,0.020046453525328634,0.019848168931034534,2.0046453525328634,1.9848168931034533
2023-04-11,27.14643669128418,27.76692123864769,27.10347122895872,27.70097606708646,314378000,-0.01486627735825774,-0.014977887997321443,-1.486627735825774,-1.4977887997321444
2023-04-12,26.47300148010254,27.445193150748228,26.426039620920893,27.347274949110663,446259000,-0.024807499372389352,-0.02512039093117958,-2.480749937238935,-2.512039093117958
2023-04-13,26.441024780273438,26.864672482211642,26.307137180511106,26.71179965358217,353615000,-0.001207898539692831,-0.0012086286371155515,-0.1207898539692831,-0.12086286371155515
2023-04-14,26.73577880859375,26.860675005002047,26.198225472529604,26.481990027168322,395660000,0.011147602287344682,0.011085925709647242,1.1147602287344682,1.1085925709647242
2023-04-17,26.979576110839844,26.983572499232327,26.411048411628634,26.54293875740368,321471000,0.009118765680681484,0.009077440768393704,0.9118765680681484,0.9077440768393704
2023-04-18,27.644027709960938,28.08666067670505,27.334285638782283,27.51014009932785,604812000,0.024627948059351867,0.02432956919502086,2.4627948059351867,2.432956919502086
2023-04-19,27.90780258178711,27.97674552004222,27.209383707867453,27.338276281480006,358660000,0.00954183936558306,0.009496603543986971,0.954183936558306,0.9496603543986971
2023-04-20,27.081491470336914,28.00672306467075,26.977577746060568,27.648020038897844,427713000,-0.029608605300563973,-0.030055789178676712,-2.9608605300563973,-3.005578917867671
2023-04-21,27.096481323242188,27.160429263560324,26.699811611017537,26.929620174009735,345103000,0.0005535091345205689,0.0005533560048427481,0.055350913452056894,0.05533560048427481
2023-04-24,27.01954460144043,27.34327496276754,26.64885238383688,26.990569353375054,339282000,-0.002839362088529418,-0.002843400723640856,-0.2839362088529418,-0.2843400723640856
2023-04-25,26.219209671020508,27.22437484436602,26.20322411553106,27.055514550596037,378527000,-0.029620592879172958,-0.03006814259887233,-2.962059287917296,-3.006814259887233
2023-04-26,26.933612823486328,27.307302770987576,26.682821824060706,26.97957605431513,406337000,0.027247318337571214,0.026882718252368633,2.7247318337571214,2.688271825236863
2023-04-27,27.203393936157227,27.47217159023553,26.60289311743897,27.340281221046943,377161000,0.010016521527911992,0.009966688667806018,1.0016521527911992,0.9966688667806018
2023-04-28,27.725955963134766,27.73494736073306,27.048517616065947,27.202390959322397,292216000,0.019209442329288784,0.019027270244661037,1.9209442329288784,1.9027270244661036
2023-05-01,28.885990142822266,29.033867945647167,27.75692944439326,27.816879080883538,570329000,0.04183928522536484,0.04098769460758762,4.183928522536484,4.098769460758762
2023-05-02,28.186573028564453,28.812054544580096,28.05967958921287,28.656183952378868,402730000,-0.024213021980539873,-0.02451097661723703,-2.4213021980539873,-2.451097661723703
2023-05-03,27.778913497924805,28.34344486027376,27.449187603389927,27.81688204976608,383387000,-0.014462897998508861,-0.014568505202043516,-1.4462897998508861,-1.4568505202043516
2023-05-04,27.539112091064453,27.83586443324702,27.217378984903736,27.628036978765422,321850000,-0.008632497699316621,-0.008669973536836743,-0.8632497699316621,-0.8669973536836743
2023-05-05,28.656187057495117,28.731123640899572,27.707975614848607,27.802896049466895,361494000,0.04056321651681416,0.03976212090873963,4.056321651681416,3.976212090873963
2023-05-08,29.126794815063477,29.195737767876224,28.32646120146538,28.498317367315533,344979000,0.01642255323864772,0.0162891615512694,1.642255323864772,1.6289161551269402
2023-05-09,28.547279357910156,28.94894604237393,28.426381428809297,28.875008072145896,314869000,-0.019896300325280336,-0.020096896921024995,-1.9896300325280336,-2.0096896921024996
2023-05-10,28.86101531982422,29.08882663839483,28.437367605326653,28.98091460956097,369350000,0.010990047702291061,0.010930095976321963,1.0990047702291061,1.0930095976321963
2023-05-11,28.554264068603516,28.925956755931157,28.22254098038231,28.872000751072463,322149000,-0.010628567561516089,-0.010685454227288196,-1.062856756151609,-1.0685454227288196
2023-05-12,28.31646728515625,28.756102453152394,28.022710790728325,28.505309520725387,274222000,-0.008327890464133292,-0.00836276107798228,-0.8327890464133292,-0.836276107798228
2023-05-15,28.928956985473633,28.944944446377114,28.128623434840744,28.48432681161874,293926000,0.02163015937508761,0.021399547006668466,2.163015937508761,2.1399547006668467
2023-05-16,29.18874168395996,29.845197623603145,28.808059443130762,28.817050841568992,449405000,0.008980092113821225,0.008940010863468163,0.8980092113821225,0.8940010863468163
2023-05-17,30.152938842773438,30.173921312310178,29.40556081091014,29.55943225417957,432535000,0.0330331868791498,0.03249931631956228,3.30331868791498,3.249931631956228
2023-05-18,31.651695251464844,31.80157031583205,30.29482308288843,30.38474850266172,748725000,0.04970515200877679,0.04850931712490373,4.970515200877679,4.850931712490373
2023-05-19,31.238039016723633,31.553776602186183,30.89032841498642,31.50981251370551,473908000,-0.013069007250790632,-0.013155158153786274,-1.3069007250790632,-1.3155158153786273
2023-05-22,31.150110244750977,31.493824430080586,30.654521862103373,30.875337096011975,372000000,-0.0028147980712099896,-0.002818767064994532,-0.28147980712099896,-0.28187670649945323
2023-05-23,30.662511825561523,31.262013877074008,30.60555995967539,30.974252968578593,356253000,-0.015653184382280583,-0.01577698913146354,-1.5653184382280583,-1.577698913146354
2023-05-24,30.51264190673828,30.58158485433067,29.781249395568967,30.184913250484932,721419000,-0.004887724778578129,-0.004899708770918146,-0.48877247785781286,-0.48997087709181464
2023-05-25,37.94845962524414,39.44721397289926,36.60457534049064,38.49100796728165,1543911000,0.24369629287537253,0.21808782695057233,24.369629287537254,21.808782695057232
2023-05-26,38.91365432739258,39.137467318687364,37.518813802813185,37.8585315838267,714397000,0.025434357854840828,0.025116286588687163,2.543435785484083,2.5116286588687164
2023-05-30,40.07768630981445,41.90316857958582,39.915822107319386,40.56128548762709,923401000,0.02991320148522969,0.0294745282879049,2.991320148522969,2.94745282879049
2023-05-31,37.80257797241211,40.26153261415584,37.79058690184261,39.455203631645354,1002580000,-0.05676745707860886,-0.05844242768094878,-5.676745707860887,-5.844242768094878
2023-06-01,39.73698043823242,40.01674674166672,38.30816742592722,38.45704197696047,635873000,0.051171178516767224,0.04990495067519784,5.117117851676722,4.990495067519784
2023-06-02,39.294342041015625,40.46636830283073,39.025564415674026,40.063703080946816,482731000,-0.011139205655166462,-0.011201711214792657,-1.1139205655166462,-1.1201711214792658
2023-06-05,39.13847351074219,39.5321435245976,38.674858118858616,38.87669004097322,396094000,-0.003966691441499193,-0.00397457962890894,-0.3966691441499193,-0.397457962890894
2023-06-06,38.62190628051758,39.12748668498753,38.116325876047625,38.79776265430803,388729000,-0.013198451137416689,-0.013286324747113996,-1.319845113741669,-1.3286324747113996
2023-06-07,37.44775390625,39.470284518759414,37.328840938446405,38.88670945650624,511998000,-0.030401201995041482,-0.030872903349210116,-3.0401201995041482,-3.0872903349210117
2023-06-08,38.48200607299805,38.83574884803621,37.47773933461828,37.69657810413266,417772000,0.027618536730861898,0.027244024949264072,2.76185367308619,2.7244024949264074
2023-06-09,38.74180603027344,39.682119792428765,38.53895454086383,39.00861015404978,427717000,0.006751206181470071,0.0067285188430421024,0.6751206181470071,0.6728518843042103
2023-06-12,39.45329284667969,39.50125828347373,38.58992260823452,39.17150019392895,388701000,0.018364833478601517,0.018198236516575577,1.8364833478601517,1.8198236516575577
2023-06-13,40.9921760559082,41.07112100095235,39.711110397236205,40.15678529799824,613208000,0.03900519064932806,0.03826370791724659,3.900519064932806,3.826370791724659
2023-06-14,42.96574020385742,42.968736375923285,40.5225143610938,40.79431977201554,740465000,0.04814489831565716,0.04702183809315663,4.814489831565716,4.702183809315663
2023-06-15,42.62199401855469,43.25753327513272,42.116361328067455,42.571032403423146,568622000,-0.008000471623944572,-0.008032647124740755,-0.8000471623944572,-0.8032647124740755
2023-06-16,42.66096115112305,43.689212322344694,42.6299816471878,43.41840945055139,655709000,0.0009142494025828896,0.000913831731149015,0.09142494025828896,0.09138317311490149
2023-06-20,43.77614974975586,43.95802045275375,42.642975308832675,42.96674106849241,451153000,0.026140728397617385,0.025804899523619564,2.6140728397617385,2.5804899523619564
2023-06-21,43.013702392578125,43.58329148223386,42.04940765326737,43.46937213953319,551603000,-0.01741695789913522,-0.017570417588183774,-1.7416957899135221,-1.7570417588183773
2023-06-22,42.99372100830078,43.39442663272672,42.20329572401854,42.22227910485018,417737000,-0.000464535326324067,-0.0004646432562849158,-0.0464535326324067,-0.04646432562849158
2023-06-23,42.178314208984375,42.77787649157712,41.98445500064074,42.4331298944521,358140000,-0.018965718253578845,-0.019147874312354967,-1.8965718253578845,-1.9147874312354967
2023-06-26,40.60246658325195,42.73291690766179,40.070851773400804,42.43013574055072,594322000,-0.0373615602066133,-0.03807738961168067,-3.73615602066133,-3.8077389611680665
2023-06-27,41.84555435180664,41.90950699852485,40.41859495947549,40.769337698334375,462175000,0.030616065307407903,0.030156745095757217,3.0616065307407903,3.015674509575722
2023-06-28,41.08711624145508,41.8145877625639,40.48855257782623,40.63044766274905,582639000,-0.018124699794276222,-0.01829096422490287,-1.8124699794276222,-1.829096422490287
2023-06-29,40.792320251464844,41.56975450915622,40.57048152757147,41.527785226902004,380514000,-0.007174900965495334,-0.00720076435317701,-0.7174900965495334,-0.720076435317701
2023-06-30,42.271240234375,42.51906101069841,41.470823955071786,41.64969465752979,501148000,0.03625486301816938,0.03561312035688139,3.625486301816938,3.561312035688139
2023-07-03,42.382164001464844,42.8668120169638,42.171318861986485,42.48608848507777,198209000,0.0026240954009113526,0.002620658473811586,0.26240954009113526,0.2620658473811586
2023-07-05,42.28623962402344,43.14561125771648,42.05440601633571,42.10436890718979,323618000,-0.0022633194812348156,-0.002265884660048912,-0.22633194812348156,-0.2265884660048912
2023-07-06,42.072391510009766,42.14833647102733,41.31594188398918,41.81358093287342,303582000,-0.005057156084699033,-0.0050699867746789515,-0.5057156084699033,-0.5069986774678952
2023-07-07,42.472103118896484,43.18258864442645,42.14933985780963,42.291234930923494,355881000,0.009500567819911598,0.009455721246982877,0.9500567819911598,0.9455721246982877
2023-07-10,42.149330139160156,42.77987184120869,41.61871419976329,42.62598448947878,353908000,-0.007599646733592591,-0.007628671192761434,-0.7599646733592591,-0.7628671192761434
2023-07-11,42.374176025390625,42.72692008207876,42.036424267728336,42.4501209970387,298244000,0.005334506752257218,0.005320328670808583,0.5334506752257218,0.5320328670808583
2023-07-12,43.87008285522461,43.903059808967086,42.74590075117866,43.001715152832105,481277000,0.035302322549885856,0.03469348314671652,3.5302322549885856,3.469348314671652
2023-07-13,45.943580627441406,46.12144883056754,44.459659460176354,44.48564153669653,478204000,0.047264505495910214,0.046181531783611236,4.726450549591021,4.618153178361124
2023-07-14,45.435943603515625,48.05303894524698,45.027240569884796,46.54913208580055,772075000,-0.011049139335530533,-0.011110634474022047,-1.1049139335530533,-1.1110634474022048
2023-07-17,46.427223205566406,46.46219760945773,45.22909733231496,46.255351170399976,510488000,0.021817079682572738,0.021582493064128377,2.1817079682572738,2.158249306412838
2023-07-18,47.45947265625,47.86118084029625,45.70075380485252,46.66704987722195,569164000,0.02223371072857594,0.021990145411836488,2.223371072857594,2.1990145411836486
2023-07-19,47.04277038574219,47.78323273939186,46.708014876201304,47.42949003823852,427502000,-0.008780170684280386,-0.008818943504395714,-0.8780170684280386,-0.8818943504395713
2023-07-20,45.486907958984375,47.052770110424305,45.029240736563175,46.473189933800484,537865000,-0.0330733588604587,-0.03363264872345079,-3.30733588604587,-3.3632648723450793
2023-07-21,44.27678298950195,45.83265398251241,44.067935310129315,45.754707765315004,963769000,-0.026603808079757707,-0.026964093733190562,-2.6603808079757707,-2.696409373319056
2023-07-24,44.579566955566406,45.076207287411634,44.00798419764258,44.69847992512501,382516000,0.006838436436004125,0.006815160383843068,0.6838436436004125,0.6815160383843069
2023-07-25,45.64578628540039,46.149417616243355,44.89033547721247,44.90832394413835,348081000,0.023917220436365128,0.023635683932022037,2.3917220436365128,2.3635683932022036
2023-07-26,45.4189567565918,46.01952157703273,44.59755574079193,45.98754334626847,364237000,-0.004969342129202081,-0.004981730367771891,-0.4969342129202081,-0.4981730367771891
2023-07-27,45.866634368896484,47.36054650639366,45.71674188711987,46.48518386639015,455976000,0.009856624728389773,0.00980836506203644,0.9856624728389773,0.9808365062036439
2023-07-28,46.716007232666016,46.99280624791051,46.3472760576362,46.634066124454165,331194000,0.01851831675588378,0.018348940573953715,1.851831675588378,1.8348940573953716
2023-07-31,46.695037841796875,47.095747374175,46.47220034328317,46.720021196774105,251055000,-0.0004488695012975219,-0.0004489702733689207,-0.04488695012975219,-0.04489702733689207
2023-08-01,46.47319412231445,46.8659100066495,45.99354349080503,46.426227402155924,237858000,-0.004750905657985083,-0.004762227082516447,-0.4750905657985083,-0.4762227082516447
2023-08-02,44.23681640625,45.80667339857495,43.35545767140817,45.79768107011527,530142000,-0.048121885278176735,-0.04931828314179572,-4.812188527817673,-4.931828314179572
2023-08-03,44.482635498046875,45.08519773730657,43.76815517445485,43.76815517445485,324176000,0.0055568893009703135,0.0055415067513912945,0.5556889300970314,0.5541506751391294
2023-08-04,44.64752197265625,45.60882067268021,44.36073184609566,44.95230057010458,362666000,0.003706760464240455,0.003699907357666249,0.3706760464240455,0.3699907357666249
2023-08-07,45.38397979736328,45.50689146915822,44.53060059886417,45.078202515862756,322154000,0.01649493168194338,0.016360368025573568,1.649493168194338,1.6360368025573568
2023-08-08,44.631526947021484,45.20910580762462,44.0239673068551,44.820388704613485,353843000,-0.01657970177365342,-0.01671868335261716,-1.6579701773653421,-1.6718683352617159
2023-08-09,42.52306365966797,44.279784996235016,42.10336702177276,44.2418106099287,586449000,-0.047241567375821636,-0.048393888441643454,-4.724156737582163,-4.839388844164345
2023-08-10,42.35718536376953,43.54232399177734,41.80458597956359,42.129350474246436,492705000,-0.0039009018076882063,-0.00390853016993527,-0.3900901807688206,-0.39085301699352704
2023-08-11,40.825294494628906,41.98745090774671,40.6094519413775,41.72064293519623,533085000,-0.03616602132517843,-0.036836220495059885,-3.6166021325178432,-3.6836220495059884
2023-08-14,43.721195220947266,43.76816194200566,40.28169960823156,40.45657164204001,690286000,0.0709339825264299,0.06853114860067791,7.093398252642991,6.853114860067791
2023-08-15,43.90805435180664,45.23509182651046,43.67822201869262,44.52760635786077,676512000,0.004273879749056908,0.0042647726641719666,0.4273879749056908,0.42647726641719663
2023-08-16,43.45438766479492,44.6425224910749,43.37444399152848,44.487636389026356,527451000,-0.01033219744552516,-0.010385945139276112,-1.033219744552516,-1.0385945139276112
2023-08-17,43.31249237060547,44.02996891832421,42.969739400582895,43.938036744094546,452395000,-0.0032653847359218613,-0.003270727739136666,-0.32653847359218613,-0.3270727739136666
2023-08-18,43.267520904541016,43.546317397362685,41.62971253779868,42.60400217656772,583768000,-0.0010383024296928278,-0.0010388418390729522,-0.10383024296928278,-0.10388418390729522
2023-08-21,46.932857513427734,47.030785847728,44.18985399309083,44.46165562877054,692573000,0.08471334923425289,0.08131575783282809,8.471334923425289,8.131575783282809
2023-08-22,45.634803771972656,48.151973748830216,45.30004819413079,48.100009595272404,755293000,-0.027657675458684694,-0.028047350782445257,-2.7657675458684694,-2.8047350782445255
2023-08-23,47.08175277709961,47.165691352034756,45.17513874604211,45.83266139495846,779046000,0.0317071376565361,0.031214845445261135,3.17071376565361,3.1214845445261137
2023-08-24,47.12871551513672,50.229460591357814,47.12472061839676,50.17949769863766,1156044000,0.0009974721684522514,0.0009969750236534349,0.09974721684522514,0.09969750236534348
2023-08-25,45.98454666137695,47.7702462695261,44.99126600172495,46.97782350910496,925341000,-0.024277531039272326,-0.02457708857878123,-2.4277531039272326,-2.457708857878123
2023-08-28,46.80095291137695,46.945847962697144,44.85536966380344,46.44820888033288,685192000,0.01775392624856975,0.01759816616660725,1.7753926248569751,1.759816616660725
2023-08-29,48.748531341552734,49.04531628812588,46.35726964870884,46.632071231077255,701397000,0.04161407640275505,0.040771506592406,4.161407640275505,4.0771506592405995
2023-08-30,49.228179931640625,49.89069606305402,48.389789269751844,49.008338674508195,735206000,0.009839241857919179,0.009791151707532322,0.9839241857919179,0.9791151707532322
2023-08-31,49.31911849975586,49.70783563609758,48.922407758819745,49.34410184954682,528570000,0.001847286823147165,0.0018455826872061695,0.1847286823147165,0.18455826872061695
2023-09-01,48.473731994628906,49.76379378137674,48.10699823052651,49.72582320725818,463830000,-0.01714115196789534,-0.017289762195180424,-1.714115196789534,-1.7289762195180425
2023-09-05,48.51271057128906,48.81549172198567,47.825210956107306,48.18794605289678,382653000,0.000804117509757063,0.000803794380483316,0.0804117509757063,0.0803794380483316
2023-09-06,47.030662536621094,48.51770224742843,46.54997362392489,48.40977397493204,468670000,-0.030549685169417806,-0.03102605385342753,-3.0549685169417806,-3.1026053853427533
2023-09-07,46.21118927001953,46.31412350573911,45.122890653596215,45.49565127611613,433330000,-0.017424233944471235,-0.017577822633827768,-1.7424233944471235,-1.7577822633827769
2023-09-08,45.54262161254883,46.575955463730146,45.241816956969146,45.912385845022,473069000,-0.014467657466336825,-0.014573334527404091,-1.4467657466336825,-1.4573334527404092
2023-09-11,45.14888000488281,46.1332418790325,44.283437093528,46.118252157877485,473966000,-0.008645563073108709,-0.008683152766393627,-0.8645563073108709,-0.8683152766393627
2023-09-12,44.841064453125,45.6435480404055,44.50228235627625,44.70914960399926,349256000,-0.006817789316690082,-0.0068411366207848,-0.6817789316690082,-0.68411366207848
2023-09-13,45.45568084716797,45.900393693899545,44.47431159036819,44.571249185878756,398355000,0.013706552276105288,0.013613467108425968,1.3706552276105288,1.361346710842597
2023-09-14,45.55161666870117,45.9573531646138,45.10190600685458,45.92037826774396,370097000,0.0021105353554324857,0.0021083113044316456,0.21105353554324857,0.21083113044316457
2023-09-15,43.871700286865234,45.56960248299807,43.77975673017383,45.31176938864075,506831000,-0.03687940197719086,-0.03757664343313055,-3.687940197719086,-3.7576643433130554
2023-09-18,43.937652587890625,44.21347561321812,41.97292056005233,42.7204393860463,500271000,0.001503299407001446,0.0015021705836126438,0.1503299407001446,0.1502170583612644
2023-09-19,43.491943359375,43.93765497175379,42.97427575565499,43.80474129556245,373064000,-0.010144129289202497,-0.010195931592655279,-1.0144129289202497,-1.0195931592655278
2023-09-20,42.211769104003906,43.874697872716084,42.1957805773011,43.571891798323115,367108000,-0.02943474483981967,-0.02987663993160633,-2.943474483981967,-2.9876639931606332
2023-09-21,40.99055862426758,42.07286070255986,40.95358372498065,41.5561956700247,450736000,-0.028930568551330693,-0.029357308150712844,-2.8930568551330693,-2.935730815071284
2023-09-22,41.58317184448242,42.087847304445255,41.20441459488325,41.54519433277662,479236000,0.014457310173469962,0.014353799727061934,1.4457310173469962,1.4353799727061933
2023-09-25,42.19478225708008,42.508579017607495,41.15045392041829,41.56418850458507,419091000,0.01470812315340031,0.014601007743804498,1.470812315340031,1.4601007743804497
2023-09-26,41.88397979736328,42.79239417282539,41.62814431891952,41.97392192797056,402282000,-0.0073658979402517755,-0.007393160122619505,-0.7365897940251775,-0.7393160122619505
2023-09-27,42.44062042236328,42.844363114706354,41.60216441597511,42.30271271186717,444935000,0.013290060488355016,0.01320252237276257,1.3290060488355016,1.320252237276257
2023-09-28,43.061214447021484,43.41798267758721,42.08784351392444,42.432618445848725,424663000,0.014622642611774594,0.01451676268812572,1.4622642611774594,1.451676268812572
2023-09-29,43.470951080322266,44.115535622315164,43.279073545812075,43.79873869157932,397830000,0.009515213134661638,0.009470228627151418,0.9515213134661638,0.9470228627151418
2023-10-02,44.75312805175781,45.14587240598545,43.83272043820974,44.00161019361143,433298000,0.02949502919930236,0.029068419110089703,2.949502919930236,2.9068419110089705
2023-10-03,43.48894119262695,45.10090400420974,43.2181160083425,44.77910920077743,470850000,-0.02824801112603359,-0.02865466255885405,-2.824801112603359,-2.865466255885405
2023-10-04,44.01260757446289,44.11454300550294,43.26408989829739,43.713800550252934,361821000,0.012041368850909562,0.011969448340953865,1.2041368850909562,1.1969448340953865
2023-10-05,44.65919494628906,44.87106009571042,43.859711368944936,44.02160569733858,393483000,0.014690958056330583,0.014584091310532137,1.4690958056330583,1.4584091310532137
2023-10-06,45.73249816894531,45.759481188953075,43.99761731119279,44.16450946291641,434436000,0.024033196835435477,0.02374894487644356,2.4033196835435477,2.3748944876443563
2023-10-09,45.24380874633789,45.57559541910592,44.33939347095082,44.813086880403254,409675000,-0.010685823914584835,-0.01074332734552191,-1.0685823914584835,-1.074332734552191
2023-10-10,45.76847839355469,46.229179763507624,45.05893698303584,45.28079400115597,368582000,0.011596496001439416,0.011529771989405331,1.1596496001439416,1.152977198940533
2023-10-11,46.77582550048828,46.82879273607268,46.02031234982247,46.16621813703432,378137000,0.02200962632560355,0.021770910842440427,2.200962632560355,2.1770910842440427
2023-10-12,46.91473388671875,47.57830726462998,46.30013251687724,46.746842929581085,481325000,0.00296966188718617,0.0029652611516358123,0.296966188718617,0.29652611516358124
2023-10-13,45.43169021606445,47.0856258439627,45.25080714920821,46.92972437247631,474115000,-0.03161146931442227,-0.032121897559643814,-3.161146931442227,-3.2121897559643813
2023-10-16,46.065284729003906,46.19519817588755,44.8830449142491,45.03394854361238,375099000,0.013946091592150767,0.013849739645425055,1.3946091592150767,1.3849739645425054
2023-10-17,43.90967559814453,44.72515146398081,42.452615298122,43.971635905037324,812333000,-0.04679465553161222,-0.04792492690336937,-4.679465553161222,-4.792492690336937
2023-10-18,42.168792724609375,43.19113575483381,41.79803354808787,42.563538500675094,627294000,-0.039646908108989076,-0.040454258090448586,-3.9646908108989076,-4.0454258090448585
2023-10-19,42.07386016845703,43.26908828015481,41.85499958396407,42.783401532452814,501233000,-0.002251251459161163,-0.0022537893353744677,-0.22512514591611632,-0.22537893353744679
2023-10-20,41.36031723022461,42.44261916103959,41.05151453316081,41.86299127969732,477266000,-0.01695929338015356,-0.017104749092318485,-1.6959293380153562,-1.7104749092318485
2023-10-23,42.947296142578125,43.22012278548461,40.91860593108143,41.20242325687503,478530000,0.03836960203955608,0.037651792694397675,3.8369602039556083,3.7651792694397677
2023-10-24,43.63484573364258,43.668824208033044,42.663476137534204,43.04922503107713,401463000,0.01600914732284653,0.015882352386279188,1.6009147322846529,1.5882352386279188
2023-10-25,41.7520637512207,43.62185968396837,41.52820914347359,43.37001943801499,398379000,-0.04314858803248256,-0.04410716398570598,-4.314858803248256,-4.410716398570598
2023-10-26,40.30000305175781,42.22875913409801,39.85429143072344,41.82601906009142,541001000,-0.03477817786720627,-0.035397336563512787,-3.4778177867206272,-3.5397336563512787
2023-10-27,40.47389221191406,41.17943837928563,39.98920425077625,41.10348715819275,416784000,0.004314867170926107,0.004305584823393448,0.43148671709261066,0.43055848233934485
2023-10-30,41.13446807861328,41.73907765520457,40.454906082459445,41.06051827775502,388028000,0.016321036366864883,0.01618927992095819,1.6321036366864883,1.6189279920958188
2023-10-31,40.75370788574219,40.8526468966784,39.204707934267006,40.42392261933526,517969000,-0.009256475424537225,-0.009299582814392178,-0.9256475424537225,-0.9299582814392178
2023-11-01,42.2977180480957,42.353681706486846,40.84265530544935,40.857645026484356,437593000,0.03788637261380812,0.037186311134924856,3.7886372613808117,3.7186311134924854
2023-11-02,43.47795104980469,43.855705696322225,42.86634611035468,43.300064408208144,409172000,0.027902994680870652,0.027520799429587104,2.790299468087065,2.7520799429587104
2023-11-03,44.97598648071289,45.27978753454021,43.694811487819166,43.99162089726106,424610000,0.03445506043263591,0.033874776402108286,3.445506043263591,3.387477640210829
2023-11-06,45.72150421142578,45.90538750972343,44.87005229839821,45.25580503371784,400733000,0.016575906145662733,0.016440025322560517,1.6575906145662733,1.6440025322560516
2023-11-07,45.92537307739258,46.18820018807057,45.12888604597762,45.68952517362853,343165000,0.004458927357771536,0.004449015793555225,0.4458927357771536,0.4449015793555225
2023-11-08,46.543968200683594,46.836778528521826,45.93835617224409,46.07027102192363,346719000,0.013469572087059012,0.013379663851493622,1.3469572087059012,1.3379663851493622
2023-11-09,46.91973114013672,48.198904678121394,46.719859321767146,47.43639611181253,540496000,0.008073289708194764,0.008040875049919181,0.8073289708194764,0.8040875049919181
2023-11-10,48.303836822509766,48.44074953358826,47.252516922257165,47.46937607383316,421245000,0.029499437629748826,0.029072701229850097,2.9499437629748826,2.9072701229850098
2023-11-13,48.588653564453125,49.08433598855006,48.06798954522677,48.28884773723465,384136000,0.005896358564432491,0.005879043074490456,0.5896358564432491,0.5879043074490455
2023-11-14,49.623985290527344,49.801871937843956,49.00838510603704,49.64797189172138,416954000,0.021308096646490693,0.02108425335516857,2.1308096646490693,2.108425335516857
2023-11-15,48.856483459472656,49.927790961524366,48.168927272564574,49.902809365822506,475497000,-0.015466348108909234,-0.01558719977958016,-1.5466348108909234,-1.558719977958016
2023-11-16,49.44810485839844,49.49307783387502,48.29884843286255,48.647622492403215,339756000,0.012109373353007324,0.012036641461214567,1.2109373353007324,1.2036641461214568
2023-11-17,49.2662239074707,49.68495254819164,48.975411113822275,49.49207615888525,325205000,-0.0036782188407133987,-0.003685000121430172,-0.36782188407133987,-0.3685000121430172
2023-11-20,50.376502990722656,50.515413319946866,49.14929401076898,49.28021007685078,414120000,0.022536313831098997,0.022286123053427056,2.2536313831098997,2.2286123053427054
2023-11-21,49.911800384521484,50.48442900851123,49.1902657498463,50.09368225266799,565747000,-0.0092245904064987,-0.009267400413819104,-0.92245904064987,-0.9267400413819105
2023-11-22,48.684593200683594,50.302548939584284,47.659253670052365,49.819862426084605,899420000,-0.024587515865656218,-0.024894836798606077,-2.4587515865656218,-2.4894836798606077
2023-11-24,47.745201110839844,48.88946341849403,47.71421905232239,48.43875395222816,294645000,-0.01929546963597839,-0.019484057073759862,-1.929546963597839,-1.9484057073759862
2023-11-27,48.210899353027344,48.49871188238506,47.62127956875629,47.769182964937485,395662000,0.009753823030431708,0.009706561570020509,0.9753823030431708,0.9706561570020509
2023-11-28,47.790164947509766,48.29184398043461,47.442389759187826,48.204898277235316,401491000,-0.008726956168909505,-0.008765259058812619,-0.8726956168909505,-0.8765259058812619
2023-11-29,48.10896682739258,48.730567513457544,47.82914854414182,48.34781498680007,382005000,0.006670867954378545,0.006648716174574148,0.6670867954378545,0.6648716174574149
2023-11-30,46.73985290527344,48.078989304931206,46.39207765014372,47.99304239147562,526247000,-0.028458601637223024,-0.02887139824415708,-2.8458601637223024,-2.887139824415708
2023-12-01,46.73485565185547,47.16957663238465,46.157229102972245,46.49501248567539,369317000,-0.00010691632744541657,-0.0001069220434033769,-0.010691632744541657,-0.01069220434033769
2023-12-04,45.48065948486328,46.04729530005155,44.98098181883111,46.04729530005155,437543000,-0.02683641897463296,-0.027203090654030527,-2.683641897463296,-2.7203090654030526
2023-12-05,46.540069580078125,46.57404722962781,45.245788774851796,45.44067987557897,371718000,0.023293639696834845,0.023026483608831836,2.3293639696834845,2.302648360883184
2023-12-06,45.477664947509766,47.36061873070036,45.38671600748787,47.188713605709914,380590000,-0.022827740528843843,-0.023092327771491856,-2.2827740528843843,-2.3092327771491856
2023-12-07,46.5700569152832,46.6030394870367,45.578608662273986,45.67455588233509,350823000,0.024020405819741963,0.02373645397710665,2.4020405819741963,2.373645397710665
2023-12-08,47.47954559326172,47.71441533754204,46.52407668516983,46.5690536083124,359224000,0.019529473189886515,0.019341220070006743,1.9529473189886515,1.9341220070006742
2023-12-11,46.601036071777344,47.504532035793474,45.8044827851011,47.46455720613541,509728000,-0.018502904998506375,-0.01867622502395591,-1.8502904998506375,-1.8676225023955912
2023-12-12,47.630470275878906,47.639464136950096,46.020367077736175,46.020367077736175,372387000,0.02209037160710281,0.02184991410218596,2.209037160710281,2.184991410218596
2023-12-13,48.06122589111328,48.5669446692335,47.58149361223289,47.60248182794816,447792000,0.00904369855555509,0.009003049210239915,0.9043698555555091,0.9003049210239915
2023-12-14,48.32307434082031,48.64289584092454,47.395593515547255,48.36305298147659,391232000,0.0054482266078745845,0.005433438708856878,0.5448226607874584,0.5433438708856878
2023-12-15,48.86277389526367,49.37648760181643,48.09320222955156,48.16716233251439,479948000,0.011168568262790668,0.01110666032647131,1.1168568262790668,1.110666032647131
2023-12-18,50.04911804199219,50.40491882356695,49.12263603296827,49.37249683921415,412587000,0.024279099448414776,0.023989047535209775,2.4279099448414776,2.3989047535209775
2023-12-19,49.57637405395508,49.67232125952952,48.86776928450163,49.396473996646186,464444000,-0.009445600772434504,-0.009490493374787533,-0.9445600772434504,-0.9490493374787533
2023-12-20,48.08420944213867,49.97115859701397,48.07121619318162,49.62734838444094,397894000,-0.03009830065814112,-0.030560553504724516,-3.009830065814112,-3.0560553504724517
2023-12-21,48.96272277832031,49.06766385409553,48.39203776733346,48.783821596134075,300425000,0.018270308410472724,0.018105411772219072,1.8270308410472724,1.810541177221907
2023-12-22,48.80281066894531,49.355500319360594,48.44001003124747,49.16760528234189,252507000,-0.0032659970749381317,-0.003271342084414724,-0.3265997074938132,-0.3271342084414724
2023-12-26,49.25156021118164,49.57238062064836,48.93273759007069,48.940732556066926,244200000,0.009195157739590565,0.009153139655528272,0.9195157739590565,0.9153139655528272
2023-12-27,49.389488220214844,49.65234228998856,49.05767232034617,49.483437657255976,233648000,0.002800479993766647,0.0027965659554234634,0.2800479993766647,0.27965659554234634
2023-12-28,49.494422912597656,49.85622084400242,49.384483556355164,49.61535772949362,246587000,0.002124636155672155,0.002122382308114582,0.2124636155672155,0.2122382308114582
2023-12-29,49.494422912597656,49.969160695229064,48.7238523373362,49.78526123454254,389293000,0.0,0.0,0.0,0.0
2024-01-02,48.14117431640625,49.26754558758411,47.568495374432075,49.216575301212856,411254000,-0.027341435995346663,-0.027722168960691823,-2.7341435995346663,-2.772216896069182
2024-01-03,47.542510986328125,48.15716638258974,47.29364909537562,47.45855812854748,320896000,-0.012435578038529571,-0.012513546905391524,-1.243557803852957,-1.2513546905391524
2024-01-04,47.971275329589844,48.47299471292731,47.48154648897857,47.74040114665584,306535000,0.009018546441205366,0.008978122214639669,0.9018546441205366,0.8978122214639669
2024-01-05,49.069664001464844,49.51941421396134,48.27910404671196,48.43501923291163,415039000,0.022896799476946228,0.02263860160404217,2.289679947694623,2.2638601604042172
2024-01-08,52.22390365600586,52.24589457837139,49.45144996976697,49.48443254074205,642510000,0.06428084884475371,0.062299311770440284,6.428084884475371,6.229931177044028
2024-01-09,53.110416412353516,54.29475809672614,51.66122286319163,52.37182939884466,773100000,0.016975229622569588,0.01683276044981235,1.6975229622569588,1.683276044981235
2024-01-10,54.319740295410156,54.56960111335146,53.45921957741913,53.58615158748565,533796000,0.022769994376759417,0.02251462725911932,2.2769994376759417,2.251462725911932
2024-01-11,54.79146957397461,55.31517984530642,53.530175126278365,54.96837295906674,596759000,0.008684306589078261,0.008646814901788886,0.8684306589078261,0.8646814901788886
2024-01-12,54.679534912109375,54.93939227133335,54.29974925258684,54.58958487431233,352994000,-0.002042921329461933,-0.002045010939665653,-0.2042921329461933,-0.2045010939665653
2024-01-16,56.35060501098633,56.80335188433168,54.86943178251625,54.98736610755934,449580000,0.030561161530781034,0.03010347090281062,3.0561161530781034,3.010347090281062
2024-01-17,56.021793365478516,56.43955990801359,54.70952466514394,56.31562839717504,474394000,-0.005835104085283649,-0.005852194821706795,-0.5835104085283649,-0.5852194821706795
2024-01-18,57.075199127197266,57.56792463682623,56.07575596466505,57.22811380906235,491650000,0.018803499467546114,0.01862889900884999,1.8803499467546114,1.862889900884999
2024-01-19,59.45787811279297,59.46687197330924,57.19313710812396,57.956711672124605,543501000,0.041746310517212226,0.040898449694007584,4.174631051721223,4.089844969400758
2024-01-22,59.620784759521484,60.29740976678535,59.037110289114665,60.01556528618006,452955000,0.002739866471848762,0.0027361198795884294,0.2739866471848762,0.27361198795884295
2024-01-23,59.83966064453125,59.87663879045011,58.55237585802376,59.5368279679321,294654000,0.003671133915673863,0.003664411750516169,0.3671133915673863,0.3664411750516169
2024-01-24,61.32783508300781,62.814006680232,59.90462813486255,60.27042548611156,560271000,0.024869366277272986,0.02456515693387657,2.4869366277272986,2.456515693387657
2024-01-25,61.582698822021484,62.684086535770675,60.81612370107293,62.31528866145344,482777000,0.004155759593807762,0.004147148274378574,0.4155759593807762,0.4147148274378574
2024-01-26,60.997013092041016,61.748597055065574,60.53927175910999,60.92605348243829,390309000,-0.00951055639300813,-0.009556070540918256,-0.9510556393008129,-0.9556070540918257
2024-01-29,62.430213928222656,62.45419882429467,60.87308290712382,61.197898867345,348733000,0.02349624618535051,0.02322445848703003,2.349624618535051,2.322445848703003
2024-01-30,62.739044189453125,63.457645602005435,62.225330458008614,62.86497729318725,410735000,0.004946807672091769,0.004934612420858566,0.49468076720917686,0.4934612420858566
2024-01-31,61.492740631103516,62.23432804617364,60.66620146120928,61.40578727537811,453795000,-0.019864879588954887,-0.02006483885135901,-1.9864879588954887,-2.006483885135901
2024-02-01,62.991905212402344,63.15581535659614,61.615673062934434,62.06541944015991,369146000,0.024379537583018918,0.024087100117391205,2.4379537583018918,2.4087100117391205
2024-02-02,66.1231689453125,66.56291878931643,63.654539090246594,63.938381369175765,476578000,0.04970898597767204,0.04851296954281012,4.970898597767204,4.851296954281012
2024-02-05,69.29339599609375,69.45830503749701,67.16758142852466,68.18701012748092,680078000,0.04794426978239952,0.046830406796316934,4.794426978239952,4.683040679631693
2024-02-06,68.18501281738281,69.71515858330277,66.26308702618283,69.59122707783612,683111000,-0.015995509568811128,-0.016124818493965964,-1.5995509568811128,-1.6124818493965964
2024-02-07,70.0599594116211,70.18089422020962,67.56235060844563,68.28095195120673,495575000,0.027497928309552,0.027126651142474985,2.7497928309552,2.7126651142474985
2024-02-08,69.60221862792969,70.75457644757603,69.41632519274872,70.0349761659854,414422000,-0.006533557648842669,-0.006554994761374875,-0.6533557648842669,-0.6554994761374875
2024-02-09,72.09284973144531,72.14481511205457,70.17291382776136,70.49373428612587,436637000,0.03578378897416634,0.03515842415547005,3.578378897416634,3.515842415547005
2024-02-12,72.20777130126953,74.56945447682682,71.21032591879988,72.55957267433736,613710000,0.0015940772247500234,0.0015928080322656576,0.15940772247500234,0.15928080322656576
2024-02-13,72.08784484863281,73.40910749101484,69.58124543898839,70.36080999462226,602580000,-0.0016608524328545204,-0.0016622331772766497,-0.16608524328545204,-0.16622331772766497
2024-02-14,73.85885620117188,74.19466766232887,71.89795059750436,73.16124677886643,504917000,0.024567406006626546,0.02427048058482778,2.4567406006626546,2.427048058482778
2024-02-15,72.61753845214844,73.93380643951798,72.35968650824275,73.82787028335872,420122000,-0.01680662026016788,-0.016949454133949445,-1.6806620260167882,-1.6949454133949444
2024-02-16,72.57257080078125,74.36057621751523,72.46063364613941,74.05874240761452,495327000,-0.0006192395435824505,-0.0006194313515761024,-0.06192395435824505,-0.061943135157610234
2024-02-20,69.413330078125,71.91593356383504,67.6962844049487,71.90693589131082,704833000,-0.04353215943429467,-0.04450811265796006,-4.353215943429467,-4.4508112657960055
2024-02-21,67.43444061279297,68.84965273678795,66.21112295055113,67.9681399359681,673755000,-0.028508781571274344,-0.02892304939363221,-2.8508781571274344,-2.8923049393632208
2024-02-22,78.4942626953125,78.53123702620657,74.1786666792708,74.98321866434527,865100000,0.164008509331675,0.15186965970492627,16.400850933167497,15.186965970492627
2024-02-23,78.77312469482422,82.34812926609345,77.5268172404039,80.7450259181588,829388000,0.0035526418101941015,0.0035463460848436357,0.35526418101941015,0.35463460848436357
2024-02-26,79.0479736328125,80.60110940022084,78.4612947940882,79.6556292519544,503973000,0.003489120674761592,0.003483047815080607,0.3489120674761592,0.3483047815080607
2024-02-27,78.65718078613281,79.43575404356761,77.11904376268178,79.3368025112215,391705000,-0.004943742751648106,-0.004956003473774545,-0.4943742751648106,-0.4956003473774545
2024-02-28,77.61975860595703,78.88904810428491,77.08205615581203,77.57678328073024,393110000,-0.013189160478513817,-0.013276909870152722,-1.3189160478513817,-1.3276909870152722
2024-02-29,79.06794738769531,79.94545684182245,78.30637065695909,79.04995966772168,507289000,0.018657475979668048,0.018485560324195155,1.8657475979668048,1.8485560324195154
2024-03-01,82.2331771850586,82.2541692109824,79.39075927311268,79.95544705800646,479135000,0.040031768901792164,0.03925125970768455,4.003176890179216,3.9251259707684554
2024-03-04,85.18953704833984,87.64616854479111,83.67238457234258,84.08315120139147,615616000,0.035950938106504404,0.035319785675857626,3.5950938106504404,3.5319785675857625
2024-03-05,85.92017364501953,86.05310907669562,83.37447499815761,85.22652719248794,520639000,0.008576600155311365,0.008540030069436119,0.8576600155311365,0.8540030069436119
2024-03-06,88.65476989746094,89.67824984643924,86.9856232402923,87.97712182383515,582520000,0.03182717325199347,0.031331185256000614,3.182717325199347,3.1331185256000613
2024-03-07,92.62173461914062,92.71968420903526,89.55629754335479,90.11201372188047,608119000,0.044746207409572136,0.043773992197707105,4.474620740957214,4.377399219770711
2024-03-08,87.48336791992188,97.35033567284756,86.46188588221935,95.08948806655721,1142269000,-0.05547689989123661,-0.05707513483963841,-5.547689989123661,-5.707513483963841
2024-03-11,85.73027038574219,88.75172411339899,84.12308851295148,86.38493521532801,678364000,-0.020039209461898966,-0.020242717772925987,-2.0039209461898966,-2.024271777292599
2024-03-12,91.86612701416016,91.91310011628946,86.10606561656215,88.00409921373667,668075000,0.07157164675685457,0.0691263995447478,7.157164675685457,6.91263995447478
2024-03-13,90.84165954589844,91.45734278263059,88.3899073255105,91.00857421482128,635713000,-0.011151743319970486,-0.011214390192823016,-1.1151743319970486,-1.1214390192823016
2024-03-14,87.8991470336914,90.59977243652932,86.55583073162953,89.53131740403234,602318000,-0.03239166398892468,-0.03292788514170971,-3.239166398892468,-3.292788514170971
2024-03-15,87.79220581054688,89.50033394584524,86.2130173215006,86.8856706502334,642086000,-0.0012166355050469146,-0.001217376206860018,-0.12166355050469146,-0.12173762068600182
2024-03-18,88.40989685058594,92.35787961611925,87.04059269589636,90.3419098330075,668976000,0.007035830052749992,0.007011194089286028,0.7035830052749992,0.7011194089286028
2024-03-19,89.3524169921875,90.49782872213696,84.96665402343716,86.65578707702176,672171000,0.010660799018852307,0.010604373375029333,1.0660799018852307,1.0604373375029332
2024-03-20,90.32592010498047,90.36390274155225,88.17801382637771,89.75120872764549,479063000,0.010895095460910609,0.010836171510066965,1.0895095460910609,1.0836171510066965
2024-03-21,91.38837432861328,92.60076087628697,90.3589007516049,92.2529387505123,480372000,0.011762451159069043,0.011693811255136861,1.1762451159069043,1.1693811255136861
2024-03-22,94.24092102050781,94.72967008042832,90.78768098585184,91.09452364541656,586719000,0.0312134526174781,0.030736218152664245,3.12134526174781,3.0736218152664243
2024-03-25,94.95355224609375,96.71665262612369,93.46231633076846,93.89309629655145,552136000,0.007561802430080977,0.007533355319698475,0.7561802430080977,0.7533355319698476
2024-03-26,92.51380157470703,96.32585986372577,92.4548335490284,95.8021249691622,513648000,-0.025694148493397573,-0.0260300087117459,-2.5694148493397573,-2.60300087117459
2024-03-27,90.2039794921875,93.19245268869888,89.07755527294492,93.06451960589087,586067000,-0.0249673242608488,-0.02528429496724069,-2.49673242608488,-2.528429496724069
2024-03-28,90.30992126464844,91.25344006885744,89.14751238127785,89.95410001839039,435212000,0.001174468943136997,0.001173779794024509,0.1174468943136997,0.11737797940245089
2024-04-01,90.3169174194336,92.17796738530402,89.15851187965868,90.25295469319977,452441000,7.74682857340725e-05,7.746528522138726e-05,0.0077468285734072495,0.007746528522138725
2024-04-02,89.40638732910156,90.04805823236576,87.57532082751612,88.40289389067334,433064000,-0.010081500967349388,-0.010132663451768987,-1.0081500967349388,-1.0132663451768986
2024-04-03,88.91863250732422,90.32791718260744,88.35492473761427,88.43888153844358,370067000,-0.005455480713944305,-0.005470416193769825,-0.5455480713944305,-0.5470416193769825
2024-04-04,85.86119079589844,90.58778310646065,85.8362020197599,90.35989492370194,434965000,-0.03438471358827899,-0.03498977832607016,-3.4384713588278992,-3.4989778326070162
2024-04-05,87.963134765625,88.4358931925058,85.88219548423466,86.8217110656451,399678000,0.024480722317526515,0.024185871845820134,2.4480722317526515,2.4185871845820133
2024-04-08,87.08856964111328,88.78470285055779,86.68777315554529,88.65476426391245,283220000,-0.009942405154636291,-0.009992160934216378,-0.9942405154636291,-0.9992160934216378
2024-04-09,85.31045532226562,87.59029759028141,82.97965182031417,87.39739525078261,501700000,-0.020417309942913908,-0.020628624479719197,-2.041730994291391,-2.0628624479719195
2024-04-10,86.99462127685547,87.35543726810234,83.66631737551937,83.8832095968993,431929000,0.019741612540078446,0.019549274165846803,1.9741612540078446,1.9549274165846804
2024-04-11,90.56977844238281,90.69271680405735,86.8816657196623,87.37540942268083,431637000,0.041096301277634195,0.040274293786115974,4.1096301277634195,4.027429378611598
2024-04-12,88.14103698730469,90.1290289713359,87.4853732060557,89.65326609988566,426805000,-0.02681624595806209,-0.02718236155166721,-2.681624595806209,-2.718236155166721
2024-04-15,85.95714569091797,90.56679344486741,85.88518380835967,89.05256658600005,443077000,-0.02477723624582806,-0.02508935843557069,-2.477723624582806,-2.508935843557069
2024-04-16,87.37042236328125,88.0730591608871,86.02011339953525,86.38892089132743,370453000,0.01644164264650083,0.01630794235117951,1.6441642646500831,1.6307942351179512
2024-04-17,83.99214172363281,88.72972195798647,83.90717836732355,88.2949386437983,495400000,-0.03866618185272974,-0.03943356493145281,-3.866618185272974,-3.9433564931452807
2024-04-18,84.62781524658203,86.14604537295341,82.35997524716916,84.92666635523963,447260000,0.007568249956535711,0.00753975443666576,0.7568249956535711,0.753975443666576
2024-04-19,76.16114807128906,84.28100677926233,75.56745676539116,83.10760934336838,875198000,-0.10004591458048917,-0.10541153315974044,-10.004591458048917,-10.541153315974045
2024-04-22,79.47744750976562,80.03216479233348,76.36104131725212,78.0641671154843,596341000,0.043543191278739846,0.04262183745836147,4.354319127873985,4.262183745836147
2024-04-23,82.38097381591797,82.72679808163171,80.22307798101387,80.72781776562408,438559000,0.03653270703988798,0.03588120766828387,3.653270703988798,3.588120766828387
2024-04-24,79.6363754272461,84.03912814064545,79.14262401880819,83.90719166390734,512208000,-0.03331592552917306,-0.033883543764555504,-3.3315925529173063,-3.3883543764555504
2024-04-25,82.58985900878906,83.2805008438938,78.18310352042066,78.82777119604825,424641000,0.03708711710820145,0.03641593450207229,3.708711710820145,3.641593450207229
2024-04-26,87.69026947021484,88.28596627439501,83.34448669778978,83.77526671112514,551011000,0.0617558925834103,0.05992404007426096,6.17558925834103,5.992404007426097
2024-04-29,87.7122573852539,87.94713054569272,85.22252257935692,87.55033742522801,388971000,0.00025074521006618333,0.00025071377874005764,0.025074521006618333,0.025071377874005762
2024-04-30,86.35795593261719,88.77372365378562,86.25601055156,87.195526189522,363709000,-0.015440275886279942,-0.015560718330860127,-1.5440275886279942,-1.5560718330860126
2024-05-01,82.99864196777344,85.95613224492045,81.21354987762143,85.0336065353816,559863000,-0.03889987817063356,-0.0396766903925626,-3.889987817063356,-3.96766903925626
2024-05-02,85.77323913574219,86.19302312746696,83.15756927733226,84.40593290133356,377898000,0.033429428508553904,0.03288281383005177,3.3429428508553904,3.288281383005177
2024-05-03,88.74372100830078,89.23546686580507,86.99561241116382,87.7442309865165,398341000,0.034631802441990045,0.03404561699169906,3.4631802441990045,3.4045616991699057
2024-05-06,92.09300994873047,92.17297098055205,89.00958414820802,89.34441239026923,376203000,0.03774113708976001,0.037046367408407305,3.7741137089760013,3.7046367408407304
2024-05-07,90.50782775878906,91.73419949359099,88.96561525990342,91.05154909444323,437342000,-0.0172128393981682,-0.017362702521149354,-1.72128393981682,-1.7362702521149354
2024-05-08,90.36589813232422,91.14749704338682,89.37439959760155,89.43737100980039,325721000,-0.0015681475291076108,-0.0015693783593613733,-0.15681475291076108,-0.15693783593613733
2024-05-09,88.70173645019531,91.02554753925708,88.18600079384827,90.48282522716782,378013000,-0.018415815219277154,-0.018587497389310016,-1.8415815219277154,-1.8587497389310017
2024-05-10,89.83216857910156,91.3543946079418,89.18149955504683,90.25895279926722,335325000,0.012744193903587941,0.012663670083575452,1.2744193903587941,1.2663670083575451
2024-05-13,90.35289764404297,90.95159117174929,88.48384861830857,90.43185210687503,289680000,0.005796688126067817,0.00577995197447378,0.5796688126067817,0.5779951974473779
2024-05-14,91.30941009521484,91.60425781137738,88.88864064841887,89.55330240510112,296507000,0.010586405927347053,0.0105307622983072,1.0586405927347053,1.05307622983072
2024-05-15,94.58174133300781,94.81362528334245,91.55228873986127,92.42484465754981,417735000,0.03583783132954954,0.03521059811896396,3.583783132954954,3.521059811896396
2024-05-16,94.3108901977539,95.77014487035822,94.05501639356171,94.8616117597436,323952000,-0.002863672538024886,-0.002867780693042374,-0.2863672538024886,-0.2867780693042374
2024-05-17,92.43183135986328,94.69167982059238,91.75917807166952,94.32087446247381,359691000,-0.019924091840831548,-0.020125253011907693,-1.9924091840831548,-2.0125253011907693
2024-05-20,94.73167419433594,95.15145822277206,93.39236106775267,93.70220057081201,318764000,0.02488150240709519,0.024576998499608056,2.488150240709519,2.4576998499608056
2024-05-21,95.33735656738281,95.35134936664903,93.1324803037148,93.55126534071833,328946000,0.006393662713110704,0.006373309958035167,0.6393662713110704,0.6373309958035167
2024-05-22,94.90158081054688,95.97103489974472,93.20145177000462,95.41032394954395,548648000,-0.00457088147318141,-0.0045813598945092055,-0.45708814731814096,-0.45813598945092054
2024-05-23,103.74607849121094,106.26578917767765,101.46823355489357,101.97597776870575,835065000,0.09319652639212017,0.08910599759885376,9.319652639212016,8.910599759885377
2024-05-24,106.41471099853516,106.42070464479184,102.94747814509458,104.39573676851408,429494000,0.02572273136618164,0.025397467893382163,2.572273136618164,2.539746789338216
2024-05-28,113.84292602539062,114.88039879120554,109.82697694894155,110.1877929460902,652728000,0.06980439975970731,0.06747582780024347,6.980439975970731,6.747582780024347
2024-05-29,114.76644134521484,115.43310102209165,110.84444643564275,112.99235261607853,557442000,0.008112188891018501,0.008079461958952561,0.8112188891018501,0.8079461958952561
2024-05-30,110.44365692138672,115.75994504924772,109.60708571421941,114.59154239421389,484553000,-0.03766592719229911,-0.038393619569490264,-3.766592719229911,-3.8393619569490265
2024-05-31,109.57709503173828,112.6595219559155,106.88546755499186,112.46261619518734,613263000,-0.007846189756875344,-0.00787713306806252,-0.7846189756875344,-0.7877133068062521
2024-06-03,114.94136047363281,114.94136047363281,111.94588702357191,113.56306583418551,438392000,0.04895425855504576,0.04779372365414418,4.895425855504576,4.779372365414418
2024-06-04,116.37761688232422,116.54053577006367,113.98683844283815,115.6569915264079,403324000,0.012495557758957165,0.012418132590371668,1.2495557758957165,1.2418132590371669
2024-06-05,122.37757110595703,122.38656157559062,117.40810617337777,118.31064561773049,528402000,0.05155591241999469,0.0502708887079355,5.155591241999469,5.02708887079355
2024-06-06,120.9363021850586,125.52295906565588,118.25966633915728,123.98474236351488,664696000,-0.011777230973562647,-0.011847131926759576,-1.1777230973562647,-1.1847131926759575
2024-06-07,120.82636260986328,121.62995352369373,117.96182659837903,119.70892880786865,412386000,-0.0009090700906918547,-0.000909483545498674,-0.09090700906918547,-0.0909483545498674
2024-06-10,121.72789764404297,123.0372272074531,116.95033628620642,120.30862356189567,313434100,0.007461410032599147,0.007433711407961896,0.7461410032599147,0.7433711407961896
2024-06-11,120.85828399658203,122.81744468477636,118.68920642560704,121.71790911261488,222551200,-0.00714391412561699,-0.007169554066131578,-0.714391412561699,-0.7169554066131578
2024-06-12,125.14643859863281,126.82572022932071,122.51756641163499,123.00735466296415,299595000,0.03548084963850773,0.03486590785197961,3.5480849638507728,3.4865907851979614
2024-06-13,129.55455017089844,129.74447132445016,127.10560139337456,129.33464307228707,260704500,0.03522362778858801,0.034617468874765106,3.522362778858801,3.4617468874765107
2024-06-14,131.82359313964844,132.78317395786428,128.26511837192902,129.90441625095465,309320400,0.01751418970431251,0.017362583892717245,1.751418970431251,1.7362583892717245
2024-06-17,130.92396545410156,133.67278906643185,129.52457044327446,132.9331153831068,288504400,-0.0068244815978718565,-0.006847874864439311,-0.6824481597871856,-0.6847874864439312
2024-06-18,135.52198791503906,136.27166699428068,130.63408092847425,131.08388532556722,294335100,0.03511979220144723,0.03451716127726678,3.511979220144723,3.4517161277266775
2024-06-20,130.72406005859375,140.69978702792184,129.46460449105635,139.74020619139688,517768400,-0.03540331668875174,-0.03604520976158632,-3.540331668875174,-3.6045209761586325
2024-06-21,126.51583862304688,130.5741064780737,124.2468133432689,127.06560632081215,649445800,-0.03219163659437019,-0.03272118299294043,-3.2191636594370188,-3.272118299294043
2024-06-24,118.05946350097656,124.40674492687346,117.98949375774167,123.18726572238242,476060900,-0.0668404463354666,-0.06917908132521296,-6.68404463354666,-6.917908132521296
2024-06-25,126.03605651855469,126.44588478591346,119.26895600052943,121.1481490132055,414192600,0.06756419842202765,0.06537960334939143,6.7564198422027655,6.537960334939143
2024-06-26,126.3459243774414,128.0651821115694,122.54754706402704,126.07603561970313,362975900,0.002458565171317373,0.0024555478444844244,0.24585651713173728,0.24555478444844245
2024-06-27,123.93695068359375,126.35592112032522,122.86740877139376,124.04690423190566,252571700,-0.01906649308806485,-0.01925060263965696,-1.906649308806485,-1.9250602639656962
2024-06-28,123.48715209960938,127.65536639722576,122.69748913626472,124.52670811618471,315516700,-0.0036292532735672234,-0.0036358549909388323,-0.36292532735672234,-0.3635854990938832
2024-07-01,124.24683380126953,124.78659610560356,118.77917237025213,123.41718700299181,284885500,0.006151908832162212,0.006133063093040527,0.6151908832162212,0.6133063093040527
2024-07-02,122.61752319335938,123.35721213177682,120.97822535200487,121.07818104942778,218374000,-0.01311349801087247,-0.013200239079665159,-1.311349801087247,-1.320023907966516
2024-07-03,128.22511291503906,128.22511291503906,121.30807553564613,121.60795022813568,215749000,0.04573236822633331,0.04471747078811928,4.573236822633331,4.471747078811928
2024-07-05,125.77616882324219,128.7948810674807,125.62623147151251,127.32550112143423,214176700,-0.019098786783050214,-0.019283524572026634,-1.9098786783050214,-1.9283524572026634
2024-07-08,128.1451416015625,130.7140492483546,126.98564191819271,127.43544631776729,237677300,0.0188348301628547,0.018659650977789186,1.8834830162854699,1.8659650977789186
2024-07-09,131.3238067626953,133.76276548705792,128.59496354527897,130.29424856790877,285366600,0.0248051944959109,0.024502540377462027,2.48051944959109,2.4502540377462028
2024-07-10,134.852294921875,135.04221608834806,132.36335454676214,133.9726664675838,248978600,0.02686861008800734,0.0265139871125006,2.686861008800734,2.6513987112500597
2024-07-11,127.34549713134766,136.09174607157163,126.99564839391957,135.69192330087128,374782700,-0.055666815272786496,-0.05727622518591253,-5.56668152727865,-5.727622518591253
2024-07-12,129.18472290039062,131.86356920556344,127.16558268757724,128.20513111513003,252680500,0.014442801751725298,0.014339497966556687,1.4442801751725298,1.4339497966556687
2024-07-15,128.38504028320312,131.3337748661706,127.12557732818904,130.50412821022553,208326200,-0.006190225896943735,-0.006209464781725227,-0.6190225896943735,-0.6209464781725227
2024-07-16,126.30593872070312,128.9847847878456,124.52670149646414,128.38505064333017,214769500,-0.016194266543155922,-0.016326826769568863,-1.6194266543155922,-1.6326826769568863
2024-07-17,117.93952178955078,121.79787109317448,116.67006845054381,121.29808499297587,390086200,-0.06623929971854114,-0.06853508312932735,-6.623929971854114,-6.853508312932735
2024-07-18,121.0381851196289,122.34762979092075,116.51012460742739,121.79786207097416,320979500,0.02627332452311726,0.025934109441565364,2.627332452311726,2.5934109441565365
2024-07-19,117.8795394897461,121.54796731102965,117.31978154730916,120.29850217085433,217223800,-0.026096273888780996,-0.026442824053292322,-2.6096273888780996,-2.6442824053292324
2024-07-22,123.48715209960938,124.0169241522775,119.8087260510085,120.29851430002402,258068900,0.04757070339888014,0.04647386781448416,4.757070339888014,4.647386781448416
2024-07-23,122.53753662109375,124.63664407277192,122.04774844122937,122.72745775509675,173911000,-0.007689994160280156,-0.007719714630243829,-0.7689994160280156,-0.7719714630243829
2024-07-24,114.20112609863281,119.8986847003661,113.39147504105252,119.11901958919532,327776900,-0.0680314844931027,-0.07045624651211847,-6.80314844931027,-7.045624651211847
2024-07-25,112.23196411132812,116.5801016063377,106.25452669437287,112.99164110995024,460067000,-0.01724292968533403,-0.017393320287663973,-1.724292968533403,-1.7393320287663974
2024-07-26,113.01162719726562,116.15028320368103,111.53226465502331,116.14029297278634,293399100,0.006946889793037148,0.006922871325744669,0.6946889793037148,0.6922871325744668
2024-07-29,111.5422592163086,116.23025532001331,111.25238998649994,113.64136695751597,248152100,-0.013001918629064635,-0.01308718345030638,-1.3001918629064635,-1.3087183450306379
2024-07-30,103.68563079833984,111.94209192931173,102.49613740399181,111.47229176091777,486833300,-0.07043633931362969,-0.0730399849928428,-7.043633931362969,-7.30399849928428
2024-07-31,116.96992492675781,118.28935980657482,110.83255278301941,112.85169271533529,473174200,0.12812087871900824,0.1205533093193682,12.812087871900824,12.055330931936819
2024-08-01,109.16327667236328,120.10859659996095,106.76430191931924,117.47971689042026,523462300,-0.06674064516398348,-0.06907213730409992,-6.674064516398348,-6.907213730409992
2024-08-02,107.22410583496094,108.67349009112934,101.3266359945612,103.71561292679569,482027500,-0.017763948614537006,-0.01792362132094416,-1.7763948614537006,-1.792362132094416
2024-08-05,100.40702056884766,103.36576087778293,90.65120176374947,92.020610744235,552842400,-0.06357791667301116,-0.06568896042369515,-6.357791667301116,-6.5688960423695155
2024-08-06,104.20539855957031,107.66391734722711,100.50698458680512,103.79557030996848,409012100,0.037829804820452395,0.03713180677254171,3.7829804820452395,3.713180677254171
2024-08-07,98.86768341064453,108.75345120343057,98.64777632103673,107.76386930019544,411440400,-0.051223019370483125,-0.05258151259547473,-5.122301937048313,-5.258151259547473
2024-08-08,104.92509460449219,105.45486664804078,97.4782771707294,101.95636396303468,391910000,0.061267858059223856,0.059464285883913164,6.126785805922386,5.946428588391316
2024-08-09,104.70518493652344,106.55439192807604,103.38574997554278,105.59480355882924,290844200,-0.0020958729539171106,-0.002098072369304082,-0.20958729539171106,-0.2098072369304082
2024-08-12,108.97335052490234,111.02247644689008,106.21453693013632,106.27450881772207,325559900,0.040763650730061274,0.039954723250083396,4.076365073006127,3.9954723250083397
2024-08-13,116.0903091430664,116.18027460234957,111.53226256952769,112.3918952304853,312646700,0.06530916580873325,0.0632650535675243,6.530916580873325,6.326505356752429
2024-08-14,118.02948760986328,118.5492618001431,114.02120093884069,118.47929205094907,339246400,0.01670405119179308,0.016566072939208264,1.670405119179308,1.6566072939208265
2024-08-15,122.80744171142578,123.18727640390337,117.41974813678404,118.7091971963176,318086700,0.040481020449361305,0.03968312588687943,4.0481020449361305,3.968312588687943
2024-08-16,124.52669525146484,124.94651370725,121.12814855340164,121.88782549205811,302589900,0.01399958761521125,0.013902498477795558,1.399958761521125,1.3902498477795557
2024-08-19,129.94436645507812,129.94436645507812,123.36718053808077,124.22681311087396,318333600,0.043506102789229395,0.042586295902520145,4.3506102789229395,4.258629590252014
2024-08-20,127.195556640625,129.82443628728038,125.83613790062299,128.3450585172195,300087400,-0.02115374363230582,-0.02138069028782224,-2.115374363230582,-2.138069028782224
2024-08-21,128.4450225830078,129.29466502006431,126.60581346882094,127.26552712895132,257883600,0.00982318860330178,0.00977525473942952,0.982318860330178,0.977525473942952
2024-08-22,123.68705749511719,130.69406050330699,123.04733191995243,129.96437709388331,376189100,-0.03704281405545151,-0.037746327212272786,-3.704281405545151,-3.7746327212272788
2024-08-23,129.31463623046875,129.54454879248973,125.16641816339359,125.80614369005178,323230300,0.04549852546677102,0.04449382952378814,4.549852546677102,4.449382952378814
2024-08-26,126.40589904785156,131.20384101513017,124.3167968178151,129.5145768150302,331964700,-0.022493487724259964,-0.022750324970138288,-2.2493487724259964,-2.2750324970138287
2024-08-27,128.2451171875,129.14472607274774,123.8270022374259,124.99650751528328,303134600,0.014550097372846515,0.014445260407881667,1.4550097372846515,1.4445260407881668
2024-08-28,125.55625915527344,128.2750966404244,122.5875286310627,128.06517977661952,448101100,-0.020966552888679102,-0.02118947246798942,-2.09665528886791,-2.118947246798942
2024-08-29,117.53968811035156,124.37676573622443,116.66006734390899,121.30807947152184,453023300,-0.06384843813328267,-0.06597789054171513,-6.384843813328267,-6.597789054171513
2024-08-30,119.31893157958984,121.69791057687668,117.169849908653,119.47885915972935,333751600,0.015137384638691964,0.015023957658015128,1.5137384638691964,1.5023957658015128
2024-09-03,107.95379638671875,116.16028314135124,107.24410104783063,115.96037175405029,477155100,-0.09525005833035105,-0.10009668100952362,-9.525005833035106,-10.009668100952362
2024-09-04,106.16455841064453,113.22153543398687,104.07545625261184,105.36490525672457,372470300,-0.016574108886960315,-0.016712996190373933,-1.6574108886960315,-1.6712996190373932
2024-09-05,107.16413116455078,109.6030896936583,104.715182404582,104.94507973247826,306850700,0.009415314949457132,0.0093712671384856,0.9415314949457132,0.9371267138485601
2024-09-06,102.78600311279297,108.10372649561138,100.90680264312543,107.9937729521253,413638100,-0.040854416530799686,-0.041712408040324,-4.085441653079968,-4.1712408040324
2024-09-09,106.42445373535156,106.50442134190934,103.64564422957986,104.83512996607128,273912000,0.03539830825570589,0.03478619158023976,3.539830825570589,3.478619158023976
2024-09-10,108.05374145507812,109.35318822314704,104.90508784485718,107.76386463370491,268283700,0.015309335989434958,0.015193330584088132,1.5309335989434958,1.5193330584088132
2024-09-11,116.85999298095703,117.13987198496321,107.37404703465796,109.34320554644113,441422400,0.08149881167733541,0.07834786763768244,8.149881167733541,7.834786763768244
2024-09-12,119.0992202758789,120.74865704096976,115.34050510922769,116.80000446674823,366052700,0.019161624417406653,0.018980352475201894,1.9161624417406653,1.8980352475201894
2024-09-13,119.0592269897461,119.91893319621943,117.5597404845181,119.03923719212747,238358300,-0.00033579805174355215,-0.0003358544445340757,-0.033579805174355215,-0.03358544445340757
2024-09-16,116.74002075195312,118.13954300655384,114.32085103611607,116.75001946408975,248772300,-0.01947943302195898,-0.019671657555488796,-1.947943302195898,-1.9671657555488795
2024-09-17,115.55043029785156,118.75933823796504,114.79069593440207,118.12954900355818,231925900,-0.010190082599258576,-0.01024235691387899,-1.0190082599258576,-1.024235691387899
2024-09-18,113.33118438720703,117.659695980885,113.18123422247302,115.850318172966,310318900,-0.019205864529660666,-0.019392693150917795,-1.9205864529660666,-1.9392693150917795
2024-09-19,117.82965087890625,119.6190390017094,117.20986038538442,117.30982462581498,293506400,0.03969310402977677,0.03892557732592653,3.969310402977677,3.8925577325926533
2024-09-20,115.96029663085938,118.57940262799143,115.35050480567513,117.0199313836397,382462400,-0.01586488828663346,-0.01599208270405846,-1.586488828663346,-1.599208270405846
2024-09-23,116.22020721435547,116.94995306986277,114.82068489843978,116.51010886475667,206228500,0.002241375635002596,0.0022388674997170367,0.2241375635002596,0.22388674997170366
2024-09-24,120.82862854003906,121.75831050299728,115.34050229413268,116.48011145817397,354966800,0.03965249620648037,0.038886519053653805,3.965249620648037,3.8886519053653803
2024-09-25,123.46772003173828,124.8972307941946,121.56836894761845,121.9782246233193,284692900,0.021841607602330004,0.021606496993856028,2.1841607602330004,2.160649699385603
2024-09-26,123.9975357055664,127.62629022604027,121.75830470715397,126.75659295249227,302582900,0.004291127054844246,0.004281946423277933,0.4291127054844246,0.42819464232779325
2024-09-27,121.35844421386719,123.9875411739155,119.21917738287792,123.9275641535197,271009200,-0.021283418873466742,-0.02151317670293685,-2.128341887346674,-2.151317670293685
2024-09-30,121.3984375,121.45841452339154,118.10956264419377,118.26950391549893,226553700,0.0003295467933186469,0.00032949250470091937,0.03295467933186469,0.03294925047009194
2024-10-01,116.95994567871094,122.39808576451375,115.7503608309228,121.72830933905863,302094500,-0.03656135871838595,-0.03724647630906235,-3.656135871838595,-3.7246476309062353
2024-10-02,118.80931091308594,119.33912825058258,115.10058192382681,116.40013992758973,221845900,0.0158119536020922,0.015688246988630056,1.58119536020922,1.5688246988630055
2024-10-03,122.80794525146484,124.31743049345978,120.2988023230489,120.87860561160097,277118000,0.03365590043110411,0.03310193581818231,3.3655900431104113,3.3101935818182313
2024-10-04,124.87722778320312,124.99718944297891,121.78828940510478,124.89722520655694,243678100,0.01684974475797274,0.016709362550448567,1.684974475797274,1.6709362550448568
2024-10-07,127.67627716064453,130.59527568838965,124.90722118000957,124.94720840149982,346250200,0.02241440995391719,0.02216689878468715,2.241440995391719,2.216689878468715
2024-10-08,132.84449768066406,133.43429200303964,129.3756845929013,130.2153933149511,285722500,0.04047909787905857,0.03968127811451147,4.047909787905857,3.968127811451147
2024-10-09,132.60458374023438,134.473953954377,131.33502948270424,134.06409064908044,246191600,-0.0018059757432061785,-0.0018076084834877319,-0.18059757432061785,-0.18076084834877318
2024-10-10,134.7638397216797,134.95377710780917,130.9551466749852,131.86483875930813,242311300,0.016283418872421462,0.016152265838507714,1.6283418872421462,1.6152265838507713
2024-10-11,134.7538604736328,135.73352074472976,133.61425131031754,133.9641223517835,170209500,-7.404989400339179e-05,-7.405263583214834e-05,-0.007404989400339179,-0.0074052635832148345
2024-10-14,138.0227508544922,139.5522259694365,136.25335239175735,136.42329237635488,232347700,0.024258231781782547,0.023968674299814138,2.4258231781782547,2.396867429981414
2024-10-15,131.55496215820312,138.52257769243778,128.6959404665834,137.82280508502743,377831000,-0.04686030858135559,-0.04799380535772407,-4.68603085813556,-4.799380535772407
2024-10-16,135.6735382080078,136.57322399642072,131.53495612489098,133.9341283963689,264879700,0.031306884835342386,0.030826818197892,3.1306884835342386,3.0826818197892
2024-10-17,136.88311767578125,140.8417687676179,136.82314065604464,139.29229632563835,306435900,0.00891536760778644,0.00887586035879741,0.891536760778644,0.8875860358797409
2024-10-18,137.9527587890625,138.85244459278235,137.23300404466042,138.62252759913224,176090200,0.007814266152344596,0.007783892901760539,0.7814266152344596,0.778389290176054
2024-10-21,143.6608123779297,143.6608123779297,137.95276029474488,138.0827206747143,264554500,0.0413768716114995,0.040543752561590804,4.13768716114995,4.05437525615908
2024-10-22,143.54086303710938,144.3705808600113,141.731484819394,142.86110303968678,226311600,-0.0008349482286426069,-0.0008352969920613096,-0.08349482286426069,-0.08352969920613096
2024-10-23,139.51222229003906,142.38123492807873,137.41295033058282,141.9813779606296,285930000,-0.028066159432445392,-0.028467542097960367,-2.8066159432445392,-2.8467542097960368
2024-10-24,140.3619384765625,141.30161913611144,138.41260905173522,140.7718017861216,172354900,0.006090621829225151,0.006072148961645175,0.6090621829225151,0.6072148961645175
2024-10-25,141.49154663085938,144.08067171203157,140.75180968215267,140.8817548130095,205122100,0.008047823837125767,0.008015612806595346,0.8047823837125767,0.8015612806595346
2024-10-28,140.47190856933594,143.09100694226274,140.00206821568727,142.95105547012693,173586700,-0.00720635321192431,-0.007232444399004314,-0.720635321192431,-0.7232444399004314
2024-10-29,141.20164489746094,142.21129364579818,138.8524432880062,140.2419668294209,157593600,0.00519489153067787,0.0051814446316863485,0.519489153067787,0.5181444631686348
2024-10-30,139.29229736328125,140.28196395700422,136.76316465511044,139.49222584841445,179418100,-0.01352213379359879,-0.01361439046007221,-1.352213379359879,-1.361439046007221
2024-10-31,132.71456909179688,137.5629157078968,132.06479759847417,137.55292462080052,270039600,-0.04722248391330164,-0.048373858945444714,-4.722248391330163,-4.837385894544472
2024-11-01,135.35365295410156,137.26300291330367,134.52395044654537,134.65389558133728,207127800,0.01988541183055248,0.01969027964282283,1.988541183055248,1.9690279642822832
2024-11-04,136.00343322753906,138.91244079735898,135.52360180221356,137.16303982117785,187528200,0.004800611282045342,0.004789125093520309,0.48006112820453417,0.4789125093520309
2024-11-05,139.8621063232422,140.3219403030432,137.28298774012364,137.40294177771256,160537400,0.02837188006311142,0.02797685265099885,2.837188006311142,2.7976852650998847
2024-11-06,145.56015014648438,146.43985375430594,141.9114058474733,142.91106349142868,242043900,0.040740440516984444,0.039932421864104485,4.074044051698444,3.9932421864104484
2024-11-07,148.8290557861328,148.87902647248674,146.11997647950326,146.33990241230273,207323300,0.02245742146019203,0.02220896646405993,2.245742146019203,2.220896646405993
2024-11-08,147.5794677734375,149.71873459260812,146.2099263831815,148.71907691535895,175665800,-0.008396129412330366,-0.008431575452691494,-0.8396129412330366,-0.8431575452691494
2024-11-11,145.21026611328125,148.79904870323992,143.52085748188875,148.62909347800425,182325600,-0.01605373495311302,-0.016183992113180574,-1.605373495311302,-1.6183992113180574
2024-11-12,148.23922729492188,149.5987623190427,145.96000905647895,146.72974972362667,198634700,0.020859139389481474,0.020644566285158022,2.0859139389481474,2.0644566285158024
2024-11-13,146.2199249267578,149.27887481548683,145.85004123347073,149.01896932454213,191903300,-0.013621916445548221,-0.013715545997603079,-1.3621916445548221,-1.3715545997603078
2024-11-14,146.70974731445312,148.94898588208457,145.5001701321721,147.58945090415918,194463300,0.0033499017862350655,0.0033443033645375515,0.33499017862350655,0.33443033645375514
2024-11-15,141.93138122558594,145.1902747512061,140.03203789439084,144.8203910682193,250132900,-0.03257020188730464,-0.03311241680104823,-3.257020188730464,-3.3112416801048234
2024-11-18,140.1020050048828,141.50153478170088,137.10303223771245,139.45223367342163,221205300,-0.012889159570676711,-0.012972945520205012,-1.2889159570676711,-1.2972945520205013
2024-11-19,146.9596710205078,147.0796403153284,140.94174272954967,141.27163159656618,227834900,0.04894766506293746,0.04778743785781205,4.894766506293746,4.778743785781205
2024-11-20,145.84005737304688,147.50948385732136,142.68113546401185,147.35954130772643,309871700,-0.007618509484174751,-0.00764767857197726,-0.7618509484174751,-0.764767857197726
2024-11-21,146.6197967529297,152.83766902515802,140.65183891204953,149.29888738883682,400946600,0.005346537802630502,0.005332295810406392,0.5346537802630502,0.5332295810406392
2024-11-22,141.90139770507812,147.10962067545384,141.05169787065546,145.88003080645086,236406200,-0.03218118666337111,-0.032710385530366294,-3.218118666337111,-3.2710385530366293
2024-11-25,135.9734344482422,142.00136870780395,135.7735059739188,141.9413916908634,344941900,-0.04177522809998224,-0.04267290233126281,-4.177522809998225,-4.267290233126281
2024-11-26,136.8731231689453,139.25231324946176,135.62355111044974,137.65285491316135,190287700,0.006616650703528348,0.006594856752747061,0.6616650703528348,0.6594856752747061
2024-11-27,135.2936553955078,137.17301655731904,131.7548742168772,134.96376655836661,226370900,-0.011539648813945202,-0.01160674725575985,-1.1539648813945202,-1.160674725575985
2024-11-29,138.2026824951172,139.30231211006736,136.0034385187834,136.7331843976686,141863200,0.021501578112479436,0.021273680171536198,2.1501578112479436,2.12736801715362
2024-12-02,138.58253479003906,140.401903648449,137.77281459318448,138.78246325473978,171682800,0.00274851607844373,0.002744745814966846,0.274851607844373,0.2744745814966846
2024-12-03,140.2119903564453,140.49189330582607,137.90278339727084,138.21267485883047,164414000,0.011758015314664139,0.01168942697093672,1.1758015314664139,1.1689426970936718
2024-12-04,145.09031677246094,145.7400881706811,140.24197086598,141.95139223046513,231224300,0.034792505288698816,0.03420092863700203,3.4792505288698816,3.4200928637002033
2024-12-05,145.0203399658203,146.49993108099994,143.9106428157812,145.07032934736787,172621200,-0.00048229825530232695,-0.00048241459851545044,-0.048229825530232695,-0.04824145985154504
2024-12-06,142.40106201171875,145.66016529709515,141.27136605108353,144.5604751692698,188505600,-0.01806145230882028,-0.018226551311687555,-1.806145230882028,-1.8226551311687555
2024-12-09,138.77203369140625,139.91172129670065,137.0925004855475,138.93199359328304,189308600,-0.025484559377891847,-0.025814915499084164,-2.5484559377891847,-2.5814915499084163
2024-12-10,135.03306579589844,141.7812196768295,133.7534018405272,138.97197539548316,210020900,-0.026943237740698733,-0.02731286112944623,-2.6943237740698733,-2.731286112944623
2024-12-11,139.2718963623047,140.13166176303284,135.173026862483,137.32243273699547,184905200,0.03139105626775307,0.0309084311483683,3.139105626775307,3.09084311483683
2024-12-12,137.3024444580078,138.40214979482639,135.76287224107875,137.04252103958567,159211400,-0.014141057569672988,-0.014241995029108797,-1.4141057569672988,-1.4241995029108798
2024-12-13,134.21328735351562,139.56183041879834,132.50374826625531,138.9020072444441,231514900,-0.02249892284646804,-0.022755885175876085,-2.249892284646804,-2.2755885175876083
2024-12-16,131.96388244628906,134.36321966164874,130.3843129319086,134.14327863720246,237951100,-0.016759927065206792,-0.016901963897342297,-1.6759927065206792,-1.6901963897342296
2024-12-17,130.35433959960938,131.5540083659402,126.82530622422306,129.0546920799943,259410300,-0.012196843688156767,-0.012271835586282188,-1.2196843688156767,-1.2271835586282187
2024-12-18,128.874755859375,136.6626191312432,128.2449232385065,133.82339933223892,277444500,-0.011350475517570069,-0.011415383792069227,-1.135047551757007,-1.1415383792069227
2024-12-19,130.6442413330078,133.99333094415113,129.51456085077075,131.72394769790225,209719200,0.013730272168768431,0.013636866005376279,1.3730272168768431,1.3636866005376278
2024-12-20,134.6631622314453,135.24300545668208,128.1849385069714,129.7745000485284,306528600,0.030762327198130324,0.030298651978549456,3.0762327198130324,3.029865197854946
2024-12-23,139.6317901611328,139.75175245255647,135.08303180440205,136.2427181368804,176053500,0.03689671211751233,0.03623232169994631,3.689671211751233,3.6232321699946306
2024-12-24,140.18165588378906,141.86118913948326,138.61207790245493,139.9617148258363,105157000,0.003937969441068612,0.003930235935632553,0.39379694410686117,0.3930235935632553
2024-12-26,139.8917236328125,140.811485448775,137.69232835527816,139.66179080612986,116205600,-0.0020682609942695995,-0.00207040279975787,-0.20682609942695995,-0.207040279975787
2024-12-27,136.9725341796875,138.9819943823141,134.67317523350815,138.5121216661011,170582600,-0.020867492209812766,-0.021088295467436548,-2.0867492209812766,-2.108829546743655
2024-12-30,137.452392578125,140.2316308377207,133.98334063995796,134.79311660884966,167734700,0.003503318393802912,0.0034971960687214094,0.3503318393802912,0.34971960687214093
2024-12-31,134.25328063964844,138.0322612848829,133.79341493856927,137.99226367763055,155659200,-0.023274327048605215,-0.023549451472917045,-2.3274327048605215,-2.3549451472917045
2025-01-02,138.2721710205078,138.84202245285945,134.5931847895647,135.96280522543205,198247200,0.029935137239935017,0.02949582670516579,2.9935137239935017,2.949582670516579
2025-01-03,144.4304962158203,144.86037131104774,139.69178686675932,139.9717090810043,229322500,0.04453770523642908,0.043574400201068245,4.453770523642908,4.357440020106824
2025-01-06,149.38912963867188,152.11839407781596,147.77958455274808,148.54936300568127,265377400,0.03433231590814412,0.0337561131445502,3.4332315908144118,3.3756113144550204
2025-01-07,140.10166931152344,153.08812187242287,139.97169998670535,152.98814312185272,351782200,-0.06216958589699306,-0.06418614152068752,-6.216958589699306,-6.418614152068752
2025-01-08,140.07168579101562,143.91063203422854,137.5223800692543,142.54101155921632,227349900,-0.0002140125856826547,-0.00021403548964395224,-0.02140125856826547,-0.021403548964395225
2025-01-10,135.8728485107422,139.88174676307978,134.18330808313058,137.41242079266553,207602500,-0.02997634573012864,-0.03043482193681023,-2.997634573012864,-3.0434821936810232
2025-01-13,133.19357299804688,133.4535116815908,129.4745887600242,129.95446851982027,204808900,-0.01971899126324339,-0.01991600481167559,-1.971899126324339,-1.991600481167559
2025-01-14,131.7239532470703,136.3426998783518,130.01442953826418,136.01278831507346,195590500,-0.011033713698769154,-0.011095036614642187,-1.1033713698769154,-1.1095036614642186
2025-01-15,136.2027587890625,136.4126928345012,131.25409986764885,133.61345527658474,185217300,0.0340014510010298,0.03343617937444988,3.4001451001029803,3.343617937444988
2025-01-16,133.5334930419922,138.71206965350657,133.4535130811874,138.6020991142272,209235600,-0.019597736277898847,-0.019792318352773876,-1.9597736277898847,-1.9792318352773877
2025-01-17,137.67234802246094,138.46212527408701,135.4229633158422,136.65262268416788,201188800,0.03099488290302732,0.03052424178586904,3.099488290302732,3.052424178586904
2025-01-21,140.79148864746094,141.7912151745994,137.05250594430132,139.12194717769367,197749000,0.02265626082364136,0.02240341958008801,2.265626082364136,2.240341958008801
2025-01-22,147.02980041503906,147.74958954273308,143.6307207753195,144.62045561465226,237651400,0.04430886999993833,0.04335529819509128,4.430886999993833,4.335529819509127
2025-01-23,147.17974853515625,147.1897403093082,143.6807055002306,145.01034368405638,155915500,0.0010198484912167238,0.0010193287990523721,0.10198484912167238,0.10193287990523721
2025-01-24,142.58099365234375,148.92926325643236,141.84120577881646,148.32942123311412,234657600,-0.031245840060081465,-0.031744404192271244,-3.1245840060081465,-3.1744404192271243
2025-01-27,118.38761901855469,128.3648859520762,116.668088091544,124.7658794397831,818830900,-0.16968162455635527,-0.18594606686950146,-16.96816245563553,-18.594606686950147
2025-01-28,128.95472717285156,128.96471894622445,116.21820602712087,121.77668294561497,579666400,0.08925855796323345,0.08549724273298594,8.925855796323345,8.549724273298594
2025-01-29,123.66616821289062,126.85529827150769,120.01717249490751,126.46540553655986,467120600,-0.04101097397439435,-0.04187564730744045,-4.101097397439435,-4.187564730744045
2025-01-30,124.61591339111328,124.96581615087412,118.06770157388424,123.0663342199192,392925500,0.007679911102183468,0.007650570710234137,0.7679911102183468,0.7650570710234137
2025-01-31,120.03717041015625,127.81504199868698,119.15741376372098,123.74615511454752,388161100,-0.03674284332039057,-0.03743486578158149,-3.6742843320390572,-3.7434865781581492
2025-02-03,116.62810516357422,118.53757894355685,112.97910166242248,114.71862375628316,371235700,-0.02840008003298944,-0.028811164226487607,-2.840008003298944,-2.881116422648761
2025-02-04,118.6175537109375,121.16685177317855,116.66808241089754,116.92801344303115,256550000,0.017058054270649547,0.016914199282481994,1.7058054270649547,1.6914199282481994
2025-02-05,124.79586791992188,124.96581960402936,120.72698113870702,121.72670769553925,262230800,0.05208600258306184,0.050774862478857596,5.208600258306184,5.077486247885759
2025-02-06,128.64480590820312,128.7347928917548,125.17576116570511,127.38515593926263,251483600,0.030841870427561036,0.03037581832266322,3.0841870427561036,3.037581832266322
2025-02-07,129.80447387695312,130.3343276557766,124.96580169637689,129.18464838201572,228186300,0.009014495070850392,0.008974107047125916,0.9014495070850392,0.8974107047125917
2025-02-10,133.5334930419922,134.9630947980064,129.92447930424598,130.05443339276326,216989100,0.02872797102951896,0.028323059442832636,2.872797102951896,2.8323059442832634
2025-02-11,132.76368713378906,134.4432203933444,130.9841751187103,132.54374607533066,178902400,-0.005764890071145223,-0.00578157119068561,-0.5764890071145223,-0.5781571190685609
2025-02-12,131.10415649414062,132.20386194641324,129.0447219695379,129.9844674915493,160278600,-0.012499883631403641,-0.012578664365250495,-1.249988363140364,-1.2578664365250494
2025-02-13,135.25299072265625,136.46266649297655,131.13412244698262,131.52401516963508,197430000,0.03164532948046572,0.031154935006232145,3.1645329480465723,3.1154935006232143
2025-02-14,138.81202697753906,139.21191146517995,135.46293718873886,136.44266486168982,195479600,0.026313919092412652,0.025973663978822628,2.631391909241265,2.5973663978822628
2025-02-18,139.36187744140625,143.40078131766987,137.89227816645598,141.23137649622348,219176600,0.003961115443953167,0.003953290882028832,0.3961115443953167,0.3953290882028832
2025-02-19,139.19192504882812,141.32134750878612,137.18248014952957,139.47184726600554,167536000,-0.0012195041836285947,-0.001220248383954006,-0.12195041836285947,-0.1220248383954006
2025-02-20,140.07168579101562,140.62153843760984,136.7525863640224,139.991705837455,143903600,0.00632048692392817,0.006300596414258499,0.632048692392817,0.6300596414258499
2025-02-21,134.3932342529297,141.42132600995674,133.99334973043614,140.0017008694862,228217600,-0.04053961017188068,-0.041384246483312785,-4.053961017188068,-4.138424648331278
2025-02-24,130.244384765625,138.55211066034528,130.04444248958205,136.52266681200447,251381100,-0.030870969884514432,-0.031357517942195226,-3.087096988451443,-3.1357517942195225
2025-02-25,126.59537506103516,130.16439867421266,124.40597902043103,129.94445760453814,271428700,-0.028016637424763013,-0.02841659136033324,-2.8016637424763013,-2.841659136033324
2025-02-26,131.24411010742188,133.69343728770713,128.4548795357506,129.95446947322534,322553800,0.036721207580809656,0.036063047953365956,3.6721207580809656,3.6063047953365954
2025-02-27,120.11714935302734,134.9730792207777,119.97718824289691,134.96308744670299,443175800,-0.08478064840614363,-0.08859151391902952,-8.478064840614364,-8.859151391902952
2025-02-28,124.88583374023438,125.05578541630098,116.36816723503377,117.98771929899918,389091100,0.039700279376359005,0.0389324787103779,3.9700279376359005,3.89324787103779
2025-03-03,114.02880859375,123.66617198823369,112.2492965435478,123.47622912906817,411381400,-0.08693560207210738,-0.09094886645193959,-8.693560207210737,-9.09488664519396
2025-03-04,115.95828247070312,119.27737437091366,110.07989299750376,110.6197462594264,398163300,0.016920933409269034,0.016779369117156984,1.6920933409269034,1.6779369117156984
2025-03-05,117.26792907714844,118.24765683915241,114.47869104666965,117.54785129486386,284337900,0.011294118699767708,0.011230816324945502,1.1294118699767708,1.1230816324945503
2025-03-06,110.53976440429688,115.31845609620828,110.18986163701831,113.49895407905146,321181900,-0.057374294283181415,-0.059085993787739266,-5.7374294283181415,-5.908599378773927
2025-03-07,112.65918731689453,113.44897220636766,107.5305852358904,111.21957864470976,341755500,0.019173398134321173,0.018991904763500322,1.9173398134321173,1.8991904763500322
2025-03-10,106.95074462890625,111.81940781621753,105.43115607331026,109.8699441866197,366487400,-0.05067001479365574,-0.05199882194375943,-5.067001479365574,-5.1998821943759435
2025-03-11,108.73025512695312,112.20929903890595,104.74134094243277,106.960734969355,354865700,0.01663859848962579,0.016501693527110502,1.6638598489625789,1.6501693527110501
2025-03-12,115.718994140625,116.7388133095112,112.85951254411586,114.09929300935045,323857500,0.06427593686331234,0.06229469645411482,6.427593686331234,6.2294696454114815
2025-03-13,115.55902862548828,117.73863334670654,113.76935252443205,117.00876245655117,299033100,-0.0013823617836007385,-0.0013833181270945195,-0.13823617836007385,-0.13833181270945194
2025-03-14,121.64791870117188,121.85787967708788,118.12856083227834,118.58847644066721,277593500,0.05269073432087157,0.05134949041335229,5.269073432087157,5.134949041335228
2025-03-17,119.50830841064453,122.86769930249316,118.00858060635532,122.71772499646224,255501500,-0.017588548274165672,-0.01774506477015367,-1.7588548274165672,-1.7745064770153671
2025-03-18,115.40904998779297,118.99839474842913,114.51921213127834,117.97858323274161,299686900,-0.034301032935434295,-0.034903121633358,-3.4301032935434295,-3.4903121633358
2025-03-19,117.49866485595703,120.42813331851431,115.65900250727064,117.24871023501531,273426200,0.01810616124459119,0.017944196821365846,1.810616124459119,1.7944196821365845
2025-03-20,118.50848388671875,120.17817892707569,116.44886024718888,116.5288475567653,248829700,0.008594302173557944,0.008557581401578177,0.8594302173557944,0.8557581401578177
2025-03-21,117.67863464355469,117.96858292451893,115.39904967929496,116.91877807414131,266498500,-0.007002445866722162,-0.00702707804847945,-0.7002445866722162,-0.7027078048479449
2025-03-24,121.38796997070312,122.19782052957932,119.31833831489072,119.85824123014483,228452500,0.03152089024812277,0.031034305624746614,3.152089024812277,3.1034305624746614
2025-03-25,120.66809844970703,121.26798803028822,118.89841541478116,120.52812446850508,167447200,-0.005930336599004327,-0.0059479908769029,-0.5930336599004327,-0.59479908769029
2025-03-26,113.7393569946289,118.81842927999459,112.68954449720724,118.70845626054094,293463300,-0.05741982797521206,-0.05913430012136267,-5.741982797521206,-5.913430012136267
2025-03-27,111.40978240966797,114.42923110356094,110.63992547504299,111.32979509417153,236902100,-0.020481692938275953,-0.020694351561150844,-2.0481692938275953,-2.0694351561150843
2025-03-28,109.65010070800781,112.84952470784617,109.05021109179135,111.46977019973694,229872500,-0.015794678560537734,-0.015920743696899983,-1.5794678560537734,-1.5920743696899984
2025-03-31,108.3603286743164,110.93986229194257,103.63119133667838,105.11091847763528,299212700,-0.01176261604287987,-0.011832342930724436,-1.176261604287987,-1.1832342930724435
2025-04-01,110.13001251220703,110.17999886185885,106.45068001979016,108.50030342775528,222614000,0.016331473515639905,0.01619954940747826,1.6331473515639905,1.619954940747826
2025-04-02,110.39995574951172,111.95967777974947,106.77061737970816,107.2705266243207,220601200,0.002451132358445518,0.002448133233361493,0.2451132358445518,0.24481332333614927
2025-04-03,101.78153228759766,105.61083156865355,101.58156399912866,103.49122110695384,338769400,-0.07806546119881197,-0.08128105707713335,-7.806546119881197,-8.128105707713335
2025-04-04,94.29288482666016,100.11182847125419,92.09328707213024,98.89205625014841,532273800,-0.07357569976228395,-0.07642294168087824,-7.357569976228396,-7.642294168087823
2025-04-07,97.62227630615234,101.73153089146867,86.60427995314998,87.444123819458,611041300,0.035309042518029354,0.034699973952530584,3.5309042518029354,3.4699973952530585
2025-04-08,96.28252410888672,105.83078615825814,94.44285411172834,103.79115551332612,476243400,-0.013723836894194541,-0.013818879309976054,-1.372383689419454,-1.3818879309976055
2025-04-09,114.30924987792969,115.07910675948129,97.51229618216108,98.87204993981901,612918300,0.18722739080517248,0.17162066493468528,18.722739080517247,17.16206649346853
2025-04-10,107.55047607421875,110.83987986480561,99.13200610877084,109.35015243101728,437812400,-0.059127094359630594,-0.06094721160003203,-5.912709435963059,-6.094721160003203
2025-04-11,110.90986633300781,111.52975654810143,107.46049556472005,108.4803070767672,313417300,0.031235475484746367,0.030757574189140133,3.1235475484746367,3.0757574189140136
2025-04-14,110.68990325927734,114.26925525660798,109.05020155855789,114.08928762467488,264705000,-0.00198325974958824,-0.0019852290133438783,-0.19832597495882398,-0.19852290133438782
2025-04-15,112.17963409423828,113.59938217981927,110.4799456735416,110.94986159507806,228966900,0.013458597316427623,0.013368834883011008,1.3458597316427623,1.3368834883011007
2025-04-16,104.47103881835938,106.77062454919468,100.4317709352981,104.53103311878802,397016900,-0.06871653075105577,-0.07119156980110442,-6.871653075105577,-7.119156980110441
2025-04-17,101.47157287597656,104.45103522860795,100.0318394876262,104.43103458781992,292517500,-0.028710980347365855,-0.02913120343273369,-2.8710980347365855,-2.913120343273369
2025-04-21,96.89241790771484,99.42195758129023,95.02275450080649,98.75207336541831,288501100,-0.04512746613141183,-0.046177419798551694,-4.512746613141183,-4.617741979855169
2025-04-22,98.8720474243164,99.7918785816798,97.26233908492571,98.76206678289148,241004800,0.02043121184659724,0.020225294672088532,2.043121184659724,2.0225294672088534
2025-04-23,102.69136047363281,104.78098517141211,102.00148324580945,104.5010295750129,247526000,0.03862884555151935,0.037901425537031914,3.8628845551519353,3.7901425537031916
2025-04-24,106.41068267822266,106.52066332286202,103.09128558149489,103.46122117055545,220815000,0.03621845291985215,0.035577983500796474,3.621845291985215,3.5577983500796475
2025-04-25,110.98986053466797,111.89969145813895,105.71081975581805,106.83061166162848,251064700,0.04303306530127604,0.042132877626657635,4.303306530127604,4.213287762665764
2025-04-28,108.71027374267578,110.34997554606154,106.00075877336346,109.67009863041305,207708500,-0.020538694084403786,-0.020752546292495993,-2.0538694084403786,-2.0752546292495992
2025-04-29,109.00020599365234,110.17999209067304,107.42049861195443,107.65045258784288,170444300,0.0026670179459105103,0.0026634677644128647,0.26670179459105103,0.26634677644128646
2025-04-30,108.90023040771484,108.90023040771484,104.06111247501677,104.45104108413872,235044600,-0.0009172054770549831,-0.0009176263673801747,-0.09172054770549831,-0.09176263673801748
2025-05-01,111.5897445678711,114.9191420385801,111.27980327057723,113.05947899879722,236121500,0.024697047472598488,0.02439700546152174,2.469704747259849,2.439700546152174
2025-05-02,114.4792251586914,115.37906338859757,113.34943293159324,114.15928352450368,190194800,0.025893782641135843,0.025564215698522838,2.5893782641135843,2.556421569852284
2025-05-05,113.7993392944336,114.64918347836972,112.63955382209963,112.889508442552,133163200,-0.005938945370352999,-0.005956651043229643,-0.5938945370352999,-0.5956651043229644
2025-05-06,113.51940155029297,114.71918078517231,110.79989381468877,111.45977773347964,158525600,-0.002459924160160054,-0.0024629547446223744,-0.2459924160160054,-0.24629547446223746
2025-05-07,117.03875732421875,117.65864757290291,112.25962586336117,113.02949042053457,206758800,0.031002240373568135,0.030531378042712262,3.1002240373568135,3.053137804271226
2025-05-08,117.34870910644531,118.658469001105,115.82898059800607,118.22854670795566,198428100,0.0026482832637049203,0.002644782740471907,0.26482832637049203,0.2644782740471907
2025-05-09,116.62882995605469,118.20854502226882,115.18908887008638,117.32869985728382,132972200,-0.006134529777721109,-0.006153423313788037,-0.6134529777721109,-0.6153423313788037
2025-05-12,122.97767639160156,122.97767639160156,120.25816883140327,121.94786454961688,225023300,0.05443633823591565,0.053006347597820434,5.443633823591565,5.300634759782043
2025-05-13,129.9064178466797,131.19619232916256,124.44741706637032,124.95732666651305,330430100,0.05634145690811976,0.05481148236274722,5.634145690811976,5.481148236274723
2025-05-14,135.3154296875,135.4154176381041,131.65609038206884,133.17581874633882,281180800,0.04163775685974369,0.04079424072047593,4.163775685974369,4.079424072047593
2025-05-15,134.80552673339844,136.2752611112406,132.6359224746836,134.2656162138544,226632600,-0.0037682543319644823,-0.0037753720889584135,-0.37682543319644823,-0.37753720889584136
2025-05-16,135.37542724609375,136.32526708518697,133.43579205010155,136.19528579014883,226542500,0.004227575282001572,0.004218664191661227,0.4227575282001572,0.4218664191661227
2025-05-19,135.54539489746094,135.84532822832756,132.36596428610483,132.36596428610483,193154600,0.0012555280882564634,0.0012547405719632264,0.12555280882564634,0.12547405719632265
2025-05-20,134.35562133789062,134.55558199625042,132.59593092987555,134.26562607401144,161514200,-0.008777675999028678,-0.008816426724526465,-0.8777675999028678,-0.8816426724526465
2025-05-21,131.7760772705078,137.3750515435132,130.56629021032253,133.0358430493297,270608700,-0.01919937581841491,-0.019386077399918406,-1.919937581841491,-1.9386077399918404
2025-05-22,132.80589294433594,134.22563338103308,131.52612648714359,132.20599574301846,187344000,0.007814890951064912,0.007784512855801306,0.7814890951064912,0.7784512855801307
2025-05-23,131.26617431640625,132.65592152877483,129.13657112060253,129.97641506418768,198821300,-0.011593752308679872,-0.011661483872564344,-1.1593752308679872,-1.1661483872564344
2025-05-27,135.47540283203125,135.63537744884945,133.2857979393918,134.1256417936587,192953600,0.032066360869777544,0.031562968160399975,3.2066360869777544,3.1562968160399976
2025-05-28,134.78553771972656,137.22509744866613,134.76553707682788,136.00531758419635,304021100,-0.005092179819240039,-0.005105189149587356,-0.5092179819240039,-0.5105189149587356
2025-05-29,139.1647491455078,143.46397204605128,137.88498259688382,142.22419152756274,369241900,0.03249021742145208,0.031973571155819315,3.2490217421452083,3.1973571155819314
2025-05-30,135.10548400878906,139.59465948344436,132.8958783257386,138.6948289010735,333170900,-0.029168774144625265,-0.029602640571393966,-2.9168774144625265,-2.9602640571393968
2025-06-02,137.35507202148438,138.09492795630163,135.37542038395227,135.46541564458173,197663100,0.016650604741913932,0.016513503211900253,1.6650604741913932,1.6513503211900253
2025-06-03,141.19436645507812,141.97422364617418,137.9249557656252,138.75480693174418,225578800,0.02795160293020138,0.027568087063057165,2.795160293020138,2.7568087063057165
2025-06-04,141.8942413330078,142.36415725393297,139.5146683935161,142.1641966028205,167120800,0.004956818713814259,0.004944574134038392,0.49568187138142594,0.4944574134038392
2025-06-05,139.964599609375,143.97386636815438,138.80480646885346,142.14419665233672,231397900,-0.013599154592216278,-0.013692470068517678,-1.3599154592216278,-1.3692470068517677
2025-06-06,141.69427490234375,143.24399658328852,141.4843063108272,142.4841247816278,153986200,0.012357948351197967,0.012282212231139946,1.2357948351197967,1.2282212231139946
2025-06-09,142.6041259765625,144.97369107987248,141.91424872977086,143.16402192873528,185114500,0.006421226791596402,0.006400698545660533,0.6421226791596402,0.6400698545660533
2025-06-10,143.9338836669922,144.26381035974757,141.50431668274294,142.66410985007164,155881900,0.009324819189651112,0.009281611458354953,0.9324819189651112,0.9281611458354954
2025-06-11,142.81399536132812,144.97375695921582,141.85409623212945,144.59379466225064,167694000,-0.007780574504993254,-0.007811001101833298,-0.7780574504993254,-0.7811001101833298
2025-06-12,144.98374938964844,144.98374938964844,141.83410852298076,141.9540901919345,162365000,0.015192866937380423,0.01507861112994089,1.5192866937380423,1.507861112994089
2025-06-13,141.95408630371094,143.5639064320885,140.83421673860605,142.4640236398758,180820600,-0.020896570123836278,-0.021117993537486574,-2.0896570123836278,-2.1117993537486575
2025-06-16,144.6737823486328,146.16360555156524,143.18394388862185,143.33393622751285,183133700,0.019158983835823484,0.018977761536786732,1.9158983835823484,1.8977761536786732
2025-06-17,144.1038360595703,145.20371882793046,143.7638778428329,144.4738049491523,139108000,-0.00393952711963419,-0.003947307497325792,-0.39395271196341897,-0.3947307497325792
2025-06-18,145.46368408203125,145.63366319028128,143.10394808189747,143.9938476821936,161494100,0.00943658447717377,0.00939233805282406,0.9436584477173771,0.939233805282406
2025-06-20,143.83387756347656,146.1836049259659,142.63399990245927,145.43368901636921,242956200,-0.011204215875871726,-0.011267455916311066,-1.1204215875871726,-1.1267455916311067
2025-06-23,144.15383911132812,144.76377135076248,142.01407957999888,142.48402812138661,154308900,0.0022245214637306443,0.002222050879093315,0.22245214637306443,0.22220508790933147
2025-06-24,147.88340759277344,147.94341367999496,145.4836828445603,145.54367367470394,187566100,0.02587214120995429,0.025543120279273714,2.587214120995429,2.5543120279273714
2025-06-25,154.29270935058594,154.43269305532343,149.24327207878133,149.25328072295656,269146500,0.04334023581240287,0.042427331656703225,4.334023581240287,4.242733165670322
2025-06-26,155.00262451171875,156.70243086817015,153.98273459501658,155.9625083392563,198145700,0.004601093364170028,0.004590540690939521,0.4601093364170028,0.4590540690939521
2025-06-27,157.73231506347656,158.69221415352254,155.24258871826237,156.02250005395288,263234500,0.0176106085968335,0.017457338664192308,1.76106085968335,1.7457338664192308
2025-06-30,157.97230529785156,158.6422284044636,155.94253394670602,158.38224776867892,194580300,0.0015215032777424753,0.001520346964371515,0.15215032777424753,0.1520346964371515
2025-07-01,153.2828369140625,157.18239409932116,151.47304203431221,156.27249233706732,213143600,-0.02968538298499368,-0.030134912635816864,-2.968538298499368,-3.0134912635816864
2025-07-02,157.2323760986328,157.58234297497486,152.95285700312823,152.962850389823,171224100,0.025766349736758842,0.025439991512918394,2.5766349736758842,2.5439991512918394
2025-07-03,159.3221435546875,160.96195919540767,157.7523273944205,158.35225101493015,143716100,0.013290948772177513,0.013203399005691072,1.3290948772177513,1.3203399005691072
2025-07-07,158.22227478027344,159.29214695363126,157.3223664705724,158.18227071828886,140139000,-0.006903426917781452,-0.006927365806581251,-0.6903426917781452,-0.6927365806581252
2025-07-08,159.98207092285156,160.20204749093682,158.3722507239072,159.31214783171163,138133000,0.011122303386308818,0.011060905408483479,1.1122303386308818,1.106090540848348
2025-07-09,162.86175537109375,164.40157611225678,161.14194686393122,161.20193770023792,183656400,0.01800004482771622,0.017839962163414727,1.8000044827716222,1.7839962163414727
2025-07-10,164.0816192626953,164.48156834124046,161.5918927660757,164.30159583301895,167704100,0.007490180176567662,0.0074622680681916175,0.7490180176567662,0.7462268068191618
2025-07-11,164.90151977539062,167.87118822352508,163.4516852914618,163.70165728031435,193633300,0.0049969065174975125,0.004984463414259462,0.49969065174975125,0.49844634142594624
2025-07-14,164.05162048339844,165.4714595173457,162.00184716942397,165.35146259057728,136975800,-0.005153980952691151,-0.005167308525615258,-0.5153980952691151,-0.5167308525615257
2025-07-15,170.6808624267578,172.38066881478494,169.18103056842588,171.17081299302788,230627400,0.040409487719935244,0.03961437385098575,4.040948771993524,3.961437385098575
2025-07-16,171.35079956054688,171.73076187811773,168.88107501049606,171.04083672550954,158831500,0.003925086411351808,0.0039174033575546515,0.3925086411351808,0.39174033575546513
2025-07-17,172.98062133789062,174.1404950617398,170.81086624213197,172.00073538495315,160841100,0.009511608825425233,0.009466658284056214,0.9511608825425233,0.9466658284056214
2025-07-18,172.39068603515625,174.23047621121117,171.24080573231237,173.62054394819432,146456400,-0.0034104126703420334,-0.003416241383617945,-0.34104126703420334,-0.3416241383617945
2025-07-21,171.36080932617188,173.36058531454748,170.9808470061149,172.73065099594356,123126100,-0.005974085565007559,-0.005992001805248622,-0.5974085565007559,-0.5992001805248622
2025-07-22,167.01129150390625,171.37080379639445,164.5615689540832,171.32080634495316,193114300,-0.02538222035346871,-0.02570990571991363,-2.538222035346871,-2.570990571991363
2025-07-23,170.7608642578125,171.24080620570157,167.95118153678195,169.511004310231,154082200,0.022451013462275737,0.02220269919281504,2.2451013462275737,2.2202699192815043
2025-07-24,173.7205352783203,173.81052153075,171.28080627636527,172.42067791171223,128984600,0.01733225603753885,0.01718376581271994,1.7332256037538851,1.718376581271994
2025-07-25,173.48056030273438,174.70042482917586,172.9406275198062,173.59054858813744,122316800,-0.0013813851954892487,-0.00138234018759436,-0.13813851954892487,-0.138234018759436
2025-07-28,176.73019409179688,176.98016607778243,173.9505068282037,174.00050427681666,140023500,0.018731976559170027,0.018558693695374974,1.8731976559170027,1.8558693695374975
2025-07-29,175.49032592773438,179.35990260986108,175.00039060425894,177.94006357342778,154077500,-0.007015598949766888,-0.007040323972502665,-0.7015598949766888,-0.7040323972502665
2025-07-30,179.2499237060547,179.869849375745,176.0202745228646,176.49022309733303,174312200,0.021423390482894655,0.021197135383230325,2.1423390482894655,2.1197135383230323
2025-07-31,177.85006713867188,183.2794667127293,175.9102820488597,182.87950237318685,221685400,-0.007809523923024808,-0.007840177954872254,-0.7809523923024808,-0.7840177954872254
2025-08-01,173.70053100585938,176.52020701181988,170.8708463561498,174.07048465468185,204529000,-0.023331653451539314,-0.02360814562512422,-2.3331653451539314,-2.360814562512422
2025-08-04,179.97982788085938,180.17980241597786,174.500446281802,175.14037394842856,148174600,0.03615013056458749,0.035512047010701125,3.615013056458749,3.5512047010701124
2025-08-05,178.24002075195312,180.23979665506658,175.8802845759961,179.59986897635343,156407600,-0.009666678479423485,-0.009713704115700585,-0.9666678479423485,-0.9713704115700584
2025-08-06,179.39988708496094,179.87982901005608,176.23024423927978,176.31023710297544,137192300,0.006507328309964366,0.006486247054774044,0.6507328309964366,0.6486247054774045
2025-08-07,180.74974060058594,183.85939259097617,178.77996020998395,181.54965397485878,151878400,0.007524271824015827,0.007496105688976491,0.7524271824015827,0.7496105688976491
2025-08-08,182.6795196533203,183.27945850723472,180.3797743894202,181.52965464990967,123396700,0.010676524604252391,0.01061993296047469,1.067652460425239,1.061993296047469
2025-08-11,182.0395965576172,183.8193958765311,180.22980182096376,182.02960317073044,138323200,-0.003502982145549449,-0.003509131953484002,-0.3502982145549449,-0.35091319534840015
2025-08-12,183.1394805908203,184.4593247511904,179.43989822709233,182.9395060522284,145485700,0.006042004344120722,0.006023824627074495,0.6042004344120722,0.6023824627074496
2025-08-13,181.56964111328125,183.9493792108361,179.32990196930365,182.59952443546638,179871700,-0.008571824450275045,-0.008608773838110054,-0.8571824450275045,-0.8608773838110053
2025-08-14,181.99960327148438,182.99949119039164,179.43989264021437,179.7298534235828,129554000,0.0023680289037684155,0.0023652295417663075,0.23680289037684155,0.23652295417663075
2025-08-15,180.42977905273438,181.87961354108583,178.02004541114613,181.85962676701382,156602200,-0.008625426597267505,-0.008662840887425811,-0.8625426597267505,-0.8662840887425811
2025-08-18,181.98959350585938,182.91949719839158,180.56975450061333,180.57976314427117,132008000,0.008644994530914607,0.008607840542821507,0.8644994530914607,0.8607840542821507
2025-08-19,175.6203155517578,182.47954736718557,175.47033846497254,182.4095478886331,185229200,-0.03499803385129541,-0.03562514018542924,-3.4998033851295407,-3.5625140185429243
2025-08-20,175.38034057617188,175.9802794498554,168.7810892510499,175.1503706193276,215142700,-0.0013664420020655932,-0.0013673764352676154,-0.13664420020655932,-0.13673764352676154
2025-08-21,174.96038818359375,176.88017120538285,173.79052111986658,174.83041312567687,140040900,-0.002394523760180123,-0.0023973952169626654,-0.23945237601801228,-0.23973952169626653
2025-08-22,177.97006225585938,178.56998587344157,171.18081451068767,172.59066018618677,172789400,0.01720203129126263,0.017055751507662406,1.7202031291262632,1.7055751507662407
2025-08-25,179.78985595703125,181.88962682620624,176.5502286534902,178.33002804439553,163012800,0.010225279904412465,0.010173355391656097,1.0225279904412465,1.0173355391656096
2025-08-26,181.7496337890625,182.36955942503778,178.78995879531527,180.0398187111229,168688200,0.01090038045583408,0.010841399531384095,1.090038045583408,1.0841399531384095
2025-08-27,181.57965087890625,182.46955051009175,179.07993109949993,181.95959791056248,235518900,-0.0009352586115993766,-0.000935696238819023,-0.09352586115993766,-0.0935696238819023
2025-08-28,180.14981079101562,184.44933204343067,176.39023757757423,180.79974711518173,281787800,-0.00787445113463825,-0.00790561834926558,-0.787445113463825,-0.790561834926558
2025-08-29,174.1604766845703,178.130033086625,173.13059331145078,178.09004428153852,243257900,-0.03324640797648848,-0.03381163293554948,-3.324640797648848,-3.381163293554948
2025-09-02,170.7608642578125,172.36069109354864,167.20126556823303,169.980952871088,231164900,-0.019519999551419476,-0.019713030852508813,-1.9519999551419476,-1.9713030852508813
2025-09-03,170.60089111328125,172.3906992342715,168.86109570238054,171.0408442884315,164424900,-0.0009368255731577735,-0.0009372646684936146,-0.09368255731577735,-0.09372646684936145
2025-09-04,171.64077758789062,171.8407521362954,169.39102958990665,170.55090333056648,141670100,0.006095434014578904,0.0060769320037896,0.6095434014578904,0.60769320037896
2025-09-05,167.0012969970703,169.0110663720669,164.05163046676552,168.01117837826322,224441400,-0.027030176954567886,-0.02740221161888302,-2.7030176954567886,-2.740221161888302
2025-09-08,168.2911376953125,170.940849905597,167.33125381142952,167.53122834914853,163769100,0.007723537011001813,0.007693863192308633,0.7723537011001813,0.7693863192308633
2025-09-09,170.74085998535156,170.96083655380463,166.7213214317911,169.0710489481518,157548400,0.014556454508461547,0.014451526353461664,1.4556454508461547,1.4451526353461663
2025-09-10,177.3101348876953,179.26990675759993,175.45034266016896,176.62020974984335,226852000,0.038475118978007705,0.03775340543171461,3.8475118978007705,3.775340543171461
2025-09-11,177.16014099121094,180.26996857097555,176.4701769393558,179.66999584989978,151159300,-0.0008459409078864777,-0.0008462989178140306,-0.08459409078864777,-0.08462989178140307
2025-09-12,177.8101043701172,178.59005971058946,176.44017029123495,177.76010410307373,124911000,0.003668790142465017,0.0036620765474140366,0.3668790142465017,0.36620765474140365
2025-09-15,177.74009704589844,178.84004186496986,174.50027206258352,175.66021109761542,147061600,-0.0003937196059062842,-0.00039379713382049606,-0.03937196059062842,-0.039379713382049604
2025-09-16,174.87026977539062,177.49011904437822,174.37029760906842,176.99014687805604,140737800,-0.016146200650305254,-0.016277970865324422,-1.6146200650305254,-1.6277970865324423
2025-09-17,170.280517578125,173.1903593144249,168.40063256525568,172.63039291663662,211843800,-0.0262466124353834,-0.02659720291787311,-2.62466124353834,-2.6597202917873113
2025-09-18,176.23019409179688,177.09014682532762,172.95037791227023,173.9703101424577,191763300,0.03494044179741329,0.03434388090451526,3.494044179741329,3.434388090451526
2025-09-19,176.66015625,178.07008136373162,175.17023376194967,175.7602124903078,237182100,0.0024397757740604042,0.0024368043532322354,0.24397757740604042,0.24368043532322353
2025-09-22,183.5997772216797,184.53972732383275,174.70027887607205,175.29024236301854,269637000,0.03928232103372031,0.038530399012176364,3.9282321033720313,3.8530399012176364
2025-09-23,178.42005920410156,182.409842567533,176.20019683221489,181.9598706713119,192559600,-0.028212006005454482,-0.028617611486171632,-2.821200600545448,-2.861761148617163
2025-09-24,176.96014404296875,179.76998508551358,175.39022416770254,179.75999113536878,143564100,-0.008182460916363432,-0.008216120990264475,-0.8182460916363432,-0.8216120990264475
2025-09-25,177.68011474609375,180.24996380236055,173.12037093203185,174.47028665549124,191586700,0.004068547225810182,0.0040602930682581756,0.4068547225810182,0.40602930682581756
2025-09-26,178.18008422851562,179.75999811527313,174.920255917913,178.16008106951017,148573700,0.0028138741532013345,0.002809922620334833,0.28138741532013345,0.28099226203348326
2025-09-29,181.8398895263672,183.98976381560166,180.30997586310093,180.4199550960203,193063500,0.020539923491998513,0.020331824003759894,2.0539923491998513,2.0331824003759893
2025-09-30,186.56961059570312,187.3395719841704,181.4698885277926,182.06986121505474,236981000,0.02601036044211913,0.025677844594396645,2.601036044211913,2.5677844594396646
2025-10-01,187.22958374023438,188.12952754318238,183.88975804814035,185.22969505995906,173844900,0.0035374096693667756,0.00353116775159806,0.35374096693667756,0.353116775159806
2025-10-02,188.87948608398438,191.0393695238543,188.04953044946197,189.5894532800495,136805800,0.008812188281308808,0.008773587555646736,0.8812188281308808,0.8773587555646736
2025-10-03,187.6095428466797,190.34939569471342,185.36967740169,189.1794627061203,137596900,-0.006723563599384308,-0.006746268582615705,-0.6723563599384308,-0.6746268582615705
2025-10-06,185.5296630859375,187.21957143407985,183.31979467524326,185.48967202648717,157678100,-0.011086215174256564,-0.011148125248544874,-1.1086215174256564,-1.1148125248544873
2025-10-07,185.02969360351562,189.0494741147918,183.9897582054133,186.21962980709273,140088000,-0.0026948223486520373,-0.0026984599189375856,-0.26948223486520373,-0.2698459918937586
2025-10-08,189.09947204589844,189.58945025835604,186.52960780500513,186.55962017208088,130168900,0.021995272018898726,0.021756865566211703,2.1995272018898726,2.1756865566211703
2025-10-09,192.5592803955078,195.28912405123697,191.04935474353755,192.21928773885006,182997200,0.018296234844958237,0.01813087269768971,1.8296234844958237,1.813087269768971
2025-10-10,183.14981079101562,195.6091088464203,182.0398719523004,193.49922565779727,268774400,-0.048865313503278496,-0.05009960028526942,-4.88653135032785,-5.009960028526942
2025-10-13,188.3095245361328,190.09941818271824,185.94965529464977,187.9595379156231,153482800,0.028172094324491193,0.027782559952435757,2.8172094324491193,2.7782559952435757
2025-10-14,180.0199737548828,184.78971240822688,179.68999030007896,184.75971529942103,205641400,-0.044020878931481766,-0.045019206055716764,-4.402087893148177,-4.5019206055716765
2025-10-15,179.8199920654297,184.85970481354866,177.2801249034248,184.7897166440438,214450500,-0.0011108861160341599,-0.0011115036073662836,-0.11108861160341599,-0.11115036073662836
2025-10-16,181.7998809814453,183.26980040587233,179.76000120804414,182.21985578014733,179723300,0.01101039374584789,0.01095022064409201,1.101039374584789,1.095022064409201
2025-10-17,183.20980834960938,184.08976427610557,179.74000017155936,180.16996892604442,173135200,0.007755381139704642,0.007725462757472726,0.7755381139704642,0.7725462757472725
2025-10-20,182.6298370361328,185.18969215276272,181.71988400794234,183.1198152646831,128544700,-0.003165612794975625,-0.003170633946640932,-0.3165612794975625,-0.31706339466409317
2025-10-21,181.14991760253906,182.77981647710283,179.78999271004406,182.77981647710283,124240200,-0.008103382544775273,-0.008136393403132646,-0.8103382544775273,-0.8136393403132646
2025-10-22,180.26995849609375,183.42978616900905,176.7501502622395,181.1299112106735,162249600,-0.0048576290737047945,-0.004869465701335185,-0.48576290737047945,-0.4869465701335185
2025-10-23,182.1498565673828,183.01980322210497,179.7799782111653,180.40994799999942,111363700,0.010428238221011243,0.010374239229939845,1.0428238221011243,1.0374239229939846
2025-10-24,186.24961853027344,187.45955783835475,183.48977777431884,183.8297551720498,131296700,0.022507632123081045,0.02225807308601528,2.2507632123081045,2.225807308601528
2025-10-27,191.47933959960938,191.98930570001696,188.41949722334647,189.979423148828,153452700,0.028079096808919735,0.027692106494185256,2.8079096808919735,2.769210649418526
2025-10-28,201.01881408691406,203.1386912540773,191.89932637827522,193.03926234185508,297986200,0.04981986311030795,0.04861859050894941,4.981986311030795,4.861859050894941
2025-10-29,207.02847290039062,212.1781954922272,204.76860414707738,207.96842303697136,308829600,0.029896001728863864,0.029457827948534257,2.9896001728863864,2.9457827948534256
2025-10-30,202.8787078857422,206.1485301715792,201.39879452489242,205.1385766163601,178864400,-0.02004441686938907,-0.020248031680764177,-2.004441686938907,-2.0248031680764176
2025-10-31,202.47872924804688,207.95841980607935,202.05875446792163,206.43850017947892,179802200,-0.0019715160938454934,-0.0019734620898285613,-0.19715160938454934,-0.19734620898285613
2025-11-03,206.8684844970703,211.32822759164594,205.5485506791992,208.06841462190084,180267300,0.02168008099085683,0.021448410478101188,2.168008099085683,2.144841047810119
2025-11-04,198.67893981933594,203.9586446199207,197.9189723693821,202.98869740675082,188919300,-0.039588169738104084,-0.04039309665395435,-3.9588169738104084,-4.039309665395435
2025-11-05,195.1991424560547,202.90870481768462,194.63916080574026,198.75894188581304,171350300,-0.017514676525078765,-0.01766987328930434,-1.7514676525078765,-1.766987328930434
2025-11-06,188.0695343017578,197.60899664277025,186.3696319662745,196.40906647995496,223029800,-0.03652479239708739,-0.03720852305928514,-3.652479239708739,-3.720852305928514
2025-11-07,188.1395263671875,188.3095303364016,178.90005019006267,184.8897071775586,264942300,0.0003721605718307597,0.00037209133726219876,0.03721605718307597,0.037209133726219874
2025-11-10,199.03892517089844,199.9288750287355,193.7792081445882,195.09914200543773,198897100,0.05793253025650147,0.05631656037854874,5.793253025650147,5.631656037854874
2025-11-11,193.1492462158203,195.40911485928362,191.28934919242405,195.14913483203398,176483300,-0.029590588624919145,-0.030037222950149853,-2.9590588624919145,-3.0037222950149856
2025-11-12,193.78921508789062,195.87909508520013,191.1193655455878,195.70910637927892,154935300,0.003313338698486268,0.0033078616866165345,0.3313338698486268,0.33078616866165345
2025-11-13,186.84959411621094,191.42934088057365,183.8397672401686,191.03936321053533,207423100,-0.03581015057278758,-0.0364670645217309,-3.581015057278758,-3.64670645217309
2025-11-14,190.15940856933594,190.99935813210442,180.56994624954729,182.8498180673128,186591900,0.017713789900268395,0.017558729188080765,1.7713789900268395,1.7558729188080764
2025-11-17,186.58961486816406,188.98947511566342,184.30974305565786,185.95964506857126,173628900,-0.01877263779914551,-0.018951080520199844,-1.8772637799145508,-1.8951080520199843
2025-11-18,181.3498992919922,184.7897101334883,179.63998782140993,183.36979105504545,213598900,-0.028081496281955554,-0.02848332194827211,-2.8081496281955554,-2.848332194827211
2025-11-19,186.50961303710938,187.8495347223247,182.8198161698128,184.7796984316032,247246400,0.028451704496452512,0.028054471785649387,2.8451704496452512,2.805447178564939
2025-11-20,180.62994384765625,195.9890894251709,179.83999453744622,195.9390891568929,343504800,-0.03152475142545741,-0.03203235291540876,-3.152475142545741,-3.203235291540876
2025-11-21,178.8700408935547,184.54971718190046,172.92036011460985,181.22991004695137,346926200,-0.009743140680959717,-0.009790915648216417,-0.9743140680959717,-0.9790915648216417
2025-11-24,182.5398406982422,183.4897847612219,176.47017128450955,179.48001348627363,256618300,0.020516570501995846,0.020308940766502713,2.0516570501995846,2.0308940766502714
2025-11-25,177.8101043701172,178.15008177330986,169.54056066153746,174.90026276869568,320600300,-0.02591070699981468,-0.02625230295007782,-2.591070699981468,-2.625230295007782
2025-11-26,180.2499542236328,182.8998157763143,178.2300777211247,181.61988829154,183852000,0.013721660319353957,0.01362837076139389,1.3721660319353957,1.3628370761393889
2025-11-28,176.99014282226562,179.28000857805475,176.49017066740046,179.0000253919654,121332800,-0.01808494995412202,-0.018250481451215203,-1.808494995412202,-1.8250481451215204
2025-12-01,179.9099884033203,180.28997214473748,173.67033006996684,174.75027181562072,188131000,0.01649722145253496,0.01636262063691597,1.649722145253496,1.636262063691597
2025-12-02,181.4499053955078,185.6496685428864,179.98997995570696,181.74987648908228,182632200,0.008559374639807826,0.008522950888142249,0.8559374639807826,0.8522950888142249
2025-12-03,179.5800018310547,182.43984327721986,179.1000328161426,181.06992440272873,165138000,-0.010305343286772684,-0.010358810989460964,-1.0305343286772684,-1.0358810989460965
2025-12-04,183.3800048828125,184.52000427246094,179.9600067138672,181.6199951171875,167364900,0.02116050235556166,0.020939727959519348,2.116050235556166,2.093972795951935
2025-12-05,182.41000366210938,184.66000366210938,180.91000366210938,183.88999938964844,143971100,-0.0052895691726204674,-0.005303608473422988,-0.5289569172620467,-0.5303608473422988
2025-12-08,185.5500030517578,188.0,182.39999389648438,182.63999938964844,204378100,0.01721396484079274,0.017067483178621477,1.721396484079274,1.7067483178621476
2025-12-09,184.97000122070312,185.72000122070312,183.32000732421875,185.55999755859375,144719700,-0.0031258519079242486,-0.0031307475877748172,-0.31258519079242486,-0.3130747587774817
2025-12-10,183.77999877929688,185.47999572753906,182.0399932861328,184.97000122070312,162785400,-0.006433488855235314,-0.006454272935382109,-0.6433488855235314,-0.6454272935382109
2025-12-11,180.92999267578125,181.32000732421875,176.6199951171875,180.27999877929688,182136600,-0.015507705530775517,-0.015629207780489252,-1.5507705530775517,-1.5629207780489252
2025-12-12,175.02000427246094,182.82000732421875,174.6199951171875,181.11000061035156,204274900,-0.032664503634346365,-0.03320989813109434,-3.2664503634346365,-3.320989813109434
2025-12-15,176.2899932861328,178.4199981689453,175.02999877929688,177.94000244140625,164775600,0.007256250615185866,0.0072300506944736895,0.7256250615185866,0.723005069447369
2025-12-16,177.72000122070312,178.49000549316406,174.89999389648438,176.25999450683594,148588100,0.00811167955658898,0.008078956722964145,0.811167955658898,0.8078956722964146
2025-12-17,170.94000244140625,176.1300048828125,170.30999755859375,176.10000610351562,222775500,-0.038149891586355955,-0.038896652916282415,-3.8149891586355955,-3.8896652916282415
2025-12-18,174.13999938964844,176.14999389648438,171.82000732421875,174.52999877929688,176096000,0.018720000599854014,0.018546937875409245,1.8720000599854014,1.8546937875409244
2025-12-19,180.99000549316406,181.4499969482422,176.33999633789062,176.6699981689453,324925900,0.03933620149032113,0.03858224157590707,3.933620149032113,3.858224157590707
2025-12-22,183.69000244140625,184.16000366210938,182.35000610351562,183.9199981689453,129064400,0.014917933953784823,0.014807755977448005,1.4917933953784823,1.4807755977448005
2025-12-23,189.2100067138672,189.3300018310547,182.89999389648438,182.97000122070312,174873600,0.030050651636426062,0.029607977378472258,3.0050651636426062,2.960797737847226
2025-12-24,188.61000061035156,188.91000366210938,186.58999633789062,187.94000244140625,65528500,-0.003171111898024437,-0.0031761505282191112,-0.3171111898024437,-0.3176150528219111
2025-12-26,190.52999877929688,192.69000244140625,188.0,189.9199981689453,139740300,0.010179726222003582,0.010128261776981343,1.0179726222003582,1.0128261776981344
2025-12-29,188.22000122070312,188.75999450683594,185.91000366210938,187.7100067138672,120006100,-0.012124062212741427,-0.012198158159957593,-1.2124062212741427,-1.2198158159957593
2025-12-30,187.5399932861328,188.99000549316406,186.92999267578125,188.24000549316406,97687300,-0.003612835671873982,-0.00361937772433004,-0.3612835671873982,-0.361937772433004
2025-12-31,186.5,190.55999755859375,186.49000549316406,189.57000732421875,120100500,-0.005545448029029565,-0.005560881107953781,-0.5545448029029565,-0.556088110795378
2026-01-02,188.85000610351562,192.92999267578125,188.25999450683594,189.83999633789062,148240500,0.012600568919654886,0.01252184239397894,1.2600568919654886,1.252184239397894
2026-01-05,188.1199951171875,193.6300048828125,186.14999389648438,191.75999450683594,183529700,-0.0038655597709008616,-0.0038730503568416143,-0.38655597709008616,-0.3873050356841614
2026-01-06,187.24000549316406,192.1699981689453,186.82000732421875,190.52000427246094,176862600,-0.0046778101576882,-0.0046887853515817125,-0.46778101576882003,-0.46887853515817124
2026-01-07,189.11000061035156,191.3699951171875,186.55999755859375,188.57000732421875,153543200,0.009987155855193386,0.009937613797250616,0.9987155855193386,0.9937613797250616
2026-01-08,185.0399932861328,189.5500030517578,183.7100067138672,189.11000061035156,172457000,-0.021521904241355916,-0.021756877926822283,-2.1521904241355916,-2.1756877926822282
2026-01-09,184.86000061035156,186.33999633789062,183.6699981689453,185.0800018310547,131327500,-0.0009727230993946678,-0.0009731965015264062,-0.09727230993946678,-0.09731965015264062
2026-01-12,184.94000244140625,187.1199951171875,183.02000427246094,183.22000122070312,137968500,0.00043276983009055137,0.0004326762122366477,0.04327698300905514,0.043267621223664766
2026-01-13,185.80999755859375,188.11000061035156,183.39999389648438,185.0,160128900,0.0047042019341549945,0.004693171754836819,0.47042019341549945,0.4693171754836819
2026-01-14,183.13999938964844,184.4600067138672,180.8000030517578,184.32000732421875,159586100,-0.014369507583160801,-0.014473748758520005,-1.43695075831608,-1.4473748758520006
2026-01-15,187.0500030517578,189.6999969482422,186.3300018310547,186.5,206188600,0.021349807115541353,0.021125092762471806,2.1349807115541353,2.1125092762471804
2026-01-16,186.22999572753906,190.44000244140625,186.0800018310547,189.0800018310547,187967200,-0.004383893669287153,-0.004393531107790034,-0.43838936692871533,-0.4393531107790034
2026-01-20,178.07000732421875,182.3800048828125,177.61000061035156,181.89999389648438,223345300,-0.04381672442960616,-0.04480567345721971,-4.381672442960616,-4.480567345721971
2026-01-21,183.32000732421875,185.3800048828125,178.39999389648438,179.0500030517578,200381000,0.029482786455111043,0.029056527049768917,2.9482786455111043,2.905652704976892
2026-01-22,184.83999633789062,186.1699981689453,183.92999267578125,184.75,139636600,0.008291451848916997,0.008257266595632338,0.8291451848916997,0.8257266595632338
2026-01-23,187.6699981689453,189.60000610351562,186.82000732421875,187.5,142748100,0.015310549053903832,0.015194525356657641,1.5310549053903832,1.5194525356657642
2026-01-26,186.47000122070312,189.1199951171875,185.99000549316406,187.16000366210938,124799600,-0.0063941863907406304,-0.006414716764022211,-0.639418639074063,-0.6414716764022211
2026-01-27,188.52000427246094,190.0,185.6999969482422,187.24000549316406,143711600,0.01099374182623336,0.01093374993632049,1.099374182623336,1.093374993632049
2026-01-28,191.52000427246094,192.35000610351562,189.83999633789062,191.27000427246094,148552700,0.015913430575061005,0.015788139399133445,1.5913430575061005,1.5788139399133445
2026-01-29,192.50999450683594,193.47999572753906,186.05999755859375,191.33999633789062,171764400,0.005169121826911649,0.005155807778264372,0.5169121826911649,0.5155807778264372
2026-01-30,191.1300048828125,194.49000549316406,189.47000122070312,191.2100067138672,179489500,-0.00716840508753136,-0.007194221552516856,-0.716840508753136,-0.7194221552516856
2026-02-02,185.61000061035156,190.3000030517578,184.8800048828125,187.1999969482422,165794100,-0.028880888041861397,-0.02930614884421937,-2.8880888041861397,-2.930614884421937
2026-02-03,180.33999633789062,186.27000427246094,176.22999572753906,186.24000549316406,204019600,-0.028392889688762968,-0.028803763734296637,-2.839288968876297,-2.8803763734296637
2026-02-04,174.19000244140625,179.5800018310547,171.91000366210938,179.4600067138672,207014100,-0.03410221815110581,-0.034697266259929346,-3.410221815110581,-3.4697266259929345
2026-02-05,171.8800048828125,176.82000732421875,171.02999877929688,174.92999267578125,206312900,-0.013261367048724715,-0.01335008419007757,-1.3261367048724715,-1.335008419007757
2026-02-06,185.41000366210938,187.0,174.60000610351562,176.69000244140625,231346200,0.07871770069195438,0.07577302154611584,7.871770069195438,7.577302154611584
2026-02-09,190.0399932861328,193.66000366210938,183.9499969482422,184.25999450683594,196387400,0.024971627919608386,0.024664932128840217,2.4971627919608386,2.466493212884022
2026-02-10,188.5399932861328,192.47999572753906,188.1199951171875,191.3800048828125,136764800,-0.007893075420927542,-0.007924390631787003,-0.7893075420927542,-0.7924390631787003
2026-02-11,190.0500030517578,193.25999450683594,188.77000427246094,192.4499969482422,144192700,0.008008962657240382,0.00797706113468756,0.8008962657240382,0.797706113468756
2026-02-12,186.94000244140625,193.61000061035156,186.50999450683594,193.02999877929688,189932500,-0.01636411765541823,-0.016499488678639127,-1.636411765541823,-1.6499488678639127
2026-02-13,182.80999755859375,187.5,181.58999633789062,187.47999572753906,161888000,-0.02209267587929442,-0.022340374050165722,-2.209267587929442,-2.234037405016572
2026-02-17,184.97000122070312,187.14999389648438,179.17999267578125,181.75,162276900,0.01181556638562431,0.011746307601812847,1.181556638562431,1.1746307601812846
2026-02-18,187.97999572753906,190.3699951171875,186.75999450683594,188.75,164749100,0.016272879315410993,0.01614189509795803,1.6272879315410993,1.614189509795803
2026-02-19,187.89999389648438,188.42999267578125,185.66000366210938,187.05999755859375,126554500,-0.00042558693942440495,-0.00042567752724881764,-0.042558693942440495,-0.042567752724881766
2026-02-20,189.82000732421875,190.3300018310547,185.94000244140625,186.57000732421875,178422300,0.010218272964884312,0.01016641935078702,1.0218272964884312,1.016641935078702
2026-02-23,191.5500030517578,193.9499969482422,189.5800018310547,191.39999389648438,171584800,0.009113874516842646,0.009072593791150912,0.9113874516842646,0.9072593791150912
2026-02-24,192.85000610351562,193.77000427246094,187.39999389648438,191.49000549316406,174595300,0.006786755578419568,0.006763829224697007,0.6786755578419568,0.6763829224697008
2026-02-25,195.80499267578125,195.85000610351562,193.8000030517578,194.47000122070312,30549269,0.01532271962013576,0.015206512322910804,1.532271962013576,1.5206512322910803
