Date,Close,High,Low,Open,Volume,daily_return,log_return,daily_return_pct,log_return_pct
2016-02-26,18.51214599609375,18.922439529227816,18.383547706449843,18.84895338532998,45244004,-0.011768428891680838,-0.011838224984966762,-1.1768428891680838,-1.1838224984966763
2016-02-29,18.169218063354492,18.4815305313559,18.107981241812574,18.426417145750406,37091841,-0.018524482942799736,-0.01869820999120576,-1.8524482942799736,-1.869820999120576
2016-03-01,18.39579200744629,18.42641040701978,18.138593019110733,18.242697547402038,33114256,0.012470208861039112,0.012393096218560119,1.2470208861039112,1.2393096218560118
2016-03-02,18.359054565429688,18.469282561174627,18.218206929645792,18.43866292113567,36139763,-0.0019970568270032407,-0.001999053603882542,-0.19970568270032407,-0.19990536038825418
2016-03-03,18.303937911987305,18.371298153421936,18.11410036337366,18.297813246420795,38881955,-0.003002150968392847,-0.0030066664633409926,-0.3002150968392847,-0.3006666463340993
2016-03-04,18.193716049194336,18.334562476044336,18.083488036110737,18.279447853958054,38827884,-0.006021756811182333,-0.006039960705134316,-0.6021756811182333,-0.6039960705134316
2016-03-07,18.24270248413086,18.25494935483907,17.954885018334405,18.095731418011216,33934900,0.0026924920013078335,0.0026888737380274053,0.26924920013078335,0.2688873738027405
2016-03-08,17.979372024536133,18.218198208414403,17.979372024536133,18.218198208414403,34566879,-0.014434838249639537,-0.0145400340776506,-1.4434838249639537,-1.4540034077650599
2016-03-09,18.212081909179688,18.27944338787902,18.016120908121078,18.1998350391009,81054603,0.012943159768093127,0.012860112900661105,1.2943159768093127,1.2860112900661105
2016-03-10,18.120220184326172,18.322304561596166,18.08347835369692,18.310056463994208,61264172,-0.005043999105188157,-0.005056763007505679,-0.5043999105188157,-0.5056763007505679
2016-03-11,18.677486419677734,18.677486419677734,18.205956129507864,18.236574531850344,63638517,0.03075383354522332,0.03029041177838145,3.075383354522332,3.029041177838145
2016-03-14,18.432538986206055,18.579510053580627,18.340682530755224,18.53664354355841,49289572,-0.013114582335533864,-0.013201337813161768,-1.3114582335533864,-1.3201337813161769
2016-03-15,18.089599609375,18.328425788524974,17.94262861128503,18.297807394838305,57622391,-0.0186051079066043,-0.0187803600541687,-1.8605107906604301,-1.87803600541687
2016-03-16,17.783416748046875,18.077357612310436,17.679313435736212,18.077357612310436,96151572,-0.01692590593157428,-0.01707078622446275,-1.692590593157428,-1.707078622446275
2016-03-17,17.967124938964844,18.114095948232883,17.599699262427134,17.832402026755915,70483510,0.010330309046946429,0.010277316048024938,1.0330309046946429,1.0277316048024938
2016-03-18,18.034488677978516,18.156964739720312,17.863023915063774,18.06510830895817,86327765,0.0037492775968615,0.003742266574327818,0.37492775968615,0.37422665743278183
2016-03-21,18.414167404174805,18.444787043309876,18.028370046000575,18.03449348139209,37124304,0.021052924370398518,0.020834373657314886,2.105292437039852,2.0834373657314886
2016-03-22,18.60400390625,18.714231899666675,18.30394079648093,18.389672585948343,42880725,0.010309263400752888,0.01025648536997501,1.0309263400752888,1.025648536997501
2016-03-23,18.48764991760254,18.744847695444097,18.432535316651027,18.634619724629573,42985704,-0.006254244475210613,-0.006273884192740127,-0.6254244475210613,-0.6273884192740127
2016-03-24,18.4202880859375,18.54276416199149,18.297813240972065,18.444784286019143,33669714,-0.003643612463740009,-0.003650266587916807,-0.3643612463740009,-0.36502665879168067
2016-03-28,18.236574172973633,18.50602004776829,18.21207920536398,18.42641171080904,32850545,-0.009973454926805347,-0.01002352300772188,-0.9973454926805347,-1.002352300772188
2016-03-29,18.401914596557617,18.48764882555858,18.193707997778755,18.261068232037548,36464395,0.0090664190552312,0.009025565820685302,0.9066419055231201,0.9025565820685302
2016-03-30,18.414167404174805,18.49990042401102,18.377425560736953,18.46315734948443,33824546,0.0006658441735991616,0.0006656225977186207,0.06658441735991616,0.06656225977186207
2016-03-31,18.150846481323242,18.47540579841285,18.071236895383098,18.408044314574557,59861719,-0.01429990925312552,-0.014403138247367176,-1.429990925312552,-1.4403138247367175
2016-04-01,18.39579200744629,18.475400338772726,18.00999475603135,18.028365057122407,50975340,0.013494991893358232,0.01340474549993708,1.3494991893358232,1.340474549993708
2016-04-04,18.812210083007812,18.830581617555044,18.40804124732295,18.42641278187018,54762573,0.022636594031556934,0.02238418830761928,2.2636594031556934,2.238418830761928
2016-04-05,19.204133987426758,19.4429615137716,18.726480165825837,19.112277530622304,299829377,0.020833485416631214,0.02061943618228169,2.0833485416631214,2.061943618228169
2016-04-06,20.16556167602539,20.208428179472875,19.308235300341387,19.314358734808582,158517384,0.05006357949950235,0.04885071424052741,5.006357949950235,4.88507142405274
2016-04-07,20.06145477294922,20.25741448951377,19.902236887696354,19.932855285637483,64692412,-0.005162608646797295,-0.005175980954667136,-0.5162608646797295,-0.5175980954667136
2016-04-08,19.902236938476562,20.147186584807233,19.767514017450523,20.104321320015618,55597973,-0.007936504918244713,-0.00796816660676755,-0.7936504918244713,-0.7968166606767549
2016-04-11,19.528690338134766,19.94510604826136,19.516443469001462,19.914487644339527,87735803,-0.018769076134332763,-0.01894745072094445,-1.8769076134332763,-1.8947450720944452
2016-04-12,19.571552276611328,19.68178022853985,19.473572422047436,19.53481044669401,45178972,0.002194818891303907,0.0021924137948456136,0.21948188913039068,0.21924137948456135
2016-04-13,19.926734924316406,19.969601426695597,19.571556036653714,19.571556036653714,38429156,0.018147903788374276,0.017985196168653343,1.8147903788374276,1.7985196168653343
2016-04-14,19.994091033935547,20.073699351945066,19.7981301086158,19.889986523058887,33682467,0.0033801879673196478,0.0033744879730621597,0.3380187967319648,0.33744879730621596
2016-04-15,19.902236938476562,20.07370169090803,19.77976088422289,19.994093363622646,37179112,-0.004594062080795935,-0.004604647215616515,-0.45940620807959354,-0.4604647215616515
2016-04-18,19.969602584838867,20.122697069202086,19.773641595610407,19.90224111020614,38997262,0.0033848278749042393,0.0033791122390304925,0.33848278749042393,0.33791122390304923
2016-04-19,20.14106559753418,20.330901904267975,20.049209161232216,20.085952228188397,29954996,0.008586200549904222,0.008549548780161474,0.8586200549904222,0.8549548780161474
2016-04-20,20.349275588989258,20.453380135644952,20.116572756569013,20.116572756569013,36981593,0.010337585687649531,0.010284518261433777,1.033758568764953,1.0284518261433777
2016-04-21,20.35540199279785,20.50237182653093,20.232925900264902,20.245174001953686,36025298,0.0003010625013064594,0.0003010171910855238,0.03010625013064594,0.03010171910855238
2016-04-22,20.37377166748047,20.51461805303916,20.251295586142692,20.361523566911245,27548714,0.0009024471582097515,0.0009020401975949672,0.09024471582097515,0.09020401975949673
2016-04-25,20.337020874023438,20.373763930689577,20.208421406780083,20.28803095252734,25569513,-0.0018038286703532247,-0.0018054575283711406,-0.18038286703532247,-0.18054575283711405
2016-04-26,20.239044189453125,20.4105101829657,20.15943585752829,20.330900619952462,30293330,-0.004817651768035391,-0.0048292940597030746,-0.48176517680353914,-0.4829294059703075
2016-04-27,20.208433151245117,20.337032693226224,20.147195098241422,20.19618627929769,27503603,-0.0015124744983737726,-0.0015136194425394156,-0.15124744983737726,-0.15136194425394156
2016-04-28,20.153310775756836,20.318652090917244,20.055329688438405,20.190052606298977,34818995,-0.0027276917055236716,-0.0027314186353637093,-0.27276917055236716,-0.27314186353637093
2016-04-29,20.03083610534668,20.177805890791536,19.859370124572692,20.12881596230992,36061134,-0.00607714889989619,-0.006095689925151681,-0.607714889989619,-0.609568992515168
2016-05-02,20.085954666137695,20.20842951904297,19.902241771235467,19.938984842651365,40122407,0.002751685476389154,0.0027479065206531075,0.2751685476389154,0.2747906520653107
2016-05-03,20.6370906829834,20.802433251891646,20.36152137625429,20.606472281487434,75396414,0.027438875871548474,0.027069177415886773,2.7438875871548474,2.7069177415886774
2016-05-04,20.453378677368164,20.759567629638887,20.410512174806723,20.618720022184778,38021364,-0.008902030254037574,-0.008941890057131476,-0.8902030254037574,-0.8941890057131476
2016-05-05,20.557483673095703,20.655464780164113,20.392141093519005,20.43500759703233,25047467,0.005089867907385415,0.00507695831660593,0.5089867907385415,0.5076958316605931
2016-05-06,20.563602447509766,20.569725880598693,20.330898448159466,20.44112639920155,24422234,0.000297642187699676,0.00029759790105122536,0.0297642187699676,0.029759790105122537
2016-05-09,20.71057891845703,20.79631192865388,20.526864797568674,20.53911289806334,33182766,0.007147408695652224,0.0071219870309309034,0.7147408695652224,0.7121987030930903
2016-05-10,20.698333740234375,20.74120025393446,20.50237394170695,20.71670651020738,26125498,-0.000591252338762227,-0.0005914271973533706,-0.059125233876222705,-0.05914271973533706
2016-05-11,20.488256454467773,20.73539970799145,20.48207694154482,20.673614515667108,32037384,-0.010149478136891932,-0.010201335270402154,-1.0149478136891932,-1.0201335270402154
2016-05-12,20.506790161132812,20.562397076280767,20.33996693146293,20.525324971440124,26746515,0.0009046014582172468,0.0009041925528971279,0.09046014582172468,0.09041925528971279
2016-05-13,20.506790161132812,20.66743263647424,20.475896326394608,20.593289668905964,21622494,0.0,0.0,0.0,0.0
2016-05-16,20.624181747436523,20.655075581404645,20.272001728681172,20.346144694401303,23239224,0.005724522725463199,0.005708199909174871,0.5724522725463199,0.5708199909174871
2016-05-17,20.40793228149414,20.5994698398114,20.33996758185506,20.55621946348534,33175177,-0.010485238570459243,-0.010540595981521851,-1.0485238570459243,-1.0540595981521852
2016-05-18,20.49443244934082,20.624182332503548,20.370859594188776,20.395575158909594,21034889,0.004238556197342813,0.004229598820001973,0.4238556197342813,0.4229598820001973
2016-05-19,20.624181747436523,20.655075581404645,20.364680746359582,20.488253598006107,28095740,0.006330953463406397,0.0063109971615198405,0.6330953463406397,0.631099716151984
2016-05-20,20.84661865234375,20.94547596616383,20.667437597346574,20.685973654216166,36437939,0.010785247513389162,0.010727501563295916,1.0785247513389162,1.0727501563295916
2016-05-23,20.80336570739746,20.951652910849635,20.791009165009164,20.902224257069985,25126833,-0.002074818255546007,-0.0020769736728582988,-0.2074818255546007,-0.20769736728582988
2016-05-24,21.06904411315918,21.118475249009563,20.815722584114276,20.815722584114276,29890808,0.012770933775742233,0.012690073117342453,1.2770933775742233,1.2690073117342453
2016-05-25,21.2235107421875,21.254402096693166,21.050509220050415,21.08140305878242,22152761,0.007331449314866845,0.007304704877777315,0.7331449314866845,0.7304704877777315
2016-05-26,21.2729434967041,21.408872935425837,21.16790790267311,21.16790790267311,26656292,0.0023291506818587937,0.0023264424149020573,0.23291506818587937,0.23264424149020574
2016-05-27,21.384153366088867,21.470654127674344,21.242045681834544,21.242045681834544,21569056,0.00522776123586266,0.005214143930157232,0.522776123586266,0.5214143930157231
2016-05-31,21.439762115478516,21.470655957027375,21.24204749170957,21.42122730108514,34547274,0.0026004653276492373,0.002597089968093081,0.26004653276492373,0.2597089968093081
2016-06-01,21.470651626586914,21.58804621341388,21.390329145296153,21.43975779126907,24361207,0.0014407581083233367,0.0014397212121848486,0.14407581083233367,0.14397212121848485
2016-06-02,21.5447940826416,21.618935803448434,21.32854222148447,21.433577775092562,31807717,0.0034532000865254986,0.003447251481655037,0.34532000865254986,0.3447251481655037
2016-06-03,21.433582305908203,21.550976907988208,21.285296348722714,21.54479863696711,28377580,-0.0051618862685255396,-0.0051752548279495785,-0.516188626852554,-0.5175254827949578
2016-06-06,21.581865310668945,21.618937415950406,21.390328998311784,21.43975764394505,21526791,0.006918255784049032,0.0068944344574142025,0.6918255784049032,0.6894434457414202
2016-06-07,21.526260375976562,21.61893940559668,21.470653455049746,21.526260375976562,24776905,-0.002576465652618709,-0.002579790452297553,-0.2576465652618709,-0.2579790452297553
2016-06-08,21.77958869934082,21.829017359321632,21.42122905130985,21.483014255229175,23703195,0.011768338714650772,0.011699630346806935,1.1768338714650772,1.1699630346806935
2016-06-09,21.816661834716797,21.93405397607107,21.643660274587468,21.65601681910331,25440187,0.00170219630350954,0.0017007492093079047,0.170219630350954,0.17007492093079046
2016-06-10,21.804298400878906,21.866086079429,21.63747763093697,21.693084554250948,21645366,-0.0005666968636887093,-0.00056685749704618,-0.05666968636887093,-0.056685749704617996
2016-06-13,21.4644775390625,21.71780157273571,21.43976196914679,21.637479075792832,31296000,-0.015585039957199842,-0.01570776346287284,-1.5585039957199842,-1.5707763462872841
2016-06-14,21.61893653869629,21.643652102623037,21.365615050633348,21.37797159048375,33410430,0.007196028850583236,0.007170260978693933,0.7196028850583236,0.7170260978693933
2016-06-15,21.495370864868164,21.742514136965195,21.40887009857758,21.631300285578153,21372696,-0.005715622209582438,-0.005732018886192608,-0.5715622209582438,-0.5732018886192608
2016-06-16,21.470651626586914,21.495367191686405,21.266758772476894,21.427401250832354,23540563,-0.0011499796135944207,-0.0011506413475192582,-0.11499796135944207,-0.11506413475192581
2016-06-17,21.14319610595703,21.507734098347356,21.044338766364273,21.489196794531676,35423464,-0.015251307986591245,-0.015368805374290015,-1.5251307986591245,-1.5368805374290015
2016-06-20,21.316186904907227,21.439757274749468,21.118472325778836,21.303827880542197,23814919,0.0081818660756523,0.008148576069059566,0.81818660756523,0.8148576069059567
2016-06-21,21.470651626586914,21.55097410787768,21.322365688668167,21.322365688668167,26725962,0.007246358008060394,0.0072202293052303045,0.7246358008060394,0.7220229305230305
2016-06-22,21.297657012939453,21.594231468938986,21.26058737963802,21.464480299703368,26515583,-0.008057259586534582,-0.008089894720599648,-0.8057259586534582,-0.8089894720599647
2016-06-23,21.37179946899414,21.464478512986798,21.192619652711453,21.439762941949645,25111339,0.003481249416761756,0.003475203894595107,0.3481249416761756,0.3475203894595107
2016-06-24,20.988725662231445,21.28529759395244,20.846617967753488,20.883687596048716,46376211,-0.017924265447018306,-0.018086850838768046,-1.7924265447018306,-1.8086850838768047
2016-06-27,20.883682250976562,20.994898560076585,20.716860271552424,20.883682250976562,31359662,-0.005004754121109234,-0.005017319846124073,-0.5004754121109234,-0.5017319846124073
2016-06-28,21.27911949157715,21.297654305871973,20.95783198754768,21.099939683154314,25068547,0.018935225878668804,0.018758185859679012,1.8935225878668804,1.8758185859679013
2016-06-29,21.631298065185547,21.717798822597068,21.35943925167112,21.390330604870783,26206761,0.016550429812088874,0.016414964082513975,1.6550429812088874,1.6414964082513976
2016-06-30,21.75486946105957,21.791941570854398,21.588048693322357,21.71161908033666,28451465,0.00571262045863552,0.0056963653192965355,0.571262045863552,0.5696365319296536
2016-07-01,21.977298736572266,22.026727386201266,21.699261650824287,21.717798947076567,20371290,0.010224344297300236,0.01017242925412609,1.0224344297300236,1.017242925412609
2016-07-05,22.12558937072754,22.19355533100115,21.903161642409327,21.95876857448888,21972843,0.0067474458955461,0.006724783766368377,0.67474458955461,0.6724783766368377
2016-07-06,22.156478881835938,22.181194449163772,21.85990697925962,22.13176579873439,27226928,0.0013960989056980289,0.0013951252657139106,0.13960989056980289,0.13951252657139107
2016-07-07,22.100873947143555,22.199731256888004,21.97112279651902,22.11323048980498,19081089,-0.0025096467263111544,-0.0025128011684520993,-0.25096467263111544,-0.25128011684520996
2016-07-08,22.317129135131836,22.360377040784247,22.057626795856123,22.168840664558928,18752873,0.009784915678243244,0.009737353401063943,0.9784915678243244,0.9737353401063943
2016-07-11,22.335655212402344,22.459228061452873,22.261511006126845,22.28622656962731,17406915,0.0008301281566429619,0.0008297837908300633,0.08301281566429619,0.08297837908300633
2016-07-12,22.391265869140625,22.42833797847737,22.26151472857518,22.335658947248668,17066368,0.0024897705578568186,0.002486676214214327,0.24897705578568186,0.2486676214214327
2016-07-13,22.43451499938965,22.50865921393219,22.372729810088316,22.415980187867103,14611497,0.0019315178740577643,0.0019296548919452954,0.19315178740577643,0.19296548919452955
2016-07-14,22.811410903930664,22.836126471844377,22.39744439413021,22.545732833159775,29155116,0.016799824045728995,0.016660267846012208,1.6799824045728995,1.6660267846012207
2016-07-15,22.71872901916504,22.978231270658227,22.632230752893346,22.842301874765514,26445387,-0.004062961522018571,-0.004071237775188633,-0.4062961522018571,-0.4071237775188633
2016-07-18,22.63841438293457,22.854663826152308,22.58280497000129,22.669305740979034,17827567,-0.0035351729475147087,-0.003541436437436189,-0.35351729475147087,-0.3541436437436189
2016-07-19,22.63841438293457,22.780522082618972,22.58280497000129,22.65694919776125,17614975,0.0,0.0,0.0,0.0
2016-07-20,22.663127899169922,22.817594629228147,22.663127899169922,22.79905732982329,12937112,0.0010916628619530577,0.0010910674313512252,0.10916628619530577,0.10910674313512252
2016-07-21,22.68166160583496,22.749625068283006,22.564267008954896,22.65694603861895,13772091,0.0008177912046165581,0.0008174569955857759,0.08177912046165581,0.08174569955857759
2016-07-22,22.70020294189453,22.76198815135161,22.66313082252949,22.737275061259574,14209501,0.000817459337053128,0.0008171253991439764,0.0817459337053128,0.08171253991439764
2016-07-25,22.72491455078125,22.761984179450756,22.55809128486223,22.737271093671087,12833293,0.001088607399236663,0.001088015295874934,0.1088607399236663,0.10880152958749341
2016-07-26,22.75580596923828,22.780521539311017,22.64459211447738,22.75580596923828,12773953,0.001359363459343399,0.001358440361291911,0.1359363459343399,0.1358440361291911
2016-07-27,22.768157958984375,22.811408334792524,22.644587586011994,22.706372772498185,15877456,0.000542806076075264,0.0005426588101459695,0.0542806076075264,0.05426588101459695
2016-07-28,22.65694808959961,22.805234053640167,22.551912508932524,22.786699239720036,17134878,-0.004884447375369749,-0.0048964152754072034,-0.4884447375369749,-0.4896415275407203
2016-07-29,22.792879104614258,22.82995121927296,22.644593130206133,22.663127945422147,22675545,0.005999528907295604,0.005981603394431461,0.5999528907295604,0.5981603394431461
2016-08-01,23.052379608154297,23.10180826239897,22.84848423569685,22.873199804932426,29911044,0.01138515684433683,0.011320833705092048,1.138515684433683,1.1320833705092048
2016-08-02,22.48394775390625,22.749628339607572,22.323305238694264,22.71255622556584,34914488,-0.02465827233067841,-0.024967379474280016,-2.465827233067841,-2.4967379474280014
2016-08-03,21.985544204711914,22.396722143792424,21.842255264485164,22.371803634992766,44941190,-0.02216708358556585,-0.022416465654526197,-2.216708358556585,-2.2416465654526196
2016-08-04,21.89832878112793,22.12883753150692,21.89832878112793,22.11637577117119,26482593,-0.003966944041589482,-0.003974833235008405,-0.3966944041589482,-0.3974833235008405
2016-08-05,22.078996658325195,22.135068320586754,21.941939831329282,22.029157128996705,28665006,0.008250304349844528,0.008216456630798537,0.8250304349844528,0.8216456630798538
2016-08-08,21.761260986328125,21.979310421475674,21.624204204093395,21.979310421475674,32189687,-0.014390856473872615,-0.014495409129307383,-1.4390856473872615,-1.4495409129307384
2016-08-09,21.85471534729004,21.991777170388456,21.742577043688488,21.798646195489262,18054388,0.004294528750913296,0.004285333578870945,0.42945287509132957,0.42853335788709446
2016-08-10,21.885866165161133,21.917016807467952,21.74880684583802,21.91078717998186,14887328,0.0014253591216395467,0.0014243442615723026,0.14253591216395467,0.14243442615723026
2016-08-11,21.89832878112793,21.979316446489722,21.867178137603272,21.885867020792197,14106841,0.000569436725635919,0.0005692746580655666,0.056943672563591896,0.05692746580655666
2016-08-12,21.792423248291016,21.87341343953901,21.64913425870915,21.854722046624882,15840777,-0.004836238139240279,-0.004847970581450904,-0.48362381392402787,-0.4847970581450904
2016-08-15,21.8734073638916,21.910787634459865,21.761266552186814,21.83602709332334,13021116,0.003716159266819341,0.0037092714059557986,0.3716159266819341,0.37092714059557985
2016-08-16,21.67405128479004,21.85471801713532,21.661589523519236,21.767500717499537,15944174,-0.009114084320975824,-0.009155871683628818,-0.9114084320975824,-0.9155871683628818
2016-08-17,21.89209747314453,21.89832960598537,21.64912945815423,21.64912945815423,17961109,0.010060241414465487,0.010009974039295209,1.0060241414465487,1.0009974039295209
2016-08-18,21.92325210571289,22.02916081012397,21.79865200913239,21.892101455348516,17002390,0.0014230994817456821,0.0014220878353467846,0.1423099481745682,0.14220878353467847
2016-08-19,21.792423248291016,21.879643068884686,21.698973798351663,21.842262787933528,20624777,-0.005967584407232329,-0.005985461596968957,-0.5967584407232329,-0.5985461596968957
2016-08-22,21.705198287963867,21.979316943525667,21.65535876012322,21.680279776481797,27448690,-0.004002536080240149,-0.0040105676660819115,-0.4002536080240149,-0.4010567666081911
2016-08-23,21.86094856262207,21.9730868717791,21.748807748588582,21.804879408043554,17873627,0.007175713052323118,0.007150090125580579,0.7175713052323118,0.7150090125580579
2016-08-24,21.692739486694336,22.041618693764516,21.655359213811593,21.94816926399594,23755157,-0.007694500329932574,-0.007724255731167324,-0.7694500329932574,-0.7724255731167324
2016-08-25,21.66159439086914,21.92325386320115,21.593065960426298,21.655364761272264,19083092,-0.0014357382498554339,-0.0014367699095969527,-0.14357382498554339,-0.14367699095969527
2016-08-26,21.692739486694336,21.867179090229428,21.59306042892473,21.680280230692276,19785688,0.0014378025579835363,0.001436769909596818,0.14378025579835363,0.1436769909596818
2016-08-29,21.8734073638916,21.910787634459865,21.692738143542005,21.76749868467853,15941645,0.008328495223393961,0.008294004677624344,0.8328495223393961,0.8294004677624345
2016-08-30,21.730121612548828,21.91702048802323,21.711430222075325,21.87341058342075,15274779,-0.006550682706129685,-0.006572232590612788,-0.6550682706129685,-0.6572232590612788
2016-08-31,21.68028450012207,21.767504319065537,21.56191403016249,21.717664780365993,21919616,-0.002293457593811943,-0.002296091595764419,-0.22934575938119428,-0.22960915957644187
2016-09-01,21.60552215576172,21.76750252181903,21.561912249890664,21.63667280420586,16780945,-0.0034484023657498364,-0.0034543618095054783,-0.34484023657498364,-0.34543618095054784
2016-09-02,21.66159439086914,21.705204302924475,21.561915307564714,21.667824020466014,15215333,0.00259527331499676,0.002591911408661268,0.259527331499676,0.2591911408661268
2016-09-06,21.66159439086914,21.79865375663202,21.649135131675386,21.73012532618918,17882059,0.0,0.0,0.0,0.0
2016-09-07,21.705198287963867,21.73634893219296,21.605519232282578,21.630440248641154,15615537,0.0020129588020125766,0.0020109355151836546,0.20129588020125766,0.20109355151836544
2016-09-08,21.630443572998047,21.686512737326414,21.56814227496485,21.624213944170105,19216212,-0.0034440926995481513,-0.0034500372397659918,-0.34440926995481513,-0.3450037239765992
2016-09-09,21.244184494018555,21.549453847224484,21.237954865057997,21.524532826505308,23595055,-0.0178571963943297,-0.01801856001327004,-1.78571963943297,-1.8018560013270042
2016-09-12,21.58683204650879,21.636671578269393,21.14450338414716,21.181883659186788,20472685,0.016129004744178665,0.01600031426928326,1.6129004744178665,1.600031426928326
2016-09-13,21.20680046081543,21.45599807006881,21.088430030872445,21.45599807006881,21878510,-0.01760478725523884,-0.01776159462153008,-1.760478725523884,-1.776159462153008
2016-09-14,21.144500732421875,21.399930492428705,21.094661206911635,21.256641543477212,19924921,-0.002937724080946058,-0.0029420476620690885,-0.2937724080946058,-0.29420476620690883
2016-09-15,21.26910400390625,21.387471955502573,20.90153588232767,21.113355776324912,21890104,0.005892939874116543,0.005875644418061967,0.5892939874116543,0.5875644418061967
2016-09-16,21.144500732421875,21.318940324145917,21.07597232417394,21.30025144140822,26998737,-0.005858416577467995,-0.005875644418061965,-0.5858416577467995,-0.5875644418061965
2016-09-19,20.96383285522461,21.20057248106815,20.926452584712948,21.17565146576824,18489584,-0.008544438077946137,-0.008581151066473863,-0.8544438077946137,-0.8581151066473863
2016-09-20,21.063512802124023,21.144500464504247,20.93268185755053,21.082201684624916,14875313,0.004754853160097161,0.0047435845520764405,0.4754853160097161,0.474358455207644
2016-09-21,21.356321334838867,21.38746947381481,21.019903899763346,21.119582954239316,16397500,0.013901220345607257,0.01380548459102655,1.3901220345607257,1.3805484591026551
2016-09-22,21.275327682495117,21.449767251722992,21.225488163412304,21.38746597421243,17641220,-0.003792490807469906,-0.0037997005350553213,-0.3792490807469906,-0.37997005350553215
2016-09-23,21.34386444091797,21.412392859124097,21.18811370929874,21.281563146319577,13635703,0.0032214196390141225,0.0032162419833898603,0.32214196390141225,0.32162419833898603
2016-09-26,20.957605361938477,21.188112878774593,20.82054602602187,21.13204371973522,31119982,-0.018096960840840115,-0.018262713629729362,-1.8096960840840115,-1.8262713629729361
2016-09-27,21.07598114013672,21.10713179593941,20.85793155927277,21.04483048433403,16453572,0.005648344653594206,0.0056324525694937105,0.5648344653594206,0.563245256949371
2016-09-28,21.175657272338867,21.18188690165297,20.988758373407457,21.088437452187264,15080421,0.004729370914662967,0.0047182225759730525,0.4729370914662967,0.47182225759730523
2016-09-29,20.75824737548828,21.225494573546612,20.745786865735468,21.14450439124935,26396376,-0.019711779968966336,-0.019908648484572952,-1.9711779968966336,-1.9908648484572953
2016-09-30,21.100893020629883,21.19434245375288,20.8080854648116,20.833005230148512,30138076,0.016506482408828127,0.016371731251201265,1.6506482408828127,1.6371731251201265
2016-10-03,20.982519149780273,21.013671041281572,20.79562032515293,21.013671041281572,18862384,-0.0056098986300664455,-0.005625693209744815,-0.5609898630066446,-0.5625693209744814
2016-10-04,21.007444381713867,21.12581357759181,20.876614677220104,20.938914715422605,22029759,0.0011879046436544805,0.0011871996431935862,0.11879046436544805,0.11871996431935862
2016-10-05,21.119585037231445,21.169424569385026,20.98252444515155,21.01367634451467,14698346,0.005338138874959597,0.0053239415142122895,0.5338138874959597,0.5323941514212289
2016-10-06,20.96383285522461,21.057281026627372,20.85169329612782,21.044821771415616,16809824,-0.0073747747283984255,-0.007402102821464438,-0.7374774728398426,-0.7402102821464438
2016-10-07,20.907766342163086,21.181885037116793,20.82054778212744,20.99498615463716,15619964,-0.002674439996193323,-0.002678022700083348,-0.2674439996193323,-0.2678022700083348
2016-10-10,20.938913345336914,21.082202296632442,20.913993582174136,20.963833108499692,17268420,0.0014897336551449314,0.0014886251027918912,0.14897336551449314,0.14886251027918912
2016-10-11,20.639873504638672,20.91399213287151,20.521504324708697,20.907761253183942,18268033,-0.014281535806863532,-0.01438449842456904,-1.4281535806863532,-1.438449842456904
2016-10-12,20.602493286132812,20.708403211820258,20.521504374379695,20.646103181860695,15956295,-0.0018110681975573861,-0.0018127101643408592,-0.1811068197557386,-0.1812710164340859
2016-10-13,20.40937042236328,20.49658898531627,20.259850559915275,20.290999957224308,25488144,-0.009373761762102806,-0.009417971961035896,-0.9373761762102806,-0.9417971961035896
2016-10-14,20.347064971923828,20.496583542227086,20.347064971923828,20.39067486803848,16410042,-0.003052786497087734,-0.003057455755039339,-0.3052786497087734,-0.3057455755039339
2016-10-17,20.247392654418945,20.37822238624509,20.23493214319993,20.297232194417887,17837369,-0.004898609093862749,-0.00491064660686006,-0.4898609093862749,-0.49106466068600596
2016-10-18,20.36575698852539,20.477896552835848,20.315917460484798,20.396906380441195,15624074,0.005845905007458407,0.005828884007995446,0.5845905007458407,0.5828884007995446
2016-10-19,20.3096866607666,20.46543612584036,20.24115699632921,20.403136089323205,17247445,-0.002753166886474201,-0.002756963821090963,-0.2753166886474201,-0.2756963821090963
2016-10-20,20.272306442260742,20.396905255490218,20.24115579962473,20.24115579962473,20334190,-0.0018405118271995757,-0.001842207650200256,-0.18405118271995757,-0.1842207650200256
2016-10-21,20.048030853271484,20.216239593835567,20.048030853271484,20.19754945545324,19852090,-0.011063151083870792,-0.011124802870208162,-1.1063151083870792,-1.1124802870208161
2016-10-24,20.016878128051758,20.160167077751336,19.967038602281313,20.122786807204402,20644066,-0.0015539044930511503,-0.0015551130547931842,-0.15539044930511503,-0.1555113054793184
2016-10-25,20.110332489013672,20.1664016561607,19.92966322441334,19.948353364275185,20380249,0.004668778036418519,0.004657913096446117,0.46687780364185194,0.46579130964461174
2016-10-26,20.185089111328125,20.309687939770793,20.02933963644603,20.11032981426252,18026246,0.0037173240350596437,0.0037104318610841915,0.37173240350596437,0.37104318610841913
2016-10-27,20.23493003845215,20.440519058892246,20.166400364972116,20.29723008318993,19238662,0.002469195298030691,0.0024661518442125035,0.24691952980306908,0.24661518442125036
2016-10-28,19.89228057861328,20.284768434562324,19.861129933697175,20.259847417654125,30048170,-0.016933562863214013,-0.017078575018313696,-1.6933562863214013,-1.7078575018313695
2016-10-31,19.75522232055664,19.96081134095995,19.692923528268434,19.96081134095995,37890668,-0.006890022363951309,-0.006913868163221351,-0.6890022363951309,-0.6913868163221351
2016-11-01,19.35650634765625,19.761454792315618,19.15714819238637,19.275517410187494,57285005,-0.02018281376087072,-0.020389269373087274,-2.018281376087072,-2.0389269373087275
2016-11-02,19.08238410949707,19.33781263811853,18.914175383926427,19.306663245216793,38033063,-0.014161762109120013,-0.014262996772839457,-1.4161762109120013,-1.4262996772839458
2016-11-03,18.621370315551758,19.12599655950361,18.58399003713823,19.12599655950361,38290977,-0.024159129765964127,-0.024455748654961668,-2.4159129765964127,-2.445574865496167
2016-11-04,18.68990135192871,18.920410178687035,18.62760129667443,18.633832178906907,36919723,0.00368023594481226,0.003673480445987348,0.368023594481226,0.3673480445987348
2016-11-07,18.9266357421875,18.96401601779683,18.739736869017595,18.83318630560255,32544885,0.012666433374960429,0.012586885131804757,1.2666433374960429,1.2586885131804757
2016-11-08,18.87630271911621,19.159447108111394,18.851134413311954,18.958100661677314,37365670,-0.002659375060465541,-0.00266291748013047,-0.2659375060465541,-0.266291748013047
2016-11-09,20.210227966308594,20.996741000464077,19.820118594266713,20.7702262484516,125166505,0.07066665898727642,0.06828150024387417,7.066665898727642,6.8281500243874165
2016-11-10,21.07224464416504,21.28617584998055,20.669549270351638,20.96527840879252,70908061,0.04265249651282854,0.041767943621610334,4.265249651282854,4.176794362161034
2016-11-11,20.505956649780273,20.977865217941176,20.25427233308039,20.90235903748046,37736994,-0.02687364369327272,-0.02724134263070706,-2.687364369327272,-2.724134263070706
2016-11-14,20.373817443847656,20.70100531607854,20.216514633501234,20.669545259980964,32219094,-0.006443942518235657,-0.006464794342733105,-0.6443942518235657,-0.6464794342733106
2016-11-15,20.27943992614746,20.61292088592925,20.05921569615607,20.61292088592925,31213472,-0.004632294264946157,-0.004643056589054615,-0.46322942649461574,-0.46430565890546155
2016-11-16,20.10955047607422,20.342358203828436,20.090675199442316,20.260561543635298,23864246,-0.008377423177954424,-0.008412711006424222,-0.8377423177954424,-0.8412711006424222
2016-11-17,19.964832305908203,20.210223549863272,19.933372246791485,20.141011672792377,27502549,-0.007196489565403086,-0.0072225092049641474,-0.7196489565403086,-0.7222509204964147
2016-11-18,19.807537078857422,20.103266301745418,19.782368768923323,20.103266301745418,25460846,-0.007878614988628407,-0.007909815260364774,-0.7878614988628407,-0.7909815260364774
2016-11-21,19.864160537719727,19.939665444004138,19.81382266860063,19.826407452112775,23053931,0.002858682461977846,0.0028546041997244277,0.2858682461977846,0.28546041997244276
2016-11-22,19.71315574645996,20.12843476084489,19.53697757561568,20.09068292812892,27862279,-0.007601871268258509,-0.007630912765078316,-0.7601871268258509,-0.7630912765078316
2016-11-23,19.769777297973633,19.788653839067354,19.272700530532905,19.618766234153227,22399924,0.002872272316107427,0.002868155223701412,0.2872272316107427,0.2868155223701412
2016-11-25,19.93966293334961,19.971122990774525,19.851573254644652,19.8830345769989,11017357,0.00859319924627533,0.008556487871817717,0.8593199246275329,0.8556487871817717
2016-11-28,19.845277786254883,20.03404062537557,19.820109492034064,19.93965920581523,18692901,-0.004733537743853433,-0.00474477641344278,-0.4733537743853433,-0.474477641344278
2016-11-29,20.084383010864258,20.115843071488467,19.889328358121126,20.040338167032687,22810879,0.012048469524320815,0.011976464505233392,1.2048469524320815,1.1976464505233393
2016-11-30,20.222810745239258,20.36752880534354,19.977419472006698,20.12213753211098,40599553,0.006892307037767553,0.006868663665700254,0.6892307037767553,0.6868663665700254
2016-12-01,19.79494857788086,20.292024155226,19.75719549000976,20.292024155226,32259146,-0.021157403525576823,-0.02138442928165233,-2.1157403525576823,-2.138442928165233
2016-12-02,19.901912689208984,19.964834077956624,19.73202633101282,19.845284324786768,20034221,0.005403606425512519,0.005389059325317636,0.5403606425512519,0.5389059325317637
2016-12-05,19.876747131347656,19.990005140760672,19.750905601405243,19.97112859503689,20342516,-0.0012644793620751882,-0.0012652794906722659,-0.12644793620751882,-0.12652794906722659
2016-12-06,19.857866287231445,19.94595597158827,19.776069626706832,19.914495912144865,18662967,-0.0009498960766288755,-0.0009503475138086514,-0.09498960766288755,-0.09503475138086513
2016-12-07,19.625057220458984,19.71314689880968,19.260116255037897,19.71314689880968,46432600,-0.011723770489992513,-0.011793035786439993,-1.1723770489992513,-1.1793035786439994
2016-12-08,19.467754364013672,19.56842755256335,19.19719358862485,19.4048329887055,37409622,-0.00801540880509255,-0.008047704887553382,-0.801540880509255,-0.8047704887553383
2016-12-09,19.945955276489258,20.084381557103256,19.562137757923676,19.57472127529075,30935743,0.024563742871111183,0.024266905278759767,2.4563742871111183,2.4266905278759765
2016-12-12,20.386404037475586,20.543706871565583,19.920788559318417,19.94595686098128,33997508,0.02208210912342179,0.021841830162343354,2.208210912342179,2.184183016234335
2016-12-13,20.656963348388672,20.68842340693043,20.48707700837617,20.64437856601434,30313356,0.013271556396887263,0.013184260809616311,1.3271556396887263,1.318426080961631
2016-12-14,20.650672912597656,20.952693813206494,20.537416181682687,20.71359430249561,38309843,-0.00030451890168581297,-0.0003045652769815633,-0.030451890168581297,-0.030456527698156332
2016-12-15,20.60662841796875,20.738762959531464,20.512246963975258,20.53112350775987,22004463,-0.0021328358071101006,-0.002135113540664223,-0.21328358071101006,-0.21351135406642233
2016-12-16,20.663257598876953,20.72617898847749,20.461909911112958,20.68842590173126,39615012,0.0027481051125677336,0.002744335975457116,0.27481051125677336,0.2744335975457116
2016-12-19,20.656963348388672,20.74505176529147,20.5877502076533,20.612918507472582,26276958,-0.0003046107545319199,-0.00030465715781133936,-0.030461075453191988,-0.030465715781133936
2016-12-20,20.669546127319336,20.688422667741694,20.493366769949798,20.625501287976952,26428312,0.0006091301377868508,0.0006089446933271888,0.06091301377868508,0.06089446933271888
2016-12-21,20.386404037475586,20.719884983205624,20.34235919333321,20.594043474891308,19751644,-0.01369851510525022,-0.013793205502943537,-1.369851510525022,-1.3793205502943537
2016-12-22,20.34865379333496,20.40528342867941,20.166183897037463,20.317193728096697,19618418,-0.0018517362881276256,-0.0018534528712014482,-0.18517362881276256,-0.18534528712014484
2016-12-23,20.43674087524414,20.487078744076793,20.361235969389387,20.392696030596497,11387943,0.00432888990120972,0.004319547209938568,0.43288899012097204,0.43195472099385684
2016-12-27,20.468202590942383,20.587752343720116,20.436741264207,20.493369628443475,11826302,0.001539468347242945,0.0015382845806053106,0.1539468347242945,0.15382845806053105
2016-12-28,20.354942321777344,20.56887350098386,20.34864929817615,20.44932376157226,14691495,-0.005533474112434211,-0.00554884049283959,-0.5533474112434211,-0.554884049283959
2016-12-29,20.443031311035156,20.524829235779393,20.36752641006853,20.380111192694333,14827250,0.004327646222979764,0.0043183088914828345,0.4327646222979764,0.43183088914828344
2016-12-30,20.43674087524414,20.512245781098894,20.329775908182278,20.348651185948853,19885396,-0.00030770562815796154,-0.0003077529792484754,-0.030770562815796154,-0.03077529792484754
2017-01-03,20.763933181762695,20.763933181762695,20.505957099345196,20.575170256331827,23391844,0.016010004164357605,0.01588319572627473,1.6010004164357605,1.588319572627473
2017-01-04,20.946401596069336,20.9841534172397,20.78280699785241,20.845728386375693,22753963,0.008787757729200596,0.008749370116349403,0.8787757729200596,0.8749370116349403
2017-01-05,21.14774513244629,21.19808172742004,20.839431274605854,20.996734082595772,21083584,0.009612321021035708,0.009566416594286984,0.9612321021035708,0.9566416594286984
2017-01-06,21.065948486328125,21.204374763311986,20.977860072280578,21.179206464308496,18418228,-0.003867866082453708,-0.003875365620855754,-0.3867866082453708,-0.3875365620855754
2017-01-09,21.05965805053711,21.185499553458488,21.00302842552543,21.034489749952833,21559886,-0.0002986068154062771,-0.0002986514072985635,-0.02986068154062771,-0.02986514072985635
2017-01-10,21.040781021118164,21.179207303587514,20.965276121115622,21.135162462353687,20444754,-0.000896359730706231,-0.0008967617013144422,-0.0896359730706231,-0.08967617013144422
2017-01-11,20.656963348388672,21.103702251342657,20.386402544169663,20.996736028413675,42623128,-0.018241607682921268,-0.018410037236563186,-1.8241607682921268,-1.8410037236563186
2017-01-12,20.512243270874023,20.524828052774474,20.323480396872615,20.46819969654578,33475989,-0.007005873761495418,-0.007030530122128235,-0.7005873761495418,-0.7030530122128235
2017-01-13,20.4619083404541,20.62550292891433,20.342358594840412,20.55628978514541,21386925,-0.0024538969119674015,-0.002456912651547568,-0.24538969119674015,-0.2456912651547568
2017-01-17,20.17247772216797,20.37382544912202,19.996298302966952,20.3549489020748,33838143,-0.0141448497114961,-0.014245841572415577,-1.41448497114961,-1.4245841572415576
2017-01-18,20.15359878540039,20.310901638901946,20.103262175863005,20.191351875018245,22629064,-0.0009358759507679393,-0.0009363141560907676,-0.09358759507679393,-0.09363141560907676
2017-01-19,19.945955276489258,20.191347779370208,19.838990319151677,20.172471238390234,27555881,-0.01030304865757048,-0.010356492469777576,-1.030304865757048,-1.0356492469777576
2017-01-20,19.990001678466797,20.210224633955548,19.920788532753853,19.95854161766254,31788324,0.002208287413010268,0.0022058527300220783,0.2208287413010268,0.22058527300220782
2017-01-23,19.79494857788086,20.021463310318765,19.78236379361397,19.93337488016881,26098094,-0.009757532976900518,-0.009805449655625182,-0.9757532976900518,-0.9805449655625181
2017-01-24,19.59989356994629,19.79494951325793,19.442591981219337,19.75719642360287,31225172,-0.009853776945524695,-0.009902646705055087,-0.9853776945524695,-0.9902646705055087
2017-01-25,19.687978744506836,19.832696780042827,19.568429007980175,19.7320235840055,33905283,0.00449416596300356,0.004484097354546168,0.449416596300356,0.44840973545461676
2017-01-26,19.68168830871582,19.801238053276947,19.63135170731423,19.757193210818205,28653517,-0.00031950642941291907,-0.0003195574824669461,-0.03195064294129191,-0.03195574824669461
2017-01-27,19.769777297973633,19.845282197419145,19.66910283378357,19.801237356510253,25353654,0.00447568256727271,0.004465696485319689,0.44756825672727096,0.4465696485319689
2017-01-30,19.7005672454834,19.82011827718394,19.543265653112556,19.801241731919138,28947899,-0.0035008008156636183,-0.0035069429579734405,-0.35008008156636183,-0.35069429579734407
2017-01-31,19.964832305908203,20.090675072233868,19.461463770464334,19.51180037102284,39472300,0.01341408382468745,0.013324911559990769,1.341408382468745,1.3324911559990769
2017-02-01,20.130096435546875,20.142809431998096,19.869492147553704,20.02839757520315,30031938,0.008277761971973385,0.008243689202057154,0.8277761971973385,0.8243689202057154
2017-02-02,20.16823387145996,20.16823387145996,19.90762958702827,20.002972586751657,24634404,0.001894548097928661,0.0018927557051734484,0.1894548097928661,0.18927557051734484
2017-02-03,20.397052764892578,20.49239574209948,20.288996794410536,20.371628056158485,37935252,0.011345509720433133,0.011281632120260086,1.1345509720433133,1.1281632120260086
2017-02-06,20.48603630065918,20.549597422467297,20.301704958404546,20.33984265374219,25859258,0.004362568298090563,0.004353079882909847,0.43625682980905633,0.4353079882909847
2017-02-07,20.390697479248047,20.562314587472148,20.301709079457762,20.54324573593253,24781648,-0.0046538442093878585,-0.004664707058124065,-0.46538442093878585,-0.4664707058124065
2017-02-08,20.428836822509766,20.562317524536873,20.28900026166701,20.28900026166701,20194745,0.0018704285765867024,0.0018686815032347031,0.18704285765867024,0.18686815032347032
2017-02-09,20.581378936767578,20.683077752310282,20.428829435637574,20.428829435637574,25102380,0.007466999496013038,0.0074392594595824625,0.7466999496013038,0.7439259459582462
2017-02-10,20.56231689453125,20.62587803637313,20.48604275763117,20.600453324073104,23090189,-0.0009261790619031762,-0.0009266082307424546,-0.09261790619031762,-0.09266082307424546
2017-02-13,20.727582931518555,20.778432367815903,20.619526921024192,20.619526921024192,21733585,0.008037325649390192,0.008005198377682616,0.8037325649390192,0.8005198377682616
2017-02-14,20.816564559936523,20.829277555325977,20.562317430311495,20.676729277550958,24205532,0.004292909053214444,0.004283720805965601,0.4292909053214444,0.4283720805965601
2017-02-15,21.299640655517578,21.34413423099856,20.77843202533559,20.835637320773053,48035523,0.02320633139008832,0.022941159095728497,2.320633139008832,2.2941159095728496
2017-02-16,21.369552612304688,21.54117100336269,21.11530423258076,21.261496635631733,40402244,0.0032823068669469713,0.0032769318561742624,0.3282306866946971,0.3276931856174262
2017-02-17,21.369552612304688,21.54117100336269,21.312346056013265,21.35048376020755,36882306,0.0,0.0,0.0,0.0
2017-02-21,21.369552612304688,21.483963169255006,21.280565487728875,21.337772044020298,25391598,0.0,0.0,0.0,0.0
2017-02-22,21.350482940673828,21.452183055349423,21.134372273439542,21.337771224974514,28676494,-0.0008923758010674909,-0.0008927742053878735,-0.08923758010674909,-0.08927742053878736
2017-02-23,21.649229049682617,21.687366759773855,21.344131202402085,21.420405344768103,32122863,0.013992475478840971,0.013895484509151658,1.399247547884097,1.3895484509151659
2017-02-24,21.77635383605957,21.83355912321697,21.604735418954466,21.719145993269258,26046448,0.005872023714341701,0.005854850577673886,0.5872023714341701,0.5854850577673886
2017-02-27,21.7890625,21.90347305827785,21.712787090726394,21.75728065353057,23009136,0.0005835992579890092,0.000583429030168713,0.058359925798900925,0.058342903016871304
2017-02-28,21.687368392944336,21.776355537980777,21.553887675389674,21.67465411820119,28964658,-0.004667208929051592,-0.004678134356066814,-0.46672089290515917,-0.46781343560668137
2017-03-01,21.878047943115234,21.947964933212063,21.642868430845674,21.78270496667169,34034925,0.008792193995880826,0.008753767728128251,0.8792193995880826,0.8753767728128251
2017-03-02,21.935260772705078,22.087809076428318,21.878055478263022,21.903478917733608,26952993,0.0026150792675196932,0.0026116658972595037,0.2615079267519693,0.26116658972595036
2017-03-03,21.94161033630371,22.02424160213809,21.839911496337944,21.935254478259914,19800760,0.0002894683434324641,0.0002894264555548207,0.028946834343246408,0.028942645555482073
2017-03-06,21.833559036254883,21.909831900283315,21.661940619833324,21.820844762556057,19174263,-0.00492449270553541,-0.0049366579746912545,-0.49244927055354104,-0.4936657974691254
2017-03-07,21.604734420776367,21.73821512173185,21.452186143527012,21.528459004335293,30783335,-0.010480408397849805,-0.010535714638656784,-1.0480408397849805,-1.0535714638656783
2017-03-08,21.553884506225586,21.674650931280276,21.43311680335453,21.553884506225586,23870360,-0.0023536468239054864,-0.0023564210044069284,-0.23536468239054864,-0.23564210044069284
2017-03-09,21.642871856689453,21.700077140484115,21.47125344967271,21.53481714778479,20199594,0.004128599206243422,0.00412009992592435,0.4128599206243422,0.412009992592435
2017-03-10,21.68100929260254,21.81448743457233,21.611089736682427,21.700076868417444,20214666,0.0017621245537846608,0.001760573833753775,0.17621245537846608,0.17605738337537752
2017-03-13,21.68100929260254,21.70643272702241,21.553884453604983,21.700076868417444,19988056,0.0,0.0,0.0,0.0
2017-03-14,21.75092887878418,21.820845887383754,21.5983805872308,21.62380402467318,15563469,0.0032249230300129827,0.0032197341186384946,0.3224923030012983,0.3219734118638495
2017-03-15,22.01153564453125,22.05602922327628,21.725509146361002,21.750932588139037,24279839,0.011981408573372043,0.011910199721596564,1.1981408573372043,1.1910199721596564
2017-03-16,21.884408950805664,22.011531245557567,21.7699958187694,21.973396090511773,21816219,-0.0057754577317358224,-0.005792200182406938,-0.5775457731735822,-0.5792200182406938
2017-03-17,21.814485549926758,21.979748081909126,21.782706259647465,21.903472673973802,45736117,-0.003195124028073537,-0.003200239335785445,-0.3195124028073537,-0.32002393357854453
2017-03-20,21.852619171142578,21.928894564827278,21.81448147430023,21.86533088487935,18435514,0.001748087119842534,0.0017465609938285618,0.1748087119842534,0.17465609938285617
2017-03-21,21.769994735717773,21.998818432773422,21.725503723711096,21.9161871563525,33083479,-0.0037809854634686113,-0.0037881514577223323,-0.37809854634686113,-0.37881514577223324
2017-03-22,21.909828186035156,21.954321747356047,21.604731670376886,21.801773489526912,27528267,0.006423219298622884,0.006402678338018908,0.6423219298622884,0.6402678338018908
2017-03-23,21.795419692993164,21.96703809655299,21.75728198602068,21.81448726866305,21378704,-0.005221788690927043,-0.005235469877118299,-0.5221788690927043,-0.52354698771183
2017-03-24,21.61109161376953,21.782710033540955,21.572953903194442,21.782710033540955,28583110,-0.00845719338374984,-0.00849315836245878,-0.8457193383749839,-0.849315836245878
2017-03-27,21.725502014160156,21.808130728446304,21.445828912614,21.445828912614,18852055,0.005294059293040387,0.005280095024569445,0.5294059293040387,0.5280095024569444
2017-03-28,21.712787628173828,21.77635132268605,21.592021208739325,21.64922648929423,19327725,-0.0005852286395058304,-0.00058539995262757,-0.05852286395058304,-0.05853999526275701
2017-03-29,21.820838928222656,21.897114327489906,21.681004955619734,21.71278424228757,18214174,0.00497639003794359,0.004964048735527367,0.497639003794359,0.49640487355273666
2017-03-30,21.833559036254883,21.890764323184435,21.706434188696957,21.7318601804617,15803465,0.0005829339593252936,0.00058276411932529,0.05829339593252936,0.058276411932529006
2017-03-31,21.744569778442383,21.852624482733244,21.712787930743392,21.744569778442383,19616837,-0.004075801735517914,-0.004084130453918122,-0.40758017355179144,-0.40841304539181217
2017-04-03,21.763635635375977,21.833555183666867,21.67464851335073,21.681006926894636,19064752,0.0008768100324751948,0.0008764258591069785,0.08768100324751948,0.08764258591069785
2017-04-04,21.827199935913086,21.92889877660413,21.64286982879837,21.72550109522204,20324177,0.002920665535945055,0.0029164086789148307,0.2920665535945055,0.2916408678914831
2017-04-05,21.731857299804688,21.941610842620218,21.70643131141027,21.82084187010373,20321225,-0.004368065367446827,-0.004377633237193258,-0.4368065367446827,-0.4377633237193258
2017-04-06,21.68100929260254,21.833557566019966,21.649227443944966,21.700076868417444,17164706,-0.002339791141671377,-0.0023425327302961023,-0.23397911416713768,-0.23425327302961022
2017-04-07,21.674650192260742,21.769993179582674,21.63651504183809,21.668294333856966,14728069,-0.0002933027819865819,-0.00029334580365999904,-0.02933027819865819,-0.029334580365999903
2017-04-10,21.636512756347656,21.750923306795595,21.59201919658849,21.693718031571628,16852722,-0.001759541011033372,-0.0017610908215550576,-0.1759541011033372,-0.17610908215550575
2017-04-11,21.56659698486328,21.66193997880206,21.445830555544998,21.623802270099983,20155642,-0.0032313789320722597,-0.003236611111450152,-0.32313789320722597,-0.3236611111450152
2017-04-12,21.56024169921875,21.604735267948605,21.426760993029173,21.53481826316334,26022628,-0.0002946818939024709,-0.0002947253211434585,-0.02946818939024709,-0.029472532114345848
2017-04-13,21.534812927246094,21.62379748702423,21.49667522697988,21.534812927246094,13560553,-0.0011794288917260642,-0.001180124965348104,-0.11794288917260642,-0.1180124965348104
2017-04-17,21.61109161376953,21.642873465187595,21.496681037677217,21.54753046656635,15963462,0.0035421104785604562,0.003535851979747967,0.3542110478560456,0.3535851979747967
2017-04-18,21.50939178466797,21.534817775780823,21.3949799359258,21.458542358075096,22293365,-0.004705908934131031,-0.004717016585008456,-0.4705908934131031,-0.47170165850084556
2017-04-19,21.363201141357422,21.553887145855576,21.32506342933118,21.515749433829335,25204302,-0.00679659586724124,-0.00681979791465285,-0.679659586724124,-0.681979791465285
2017-04-20,21.44582748413086,21.5284561929132,21.280564955301255,21.375907935585268,19339319,0.003867694837806024,0.003860234536053352,0.3867694837806024,0.3860234536053352
2017-04-21,21.38226890563965,21.439475470758172,21.274212912293414,21.38226890563965,25552227,-0.0029636803960230163,-0.002968080793165714,-0.2963680396023016,-0.29680807931657144
2017-04-24,21.44582748413086,21.63015758676428,21.38862092927071,21.59837574145879,22438501,0.0029724899060850074,0.0029680807931656648,0.29724899060850074,0.2968080793165665
2017-04-25,21.458539962768555,21.58566479287686,21.42675811633334,21.4966776673643,19756176,0.0005927716543976391,0.0005925960346786775,0.05927716543976391,0.05925960346786775
2017-04-26,21.515743255615234,21.630156358840402,21.515743255615234,21.52209911318902,20884483,0.002665758851530864,0.0026622120183399786,0.2665758851530864,0.26622120183399783
2017-04-27,21.52210235595703,21.623801203725424,21.464897073541398,21.585666052536805,15633139,0.0002955556899080225,0.0002955120219291052,0.02955556899080225,0.02955120219291052
2017-04-28,21.56024169921875,21.572953417246453,21.452186984717475,21.53481826316334,16842077,0.0017721011930398323,0.0017705328742603432,0.17721011930398323,0.17705328742603432
2017-05-01,21.47124671936035,21.604727376795957,21.464890862667986,21.54116625424032,23910833,-0.004127735723000847,-0.004136278339981174,-0.4127735723000847,-0.41362783399811737
2017-05-02,21.363201141357422,21.433119428194512,20.899197848909765,21.3441322853443,42965678,-0.005032105467145831,-0.005044809145280297,-0.5032105467145831,-0.5044809145280297
2017-05-03,21.27420997619629,21.35048410801111,21.166153997763082,21.280565834393453,26155748,-0.004165628763792895,-0.0041743291654601535,-0.41656287637928946,-0.41743291654601533
2017-05-04,21.261493682861328,21.35048079507872,21.178863705670953,21.255137825650394,26897869,-0.0005977328111920199,-0.0005979115246676283,-0.05977328111920199,-0.05979115246676282
2017-05-05,21.28056526184082,21.28056526184082,21.12165986647307,21.25514055191993,22999966,0.0008970009004996005,0.000896598835608934,0.08970009004996005,0.0896598835608934
2017-05-08,21.261493682861328,21.369549644527602,21.19793127730375,21.22971311899058,24781543,-0.0008961970109736539,-0.0008965988356088558,-0.08961970109736539,-0.08965988356088558
2017-05-09,21.217008590698242,21.350489312272817,21.19793973364236,21.261502164556433,18028248,-0.0020922844286779263,-0.002094476313641358,-0.20922844286779263,-0.20944763136413583
2017-05-10,21.1977481842041,21.255507167624835,21.11431710794684,21.178494759668997,34829852,-0.0009077814344942148,-0.0009081937175881307,-0.09077814344942148,-0.09081937175881306
2017-05-11,21.204166412353516,21.268344066648428,21.08222977232243,21.17207823029838,26421567,0.0003027787712941432,0.0003027329430522825,0.03027787712941432,0.030273294305228248
2017-05-12,21.18491554260254,21.223421105331706,21.107901836774776,21.107901836774776,18589187,-0.0009078814689815751,-0.000908293842972464,-0.0907881468981575,-0.0908293842972464
2017-05-15,21.255510330200195,21.294017184999785,21.05014387842846,21.159244483386,20530444,0.003332313855851421,0.003326774001644915,0.3332313855851421,0.3326774001644915
2017-05-16,20.921789169311523,21.050144495617,20.78701775393103,20.896119652272205,42437834,-0.015700453938972903,-0.015825011526568667,-1.5700453938972903,-1.5825011526568666
2017-05-17,20.6843318939209,20.921786507992934,20.671495846849215,20.921786507992934,29931281,-0.01134975950044137,-0.011414659554761987,-1.134975950044137,-1.1414659554761988
2017-05-18,20.67791748046875,20.806271526675523,20.58165162326744,20.66508272094053,24874822,-0.00031010977222012404,-0.0003101578661987361,-0.031010977222012404,-0.031015786619873607
2017-05-19,20.83194351196289,20.83194351196289,20.658663937802004,20.729258985375168,29885432,0.007448817398542529,0.0074212119587205895,0.7448817398542529,0.7421211958720589
2017-05-22,20.613740921020508,20.857615557207993,20.613740921020508,20.857615557207993,26725962,-0.01047442312893554,-0.01052966599559433,-1.047442312893554,-1.052966599559433
2017-05-23,20.626575469970703,20.716423945700303,20.58806990193294,20.613739420501524,18517410,0.0006226210467750182,0.0006224272987079861,0.06226210467750182,0.06224272987079861
2017-05-24,20.568817138671875,20.71642461632889,20.517474229317976,20.645829567425327,23576821,-0.0028001900452605533,-0.002804117911633816,-0.2800190045260553,-0.2804117911633816
2017-05-25,20.639408111572266,20.665078916087115,20.517470177395893,20.57523045519281,18227244,0.0034319412936814064,0.003426065622627483,0.34319412936814064,0.34260656226274827
2017-05-26,20.626575469970703,20.722841325342447,20.600904661217232,20.652246278724178,12330746,-0.0006217543416067173,-0.0006219477109936955,-0.06217543416067173,-0.06219477109936955
2017-05-30,20.620155334472656,20.73567460351673,20.549560297289315,20.57523110261192,16913643,-0.00031125552117916566,-0.0003113039712327232,-0.031125552117916566,-0.031130397123272317
2017-05-31,20.953882217407227,21.043730703098078,20.620160376428384,20.716426242472856,30585499,0.016184498977883433,0.016054926152358314,1.6184498977883433,1.6054926152358313
2017-06-01,20.99238395690918,21.082231130488655,20.870446018837935,20.96671186138965,25184803,0.0018374513659320524,0.0018357653172100482,0.18374513659320524,0.18357653172100483
2017-06-02,20.883281707763672,21.10148419445258,20.81910405043704,21.030889158448694,21984543,-0.00519723007017503,-0.005210782648013437,-0.519723007017503,-0.5210782648013437
2017-06-05,20.761348724365234,20.908956201088863,20.665082866485918,20.864031962053858,14994836,-0.005838784588779844,-0.005855896934227708,-0.5838784588779844,-0.5855896934227709
2017-06-06,20.581649780273438,20.77418147743571,20.56239635252025,20.729257242739873,18831186,-0.008655456178572107,-0.008693132199035235,-0.8655456178572107,-0.8693132199035235
2017-06-07,20.536725997924805,20.63941051814196,20.472549624247012,20.588068903125794,17479641,-0.0021827104643326045,-0.002185096048810444,-0.21827104643326045,-0.2185096048810444
2017-06-08,20.376285552978516,20.600905460836188,20.32494264329382,20.53672779136902,35620773,-0.007812367217759131,-0.007843043633264523,-0.7812367217759131,-0.7843043633264524
2017-06-09,21.030885696411133,21.050139119458155,20.369859676298464,20.41478390001335,31764609,0.03212558744971705,0.03162035292057597,3.2125587449717052,3.1620352920575967
2017-06-12,20.985965728759766,21.236257698762596,20.985965728759766,21.030889961585522,30435515,-0.0021359047022462274,-0.0021381889999692125,-0.21359047022462274,-0.21381889999692125
2017-06-13,20.908958435058594,21.03731249588307,20.87045157171872,20.992389542233298,18093913,-0.003669466285063039,-0.0036762152916983795,-0.3669466285063039,-0.3676215291698379
2017-06-14,20.97954750061035,21.02447173161763,20.831940050263405,20.91536984343071,14568177,0.00337602017675831,0.0033703342143301027,0.337602017675831,0.3370334214330103
2017-06-15,21.056556701660156,21.197746751797442,20.896114518473283,20.934620074756957,19952115,0.0036706797917145373,0.0036639592875064068,0.36706797917145373,0.3663959287506407
2017-06-16,21.159244537353516,21.26192905368606,21.05656131120575,21.165663206626334,33600044,0.00487676295551509,0.00486491006725032,0.48767629555150904,0.486491006725032
2017-06-19,21.319692611694336,21.33894604326657,21.120743495879708,21.139996927451943,21922146,0.007582882935993851,0.00755427739647711,0.7582882935993851,0.7554277396477109
2017-06-20,21.537885665893555,21.659823582043156,21.274758990877366,21.31326583704929,27473775,0.010234343345060015,0.010182327053889103,1.0234343345060015,1.0182327053889102
2017-06-21,21.743263244628906,21.88445076910618,21.55073022786764,21.55073022786764,27134492,0.009535642538049949,0.00949046526787952,0.9535642538049949,0.9490465267879521
2017-06-22,21.858776092529297,22.128318897936186,21.768927630603873,21.788179766572444,23352529,0.005312581032606678,0.005298519055601009,0.5312581032606678,0.5298519055601009
2017-06-23,21.929372787475586,21.961462265441746,21.80102003635041,21.87161379143228,31668800,0.0032296728164216137,0.0032244686253833496,0.3229672816421614,0.32244686253833493
2017-06-26,21.8459415435791,21.955042142513673,21.801017312187913,21.92295266855728,14937604,-0.0038045430986578532,-0.0038117987816381625,-0.3804543098657853,-0.38117987816381627
2017-06-27,21.672664642333984,21.903703206210423,21.65982988333244,21.903703206210423,16089942,-0.00793176622300562,-0.007963390013389016,-0.7931766223005621,-0.7963390013389017
2017-06-28,21.659828186035156,21.81385302309325,21.595650525501902,21.730421935381546,15594035,-0.0005922878663362496,-0.0005924633380845,-0.059228786633624964,-0.05924633380844999
2017-06-29,21.58281135559082,21.736836170370818,21.415950494486868,21.65982505316539,15724837,-0.0035557452156518288,-0.003562081903228226,-0.3555745215651829,-0.3562081903228226
2017-06-30,21.557146072387695,21.69191749727948,21.505804454316074,21.646995839290394,14242175,-0.0011891538493420395,-0.001189861453803413,-0.11891538493420395,-0.1189861453803413
2017-07-03,21.704757690429688,21.801023559515528,21.48013646910601,21.48655384966238,8971964,0.006847456409411645,0.0068241190535537994,0.6847456409411645,0.68241190535538
2017-07-05,21.589231491088867,21.788179256062126,21.492965652762823,21.7817618775563,17072270,-0.005322621011878859,-0.005336836624413315,-0.5322621011878859,-0.5336836624413315
2017-07-06,21.319692611694336,21.60849021472269,21.26835098762508,21.58923807333551,14676318,-0.01248487605989057,-0.012563466941750093,-1.248487605989057,-1.2563466941750094
2017-07-07,21.403120040893555,21.409538710825043,21.191336187777132,21.338943663057933,17914522,0.00391316285458343,0.003905526348265803,0.39131628545834296,0.39055263482658026
2017-07-10,21.44162940979004,21.518641846319127,21.332528780586763,21.40954121711585,14256720,0.0017992408967901774,0.0017976242018131687,0.17992408967901774,0.17976242018131686
2017-07-11,21.287599563598633,21.480131255035317,21.21058585487615,21.435207021675456,12874083,-0.007183681951012488,-0.007209608835812862,-0.7183681951012488,-0.7209608835812862
2017-07-12,21.319692611694336,21.518641727508964,21.306856560584496,21.396706337983275,14577979,0.001507593564028742,0.001506458285733857,0.1507593564028742,0.15064582857338568
2017-07-13,21.358192443847656,21.396699294315894,21.17207815022554,21.319685593379415,14112006,0.0018058342985771692,0.0018042057401299178,0.18058342985771692,0.18042057401299177
2017-07-14,21.454456329345703,21.53146873309613,21.3325197008614,21.351773124345133,13175843,0.004507117620141887,0.0044969909820857246,0.4507117620141887,0.44969909820857246
2017-07-17,21.33894157409668,21.480131655809192,21.268346533240422,21.460878228269344,17733866,-0.0053841846875896104,-0.005398731649145506,-0.538418468758961,-0.5398731649145506
2017-07-18,21.409542083740234,21.42879551619812,21.204174287831304,21.3261109731511,15356148,0.0033085291226091496,0.00330306798237733,0.33085291226091496,0.330306798237733
2017-07-19,21.576398849487305,21.621323086488207,21.377449762927483,21.41595533022478,19825951,0.007793570039678288,0.007763357049204881,0.7793570039678288,0.7763357049204881
2017-07-20,21.525054931640625,21.627738153701642,21.396700904064353,21.480130699442746,17870043,-0.002379633330142128,-0.002382469157247484,-0.2379633330142128,-0.2382469157247484
2017-07-21,21.486547470092773,21.550725127156706,21.428788481864515,21.480130091441787,12673718,-0.0017889599664272504,-0.0017905620663214957,-0.17889599664272504,-0.17905620663214958
2017-07-24,21.383869171142578,21.467298983355796,21.287603308489256,21.422374742092913,15558937,-0.00477872487858344,-0.004790179491180202,-0.477872487858344,-0.4790179491180202
2017-07-25,21.242673873901367,21.486547160977274,21.184914886504057,21.42236950483663,20856025,-0.006602888191616585,-0.006624783693440099,-0.6602888191616585,-0.6624783693440099
2017-07-26,21.1079044342041,21.242677145802404,21.069398866736634,21.236259766255305,16572674,-0.00634427852620012,-0.006364488987084017,-0.634427852620012,-0.6364488987084017
2017-07-27,21.178497314453125,21.178497314453125,20.979548247354963,21.04372590681894,17561221,0.003344381270488972,0.0033388012650969745,0.3344381270488972,0.33388012650969745
2017-07-28,21.274761199951172,21.287597246736144,21.056558726083587,21.217002214880342,17116117,0.0045453595724354035,0.0045350606221098355,0.45453595724354035,0.45350606221098355
2017-07-31,21.28118324279785,21.428790708214393,21.268347193977583,21.313271429571284,23169660,0.00030186204142657047,0.00030181649024709417,0.030186204142657047,0.030181649024709416
2017-08-01,21.22984504699707,21.37103516441529,20.998807728645982,21.20417423384695,28072552,-0.0024123750646315445,-0.0024152895294894915,-0.24123750646315445,-0.24152895294894916
2017-08-02,21.333528518676758,21.333528518676758,21.19095927886075,21.301126892459457,30412116,0.0048838543781248855,0.004871967049607982,0.48838543781248855,0.48719670496079825
2017-08-03,21.664030075073242,21.910286864011,21.294646845847755,21.35297003364588,28739945,0.015492118713842373,0.015373341017385455,1.5492118713842373,1.5373341017385456
2017-08-04,21.800113677978516,22.033407672326042,21.696426155481404,21.761230694193713,27183398,0.00628154606662279,0.0062618993875518565,0.628154606662279,0.6261899387551857
2017-08-07,21.58626365661621,21.767714572915462,21.547380666015563,21.74179301344414,13188280,-0.009809582854530041,-0.00985801379759393,-0.9809582854530041,-0.9858013797593931
2017-08-08,21.56682586669922,21.683473555755,21.52794286941811,21.599227495908444,16986475,-0.0009004703280844906,-0.0009008759950360224,-0.09004703280844906,-0.09008759950360225
2017-08-09,21.67698860168457,21.683469968684253,21.489057620015206,21.6057052897741,15807681,0.005107971644332299,0.005094970212341935,0.5107971644332299,0.5094970212341935
2017-08-10,21.657548904418945,21.741793649468363,21.52145973612292,21.6251459770414,19062539,-0.000896789569013956,-0.0008971919253501314,-0.0896789569013956,-0.08971919253501313
2017-08-11,21.547374725341797,21.75474844672616,21.521453173017125,21.70938540446124,13626639,-0.0050871028648430405,-0.005100086223124857,-0.508710286484304,-0.5100086223124858
2017-08-14,21.58626365661621,21.62514534442953,21.476096051772597,21.59922378495821,13482241,0.0018048106449217727,0.0018031839311691998,0.18048106449217727,0.18031839311691997
2017-08-15,21.631622314453125,21.728828474263224,21.553857647162477,21.60570206147672,18048801,0.002101274150934973,0.0020990695621630378,0.2101274150934973,0.20990695621630379
2017-08-16,21.618667602539062,21.70291365696108,21.553863045505782,21.599226105150333,11128764,-0.0005988784255633872,-0.0005990578248768511,-0.05988784255633872,-0.05990578248768511
2017-08-17,21.352970123291016,21.67699029546164,21.352970123291016,21.57330404881303,15661175,-0.012290187542216557,-0.01236633646337579,-1.2290187542216557,-1.2366336463375789
2017-08-18,21.171518325805664,21.365930693677804,21.158558196100834,21.327049001775855,16326565,-0.00849773106212659,-0.00853404263572329,-0.849773106212659,-0.853404263572329
2017-08-21,21.229846954345703,21.301131589974027,20.944708411832405,21.126159382566865,17848752,0.0027550517465222413,0.0027512635476534273,0.2755051746522241,0.27512635476534275
2017-08-22,21.482576370239258,21.527939425547878,21.19095784564442,21.229840836705336,14178619,0.011904438898548975,0.011834138440812056,1.1904438898548975,1.1834138440812056
2017-08-23,21.54090118408203,21.638107360423742,21.430733576260657,21.430733576260657,16989953,0.0027149822645842203,0.002711303357509663,0.27149822645842203,0.2711303357509663
2017-08-24,21.534423828125,21.644591456467094,21.495542132018315,21.625149957019946,12140394,-0.0003007003236158434,-0.0003007455430233756,-0.030070032361584342,-0.03007455430233756
2017-08-25,21.63810920715332,21.78715851655975,21.53442165482876,21.566824584899702,15171171,0.004814866645881821,0.004803312249215802,0.4814866645881821,0.4803312249215802
2017-08-28,21.689950942993164,21.7871571214064,21.651067950512914,21.70939243923329,13033026,0.0023958533226509093,0.002392987842013995,0.23958533226509093,0.2392987842013995
2017-08-29,21.709392547607422,21.741794172977784,21.540901750664215,21.664029490416475,12884096,0.0008963415669014374,0.0008959400926865997,0.08963415669014374,0.08959400926865997
2017-08-30,21.67698860168457,21.69643009710894,21.547380803500985,21.69643009710894,12394935,-0.0014926233358115715,-0.001493738407749266,-0.14926233358115715,-0.1493738407749266
2017-08-31,21.981569290161133,22.046372540023913,21.696430821845293,21.709392253490275,27300497,0.014050876441983773,0.013953077916219246,1.4050876441983773,1.3953077916219245
2017-09-01,22.007495880126953,22.1176622052213,21.916769751610946,21.994533143499524,19160771,0.0011794694738844758,0.0011787744462201566,0.11794694738844758,0.11787744462201566
2017-09-05,21.9038028717041,22.14357827869091,21.871402550202312,21.95564859725639,15068616,-0.004711713181166033,-0.004722848292451969,-0.4711713181166033,-0.4722848292451969
2017-09-06,22.026931762695312,22.104697744928494,21.97508864306475,22.001008900092685,13925764,0.005621347658778975,0.0056056068461975824,0.5621347658778975,0.5605606846197583
2017-09-07,22.026931762695312,22.11765787344246,21.910285394920226,22.05933468955492,18831923,0.0,0.0,0.0,0.0
2017-09-08,22.098220825195312,22.195427025493125,21.903808424599696,22.001014624897504,16276290,0.0032364499635275656,0.003231223932167785,0.32364499635275656,0.3231223932167785
2017-09-11,22.240779876708984,22.2537426082164,22.0204473135472,22.091730611754198,17263993,0.0064511551695207725,0.006430435530672387,0.6451155169520773,0.6430435530672387
2017-09-12,22.921228408813477,23.16748385989534,22.26670549013506,22.279665617672396,39268351,0.030594634535143772,0.030135950741966466,3.059463453514377,3.0135950741966466
2017-09-13,22.720338821411133,22.960114265894923,22.662015628012398,22.849947944411188,22115450,-0.008764346474777085,-0.00880297925234506,-0.8764346474777085,-0.880297925234506
2017-09-14,23.154525756835938,23.225811683694836,22.681457556956488,22.7138578822787,28907847,0.019110055481022847,0.018929751824755356,1.9110055481022847,1.8929751824755356
2017-09-15,22.914749145507812,23.148044503729253,22.836985763150587,23.070281121372027,30430139,-0.010355496538612341,-0.01040948775356436,-1.035549653861234,-1.0409487753564362
2017-09-18,23.03787612915039,23.03787612915039,22.81754092012317,22.927709827424106,17850755,0.005373263432242981,0.005358878956996622,0.5373263432242981,0.5358878956996622
2017-09-19,22.97307586669922,23.109162442712087,22.908270005614533,23.109162442712087,16539579,-0.002812770677639742,-0.0028167339506789913,-0.2812770677639742,-0.2816733950678991
2017-09-20,23.323017120361328,23.46558636391675,23.206368136229656,23.28413412565077,27066825,0.015232668698464069,0.01511781646930467,1.523266869846407,1.511781646930467
2017-09-21,23.310054779052734,23.45262140350688,23.271171788031292,23.368377962797553,16580579,-0.0005557746342036429,-0.000555929134173083,-0.05557746342036429,-0.05559291341730831
2017-09-22,23.303577423095703,23.407266291321697,23.180450963288706,23.394303554308898,15394092,-0.0002778781954151377,-0.00027791681071461346,-0.02778781954151377,-0.027791681071461346
2017-09-25,23.011953353881836,23.348934930059652,22.966590299074745,23.264691490196192,23379828,-0.012514133084341128,-0.012593094293420455,-1.2514133084341128,-1.2593094293420455
2017-09-26,22.875871658325195,23.10268437500518,22.836988659427846,23.011958246103102,18508029,-0.005913522136254734,-0.005931076246908802,-0.5913522136254734,-0.5931076246908802
2017-09-27,22.97307586669922,23.024918992221973,22.80458375456902,22.843466750104835,15502759,0.004249202383448836,0.004240200015912317,0.42492023834488357,0.4240200015912317
2017-09-28,23.07027816772461,23.18692452911386,22.8240227115671,22.856423031078254,19038086,0.004231140034943737,0.00422221393148409,0.42311400349437367,0.422221393148409
2017-09-29,23.135086059570312,23.135086059570312,22.908270749558085,23.096203062771778,16867900,0.0028091508639185303,0.0028052125734078707,0.28091508639185303,0.2805212573407871
2017-10-02,23.37485694885254,23.39429714067922,22.998992395606834,23.11564136329062,17541300,0.010363950610118522,0.010310613082461915,1.0363950610118522,1.0310613082461915
2017-10-03,23.42022705078125,23.45911005171175,23.16749145309602,23.34246104892025,14328392,0.0019409788059019384,0.0019390975404769953,0.19409788059019384,0.19390975404769953
2017-10-04,23.303577423095703,23.485029685522097,23.264697028783143,23.446149291209537,11435268,-0.004980721469207805,-0.00499316660341372,-0.4980721469207805,-0.499316660341372
2017-10-05,23.329496383666992,23.329496383666992,23.167486951110043,23.251730396917743,14340408,0.0011122309721254275,0.0011116129015068213,0.11122309721254275,0.11116129015068213
2017-10-06,23.361896514892578,23.420219695183068,23.2906106013129,23.323013526174073,12711345,0.0013888054286619322,0.0013878419303738603,0.13888054286619322,0.13878419303738604
2017-10-09,23.42022705078125,23.426707116673775,23.28413785031217,23.3683839180657,10278081,0.0024968236569102853,0.0024937117715331113,0.24968236569102853,0.24937117715331114
2017-10-10,23.588712692260742,23.65999861647818,23.348937265886047,23.575752562612088,18697433,0.007194022547867274,0.0071682690082564594,0.7194022547867274,0.7168269008256459
2017-10-11,23.62111473083496,23.64055753014937,23.45910529961394,23.569271608621243,18163687,0.0013736247075852859,0.0013726821482164685,0.1373624707585286,0.13726821482164683
2017-10-12,23.556312561035156,23.71832199969474,23.510949501318482,23.640558615591114,14750098,-0.002743400154405551,-0.0027471701733014094,-0.2743400154405551,-0.2747170173301409
2017-10-13,23.549823760986328,23.64703252557031,23.49150058669535,23.56926655613283,13458842,-0.0002754590741660401,-0.0002754970199853171,-0.02754590741660401,-0.027549701998531708
2017-10-16,23.3165340423584,23.64055548230719,23.251728191023886,23.556309438917076,14315006,-0.00990621929894897,-0.009955612359053671,-0.9906219298948971,-0.9955612359053672
2017-10-17,23.459108352661133,23.54335441431305,23.167489775166185,23.2841361639341,14776764,0.006114730004198821,0.00609611090464752,0.6114730004198821,0.609611090464752
2017-10-18,23.219329833984375,23.51742843748686,23.19340697014403,23.491505573646517,15196572,-0.010221126697236849,-0.010273721102367635,-1.0221126697236849,-1.0273721102367634
2017-10-19,23.485029220581055,23.57575534999812,23.225813569086043,23.258213897038402,20858028,0.011443025638397053,0.011378049433622172,1.1443025638397053,1.1378049433622173
2017-10-20,23.601669311523438,23.601669311523438,23.34893121541784,23.523903342633368,18447319,0.004966572102033551,0.004954279367843754,0.49665721020335507,0.49542793678437547
2017-10-23,23.588712692260742,23.834970789034685,23.523909438442555,23.523909438442555,15978008,-0.0005489704601686629,-0.0005491211996219277,-0.05489704601686629,-0.054912119962192765
2017-10-24,23.50446319580078,23.67295265460233,23.323011005111226,23.621109543773066,15826126,-0.0035716021284876165,-0.0035779955270265054,-0.35716021284876165,-0.3577995527026505
2017-10-25,23.433191299438477,23.5563203897545,23.277661873967556,23.4591141731382,17523488,-0.003032270755072508,-0.003036877402797616,-0.3032270755072508,-0.3036877402797616
2017-10-26,23.16100311279297,23.472064438526953,23.07027960692755,23.3878183913933,18374277,-0.01161549799885897,-0.011683484876143867,-1.161549799885897,-1.1683484876143866
2017-10-27,23.07027816772461,23.167484337407167,22.94066907295635,23.024915114834446,15746865,-0.003917142302798049,-0.003924834398635053,-0.3917142302798049,-0.3924834398635053
2017-10-30,22.77865982055664,22.98603228919994,22.69441377807984,22.960109427832244,26679586,-0.012640434807411394,-0.012721004783212697,-1.2640434807411394,-1.2721004783212697
2017-10-31,22.720338821411133,22.901791072496188,22.098218678816025,22.713858756097395,24794085,-0.002560334962853128,-0.002563618225780056,-0.2560334962853128,-0.2563618225780056
2017-11-01,22.849946975708008,23.154525665991926,22.616651606428302,22.68793753300752,16557497,0.005704499185317458,0.0056882901436019545,0.5704499185317458,0.5688290143601954
2017-11-02,22.97955322265625,23.011953543803962,22.700894827337823,22.856424185570894,13880021,0.005672058980531913,0.0056560334240367835,0.5672058980531913,0.5656033424036784
2017-11-03,23.03787612915039,23.04435619330198,22.888826836939934,22.973072882059867,9358255,0.0025380348316188517,0.002534819460548988,0.25380348316188517,0.2534819460548988
2017-11-06,22.888824462890625,23.076756726092754,22.759215376578098,23.063793993559436,11200542,-0.006469852751363914,-0.006490872962843339,-0.6469852751363914,-0.6490872962843339
2017-11-07,22.914749145507812,22.953632139473864,22.836985763150587,22.87586875711664,11480906,0.0011326349528879565,0.0011319940058467331,0.11326349528879565,0.11319940058467332
2017-11-08,22.90178680419922,22.934189730303952,22.700894394614075,22.92122960209191,14302148,-0.0005656767711609278,-0.0005658368266282629,-0.056567677116092785,-0.05658368266282629
2017-11-09,23.019500732421875,23.052199745902886,22.784073620002342,22.94102415182086,14088713,0.005139945159260417,0.005126780731495866,0.5139945159260417,0.5126780731495866
2017-11-10,23.006420135498047,23.01295941173677,22.75791449151022,22.954103296204995,15858589,-0.000568239818746541,-0.0005684013281793042,-0.056823981874654095,-0.05684013281793042
2017-11-13,23.08490562438965,23.202617900913012,22.980269276010283,23.032588764892118,25072657,0.003411460298010427,0.0034056544678204397,0.3411460298010427,0.340565446782044
2017-11-14,23.13721466064453,23.346482027876373,23.03258097702861,23.052198806687812,17278538,0.0022659410918108858,0.002263377718866182,0.22659410918108858,0.2263377718866182
2017-11-15,23.12413787841797,23.21569302634967,23.039124637667605,23.0718210266547,13646138,-0.0005651839436319195,-0.0005653437202819569,-0.05651839436319195,-0.05653437202819569
2017-11-16,23.254928588867188,23.268007142924624,23.05220048344252,23.11105660608458,13625901,0.0056560253678166195,0.005640090114896516,0.565602536781662,0.5640090114896517
2017-11-17,23.13067626953125,23.209150220555458,22.999882845312882,23.13067626953125,15649265,-0.00534305314510497,-0.005357378303065716,-0.534305314510497,-0.5357378303065716
2017-11-20,23.117595672607422,23.1829937010663,23.065278827470465,23.13721613289852,12455540,-0.0005655086246250107,-0.0005656685849360732,-0.05655086246250107,-0.05656685849360732
2017-11-21,23.24184799194336,23.36609950333499,23.13721430991355,23.15029286282143,13333100,0.00537479420851561,0.0053604015508062364,0.537479420851561,0.5360401550806236
2017-11-22,23.1699161529541,23.215693728304093,23.097981465623544,23.18299733832838,11122967,-0.0030949276931073744,-0.003099726886482559,-0.30949276931073744,-0.3099726886482559
2017-11-24,23.209152221679688,23.25492979263394,23.130678263889347,23.22223077641412,6742754,0.00169340572777954,0.0016919735329301154,0.169340572777954,0.16919735329301155
2017-11-27,23.209152221679688,23.313785918322633,23.137217541256565,23.228772683165076,10848611,0.0,0.0,0.0,0.0
2017-11-28,23.444578170776367,23.47073527892531,23.22877151101312,23.274546450273778,13687033,0.010143668620380186,0.0100925668959348,1.0143668620380186,1.00925668959348
2017-11-29,23.680011749267578,23.810805213834346,23.464202401263197,23.50344070357166,16122827,0.010042133271763287,0.009992046093732056,1.0042133271763287,0.9992046093732057
2017-11-30,23.712709426879883,23.856581440922206,23.594994526635706,23.680010405248026,24063663,0.0013808134032415875,0.0013798609570804385,0.13808134032415875,0.13798609570804385
2017-12-01,23.77155876159668,23.86965316904462,23.549210211002407,23.732320472740817,19588485,0.0024817634146052647,0.002478688925501323,0.24817634146052647,0.24786889255013228
2017-12-04,23.5819091796875,23.948127073103926,23.57536990312085,23.863113848354036,14847487,-0.007978003622360785,-0.008009998175317147,-0.7978003622360785,-0.8009998175317147
2017-12-05,23.300701141357422,23.66691898181274,23.222224575139762,23.490350651897565,23525912,-0.011924735872204106,-0.011996405868686177,-1.1924735872204106,-1.1996405868686177
2017-12-06,23.254928588867188,23.464195971320578,23.222229574339995,23.268007142924624,18317677,-0.0019644281179587164,-0.00196636013749767,-0.19644281179587164,-0.19663601374976697
2017-12-07,23.215688705444336,23.30724383633579,22.986803507599127,23.254926994309734,16661421,-0.0016873792268550236,-0.0016888044546748253,-0.16873792268550236,-0.16888044546748252
2017-12-08,23.37264060974121,23.392261070022588,23.097977830254187,23.097977830254187,15705759,0.006760596521095952,0.0067378461681795515,0.6760596521095952,0.6737846168179551
2017-12-11,23.680011749267578,23.712710772755354,23.339950844901445,23.56883612116288,15138497,0.01315089487142762,0.01306517258541437,1.315089487142762,1.306517258541437
2017-12-12,23.921972274780273,24.07892281567244,23.706162980342835,23.778100288283206,23700139,0.01021792252785425,0.010166072458337911,1.021792252785425,1.0166072458337911
2017-12-13,23.96120834350586,24.065842027722898,23.85003275331475,23.915430777987975,16639709,0.0016401686397300441,0.0016388250321080935,0.1640168639730044,0.16388250321080935
2017-12-14,23.843490600585938,24.12469523636337,23.765014032197737,24.02006156476784,15585393,-0.004912846682534999,-0.004924954385601745,-0.4912846682534999,-0.49249543856017447
2017-12-15,24.327425003051758,24.34704546121088,24.00698469008021,24.05276225327376,39820015,0.020296290110053183,0.020093065614939763,2.0296290110053183,2.0093065614939762
2017-12-18,24.28164291381836,24.425514852840234,24.23586535915764,24.34049901855849,17670415,-0.0018819126655473806,-0.0018836856879858787,-0.18819126655473806,-0.18836856879858788
2017-12-19,24.157392501831055,24.347042003933655,24.118154220467947,24.327421548560636,14817659,-0.005117051281426921,-0.005130188222431518,-0.5117051281426921,-0.5130188222431518
2017-12-20,23.843490600585938,24.288185019558494,23.817333497378613,24.190090623764796,15914557,-0.01299403075979022,-0.01307919170452246,-1.299403075979022,-1.307919170452246
2017-12-21,23.699621200561523,23.93504830173146,23.666922188642992,23.8958100133059,15566948,-0.006033906798062483,-0.006052184374235998,-0.6033906798062483,-0.6052184374235997
2017-12-22,23.634233474731445,23.791184049976184,23.5753773376877,23.719249355674773,9063557,-0.002759019871107826,-0.002762832981679241,-0.2759019871107826,-0.27628329816792413
2017-12-26,23.680011749267578,23.719250051576044,23.50997998239235,23.601535144650654,11480590,0.0019369477154855819,0.0019350742510709786,0.1936947715485582,0.19350742510709787
2017-12-27,23.758480072021484,23.84349329644039,23.693082047842744,23.74539888955569,8768964,0.003313694418092261,0.00330821623143241,0.3313694418092261,0.330821623143241
2017-12-28,23.784637451171875,23.88927113579869,23.706160873010045,23.77809817455563,6939431,0.0011009702249933362,0.0011003646017498552,0.11009702249933362,0.11003646017498551
2017-12-29,23.686546325683594,23.863117336325505,23.686546325683594,23.693085603206065,12038261,-0.0041241379310344994,-0.004132665642252217,-0.41241379310344994,-0.41326656422522173
2018-01-02,23.830415725708008,23.882732569577584,23.699622301342302,23.791177435459943,17059833,0.006073886756061908,0.006055515060100619,0.6073886756061908,0.6055515060100619
2018-01-03,24.006986618041992,24.04622227874459,23.69308292673666,23.83695490413004,14183151,0.0074094759557006284,0.0073821606338937635,0.7409475955700628,0.7382160633893764
2018-01-04,24.059303283691406,24.144316510634898,23.93504913756863,24.00698644042484,13046517,0.0021792266760416457,0.0021768556056971783,0.21792266760416457,0.21768556056971783
2018-01-05,24.105077743530273,24.118156295315462,23.9415853286828,24.078918010576743,13167517,0.001902567971280078,0.001900760381182956,0.1902567971280078,0.1900760381182956
2018-01-08,23.836952209472656,24.065840017947302,23.75847826755507,24.01352318020784,19964341,-0.011123197232980608,-0.01118552259380514,-1.1123197232980608,-1.118552259380514
2018-01-09,23.81079864501953,23.96120990455359,23.77809963055261,23.83041647606952,16876226,-0.001097185756941399,-0.0010977881058667656,-0.1097185756941399,-0.10977881058667656
2018-01-10,23.850034713745117,23.941589852306556,23.745401020927375,23.765018852311833,18755825,0.001647826656742346,0.0016464704800220427,0.1647826656742346,0.16464704800220425
2018-01-11,23.90889549255371,24.00044800948908,23.81734034623447,23.96121234339558,15102555,0.0024679535906364514,0.002464913194517247,0.24679535906364514,0.2464913194517247
2018-01-12,23.89580726623535,24.06583895340472,23.843490430810103,23.95466600679896,20240700,-0.0005474207841359435,-0.0005475706735976294,-0.05474207841359435,-0.05475706735976294
2018-01-16,23.93505096435547,24.183556646184154,23.850035101539852,23.91543313265203,30536699,0.001642283840126657,0.0016409367666705317,0.1642283840126657,0.16409367666705316
2018-01-17,24.31435203552246,24.43860357174308,24.0462258710314,24.078924889218673,25332363,0.01584709686776331,0.015722842621855512,1.584709686776331,1.5722842621855513
2018-01-18,24.190092086791992,24.307806946493745,24.000442559536346,24.307806946493745,19946528,-0.005110559744669674,-0.0051236633185849844,-0.5110559744669674,-0.5123663318584984
2018-01-19,24.157392501831055,24.37973838058381,23.869648611012142,24.320882273230605,31133684,-0.0013517759603235424,-0.0013526904336486026,-0.13517759603235424,-0.13526904336486026
2018-01-22,24.150863647460938,24.24241617096869,24.020070196274915,24.12470390547011,21380495,-0.000270263206992305,-0.00027029973467437244,-0.0270263206992305,-0.027029973467437244
2018-01-23,24.078929901123047,24.24896167582742,23.89581956817509,24.078929901123043,18527212,-0.0029785165196547503,-0.002982961127736818,-0.29785165196547503,-0.29829611277368184
2018-01-24,24.150863647460938,24.24241617096869,24.020070196274915,24.190099316371093,18673191,0.002987414583342174,0.0029829611277367,0.2987414583342174,0.29829611277366996
2018-01-25,24.3470458984375,24.41898056795729,24.131236631111445,24.17701419512707,18988232,0.00812319815308915,0.00809038257084292,0.8123198153089151,0.809038257084292
2018-01-26,25.511098861694336,25.563415699344404,24.392819554793245,24.392819554793245,51441419,0.04781085015868558,0.04670308311940002,4.781085015868558,4.670308311940001
2018-01-29,25.51764488220215,25.78576841735258,25.354152420623294,25.504566326678688,36779014,0.0002565950037394238,0.00025656208887185844,0.02565950037394238,0.025656208887185845
2018-01-30,24.71980094909668,25.341066333813597,24.425517760975477,24.987927033944775,48483684,-0.03126636242445491,-0.0317655887018207,-3.1266362424454908,-3.1765588701820704
2018-01-31,24.222793579101562,24.844059063487133,24.085460876736306,24.798281496032047,35859926,-0.020105638027529515,-0.020310507033342397,-2.0105638027529515,-2.0310507033342398
2018-02-01,24.308591842651367,24.684804956496656,24.163387013951652,24.163387013951652,29697926,0.0035420465963029724,0.0035357883229677977,0.35420465963029724,0.3535788322967798
2018-02-02,24.16339111328125,24.58580595581851,24.09738987221788,24.156791254549212,25588907,-0.00597322668091993,-0.005991137759649711,-0.597322668091993,-0.5991137759649711
2018-02-05,22.882951736450195,24.222794839777993,22.440737274921425,24.077592626135196,42463657,-0.052990880743029045,-0.054446556215210114,-5.2990880743029045,-5.444655621521012
2018-02-06,23.285560607910156,23.4175657351254,22.44073363196672,22.5463366722418,56035067,0.017594271757285895,0.017441284418542983,1.7594271757285895,1.7441284418542984
2018-02-07,23.08755874633789,23.529773222316702,23.080958886751485,23.18656194762056,30955980,-0.008503203547738702,-0.008539562038841163,-0.8503203547738702,-0.8539562038841163
2018-02-08,22.1965274810791,23.212961473633047,22.17672657763713,23.100758565581035,45850792,-0.038593567862610145,-0.03935803315835619,-3.8593567862610145,-3.935803315835619
2018-02-09,22.546337127685547,22.724543920338824,21.912716219492914,22.566139356726374,49851776,0.015759656410428757,0.015636762520726245,1.5759656410428757,1.5636762520726246
2018-02-12,22.8763427734375,23.014947726294913,22.46053056860741,22.737737820580083,38743670,0.014636774207847925,0.014530690524021346,1.4636774207847925,1.4530690524021346
2018-02-13,23.061161041259766,23.120562435745292,22.711349880685553,22.81695294949171,21559570,0.00807901287599444,0.00804655236684842,0.807901287599444,0.804655236684842
2018-02-14,23.226160049438477,23.325163234909375,22.810347731957858,22.902748405153535,24494749,0.007154843933638189,0.007129369476118852,0.7154843933638189,0.7129369476118852
2018-02-15,23.56937026977539,23.582569986280294,23.15355531618604,23.344964474220966,22588379,0.014776881740518721,0.014668767384283648,1.4776881740518721,1.4668767384283647
2018-02-16,23.932388305664062,24.196395955243126,23.549575223466967,23.602376753382778,27659595,0.015402110100251276,0.015284701626546682,1.5402110100251276,1.5284701626546682
2018-02-20,23.76737403869629,24.084185776441128,23.68157058329222,23.77397389622853,27202370,-0.006895018786266305,-0.006918899262491592,-0.6895018786266305,-0.6918899262491592
2018-02-21,23.602375030517578,24.150192521995514,23.582572799655075,23.740980031582787,25872327,-0.0069422481385646995,-0.006966457653876946,-0.69422481385647,-0.6966457653876946
2018-02-22,23.589176177978516,23.859786361441618,23.503375343917252,23.67497966578325,23983454,-0.0005592171348008934,-0.000559373555020784,-0.05592171348008934,-0.05593735550207841
2018-02-23,23.932388305664062,23.95878774375033,23.648578423777025,23.714579672735972,17940029,0.014549559725869132,0.014444730471389389,1.4549559725869132,1.4444730471389389
2018-02-26,24.480209350585938,24.559410329955124,23.89938978440817,23.95219132190218,25407302,0.02289036254656729,0.02263230873985918,2.289036254656729,2.263230873985918
2018-02-27,24.288793563842773,24.579203236714296,24.249191762316176,24.466997690098495,23543093,-0.007819205465192769,-0.007849935747994358,-0.7819205465192769,-0.7849935747994358
2018-02-28,23.965383529663086,24.605604293093673,23.965383529663086,24.440599871871935,28360927,-0.013315195476037434,-0.013404637537629716,-1.3315195476037434,-1.3404637537629716
2018-03-01,23.516565322875977,23.938980073158053,23.23275553692438,23.839976906313762,30282896,-0.018727770671042476,-0.01890535604891384,-1.8727770671042476,-1.890535604891384
2018-03-02,23.727779388427734,23.806983010161904,23.364768538589885,23.46377173888596,22271336,0.008981501450226581,0.00894140765556753,0.8981501450226581,0.8941407655567529
2018-03-05,23.839982986450195,23.945586037518066,23.60897465364982,23.641976602262172,22319609,0.004728786296672283,0.004717640709673835,0.47287862966722827,0.4717640709673835
2018-03-06,23.681575775146484,23.919183967111767,23.59577495467426,23.919183967111767,18003479,-0.006644602531543087,-0.006666776180916876,-0.6644602531543087,-0.6666776180916876
2018-03-07,23.714582443237305,23.813585655113602,23.46377448340026,23.496776438606886,23440328,0.0013937699249497726,0.0013927995292155359,0.13937699249497726,0.1392799529215536
2018-03-08,24.090795516967773,24.090795516967773,23.71458225335278,23.754184068534922,21646630,0.0158642082200251,0.01573968689714142,1.58642082200251,1.573968689714142
2018-03-09,24.268997192382812,24.368000393217724,24.11059260179561,24.163394131991343,19300743,0.0073970855503515676,0.007369861284084266,0.7397085550351568,0.7369861284084266
2018-03-12,24.16339111328125,24.42079887254565,24.09079001348584,24.367997348946364,26571656,-0.004351480955904874,-0.004360976204768,-0.4351480955904874,-0.4360976204768
2018-03-13,24.25579833984375,24.394403356713152,24.044592211515166,24.28880029254886,29560695,0.003824265647536018,0.0038169717336598206,0.3824265647536018,0.3816971733659821
2018-03-14,23.991790771484375,24.41420302976225,23.87958784709724,24.31519982501045,23378458,-0.010884307523521208,-0.010943974952754561,-1.0884307523521208,-1.094397495275456
2018-03-15,24.143590927124023,24.29539563535467,23.991786218893377,23.991786218893377,20508310,0.006327170701241336,0.006307238190118142,0.6327170701241336,0.6307238190118142
2018-03-16,24.275602340698242,24.44720666902549,24.169996615100427,24.183198989389886,34125253,0.005467762188842817,0.005452868243534294,0.5467762188842817,0.5452868243534293
2018-03-19,23.978588104248047,24.28879740000588,23.813581014116508,24.28879740000588,20003761,-0.012235092348347187,-0.012310557269318977,-1.2235092348347187,-1.2310557269318976
2018-03-20,23.978588104248047,24.12379030987434,23.83998310388506,24.004987540273532,20295824,0.0,0.0,0.0,0.0
2018-03-21,23.938987731933594,24.242597186890556,23.892786062375514,24.084192600009953,19071392,-0.0016514889092839047,-0.0016528541203870224,-0.16514889092839047,-0.16528541203870226
2018-03-22,23.496768951416016,23.853179869852454,23.41096548746601,23.78057612228161,22094686,-0.01847274352071604,-0.018645495422695533,-1.847274352071604,-1.8645495422695533
2018-03-23,22.76414680480957,23.43076703679587,22.73114485733751,23.424167178050048,29385731,-0.03117969743505067,-0.03167613055805852,-3.117969743505067,-3.167613055805852
2018-03-26,23.127161026000977,23.199764790408494,22.651944588722138,23.054557261593462,24926468,0.015946752773299933,0.015820939095209974,1.5946752773299933,1.5820939095209974
2018-03-27,23.107357025146484,23.470367816490302,22.95554966566038,23.219559926403928,28835227,-0.0008563092042394027,-0.0008566760464011992,-0.08563092042394027,-0.08566760464011992
2018-03-28,23.298768997192383,23.63537777987426,23.17996355588395,23.219565369653427,26349684,0.008283594347791245,0.008249473678487388,0.8283594347791245,0.8249473678487388
2018-03-29,23.42417335510254,23.542978805085674,23.14696594596255,23.44397559030489,24804731,0.005382445653041579,0.005368012061288877,0.5382445653041579,0.5368012061288877
2018-04-02,23.133760452270508,23.58917464811281,22.942353909001287,23.377968526054346,28323299,-0.01239800006725833,-0.012475496469884691,-1.239800006725833,-1.247549646988469
2018-04-03,23.549570083618164,23.589169232104794,23.047954332027253,23.173356943053633,21347927,0.01797414787818674,0.017814522794267856,1.7974147878186741,1.7814522794267855
2018-04-04,23.84658432006836,23.912585567631453,23.259164990152847,23.311966518951966,22010682,0.012612299731824317,0.012533427163512202,1.2612299731824317,1.25334271635122
2018-04-05,23.582571029663086,23.760777825334895,23.450568551288228,23.542971878396358,25781789,-0.01107132522048826,-0.011133068484345811,-1.107132522048826,-1.1133068484345812
2018-04-06,23.212963104248047,23.674977140367325,23.028156428303056,23.47037088646103,22288200,-0.015672927474707166,-0.015797046381723374,-1.5672927474707166,-1.5797046381723374
2018-04-09,23.40436553955078,23.71457479572818,23.24596098237995,23.298762501436894,20457297,0.008245497761020681,0.00821168936193656,0.8245497761020681,0.821168936193656
2018-04-10,23.727779388427734,23.82678258872381,23.575974658223306,23.760781339774184,20667254,0.013818526647535911,0.0137239213491241,1.3818526647535911,1.37239213491241
2018-04-11,23.622173309326172,23.806979967255852,23.490168174555976,23.582571503520818,13879915,-0.00445073588104361,-0.00446066989271825,-0.44507358810436104,-0.446066989271825
2018-04-12,23.971988677978516,24.09079411661902,23.74098296804045,23.78058212717721,23817976,0.014808771575400836,0.014700192355023501,1.4808771575400836,1.47001923550235
2018-04-13,23.971988677978516,24.09079411661902,23.846586033225293,24.03139272417047,17774340,0.0,0.0,0.0,0.0
2018-04-16,24.110595703125,24.24260087246571,24.018192349960866,24.09079612190853,15932369,0.0057820411568028085,0.0057653893137615255,0.5782041156802809,0.5765389313761525
2018-04-17,23.978588104248047,24.275597681993137,23.938986296466755,24.25579545123096,17675580,-0.005475086576141486,-0.005490129796397668,-0.5475086576141486,-0.5490129796397668
2018-04-18,24.08419418334961,24.1501954354531,23.94558916556322,24.01159041766671,14652497,0.0044041825416256675,0.0043945125116843535,0.44041825416256675,0.43945125116843536
2018-04-19,24.110595703125,24.216198777100118,23.938991371351342,24.018192349960866,16636652,0.0010962176925828349,0.0010956172847131618,0.10962176925828349,0.10956172847131618
2018-04-20,24.176589965820312,24.282192997649393,24.070984280248663,24.090786507305722,22371993,0.0027371477464888105,0.0027334085791440184,0.27371477464888105,0.2733408579144018
2018-04-23,24.288793563842773,24.348194939261347,24.156788443334996,24.202990102825584,25381058,0.00464100181957372,0.0046302655757651,0.464100181957372,0.46302655757651
2018-04-24,24.46040916442871,24.599014207114987,24.269002579825358,24.36140594161621,27106350,0.007065628852040318,0.007040784256316346,0.7065628852040318,0.7040784256316346
2018-04-25,24.20958709716797,24.447195224479525,24.097384217566688,24.367991630794894,27730213,-0.01025420570746205,-0.01030714226732686,-1.025420570746205,-1.030714226732686
2018-04-26,24.321794509887695,24.486801585194456,24.25579327201069,24.288795217820606,20405651,0.004634833806515193,0.00462412603738099,0.4634833806515193,0.462412603738099
2018-04-27,24.420806884765625,24.49341066212456,24.222800442868643,24.275604637535412,14425149,0.004070932136100325,0.004062668311924917,0.4070932136100325,0.4062668311924917
2018-04-30,24.16339111328125,24.539604290951267,24.02478611867951,24.506602343548103,28295789,-0.010540838093476723,-0.010596786234840987,-1.0540838093476723,-1.0596786234840987
2018-05-01,23.364765167236328,23.793779857863598,22.86314937861457,23.483567928951995,51278154,-0.03305107061756585,-0.033609598385328135,-3.3051070617565848,-3.3609598385328137
2018-05-02,23.028152465820312,23.344964234889414,22.929149285562982,23.212959109965393,29550260,-0.014406851470865067,-0.01451163780056783,-1.4406851470865067,-1.451163780056783
2018-05-03,22.942346572875977,23.02155017019313,22.71794080338146,22.981948371534553,23517902,-0.0037261301388243906,-0.003733089454653085,-0.37261301388243906,-0.3733089454653085
2018-05-04,22.99515151977539,23.094154704332183,22.684942249162205,22.810347521347474,19795912,0.0023016367018813266,0.002298991993455519,0.23016367018813266,0.2298991993455519
2018-05-07,23.054555892944336,23.186561040739296,22.909353680236034,22.962155208605378,21580018,0.00258334341123434,0.002580012315320608,0.258334341123434,0.25800123153206084
2018-05-08,23.08755874633789,23.16016250927494,22.909354576275064,23.041357075489756,28269650,0.0014315111315441609,0.0014304874962647106,0.1431511131544161,0.14304874962647104
2018-05-09,23.212963104248047,23.371367689168096,23.014956709662183,23.113959906955117,20430209,0.005431685492951921,0.005416987090017288,0.5431685492951921,0.5416987090017288
2018-05-10,23.352920532226562,23.53286695428214,23.25295089322864,23.326263390972876,30906653,0.006029278871033217,0.006011175499586984,0.6029278871033217,0.6011175499586985
2018-05-11,23.65949249267578,23.699480882105664,23.372914840999265,23.412900550780996,21619964,0.013127778173447568,0.013042355686348539,1.3127778173447568,1.304235568634854
2018-05-14,23.8994197845459,23.939408173364967,23.65282784641778,23.66615641614143,21485052,0.010140846932553238,0.010089773539053402,1.0140846932553238,1.0089773539053402
2018-05-15,23.78612518310547,23.846106435589377,23.64616714087733,23.666159998489128,19345643,-0.0047404749764548,-0.004751746664166184,-0.47404749764548004,-0.47517466641661843
2018-05-16,23.779449462890625,23.91274047550668,23.706136994269286,23.812770876221023,21870711,-0.00028065606160965206,-0.0002806954528925518,-0.028065606160965206,-0.028069545289255184
2018-05-17,23.799449920654297,23.846102593881067,23.619503512544178,23.746132962630575,13021432,0.0008410816152359946,0.0008407281043013953,0.08410816152359946,0.08407281043013953
2018-05-18,23.7528018951416,23.826114401549344,23.612843848075684,23.73280903683873,15734639,-0.001960046373685853,-0.0019619697782984565,-0.1960046373685853,-0.19619697782984566
2018-05-21,23.85943031311035,23.90608298467439,23.67282230650219,23.799449072427443,17802903,0.004489088000626973,0.004479042098494053,0.4489088000626973,0.4479042098494053
2018-05-22,23.806114196777344,24.05270613241525,23.786121342393766,23.859431154781642,14477322,-0.002234593015563835,-0.0022370934441911447,-0.2234593015563835,-0.22370934441911447
2018-05-23,23.972728729248047,24.012714432500932,23.746129679243104,23.779453778268227,20358642,0.0069988126198796685,0.0069744346094933974,0.6998812619879669,0.6974434609493397
2018-05-24,23.91941261291504,24.0527063489498,23.83943851501267,23.966065286544797,17523066,-0.002224032021350908,-0.002226508853617851,-0.2224032021350908,-0.22265088536178512
2018-05-25,23.779449462890625,23.93940028581823,23.686144146271047,23.872754779510203,15005376,-0.0058514459485030645,-0.005868632736181559,-0.5851445948503065,-0.5868632736181558
2018-05-29,23.79278564453125,23.812778498929404,23.53952942391422,23.57285352755923,28179639,0.0005608280234341567,0.0005606708181722203,0.05608280234341567,0.05606708181722203
2018-05-30,24.026050567626953,24.159341631548006,23.92608092986203,23.959402356018163,29093773,0.009804019024116206,0.009756271454678994,0.9804019024116206,0.9756271454678994
2018-05-31,23.946075439453125,24.126021871717754,23.919415617038627,23.95940401083615,30926468,-0.003328683919511466,-0.0033342363126946718,-0.3328683919511466,-0.33342363126946717
2018-06-01,24.159332275390625,24.179327802988922,24.066026958991174,24.165999237688208,22345011,0.008905711354527002,0.00886628938805061,0.8905711354527002,0.886628938805061
2018-06-04,24.292638778686523,24.36595128579814,24.146016444111936,24.265981634026765,19015319,0.005517805781068308,0.005502638458729165,0.5517805781068308,0.5502638458729164
2018-06-05,24.28597068786621,24.419264429229038,24.219322477360688,24.332623363360792,21476093,-0.0002744901812051781,-0.0002745278605301947,-0.02744901812051781,-0.027452786053019467
2018-06-06,24.24598503112793,24.372614501646805,24.11935556060906,24.25931360287249,19368093,-0.0016464508358423613,-0.001647807725592487,-0.16464508358423613,-0.1647807725592487
2018-06-07,24.319293975830078,24.385939504447652,24.239317197770482,24.319293975830075,17083337,0.003023549862298136,0.003018988128187175,0.3023549862298136,0.3018988128187175
2018-06-08,24.43925666809082,24.465916487550157,24.29263436018485,24.34595131945537,16453783,0.004932819693695301,0.0049206932008154965,0.49328196936953006,0.49206932008154963
2018-06-11,24.19266128540039,24.525894243177767,24.17933271739067,24.525894243177767,19505640,-0.010090134329347134,-0.010141384775447057,-1.0090134329347134,-1.0141384775447058
2018-06-12,24.19266128540039,24.259306805096756,24.092691666031953,24.252642521091897,16371887,0.0,0.0,0.0,0.0
2018-06-13,24.139352798461914,24.332627820968085,24.126024225778373,24.239322452885883,16029232,-0.0022034982555080296,-0.0022059295299850174,-0.22034982555080296,-0.22059295299850173
2018-06-14,24.099361419677734,24.252648025523065,24.026051599337958,24.13934981243051,19959387,-0.0016566881108232012,-0.001658061936114488,-0.16566881108232012,-0.1658061936114488
2018-06-15,24.232650756835938,24.252643609747956,24.01271597656425,24.119349884724144,49156979,0.0055308244412388685,0.005515585594840242,0.5530824441238869,0.5515585594840242
2018-06-18,24.099361419677734,24.13934981243051,23.812781064539276,24.079368563125534,24143451,-0.005500402679661565,-0.005515585594840266,-0.5500402679661565,-0.5515585594840267
2018-06-19,24.139352798461914,24.232658166544113,23.906089378256407,23.91941795093995,18484630,0.0016594372808371727,0.0016580619361146398,0.16594372808371727,0.16580619361146398
2018-06-20,24.299299240112305,24.379276020800415,24.132684073268326,24.186001033844327,21354251,0.006625962302542865,0.006604107102361586,0.6625962302542865,0.6604107102361586
2018-06-21,24.19266128540039,24.23264966907732,24.092691666031953,24.17266843338581,16893090,-0.004388519753519504,-0.004398177572376547,-0.4388519753519504,-0.4398177572376547
2018-06-22,24.332626342773438,24.419267419250467,24.259313838170243,24.3192977708996,27018447,0.005785434505194864,0.005768763148776373,0.5785434505194864,0.5768763148776372
2018-06-25,24.24598503112793,24.299301997754686,24.08603413124766,24.205996636245732,20424517,-0.003560705302625089,-0.0035670597023320025,-0.3560705302625089,-0.3567059702332003
2018-06-26,24.24598503112793,24.385943073391363,24.192668064501174,24.25931360287249,25435023,0.0,0.0,0.0,0.0
2018-06-27,24.1326847076416,24.359281126134068,24.112691851768133,24.192665954910296,29396165,-0.004672951968784478,-0.004683904342098674,-0.4672951968784478,-0.4683904342098674
2018-06-28,24.232650756835938,24.319291812083808,24.066032930644198,24.066032930644198,16506167,0.004142350940452122,0.004133795024394913,0.4142350940452122,0.41337950243949134
2018-06-29,24.179330825805664,24.37927004890099,24.179330825805664,24.292629004320332,20974705,-0.0022003342335642495,-0.0022027585257555103,-0.22003342335642495,-0.22027585257555102
2018-07-02,24.212656021118164,24.2393131562613,23.992721257948876,23.992721257948876,14556372,0.0013782513483349135,0.0013773024317423012,0.13782513483349135,0.1377302431742301
2018-07-03,24.225990295410156,24.379276897534723,24.152677797201534,24.2526474368327,9608159,0.000550715059114637,0.0005505634712284036,0.0550715059114637,0.05505634712284036
2018-07-05,24.572547912597656,24.599205049703816,24.332620280402832,24.352613133232452,20391106,0.014305199208024089,0.014203845294221707,1.4305199208024089,1.4203845294221706
2018-07-06,24.732500076293945,24.819141135746193,24.57921349091967,24.659187586096497,18955452,0.0065093845483676915,0.006488289996981321,0.6509384548367692,0.6488289996981321
2018-07-09,24.765825271606445,24.97242882276212,24.6658556384893,24.839135085389884,22329412,0.0013474252586556101,0.0013465182958600837,0.134742525865561,0.13465182958600838
2018-07-10,24.945768356323242,24.992421029210924,24.79248176816316,24.859127295296393,20253875,0.007265781888685874,0.007239513260130747,0.7265781888685874,0.7239513260130748
2018-07-11,24.799148559570312,24.932442306957967,24.765827132459656,24.82580838090718,17795314,-0.005877541820264898,-0.005894882549816419,-0.5877541820264898,-0.5894882549816418
2018-07-12,25.005748748779297,25.032408566515283,24.799145210005335,24.932438939389304,16974881,0.008330938810770405,0.008296428078755151,0.8330938810770405,0.8296428078755151
2018-07-13,25.01241111755371,25.052399496986848,24.805804937090407,24.992415588013397,15227243,0.0002664334846098626,0.00026639799751216275,0.02664334846098626,0.026639799751216275
2018-07-16,24.912450790405273,25.025749007971015,24.852466859083663,24.97909632785892,17888699,-0.003996429079893282,-0.0040044361428145285,-0.3996429079893282,-0.40044361428145286
2018-07-17,25.092391967773438,25.172368748220872,24.95909822691045,24.965765191654576,15740014,0.007222941607875288,0.007196981097684401,0.7222941607875288,0.7196981097684402
2018-07-18,25.099061965942383,25.14571465188115,24.979099447613457,25.05241195965244,20803430,0.00026581755049548406,0.00026578222726995855,0.026581755049548406,0.026578222726995854
2018-07-19,24.89911460876465,25.059065474769604,24.86579318646025,24.959095848560512,16596811,-0.00796632788305196,-0.007998228607059198,-0.796632788305196,-0.7998228607059198
2018-07-20,24.879135131835938,24.879135131835938,24.739177043964098,24.79249402796536,15532798,-0.0008024171639291477,-0.000802739272903672,-0.08024171639291477,-0.0802739272903672
2018-07-23,24.799148559570312,24.999087840827624,24.752495881967054,24.885789629354704,20853074,-0.0032150061423668053,-0.0032201853784442867,-0.3215006142366805,-0.3220185378444287
2018-07-24,25.125717163085938,25.159041269659642,24.839136813637715,24.9057823471368,17804800,0.013168540957411157,0.013082589470108826,1.3168540957411157,1.3082589470108825
2018-07-25,25.318988800048828,25.372305755706883,25.032408488606812,25.105720977416617,17171030,0.00769218389701698,0.007662749895273085,0.769218389701698,0.7662749895273084
2018-07-26,25.432289123535156,25.572247148714442,25.352315023181415,25.352315023181415,24840567,0.004474915028443327,0.004464932366151899,0.4474915028443327,0.4464932366151899
2018-07-27,25.598905563354492,25.64555824073679,25.37230914148189,25.392301997653593,22111971,0.006551374082372607,0.006530007102469549,0.6551374082372607,0.6530007102469549
2018-07-30,25.718870162963867,25.77885140978311,25.445618390184276,25.565583563471023,21981486,0.004686317519023486,0.0046753709192512635,0.4686317519023486,0.4675370919251264
2018-07-31,26.6119327545166,26.651921145815884,25.41896137870298,25.46561405527743,50837371,0.03472402115232809,0.03413474493127101,3.472402115232809,3.4134744931271013
2018-08-01,26.838525772094727,26.8718471909219,26.352006260741213,26.411987494277803,32734605,0.008514714796115985,0.008478669080217554,0.8514714796115985,0.8478669080217555
2018-08-02,26.65033721923828,27.0334576949149,26.569682126046153,26.630174121556713,31879284,-0.007011881146322674,-0.007036579909171518,-0.7011881146322674,-0.7036579909171518
2018-08-03,27.24853515625,27.329192932991706,26.54278906838833,26.630167876114307,27368375,0.02244616764473406,0.022197959768665548,2.244616764473406,2.2197959768665547
2018-08-06,27.584604263305664,27.70558821999072,27.107384062288325,27.127549856712555,27479572,0.012333474263058974,0.012258036608260501,1.2333474263058974,1.22580366082605
2018-08-07,27.45017433166504,27.72575279107121,27.41656917988255,27.456895362021537,18928575,-0.004873368142513157,-0.004885281722975151,-0.4873368142513157,-0.4885281722975151
2018-08-08,27.833293914794922,27.98788571612968,27.275418683462572,27.362794778154466,25837440,0.013956908925271794,0.01386040813708207,1.3956908925271794,1.386040813708207
2018-08-09,27.55771255493164,27.8064041573511,27.430007590223177,27.759354248652034,20121282,-0.009901140724015933,-0.009950482984435747,-0.9901140724015933,-0.9950482984435747
2018-08-10,27.510669708251953,27.766082405698203,27.356077883546735,27.43001463153831,18194148,-0.001707066455022943,-0.0017085251532634668,-0.1707066455022943,-0.17085251532634668
2018-08-13,27.430011749267578,27.698866480838028,27.430011749267575,27.524111580933486,19860627,-0.0029318791523341714,-0.002936185529260341,-0.29318791523341714,-0.29361855292603406
2018-08-14,27.3627986907959,27.584606230490053,27.24853575661528,27.45017750044709,17336824,-0.0024503474182242524,-0.002453354432616907,-0.24503474182242524,-0.2453354432616907
2018-08-15,27.66526222229004,27.7190358780594,27.322473408401546,27.42329428365472,22428488,0.01105382292623025,0.010993175937035686,1.105382292623025,1.0993175937035686
2018-08-16,27.840017318725586,27.873625174912565,27.60476773034697,27.71230962718716,16457472,0.0063167699272608235,0.00629690275644242,0.6316769927260824,0.629690275644242
2018-08-17,28.29035186767578,28.357564880356954,27.873626324615092,27.880347355636687,25910693,0.016175799885271402,0.016046365571228138,1.6175799885271402,1.6046365571228138
2018-08-20,28.45165252685547,28.747393979859297,28.290339744070852,28.364276458553846,22521029,0.005701613749243828,0.0056854210700169865,0.5701613749243828,0.5685421070016986
2018-08-21,28.337398529052734,28.525598185879062,28.223135609893145,28.451661448212327,18633244,-0.004015724488933947,-0.004023809161656826,-0.4015724488933947,-0.40238091616568256
2018-08-22,28.276905059814453,28.458380974335412,28.1021474727223,28.33067600142786,15001687,-0.0021347573305383616,-0.0021370391730001557,-0.21347573305383616,-0.21370391730001556
2018-08-23,28.364286422729492,28.444941491223325,28.202970880811783,28.30379174327784,21032148,0.003090202507318285,0.0030854376452855393,0.3090202507318285,0.3085437645285539
2018-08-24,28.498722076416016,28.559214073861977,28.229867253064008,28.518887877208623,21661703,0.004739609933525291,0.004728413346728907,0.47396099335252906,0.4728413346728907
2018-08-27,27.947555541992188,28.646580482035038,27.766076925888168,28.579367480961025,24485896,-0.01934004384287613,-0.01952950931602461,-1.9340043842876131,-1.952950931602461
2018-08-28,27.893787384033203,28.081987048777727,27.772803429534598,27.967721422345676,19871694,-0.001923894842187357,-0.001925747904982664,-0.1923894842187357,-0.1925747904982664
2018-08-29,27.893787384033203,27.97444515534229,27.67198256663075,27.893787384033203,15785020,0.0,0.0,0.0,0.0
2018-08-30,27.893787384033203,28.169365850618405,27.692145658225506,27.712308749820263,16015425,0.0,0.0,0.0,0.0
2018-08-31,27.907228469848633,27.947557354093842,27.618210654765324,27.752636665629442,20983559,0.0004818666475934208,0.0004817505871426661,0.04818666475934208,0.04817505871426661
2018-09-04,27.806406021118164,27.927392666938477,27.705585167500296,27.88034275508582,15274779,-0.0036127718250272833,-0.003619313645980841,-0.36127718250272833,-0.3619313645980841
2018-09-05,28.1290340423584,28.176083953656047,27.732471662477405,27.75263475197722,21819908,0.011602650878189902,0.011535856290854348,1.1602650878189902,1.1535856290854347
2018-09-06,28.081989288330078,28.169368097139255,27.860184453238578,28.129039208268463,18356780,-0.0016724624797808119,-0.001673862606477963,-0.1672462479780812,-0.1673862606477963
2018-09-07,28.364286422729492,28.46510728519555,27.86690043843658,27.954279239897836,21221658,0.01005260458940227,0.010002413248740008,1.005260458940227,1.0002413248740007
2018-09-10,28.270191192626953,28.713800897717,28.263470161030494,28.485275013575517,21482206,-0.0033173840053715153,-0.0033228987233601894,-0.33173840053715153,-0.3322898723360189
2018-09-11,28.4382266998291,28.518884488483597,28.196256036331224,28.229863898681533,19658786,0.005943911240542832,0.005926315889169532,0.5943911240542832,0.5926315889169532
2018-09-12,28.505430221557617,28.760842863883507,28.418054132513163,28.43149619198697,17508205,0.0023631403757296,0.002360352550662725,0.23631403757296,0.23603525506627251
2018-09-13,28.80116844177246,28.848218346999683,28.518871712873523,28.565921618100745,18666129,0.01037480290303372,0.010321353998769316,1.037480290303372,1.0321353998769316
2018-09-14,28.875123977661133,28.90200811104079,28.565940228998084,28.733974170019437,16800655,0.0025677963738932608,0.002564505217593245,0.2567796373893261,0.2564505217593245
2018-09-17,28.908716201782227,29.02297911174031,28.72723758981905,28.915437231489797,16904263,0.0011633620741189343,0.0011626858928394789,0.11633620741189343,0.11626858928394788
2018-09-18,29.244787216186523,29.359050139093732,28.787732822092686,28.901995744999894,20464991,0.011625248664054455,0.011558194640251967,1.1625248664054455,1.1558194640251966
2018-09-19,29.07676124572754,29.35905811444654,28.895282563899382,29.18430316737913,23783088,-0.0057455015561195255,-0.005762070445049651,-0.5745501556119526,-0.5762070445049651
2018-09-20,29.40610122680664,29.493480031319294,29.137246484996684,29.150688546470906,18419809,0.011326570325211005,0.011262905016238108,1.1326570325211005,1.1262905016238107
2018-09-21,29.614469528198242,29.708569372460065,29.312006901270394,29.426269839674593,37092579,0.007085886693529275,0.007060899765336683,0.7085886693529275,0.7060899765336682
2018-09-24,29.52707862854004,29.88331206315703,29.45986293731582,29.533799657169606,18089591,-0.0029509527285299653,-0.002955315374287818,-0.2950952728529965,-0.2955315374287818
2018-09-25,29.432992935180664,29.769063445046346,29.41282983962426,29.6615188280155,15318520,-0.0031864206595919597,-0.0031915081079434866,-0.318642065959196,-0.31915081079434865
2018-09-26,29.35904884338379,29.782498066443207,29.332164722693282,29.466593433540464,18384817,-0.0025122858541677395,-0.0025154469397512297,-0.25122858541677395,-0.25154469397512297
2018-09-27,29.50691795349121,29.69511759758963,29.359047190623127,29.432983923289537,14887434,0.005036576998670217,0.005023935872308728,0.5036576998670217,0.5023935872308728
2018-09-28,29.62118911743164,29.668239037271864,29.39266054928409,29.527089277751195,15454591,0.003872690604981077,0.00386521104318673,0.3872690604981077,0.38652110431867304
2018-10-01,29.755613327026367,29.923647185242647,29.513642733518836,29.594297796378125,16872537,0.00453810983285674,0.004527843660058139,0.45381098328567404,0.45278436600581395
2018-10-02,29.722000122070312,29.83626301698237,29.661505457738667,29.715279093247762,18167693,-0.00112964248414682,-0.001130281011134585,-0.112964248414682,-0.11302810111345848
2018-10-03,30.118566513061523,30.13872960225437,29.762333020068326,29.762333020068326,23957631,0.013342520333843089,0.01325429282784773,1.3342520333843089,1.3254292827847731
2018-10-04,30.04463005065918,30.105122021245165,29.76905431689424,29.930367139278452,18960406,-0.0024548466597930085,-0.0024578647361427433,-0.24548466597930085,-0.24578647361427433
2018-10-05,30.18578338623047,30.24627536403595,29.97742062797545,30.051354666967693,18112568,0.004698121938372601,0.004687120208354386,0.46981219383726014,0.4687120208354386
2018-10-08,30.434476852416992,30.461360976399884,30.04463543494331,30.078243292387143,24679621,0.00823876137334123,0.00820500804255709,0.823876137334123,0.8205008042557089
2018-10-09,30.562170028686523,30.7906985065013,30.105115775521135,30.239544450851252,21486844,0.00419567508548746,0.004186897783349675,0.419567508548746,0.4186897783349675
2018-10-10,29.916919708251953,30.73692843499149,29.896753920034143,30.54872882476791,33746234,-0.021112712867866423,-0.021338773690355094,-2.1112712867866423,-2.1338773690355093
2018-10-11,28.7742862701416,29.903478666963913,28.498707849123978,29.816102582036123,44299198,-0.03819355231933119,-0.03894204639657329,-3.819355231933119,-3.894204639657329
2018-10-12,29.42626190185547,29.547245839004695,28.660021291694907,28.747400081005257,30417070,0.022658272931356915,0.02240538710897645,2.2658272931356915,2.240538710897645
2018-10-15,28.982656478881836,29.379218936833826,28.888556637761162,29.338890047429928,24002742,-0.015075153767514782,-0.015189938962038792,-1.5075153767514782,-1.5189938962038791
2018-10-16,29.52707862854004,29.56068377168788,28.928874650937246,29.137237348310933,22353654,0.018784411637866816,0.01861016329730025,1.8784411637866816,1.8610163297300248
2018-10-17,29.957258224487305,30.111850039082093,29.406101273586163,29.419546037546883,23154167,0.014568986026659125,0.014463877998113493,1.4568986026659125,1.4463877998113492
2018-10-18,29.574146270751953,29.910216821064083,29.379225513718872,29.802672191090128,22498368,-0.012788618733545976,-0.012871097061921145,-1.2788618733545976,-1.2871097061921144
2018-10-19,29.910200119018555,30.132004882838523,29.560684996089964,29.607734900910014,19564875,0.011363095495302566,0.011299020462628857,1.1363095495302566,1.1299020462628857
2018-10-22,29.822834014892578,29.916933864531114,29.587584390796234,29.869883939711844,18026878,-0.002920946826779125,-0.0029252211173076237,-0.2920946826779125,-0.29252211173076237
2018-10-23,29.641355514526367,29.78922632158283,29.365779698287145,29.500205739272626,23073114,-0.006085219810953779,-0.006103810217202294,-0.6085219810953779,-0.6103810217202293
2018-10-24,28.552478790283203,29.769052677104476,28.471823734766243,29.446424347642886,36927206,-0.03673505159740542,-0.037426776880899126,-3.673505159740542,-3.7426776880899126
2018-10-25,29.177570343017578,29.53380382794197,28.00132530759104,28.491987491483656,38600642,0.021892724527549756,0.0216565200564692,2.1892724527549756,2.16565200564692
2018-10-26,28.633148193359375,29.090202702054725,28.35084862807739,28.935610855104784,30295333,-0.018658926814599797,-0.018835200755068924,-1.8658926814599797,-1.8835200755068924
2018-10-29,29.05659294128418,29.35905558327735,28.6062594941522,28.868395945852022,31847559,0.014788619996141783,0.014680334643988395,1.4788619996141783,1.4680334643988395
2018-10-30,28.82805633544922,28.962485027179245,28.081981555413993,28.196244457029042,35424202,-0.007865223782319353,-0.007896317803160495,-0.7865223782319353,-0.7896317803160494
2018-10-31,28.942325592041016,29.345609053317084,28.707078707940042,28.908720438578076,28193235,0.003963821052038297,0.003955985811541339,0.39638210520382966,0.3955985811541339
2018-11-01,29.35233497619629,29.45987689013203,28.96249621379563,29.036430266201872,24278152,0.014166428431999334,0.014067022304587198,1.4166428431999334,1.4067022304587198
2018-11-02,28.854948043823242,29.4665969955129,28.552485434703556,29.412826045167083,24223028,-0.016945395750505354,-0.017090611802461166,-1.6945395750505354,-1.7090611802461166
2018-11-05,29.251516342163086,29.318732070387863,28.78774078924773,28.78774078924773,21628396,0.013743511086471427,0.013649925525861844,1.3743511086471427,1.3649925525861843
2018-11-06,28.908716201782227,29.298554842074154,28.693629738816504,29.291833812366587,22194183,-0.01171905539429241,-0.011788264767658591,-1.171905539429241,-1.1788264767658592
2018-11-07,29.842988967895508,29.95053085172221,29.09691410857488,29.1574060804193,36794929,0.03231803029896163,0.031806788479433086,3.231803029896163,3.180678847943309
2018-11-08,29.700756072998047,29.937821030688134,29.443372428928566,29.70752896845784,25696520,-0.004766040527993787,-0.004777434315735535,-0.4766040527993787,-0.4777434315735535
2018-11-09,29.991994857788086,30.215511211362344,29.61269107800347,29.61269107800347,26042654,0.009805770064379438,0.009758005492880525,0.9805770064379438,0.9758005492880525
2018-11-12,29.87685775756836,30.174881480086693,29.73461879136834,29.992005143531774,21853847,-0.003838927712733642,-0.0038463153087511144,-0.3838927712733642,-0.3846315308751114
2018-11-13,29.47724151611328,30.113929192057192,29.362096828650618,30.025876090670508,20159015,-0.013375444121256241,-0.013465701095576082,-1.3375444121256241,-1.3465701095576081
2018-11-14,29.064071655273438,29.70075930084152,28.928608284716624,29.63980051175898,28398871,-0.014016571415408463,-0.014115731230075168,-1.4016571415408463,-1.4115731230075168
2018-11-15,29.267257690429688,29.389177942991875,28.684758894805842,28.921821059814796,25936305,0.0069909693853711374,0.006966645856463318,0.6990969385371137,0.6966645856463318
2018-11-16,29.470462799072266,29.65334186224536,29.064067301638126,29.192760480041294,24604576,0.0069430867350794845,0.006919094497812664,0.6943086735079484,0.6919094497812665
2018-11-19,29.92426109313965,29.98522257564522,29.470452760695427,29.544960028949617,23671575,0.015398410848222799,0.015281058479925119,1.5398410848222799,1.5281058479925118
2018-11-20,29.484010696411133,30.066512403463577,29.395960329442357,29.80912875158352,22968557,-0.014712155977994912,-0.0148214530666603,-1.4712155977994912,-1.48214530666603
2018-11-21,29.192760467529297,29.463689891262824,28.969241310044723,29.463689891262824,19665848,-0.00987824322412445,-0.009927356773439968,-0.987824322412445,-0.9927356773439968
2018-11-23,29.2198543548584,29.49755941901172,28.989565007335692,29.0911638896709,8844009,0.0009281029575547439,0.0009276725363010714,0.09281029575547439,0.09276725363010714
2018-11-26,29.355318069458008,29.456916943591946,29.043748551889838,29.341772279125305,20147948,0.004636016078467753,0.00462530285428711,0.4636016078467753,0.462530285428711
2018-11-27,29.84976577758789,29.90395166065473,29.104706481269783,29.260491235501856,19765873,0.016843547971783668,0.016703268429755693,1.6843547971783668,1.6703268429755693
2018-11-28,30.411949157714844,30.42549494905088,29.8700875477586,29.998780735409525,19892669,0.01883376185648533,0.018658602420262658,1.8833761856485332,1.8658602420262658
2018-11-29,30.82511329650879,31.041856821044416,30.276478867123725,30.317118958803945,26065315,0.013585585608186346,0.013494128937274426,1.3585585608186346,1.3494128937274426
2018-11-30,31.312786102294922,31.333104784627572,30.669325758615166,30.716738740710262,45054495,0.015820633036939036,0.015696791284389014,1.5820633036939036,1.5696791284389013
2018-12-03,31.15022850036621,31.41438498751154,30.994443765725684,31.407612093394853,26771178,-0.0051914129070999016,-0.0052049351109508726,-0.5191412907099902,-0.5204935110950872
2018-12-04,30.574508666992188,31.475352864900476,30.554189978763155,31.312795189109128,28703898,-0.018482042061657933,-0.01865496901084691,-1.8482042061657933,-1.8654969010846911
2018-12-06,30.466135025024414,30.472907920687685,29.54497219506813,30.195205581895955,32188528,-0.0035445750951599297,-0.0035508719857337756,-0.354457509515993,-0.35508719857337756
2018-12-07,29.7481689453125,30.439039682595645,29.585608561651114,30.357762214084385,27963885,-0.023566037474795798,-0.023848157654491803,-2.35660374747958,-2.38481576544918
2018-12-10,30.07328224182129,30.18165400808829,29.17243819016285,29.89717880246722,26187895,0.010928850683430635,0.0108695623723995,1.0928850683430635,1.08695623723995
2018-12-11,29.809125900268555,30.14778971437758,29.5111021795837,29.856538888710205,23904931,-0.008783754943295974,-0.008822559519118133,-0.8783754943295974,-0.8822559519118133
2018-12-12,29.910724639892578,30.378078903905497,29.903951744905047,30.039417814613426,20180938,0.0034083099237440795,0.0034025147994624764,0.34083099237440795,0.34025147994624766
2018-12-13,30.188430786132812,30.411947222230427,29.944592941004913,30.11392349188737,23613921,0.009284500779692006,0.009241664739031296,0.9284500779692006,0.9241664739031297
2018-12-14,29.666887283325195,29.883633543026264,29.416276548139034,29.856539239318895,33024982,-0.017276270717827114,-0.017427246879572804,-1.7276270717827114,-1.7427246879572804
2018-12-17,29.19953155517578,29.782033184293564,29.111478476668363,29.463688067378865,38651866,-0.015753446719437236,-0.015878851038373706,-1.5753446719437236,-1.5878851038373707
2018-12-18,28.718639373779297,29.46369892154785,28.474801456025936,29.443380229785138,31125779,-0.016469174530686748,-0.016606299021607103,-1.6469174530686748,-1.6606299021607103
2018-12-19,28.427379608154297,29.118253039637718,28.14967729052308,29.009881270644108,36937957,-0.010141837217083727,-0.010193616033862452,-1.0141837217083727,-1.0193616033862452
2018-12-20,28.413835525512695,28.72540506092428,28.129360295637518,28.251277862252667,34494680,-0.0004764449917049607,-0.0004765585276838856,-0.04764449917049607,-0.04765585276838856
2018-12-21,28.400285720825195,29.036970492779403,28.075170440251014,28.20386088423363,61928192,-0.0004768734821222198,-0.0004769872224424612,-0.04768734821222198,-0.04769872224424612
2018-12-24,27.465574264526367,28.42060413677644,27.445255580926627,28.319005272139602,19778205,-0.03291204410712767,-0.03346583017518063,-3.291204410712767,-3.346583017518063
2018-12-26,28.57639503479004,28.583170654101455,27.377529807896853,27.540087481658002,25437131,0.04044411231183953,0.03964765307053964,4.044411231183953,3.9647653070539643
2018-12-27,29.023422241210938,29.023422241210938,27.9464749019442,28.319003136411357,28894672,0.015643233020703695,0.015522138887513696,1.5643233020703695,1.5522138887513697
2018-12-28,29.097946166992188,29.490796031567466,28.996347251899987,29.13858627769315,25480977,0.002567716693155253,0.0025644257409319538,0.2567716693155253,0.2564425740931954
2018-12-31,29.56528663635254,29.6194725171969,29.19275836513267,29.26726293004899,20534028,0.016060943500214808,0.015933331117390297,1.6060943500214808,1.5933331117390297
2019-01-02,29.294363021850586,29.46369359254071,28.88119185418963,29.206309926831064,26430315,-0.009163571381338609,-0.009205815168916219,-0.9163571381338609,-0.9205815168916218
2019-01-03,28.474796295166016,29.355321798390644,28.413837507606075,29.287590114804008,28503533,-0.02797694307513221,-0.028375753686920076,-2.797694307513221,-2.8375753686920078
2019-01-04,29.125017166137695,29.36208204151285,28.62379584295508,28.745716088855946,27145348,0.02283496128406237,0.022578145786628763,2.283496128406237,2.2578145786628765
2019-01-07,29.28081512451172,29.544974415145976,29.03020707286133,29.17244333911703,20995469,0.0053492829715877654,0.005335026376540665,0.5349282971587765,0.5335026376540665
2019-01-08,29.41627311706543,29.59915215663135,29.22662118319247,29.504326189694872,19677231,0.004626168772204453,0.0046155009415873895,0.4626168772204453,0.46155009415873893
2019-01-09,29.355318069458008,29.578834503224943,29.26049209049042,29.43659825809289,20107580,-0.0020721539864972938,-0.0020743038680062775,-0.20721539864972938,-0.20743038680062775
2019-01-10,28.65768051147461,29.280819737321366,28.468028495496842,29.274046840082182,39731162,-0.023765286968879362,-0.024052236817812565,-2.376528696887936,-2.4052236817812567
2019-01-11,29.043743133544922,29.043743133544922,28.54929464545129,28.671212182339584,21064506,0.0134715236955667,0.013381589520188928,1.34715236955667,1.3381589520188928
2019-01-14,28.698318481445312,28.874421966512454,28.562852376787543,28.82023606931334,17605173,-0.011893255304983419,-0.01196454588101014,-1.1893255304983419,-1.196454588101014
2019-01-15,28.942148208618164,29.287584907802646,28.738950470664843,28.854095129286605,25865371,0.008496307103515344,0.008460416633997587,0.8496307103515344,0.8460416633997587
2019-01-16,28.52220344543457,28.98278479073709,28.46801756500599,28.847321451325186,30169380,-0.01450979934718688,-0.014616095967147288,-1.450979934718688,-1.461609596714729
2019-01-17,28.766040802001953,28.894733968004935,28.332553765611014,28.41383122327478,24177284,0.008549036438712188,0.008512700372067902,0.8549036438712188,0.8512700372067903
2019-01-18,28.806682586669922,29.04374752571288,28.623803530362604,29.03020173585878,38618455,0.0014128390120735634,0.0014118418941041638,0.14128390120735634,0.14118418941041638
2019-01-22,28.630571365356445,28.9150492419317,28.40028208525921,28.725397324214864,29444122,-0.006113554408204269,-0.006132318698719382,-0.6113554408204269,-0.6132318698719382
2019-01-23,28.55607032775879,28.583164629334533,28.14290197279206,28.44092567352982,24462813,-0.0026021498714413616,-0.0026055413481160467,-0.26021498714413616,-0.26055413481160467
2019-01-24,27.736507415771484,28.30546053420214,27.51298827127857,28.29868763941738,34394023,-0.02870012934484978,-0.02912003174059612,-2.870012934484978,-2.912003174059612
2019-01-25,27.526538848876953,27.939707248291555,27.438485763432055,27.8381083722611,35862455,-0.007570115578976577,-0.007598914335920517,-0.7570115578976577,-0.7598914335920517
2019-01-28,26.774709701538086,27.452034711882096,26.740842497858992,27.431716023666457,39329694,-0.02731288344918603,-0.027692814233202436,-2.731288344918603,-2.7692814233202436
2019-01-29,27.614585876464844,27.668771755583368,26.73406329829956,26.75438198172436,51376808,0.031368264466318685,0.03088633278603759,3.1368264466318685,3.0886332786037594
2019-01-30,28.163217544555664,28.278364909380375,27.587491613707265,27.614583188970407,36067880,0.019867459557248113,0.019672677242496155,1.9867459557248113,1.9672677242496155
2019-01-31,29.003612518310547,29.11976281816569,28.252046098739854,28.272542240912912,40927452,0.029840161992333858,0.0294036076677748,2.984016199233386,2.94036076677748
2019-02-01,29.29740333557129,29.461380693540818,29.071932064647584,29.29056854194029,27239681,0.010129456014324578,0.010078496911156467,1.0129456014324578,1.0078496911156467
2019-02-04,28.996780395507812,29.270076025957355,28.668822891864473,29.270076025957355,19426485,-0.010261077974049515,-0.010314085757752263,-1.0261077974049515,-1.0314085757752263
2019-02-05,28.77130699157715,29.194918621659646,28.73714675721027,28.989946227043617,21127641,-0.007775808239924298,-0.007806197473221709,-0.7775808239924298,-0.7806197473221709
2019-02-06,28.921621322631836,28.948952258229337,28.55267154824018,28.64149365505233,16450410,0.005224452649950528,0.005210852545373965,0.5224452649950528,0.5210852545373965
2019-02-07,28.49117660522461,28.798635167698755,28.156387110771167,28.771304235719455,24248008,-0.014883146162708139,-0.014995011509073898,-1.4883146162708139,-1.49950115090739
2019-02-08,28.853300094604492,28.860132142199195,28.34770110155651,28.375032039039308,27500125,0.012710022278036748,0.012629927898458224,1.2710022278036748,1.2629927898458224
2019-02-11,28.477514266967773,28.907955182104853,28.361361232780137,28.88745904218541,27102134,-0.013024015499252695,-0.013109571657498174,-1.3024015499252695,-1.3109571657498174
2019-02-12,28.60732650756836,28.70298064757824,28.27937181076595,28.49800827530089,30540177,0.004558411924005634,0.004548053830082058,0.4558411924005634,0.4548053830082058
2019-02-13,28.49117660522461,28.73714400462461,28.27937218402288,28.6414898633522,24757195,-0.004060145302743345,-0.004068410071041979,-0.40601453027433454,-0.4068410071041979
2019-02-14,28.67564582824707,28.77813200049114,28.436513257746252,28.491172366469552,19864949,0.006474608808842097,0.006453738565232422,0.6474608808842097,0.6453738565232422
2019-02-15,28.969444274902344,29.044602276766568,28.75080780966715,28.955780182600996,19168993,0.010245573836940913,0.010193443711654924,1.0245573836940913,1.0193443711654924
2019-02-19,29.10609245300293,29.283736635314824,28.825962087696727,28.86012506439593,24432985,0.004716976163017694,0.00470588609168378,0.47169761630176943,0.47058860916837797
2019-02-20,28.832792282104492,29.07875688437867,28.64831608329599,29.05826074989011,27354884,-0.009389792578297196,-0.009434154599135311,-0.9389792578297196,-0.9434154599135312
2019-02-21,28.79180335998535,28.9147856871524,28.600495075855765,28.709813310471688,19611883,-0.0014216077901195723,-0.0014226192331712312,-0.14216077901195723,-0.14226192331712312
2019-02-22,29.35206413269043,29.468214424503515,28.846465189722807,28.901124312170356,24779329,0.019459037202363083,0.019272130923900767,1.9459037202363083,1.9272130923900768
2019-02-25,29.434038162231445,29.632178421867224,29.33838680143371,29.40670998688994,25274815,0.0027927858555514273,0.0027888932748792363,0.27927858555514273,0.2788893274879236
2019-02-26,29.393056869506836,29.536535337804732,29.242743607720165,29.352061844091654,16548959,-0.00139230956006553,-0.001393279723637626,-0.139230956006553,-0.1393279723637626
2019-02-27,29.33155632019043,29.529696608939023,29.249569035017032,29.365719291489356,16475074,-0.002092349550080641,-0.0020945415715843754,-0.2092349550080641,-0.20945415715843754
2019-02-28,29.618528366088867,29.912322872811128,29.29057087690241,29.345232747686627,39002427,0.009783730626693687,0.009736179832092445,0.9783730626693687,0.9736179832092444
2019-03-01,29.625362396240234,29.91915692262868,29.577535316430396,29.796174572891353,26667781,0.00023073496653513992,0.00023070835131671125,0.023073496653513992,0.023070835131671127
2019-03-04,29.427227020263672,29.782512781776454,29.297412600980692,29.680026557245927,22805820,-0.006688032143758904,-0.006710497251671605,-0.6688032143758904,-0.6710497251671604
2019-03-05,29.304235458374023,29.550202869520312,29.27690452508952,29.440884630589416,26529812,-0.004179515854652482,-0.004188274444003059,-0.41795158546524824,-0.4188274444003059
2019-03-06,28.600500106811523,29.290572614375154,28.43652272604329,29.256412376988397,22410359,-0.024014799927544295,-0.02430785654420588,-2.4014799927544295,-2.430785654420588
2019-03-07,28.27937889099121,28.620997765581322,28.183724727032676,28.600501622063383,29046132,-0.011227818206711482,-0.011291325974127185,-1.1227818206711482,-1.1291325974127184
2019-03-08,27.937747955322266,28.313529690933716,27.561966219710822,28.238374442652688,31306119,-0.012080567150566934,-0.012154130258254896,-1.2080567150566934,-1.2154130258254896
2019-03-11,28.354524612426758,28.36818870350231,27.876256700854164,28.081229055400012,29161545,0.01491804771705274,0.014807868068542009,1.491804771705274,1.480786806854201
2019-03-12,28.51167106628418,28.641488178116557,28.265703681356648,28.491174928833246,24170539,0.005542200266286601,0.00552689878427503,0.5542200266286601,0.5526898784275031
2019-03-13,28.702983856201172,28.7849739131189,28.388693216522718,28.607329705498394,23715316,0.006709981658816977,0.006687569930882466,0.6709981658816977,0.6687569930882465
2019-03-14,28.142724990844727,28.750810112194472,28.101729963554163,28.69615099150826,32119596,-0.019519185467381406,-0.019712200561529156,-1.9519185467381406,-1.9712200561529156
2019-03-15,28.54584312438965,28.614166351399863,27.91725899689992,28.170058508073105,74768652,0.014324061855277348,0.014222441740221817,1.4324061855277348,1.4222441740221816
2019-03-18,28.566333770751953,28.74397797273657,28.457015529732317,28.539005584048848,18994345,0.0007178154196747499,0.0007175579134069998,0.071781541967475,0.07175579134069998
2019-03-19,28.901119232177734,28.989941320706503,28.52533748801457,28.67564798799726,26403227,0.011719580962417986,0.01165143855700865,1.1719580962417986,1.1651438557008649
2019-03-20,28.812307357788086,28.969452706300086,28.54584374484202,28.8328062493096,23499035,-0.003072956229693946,-0.0030776874547398846,-0.3072956229693946,-0.30776874547398847
2019-03-21,28.93528175354004,29.13341931753461,28.607324334546007,28.648319355308157,24262553,0.004268120363456918,0.004259037772295487,0.42681203634569176,0.42590377722954875
2019-03-22,28.593669891357422,29.11976505186023,28.58000579552725,28.83280530390602,19620105,-0.011806066555437034,-0.011876311584916059,-1.1806066555437034,-1.187631158491606
2019-03-25,28.620988845825195,28.798633022700677,28.470675598893337,28.566329733041176,19823316,0.0009554196635679357,0.0009549635407038857,0.09554196635679357,0.09549635407038858
2019-03-26,28.983112335205078,29.174420642029087,28.78497472839881,28.832801805104815,20849279,0.012652375196767762,0.012573002696966947,1.2652375196767762,1.2573002696966948
2019-03-27,28.709814071655273,29.133422928798975,28.64149085998473,28.928450546683827,19455048,-0.009429569205300137,-0.009474309066871373,-0.9429569205300137,-0.9474309066871374
2019-03-28,28.894289016723633,28.94894813302597,28.737143713966503,28.819131014868304,16915541,0.006425501210420181,0.006404945683571555,0.6425501210420181,0.6404945683571555
2019-03-29,29.017271041870117,29.092429042949043,28.825962763236532,28.96944397221172,21681834,0.004256274486466927,0.004247242170489004,0.42562744864669266,0.4247242170489004
2019-04-01,29.270082473754883,29.33840845674646,29.071942067867393,29.092440961606663,20345046,0.008712446856907308,0.008674712505750828,0.8712446856907308,0.8674712505750828
2019-04-02,29.31789779663086,29.50237403072457,29.201747518106945,29.345228728279455,18625129,0.0016335903022770548,0.001632257445003586,0.16335903022770548,0.16322574450035862
2019-04-03,29.270082473754883,29.427227839268323,29.071942067867393,29.372568701137755,16200402,-0.0016309260373188472,-0.0016322574450036737,-0.16309260373188472,-0.16322574450036736
2019-04-04,29.201751708984375,29.32473405129435,29.037774336869816,29.235911944568375,12990972,-0.0023344917060543757,-0.0023372208801340374,-0.23344917060543757,-0.23372208801340374
2019-04-05,29.37255859375,29.57069893145544,29.304235381373605,29.365726547222714,15559043,0.005849199954435447,0.005832159799609111,0.5849199954435447,0.583215979960911
2019-04-08,29.475046157836914,29.57070030787839,29.31790083908411,29.427219082816176,15410323,0.0034892283476020136,0.0034831551135379862,0.34892283476020136,0.3483155113537986
2019-04-09,29.270082473754883,29.379400750016014,29.092440961606663,29.365736652259496,18825072,-0.006953803667837044,-0.006978094033013078,-0.6953803667837044,-0.6978094033013078
2019-04-10,29.194913864135742,29.324728227783066,29.14025475095215,29.324728227783066,13202615,-0.002568103786060094,-0.0025714070211670967,-0.2568103786060094,-0.25714070211670964
2019-04-11,28.8806209564209,29.263237501465888,28.689315431001685,29.235906570918413,20214877,-0.010765330878435453,-0.010823696312996248,-1.0765330878435453,-1.0823696312996247
2019-04-12,28.498010635375977,28.92845155396421,28.409188534139048,28.92845155396421,21338546,-0.01324799496597584,-0.013336532483784469,-1.324799496597584,-1.333653248378447
2019-04-15,28.757648468017578,28.77814461260769,28.334039502988205,28.60050311818074,18362788,0.009110735340918774,0.009069482962050384,0.9110735340918774,0.9069482962050384
2019-04-16,27.958250045776367,28.901124729027725,27.896758875523915,28.846465605791796,27506976,-0.02779776737066142,-0.028191437902179796,-2.779776737066142,-2.8191437902179795
2019-04-17,27.247678756713867,28.012909230808738,26.912891969543224,27.94458601338904,42412117,-0.025415442236158325,-0.025743993389577488,-2.5415442236158325,-2.5743993389577486
2019-04-18,26.906063079833984,27.281844940394492,26.250150775483363,27.281844940394492,50579774,-0.012537423093176625,-0.012616679728178943,-1.2537423093176625,-1.2616679728178943
2019-04-22,26.632762908935547,26.988048602318102,26.51661260930199,26.666925892929374,31018904,-0.010157568206374812,-0.010209508325186212,-1.0157568206374812,-1.0209508325186212
2019-04-23,26.933387756347656,27.083701030376723,26.564437991768568,26.707919218855913,26672102,0.011287782962662307,0.011224551325639204,1.1287782962662307,1.1224551325639205
2019-04-24,26.899221420288086,27.08369765312589,26.755742958195768,26.98804351366209,21196994,-0.001268549518116946,-0.0012693548081624787,-0.1268549518116946,-0.12693548081624786
2019-04-25,27.06319808959961,27.21351132586068,26.762571617077466,26.81723072598122,18130065,0.006095963401671067,0.006077458183449093,0.6095963401671067,0.6077458183449093
2019-04-26,27.30916976928711,27.32283661037507,26.953886843074798,27.104197371108764,20053193,0.009088788356540478,0.009047733889055902,0.9088788356540478,0.9047733889055902
2019-04-29,27.049530029296875,27.343324443313215,27.049530029296875,27.30916147162904,23229001,-0.009507419748887247,-0.009552903784144992,-0.9507419748887247,-0.9552903784144992
2019-04-30,27.746440887451172,28.135889478079815,27.193014954964312,27.6029596831615,34360400,0.02576425015146233,0.025437944665265597,2.576425015146233,2.5437944665265597
2019-05-01,27.855762481689453,27.958248676124075,27.44581770395097,27.732780147209354,20703406,0.003940022242194141,0.003932280682508641,0.3940022242194141,0.39322806825086415
2019-05-02,28.019739151000977,28.02657394461753,27.725947415423924,27.883092726533736,20471210,0.005886633669400121,0.005869375138067902,0.5886633669400121,0.5869375138067903
2019-05-03,28.27937889099121,28.35453416432773,28.033411433255562,28.16322583641066,18664759,0.009266315385414892,0.009223646471537634,0.9266315385414892,0.9223646471537634
2019-05-06,28.457006454467773,28.538996482636747,27.903580632084026,27.951407690665473,25973406,0.00628116919262145,0.006261524866053985,0.628116919262145,0.6261524866053985
2019-05-07,27.89675521850586,28.498008242385882,27.671286708102542,28.279371778103467,27603838,-0.019687637800495095,-0.019884021165075788,-1.9687637800495095,-1.988402116507579
2019-05-08,27.9787540435791,28.03341317679721,27.63030035237348,27.87626782540711,23811968,0.002939367837978768,0.0029350563429821953,0.2939367837978768,0.2935056342982195
2019-05-09,28.013216018676758,28.151074402430417,27.730601066191692,27.77885233194601,19732461,0.0012317194341098237,0.0012309614900467552,0.12317194341098237,0.12309614900467551
2019-05-10,28.068357467651367,28.13728665348992,27.482449687884923,28.006318151781638,17391527,0.0019684083733138014,0.0019664735960901554,0.19684083733138014,0.19664735960901553
2019-05-13,27.96495819091797,28.020102085773555,27.675450664325286,27.730594559180872,28010788,-0.003683837818175384,-0.0036906398589256636,-0.3683837818175384,-0.36906398589256634
2019-05-14,28.026994705200195,28.17174846838809,27.9580627580815,27.978743450804227,26772759,0.002218366065799282,0.0022159091247238817,0.2218366065799282,0.22159091247238816
2019-05-15,28.364765167236328,28.46126772519932,28.054579561556373,28.16486740738002,33520678,0.012051611868805212,0.01197956943518551,1.2051611868805212,1.197956943518551
2019-05-16,28.7025089263916,28.936872553308028,28.364750152314233,28.364750152314233,25508486,0.011907158658425843,0.011836826200759824,1.1907158658425843,1.1836826200759825
2019-05-17,28.5853271484375,28.81968799281613,28.43368075499996,28.468143954780572,29187684,-0.004082631879137044,-0.004090988573293099,-0.4082631879137044,-0.4090988573293099
2019-05-20,28.668045043945312,28.75076227629278,28.454362093760288,28.537079326107758,24251591,0.0028937186927502356,0.002889539948280214,0.28937186927502356,0.28895399482802137
2019-05-21,28.723194122314453,28.81969665363609,28.59912102288289,28.750767461892828,28785056,0.0019237125616553552,0.0019218645962354088,0.19237125616553552,0.1921864596235409
2019-05-22,28.943767547607422,29.095413960541503,28.640474721739253,28.736977236467123,25274604,0.007679279134266359,0.00764994355858775,0.7679279134266359,0.764994355858775
2019-05-23,28.89551544189453,28.936874057201926,28.70940305874518,28.840371545307296,25495944,-0.0016670983013363783,-0.0016684894560523003,-0.16670983013363783,-0.16684894560523003
2019-05-24,28.916202545166016,29.16435154433375,28.861058631069717,28.99202715921641,15383341,0.0007159278163106908,0.0007156716622428641,0.07159278163106908,0.07156716622428641
2019-05-28,28.881731033325195,29.28152360279609,28.87483562100903,29.05405536893389,49440610,-0.0011921175260470873,-0.0011928286633740707,-0.11921175260470873,-0.11928286633740706
2019-05-29,28.757659912109375,28.84037715882433,28.45436703611244,28.743874628146358,26895761,-0.004295833967592255,-0.004305087573141739,-0.4295833967592255,-0.4305087573141739
2019-05-30,28.881731033325195,28.916194237566152,28.66115266884322,28.730084620261074,17344308,0.004314367775229755,0.0043050875731417216,0.4314367775229755,0.43050875731417215
2019-05-31,28.619796752929688,28.936877662142923,28.57154826243949,28.736979972810587,22639288,-0.009069202953703726,-0.009110578527110775,-0.9069202953703726,-0.9110578527110774
2019-06-03,28.89551544189453,29.081625053575987,28.654259162157945,28.695617777465344,22643082,0.009633845108862227,0.009587735528242013,0.9633845108862227,0.9587735528242013
2019-06-04,29.109203338623047,29.467640113138497,28.97823482978524,29.281527698334344,18453537,0.007395192418637286,0.007367982051435836,0.7395192418637286,0.7367982051435836
2019-06-05,29.28152847290039,29.529677442047277,29.233277207469932,29.364245719772164,21418861,0.005919953640527664,0.0059024995659734125,0.5919953640527664,0.5902499565973413
2019-06-06,29.4400691986084,29.70200344172582,29.281527352923433,29.502105745655204,24494222,0.005414359631353838,0.005399754680166198,0.5414359631353838,0.5399754680166198
2019-06-07,29.584815979003906,29.812286980874738,29.54346013454369,29.62617459493205,20023470,0.004916658973150412,0.004904611677580277,0.4916658973150412,0.4904611677580277
2019-06-10,29.68821144104004,29.805394649296623,29.412491951105643,29.805394649296623,15275727,0.003494882716509329,0.0034887898057870763,0.3494882716509329,0.34887898057870764
2019-06-11,29.412494659423828,29.84675324249076,29.32977741909288,29.777824056527113,18813162,-0.009287079558961575,-0.009330473359075867,-0.9287079558961575,-0.9330473359075867
2019-06-12,29.69510269165039,29.757141999015666,29.267736809392627,29.274629449884806,16296843,0.009608434629533091,0.009562567196947197,0.9608434629533091,0.9562567196947197
2019-06-13,29.295310974121094,29.736462149881447,29.20570110224431,29.68821089359917,14464042,-0.013463220574809087,-0.013554671472240416,-1.3463220574809087,-1.3554671472240416
2019-06-14,29.474536895751953,29.550358737807063,29.281531812020766,29.309105154611828,13197872,0.006117904731893331,0.0060992663327423735,0.6117904731893331,0.6099266332742374
2019-06-17,29.5572452545166,29.57103053592801,29.191915896838847,29.43316940741017,14094931,0.0028060952766510994,0.002802165541058757,0.28060952766510994,0.2802165541058757
2019-06-18,29.68821144104004,29.86743118809837,29.515887106264536,29.515887106264536,22833434,0.004430933444429241,0.004421145760568022,0.44309334444292414,0.4421145760568022
2019-06-19,29.98461151123047,30.046648049797067,29.701999381552447,29.757143279330304,21753611,0.009983763110117616,0.009934254595349324,0.9983763110117616,0.9934254595349323
2019-06-20,30.053546905517578,30.405091058716557,29.991510354122116,30.212085990847545,23500300,0.0022990257606403386,0.0022963870444600598,0.22990257606403386,0.22963870444600598
2019-06-21,30.101783752441406,30.32925469388114,29.853637665732162,30.01906931402739,38141203,0.0016050300843184484,0.0016037434001265661,0.16050300843184484,0.1603743400126566
2019-06-24,30.163829803466797,30.26032954132501,29.96393214435828,30.115578548803782,24624075,0.0020612084498268235,0.0020590870742546777,0.20612084498268235,0.20590870742546777
2019-06-25,30.163829803466797,30.529159147933722,30.163829803466797,30.225866339042724,28429015,0.0,0.0,0.0,0.0
2019-06-26,29.633066177368164,30.191400543788095,29.295310164198025,30.108683314885944,41009348,-0.017596029070474084,-0.017752679527471015,-1.7596029070474084,-1.7752679527471016
2019-06-27,29.936359405517578,30.025969276166553,29.64685464325855,29.653747283851875,21994977,0.010234959363774943,0.010182936831740319,1.0234959363774943,1.018293683174032
2019-06-28,29.860538482666016,30.13625797200376,29.626174838127966,29.95014558453331,39726209,-0.002532736924503509,-0.0025359497286061156,-0.2532736924503509,-0.25359497286061156
2019-07-01,30.170724868774414,30.246546691357132,29.874324676517894,29.991505116631203,21341392,0.010387836317434784,0.010334253499332403,1.0387836317434784,1.0334253499332404
2019-07-02,30.480911254882812,30.480911254882816,30.094901175007266,30.108686457440502,16541898,0.010281038571579915,0.010228548158609343,1.0281038571579915,1.0228548158609343
2019-07-03,30.60498809814453,30.71527591409048,30.31548050268507,30.584310171955337,10297580,0.0040706408750113,0.004062378231690596,0.40706408750113,0.40623782316905954
2019-07-05,30.27411460876465,30.570514747974986,30.17761210895349,30.542941417399994,18295227,-0.010811096815944943,-0.01086996136781898,-1.0811096815944943,-1.0869961367818979
2019-07-08,29.846757888793945,30.239660684327564,29.626182242198265,30.19140941520118,23955312,-0.014116241729724366,-0.014216823550151513,-1.4116241729724366,-1.4216823550151514
2019-07-09,29.89500617980957,30.191406407563324,29.846754915489928,29.929472160457422,14223308,0.0016165337352684883,0.0016152285510034686,0.16165337352684883,0.16152285510034686
2019-07-10,30.370628356933594,30.405091568582034,29.94325958927584,30.08801339260499,15298599,0.015909753430499274,0.01578451984740209,1.5909753430499274,1.578451984740209
2019-07-11,29.626171112060547,30.025966399919206,29.21259054433575,29.86053472712281,38383518,-0.02451240837442492,-0.024817839014658432,-2.451240837442492,-2.4817839014658434
2019-07-12,29.226383209228516,29.63307123978362,28.957556326572785,29.577927334917533,33580967,-0.013494416855956204,-0.013586293987541197,-1.3494416855956204,-1.3586293987541198
2019-07-15,29.467641830444336,29.481427114872208,29.116097677253954,29.136775603895764,20363912,0.008254823030570568,0.00822093832604909,0.8254823030570568,0.822093832604909
2019-07-16,29.536569595336914,29.619286840840065,29.28152798841531,29.495210972585337,19553386,0.002339100131906857,0.0023363686957658426,0.23391001319068572,0.23363686957658425
2019-07-17,29.46074676513672,29.770932268062758,29.453854123489688,29.702003080124182,16341532,-0.0025670831528169513,-0.0025703837606068213,-0.25670831528169513,-0.25703837606068214
2019-07-18,29.681320190429688,29.681320190429688,29.32977609213034,29.5434618247395,13728877,0.007487027638891641,0.007459138963143882,0.7487027638891641,0.7459138963143882
2019-07-19,29.481422424316406,29.78471526228619,29.481422424316406,29.770929980051587,23552579,-0.006734800367058313,-0.006757581476813645,-0.6734800367058313,-0.6757581476813646
2019-07-22,29.515888214111328,29.653749349986974,29.329775819252607,29.5227808551849,12552086,0.0011690680761216043,0.0011683852481680615,0.11690680761216043,0.11683852481680615
2019-07-23,29.702007293701172,29.798507061917483,29.467643587113503,29.536572784830494,19586904,0.006305725182305766,0.006285927280433376,0.6305725182305766,0.6285927280433377
2019-07-24,29.564144134521484,29.639965969753803,29.20570734190394,29.639965969753803,18117838,-0.00464154350971846,-0.004652348921619361,-0.464154350971846,-0.46523489216193614
2019-07-25,29.412494659423828,29.63996291313161,29.315992136193795,29.522782465552947,17514634,-0.005129506689171448,-0.0051427077713179226,-0.5129506689171448,-0.5142707771317923
2019-07-26,29.702007293701172,29.7571512061685,29.247067937244186,29.405607032021344,21062187,0.009843185273119337,0.009795056692937147,0.9843185273119337,0.9795056692937146
2019-07-29,28.57155418395996,29.63996926703912,28.495729568824068,29.067849417931594,64559186,-0.03805982196970714,-0.03880301524969339,-3.805982196970714,-3.880301524969339
2019-07-30,26.73800277709961,27.737488337390126,26.607034289277916,27.454876211096032,95739668,-0.06417401710298654,-0.06632573549733159,-6.417401710298654,-6.632573549733159
2019-07-31,26.772472381591797,27.34459218314075,26.545004098030475,26.60704065068642,56309423,0.0012891615271171109,0.0012883312718744177,0.12891615271171109,0.12883312718744178
2019-08-01,26.61244773864746,26.86987538888216,26.215871972943155,26.65419329224709,51624920,-0.005977208255684485,-0.0059951432681989245,-0.5977208255684485,-0.5995143268198925
2019-08-02,26.43851089477539,26.81421527810328,26.264574353719127,26.61244743583165,29153640,-0.006535920542907192,-0.006557373197901556,-0.6535920542907192,-0.6557373197901556
2019-08-05,25.714929580688477,26.320233082757998,25.33226808704951,26.271530405669758,46030183,-0.02736845947817368,-0.02774995245968344,-2.736845947817368,-2.774995245968344
2019-08-06,25.707969665527344,25.958440149460994,25.374008087817007,25.8749490556843,31985843,-0.0002706565903396463,-0.0002706932244449172,-0.02706565903396463,-0.02706932244449172
2019-08-07,25.450546264648438,25.5896971781512,24.94960521395601,25.49924894450456,32017253,-0.010013369559249696,-0.010063840549992167,-1.0013369559249696,-1.0063840549992167
2019-08-08,25.652311325073242,25.707971124951996,25.464457752109574,25.534031802608872,23356429,0.00792773005053582,0.007896470700431991,0.792773005053582,0.7896470700431991
2019-08-09,25.290523529052734,25.62448235872149,25.123541316821516,25.582736805663686,25391703,-0.014103516499384128,-0.014203916198641604,-1.4103516499384128,-1.4203916198641604
2019-08-12,24.622602462768555,25.2696487282575,24.198192614150415,25.262691602486235,44212665,-0.026409934358096576,-0.0267649410976248,-2.6409934358096576,-2.67649410976248
2019-08-13,24.49040985107422,24.914816922573724,24.455624220555833,24.650432143649493,45549453,-0.00536875059792008,-0.005383214130036279,-0.536875059792008,-0.5383214130036279
2019-08-14,23.822492599487305,24.337347974730914,23.794664091310505,24.302559542112633,38633421,-0.02727260407843346,-0.02765140468217864,-2.727260407843346,-2.765140468217864
2019-08-15,23.989469528198242,24.05904638614766,23.63463930172357,23.864235659724475,30713665,0.007009213163299721,0.006984762814035781,0.7009213163299721,0.6984762814035781
2019-08-16,24.10774803161621,24.358218555195656,23.996428420557983,24.15645071112879,30012334,0.004930434300722597,0.004918319513980868,0.4930434300722597,0.49183195139808683
2019-08-19,24.476491928100586,24.57389727373788,24.23297856400735,24.26776698670538,21997296,0.015295659138331086,0.01517985986857537,1.5295659138331086,1.517985986857537
2019-08-20,24.079914093017578,24.462578361193856,24.052085591999123,24.42083281226961,19932510,-0.01620239682418345,-0.016335090915981107,-1.6202396824183452,-1.6335090915981108
2019-08-21,24.260818481445312,24.434755061941665,24.226030046387052,24.30952117156789,19208728,0.007512667517372451,0.007484587977894433,0.7512667517372451,0.7484587977894432
2019-08-22,24.40691566467285,24.511280935255467,24.212107766149668,24.32342736456193,16933142,0.006021939587045333,0.006003880174377976,0.6021939587045333,0.6003880174377976
2019-08-23,23.892065048217773,24.594771115949708,23.773785518138787,24.49736576054196,27765311,-0.02109445632248752,-0.02132012356038002,-2.109445632248752,-2.132012356038002
2019-08-26,24.239940643310547,24.253857693672064,23.989470102964965,24.086875468510307,17468680,0.014560298341340872,0.014455315029370953,1.4560298341340872,1.4455315029370954
2019-08-27,23.892065048217773,24.413877454047295,23.871190873546535,24.358217650585267,24715351,-0.014351338570161687,-0.014455315029370915,-1.4351338570161687,-1.4455315029370914
2019-08-28,24.40691566467285,24.455621136049338,23.850317672611542,23.905977471817675,26047924,0.0215490212091769,0.02132012356038006,2.15490212091769,2.132012356038006
2019-08-29,24.580860137939453,24.900904749816615,24.51128607369572,24.900904749816615,19610302,0.007126851899536435,0.007101575911632354,0.7126851899536435,0.7101575911632354
2019-08-30,24.733924865722656,24.852201611997227,24.54607125907721,24.782627549023438,18873346,0.006226988271535561,0.006207680690667139,0.6226988271535561,0.6207680690667139
2019-09-03,25.130504608154297,25.241824232962948,24.706094692150142,24.77567155570346,26624989,0.016033837920371274,0.015906653641425135,1.6033837920371274,1.5906653641425135
2019-09-04,24.928739547729492,25.32531540611538,24.83829129335827,25.255741332120802,20649441,-0.008028691169191138,-0.008061094665117102,-0.8028691169191138,-0.8061094665117101
2019-09-05,25.2835636138916,25.38097176932255,24.970476161952043,25.12354132494895,22096794,0.014233534169778128,0.01413318848388174,1.4233534169778128,1.413318848388174
2019-09-06,25.394880294799805,25.443582962834657,25.123535659721526,25.297474958730096,20873416,0.004402729085509316,0.004393065427738217,0.4402729085509316,0.4393065427738217
2019-09-09,25.624481201171875,25.63143832680109,25.137457230556343,25.457501793880553,24675616,0.009041228141527746,0.009000600934654813,0.9041228141527746,0.9000600934654813
2019-09-10,26.00714683532715,26.00714683532715,25.06092455026725,25.457503110821648,32250397,0.014933595382909504,0.01482318708548585,1.4933595382909504,1.4823187085485852
2019-09-11,26.02801513671875,26.27152850453817,25.67318217143803,26.257614254204643,16963181,0.0008024064125040642,0.0008020846565864872,0.08024064125040642,0.08020846565864873
2019-09-12,25.93756675720215,26.174122998417864,25.784501612273512,26.13933457539883,16692303,-0.0034750394542764074,-0.003481091428514676,-0.34750394542764074,-0.3481091428514676
2019-09-13,25.680145263671875,26.16021218829631,25.471420270583234,26.014106931052005,24099605,-0.0099246585441094,-0.00997423626845074,-0.9924658544109399,-0.997423626845074
2019-09-16,25.624481201171875,25.756674980317115,25.29052238658923,25.36705356590732,19877070,-0.002167591418524628,-0.0021699440451070588,-0.2167591418524628,-0.21699440451070587
2019-09-17,25.394880294799805,25.60360521569312,25.290517834353146,25.596648091316172,22091945,-0.008960216777445185,-0.009000600934654678,-0.8960216777445185,-0.9000600934654678
2019-09-18,25.31139373779297,25.547949995929837,25.22790543293038,25.44358751680407,19679550,-0.0032875349691618982,-0.0032929507852961577,-0.3287534969161898,-0.32929507852961576
2019-09-19,25.401845932006836,25.5827396186184,25.283566385771465,25.339228994233494,17746409,0.0035735761985642434,0.0035672061465408713,0.35735761985642434,0.3567206146540871
2019-09-20,25.527076721191406,25.91669814893535,25.380971483184236,25.666227630728073,45990658,0.004929987746550957,0.0049178751506143955,0.4929987746550957,0.49178751506143953
2019-09-23,25.2139892578125,25.4575026500079,25.20703213194932,25.31139461469066,17295191,-0.012264916457080832,-0.01234075125450637,-1.2264916457080832,-1.234075125450637
2019-09-24,25.053970336914062,25.4505489435725,25.033098956520327,25.234866823248502,24186560,-0.006346434087134978,-0.006366658313165809,-0.6346434087134978,-0.6366658313165809
2019-09-25,24.977432250976562,25.290519654853668,24.83828136123238,24.98438937585431,20269685,-0.0030549284168637225,-0.0030596042359698388,-0.30549284168637225,-0.3059604235969839
2019-09-26,24.893945693969727,25.213990281044957,24.747837652723142,25.095713541777357,17059728,-0.003342479569875434,-0.0033480781335839312,-0.3342479569875434,-0.3348078133583931
2019-09-27,25.200075149536133,25.283563457766373,24.85219927261913,24.949604630051766,17583671,0.012297345681145488,0.012222347551706165,1.2297345681145488,1.2222347551706165
2019-09-30,24.998306274414062,25.26269103476456,24.99134914879914,25.2418196579198,17205391,-0.008006677516824157,-0.008038903087686304,-0.8006677516824157,-0.8038903087686304
2019-10-01,24.65043067932129,25.060923474228627,24.65043067932129,24.998306545618316,22013001,-0.01391596659685801,-0.014013701435885142,-1.391596659685801,-1.4013701435885142
2019-10-02,24.142536163330078,24.539114766540443,24.114707656380386,24.53215763980302,22458000,-0.020603880013231324,-0.02081910134442538,-2.0603880013231324,-2.081910134442538
2019-10-03,24.664348602294922,24.67826285416889,24.072959328889272,24.14949330898977,22076135,0.02161382033083248,0.021383553768055983,2.161382033083248,2.1383553768055985
2019-10-04,24.998306274414062,25.03309469988537,24.664347460517657,24.692175962977334,18065349,0.013540096983873706,0.013449249012254572,1.3540096983873706,1.3449249012254572
2019-10-07,24.928739547729492,25.227912821481983,24.907865367352848,24.92178242006979,11759373,-0.0027828576032677965,-0.0027867369502728953,-0.27828576032677965,-0.2786736950272895
2019-10-08,24.65043067932129,24.963518119769592,24.64347355363089,24.803495836700243,14761270,-0.011164177309299639,-0.011226964485612258,-1.1164177309299639,-1.1226964485612259
2019-10-09,24.83132553100586,24.97047363060851,24.720005932365115,24.803494232647395,13634333,0.0073384053219125445,0.00731161023453313,0.7338405321912544,0.731161023453313
2019-10-10,24.900897979736328,25.05396311737475,24.76870701387373,24.817409684822156,12198680,0.0028018016454094408,0.0027978839152751184,0.2801801645409441,0.27978839152751184
2019-10-11,25.123546600341797,25.450551170233464,25.095718090715444,25.144420779958992,18446054,0.008941389213620088,0.008901651689868978,0.8941389213620088,0.8901651689868978
2019-10-14,25.255733489990234,25.290521914884174,25.03309428442102,25.158328138204535,8700981,0.005261474096441399,0.005247680902143382,0.5261474096441399,0.5247680902143382
2019-10-15,25.394880294799805,25.561859672035215,25.332263378011053,25.360091875518847,15178232,0.005509513507684138,0.005494391655411595,0.5509513507684138,0.5494391655411596
2019-10-16,25.2835636138916,25.56882256204818,25.269649362000113,25.485334253302405,14435795,-0.00438343003061914,-0.004393065427738143,-0.438343003061914,-0.4393065427738143
2019-10-17,25.367053985595703,25.610567373630662,25.304437056500074,25.387928160225417,15312090,0.003302159971556806,0.0032967198142080075,0.3302159971556806,0.32967198142080073
2019-10-18,25.367053985595703,25.534033395649633,25.290522805011435,25.346182608362746,14219198,0.0,0.0,0.0,0.0
2019-10-21,25.367053985595703,25.520119144160997,25.297479930755753,25.49924776692804,13237081,0.0,0.0,0.0,0.0
2019-10-22,25.34618377685547,25.53403457280253,25.22094711549387,25.332269524725366,14549416,-0.0008227289125526394,-0.0008230675397293999,-0.08227289125526394,-0.08230675397293999
2019-10-23,25.582738876342773,25.589698800246445,25.20007733669991,25.26269427265644,14000598,0.009332967107392065,0.009289684067586996,0.9332967107392065,0.9289684067586996
2019-10-24,25.3183536529541,25.631441124826917,25.227908212504214,25.56882418993176,19998385,-0.010334515966668345,-0.010388287868677872,-1.0334515966668345,-1.0388287868677872
2019-10-25,25.582738876342773,25.659272862709585,25.26269427265644,25.32531120861297,17497665,0.010442433462012346,0.010388287868677834,1.0442433462012346,1.0388287868677835
2019-10-28,25.93756675720215,26.07671765188178,25.617522217095868,25.645353514990397,25800339,0.013869815994858037,0.013774510333885166,1.3869815994858037,1.3774510333885166
2019-10-29,26.584613800048828,26.96727523546137,26.382845996726996,26.43850579101616,32212032,0.02494632780721462,0.02464024810446317,2.494632780721462,2.464024810446317
2019-10-30,26.7724666595459,27.009022901901954,26.64723281190809,26.72376398604308,22019430,0.0070662248814283846,0.007041376103753705,0.7066224881428385,0.7041376103753705
2019-10-31,26.69593620300293,26.8420442274388,26.56374242925716,26.709850453693033,24539860,-0.0028585508207433774,-0.0028626442799092482,-0.28585508207433774,-0.28626442799092483
2019-11-01,26.709854125976562,27.092518451738908,26.709854125976562,26.918579104611666,19263220,0.0005213498739207179,0.000521214018292025,0.052134987392071785,0.0521214018292025
2019-11-04,26.459383010864258,26.953366941393682,26.459383010864258,26.932492765550556,17709730,-0.009377479709584358,-0.00942172509649206,-0.9377479709584358,-0.942172509649206
2019-11-05,26.07671356201172,26.50807763124799,26.06975643797837,26.459374965618466,21688474,-0.014462523509917613,-0.014568125217850798,-1.4462523509917613,-1.4568125217850798
2019-11-06,26.16716957092285,26.25065788161098,25.98627310253757,26.167169570922848,18757722,0.0034688423714139827,0.003462839814991237,0.34688423714139827,0.3462839814991237
2019-11-07,25.928325653076172,26.398983359064125,25.907252565638878,26.272539185576274,22727297,-0.009127617612570749,-0.009169529546556239,-0.9127617612570749,-0.9169529546556239
2019-11-08,26.026668548583984,26.10394217335256,25.872124123478457,25.907248755139776,26626886,0.00379287489765634,0.003785700084052653,0.379287489765634,0.37857000840526533
2019-11-11,25.9423770904541,25.99857481447628,25.815930093080173,25.928325541124536,12542916,-0.003238657224705288,-0.0032439130259084925,-0.3238657224705288,-0.32439130259084925
2019-11-12,25.970470428466797,26.05476841336958,25.78080137465133,25.872123720890748,13338370,0.0010829130235345819,0.0010823270961937258,0.10829130235345819,0.10823270961937259
2019-11-13,25.710556030273438,25.956422809669803,25.49981388348561,25.956422809669803,25855252,-0.010008074320766336,-0.010058491766322763,-1.0008074320766336,-1.0058491766322764
2019-11-14,25.675434112548828,25.82295419578521,25.513865304556216,25.682461299358938,25190600,-0.0013660504923834749,-0.00136698438995506,-0.1366050492383475,-0.136698438995506
2019-11-15,26.188241958618164,26.321713322949982,25.654362150155137,25.731635788566223,36378810,0.019972704018223375,0.01977586617165634,1.9972704018223375,1.9775866171656342
2019-11-18,26.146087646484375,26.300634891910228,25.963445780453767,26.2655102611833,18084532,-0.0016096655972707152,-0.0016109625008457896,-0.16096655972707152,-0.16109625008457895
2019-11-19,26.455183029174805,26.469234579598567,26.216343389590033,26.293614206975622,26475110,0.011821859808229807,0.011752527513071707,1.1821859808229807,1.1752527513071707
2019-11-20,26.026668548583984,26.47625310100869,25.998571102800227,26.391955114794175,19947582,-0.01619775149989533,-0.016330369097889718,-1.619775149989533,-1.6330369097889719
2019-11-21,26.51137924194336,26.651872127723543,26.019645668417365,26.139065468660057,20942664,0.01862361648224642,0.018452320436434914,1.862361648224642,1.8452320436434915
2019-11-22,26.92583465576172,26.982032371399278,26.476252930661232,26.54649936910028,25544006,0.015633113993656522,0.015512175667036944,1.5633113993656522,1.5512175667036945
2019-11-25,27.171703338623047,27.312199049817387,27.010134541743863,27.031207627428703,31592385,0.009131330040635044,0.009089891514691556,0.9131330040635044,0.9089891514691556
2019-11-26,26.897741317749023,27.1084834896805,26.72914814509025,27.073358852881242,34620633,-0.01008262225815637,-0.010133796162636727,-1.008262225815637,-1.0133796162636728
2019-11-27,27.13658905029297,27.19278679130922,26.92584681537381,26.960971462671296,19201034,0.008879843467984205,0.00884064951122387,0.8879843467984205,0.8840649511223869
2019-11-29,27.059307098388672,27.312198241279294,27.052282736701674,27.073355821762675,9793873,-0.0028478874688734335,-0.0028519504161022566,-0.28478874688734335,-0.2851950416102257
2019-12-02,26.897741317749023,27.25600357491894,26.86964104342321,27.248979212445494,15645998,-0.005970802580132162,-0.005988699095121702,-0.5970802580132162,-0.5988699095121702
2019-12-03,26.72914695739746,26.8345180386811,26.581626878713983,26.66592204908175,20869832,-0.006267974636231299,-0.006287700861437441,-0.6267974636231299,-0.6287700861437441
2019-12-04,26.79236602783203,26.876661188718767,26.6167485202557,26.85558810460498,14501248,0.002365173513967145,0.0023623808935792777,0.23651735139671448,0.23623808935792778
2019-12-05,26.71509552001953,26.95393795665975,26.546502354149215,26.95393795665975,13098058,-0.002884049424087154,-0.0028882163082224405,-0.2884049424087154,-0.28882163082224405
2019-12-06,26.897741317749023,27.059310127934353,26.848567956002878,26.89071695527558,12868708,0.006836801223211841,0.006813536276080602,0.6836801223211841,0.6813536276080602
2019-12-09,26.918813705444336,26.960962703621423,26.764269261749664,26.764269261749664,15641571,0.0007834259184211767,0.0007831192005197314,0.07834259184211767,0.07831192005197314
2019-12-10,27.031208038330078,27.10145730721101,26.827493066984548,26.883690787430183,19171311,0.004175307802030348,0.004166615391668704,0.4175307802030348,0.4166615391668704
2019-12-11,26.848562240600586,27.0944289969923,26.834513518644325,26.9539333041354,15569372,-0.006756849248857111,-0.006779780106681413,-0.6756849248857111,-0.6779780106681412
2019-12-12,27.073352813720703,27.12955052540446,26.81343733802154,26.81343733802154,13414469,0.008372536715585799,0.00833768144626912,0.8372536715585799,0.8337681446269121
2019-12-13,26.92583465576172,27.1717014269458,26.743192786047548,27.059305995670677,16678496,-0.005448832251180313,-0.005463731283830749,-0.5448832251180313,-0.546373128383075
2019-12-16,27.494848251342773,27.67749300695752,27.157661844037545,27.18576212352926,24187824,0.021132626076618033,0.020912428960607514,2.1132626076618033,2.091242896060751
2019-12-17,27.326251983642578,27.70558735543485,27.284102981347385,27.70558735543485,29038016,-0.0061319221026056026,-0.006150799546515029,-0.6131922102605603,-0.6150799546515029
2019-12-18,27.319229125976562,27.452700503193686,27.1436115685742,27.40352713521184,27339390,-0.0002570003991114733,-0.00025703342937335994,-0.025700039911147332,-0.025703342937335994
2019-12-19,27.37542152404785,27.501868513266388,27.26302608325261,27.396497434466863,22022276,0.0020568808077332523,0.0020547683246592576,0.20568808077332523,0.20547683246592577
2019-12-20,27.55806541442871,27.775831927549802,27.375420710242146,27.64236058030333,58199772,0.006671820202674095,0.006649662112194357,0.6671820202674095,0.6649662112194357
2019-12-23,27.621288299560547,27.76178118825477,27.48781694842601,27.69153474390766,17454345,0.0022941699346838984,0.0022915423448303524,0.22941699346838984,0.22915423448303524
2019-12-24,27.6002197265625,27.70559083331158,27.536997627399572,27.628320006430798,5187683,-0.0007627657613052952,-0.0007630568151219406,-0.07627657613052952,-0.07630568151219405
2019-12-26,27.663440704345703,27.79690924749302,27.536993699623192,27.60724297705754,9384078,0.0022905969013848893,0.0022879774835602024,0.22905969013848893,0.22879774835602024
2019-12-27,27.621288299560547,27.832030457033724,27.572114941188016,27.698559105899186,10117662,-0.0015237585676944887,-0.0015249206684381322,-0.15237585676944887,-0.15249206684381322
2019-12-30,27.33327293395996,27.691535172090394,27.31922420975968,27.607240002456805,11554264,-0.010427296600975966,-0.010482041753343916,-1.0427296600975966,-1.0482041753343916
2019-12-31,27.522947311401367,27.536996038308505,27.192782458056676,27.248983014550078,15175703,0.0069393218258084755,0.006915355541401894,0.6939321825808475,0.6915355541401893
2020-01-02,27.494848251342773,27.642368363701017,27.31220632016058,27.60724654487707,16514072,-0.001020932087711146,-0.0010214535938534563,-0.10209320877111461,-0.10214535938534564
2020-01-03,27.34732437133789,27.565090893283916,27.164679659749694,27.199804294539398,14922848,-0.005365509882298669,-0.005379955927215981,-0.5365509882298669,-0.537995592721598
2020-01-06,27.312198638916016,27.396496629250752,27.185754477845673,27.27004964374865,15771951,-0.0012844303137271584,-0.0012852559013581421,-0.12844303137271584,-0.12852559013581422
2020-01-07,27.220874786376953,27.487814641814204,27.171701432130753,27.48079028041212,20108107,-0.0033437019753121966,-0.0033493046393407726,-0.33437019753121966,-0.33493046393407727
2020-01-08,27.438640594482422,27.551036022939943,27.220874098792038,27.22789846001669,16403507,0.00799995627673411,0.00796812627292009,0.799995627673411,0.796812627292009
2020-01-09,27.319229125976562,27.58616905597841,27.248982667902098,27.58616905597841,21971895,-0.0043519455016248765,-0.0043614427808935,-0.43519455016248765,-0.43614427808935
2020-01-10,27.740713119506836,27.839059854039036,27.37542645885825,27.382450822120212,21557357,0.01542810712508369,0.015310303988194968,1.542810712508369,1.5310303988194969
2020-01-13,27.684511184692383,27.93740234587973,27.54401546749232,27.83203126408766,15392405,-0.0020259729651626035,-0.0020280280245226503,-0.20259729651626035,-0.20280280245226504
2020-01-14,28.148143768310547,28.155168130320806,27.60723964920203,27.69855917976726,20919160,0.016747002702165226,0.016608317880679842,1.6747002702165226,1.6608317880679841
2020-01-15,28.569625854492188,28.7101215570271,28.218388010370717,28.232439557726348,23925800,0.01497370802319642,0.01486270873282889,1.497370802319642,1.486270873282889
2020-01-16,28.527482986450195,28.660954356180866,28.323765162585204,28.65392999321066,16216422,-0.0014750934526279735,-0.0014761824740456234,-0.14750934526279735,-0.14761824740456234
2020-01-17,28.45723533630371,28.66797751428176,28.394013247796725,28.499384336785745,23083970,-0.0024624552463969884,-0.002465492075712463,-0.24624552463969884,-0.2465492075712463
2020-01-21,28.33780860900879,28.562599457499495,28.232437545724842,28.365906052854413,23115696,-0.004196708706364238,-0.004205539604144455,-0.41967087063642383,-0.42055396041444554
2020-01-22,28.23244285583496,28.38698447491577,28.077895587890232,28.323762389940537,18097812,-0.0037182039947977197,-0.003725133697970858,-0.37182039947977197,-0.3725133697970858
2020-01-23,28.597726821899414,28.682024818687246,28.190294035910156,28.232443034304072,27148510,0.012938447017487142,0.012855460357698863,1.2938447017487142,1.2855460357698862
2020-01-24,27.972517013549805,28.780363650611505,27.846072877461975,28.759290569407266,34143698,-0.021862220457006365,-0.022104739991500394,-2.1862220457006365,-2.2104739991500395
2020-01-27,28.211366653442383,28.40103573084285,27.572115799139972,27.68451124336546,31964026,0.008538725341622921,0.008502476625451885,0.8538725341622921,0.8502476625451885
2020-01-28,26.79236602783203,27.740705652721072,26.658894688483272,27.621285860546433,70202408,-0.050298897002822196,-0.05160797231748075,-5.02988970028222,-5.1607972317480755
2020-01-29,26.398984909057617,26.960965009134103,26.37791182038303,26.77832310065776,34165726,-0.0146825822835418,-0.014791438233116985,-1.46825822835418,-1.4791438233116985
2020-01-30,26.306730270385742,26.37769714901109,26.037063550147703,26.32802147528693,32316589,-0.0034946282589911615,-0.0035007487356795994,-0.34946282589911615,-0.35007487356795997
2020-01-31,26.4273681640625,26.576392305680734,26.186085955181177,26.214473272283932,33894005,0.004585818626519522,0.0045753357963031465,0.4585818626519522,0.45753357963031466
2020-02-03,26.618968963623047,26.995085894646575,26.469941984907084,26.583488387702445,20875735,0.007250090072196347,0.0072239345131888625,0.7250090072196347,0.7223934513188862
2020-02-04,26.74671173095703,27.137018099394307,26.704132179987752,27.023474532331957,31150865,0.0047989374610473146,0.0047874592681084,0.47989374610473146,0.47874592681084
2020-02-05,27.087345123291016,27.37120692243235,26.838969615647187,26.860257966605047,29443490,0.012735524118268726,0.012655109360659169,1.2735524118268726,1.265510936065917
2020-02-06,27.151206970214844,27.32152515300392,26.987987756111345,27.27894560730665,21047748,0.0023576266567710835,0.0023548518155486853,0.23576266567710835,0.23548518155486853
2020-02-07,27.002185821533203,27.250561301171352,26.91702672073618,27.222176836428044,21903596,-0.005488564425335407,-0.005503681936056567,-0.5488564425335407,-0.5503681936056567
2020-02-10,26.831867218017578,27.12282509697945,26.767999320018276,27.11572898089992,19998385,-0.0063075857873625685,-0.006327562654769274,-0.6307585787362568,-0.6327562654769273
2020-02-11,27.03057098388672,27.0589583026462,26.796387730576377,26.888642949940166,16027335,0.007405513908316896,0.007378227719553073,0.7405513908316896,0.7378227719553073
2020-02-12,26.78219223022461,27.10153454756779,26.767997145934956,27.030567685969345,22944315,-0.009188808990019948,-0.00923128650744555,-0.9188808990019948,-0.9231286507445551
2020-02-13,26.207378387451172,26.668648772451146,26.178991069014888,26.668648772451146,22099745,-0.02146253890765304,-0.021696208676122396,-2.146253890765304,-2.1696208676122395
2020-02-14,25.909330368041992,26.285444591173107,25.84546245341298,26.235768912398488,21006747,-0.011372675854975811,-0.011437839258962582,-1.1372675854975811,-1.1437839258962583
2020-02-18,25.774492263793945,26.02287062582986,25.739011678705875,25.937711515050722,17988513,-0.005204229608896549,-0.005217818779755291,-0.5204229608896549,-0.5217818779755291
2020-02-19,25.710622787475586,25.902229348387316,25.69643055430693,25.831262475976605,17750941,-0.0024780110376054765,-0.0024810863885095643,-0.24780110376054765,-0.24810863885095644
2020-02-20,25.440956115722656,25.589983123990386,25.128709866004666,25.341604776877503,42953135,-0.010488531296266035,-0.010543923603719738,-1.0488531296266035,-1.0543923603719738
2020-02-21,25.348705291748047,25.41967217654167,25.21387334655174,25.37709261632234,32425256,-0.003626075354832947,-0.003632665501808655,-0.3626075354832947,-0.3632665501808655
2020-02-24,24.603567123413086,25.121612134102534,24.553891457184637,24.866137686825304,37969296,-0.029395511911116445,-0.02983621798618398,-2.9395511911116445,-2.983621798618398
2020-02-25,24.07842445373535,24.653241209956178,23.92230134891879,24.610661662591053,41878898,-0.021344167983592954,-0.021575248805044567,-2.1344167983592954,-2.157524880504457
2020-02-26,24.639049530029297,24.986776325846193,24.142292888457426,24.298415996768096,47920005,0.023283295689513928,0.023016375015167796,2.3283295689513928,2.3016375015167796
2020-02-27,24.19906997680664,25.341607649767717,24.19906997680664,24.440352234681587,55444827,-0.017857001857414345,-0.01801836193932868,-1.7857001857414345,-1.8018361939328682
2020-02-28,23.716501235961914,24.085517754552296,23.084912774828823,23.766176893201767,66057447,-0.0199416234304558,-0.0201431411635117,-1.9941623430455802,-2.01431411635117
2020-03-02,24.752599716186523,24.802275393641676,23.737799240509425,24.06423920283727,42034469,0.0436868183007344,0.04275946198614428,4.36868183007344,4.275946198614428
2020-03-03,24.34099769592285,25.391279998585276,24.02875145171058,24.96549018434739,46174475,-0.0166286380009818,-0.01676844584483036,-1.66286380009818,-1.6768445844830357
2020-03-04,25.83126449584961,25.8738440519688,24.802273298269508,24.908720761925515,38712155,0.061224556961211984,0.059423483761171576,6.122455696121198,5.942348376117158
2020-03-05,25.16419219970703,25.675141104728738,24.951297298161915,25.29902411560102,35096303,-0.025824221506839495,-0.02616352089028787,-2.5824221506839495,-2.616352089028787
2020-03-06,24.85194969177246,24.958397158513467,24.21326489132643,24.624859670316706,40931036,-0.012408207084756206,-0.012485831676014768,-1.2408207084756206,-1.2485831676014767
2020-03-09,23.957788467407227,24.617761566636553,23.531998634798942,23.744893551103083,43183856,-0.03597952013645256,-0.036642739925526566,-3.597952013645256,-3.6642739925526566
2020-03-10,24.546796798706055,24.596472467884382,23.42555046384107,24.532604565593303,40548329,0.02458525469077122,0.024287901135758377,2.458525469077122,2.428790113575838
2020-03-11,22.829442977905273,24.042945914306255,22.467521074533785,23.95778681235405,65350213,-0.06996244091983961,-0.07253030754263298,-6.996244091983961,-7.253030754263298
2020-03-12,21.303693771362305,22.708800310890375,21.289500113129513,21.63013221765779,62731445,-0.06683252009344309,-0.06917058737760252,-6.68325200934431,-6.917058737760253
2020-03-13,23.2126522064209,23.333291877048723,21.452718542601477,22.190755930642673,60553038,0.08960692242134694,0.08581700956964294,8.960692242134694,8.581700956964294
2020-03-16,21.417238235473633,22.90750393407442,21.041124109436208,21.246922889335018,50995050,-0.07734635210924468,-0.08050136095722339,-7.734635210924468,-8.050136095722339
2020-03-17,22.822351455688477,23.17007976985058,21.708199629528725,22.453331935110675,54220606,0.06560664847475706,0.06354425996879302,6.560664847475706,6.354425996879303
2020-03-18,22.964271545410156,23.14168440206461,21.509489544783236,21.835927945582913,43884976,0.006218469205385269,0.006199214308516316,0.6218469205385269,0.6199214308516316
2020-03-19,21.587556838989258,22.886216100014856,21.29660036134654,22.86492632328161,59820929,-0.059950288590628564,-0.06182252063836746,-5.995028859062856,-6.182252063836746
2020-03-20,20.58694839477539,21.764967863669263,20.515982954005857,21.488203643317302,52488989,-0.0463511666316343,-0.04745977449357431,-4.63511666316343,-4.745977449357431
2020-03-23,20.217931747436523,20.99144982536012,19.785044384214004,20.409536881116342,52853041,-0.017924786144240645,-0.018087381039588672,-1.7924786144240645,-1.8087381039588672
2020-03-24,21.076608657836914,21.324985590897196,20.50888934228115,20.941775302559396,44466784,0.042471055948107184,0.04159391022683604,4.247105594810718,4.159391022683604
2020-03-25,21.11209487915039,21.80045687998848,20.57985746885896,20.934683360148057,44601275,0.0016836779526330226,0.0016822621558500472,0.16836779526330226,0.16822621558500472
2020-03-26,22.531391143798828,22.7017065000345,21.204344596568053,21.211442139725918,43269967,0.06722669032953643,0.06506340554558626,6.722669032953643,6.506340554558626
2020-03-27,21.928186416625977,22.524291535437076,21.75786964936444,21.85722097804686,38290344,-0.026771748061320544,-0.027136638553029127,-2.6771748061320544,-2.713663855302913
2020-03-30,23.184263229370117,23.31200043301757,22.034631249826134,22.034631249826134,29943508,0.05728138154607176,0.055700879167901174,5.728138154607176,5.570087916790118
2020-03-31,23.162981033325195,23.41845408179846,22.879120663935208,22.992664241034436,29466151,-0.0009179586961366448,-0.0009183802782369335,-0.09179586961366448,-0.09183802782369335
2020-04-01,22.531391143798828,22.907505292133987,22.375268020595207,22.652030831138635,26709625,-0.027267210926680052,-0.027645860336635086,-2.726721092668005,-2.7645860336635084
2020-04-02,23.326200485229492,23.418454285765634,22.531392585328543,22.63784004644667,27186876,0.035275644382456006,0.03466771433447435,3.5275644382456006,3.4667714334474353
2020-04-03,23.872629165649414,24.050042059406707,23.155881474329668,23.155881474329668,32837370,0.023425533050954073,0.023155366316394227,2.3425533050954073,2.315536631639423
2020-04-06,24.532608032226562,24.76679132481352,23.971983358931936,24.071334711327648,40503217,0.027645839174128328,0.027270593252192023,2.764583917412833,2.7270593252192024
2020-04-07,23.851341247558594,24.958395394057685,23.837147587230287,24.83775570115568,24226295,-0.027769847534067416,-0.028162720177860926,-2.7769847534067416,-2.8162720177860927
2020-04-08,24.55389404296875,24.695824940465926,23.730700258724394,24.12100808687876,25523980,0.029455483786768877,0.029030005935718656,2.9455483786768877,2.9030005935718655
2020-04-09,25.114517211914062,25.38418390428125,24.731304096138466,24.859042752491554,30648107,0.02283235269991124,0.022575595436302196,2.283235269991124,2.2575595436302196
2020-04-13,24.937101364135742,25.5332093508136,24.639050224080307,25.51901426545211,18270141,-0.007064274669558723,-0.0070893447958026365,-0.7064274669558723,-0.7089344795802637
2020-04-14,25.859647750854492,25.994482515146384,25.07903218904652,25.497725860685183,21845309,0.0369949327007808,0.03632704273668641,3.6994932700780803,3.632704273668641
2020-04-15,25.5261173248291,25.710624931257254,25.249351635260957,25.589985232697156,21312196,-0.012897717294481303,-0.012981615023719462,-1.2897717294481303,-1.2981615023719462
2020-04-16,25.462238311767578,25.731907796764087,25.249343452347297,25.63255648193022,20657451,-0.002502496257015485,-0.002505632734548554,-0.2502496257015485,-0.2505632734548554
2020-04-17,26.19318389892578,26.257051800259436,25.625463196805594,25.902228858057516,24404843,0.028707043670249233,0.028302716288253336,2.8707043670249233,2.830271628825334
2020-04-20,25.60417366027832,26.19318268443819,25.60417366027832,25.817068557041733,22530620,-0.022487156999329794,-0.02274384858931566,-2.2487156999329794,-2.274384858931566
2020-04-21,25.277734756469727,25.497725765502686,25.100323296700704,25.39127831898458,23975233,-0.012749441092684943,-0.012831412690124416,-1.2749441092684943,-1.2831412690124417
2020-04-22,25.724811553955078,26.25704875889231,25.63255919750706,26.228664296380096,20182624,0.017686584727333088,0.017531997176751635,1.7686584727333088,1.7531997176751635
2020-04-23,26.037059783935547,26.54091256550154,25.74610475416638,25.74610475416638,20185365,0.012138018166841125,0.012064943153938208,1.2138018166841125,1.2064943153938208
2020-04-24,26.526723861694336,26.562204447310435,26.10093400802974,26.143510710769057,17353794,0.01880642752377537,0.01863177301941548,1.880642752377537,1.863177301941548
2020-04-27,27.200883865356445,27.349910855416283,26.661550537478014,26.675745622209924,23394057,0.025414371076392994,0.025096795362282688,2.5414371076392994,2.5096795362282687
2020-04-28,26.90283966064453,27.83247956553873,26.526725457499968,27.711839860618646,35666728,-0.010957151472989812,-0.011017623194785331,-1.0957151472989812,-1.101762319478533
2020-04-29,27.051860809326172,27.357008064077664,26.760902933306742,27.293140166724257,26518535,0.005539234912054214,0.00552394976969957,0.5539234912054214,0.552394976969957
2020-04-30,27.22217559814453,27.32862304265695,26.512524065872785,26.96670116065804,29450973,0.006295862233611782,0.006276126087036996,0.6295862233611782,0.6276126087036995
2020-05-01,26.71122932434082,26.924124234097604,26.533817850638066,26.86025633182731,22679867,-0.018769487102953564,-0.018947869550698864,-1.8769487102953564,-1.8947869550698864
2020-05-04,26.697036743164062,26.909931650145182,26.54800973762055,26.682841656957304,19893512,-0.0005313338822569014,-0.0005314750901253504,-0.05313338822569014,-0.053147509012535045
2020-05-05,27.328624725341797,27.57700020897487,27.15830937429191,27.541519627475054,24123952,0.02365760620752999,0.023382101765599482,2.365760620752999,2.338210176559948
2020-05-06,27.328624725341797,27.68345051332509,27.328624725341797,27.65506319484165,24047432,0.0,0.0,0.0,0.0
2020-05-07,26.49005889892578,27.586645238032986,26.439888169095287,27.529304791038893,33546080,-0.030684523456404156,-0.03116515088908152,-3.0684523456404156,-3.116515088908152
2020-05-08,26.676403045654297,26.791081048379965,26.547394254951378,26.697906431917367,19893618,0.007034493484500137,0.007009866858320719,0.7034493484500137,0.7009866858320719
2020-05-11,27.30712127685547,27.385962229927404,26.633404166628903,26.69790856713924,25620421,0.023643301164769204,0.023368127227016016,2.3643301164769204,2.336812722701602
2020-05-12,26.776744842529297,27.407460897925155,26.762411172648186,27.321455996919575,19335314,-0.019422641769848537,-0.019613739741802576,-1.9422641769848537,-1.9613739741802576
2020-05-13,26.554563522338867,26.819750844604215,26.22487179881311,26.740912772334642,24596882,-0.008297547797428306,-0.00833216406691569,-0.8297547797428306,-0.8332164066915689
2020-05-14,27.178112030029297,27.206779371244053,26.361049579622822,26.375383250230204,22362507,0.02348178335395623,0.023210327576794736,2.348178335395623,2.3210327576794736
2020-05-15,27.063434600830078,27.357289231893454,26.79824730854419,27.20677705815517,25460002,-0.004219477389471038,-0.004228404504882082,-0.4219477389471038,-0.42284045048820823
2020-05-18,27.28562355041504,27.565144568916462,26.970265469437233,27.47913965338032,22635177,0.008209931697957806,0.008176413538283859,0.8209931697957806,0.8176413538283859
2020-05-19,27.006101608276367,27.249785555967165,26.740914271147417,27.127943582121766,19476234,-0.010244293725675924,-0.010297127643156715,-1.0244293725675924,-1.0297127643156716
2020-05-20,26.970264434814453,27.37879713352723,26.912926866083453,27.199614709738466,17504200,-0.0013270028374229303,-0.0013278840853868338,-0.13270028374229303,-0.13278840853868337
2020-05-21,26.705074310302734,26.984595288894308,26.554562127455274,26.92725772615037,17652181,-0.009832685369202343,-0.009881345455609706,-0.9832685369202343,-0.9881345455609706
2020-05-22,26.87708854675293,26.89859193509495,26.490059255507298,26.597567552059925,15781226,0.0064412566110640945,0.0064206003716754875,0.6441256611064095,0.6420600371675488
2020-05-26,26.869918823242188,27.142272953121704,26.84124860244068,26.984593943010527,23260094,-0.0002667596789091009,-0.00026679526560111717,-0.02667596789091009,-0.026679526560111716
2020-05-27,26.812585830688477,26.905760462016445,26.497227756747147,26.812585830688477,25904158,-0.0021337240700600724,-0.002136003702578749,-0.21337240700600724,-0.2136003702578749
2020-05-28,27.36446189880371,27.550811167449485,27.03477014228211,27.12077794038315,22521767,0.020582724530939567,0.020373762727029447,2.0582724530939567,2.0373762727029447
2020-05-29,27.371631622314453,27.543644336832102,26.93442867721788,27.428969193820336,48333067,0.00026200856926239524,0.00026197425101153143,0.026200856926239524,0.026197425101153145
2020-06-01,25.414974212646484,25.608487401592605,25.02077523636124,25.443641552467128,76884979,-0.07148486566919976,-0.07416859855829572,-7.148486566919976,-7.416859855829571
2020-06-02,25.91668128967285,25.916681289672848,25.264464660311692,25.46514758679796,42690900,0.01974060932852395,0.019548290375408485,1.974060932852395,1.9548290375408486
2020-06-03,25.91668128967285,26.095863709058115,25.472314422498297,26.00985591721565,38751996,0.0,0.0,0.0,0.0
2020-06-04,25.809171676635742,26.009854592904087,25.586988254361103,25.59415508969653,27013388,-0.004148278548301243,-0.004156906524858516,-0.4148278548301243,-0.41569065248585163
2020-06-05,25.794843673706055,26.153205691251756,25.716002704254933,25.97402324161905,36705655,-0.0005551515991758516,-0.0005553057528799757,-0.055515159917585155,-0.05553057528799757
2020-06-08,26.224878311157227,26.23204514844153,25.572661537647292,25.658666466778797,30194149,0.0166713410978927,0.016533899741846644,1.66713410978927,1.6533899741846645
2020-06-09,25.952516555786133,26.27504143032027,25.923846333247553,26.160366303604004,21675088,-0.010385625135778787,-0.010439932075425137,-1.0385625135778787,-1.0439932075425138
2020-06-10,25.744667053222656,26.124529494733657,25.723163665684115,26.06002509555614,29557217,-0.00800883806842756,-0.008041081080125636,-0.800883806842756,-0.8041081080125636
2020-06-11,23.86685562133789,25.572656194486946,23.852521949764167,25.51531862647279,63166642,-0.07293982198343119,-0.07573679856906877,-7.293982198343119,-7.573679856906877
2020-06-12,24.189382553100586,24.440233338638112,23.68767521858688,24.42589966671467,37902472,0.013513591269825431,0.013423097051698836,1.3513591269825431,1.3423097051698836
2020-06-15,23.909854888916016,24.167875335887505,23.4798217712031,23.866851000800985,36247482,-0.011555799887448592,-0.011623087016314438,-1.1555799887448592,-1.1623087016314437
2020-06-16,23.938522338867188,24.339888096708126,23.45115169128786,24.07469938919496,55616945,0.0011989805075922622,0.0011982623044805014,0.11989805075922622,0.11982623044805014
2020-06-17,24.05320167541504,24.20371386106876,23.88118898397609,24.07470362205979,27509822,0.004790577084269554,0.004779138786022584,0.4790577084269554,0.4779138786022584
2020-06-18,23.8238525390625,23.988698402981775,23.637504727488626,23.8453544867171,32278855,-0.009535077261126457,-0.009580827161803787,-0.9535077261126457,-0.9580827161803788
2020-06-19,23.952857971191406,24.182209631989974,23.737839978709392,24.146372579479987,43986266,0.005414969384879509,0.005400361149861933,0.5414969384879509,0.5400361149861933
2020-06-22,23.730680465698242,23.90986146094936,23.587336534013197,23.88835951098167,23332503,-0.009275615701490936,-0.009318902104771381,-0.9275615701490936,-0.9318902104771382
2020-06-23,23.486995697021484,23.831022583235587,23.465493746471896,23.79518551869967,37690408,-0.01026876448102676,-0.010321851984434676,-1.026876448102676,-1.0321851984434676
2020-06-24,23.071292877197266,23.458323610067616,22.935115797352026,23.443989938957372,30817695,-0.0176992760243464,-0.01785778128066079,-1.76992760243464,-1.785778128066079
2020-06-25,23.16446876525879,23.207472662652297,22.813275072744023,23.01395656524118,27418651,0.004038607136473749,0.004030473853408398,0.40386071364737486,0.40304738534083984
2020-06-26,22.963783264160156,23.135797393640413,22.65559350349976,23.114295447347946,42153992,-0.008663505437241592,-0.008701251768964737,-0.8663505437241592,-0.8701251768964737
2020-06-29,23.39381980895996,23.41532031617733,23.07846174612315,23.264809561357662,23956261,0.018726728947619398,0.01855354256123276,1.8726728947619398,1.855354256123276
2020-06-30,23.43682289123535,23.565833142288927,23.099964312169547,23.314980916972285,25451676,0.0018382240534706717,0.0018365365872794496,0.18382240534706717,0.18365365872794495
2020-07-01,24.18221092224121,24.755586502682057,24.1678758123005,24.755586502682057,73503009,0.031804141477069114,0.031308863657407954,3.1804141477069114,3.1308863657407953
2020-07-02,24.734086990356445,24.977770901380516,24.397228463131942,24.812925055182212,45270881,0.022821572017952096,0.022565055352440522,2.2821572017952096,2.2565055352440524
2020-07-06,24.734086990356445,25.078112352408855,24.64091237415601,25.049445013097255,27150935,0.0,0.0,0.0,0.0
2020-07-07,24.39006233215332,24.61941258014019,24.339891605191326,24.40439600222276,25148018,-0.013908928934278308,-0.014006564480790452,-1.3908928934278308,-1.400656448079045
2020-07-08,24.189382553100586,24.633749436481875,24.0603723014913,24.3757289332633,24256545,-0.008227932193030085,-0.008261968454393809,-0.8227932193030085,-0.8261968454393809
2020-07-09,23.98153305053711,24.282557454599367,23.723512544443658,24.175049150537042,20363702,-0.008592592312234748,-0.008629721477073192,-0.8592592312234748,-0.8629721477073191
2020-07-10,24.246721267700195,24.397233475163087,24.003035865755326,24.124877846297895,24459019,0.011058017709053347,0.010997324849809755,1.1058017709053347,1.0997324849809755
2020-07-13,25.23579216003418,25.60132091982254,24.741254605835323,24.89176678712688,56569129,0.04079194384320961,0.03998190783571142,4.079194384320961,3.998190783571142
2020-07-14,25.25012969970703,25.38630533449908,24.999276054407108,25.350471157827002,32854129,0.0005681430399302467,0.0005679817077769373,0.05681430399302467,0.056798170777693724
2020-07-15,25.6013240814209,25.802007014592686,25.422144537785698,25.794840178653594,26294454,0.013908616941398888,0.013812779748250523,1.3908616941398888,1.3812779748250523
2020-07-16,25.51531982421875,25.543987168711908,25.271632987429946,25.51531982421875,18421812,-0.0033593675439842485,-0.003365022888270797,-0.33593675439842485,-0.33650228882707967
2020-07-17,25.981182098388672,26.038522539497166,25.6084865214964,25.701661136149173,23347365,0.018258139712900245,0.018093461340017804,1.8258139712900245,1.8093461340017805
2020-07-20,26.160364151000977,26.96309285368143,26.03135248277162,26.869918240246694,36815693,0.006896608935411663,0.006872936107176116,0.6896608935411663,0.6872936107176115
2020-07-21,26.29654312133789,26.576066997243153,26.174701153924307,26.475725536413442,23588520,0.005205545670192935,0.005192043653968694,0.5205545670192935,0.5192043653968694
2020-07-22,27.63681411743164,27.758658969691915,26.89142285932307,27.400297012061465,90705554,0.05096757356696857,0.049711238485425864,5.096757356696857,4.971123848542587
2020-07-23,27.529308319091797,28.25319913582325,27.36446243758533,28.117023481488097,59639536,-0.003889949032585327,-0.0038975345622626425,-0.3889949032585327,-0.3897534562262642
2020-07-24,26.99176788330078,27.342963051546615,26.75525074673085,27.256955248219583,33870501,-0.019526114843148035,-0.019719267910680828,-1.9526114843148035,-1.9719267910680829
2020-07-27,26.905759811401367,27.056272008740972,26.68357637416068,26.776748121516302,27640307,-0.0031864556731249216,-0.0031915432334015488,-0.31864556731249216,-0.31915432334015487
2020-07-28,27.966510772705078,28.19586105909718,27.278457031809346,27.622482461397496,56393954,0.039424679649976424,0.03866736744152388,3.9424679649976424,3.866736744152388
2020-07-29,28.138521194458008,28.274699716980614,27.557975807832822,28.167191418780366,37033660,0.0061505857184303014,0.006131748068350657,0.6150585718430301,0.6131748068350656
2020-07-30,28.037199020385742,28.18194538587122,27.646387034447482,27.70428499866485,32273796,-0.003600835074880293,-0.00360733368647443,-0.3600835074880293,-0.360733368647443
2020-07-31,27.849027633666992,28.044435075820306,27.400317696733044,27.70428418233064,28472124,-0.006711490209201365,-0.006734113540610924,-0.6711490209201365,-0.6734113540610924
2020-08-03,27.754940032958984,27.979294959147193,27.660854770401517,27.94310764819044,31036400,-0.0033784878217529846,-0.0033842077986156733,-0.33784878217529846,-0.3384207798615673
2020-08-04,27.783897399902344,27.993778640039164,27.56677927698626,27.72599942778369,29448549,0.0010433229871500416,0.001042779103986616,0.10433229871500416,0.10427791039866159
2020-08-05,27.827320098876953,27.885218067858904,27.59572822294916,27.841793863651354,24292697,0.0015628728521996926,0.0015616528374102008,0.15628728521996926,0.1561652837410201
2020-08-06,27.697050094604492,28.297743334930267,27.6102016871349,28.058911669331046,20922111,-0.004681370818662378,-0.004692362753331093,-0.4681370818662378,-0.4692362753331093
2020-08-07,27.827320098876953,27.950352919228052,27.617438870110757,27.718761043300255,23097251,0.00470338912727164,0.004692362753331131,0.470338912727164,0.46923627533311313
2020-08-10,27.783897399902344,27.97930487448063,27.68981210400284,27.899693344139656,19964552,-0.0015604340921194781,-0.0015616528374102067,-0.15604340921194781,-0.15616528374102068
2020-08-11,27.349658966064453,27.921404668615907,27.26281346977647,27.90692799433101,21326847,-0.01562914041855834,-0.015752563116472836,-1.562914041855834,-1.5752563116472835
2020-08-12,27.740467071533203,27.899687187193692,27.364128880870577,27.37860555311889,19957595,0.014289322801197102,0.01418819267694895,1.4289322801197102,1.418819267694895
2020-08-13,27.62467384338379,27.631910725270853,27.414792629122275,27.55230211462898,15340021,-0.0041741628881309945,-0.00418289902522075,-0.41741628881309945,-0.41828990252207504
2020-08-14,27.54506492614746,27.783893665298915,27.450979642894534,27.50887760723077,12901276,-0.002881804783928521,-0.0028859651782201083,-0.2881804783928521,-0.28859651782201085
2020-08-17,27.754940032958984,27.79836131424691,27.465447365071928,27.530585106770776,17494187,0.007619336072513638,0.007590455538978063,0.7619336072513638,0.7590455538978063
2020-08-18,27.762182235717773,27.83455396162285,27.624672755625685,27.827317080020745,10846398,0.0002609338283632301,0.00026089979105269973,0.02609338283632301,0.026089979105269973
2020-08-19,27.689804077148438,27.94310945041599,27.588484837725087,27.849024181790373,15690055,-0.0026070774247788364,-0.0026104817693420844,-0.26070774247788364,-0.26104817693420845
2020-08-20,28.022729873657227,28.07339096442955,27.59573049852674,27.63191491344655,21957455,0.012023407445614254,0.011951700484752697,1.2023407445614254,1.1951700484752696
2020-08-21,28.13852310180664,28.225371508990165,27.914168111447573,28.160233748660367,25467170,0.004132118058143508,0.004123604303488318,0.4132118058143508,0.4123604303488318
2020-08-24,28.109569549560547,28.254315908873867,27.892451465532567,28.23984214590773,25011947,-0.001028964887081596,-0.0010294946348767832,-0.1028964887081596,-0.10294946348767832
2020-08-25,27.798370361328125,27.90692941964584,27.46545630380504,27.87074500679622,26221201,-0.011070933963742813,-0.011132672847453054,-1.1070933963742813,-1.1132672847453053
2020-08-26,27.53782844543457,27.69704857714932,27.25557259156468,27.63915061196979,24083689,-0.009372560783491468,-0.009416759618946637,-0.9372560783491468,-0.9416759618946637
2020-08-27,27.40031623840332,27.501638394876505,27.27004655715715,27.47268796021965,22156556,-0.004993574831208103,-0.005006084388321303,-0.4993574831208103,-0.5006084388321304
2020-08-28,27.436506271362305,27.54506531977962,27.067404924766592,27.40755583383841,32830519,0.0013207888786430644,0.001319917404283452,0.13207888786430644,0.13199174042834522
2020-08-31,27.349658966064453,27.51611598632439,27.139777742718387,27.385846286950276,30032465,-0.0031653922856971217,-0.0031704127371231378,-0.31653922856971217,-0.3170412737123138
2020-09-01,26.69106674194336,27.371371471135514,26.423287561396723,27.349657915484393,36145560,-0.02408045471200493,-0.02437512907340225,-2.408045471200493,-2.4375129073402246
2020-09-02,26.92265510559082,26.995026825296684,26.343672618292526,26.611451764053154,29068688,0.00867662450086848,0.008639198923813473,0.867662450086848,0.8639198923813473
2020-09-03,26.34367561340332,27.132539378409657,26.126557519716968,27.045690976981465,35956788,-0.021505289501230096,-0.02173989788491971,-2.1505289501230096,-2.173989788491971
2020-09-04,26.314729690551758,26.510137150736814,25.960102091297028,26.40881497952118,26872257,-0.0010987807197578858,-0.0010993848218506393,-0.10987807197578858,-0.10993848218506393
2020-09-08,26.003520965576172,26.495655046421163,25.822590216847246,26.43775709043256,26736818,-0.011826407819318208,-0.011896896080075133,-1.1826407819318208,-1.1896896080075132
2020-09-09,26.18445587158203,26.52460674295489,26.15550543726672,26.264064473652425,27490533,0.006958092569286478,0.0069339967525622785,0.6958092569286478,0.6933996752562278
2020-09-10,25.800880432128906,26.285777703015675,25.750219349505862,26.198932211293403,21650741,-0.014648975000065567,-0.014757330736644198,-1.4648975000065567,-1.4757330736644199
2020-09-11,26.1048526763916,26.133800210045493,25.65614262567818,25.866020974323177,24109301,0.011781467886815555,0.011712606723392414,1.1781467886815555,1.1712606723392414
2020-09-14,26.78514862060547,27.16872368290075,26.256827208617775,26.31472516651798,29565543,0.026060133441362154,0.025726354623073672,2.6060133441362154,2.572635462307367
2020-09-15,26.74896240234375,27.031215322414305,26.640403363094777,26.915419401866586,22003726,-0.0013509806786691225,-0.0013518940758134698,-0.13509806786691225,-0.13518940758134698
2020-09-16,26.61869239807129,27.00226747146463,26.575268200918785,26.98055391794644,22208412,-0.00487009560643914,-0.004881993165932968,-0.487009560643914,-0.4881993165932968
2020-09-17,26.64764404296875,26.756203097692627,26.452236580512036,26.618696513647357,17894390,0.0010876433922637485,0.0010870523367223284,0.10876433922637485,0.10870523367223284
2020-09-18,26.5101375579834,26.828574931130255,26.466713353954717,26.618696613112927,31694623,-0.005160174188893585,-0.005173533866382956,-0.5160174188893585,-0.5173533866382956
2020-09-21,26.068660736083984,26.401577683380967,25.605477000512966,26.32196616015204,26608968,-0.01665313206820629,-0.01679335441266991,-1.6653132068206289,-1.679335441266991
2020-09-22,26.2351131439209,26.293014010575344,25.866011850830322,25.916672926740155,22727297,0.006385153787609621,0.006364855054365298,0.6385153787609621,0.6364855054365298
2020-09-23,26.054182052612305,26.32919807115377,26.03247141031312,26.300247638204493,23102521,-0.006896524147467553,-0.006920415076399134,-0.6896524147467553,-0.6920415076399133
2020-09-24,25.880496978759766,26.083138438727453,25.721276818144997,26.018003579813385,20859925,-0.006666303071875768,-0.0066886221158392045,-0.6666303071875768,-0.6688622115839205
2020-09-25,26.09037971496582,26.162751461219404,25.70680451301758,25.721278280291326,14365598,0.00810968724357597,0.008076980438964959,0.8109687243575969,0.8076980438964959
2020-09-28,26.336441040039062,26.473950536039318,26.169984014281518,26.169984014281518,15044269,0.009431113221096465,0.00938691792937213,0.9431113221096465,0.9386917929372129
2020-09-29,26.177215576171875,26.444994721422272,26.07589342284645,26.365386120885887,13512491,-0.006045823109702586,-0.006064173096137498,-0.6045823109702586,-0.6064173096137498
2020-09-30,26.560792922973633,26.74896348388491,26.2351157920586,26.249592465125335,22629275,0.014653099589053031,0.014546780271884635,1.4653099589053031,1.4546780271884634
2020-10-01,26.321969985961914,26.843054674101467,26.169986709430823,26.712782047124243,22520396,-0.008991559013479256,-0.009032227043095295,-0.8991559013479256,-0.9032227043095296
2020-10-02,26.329204559326172,26.53184891025662,26.075899120663113,26.097612678196757,21461759,0.0002748492368966904,0.0002748114727646492,0.02748492368966904,0.027481147276464918
2020-10-05,26.59697914123535,26.691064417801293,26.300249548953197,26.43775902315603,19400029,0.010170249591316738,0.010118880599660223,1.0170249591316738,1.0118880599660223
2020-10-06,26.177215576171875,26.799622258061255,26.119317618540745,26.777908705272218,25233392,-0.015782377496122657,-0.015908245301214152,-1.5782377496122657,-1.5908245301214152
2020-10-07,26.39433479309082,26.481183188257898,26.07589455732342,26.2423544663743,22160034,0.008294205939786137,0.008259998035140997,0.8294205939786137,0.8259998035140997
2020-10-08,26.69830322265625,26.908184434786172,26.423287164320104,26.488422010526328,17857395,0.01151642698890809,0.011450617720097632,1.151642698890809,1.1450617720097633
2020-10-09,26.625930786132812,26.86475951916188,26.481184424060746,26.6548783126168,23667465,-0.002710750414356755,-0.002714431151472433,-0.2710750414356755,-0.2714431151472433
2020-10-12,26.64764404296875,26.908186356282926,26.39433861198492,26.560795635235912,19413837,0.0008154928746095802,0.0008151605409601864,0.08154928746095802,0.08151605409601864
2020-10-13,26.705541610717773,26.871998631470692,26.510137061077884,26.53908458996485,21543233,0.0021727086888305713,0.002170351770621019,0.21727086888305713,0.21703517706210187
2020-10-14,26.676591873168945,26.995029213982317,26.46671066657819,26.785150917275608,22120298,-0.0010840348408140965,-0.0010846228315555216,-0.10840348408140965,-0.10846228315555216
2020-10-15,26.452234268188477,26.58974375009768,26.350915014536103,26.510135141538512,16089205,-0.008410279920581853,-0.008445845878249866,-0.8410279920581853,-0.8445845878249866
2020-10-16,27.4654541015625,27.58848982503921,26.79238915791429,26.828573567862563,42993503,0.038303752458162865,0.03758837436115555,3.8303752458162865,3.758837436115555
2020-10-19,27.356901168823242,28.116817595913613,27.24110521132895,27.80561414146968,31931352,-0.003952344364591576,-0.0039601755186687015,-0.39523443645915757,-0.39601755186687015
2020-10-20,27.132537841796875,27.422030556906414,27.03121568249693,27.40755388423217,22384852,-0.008201342894861852,-0.008235158925662733,-0.8201342894861852,-0.8235158925662733
2020-10-21,26.835813522338867,27.10358979711536,26.821336848387645,27.03121806689611,18984859,-0.010936106352753772,-0.010996345151706926,-1.0936106352753772,-1.0996345151706926
2020-10-22,27.089113235473633,27.190435393247267,26.7996234346089,26.83581075092346,19243616,0.00943886843318209,0.009394600655011855,0.943886843318209,0.9394600655011855
2020-10-23,27.631914138793945,27.704288786373745,27.24833898220524,27.450983339613465,30557884,0.020037603246809255,0.019839492544892447,2.0037603246809255,1.9839492544892448
2020-10-26,27.443742752075195,27.51611448000069,27.12530249338842,27.407555433170387,33783124,-0.006809929481308208,-0.006833222862164328,-0.6809929481308208,-0.6833222862164328
2020-10-27,27.089113235473633,27.588487143055676,26.683827514263008,26.80686031589503,36851529,-0.012922053664664479,-0.013006269682728212,-1.292205366466448,-1.300626968272821
2020-10-28,25.656137466430664,26.871997652858976,25.562052181205804,26.6331689087019,33857537,-0.05289858536847425,-0.054349101105831285,-5.289858536847425,-5.434910110583129
2020-10-29,25.533103942871094,25.793646265229643,25.040969738364698,25.677850324155717,27545341,-0.004795481148343161,-0.004807016360769467,-0.47954811483431614,-0.4807016360769467
2020-10-30,25.6778507232666,25.714038046621326,25.21466404188716,25.50415680895599,25631067,0.0056689848879858395,0.005652976664910382,0.566898488798584,0.5652976664910382
2020-11-02,26.22064208984375,26.23511585306011,25.721271069923045,26.003524002062225,21430666,0.02113850463681244,0.02091818584577914,2.113850463681244,2.091818584577914
2020-11-03,26.191692352294922,26.502895729053446,26.112083742597036,26.365389155061433,21636617,-0.0011040819461870521,-0.0011046918936549897,-0.11040819461870521,-0.11046918936549897
2020-11-04,27.01674461364746,27.58849030959835,26.748965425906047,26.82133715695791,40870536,0.031500532697737116,0.03101456995922236,3.1500532697737116,3.101456995922236
2020-11-05,26.607288360595703,27.272652617344644,26.607288360595703,27.23609608003536,33926995,-0.015155647318253251,-0.01527166787812464,-1.5155647318253251,-1.527166787812464
2020-11-06,26.614595413208008,26.848571913631815,26.38793315888673,26.607284106915003,23870676,0.00027462597891503293,0.00027458827610350847,0.027462597891503293,0.027458827610350848
2020-11-09,28.661876678466797,30.701843116757352,28.062317145245437,30.60679024275874,230153864,0.07692325333049355,0.07410813596059533,7.692325333049355,7.410813596059533
2020-11-10,28.28166389465332,29.641640336950314,28.12080633955112,29.57583564163793,80091668,-0.013265453203876398,-0.013354225270071586,-1.3265453203876398,-1.3354225270071585
2020-11-11,28.150053024291992,29.393039683149848,27.711351158857617,28.42789734307981,58980997,-0.004653575930029019,-0.004664437524433576,-0.4653575930029019,-0.4664437524433576
2020-11-12,27.4554443359375,28.03306990595768,27.228782067894677,27.9891991257343,46767877,-0.02467521776087178,-0.024984753464254952,-2.467521776087178,-2.4984753464254954
2020-11-13,28.237794876098633,28.267043042397237,27.572430695759234,27.68941748133433,40175634,0.028495278771980548,0.028096839698764305,2.849527877198055,2.8096839698764304
2020-11-16,27.294588088989258,27.747912647009276,26.94362477003034,27.682107943395053,75530167,-0.03340228198582651,-0.03397288041174948,-3.340228198582651,-3.397288041174948
2020-11-17,27.77434730529785,28.128847139030047,27.604802628378447,28.12114189908335,46984500,0.01757708212135034,0.01742439184986251,1.757708212135034,1.742439184986251
2020-11-18,27.990131378173828,28.83784894604671,27.974717957327666,28.460230424648753,63442700,0.007769186094782388,0.007739161379957792,0.7769186094782388,0.7739161379957792
2020-11-19,27.88995361328125,28.229043089551475,27.63563944588886,28.205921481744692,43261800,-0.0035790387525903578,-0.0035854588348462834,-0.3579038752590358,-0.35854588348462835
2020-11-20,28.282989501953125,28.753088698141163,28.082617906949846,28.282989501953125,60633800,0.0140923823008694,0.01399400782460959,1.40923823008694,1.399400782460959
2020-11-23,28.144262313842773,28.583534513428216,27.905358703267954,28.537294251436812,43673100,-0.0049049690486492326,-0.004917037890370226,-0.49049690486492326,-0.4917037890370226
2020-11-24,28.205907821655273,28.313801746276702,27.758930464601892,27.843702792614305,42485300,0.0021903401526419675,0.002187944854690336,0.21903401526419675,0.2187944854690336
2020-11-25,28.151973724365234,28.17509533033322,27.928486425281687,28.151973724365234,26955800,-0.001912156050110525,-0.001913986554335875,-0.1912156050110525,-0.1913986554335875
2020-11-27,28.691438674926758,28.714557346618992,28.321525228797306,28.34464390048954,25277000,0.019162597828606964,0.018981307584491857,1.9162597828606964,1.8981307584491858
2020-11-30,29.523738861083984,29.9013574581563,28.976572600726723,29.24630310987411,65425900,0.029008659885869204,0.028595872643389093,2.9008659885869204,2.8595872643389093
2020-12-01,30.371450424194336,31.211462749108396,30.063187887785546,30.363745183698356,72499700,0.02871287973041059,0.028308389471539835,2.871287973041059,2.8308389471539837
2020-12-02,31.44266700744629,31.912766184511984,31.05734019867903,31.188352842361226,84347500,0.03527051122980307,0.03466275607489725,3.527051122980307,3.466275607489725
2020-12-03,30.895496368408203,31.61990953995371,30.45622414505056,31.581377456113657,68570100,-0.0174021700801813,-0.01755536775825235,-1.74021700801813,-1.755536775825235
2020-12-04,31.08816146850586,31.172933821587375,30.741366814904076,30.741366814904076,35368100,0.006236025399956491,0.006216661852914194,0.6236025399956491,0.6216661852914194
2020-12-07,31.78946304321289,31.905062266566905,31.111287008477447,31.33477727239634,48253700,0.022558476975793162,0.022307797495897556,2.2558476975793162,2.2307797495897557
2020-12-08,32.79901123046875,32.96084774615856,31.86651834047369,31.90505336404611,87039300,0.031757321156495655,0.03126348548822879,3.1757321156495655,3.1263485488228793
2020-12-09,32.251853942871094,33.19976051547454,31.696985316242433,33.192052332712684,86118500,-0.01668212751149556,-0.016822841333033543,-1.668212751149556,-1.6822841333033542
2020-12-10,32.15937805175781,32.53699965244488,31.943595959828357,32.2287370012795,57749200,-0.002867304660286729,-0.0028714232530183035,-0.2867304660286729,-0.28714232530183037
2020-12-11,31.689268112182617,32.42138945618934,31.35788690320915,32.34432528937159,60737000,-0.014618129082552334,-0.01472602673032284,-1.4618129082552334,-1.472602673032284
2020-12-14,30.217321395874023,32.10542295676376,30.109430382076262,32.07459611287593,94809700,-0.04644937557717588,-0.047562762091674954,-4.644937557717588,-4.7562762091674955
2020-12-15,29.831998825073242,30.19420694172036,29.446672042192493,30.101729336975797,65712800,-0.012751711700475066,-0.01283371262338934,-1.2751711700475066,-1.2833712623389342
2020-12-16,29.161531448364258,29.647044024639687,29.084467266648836,29.423553781930828,56515300,-0.022474772161276357,-0.02273117892498704,-2.2474772161276357,-2.273117892498704
2020-12-17,29.307950973510742,29.377309904468436,28.753082465658935,29.153822628991186,52036400,0.005020982022351905,0.005008418927285303,0.5020982022351905,0.5008418927285303
2020-12-18,29.03822898864746,29.354196859083704,28.899511100181765,29.277132672074,60259200,-0.009203031119680238,-0.0092456406365296,-0.9203031119680238,-0.92456406365296
2020-12-21,28.807024002075195,28.82243742236378,28.44481597481678,28.729956900632278,40891800,-0.007962089790760185,-0.007993956490740882,-0.7962089790760185,-0.7993956490740882
2020-12-22,28.313814163208008,28.768499898468296,28.205920191270025,28.676019351092883,33634400,-0.017121165963955742,-0.01726942784017202,-1.7121165963955742,-1.726942784017202
2020-12-23,28.8532657623291,29.015105230354266,28.421701687088078,28.52188452466344,36182000,0.01905259376259094,0.018873366022112516,1.9052593762590941,1.8873366022112517
2020-12-24,28.722259521484375,28.953455009471156,28.652900581107325,28.822445310875693,14790100,-0.004540430255758676,-0.004550769316939997,-0.4540430255758676,-0.4550769316939997
2020-12-28,28.375459671020508,28.96115793677928,28.267568658856945,28.791613237773912,26993700,-0.012074253775350097,-0.01214773970166299,-1.2074253775350097,-1.214773970166299
2020-12-29,28.552711486816406,28.668310687334564,28.352342871036022,28.437115226108034,23152100,0.00624665883305231,0.006227229330765533,0.624665883305231,0.6227229330765532
2020-12-30,28.313814163208008,28.699140957841806,28.28298731408287,28.537301469839903,24889800,-0.008366887457210592,-0.008402086334274859,-0.8366887457210592,-0.8402086334274859
2020-12-31,28.367755889892578,28.452525303947954,27.967015724227288,28.252156691020183,30796500,0.0019051381199874928,0.0019033256460031314,0.19051381199874928,0.19033256460031314
2021-01-04,28.367755889892578,28.467938726451592,27.95160230172365,28.413993217593738,33565700,0.0,0.0,0.0,0.0
2021-01-05,28.660606384277344,28.799324267745824,28.205920641755135,28.29840119060758,29909400,0.010323357812350276,0.01027043586394373,1.0323357812350276,1.027043586394373
2021-01-06,28.41399574279785,28.884094881603207,28.336931563240586,28.383171834860953,34962500,-0.008604515835184068,-0.00864174841429268,-0.8604515835184068,-0.8641748414292679
2021-01-07,28.5604190826416,28.629778013568796,28.25986175541727,28.545005660234477,27809500,0.00515321185971751,0.0051399795034371264,0.515321185971751,0.5139979503437127
2021-01-08,28.61436653137207,28.92262618098706,28.43711657138622,28.637485196645464,33462400,0.0018888885549741552,0.0018871068482650645,0.18888885549741552,0.18871068482650644
2021-01-11,29.107587814331055,29.153828090234725,28.629783389234266,28.683728907883406,47286900,0.01723684088614119,0.01708997184758808,1.7236840886141191,1.708997184758808
2021-01-12,28.652896881103516,29.122995978530916,28.375461155421135,29.05363704711032,47831100,-0.015621044798623696,-0.015744338993860706,-1.5621044798623696,-1.5744338993860705
2021-01-13,28.406288146972656,28.64518884769047,28.23674343822342,28.5141791653368,31027900,-0.008606764445290627,-0.008644016543099542,-0.8606764445290627,-0.8644016543099542
2021-01-14,28.321516036987305,28.483352565930026,28.213625017692156,28.344634701176325,30272000,-0.0029842726915514373,-0.0029887345123713266,-0.2984272691551437,-0.29887345123713266
2021-01-15,28.282989501953125,28.34464026516234,28.05179399525042,28.267576076198228,34287800,-0.0013603274268180199,-0.001361253512120196,-0.136032742681802,-0.1361253512120196
2021-01-19,28.30610466003418,28.514181472203134,28.221332298801272,28.329223325894063,33451300,0.0008172812877316193,0.0008169474952358407,0.08172812877316193,0.08169474952358406
2021-01-20,28.12885284423828,28.36775648837019,28.098025998580653,28.352343065541376,35400100,-0.00626196426264769,-0.006281652595653455,-0.626196426264769,-0.6281652595653455
2021-01-21,28.113439559936523,28.19821191600781,27.859125431532494,28.044080626770004,33829700,-0.0005479528222180896,-0.0005481030032296899,-0.05479528222180896,-0.05481030032296899
2021-01-22,28.16738510131836,28.383170082413624,27.93618963711113,27.99013514743249,26271200,0.0019188524145836716,0.0019170137689731874,0.19188524145836716,0.19170137689731873
2021-01-25,28.72995948791504,28.73766766865816,27.9901328862937,28.167382825860713,31728500,0.019972545714594947,0.01977571096785521,1.9972545714594947,1.9775710967855211
2021-01-26,28.753084182739258,28.97657147156275,28.637484977636493,28.722257336070534,27718700,0.0008048982747068667,0.0008045745178064862,0.08048982747068667,0.08045745178064863
2021-01-27,27.928482055664062,28.545004221833445,27.87453361005276,28.506472137662158,50561200,-0.028678736577768982,-0.02909800709903695,-2.867873657776898,-2.909800709903695
2021-01-28,27.93627166748047,28.302420065755168,27.920690568427208,28.006385127324755,39466700,0.0002789128245810346,0.00027887393563009343,0.02789128245810346,0.027887393563009344
2021-01-29,27.967439651489258,28.730895832298167,27.749307191407144,28.730895832298167,60251900,0.0011156815905777329,0.0011150596803981337,0.11156815905777329,0.11150596803981337
2021-02-01,27.8895263671875,28.193350347427344,27.8272049472414,27.990802017864304,40395800,-0.0027858568847437537,-0.0027897446061372483,-0.27858568847437537,-0.27897446061372483
2021-02-02,27.258514404296875,27.873951566895865,26.697606639101608,27.858370465441414,84062400,-0.022625409789426176,-0.02288529181308202,-2.2625409789426176,-2.288529181308202
2021-02-03,27.14165687561035,27.492224219122786,27.09491357254498,27.258513647378216,38524200,-0.0042870101779318714,-0.004296225753673627,-0.42870101779318714,-0.4296225753673627
2021-02-04,27.18060874938965,27.328627726507328,27.032592744063194,27.118287315701593,34284900,0.001435132496067304,0.001434103677636215,0.1435132496067304,0.1434103677636215
2021-02-05,27.203977584838867,27.328626389700105,27.094912852376364,27.203977584838867,31749600,0.0008597612976473101,0.0008593919146085091,0.08597612976473101,0.08593919146085091
2021-02-08,27.126075744628906,27.27409174648572,27.063754312401723,27.235140479869838,31633900,-0.002863619482372237,-0.002867727485020786,-0.2863619482372237,-0.2867727485020786
2021-02-09,27.242935180664062,27.313048656146307,27.079335090011202,27.110497295068075,30170200,0.004308011123145716,0.004298758208149237,0.43080111231457163,0.4298758208149237
2021-02-10,27.063753128051758,27.328625889956147,27.032590927406293,27.26630148866522,29039900,-0.006577193368630829,-0.006598918417227883,-0.6577193368630829,-0.6598918417227883
2021-02-11,26.822254180908203,27.118289183744704,26.705397398480486,27.110497146627427,30885200,-0.00892333542952839,-0.008963386826510713,-0.892333542952839,-0.8963386826510713
2021-02-12,27.048168182373047,27.22734635292471,26.767714360017195,26.830035780657052,25578600,0.008422632935364716,0.008387360482140562,0.8422632935364716,0.8387360482140562
2021-02-16,27.02479362487793,27.157231465916738,26.923520950202274,27.149439431378337,28730300,-0.0008641826439969025,-0.0008645562650847434,-0.08641826439969025,-0.08645562650847434
2021-02-17,27.18060874938965,27.266303321028047,26.845622499416578,26.931317071054977,26389400,0.005765636055339973,0.005749078388945728,0.5765636055339973,0.5749078388945729
2021-02-18,26.923526763916016,27.172818430747462,26.892364562614315,27.09491292749321,24052500,-0.009458286524925863,-0.009503300176446669,-0.9458286524925863,-0.950330017644667
2021-02-19,26.830041885375977,27.01701213341864,26.798882653861597,27.00143103176581,28145300,-0.0034722374731875894,-0.0034782796804295572,-0.34722374731875894,-0.34782796804295574
2021-02-22,26.6898136138916,26.775508182821344,26.518427447823242,26.744348952857813,34322500,-0.005226539417398701,-0.005240245552501638,-0.5226539417398701,-0.5240245552501638
2021-02-23,26.41714859008789,26.63527803246514,26.23797040930789,26.48726204967926,37624200,-0.01021607073575792,-0.010268612942654406,-1.021607073575792,-1.0268612942654405
2021-02-24,26.29250717163086,26.526217752131547,26.230182765208667,26.385990809472883,30686100,-0.004718201059133231,-0.004729366905399722,-0.47182010591332313,-0.47293669053997217
2021-02-25,26.347042083740234,26.572963621134317,26.128912583796456,26.347042083740234,37506100,0.0020741617280308766,0.002072013624423875,0.20741617280308766,0.20720136244238752
2021-02-26,26.0899600982666,26.409365267665418,25.98868441866461,26.362621960512634,41462800,-0.009757527416418665,-0.009805444040352133,-0.9757527416418665,-0.9805444040352133
2021-03-01,26.24576187133789,26.432732104597775,26.105534939340735,26.16785934102438,30407800,0.005971713735263284,0.005953953722861048,0.5971713735263284,0.5953953722861047
2021-03-02,26.105539321899414,26.40157433601254,26.09775025627686,26.237977211815103,27670400,-0.00534267399536259,-0.005356997116696571,-0.534267399536259,-0.5356997116696571
2021-03-03,26.791088104248047,26.837831404822204,26.051002190007676,26.10553455478203,46020200,0.026260663451359578,0.0259217724261181,2.626066345135958,2.5921772426118097
2021-03-04,26.64307403564453,27.33641669941948,26.36262015551282,26.689814367805674,45449600,-0.005524750171682857,-0.00554006804825833,-0.5524750171682857,-0.554006804825833
2021-03-05,26.791088104248047,26.91573393398814,26.45610187961073,26.71318557508211,30589900,0.005555442604163963,0.005540068048258307,0.5555442604163963,0.5540068048258306
2021-03-08,26.759925842285156,27.16502553095599,26.74434771392061,26.86120150740061,24352300,-0.0011631577575959007,-0.0011638347505977863,-0.11631577575959007,-0.11638347505977863
2021-03-09,26.837833404541016,27.149446516214418,26.83004136796923,26.907946874730996,25167100,0.0029113519489936124,0.0029071221715001295,0.29113519489936124,0.29071221715001294
2021-03-10,27.211769104003906,27.375366199589255,26.8923639770935,26.985847607172126,33501800,0.013933155252376705,0.01383698115421374,1.3933155252376705,1.383698115421374
2021-03-11,27.040376663208008,27.359781751030113,27.001425403091293,27.3208304909134,24557900,-0.006298467407276354,-0.0063183864367366725,-0.6298467407276354,-0.6318386436736673
2021-03-12,27.219560623168945,27.250722826602647,26.88457436573486,26.92352860592263,16342400,0.006626533431568049,0.006604674471855869,0.6626533431568049,0.6604674471855869
2021-03-15,27.58570671081543,27.601287811191828,27.235139381824094,27.274090646869567,21896100,0.013451579645809009,0.013361910382163951,1.3451579645809009,1.336191038216395
2021-03-16,27.912904739379883,27.93627490477255,27.507805032423935,27.63245086750337,25022400,0.011861143598549617,0.011791351568280563,1.1861143598549617,1.1791351568280564
2021-03-17,27.881738662719727,28.0141735439275,27.359782257758543,27.912900860106515,42540100,-0.0011165472368838136,-0.0011171710401303345,-0.11165472368838136,-0.11171710401303345
2021-03-18,27.86616325378418,28.021971300740535,27.671403938036562,27.679193003078286,24729800,-0.0005586240199708659,-0.0005587801085012851,-0.055862401997086586,-0.055878010850128515
2021-03-19,27.67919158935547,27.905113097313617,27.63245125790976,27.850580729432846,48348900,-0.006709630698920166,-0.006732241467671087,-0.6709630698920166,-0.6732241467671086
2021-03-22,28.045337677001953,28.053126740990894,27.54675437156402,27.640237998385903,25427500,0.013228207423055416,0.013141478693760797,1.3228207423055416,1.3141478693760797
2021-03-23,27.5467586517334,27.990809662871897,27.515596447353868,27.905115086723875,27970500,-0.01777760820749197,-0.017937528047250965,-1.7777608207491968,-1.7937528047250966
2021-03-24,27.741518020629883,27.990809712525603,27.5545477658124,27.64024234211244,22883400,0.0070701374110391235,0.007045261172991312,0.7070137411039124,0.7045261172991312
2021-03-25,27.788259506225586,27.881746123401374,27.461065261484837,27.77268137515446,24875300,0.0016848928584565215,0.0016834750188660695,0.16848928584565215,0.16834750188660697
2021-03-26,28.24009895324707,28.271261154977076,27.764885778133436,27.79604797986344,27944500,0.01626008447633276,0.01612930505459211,1.626008447633276,1.612930505459211
2021-03-29,28.528345108032227,28.62183172376839,27.967440272572528,28.06871298193285,27004800,0.010206981047140129,0.010155241587371246,1.020698104714013,1.0155241587371246
2021-03-30,28.13103485107422,28.536134567293303,28.060921381501853,28.5049723648631,26303300,-0.013926859600634334,-0.014024748226598513,-1.3926859600634334,-1.4024748226598514
2021-03-31,28.22451400756836,28.3803220232027,28.076498027200632,28.162192584389057,26582700,0.003322990319731156,0.0033174813881094154,0.3322990319731156,0.33174813881094156
2021-04-01,28.279043197631836,28.395899939207453,28.060913783267097,28.279043197631836,21319900,0.0019319797693897467,0.0019301158967318245,0.19319797693897467,0.19301158967318244
2021-04-05,28.263469696044922,28.48939120551613,28.123242757186322,28.38811553372021,22096900,-0.0005507082215645553,-0.0005508599170330558,-0.055070822156455534,-0.05508599170330558
2021-04-06,28.084285736083984,28.35695049324029,28.04533447700182,28.247882807303423,20722900,-0.006339772217917483,-0.00635995391727357,-0.6339772217917483,-0.635995391727357
2021-04-07,27.975221633911133,28.232305298700307,27.858364882317755,28.06870525211145,21933800,-0.0038834565065232196,-0.0038910167032197183,-0.38834565065232196,-0.38910167032197185
2021-04-08,28.014179229736328,28.162198211470407,27.944065757281056,28.014179229736325,18129400,0.00139257505570467,0.0013916063223134646,0.139257505570467,0.13916063223134648
2021-04-09,28.512754440307617,28.676354477067687,27.96743089040893,27.96743089040893,31686700,0.017797244976646143,0.0176407283273579,1.7797244976646143,1.76407283273579
2021-04-12,28.801002502441406,28.8477428264377,28.302419234543017,28.41927301632444,29944900,0.010109442871864438,0.010058684261799178,1.0109442871864438,1.0058684261799178
2021-04-13,28.94902229309082,29.330751829469573,28.73868189204021,29.143781593494225,33967400,0.005139397166361359,0.005126235540698228,0.5139397166361359,0.5126235540698229
2021-04-14,28.956817626953125,29.12041773327423,28.793220492423742,28.95681762695312,23842900,0.00026927796674391935,0.00026924171793942273,0.026927796674391935,0.026924171793942273
2021-04-15,29.291799545288086,29.400867257091715,29.026926760204688,29.026926760204688,24945800,0.011568326417995545,0.011501924941914652,1.1568326417995545,1.1501924941914652
2021-04-16,30.047462463378906,30.148738124392608,29.455395540402904,29.502135867185483,52829500,0.025797763531820284,0.025470615752112992,2.5797763531820284,2.5470615752112993
2021-04-19,30.32791519165039,30.35128535417895,29.860494110334734,30.07083151667325,30905100,0.009333657662882189,0.009290368237505545,0.9333657662882189,0.9290368237505545
2021-04-20,30.405820846557617,30.569420916481405,30.187691382380653,30.187691382380653,26459400,0.0025687771287581374,0.0025654834600509777,0.25687771287581374,0.2565483460050978
2021-04-21,30.795339584350586,30.90440431693245,30.483726487229696,30.49151555164651,29365000,0.012810663450221194,0.012729301035426292,1.2810663450221194,1.2729301035426293
2021-04-22,30.101999282836914,30.771971802634038,30.008515643639342,30.75639070080256,33373600,-0.022514455462150806,-0.022771775428536388,-2.2514455462150806,-2.277177542853639
2021-04-23,30.117578506469727,30.250016377882538,29.938400304268608,30.094208341075575,24375000,0.0005175478042647175,0.0005174139225913202,0.05175478042647175,0.05174139225913202
2021-04-26,30.133155822753906,30.179899119462604,29.985139840862484,30.17210708411578,19773400,0.0005172167570122177,0.0005170830465282325,0.05172167570122177,0.05170830465282326
2021-04-27,29.953975677490234,30.07862148874348,29.87607018808786,30.000715999341104,19061500,-0.00594627878731413,-0.0059640283003681875,-0.594627878731413,-0.5964028300368187
2021-04-28,30.234434127807617,30.3357068218603,30.008512631614384,30.02409373188195,21963300,0.009362979169678098,0.00931941817622638,0.9362979169678098,0.9319418176226381
2021-04-29,30.070831298828125,30.38244733197493,29.844912795176963,30.37465826845209,23569400,-0.005411142417546366,-0.0054258356775300515,-0.5411142417546366,-0.5425835677530052
2021-04-30,30.109790802001953,30.304550113860202,29.985144961284323,29.9929340261705,28413200,0.0012955911589762614,0.0012947526049546267,0.12955911589762614,0.12947526049546268
2021-05-03,31.029050827026367,31.0368398908671,30.351286373038853,30.413610770928177,46638600,0.03053026940868997,0.030073494433421975,3.053026940868997,3.0073494433421977
2021-05-04,31.12253761291504,31.29392378093516,30.717437900864567,31.16148887965638,52802200,0.003012879330722029,0.0030083497056531436,0.3012879330722029,0.30083497056531433
2021-05-05,31.138111114501953,32.010631758086205,30.32791188813564,31.301708177963295,76627500,0.0005003930521543243,0.0005002678973003412,0.05003930521543243,0.05002678973003412
2021-05-06,30.831298828125,30.86276808618161,29.86364165093643,30.272733002451485,54944900,-0.009853272256905132,-0.009902136993984954,-0.9853272256905132,-0.9902136993984954
2021-05-07,31.138113021850586,31.366257591934232,30.721152943270827,30.721152943270827,33807800,0.009951387239181209,0.009902198248457611,0.9951387239181209,0.9902198248457611
2021-05-10,31.35840606689453,31.6888243540864,31.29546753538692,31.334805618116356,30831900,0.007074707606377961,0.007049799272969723,0.7074707606377961,0.7049799272969723
2021-05-11,30.95717430114746,31.523608968254358,30.862769523654237,31.216791190596044,30568600,-0.012795030617664405,-0.012877592028513522,-1.2795030617664405,-1.2877592028513523
2021-05-12,31.224651336669922,31.40559504446562,30.925702428697832,31.02797300196939,26208600,0.008640227719767912,0.008603114576365077,0.8640227719767912,0.8603114576365077
2021-05-13,31.54720115661621,31.68880978633467,31.075174391603326,31.075174391603326,25415000,0.010329973470912357,0.010276983903094913,1.0329973470912357,1.0276983903094914
2021-05-14,31.484275817871094,31.720289276559917,31.40560266425885,31.657353754744076,18041100,-0.001994640932890479,-0.001996632878367471,-0.1994640932890479,-0.1996632878367471
2021-05-17,31.55507469177246,31.783222296132905,31.4764015517826,31.523605435776517,18095000,0.002248705808287399,0.0022461812533271894,0.2248705808287399,0.22461812533271894
2021-05-18,31.50786590576172,31.7438792868653,31.334791026858007,31.610139471300027,15805500,-0.00149607587596845,-0.0014971961149295103,-0.149607587596845,-0.14971961149295102
2021-05-19,31.334794998168945,31.389864694036774,31.020108449432765,31.389864694036774,20209500,-0.005492942876880957,-0.005508084561332936,-0.5492942876880957,-0.5508084561332935
2021-05-20,31.562946319580078,31.665219919870434,31.248262704871717,31.256128519782983,18621100,0.0072810854969520555,0.007254706362375458,0.7281085496952056,0.7254706362375458
2021-05-21,31.429203033447266,31.940564977023374,31.397733775083722,31.63374721066298,21144800,-0.004237351126179401,-0.004246354140084336,-0.42373511261794006,-0.42463541400843363
2021-05-24,31.319067001342773,31.57868090810195,31.29546355449268,31.531480016549725,16922300,-0.0035042578708497363,-0.0035104121641560144,-0.35042578708497363,-0.35104121641560143
2021-05-25,30.94144058227539,31.358397739021424,30.87063625367007,31.326928481624932,25916300,-0.012057396826386735,-0.012130676875621058,-1.2057396826386735,-1.2130676875621058
2021-05-26,30.618885040283203,30.91783698188656,30.508745641027637,30.909971168114108,28036500,-0.010424709901095008,-0.010479427800380865,-1.0424709901095008,-1.0479427800380865
2021-05-27,30.406476974487305,30.823434155417978,30.36713889992319,30.658225046114172,38471200,-0.006937158734436233,-0.0069613326839772435,-0.6937158734436233,-0.6961332683977244
2021-05-28,30.469409942626953,30.697557551286323,30.430074872427557,30.485144570921406,16154100,0.002069722453951206,0.002067583529244866,0.2069722453951206,0.20675835292448658
2021-06-01,30.288467407226562,30.681824126800937,30.272732778314758,30.634620240065512,23642400,-0.00593849817706027,-0.005956201178314346,-0.593849817706027,-0.5956201178314346
2021-06-02,30.516613006591797,30.626752400616667,30.319934659812123,30.398604798094627,19629000,0.007532424678272198,0.007504197624325573,0.7532424678272198,0.7504197624325573
2021-06-03,30.658226013183594,30.713295718021957,30.390743303508472,30.493013897594672,17376300,0.0046405217565006485,0.004629787730259193,0.46405217565006485,0.46297877302591933
2021-06-04,30.799823760986328,31.07517218753538,30.697550202094064,30.721150638348906,19375300,0.0046185890775887195,0.004607956121986734,0.46185890775887195,0.4607956121986734
2021-06-07,30.6739559173584,31.153848556859447,30.658221289675406,30.744760241395173,24110700,-0.004086641683559433,-0.004095014823485119,-0.4086641683559433,-0.40950148234851186
2021-06-08,30.56381607055664,30.768363246407713,30.272732936847866,30.7368939884193,18880300,-0.0035906632681645956,-0.003597125172502989,-0.35906632681645956,-0.3597125172502989
2021-06-09,31.319067001342773,31.342667447118885,30.666093324846514,30.681827955721914,29824000,0.0247106228176035,0.02441025352846519,2.47106228176035,2.4410253528465193
2021-06-10,32.00350570678711,32.03497496732675,31.382001315961684,31.389870131633526,42613700,0.021853738663894173,0.021618368686558635,2.1853738663894173,2.1618368686558633
2021-06-11,31.5865478515625,31.995636225775442,31.42920455321009,31.98777041134103,21386900,-0.013028505659496648,-0.013114121079701238,-1.3028505659496648,-1.3114121079701238
2021-06-14,31.177461624145508,31.52361453681684,30.980783218998873,31.49214527173555,23408300,-0.012951280061988646,-0.01303587912757855,-1.2951280061988646,-1.3035879127578551
2021-06-15,31.145986557006836,31.34266492551507,30.988643261985505,31.240391333590143,20206900,-0.0010095455338254844,-0.0010100554681480851,-0.10095455338254844,-0.10100554681480851
2021-06-16,30.917835235595703,31.34266118107819,30.902100607865975,31.169583277124573,19177500,-0.0073252237810333964,-0.007352184977976688,-0.7325223781033396,-0.7352184977976688
2021-06-17,31.0594482421875,31.145987206306998,30.736895831152697,30.894239129454167,19580100,0.0045803014833574185,0.004569843823183656,0.45803014833574185,0.45698438231836563
2021-06-18,30.5323486328125,31.02797592213049,30.445809677228038,30.91783652450427,37775900,-0.01697066880470366,-0.017116320831200044,-1.697066880470366,-1.7116320831200045
2021-06-21,31.01224136352539,31.059445248788627,30.58741840045029,30.58741840045029,19488100,0.015717517721422825,0.01559527675898739,1.5717517721422825,1.559527675898739
2021-06-22,31.161720275878906,31.224655791403833,30.886368767370605,31.004376985456112,15975900,0.004819997065072634,0.0048084180714559185,0.4819997065072634,0.4808418071455918
2021-06-23,30.72117042541504,31.20106627884267,30.666100704635607,31.177465827387113,22025400,-0.014137533055416096,-0.014238419965978542,-1.4137533055416096,-1.4238419965978542
2021-06-24,30.831298828125,30.957172859277815,30.74476287007976,30.79196375609105,13436500,0.0035847723633228856,0.003578362381191496,0.35847723633228856,0.3578362381191496
2021-06-25,30.666088104248047,31.004375107794214,30.595283777899468,30.776227500551737,22774300,-0.005358539216850811,-0.005372947683392663,-0.5358539216850811,-0.5372947683392663
2021-06-28,30.776229858398438,30.847034190171524,30.603154937121555,30.689690897223148,19225700,0.0035916467002887753,0.003585212139788325,0.35916467002887753,0.3585212139788325
2021-06-29,30.760494232177734,30.90210289113496,30.666089459897453,30.78409767605301,14516600,-0.0005112915484808411,-0.0005114223025754903,-0.05112915484808411,-0.05114223025754903
2021-06-30,30.807693481445312,30.894232426789735,30.540210832686707,30.791958854921493,21248100,0.0015344112780282249,0.001533235271874195,0.15344112780282249,0.1533235271874195
2021-07-01,31.12238121032715,31.17745090474826,30.768359602567667,30.815560482886756,20035900,0.010214582570790887,0.010162766278047367,1.0214582570790887,1.0162766278047366
2021-07-02,31.256128311157227,31.334801465114687,30.98077977499104,31.04371529708304,16592700,0.004297457187681264,0.004288249488909888,0.4297457187681264,0.4288249488909888
2021-07-06,30.909975051879883,31.19319240045039,30.71329667104747,31.059449540925907,18931900,-0.011074732475863991,-0.01113651389080668,-1.107473247586399,-1.113651389080668
2021-07-07,30.95717430114746,30.965043116564928,30.658225338906615,30.854903709310538,17665200,0.0015269908561348355,0.0015258261910686668,0.15269908561348355,0.15258261910686668
2021-07-08,30.878503799438477,30.933573502434378,30.626755728293283,30.681825431289187,23021200,-0.0025412688168399145,-0.002544503321432127,-0.25412688168399145,-0.2544503321432127
2021-07-09,31.161720275878906,31.54720818628742,31.0437120577934,31.098781759280328,21578700,0.009171962420199353,0.009130155413305384,0.9171962420199353,0.9130155413305384
2021-07-12,31.279726028442383,31.665216946524676,31.15385199416374,31.20105588242087,24513000,0.0037868818383182123,0.003779729651926072,0.37868818383182123,0.3779729651926072
2021-07-13,31.193187713623047,31.31119292374766,31.098779944235183,31.287592481937434,12222000,-0.0027665943985777375,-0.0027704284940850564,-0.27665943985777375,-0.27704284940850565
2021-07-14,31.429203033447266,31.492138549100694,31.201055411922066,31.24825929946738,15888600,0.007566245617184553,0.007537765150734164,0.7566245617184553,0.7537765150734164
2021-07-15,31.539339065551758,31.61800920197827,31.35839535091211,31.429199674125307,20250800,0.0035042578708497363,0.0034981322655329556,0.35042578708497363,0.34981322655329555
2021-07-16,31.743879318237305,31.7438793182373,31.413461184580335,31.57867025140882,24270400,0.006485242200555463,0.006464303496975231,0.6485242200555463,0.6464303496975231
2021-07-19,31.5865478515625,31.74388814884111,31.21679155059541,31.523609331792017,29818400,-0.004956277243166496,-0.004968600319806897,-0.4956277243166496,-0.49686003198068973
2021-07-20,32.294586181640625,32.81381693312081,31.625880956623615,31.66521602849398,48804100,0.02241581870248921,0.022168276648289003,2.241581870248921,2.2168276648289003
2021-07-21,32.27098846435547,32.44406639649164,31.877631710281523,32.44406639649164,27530200,-0.0007307019558148165,-0.0007309690486070084,-0.07307019558148165,-0.07309690486070085
2021-07-22,32.62500762939453,32.6879431446386,32.17658120438857,32.349656122115,18913300,0.010970198989413982,0.010910462837727678,1.0970198989413982,1.091046283772768
2021-07-23,32.79021072387695,32.90821891980928,32.58566358440401,32.617132836795705,21609200,0.005063695198451956,0.005050917809636405,0.5063695198451956,0.5050917809636405
2021-07-26,32.892494201660156,32.99476480113002,32.56207295416231,32.74301670830975,23720000,0.0031193296878913035,0.0031144746726823676,0.31193296878913035,0.31144746726823674
2021-07-27,33.120635986328125,33.199309134209315,32.71154762164085,32.90035717440825,32544100,0.006935983123361078,0.006912039842123794,0.6935983123361078,0.6912039842123794
2021-07-28,34.18269729614258,34.41084489883562,33.23864063067788,33.31731076901935,53822400,0.03206645277744258,0.03156305721248463,3.206645277744258,3.1563057212484633
2021-07-29,33.968360900878906,34.37321733168108,33.83340673844184,34.31764886134068,29015000,-0.0062703183837941046,-0.006290059394992654,-0.6270318383794105,-0.6290059394992654
2021-07-30,33.98424530029297,34.285901909947995,33.88898244942334,34.03981378250601,24763300,0.0004676233704774546,0.0004675140687425159,0.04676233704774546,0.04675140687425159
2021-08-02,34.897159576416016,35.04005082992702,34.33353464770888,34.373225989627436,43066900,0.026862867427430492,0.026508394696315978,2.6862867427430492,2.650839469631598
2021-08-03,36.26256561279297,36.405456874464434,34.9844843435401,35.06386703191072,45643300,0.03912656654439339,0.03838052042904542,3.9126566544393393,3.838052042904542
2021-08-04,35.873565673828125,36.35780771015314,35.73067448185504,36.00057973022042,43391200,-0.010727314308605074,-0.0107852667668613,-1.0727314308605074,-1.0785266766861301
2021-08-05,35.770381927490234,35.83388746480348,35.48459943894291,35.72275050331398,23505400,-0.002876316987167171,-0.0028804615361380983,-0.2876316987167171,-0.2880461536138098
2021-08-06,35.778316497802734,35.968839153013114,35.429028496214386,35.79419363809151,20413000,0.00022181955810762766,0.0002217949597869733,0.022181955810762766,0.02217949597869733
2021-08-09,36.50070571899414,36.540397051231864,35.81006684764324,35.81006684764324,32374300,0.020190699057508033,0.01998956968166505,2.0190699057508033,1.998956968166505
2021-08-10,38.25509262084961,38.55675222805103,36.429263893955465,36.675355024600684,81189400,0.048064465256147715,0.04694509665602092,4.8064465256147715,4.694509665602092
2021-08-11,36.76267623901367,38.16777129066704,36.722981876063486,37.92961722598481,50878200,-0.0390122276431909,-0.039793593967081875,-3.90122276431909,-3.9793593967081877
2021-08-12,37.50094223022461,37.62795630349848,36.78648617540014,36.913500248674005,29676400,0.02008194361071758,0.01988296094259846,2.008194361071758,1.988296094259846
2021-08-13,38.48530578613281,38.50118292598771,37.56445287233216,37.63589848755181,35379200,0.026249035287301048,0.025910441747324424,2.624903528730105,2.5910441747324424
2021-08-16,38.82665252685547,38.87428394127323,37.71527708314355,38.28684194313876,38045800,0.008869534326154449,0.008830431055013894,0.8869534326154449,0.8830431055013894
2021-08-17,40.02535629272461,40.080927802286155,38.66789248665874,38.72346096796517,68817000,0.030873219498900317,0.030406228995306466,3.0873219498900317,3.040622899530647
2021-08-18,39.14419174194336,41.16848004649356,39.033051767845464,39.87452197363016,88598000,-0.022015158199639062,-0.022261108249068306,-2.201515819963906,-2.2261108249068307
2021-08-19,38.73933792114258,39.66019092892796,38.31066418607307,38.50118685552233,57741600,-0.010342628185294078,-0.010396484832201847,-1.0342628185294078,-1.0396484832201847
2021-08-20,38.67582702636719,39.477602876158016,38.6281956085387,38.88222378044795,35157500,-0.001639441926051366,-0.0016407872815883938,-0.1639441926051366,-0.16407872815883937
2021-08-23,39.636375427246094,40.7715652652311,39.374407143901095,39.922157907893364,88652400,0.024835885221641263,0.02453248779219367,2.4835885221641263,2.453248779219367
2021-08-24,38.405921936035156,39.73163127654415,38.2947849887176,39.48554318698519,52624100,-0.03104354214904126,-0.03153560323931386,-3.104354214904126,-3.1535603239313863
2021-08-25,37.71528244018555,38.32653871822391,37.254857481766784,38.13601909000059,51036800,-0.017982630308936876,-0.018146282707664316,-1.7982630308936876,-1.8146282707664316
2021-08-26,37.61208724975586,38.23128061151709,37.54857868534187,37.86611545090175,29029300,-0.002736163797615765,-0.0027399139360034293,-0.2736163797615765,-0.2739913936003429
2021-08-27,36.99289321899414,37.70734947294144,36.937324735715485,37.60414956331456,32924500,-0.016462634116795494,-0.016599649110922734,-1.6462634116795494,-1.6599649110922734
2021-08-30,37.119911193847656,37.437448012731394,36.64360899377758,36.67536328131706,25774400,0.0034335777442868753,0.003427696474909258,0.34335777442868753,0.34276964749092576
2021-08-31,36.5721549987793,37.42156231258386,36.46101804605792,37.08815145441976,34547800,-0.01475639831700748,-0.014866357033167847,-1.475639831700748,-1.4866357033167847
2021-09-01,36.54834747314453,36.72298999004293,36.05616512375752,36.66742150354043,32900100,-0.0006509740986156975,-0.0006511860742529903,-0.06509740986156975,-0.06511860742529903
2021-09-02,37.183414459228516,37.20722865735475,36.61978956303685,36.897631968693275,26106300,0.01737607935764074,0.017226841588590443,1.737607935764074,1.7226841588590442
2021-09-03,37.183414459228516,37.33424276111984,36.78649500643071,37.23104588373609,20817200,0.0,0.0,0.0,0.0
2021-09-07,37.11196517944336,37.70734429996919,36.945259752477284,37.30248783044374,26236900,-0.0019215362769736677,-0.0019233847961829154,-0.19215362769736677,-0.19233847961829154
2021-09-08,36.921443939208984,37.14372087857842,36.715047168639074,36.921443939208984,15839600,-0.005133687728827274,-0.0051469103770536186,-0.5133687728827274,-0.5146910377053618
2021-09-09,36.540401458740234,37.08815220575602,36.39751022284524,36.88969249237462,21695300,-0.01032035694747302,-0.010373981097209054,-1.032035694747302,-1.0373981097209055
2021-09-10,36.19111251831055,36.794428698970265,36.12760395810698,36.73092316702153,20801500,-0.009558979280074098,-0.009604959573569957,-0.9558979280074098,-0.9604959573569957
2021-09-13,35.38933563232422,36.3816341456363,35.08767603636602,36.31018853154764,37086200,-0.02215397179571854,-0.02240305671551442,-2.215397179571854,-2.240305671551442
2021-09-14,35.49253845214844,35.92914926560746,35.365524342264806,35.46078416761372,24100200,0.0029162124120225563,0.002911968513344576,0.29162124120225563,0.2911968513344576
2021-09-15,35.54016876220703,36.01647090224046,35.30201769219032,35.373463316020846,28674600,0.0013419809384107584,0.0013410812867781779,0.13419809384107584,0.1341081286778178
2021-09-16,35.30200958251953,35.71480608890554,34.95271860036359,35.627483343366556,22424200,-0.0067011268652374945,-0.006723680227631051,-0.6701126865237494,-0.6723680227631051
2021-09-17,34.841583251953125,35.29407111016644,34.381158338444216,35.06385713928469,56370500,-0.013042496334100928,-0.013128296538513226,-1.3042496334100928,-1.3128296538513227
2021-09-20,35.08767318725586,35.44490122869233,34.444662712670215,34.444662712670215,41873000,0.00706311000631521,0.007038283079825973,0.706311000631521,0.7038283079825973
2021-09-21,34.86539840698242,35.508408920811696,34.80982993361807,35.127366662775536,23645600,-0.006334839562806005,-0.006354989803051783,-0.6334839562806005,-0.6354989803051783
2021-09-22,34.88921356201172,35.238501520777504,34.79395376021278,34.9209678386962,22616700,0.000683059885084436,0.0006828267058586717,0.0683059885084436,0.06828267058586718
2021-09-23,35.079742431640625,35.50047913820794,35.04799117482381,35.15118805892524,19719200,0.005460967736927058,0.005446110717208599,0.5460967736927058,0.5446110717208599
2021-09-24,34.88127517700195,35.25438037557397,34.77807831513472,34.984475067123824,16150700,-0.005657602960609576,-0.005673667817280454,-0.5657602960609576,-0.5673667817280453
2021-09-27,34.58755874633789,35.03210959628967,34.539927324761116,34.86540113489843,19955900,-0.008420461384327949,-0.008456113749942153,-0.8420461384327949,-0.8456113749942153
2021-09-28,34.16682434082031,34.357343966265475,33.682582164743685,34.19063853693724,28512200,-0.012164327890361037,-0.012238918843271376,-1.2164327890361037,-1.2238918843271376
2021-09-29,34.55580139160156,34.68281547625366,34.1985763604426,34.309713305981354,18037200,0.011384641630756587,0.011320324291138337,1.1384641630756587,1.1320324291138337
2021-09-30,34.143009185791016,34.9686023547706,34.11125793179567,34.76220557665322,21103300,-0.011945670167871514,-0.012017593037515768,-1.1945670167871514,-1.2017593037515768
2021-10-01,34.07950210571289,34.214453256781034,33.103080682659346,33.75402829802837,38483000,-0.0018600317193059324,-0.0018617637263629544,-0.18600317193059324,-0.18617637263629544
2021-10-04,33.67464065551758,34.41291098644943,33.507935233243856,34.079500141901995,28906500,-0.011879910948800032,-0.011951040997910974,-1.1879910948800032,-1.1951040997910973
2021-10-05,33.59525680541992,33.96836199970737,33.56350252755405,33.76196222183383,19342600,-0.002357377793863691,-0.002360160783460731,-0.23573777938636908,-0.23601607834607308
2021-10-06,33.357112884521484,33.50000413710565,33.09514457869877,33.38886716915247,30483800,-0.007088617368747663,-0.007113860982464302,-0.7088617368747663,-0.7113860982464302
2021-10-07,33.928672790527344,34.10331527321349,33.50793615310185,33.75402727958639,19778300,0.01713457360607129,0.016989432408793838,1.713457360607129,1.6989432408793839
2021-10-08,33.69845962524414,34.06362476769767,33.6111368676455,33.92073353312805,12778600,-0.0067852098637786185,-0.006808334061275353,-0.6785209863778618,-0.6808334061275353
2021-10-11,33.38886260986328,33.83341042097246,33.34916824536724,33.69845927210142,11984200,-0.009187274991908967,-0.009229738284194326,-0.9187274991908967,-0.9229738284194325
2021-10-12,33.22215270996094,33.50793516369686,33.0713244274913,33.46824382917902,16222300,-0.004992979301220557,-0.0050054858697647754,-0.4992979301220557,-0.5005485869764775
2021-10-13,32.880802154541016,33.2697845050313,32.49975988799702,33.14277041618331,28205700,-0.01027478738057741,-0.01032793739192756,-1.027478738057741,-1.032793739192756
2021-10-14,33.07925796508789,33.309471920364466,32.96018397419801,32.99193824973707,17590300,0.006035613413995389,0.0060174720588942725,0.6035613413995389,0.6017472058894272
2021-10-15,32.936378479003906,33.36504919896039,32.84905571233984,33.2618523185894,23550300,-0.004319307471612022,-0.004328662628380251,-0.43193074716120217,-0.4328662628380251
2021-10-18,32.801422119140625,33.10308173997875,32.57914820286779,32.90462202094801,21733000,-0.004097486308317522,-0.00410590400748109,-0.40974863083175217,-0.410590400748109
2021-10-19,33.412681579589844,33.500004348749094,32.97607076204886,33.02369916104098,17159800,0.018635151190366628,0.01846364419000355,1.8635151190366628,1.846364419000355
2021-10-20,33.97630310058594,34.22239424096645,33.42061528478621,33.43649242560963,22788300,0.016868491074370384,0.01672779806041045,1.6868491074370384,1.672779806041045
2021-10-21,34.02393341064453,34.20651598176184,33.68258246473894,34.182701785432805,22142300,0.0014018685292978006,0.001400886828980501,0.14018685292978006,0.1400886828980501
2021-10-22,34.2620849609375,34.285899157615624,33.8413513355978,33.99217962831743,17183000,0.006999530225346051,0.0069751472272261104,0.6999530225346051,0.6975147227226111
2021-10-25,34.254150390625,34.325596014099105,33.79372236640188,34.29384173072058,22846200,-0.00023158457290461953,-0.00023161139275261185,-0.023158457290461953,-0.023161139275261186
2021-10-26,34.579620361328125,34.73838570397294,34.07156096879841,34.39703779468275,29729100,0.009501621467517207,0.009456764978001297,0.9501621467517207,0.9456764978001297
2021-10-27,34.11125946044922,34.579624545738845,33.881045446199785,34.50023883655534,22317500,-0.013544419978731015,-0.013636982388021716,-1.3544419978731015,-1.3636982388021717
2021-10-28,34.27796173095703,34.666941071018066,34.087439074826705,34.09537915913686,18023400,0.004887015992508292,0.004875113293222138,0.48870159925082923,0.4875113293222138
2021-10-29,34.722511291503906,34.79395690637704,34.02393228255043,34.20651484761405,30307500,0.012968961341286445,0.012885584462754908,1.2968961341286445,1.2885584462754907
2021-11-01,34.643131256103516,35.159127784348925,34.484362860623754,35.04005073067529,32681500,-0.002286125987085885,-0.002288743162656525,-0.22861259870858852,-0.22887431626565252
2021-11-02,36.079978942871094,36.548344019313944,34.174764354026074,35.786259395077984,69248000,0.04147568752216735,0.040638637732707365,4.147568752216735,4.063863773270737
2021-11-03,35.57985305786133,36.508645983761696,35.30994775774763,36.135540796713606,44593100,-0.013861590268710033,-0.013958559250123037,-1.3861590268710033,-1.3958559250123037
2021-11-04,35.11537551879883,35.61187791393035,34.68294218619787,35.46773245145157,38172500,-0.013054509761666222,-0.013140468795815173,-1.3054509761666222,-1.3140468795815172
2021-11-05,38.92722702026367,39.08738902407801,37.27756357419744,38.51080703228085,173959100,0.10855220669430654,0.10305484566734013,10.855220669430654,10.305484566734012
2021-11-08,38.702999114990234,39.07136955746354,38.118407387141666,38.927224070437305,57423300,-0.005760181817130561,-0.005776835647935626,-0.5760181817130561,-0.5776835647935626
2021-11-09,37.878173828125,38.743046930687974,37.75805460043784,38.70300718812558,29920400,-0.021311663326519015,-0.0215420357834443,-2.1311663326519015,-2.15420357834443
2021-11-10,39.25556564331055,39.40771789735509,37.958258955859804,37.958258955859804,42696200,0.03636373341110799,0.035718176244372034,3.636373341110799,3.5718176244372035
2021-11-11,40.18450164794922,40.44075968274004,39.02333070945765,39.4237342706729,42370400,0.023663803830501484,0.02338815613785498,2.3663803830501484,2.3388156137854983
2021-11-12,39.82413101196289,40.43274603149266,39.69600201650971,40.37668673207294,27780600,-0.008967901086430863,-0.00900835474929175,-0.8967901086430863,-0.9008354749291749
2021-11-15,39.760074615478516,40.12043537457177,39.53584654523502,39.824137596378996,27763200,-0.001608481964493702,-0.0016097769604468042,-0.1608481964493702,-0.16097769604468043
2021-11-16,39.720027923583984,40.16848096529063,39.15145565889557,39.61592520796707,31297200,-0.0010072086705527061,-0.0010077162460573126,-0.10072086705527061,-0.10077162460573126
2021-11-17,40.73705291748047,40.91323144230596,39.79210037405788,39.99230213232815,36889800,0.02560484085895176,0.02528252719940827,2.560484085895176,2.528252719940827
2021-11-18,41.169490814208984,41.40973232113549,40.52884577745946,40.921239525977576,32872600,0.010615345631518558,0.010559398434359588,1.0615345631518558,1.0559398434359588
2021-11-19,40.680992126464844,42.31463902467198,40.58489614858091,41.60992805890567,47966200,-0.011865550874764375,-0.011936508382037352,-1.1865550874764375,-1.1936508382037352
2021-11-22,41.00132369995117,41.217541981258634,40.344662129241094,40.801121927055746,27287900,0.00787423208584781,0.00784339210867998,0.787423208584781,0.784339210867998
2021-11-23,40.90522384643555,41.2015215870219,40.28059229662356,40.504820338407804,24946200,-0.0023438231950482225,-0.002346574248128384,-0.23438231950482225,-0.23465742481283838
2021-11-24,40.75306701660156,41.10542404543156,40.60892151477769,40.985301775632934,18556800,-0.0037197407941148564,-0.0037266762339366695,-0.37197407941148564,-0.37266762339366694
2021-11-26,43.24357986450195,43.996337377216996,42.642974588606094,43.275612879043805,66561300,0.061112280135525276,0.059317678854213414,6.111228013552528,5.931767885421341
2021-11-29,41.9622917175293,44.604954439299824,41.73005693391581,44.16451116147749,72660800,-0.029629557751402746,-0.030077381164298745,-2.9629557751402746,-3.0077381164298744
2021-11-30,43.02736282348633,43.611951608753124,41.56989422354194,41.89021826840649,64598400,0.025381623890482263,0.02506485928868601,2.5381623890482263,2.506485928868601
2021-12-01,43.78813171386719,44.18052547536142,41.529855975373096,42.018348786685046,59810400,0.017681048534203825,0.017526557183466095,1.7681048534203825,1.7526557183466094
2021-12-02,42.47480392456055,44.10845093431355,42.25858566843121,43.09943240571,46361700,-0.02999277973055714,-0.03045176393566661,-2.999277973055714,-3.045176393566661
2021-12-03,43.45979690551758,43.57190939841783,42.52285111301234,43.011343879080265,37574800,0.02319005363053539,0.022925250389407056,2.319005363053539,2.2925250389407057
2021-12-06,41.22554397583008,43.15548872281318,41.041358732489016,43.06739946407696,53724000,-0.05140964957900762,-0.05277823803295031,-5.140964957900762,-5.277823803295031
2021-12-07,41.41773223876953,42.04236061898993,40.360667416164645,41.041352032823504,41575400,0.004661873304864894,0.004651040428128393,0.4661873304864894,0.46510404281283935
2021-12-08,41.16147994995117,42.50683591930048,40.865179168185726,42.24256814986149,37429200,-0.00618701881940531,-0.006206237733202159,-0.618701881940531,-0.6206237733202159
2021-12-09,41.706024169921875,42.32264278507978,41.24956143356943,41.24956143356943,38325700,0.013229461638231133,0.013142716533756042,1.3229461638231133,1.3142716533756043
2021-12-10,42.26659393310547,42.3226501806425,40.92924766352714,41.00132041819424,26079400,0.013440978236133994,0.01335144963067134,1.3440978236133994,1.335144963067134
2021-12-13,44.20454025268555,44.628966920248786,42.79511843745894,42.79511843745894,54923200,0.04585054387508092,0.04483047194928733,4.585054387508092,4.483047194928734
2021-12-14,44.47682189941406,44.80515265007196,43.499836373381946,43.860200137478735,48685700,0.006159585535152612,0.006140692829303452,0.6159585535152612,0.6140692829303452
2021-12-15,47.08745193481445,47.18354792139045,44.757103640201365,44.93328216128763,75202900,0.05869641588386032,0.05703835496792762,5.869641588386032,5.703835496792762
2021-12-16,49.0494270324707,49.19357253181016,46.24660263061523,46.73509537228383,75183600,0.04166662278460742,0.04082195239347736,4.166662278460742,4.082195239347737
2021-12-17,47.63200378417969,49.001383130000086,47.007375252016665,47.99236757382624,104192100,-0.02889785536847722,-0.02932362092836909,-2.889785536847722,-2.932362092836909
2021-12-20,48.86524200439453,49.41779771766714,47.91228280343089,48.52890148621925,55712200,0.025890958226377325,0.02556146256881848,2.5890958226377325,2.556146256881848
2021-12-21,47.207576751708984,48.08045656844711,45.774131382552845,48.056430279381836,63877900,-0.03392319744444261,-0.034511942178939166,-3.392319744444261,-3.451194217893917
2021-12-22,47.68806076049805,48.52090085262312,46.62298893802987,47.447819248687196,62594900,0.010178112113574445,0.010126663932878175,1.0178112113574445,1.0126663932878175
2021-12-23,47.015380859375,48.11248871005421,46.69505987440914,47.90427716773178,39203200,-0.014105834676344298,-0.014206267540516111,-1.4105834676344298,-1.420626754051611
2021-12-27,47.407779693603516,47.55192521222819,46.63099584933018,47.12749538301707,27362600,0.008346180059717101,0.00831154328862625,0.8346180059717101,0.8311543288626251
2021-12-28,46.45481491088867,47.60797900022332,45.7100671763086,47.287654963222266,36901700,-0.020101443030529076,-0.020306225971848706,-2.0101443030529076,-2.0306225971848706
2021-12-29,46.1104736328125,46.47083437885153,45.70206030687457,45.89425535228712,26170200,-0.007412391562353626,-0.007439999850257485,-0.7412391562353626,-0.7439999850257485
2021-12-30,46.76713562011719,47.03941015490281,46.070431247237224,46.24660978587399,24559000,0.014241059255513777,0.01414060793666668,1.4241059255513777,1.414060793666668
2021-12-31,47.287654876708984,47.88826015385983,46.79916209585247,46.87123485130403,28579600,0.011130022176681909,0.01106853926334477,1.1130022176681909,1.106853926334477
2022-01-03,45.365718841552734,46.88725034452515,45.11746756595849,46.84721060454836,57219200,-0.040643504952132425,-0.041492536942055534,-4.064350495213242,-4.149253694205553
2022-01-04,43.66800308227539,45.189537546712394,43.19552684793642,45.021368816228055,66993100,-0.03742287794902788,-0.03814108922397403,-3.7422877949027877,-3.814108922397403
2022-01-05,44.54889678955078,45.197548541208995,44.34068524704494,44.71706553591873,52956400,0.020172520955805684,0.01997175118589476,2.0172520955805684,1.9971751185894762
2022-01-06,43.916255950927734,44.54889421334993,43.635974723189435,44.17251394624169,37000400,-0.014201043891426623,-0.014302843639627486,-1.4201043891426623,-1.4302843639627485
2022-01-07,44.620967864990234,44.661007604783414,43.74808809621903,44.3326768507412,27703400,0.016046721169717948,0.015919333502259603,1.6046721169717948,1.5919333502259603
2022-01-10,45.037384033203125,45.05339748388376,43.8361736129753,44.612954274100765,34044700,0.009332297978673187,0.009289021125859656,0.9332297978673187,0.9289021125859656
2022-01-11,45.39775085449219,45.99034941940226,44.69304284547692,45.445800377539975,33576600,0.008001504284160577,0.007969661993460725,0.8001504284160577,0.7969661993460725
2022-01-12,45.365718841552734,45.77412907705414,44.76511357739186,45.11746756595849,27608500,-0.0007055859009870158,-0.0007058349438731752,-0.07055859009870158,-0.07058349438731752
2022-01-13,44.47682189941406,45.4457976446683,44.220563901575524,45.269619125590694,28117900,-0.01959402308256797,-0.01978853093975314,-1.9594023082567968,-1.978853093975314
2022-01-14,44.00434875488281,44.348696036610654,43.65199169181068,44.02837198924263,27072500,-0.010622907041329621,-0.010679732913928937,-1.0622907041329621,-1.0679732913928937
2022-01-18,43.331668853759766,43.68402284698843,42.787119829328674,43.64398310648187,35598000,-0.01528666870790596,-0.015404714389950206,-1.528666870790596,-1.5404714389950205
2022-01-19,42.87520980834961,43.63597711004214,42.80313705229797,42.963299071838996,27300400,-0.010534074903753687,-0.010589951019331838,-1.0534074903753687,-1.0589951019331838
2022-01-20,43.28361892700195,43.65999920487975,42.49882841204282,43.21154617283038,35105300,0.00952553049834437,0.009480448692016733,0.952553049834437,0.9480448692016733
2022-01-21,42.27460861206055,43.940285833701,42.01034079605078,43.57992201861346,41059000,-0.02331159778120928,-0.02358761105524251,-2.331159778120928,-2.358761105524251
2022-01-24,41.273597717285156,41.69001776628201,39.89620855943683,41.441766471254105,59036400,-0.023678773799216457,-0.02396362151314319,-2.3678773799216457,-2.3963621513143187
2022-01-25,42.07440185546875,42.314643352165966,41.033353333223225,41.12944932093484,43983200,0.01940233423964921,0.019216508738378275,1.940233423964921,1.9216508738378275
2022-01-26,42.450782775878906,42.939275592764524,42.01033948445039,42.098428753703416,39644800,0.00894560359296559,0.008905828712031796,0.894560359296559,0.8905828712031796
2022-01-27,43.064022064208984,44.04036818732048,42.765471521107884,42.78160980425697,36957200,0.014445888820654007,0.01434254107970829,1.4445888820654007,1.434254107970829
2022-01-28,43.83863830566406,44.112979847716396,42.846154034320946,43.38677567310388,28590400,0.01798754979969397,0.0178276879943035,1.798754979969397,1.7827687994303498
2022-01-31,42.51533126831055,43.685330592326935,42.27326318563263,43.57236569228142,38644600,-0.030185860886617455,-0.03065083500555047,-3.0185860886617455,-3.065083500555047
2022-02-01,42.82194900512695,42.89456973184137,42.27325975396519,42.55567505921569,27883300,0.0072119333818985165,0.007186051753565558,0.7211933381898517,0.7186051753565558
2022-02-02,43.45940017700195,43.677262371746714,42.32167743426553,42.636366245098195,32039300,0.014886084979426784,0.014776374647956508,1.4886084979426784,1.4776374647956507
2022-02-03,43.07209396362305,43.48360942234958,42.83809346843401,43.03174979364012,22635800,-0.008911908857496487,-0.00895185743976413,-0.8911908857496487,-0.895185743976413
2022-02-04,42.765472412109375,43.112437811886615,42.4669218627881,42.78161069559469,24932200,-0.007118798351727018,-0.007144257896241306,-0.7118798351727018,-0.7144257896241306
2022-02-07,42.93490982055664,43.233463378744794,42.152223260331,43.00753054037779,32358500,0.003962014187858909,0.003954186079551564,0.3962014187858909,0.39541860795515643
2022-02-08,41.71650695800781,41.797195294176134,40.09464492968505,40.861196435535035,67922000,-0.02837790664149653,-0.028788342962276087,-2.837790664149653,-2.8788342962276086
2022-02-09,41.53091812133789,41.73264202427338,41.070987868889986,41.66808889786403,38522200,-0.004448810559732119,-0.004458735965870863,-0.4448810559732119,-0.44587359658708625
2022-02-10,40.82891845703125,41.45022847382875,40.65947111010355,41.183954511237026,34200600,-0.01690306152769505,-0.01704754877105491,-1.6903061527695051,-1.704754877105491
2022-02-11,40.974159240722656,41.34533357106681,40.40933476032135,40.61105866848255,34997800,0.0035573017650285532,0.003550989532353202,0.3557301765028553,0.3550989532353202
2022-02-14,40.18340301513672,40.7482305894144,39.1183009964703,40.19954129760895,42973100,-0.019298900581223744,-0.01948755552935034,-1.9298900581223744,-1.9487555529350342
2022-02-15,40.17533493041992,40.37705884180617,39.707333978533775,40.18340253252782,29150000,-0.00020078151951830048,-0.00020080167882604663,-0.020078151951830048,-0.020080167882604662
2022-02-16,40.086578369140625,40.97416240231134,39.8848544454143,40.013957633476636,27672600,-0.0022092301516095647,-0.0022116741007017627,-0.22092301516095647,-0.22116741007017626
2022-02-17,39.45719528198242,40.312502630914175,39.33615971317846,40.19147014017259,21231700,-0.01570059388363043,-0.015825153703478163,-1.5700593883630432,-1.5825153703478163
2022-02-18,39.15864562988281,39.957473692425616,38.892371661077,39.36036954609373,26955300,-0.007566418493915039,-0.007595189056952964,-0.7566418493915039,-0.7595189056952963
2022-02-22,38.35174560546875,38.98112624558564,38.20650415606195,38.35981628491487,34814800,-0.020605922687946587,-0.020821186993739003,-2.0605922687946587,-2.0821186993739005
2022-02-23,37.81919860839844,38.860094745397404,37.746577876094726,38.40016446682812,25793000,-0.013885860699763719,-0.013983171139778679,-1.388586069976372,-1.3983171139778678
2022-02-24,37.08491516113281,37.730430923237876,36.63305566669024,37.00422684514291,44227300,-0.019415626831991162,-0.019606585882184478,-1.9415626831991162,-1.9606585882184477
2022-02-25,38.505062103271484,38.75519778936062,36.907409056582495,36.96389150686473,31199200,0.03829446382628032,0.03757942835339174,3.8294463826280323,3.7579428353391737
2022-02-28,37.87568283081055,38.06126847136951,37.3915466448361,37.778856209228216,35296100,-0.016345364429563247,-0.016480423649163533,-1.6345364429563247,-1.6480423649163534
2022-03-01,36.91547775268555,38.03706226732628,36.665338981122126,37.67395859185124,29854500,-0.0253514922071294,-0.025678377809602086,-2.53514922071294,-2.5678377809602084
2022-03-02,38.488929748535156,38.674515410626114,37.117206291707255,37.20596532098188,36516200,0.04262309718408397,0.0417397465537164,4.262309718408397,4.17397465537164
2022-03-03,38.59382247924805,39.20706185166921,38.31140713981948,38.47278689405541,30553300,0.0027252701334694596,0.002721563318007641,0.27252701334694596,0.2721563318007641
2022-03-04,39.25547409057617,39.35230070545291,38.25492214330786,38.327542873981066,33217300,0.017143977165876567,0.016998677514191794,1.7143977165876567,1.6998677514191793
2022-03-07,38.71485137939453,39.408782103312944,38.34368013387712,38.93271356560584,33171300,-0.013771906306219495,-0.013867618786069721,-1.3771906306219495,-1.3867618786069722
2022-03-08,38.27912521362305,39.069882512790365,37.49643859397203,38.39209318041469,32913300,-0.01125475496474182,-0.011318568978579696,-1.125475496474182,-1.1318568978579695
2022-03-09,39.33616638183594,39.715408355522996,38.73099459134615,38.83589189688866,24718900,0.027614036692685584,0.027239645845668195,2.7614036692685584,2.7239645845668194
2022-03-10,39.69926834106445,39.77188907587986,38.77133707154118,38.98113167348026,24542300,0.009230740883691801,0.009188397966600472,0.9230740883691801,0.9188397966600472
2022-03-11,40.562644958496094,41.07099008315752,39.489472259551164,39.650852006212546,33701900,0.021747922657268992,0.021514810337862306,2.174792265726899,2.1514810337862307
2022-03-14,42.16029739379883,42.69284839565063,40.65947100365396,40.925748043611165,42314500,0.03938728445685591,0.03863138997576919,3.938728445685591,3.863138997576919
2022-03-15,42.128021240234375,42.70091641425683,41.29691970389018,42.45884833433802,30172100,-0.0007655580145219387,-0.0007658512037038403,-0.07655580145219387,-0.07658512037038402
2022-03-16,42.70092010498047,42.983335454347646,42.10381899477631,42.39430194701094,29891400,0.013598997718861527,0.013507361191293806,1.3598997718861527,1.3507361191293805
2022-03-17,43.76602554321289,43.774093146127164,42.596026124616266,42.700920352816425,30598600,0.024943383786903306,0.02463737573499406,2.4943383786903306,2.4637375734994063
2022-03-18,43.983882904052734,44.37926314826674,43.338366964781414,43.878988680089314,51815000,0.004977773470079994,0.004965425316308681,0.49777734700799936,0.49654253163086814
2022-03-21,43.72567367553711,44.621328329493075,43.49167627898619,43.7660209200352,34592500,-0.00587054192279679,-0.005887841291703297,-0.587054192279679,-0.5887841291703297
2022-03-22,42.79774475097656,43.830570167498614,42.36202037410787,43.7337435542153,32253600,-0.02122160384414362,-0.021450019422779243,-2.122160384414362,-2.1450019422779243
2022-03-23,42.11188888549805,43.16892344620885,42.08768299751774,42.781613848208565,29183700,-0.016025514182330003,-0.016155311313130517,-1.6025514182330003,-1.6155311313130516
2022-03-24,42.43464660644531,42.64443814210834,42.19257850281476,42.394302435517375,25177500,0.007664289811954106,0.007635068355626334,0.7664289811954106,0.7635068355626334
2022-03-25,42.587955474853516,42.96719745142368,42.370093259253395,42.55568198510984,17429600,0.0036128230271372797,0.0036063124583345122,0.36128230271372797,0.36063124583345124
2022-03-28,42.99140167236328,43.21733456019179,42.362024014837225,42.386229900722746,21863700,0.009473246438138627,0.009428656624765695,0.9473246438138627,0.9428656624765694
2022-03-29,42.5556755065918,43.636915739005296,42.45884581791301,43.57236261321944,39970000,-0.01013519329032686,-0.010186904057632166,-1.013519329032686,-1.0186904057632167
2022-03-30,42.313602447509766,43.34643086689236,41.93436362390378,42.92684480246542,27599600,-0.005688384832348237,-0.0057046253106927515,-0.5688384832348237,-0.5704625310692751
2022-03-31,41.772987365722656,42.668642012471004,41.748781481668665,41.95857299228255,26055200,-0.012776389872683258,-0.012858709861617083,-1.2776389872683258,-1.2858709861617084
2022-04-01,41.61160659790039,42.087675133628004,41.232364674065465,42.055398570309606,19073100,-0.003863280507313882,-0.003870762251052542,-0.3863280507313882,-0.3870762251052542
2022-04-04,41.10326385498047,41.85367706580474,40.643333574547874,41.78105633320682,20462800,-0.012216369048955955,-0.012291602230730014,-1.2216369048955955,-1.2291602230730014
2022-04-05,41.34532928466797,42.07960411112768,40.94994911131479,40.99836395235668,21176700,0.0058892021456384835,0.005871928579850668,0.5889202145638484,0.5871928579850668
2022-04-06,42.66056823730469,42.83808624898817,41.28077754120766,41.28077754120766,31717500,0.031811064886704044,0.031315573638623063,3.1811064886704044,3.1315573638623064
2022-04-07,44.508365631103516,44.7100895513094,42.362023243235434,42.362023243235434,36305700,0.04331394236289188,0.04240213011656553,4.331394236289188,4.240213011656553
2022-04-08,44.516441345214844,44.84727158957561,43.94354604617396,44.25823492654675,24612200,0.00018144261189600996,0.00018142615317614947,0.018144261189600996,0.018142615317614946
2022-04-11,43.5158805847168,45.44436060416724,43.39484501173822,44.750429885623355,22054300,-0.022476207222830946,-0.022732646981838255,-2.2476207222830946,-2.2732646981838256
2022-04-12,42.85423278808594,43.51588704160345,42.48306149036889,43.00754186895265,22810700,-0.01520474336587907,-0.015321520701355626,-1.520474336587907,-1.5321520701355626
2022-04-13,42.84615707397461,43.42712291733022,42.523400666159056,42.87036603615615,15777800,-0.00018844612505986014,-0.00018846388326189644,-0.018844612505986014,-0.018846388326189643
2022-04-14,42.86229705810547,43.49974537509298,42.79774700520415,43.08822993841683,17240100,0.0003766961901154886,0.00037662525791836473,0.03766961901154886,0.037662525791836474
2022-04-18,41.82947540283203,42.85423336489309,41.66002803568869,42.628303542035304,17065000,-0.024096274025475428,-0.02439133885397384,-2.409627402547543,-2.4391338853973843
2022-04-19,40.49002456665039,41.86174780770512,39.83643797230773,41.6842297770796,33441500,-0.0320216981753243,-0.032545607427166785,-3.20216981753243,-3.2545607427166785
2022-04-20,40.143062591552734,40.473889717928444,39.707338158356556,40.34478652417361,24751800,-0.00856907297071463,-0.008605998573284793,-0.8569072970714631,-0.8605998573284793
2022-04-21,39.626644134521484,40.35284834098939,39.47333199775257,40.28829829239918,19105600,-0.012864450883723011,-0.012947914513856632,-1.286445088372301,-1.2947914513856633
2022-04-22,38.83589553833008,39.61858236766926,38.65030987454602,39.497549845060455,22156800,-0.019954972556016415,-0.020156762001609818,-1.9954972556016415,-2.015676200160982
2022-04-25,39.49753952026367,39.69119273704141,38.020919121537105,38.6099525295015,27390600,0.017036918365396447,0.01689341765179297,1.7036918365396447,1.689341765179297
2022-04-26,39.56209182739258,40.5465054828008,39.47333281543773,39.52981834146018,25366500,0.0016343374274183642,0.001633003351360861,0.16343374274183642,0.1633003351360861
2022-04-27,40.13499450683594,40.27216530190139,38.900441960932355,39.62664934087564,25819200,0.01448110180682316,0.014377252024296591,1.448110180682316,1.4377252024296592
2022-04-28,40.75630569458008,40.966100327278276,39.9332746834201,40.69982323456053,28225400,0.015480535013859598,0.015361933970656745,1.5480535013859598,1.5361933970656745
2022-04-29,39.594364166259766,40.619121878278165,39.537881724327136,40.23987998696286,28343300,-0.028509490949147342,-0.028923779588736945,-2.8509490949147342,-2.8923779588736944
2022-05-02,39.00532913208008,39.34422376929298,38.29526022041129,38.47277821784402,36228400,-0.014876739318411158,-0.014988507891317069,-1.4876739318411158,-1.4988507891317069
2022-05-03,39.771881103515625,40.37705274631509,38.48891709765827,39.432983382955605,33716900,0.019652493351353106,0.01946187645441416,1.9652493351353106,1.9461876454414158
2022-05-04,40.0704345703125,40.239881904183676,38.65836729859459,39.44912460138914,28613700,0.007506646869928524,0.007478612206445536,0.7506646869928524,0.7478612206445536
2022-05-05,39.09410095214844,39.981685074281074,38.36789352272129,39.909064331338364,28333000,-0.024365436228321102,-0.024667185047683334,-2.4365436228321102,-2.4667185047683335
2022-05-06,39.57016372680664,39.71540519119711,38.763268070443026,38.80361223764868,19891400,0.01217735574072698,0.012103808218540145,1.217735574072698,1.2103808218540144
2022-05-09,39.247406005859375,39.67505973806935,38.54540761497098,39.03761448007602,25012300,-0.008156593012240032,-0.008190040016924654,-0.8156593012240032,-0.8190040016924653
2022-05-10,39.93326187133789,40.26408892162348,39.287742972969895,39.570158260521445,27335900,0.01747518970747075,0.01732425445744736,1.747518970747075,1.732425445744736
2022-05-11,39.9009895324707,40.538437819119125,39.562091767164716,39.59436833111054,29699500,-0.0008081568435648334,-0.0008084835783538981,-0.08081568435648334,-0.08084835783538981
2022-05-12,40.991050720214844,41.02359050146305,39.632547436327805,39.86031969873657,33468400,0.02731915174326871,0.026952643861272333,2.731915174326871,2.695264386127233
2022-05-13,40.60871124267578,41.31643743682982,40.41347878461975,40.98291247641713,22423700,-0.009327389047641854,-0.009371161542215563,-0.9327389047641854,-0.9371161542215564
2022-05-16,41.21882247924805,41.52794419100224,40.56804237805313,40.56804237805313,19435600,0.015024146738522814,0.014912402100945967,1.5024146738522814,1.4912402100945967
2022-05-17,41.76384735107422,41.91027324211756,40.82021555499705,41.4465922882016,19918200,0.013222718142920531,0.01313606106428293,1.322271814292053,1.3136061064282931
2022-05-18,40.99918746948242,41.82893017426884,40.80395188395574,41.666237473355025,22276000,-0.01830913409782231,-0.018478820694699413,-1.830913409782231,-1.8478820694699412
2022-05-19,41.202552795410156,41.39778526046146,40.34026728246865,40.67379225483171,19865500,0.004960228201573713,0.004947966799188119,0.4960228201573713,0.49479667991881193
2022-05-20,42.683074951171875,42.87017400723469,41.59301728742394,41.706903399534895,31250400,0.035932777347879474,0.03530225500221033,3.5932777347879474,3.5302255002210328
2022-05-23,43.0166015625,43.68365147628855,42.69120999828727,42.77255944092242,24035800,0.007814024919940099,0.007783653539765508,0.7814024919940099,0.7783653539765508
2022-05-24,43.4477424621582,43.61043824319648,42.878308780106224,42.878308780106224,26729800,0.010022662971917562,0.00997276918748377,1.0022662971917562,0.9972769187483769
2022-05-25,43.69179153442383,43.968373475249756,43.15489754378107,43.276920174767135,24003900,0.005617071415809027,0.005601354498062824,0.5617071415809027,0.5601354498062824
2022-05-26,43.9195556640625,44.676085231781414,43.830072837998,43.97649871643743,23516300,0.005212973001100796,0.005199432494490123,0.5212973001100796,0.5199432494490123
2022-05-27,43.8544807434082,44.261218647948496,43.537225674373,43.86261413610687,21407500,-0.001481684403914496,-0.0014827831837483131,-0.1481684403914496,-0.1482783183748313
2022-05-31,43.14675521850586,43.52095332476321,42.25193001721994,43.37452743915576,66058200,-0.01613804365951188,-0.01626968004306533,-1.613804365951188,-1.626968004306533
2022-06-01,42.60172653198242,43.34198938159637,42.17058535347567,43.31758610074924,17430600,-0.012631973917001993,-0.012712435610991847,-1.2631973917001993,-1.2712435610991846
2022-06-02,42.853912353515625,42.90272202658336,41.51981232130837,42.601733697412286,21903400,0.005919615049964744,0.005902162967997919,0.5919615049964744,0.5902162967997918
2022-06-03,43.276920318603516,43.545365763234905,42.67494676192361,42.67494676192361,18125000,0.00987092990713112,0.009822530515895555,0.9870929907131121,0.9822530515895554
2022-06-06,43.325721740722656,43.699922984384806,43.11421938836062,43.26877868034965,16544400,0.0011276546889165129,0.0011270193639410647,0.11276546889165129,0.11270193639410647
2022-06-07,43.89515686035156,43.903293356760464,43.12235416920622,43.34199302478421,15091200,0.013143119069928488,0.013057497685872969,1.3143119069928488,1.305749768587297
2022-06-08,43.49654769897461,44.38323635703605,43.44773803868333,43.976498497432885,12789800,-0.009080937166828895,-0.009122420204286079,-0.9080937166828895,-0.9122420204286078
2022-06-09,42.12177658081055,43.642978584556516,42.056700129451826,43.33385690690173,17572700,-0.031606442140613145,-0.0321167062953928,-3.1606442140613145,-3.21167062953928
2022-06-10,40.649383544921875,41.78824771409578,40.633113657812636,41.73944115593173,23826000,-0.034955625223069275,-0.035581194475594505,-3.4955625223069275,-3.5581194475594504
2022-06-13,38.973636627197266,40.088097923815475,38.81094079992133,39.71389969329619,26989000,-0.04122441157988854,-0.04209823730077718,-4.122441157988854,-4.2098237300777175
2022-06-14,38.98176574707031,39.42917999880313,38.41233506880028,38.84347632610886,23290300,0.00020857996780754284,0.00020855821803038353,0.020857996780754284,0.020855821803038355
2022-06-15,39.461708068847656,39.844042672127905,38.37978691301151,38.94922057021338,25748000,0.012311969778162624,0.012236793891457468,1.2311969778162624,1.2236793891457467
2022-06-16,38.62383270263672,39.046840513917175,38.2821743376587,38.79466188512573,20424500,-0.021232617826606015,-0.0214612722706916,-2.1232617826606015,-2.1461272270691603
2022-06-17,37.851036071777344,39.0712500326023,37.64766707830652,38.542492511476894,45047700,-0.020008284439535173,-0.020211160862980332,-2.0008284439535173,-2.0211160862980333
2022-06-21,39.13631820678711,39.404763586374024,38.19268647591623,38.4936716297451,19622100,0.03395632638885959,0.03339253765925555,3.3956326388859592,3.3392537659255552
2022-06-22,39.91725540161133,40.332129778091634,38.85973753141825,39.071239864191355,20382900,0.01995428365790386,0.019757806348504534,1.995428365790386,1.9757806348504534
2022-06-23,40.74700927734375,40.812085737810015,39.844050502536966,40.04741948413617,20061700,0.020786846875723075,0.020573748411466943,2.0786846875723075,2.0573748411466943
2022-06-24,41.96721649169922,42.007889660916774,40.917831968801316,41.20255035965198,24343200,0.02994593311254201,0.02950630874003904,2.994593311254201,2.950630874003904
2022-06-27,42.20313262939453,42.48784796708361,41.6987753123961,41.877741012180344,16154300,0.005621438766184816,0.0056056974443157775,0.5621438766184816,0.5605697444315777
2022-06-28,41.21068572998047,42.27634019234022,41.00731677096889,42.16245407179998,16417900,-0.023515953380266907,-0.023796866105839642,-2.3515953380266907,-2.3796866105839642
2022-06-29,41.4384651184082,41.845203106585934,41.21069283804134,41.26763590813306,13925700,0.005527192386949986,0.005511973511788939,0.5527192386949986,0.5511973511788939
2022-06-30,42.65053176879883,43.02472985103654,41.5604741921159,42.04855837736826,33495700,0.029249795978861792,0.028830183444745194,2.9249795978861792,2.8830183444745194
2022-07-01,42.552921295166016,42.60172785837986,41.690635808141515,42.33328245121174,16143300,-0.002288610940701541,-0.0022912338133079368,-0.2288610940701541,-0.22912338133079369
2022-07-05,42.00788879394531,42.211257738999784,40.999180564246885,42.09737162627549,18406800,-0.012808345106088415,-0.012891079175179497,-1.2808345106088415,-1.2891079175179498
2022-07-06,42.91086196899414,43.08169119605426,41.95909647266072,42.007903050012246,21305500,0.021495323877808836,0.02126755756345537,2.1495323877808836,2.126755756345537
2022-07-07,43.45587921142578,43.55349854948746,42.943391650840724,43.07354766509213,17847600,0.012701148786651073,0.012621165735483613,1.2701148786651073,1.2621165735483613
2022-07-08,43.25251007080078,43.862616966987346,42.91898509167869,43.15489383629689,11322700,-0.004679899344241734,-0.004690884359086483,-0.46798993442417336,-0.4690884359086483
2022-07-11,43.02473831176758,43.71619466387279,42.910852186357445,43.114221154065305,12921400,-0.00526609342811224,-0.005280008170496185,-0.526609342811224,-0.5280008170496185
2022-07-12,42.33327865600586,42.935248971545526,42.064830169740326,42.86203603012436,14633500,-0.016071211189042867,-0.016201753643208656,-1.6071211189042867,-1.6201753643208656
2022-07-13,42.129905700683594,42.552913421529716,41.90213040289665,42.186848749339475,12927300,-0.004804091763712548,-0.004815668504581593,-0.4804091763712548,-0.4815668504581593
2022-07-14,41.804527282714844,41.96722308832231,41.186286945203726,41.28390318730245,14023800,-0.007723217333559629,-0.007753195829932339,-0.7723217333559629,-0.7753195829932339
2022-07-15,42.09737777709961,42.227533796824936,41.02358983857456,41.51981063351622,19885700,0.007005233964357149,0.006980811304205995,0.7005233964357149,0.6980811304205995
2022-07-18,41.283897399902344,42.276338882134134,41.09679833578985,42.26820238625397,15742900,-0.019323777872924608,-0.019512922694993506,-1.9323777872924608,-1.9512922694993506
2022-07-19,41.78824996948242,41.902136082230086,41.170009741782046,41.519804575600624,13402100,0.012216689831742178,0.012142668331872502,1.2216689831742178,1.2142668331872501
2022-07-20,41.340843200683594,41.861467257646815,41.08866456545771,41.80452419536422,12774400,-0.010706520831228028,-0.010764248033450097,-1.0706520831228028,-1.0764248033450097
2022-07-21,41.58489227294922,41.60116216533752,40.82022594968699,41.137481093347226,15103800,0.0059033404587545135,0.005885984018288629,0.5903340458754514,0.5885984018288629
2022-07-22,41.67436218261719,41.91840428629636,41.446589966271794,41.69876546203599,10932100,0.0021515003352832185,0.0021491891728210645,0.21515003352832185,0.21491891728210644
2022-07-25,42.113643646240234,42.203126483100434,41.76384879478526,41.76384879478526,12995800,0.010540808319947637,0.01048564133107097,1.0540808319947637,1.048564133107097
2022-07-26,42.5447883605957,42.992199478771184,42.06483746211111,42.17059019653361,16632500,0.010237649299052354,0.010185599511022264,1.0237649299052354,1.0185599511022265
2022-07-27,42.26007080078125,42.50411293383553,41.641827420335396,42.25193430455313,19203500,-0.006692184184847294,-0.00671467725745079,-0.6692184184847294,-0.6714677257450791
2022-07-28,41.579647064208984,42.899506203412905,40.251588294004634,41.686217249270996,38984900,-0.01610086598718352,-0.016231893268527465,-1.6100865987183521,-1.6231893268527464
2022-07-29,41.407493591308594,41.57145182898174,40.39915465139716,41.448485496159336,25037900,-0.004140330307146334,-0.004148925206691346,-0.4140330307146334,-0.41489252066913457
2022-08-01,41.48946762084961,42.055120166513035,41.112365923740654,41.25172837070766,19709900,0.0019796906895668265,0.0019777336843713046,0.19796906895668265,0.19777336843713045
2022-08-02,40.735260009765625,42.194484612066866,40.68607473673658,41.7272057548348,17802000,-0.018178290885202286,-0.01834554605772637,-1.8178290885202286,-1.834554605772637
2022-08-03,40.874637603759766,41.046792364487125,40.44834739107039,40.81725268351731,16500100,0.003421546688562316,0.003415706515516346,0.3421546688562316,0.3415706515516346
2022-08-04,40.874637603759766,41.0303962262402,40.34177405608714,40.90742988025363,17026300,0.0,0.0,0.0,0.0
2022-08-05,40.39095687866211,40.96480912887988,40.218802141769736,40.694277576126275,16376600,-0.011833272499843894,-0.011903842940853466,-1.1833272499843894,-1.1903842940853466
2022-08-08,40.63689041137695,40.83364090495059,40.120423102083784,40.48932832300748,16071800,0.006088826601797326,0.0060703646004847175,0.6088826601797326,0.6070364600484718
2022-08-09,40.809051513671875,41.07958309369107,40.59590797897719,40.78445887084958,12095600,0.004236571759110852,0.00422762275546989,0.4236571759110852,0.42276227554698903
2022-08-10,40.94841003417969,41.03038758089758,40.481131137953184,40.93201389938752,17355100,0.003414892415745774,0.003409074910980067,0.3414892415745774,0.3409074910980067
2022-08-11,39.58755874633789,40.27618071272956,39.19406092657732,39.530173843075474,44048800,-0.033233312031062834,-0.033798086715671305,-3.3233312031062834,-3.3798086715671305
2022-08-12,41.0795783996582,41.30911804575349,39.80070795589205,39.80070795589205,25835500,0.03768910487460486,0.036996226272257335,3.768910487460486,3.6996226272257333
2022-08-15,40.78445816040039,41.04679010341344,40.48933394269985,40.96481254393815,15797800,-0.00718411071278835,-0.00721004070005668,-0.718411071278835,-0.721004070005668
2022-08-16,40.874637603759766,41.136969561223445,40.46474352931732,40.48113966756425,12874800,0.0022111227518264442,0.002208681817389522,0.22111227518264442,0.2208681817389522
2022-08-17,40.39095687866211,40.874631944628675,40.37456074268524,40.7024772077363,13607200,-0.011833272499843894,-0.011903842940853466,-1.1833272499843894,-1.1903842940853466
2022-08-18,39.82530212402344,40.59590171014617,39.66134390029181,40.48932839563416,18916300,-0.014004490072813791,-0.01410347821625349,-1.400449007281379,-1.4103478216253489
2022-08-19,40.292579650878906,40.53851541444344,39.94826708009423,40.038444256424576,15350200,0.011733182221701055,0.011664882171340294,1.1733182221701055,1.1664882171340294
2022-08-22,40.0876350402832,40.497529046309644,39.95646908344447,40.34176732258402,13601200,-0.005086410757799031,-0.005099390577500732,-0.5086410757799031,-0.5099390577500732
2022-08-23,39.3580207824707,39.77611441668482,39.15307378102071,39.69413373975898,16248900,-0.01820048144719255,-0.01836814773026743,-1.8200481447192551,-1.836814773026743
2022-08-24,38.88254928588867,39.35802475102955,38.84156050691429,39.267850688183266,15551500,-0.012080675987492628,-0.01215424042607635,-1.2080675987492628,-1.215424042607635
2022-08-25,39.26784896850586,39.308837745685196,38.751381619765155,38.95632863290507,14460000,0.009909321525814141,0.009860546155131957,0.9909321525814141,0.9860546155131957
2022-08-26,38.382476806640625,39.31703469681512,38.28410311484417,39.03830663068911,16546700,-0.022546999265871004,-0.022805069368954014,-2.2546999265871004,-2.280506936895401
2022-08-29,37.898799896240234,38.27590163596566,37.808622713426956,38.02176935048437,13400500,-0.012601503358863675,-0.012681575701437877,-1.2601503358863675,-1.2681575701437877
2022-08-30,37.5872802734375,37.99717429224158,37.546291497005726,37.988977787852505,16303000,-0.008219775392772743,-0.008253744017570456,-0.8219775392772743,-0.8253744017570456
2022-08-31,37.079010009765625,37.947986395536326,36.99703246255307,37.71844363430384,26416800,-0.013522400662520528,-0.013614660987133159,-1.3522400662520528,-1.3614660987133158
2022-09-01,38.22671890258789,38.24311503939557,37.00523329198427,37.00523329198427,19947600,0.03095306192155589,0.03048367724923063,3.095306192155589,3.048367724923063
2022-09-02,37.46430587768555,38.366071273997754,37.324940315132565,38.316886003767,14667700,-0.019944506010185714,-0.020146082400521664,-1.9944506010185714,-2.0146082400521665
2022-09-06,37.51349639892578,38.070952472683466,37.32494553974935,37.67745461954444,17153500,0.0013129970004204239,0.001312135773635231,0.1312997000420424,0.1312135773635231
2022-09-07,37.81681442260742,37.882395824487254,37.20197353467691,37.4643053966812,15378900,0.008085570602540004,0.008053057516873694,0.8085570602540004,0.8053057516873694
2022-09-08,38.59561538696289,38.628404525879475,37.60366966272404,37.72663909719974,18271000,0.020594039351180538,0.020384849292819633,2.0594039351180538,2.0384849292819633
2022-09-09,39.21865463256836,39.341624072765676,38.6120101893672,38.69399085857966,17501700,0.016142746769518324,0.016013838076155678,1.6142746769518324,1.6013838076155678
2022-09-12,39.153072357177734,39.6367473881001,39.095687449038046,39.415407386557256,13744800,-0.0016722214467848051,-0.0016736211697171296,-0.1672221446784805,-0.16736211697171297
2022-09-13,37.86600875854492,38.79237012712211,37.726646291655875,38.636611524026726,16603200,-0.032872607975472534,-0.033425052780147485,-3.2872607975472534,-3.3425052780147486
2022-09-14,37.83321762084961,38.04636112582014,37.52989380787204,37.87420639558513,17162500,-0.0008659781891565688,-0.00086635336488025,-0.08659781891565688,-0.086635336488025
2022-09-15,37.66106033325195,37.94798801522844,37.46431296064709,37.800425922153245,15802000,-0.004550426805432051,-0.004560811512696557,-0.45504268054320507,-0.45608115126965565
2022-09-16,37.734840393066406,38.2185154350002,37.41512357551141,37.78402879855295,30629500,0.0019590542369649633,0.001957137792750526,0.19590542369649633,0.19571377927505262
2022-09-19,37.25116729736328,37.61187603529089,36.71010731771505,37.4479178023459,16256200,-0.012817679647374347,-0.012900534872431419,-1.2817679647374347,-1.290053487243142
2022-09-20,36.701908111572266,37.11180210013942,36.43137657804132,36.890458971044005,15369000,-0.014744750987437993,-0.014854535326633472,-1.4744750987437993,-1.4854535326633473
2022-09-21,36.00508499145508,36.874061337710664,35.98869198455239,36.73469888833799,17505200,-0.018986018873974442,-0.0191685676059711,-1.8986018873974442,-1.91685676059711
2022-09-22,36.53794860839844,36.89045767637433,35.67717188806494,35.800138203973816,18508100,0.014799676686496399,0.014691230144689496,1.47996766864964,1.4691230144689496
2022-09-23,36.136253356933594,36.5297511869914,35.72635939305137,36.43137438404487,18871700,-0.010993919110513839,-0.011054798855085209,-1.099391911051384,-1.1054798855085208
2022-09-26,35.931304931640625,36.341198879057515,35.800135866314285,35.91490879847483,18680200,-0.0056715460584306765,-0.0056876903467648595,-0.5671546058430676,-0.568769034676486
2022-09-27,36.14445114135742,36.54614861618691,35.857526607366985,36.251024451372245,21562700,0.005932047559149556,0.005914522238232431,0.5932047559149556,0.5914522238232431
2022-09-28,36.42318344116211,36.73470377689765,36.251028700588485,36.619930822605326,16532600,0.0077116207606693354,0.007682038202269468,0.7711620760669335,0.7682038202269468
2022-09-29,36.201839447021484,36.578941192025944,36.0296847104642,36.40678645546867,13559900,-0.006077008466274902,-0.0060955486328861785,-0.6077008466274902,-0.6095548632886179
2022-09-30,35.873924255371094,36.57074598515981,35.84933161420273,36.21003723605963,22962300,-0.009057970441813334,-0.009099243277199956,-0.9057970441813334,-0.9099243277199955
2022-10-03,36.18544006347656,36.30020987754763,35.65257976568335,36.12805515644103,22834300,0.008683627859832788,0.00864614201586274,0.8683627859832788,0.8646142015862741
2022-10-04,36.44777297973633,36.75929328895645,36.14445230160364,36.27561825381586,28198800,0.007249681523827878,0.007223528905430322,0.7249681523827878,0.7223528905430322
2022-10-05,36.16904830932617,36.373995324200116,35.8083426889556,36.16904830932617,15673400,-0.007647234594144292,-0.007676624623455781,-0.7647234594144292,-0.7676624623455781
2022-10-06,35.32466506958008,35.89031766416475,35.28367629500027,35.87392152888421,22068200,-0.023345464678106276,-0.023622286888399617,-2.3345464678106276,-2.3622286888399615
2022-10-07,34.69343185424805,35.29187678701835,34.36551536606876,35.29187678701835,20095000,-0.017869474886419212,-0.018031061829499127,-1.7869474886419212,-1.8031061829499127
2022-10-10,34.22615051269531,34.93936522858926,34.22615051269531,34.71802208353738,17888000,-0.013468870520386922,-0.01356039853875683,-1.3468870520386922,-1.356039853875683
2022-10-11,34.365516662597656,34.89838019418181,33.98021837078052,34.1523731263101,20981200,0.00407192009076951,0.004063652260520097,0.40719200907695097,0.4063652260520097
2022-10-12,34.455684661865234,35.36564973718164,34.36550749191601,34.50487306199463,18803600,0.0026237929187229447,0.0026203567832423853,0.2623792918722945,0.2620356783242385
2022-10-13,35.23448944091797,35.38205153769849,34.185161754694896,34.23434703545961,23135200,0.022603085287540292,0.02235142076026679,2.260308528754029,2.235142076026679
2022-10-14,35.13611602783203,35.56240618551573,34.72622200627961,35.16070866840735,16980500,-0.002791963631284977,-0.0027958684314778014,-0.2791963631284977,-0.27958684314778015
2022-10-17,35.783748626708984,35.91491458592922,35.406643757613054,35.406643757613054,16678400,0.018432105539609056,0.018264293235086188,1.8432105539609056,1.8264293235086186
2022-10-18,36.14445114135742,36.36579426496842,35.759149800933514,36.111658872546265,18442800,0.010080065071192967,0.010029600058997378,1.0080065071192967,1.0029600058997379
2022-10-19,35.341060638427734,36.12805635582136,35.037739958707,35.99689040292242,23054700,-0.022227215452455096,-0.02247796257783606,-2.2227215452455096,-2.247796257783606
2022-10-20,35.177101135253906,35.58699511405073,35.10332009398076,35.47222530034648,17715000,-0.004639348684276623,-0.004650143863725225,-0.4639348684276623,-0.46501438637252246
2022-10-21,36.8494758605957,37.02163061171203,35.24269192902316,35.505023871841395,36575700,0.04754157310778995,0.046446059957675034,4.754157310778995,4.644605995767503
2022-10-24,37.33314895629883,37.60367738959436,36.88226614931076,36.956047199708316,24972000,0.013125643836370937,0.013040249003094166,1.3125643836370937,1.3040249003094166
2022-10-25,37.374141693115234,37.562692591385066,36.800289365591105,37.11180973663168,23127000,0.0010980251589383094,0.0010974227702317905,0.10980251589383094,0.10974227702317904
2022-10-26,37.75944519042969,38.24312034804499,37.39873638507631,37.644672216843944,21407900,0.010309360425671876,0.010256581404840615,1.0309360425671876,1.0256581404840615
2022-10-27,37.49709701538086,37.80041763924086,37.44790861938636,37.55448191375323,20377700,-0.006947882145135975,-0.006972131062641685,-0.6947882145135975,-0.6972131062641684
2022-10-28,38.88254928588867,38.95633033893991,37.65286715319705,37.693855932171424,27854000,0.03694825415256853,0.03628202843878659,3.6948254152568527,3.6282028438786593
2022-10-31,38.161128997802734,38.84975101083082,38.152932494171296,38.595618744098545,29961700,-0.018553832023245342,-0.01872811345670982,-1.8553832023245342,-1.872811345670982
2022-11-01,39.3580207824707,39.69413373975898,38.85795272581689,39.34982427839965,30614500,0.03136416075994197,0.030882353882786224,3.1364160759941973,3.088235388278622
2022-11-02,38.58742141723633,39.489186978197125,38.489047731570786,39.16127365023096,25813100,-0.019579220446409917,-0.01977343257768777,-1.9579220446409917,-1.977343257768777
2022-11-03,38.50473403930664,38.69490091199306,38.16574036990119,38.3311038278163,20124600,-0.00214285834328265,-0.0021451575493915374,-0.21428583432826498,-0.21451575493915376
2022-11-04,39.042171478271484,39.306751796682065,38.537814260661875,39.24887504915763,24528500,0.013957697731822094,0.01386118608556936,1.3957697731822094,1.386118608556936
2022-11-07,38.93467712402344,39.39769416771519,38.653560196433006,38.99255386022921,20304400,-0.0027532883079485204,-0.002757085577789184,-0.27532883079485204,-0.2757085577789184
2022-11-08,39.149654388427734,39.480381357755135,38.653567088482774,38.89334398354283,18054500,0.0055214857367251735,0.005506298213834289,0.5521485736725174,0.550629821383429
2022-11-09,38.628761291503906,39.273675372537184,38.612224628651006,38.99255841212982,15348100,-0.013305177403502122,-0.01339448432392697,-1.3305177403502122,-1.339448432392697
2022-11-10,39.17445373535156,39.480374075421025,38.73624010871634,39.29847396043864,20480600,0.014126584068531178,0.014027733737079726,1.4126584068531178,1.4027733737079726
2022-11-11,39.35635757446289,39.439040893016774,38.28976957450967,38.91814702528867,20909800,0.004643430137921012,0.004632682673423024,0.4643430137921012,0.46326826734230236
2022-11-14,40.71232986450195,41.191880428226376,39.629202199709496,39.67881218383781,26143000,0.03445370388948055,0.033873465041086716,3.4453703889480547,3.3873465041086717
2022-11-15,40.15837478637695,40.95211584610646,39.83591767798975,40.79502224700789,25440500,-0.013606567837524008,-0.013699985545820153,-1.3606567837524008,-1.3699985545820152
2022-11-16,39.728424072265625,40.56350823083331,39.728424072265625,40.34853475961851,15822200,-0.010706377347152518,-0.01076410299654434,-1.0706377347152518,-1.076410299654434
2022-11-17,39.959938049316406,40.10049497135623,39.298484062634266,39.52172431003253,13231100,0.005827414060765701,0.005810500360394262,0.5827414060765701,0.5810500360394262
2022-11-18,39.877254486083984,40.373344973136334,39.579600824661846,40.21624823291557,20666500,-0.002069161446906609,-0.002071305119032888,-0.20691614469066089,-0.2071305119032888
2022-11-21,39.83591079711914,39.91859096045878,39.455576999283096,39.76976414321058,14736000,-0.0010367737071586003,-0.0010373115287835425,-0.10367737071586003,-0.10373115287835426
2022-11-22,40.580039978027344,40.72059686952337,39.88551596617212,39.96819611951735,16358600,0.01867985860039667,0.018507532749035775,1.867985860039667,1.8507532749035775
2022-11-23,40.38987350463867,40.69579703785504,40.11702645133694,40.48082357375457,10710800,-0.004686207147445942,-0.004697221841056221,-0.4686207147445942,-0.4697221841056221
2022-11-25,40.68752670288086,40.69579661128432,40.38160632691709,40.456019732318644,6760200,0.0073695006301022215,0.007342478538668218,0.7369500630102221,0.7342478538668218
2022-11-28,40.98517990112305,41.12573995611668,40.563506044233925,40.66272286572915,20704000,0.007315588396802575,0.007288959272946591,0.7315588396802575,0.7288959272946591
2022-11-29,40.91903305053711,41.067856693557424,40.59657288753047,40.9272998041316,17160900,-0.0016139211965280342,-0.0016152249703232735,-0.16139211965280342,-0.16152249703232735
2022-11-30,41.448204040527344,41.448204040527344,40.54697627739042,41.043063623281064,35572700,0.012932147964901386,0.012849241744721926,1.2932147964901386,1.2849241744721926
2022-12-01,42.233665466308594,42.29980895377326,41.572211667389105,41.59701823497814,23592600,0.018950433292917568,0.018773110557912795,1.8950433292917568,1.8773110557912795
2022-12-02,42.093109130859375,42.440372721227334,41.73757878659859,41.8037254339242,16881600,-0.003328063853736407,-0.003333614176216806,-0.3328063853736407,-0.3333614176216806
2022-12-05,41.94429016113281,42.19233382683223,41.63009983575551,42.09311699136173,17959800,-0.003535471073517371,-0.003541735621149619,-0.3535471073517371,-0.3541735621149619
2022-12-06,41.10093688964844,42.04350465933511,40.66272633280544,41.89467783737973,21787100,-0.02010650956887239,-0.020311396457513287,-2.010650956887239,-2.0311396457513284
2022-12-07,41.53915023803711,42.29155109622506,41.13400985868385,41.13400985868385,15929900,0.010661882223396146,0.010605445152983334,1.0661882223396146,1.0605445152983335
2022-12-08,42.81243133544922,42.886844727563656,41.35723996682228,41.48953009124291,26116800,0.030652555242841162,0.03019215041369907,3.065255524284116,3.019215041369907
2022-12-09,42.7628288269043,43.68885979132995,42.68841542727795,42.78763224209785,19933500,-0.0011586005979494773,-0.0011592722944910611,-0.11586005979494773,-0.1159272294491061
2022-12-12,43.12663269042969,43.482163082920835,42.78763896201326,43.09355936228024,18532200,0.008507478890089404,0.008471494239951282,0.8507478890089404,0.8471494239951283
2022-12-13,43.879032135009766,44.68104296936035,43.72193856246572,43.90383555329407,29461800,0.017446283135085672,0.01729584395338339,1.7446283135085672,1.7295843953383392
2022-12-14,45.04484176635742,45.4169088245745,43.73847683911834,43.93691050080333,36260300,0.026568718010019365,0.02622189923037579,2.6568718010019365,2.622189923037579
2022-12-15,44.32551574707031,45.00350323022109,44.15188549861504,44.705849573414156,21627100,-0.015969109693362293,-0.01609798983457416,-1.5969109693362293,-1.609798983457416
2022-12-16,42.49824905395508,43.93690392501761,42.49824905395508,43.829417201164894,65689500,-0.04122381121388319,-0.042097611121069814,-4.122381121388319,-4.209761112106982
2022-12-19,42.465179443359375,42.83724647842131,41.9194821766172,42.59746959426517,16081900,-0.0007781405430072885,-0.0007784434515067409,-0.07781405430072885,-0.0778443451506741
2022-12-20,42.43210220336914,42.58919575744078,42.03523178725734,42.341152141626615,12433800,-0.000778926179609174,-0.0007792297002294874,-0.0778926179609174,-0.07792297002294875
2022-12-21,42.71322250366211,43.126629613900434,42.33288871921388,42.671882423447464,12925000,0.006625179656327473,0.006603329607493628,0.6625179656327473,0.6603329607493628
2022-12-22,42.69668960571289,42.74629959877259,42.12618887873443,42.50652269672007,14822300,-0.0003870674461006196,-0.00038714237604045245,-0.03870674461006196,-0.03871423760404524
2022-12-23,42.85378646850586,42.95300330087644,42.36596590778502,42.630546230137384,10666500,0.0036793686874485587,0.003672616368258873,0.36793686874485587,0.3672616368258873
2022-12-27,42.2750129699707,42.93646373109325,42.20886631683544,42.8785869866229,12033800,-0.013505772680332706,-0.01359780521457366,-1.3505772680332706,-1.359780521457366
2022-12-28,42.00216293334961,42.48998346311093,41.96082285198937,42.20886649419685,10053900,-0.006454168016811868,-0.006475086214157025,-0.6454168016811868,-0.6475086214157025
2022-12-29,42.44038009643555,42.72149393428358,42.159263104541225,42.18406652457575,8971300,0.010433204684751951,0.010379154424653618,1.043320468475195,1.0379154424653618
2022-12-30,42.365966796875,42.49825696082742,41.96082639561968,42.40730688172645,11396200,-0.0017533608179629567,-0.0017548997541786675,-0.17533608179629567,-0.17548997541786676
2023-01-03,42.38249206542969,42.44037195782134,42.018694973819954,42.1757885273239,15603800,0.0003900599892814327,0.000389983935660154,0.03900599892814327,0.0389983935660154
2023-01-04,41.448204040527344,41.86161121345168,40.94384678491222,41.58049420970127,21808400,-0.022044197482771866,-0.022290801668671097,-2.2044197482771866,-2.2290801668671096
2023-01-05,41.059593200683594,41.332443401654594,40.447749302596,41.11746994257819,20057400,-0.00937581853881464,-0.009420048202071743,-0.937581853881464,-0.9420048202071744
2023-01-06,42.101375579833984,42.66360946184672,40.976910969854245,41.32417140366143,29635900,0.02537244765330615,0.025055910154020377,2.537244765330615,2.5055910154020378
2023-01-09,40.00953674316406,41.555678340986155,39.94339325039276,41.38204812416005,30839100,-0.04968575985607193,-0.05096256998402396,-4.968575985607194,-5.096256998402396
2023-01-10,39.37289810180664,40.07569218527184,39.17446442589738,39.9764721932708,29212000,-0.015912172276430936,-0.016040130096311795,-1.5912172276430936,-1.6040130096311795
2023-01-11,39.23233413696289,39.472111010199114,38.744513636330446,39.43903768546739,23022200,-0.0035700690480109376,-0.003576456952553342,-0.35700690480109376,-0.35764569525533424
2023-01-12,39.447303771972656,39.45557368003854,38.51300601945854,39.0835066682186,23345300,0.005479399575342381,0.005464442278616831,0.5479399575342381,0.5464442278616831
2023-01-13,39.563053131103516,39.819366635666334,39.26540270670066,39.273669459859576,18737500,0.0029342780890666553,0.002929981497991377,0.29342780890666553,0.29299814979913774
2023-01-17,38.099605560302734,38.645302887929894,37.79368198953795,38.47993939233608,29391400,-0.03699025871312889,-0.03769175167248279,-3.6990258713128887,-3.769175167248279
2023-01-18,37.206642150878906,37.90943301877705,37.18183873207308,37.66138936858042,33835000,-0.02343760247098825,-0.023716631547613515,-2.343760247098825,-2.3716631547613516
2023-01-19,37.173561096191406,37.42987460207661,36.908980837104636,36.97512747889907,26614900,-0.0008891169096462148,-0.000889512408532934,-0.08891169096462148,-0.0889512408532934
2023-01-20,37.29759216308594,37.562172476727675,36.98340185786908,37.43814907481293,25197600,0.0033365398212343855,0.003330985922685327,0.33365398212343855,0.33309859226853267
2023-01-23,37.19010925292969,37.471226259364585,37.05781908249247,37.23971924961106,19398600,-0.002881765388132118,-0.0028859256685653716,-0.2881765388132118,-0.28859256685653717
2023-01-24,36.96686935424805,37.16530618883442,36.503855330290655,37.140499613232066,18853100,-0.00600266853650222,-0.006020756973535111,-0.600266853650222,-0.6020756973535112
2023-01-25,37.2645149230957,37.2975882473402,36.867644494299164,37.231441598851205,20828000,0.00805168449606497,0.008019442636346557,0.805168449606497,0.8019442636346557
2023-01-26,36.92241668701172,36.964136295255386,36.38839806228781,36.88069707876805,38465500,-0.00918026805903649,-0.00922266640479718,-0.9180268059036489,-0.922266640479718
2023-01-27,36.53858947753906,36.99751151261007,36.53024364648214,36.89738382094048,23798600,-0.010395506142686362,-0.010449916829576193,-1.0395506142686362,-1.0449916829576193
2023-01-30,36.33833312988281,36.83063215323562,36.21317430340458,36.53859170845096,24402200,-0.0054806808505663,-0.005495754884400453,-0.54806808505663,-0.5495754884400453
2023-01-31,36.847312927246094,36.94744060408875,35.62908277948921,35.879403563096574,49722500,0.014006690828224144,0.013909503597146938,1.4006690828224144,1.3909503597146937
2023-02-01,36.68878173828125,36.86400599030671,36.22151388321151,36.63871630213033,24482300,-0.004302381269371214,-0.004311663144007526,-0.4302381269371214,-0.4311663144007526
2023-02-02,36.99750900268555,37.09763668756243,36.29660884254394,36.40508235791156,35279200,0.008414759220041645,0.008379552499847358,0.8414759220041645,0.8379552499847358
2023-02-03,36.763877868652344,37.03922980673958,36.613684744967735,37.014198680459415,23742000,-0.006314780111716267,-0.006334802672197552,-0.6314780111716267,-0.6334802672197551
2023-02-06,36.513553619384766,36.96413298729855,36.48852249327904,36.872347947575165,18071200,-0.006808972931580337,-0.006832259754199765,-0.6808972931580337,-0.6832259754199765
2023-02-07,36.371707916259766,36.63037456832471,36.08801013699568,36.56362065179108,22999500,-0.003884741118423851,-0.0038923063241354176,-0.3884741118423851,-0.3892306324135418
2023-02-08,36.69711685180664,36.7972445205493,36.32163411527018,36.33832259056082,19362300,0.008946759835861462,0.008906974702687023,0.8946759835861462,0.8906974702687023
2023-02-09,36.16310119628906,36.98916328112625,36.07966199632635,36.81393586840225,20809200,-0.014551978502128193,-0.01465889706002145,-1.4551978502128193,-1.465889706002145
2023-02-10,36.61368942260742,36.69712864286908,36.09635607137801,36.29661465620911,18619600,0.01245988898663919,0.012382903398165005,1.245988898663919,1.2382903398165006
2023-02-13,36.70546340942383,36.722148702044414,36.30494636050198,36.44679681178707,17878000,0.002506548459433322,0.0025034123063634823,0.2506548459433322,0.2503412306363482
2023-02-14,36.48017501831055,36.88068889801278,36.36335886793923,36.78890387043493,17506900,-0.006137734554672369,-0.006156647877085873,-0.6137734554672369,-0.6156647877085873
2023-02-15,36.146419525146484,36.3883977067987,35.97119526243366,36.22985874081867,18994700,-0.009148955370870349,-0.009191064093718098,-0.9148955370870349,-0.9191064093718098
2023-02-16,35.83768844604492,36.02960117691758,35.68749532049208,36.00457005032606,17832000,-0.008541124768575825,-0.008577809208339962,-0.8541124768575825,-0.8577809208339962
2023-02-17,36.05462646484375,36.18813109004863,35.5289537935378,35.78761721443399,18293400,0.0060533485334981485,0.006035100622877898,0.6053348533498148,0.6035100622877898
2023-02-21,35.629085540771484,35.820998262510564,35.56233162903526,35.72087057790793,17356600,-0.01180267182873751,-0.01187287630692687,-1.180267182873751,-1.187287630692687
2023-02-22,35.36207962036133,35.78762470761419,35.30367153354234,35.64577740619724,17394200,-0.007494043598301525,-0.007522265026509322,-0.7494043598301525,-0.7522265026509322
2023-02-23,35.29531478881836,35.67079750441238,35.22856407437999,35.28697214313895,21104300,-0.0018880346478413745,-0.001889819231848495,-0.18880346478413745,-0.18898192318484952
2023-02-24,34.83639907836914,35.08671987227207,34.63614053344584,35.070031394945,16806100,-0.013002170775215927,-0.013087438918060834,-1.3002170775215927,-1.3087438918060834
2023-02-27,34.027034759521484,34.81972014328181,33.98531514627146,34.57774193022822,26370300,-0.023233294492547407,-0.023507442037388852,-2.3233294492547407,-2.350744203738885
2023-02-28,33.851802825927734,33.9686189898365,33.451288899811225,33.79339474397335,31086900,-0.005149785599367185,-0.005163091446391359,-0.5149785599367185,-0.5163091446391359
2023-03-01,33.52638626098633,34.010339406315204,33.493009303928666,33.84346098703051,21104400,-0.009612975906032495,-0.00965947881981462,-0.9612975906032495,-0.965947881981462
2023-03-02,33.89352798461914,34.02703264853828,33.21766201609198,33.42626325240328,19110600,0.010950829020903052,0.010891302872285721,1.0950829020903052,1.0891302872285722
2023-03-03,34.335758209228516,34.36078933424225,33.99365237436702,34.1354996601137,20922000,0.01304763035615708,0.01296324326893898,1.304763035615708,1.296324326893898
2023-03-06,34.30238723754883,34.427546067451715,34.06040904353348,34.28569875696133,19434800,-0.000971901406001785,-0.0009723740084133918,-0.0971901406001785,-0.09723740084133918
2023-03-07,33.659889221191406,34.31906976657334,33.45963067187223,34.26066168614726,23205800,-0.018730416979670594,-0.018908052866491398,-1.8730416979670594,-1.8908052866491398
2023-03-08,33.476318359375,33.85180114110934,33.30109412223284,33.64319994936822,16756100,-0.005453697741252039,-0.005468623442355005,-0.5453697741252039,-0.5468623442355005
2023-03-09,32.92560958862305,33.85179933995404,32.80045079003866,33.71829471166318,18585100,-0.016450697022294514,-0.01658751228473191,-1.6450697022294514,-1.6587512284731911
2023-03-10,32.86720275878906,33.31778208997923,32.73369812543659,32.78376355656934,26328100,-0.0017739027633422166,-0.0017754779919930575,-0.17739027633422166,-0.17754779919930574
2023-03-13,33.259376525878906,33.80173774730687,32.758731725712586,32.758731725712586,35299400,0.01193207009333852,0.011861444198632411,1.193207009333852,1.1861444198632412
2023-03-14,33.29275131225586,33.50135250297676,32.97567661111965,33.417910116887455,24583600,0.001003469994423467,0.0010029668549707106,0.10034699944234671,0.10029668549707106
2023-03-15,33.60982131958008,33.81842250092405,32.92560969941197,33.17593048042445,25498400,0.009523694943394334,0.009478630455069454,0.9523694943394334,0.9478630455069454
2023-03-16,33.6849250793457,33.785055959575644,33.14256380160966,33.42626159625695,21095900,0.0022345777756893614,0.002232084819883244,0.22345777756893614,0.22320848198832438
2023-03-17,33.459625244140625,34.035366490661985,33.36784340621801,33.90186187377319,57457800,-0.0066884469736648855,-0.0067109148747407175,-0.6688446973664885,-0.6710914874740718
2023-03-20,34.05206298828125,34.093782594075385,33.32612847885538,33.49301008503381,20825400,0.017706048403646424,0.017551122406937802,1.7706048403646424,1.7551122406937802
2023-03-21,33.92689895629883,34.13550015578001,33.63485855022586,34.09378055248411,19982000,-0.0036756666409755168,-0.0036824385027671405,-0.3675666640975517,-0.3682438502767141
2023-03-22,33.38454055786133,34.08544084126842,33.367855259948875,33.96028200891139,15444200,-0.015986088181419444,-0.01611524400281183,-1.5986088181419444,-1.611524400281183
2023-03-23,33.52638626098633,33.793395551444014,33.376193137228654,33.518040430221006,16958100,0.004248843948568171,0.00423984309758589,0.42488439485681706,0.423984309758589
2023-03-24,33.70161056518555,33.7600186486294,33.26771967174422,33.4512897528545,17218100,0.005226459626014757,0.005212849088589195,0.5226459626014757,0.5212849088589195
2023-03-27,33.55976104736328,33.89352104734653,33.35115985374814,33.82677032055052,20262800,-0.004208983352528506,-0.004217866056490177,-0.4208983352528506,-0.4217866056490177
2023-03-28,33.36784362792969,33.62650703443227,33.25937013129894,33.54306784194779,13537500,-0.005718676577069148,-0.005735090816363031,-0.5718676577069148,-0.5735090816363031
2023-03-29,33.58479309082031,33.601481568726264,33.36784924404632,33.509696531744375,14429500,0.006501752564826546,0.0064807073429160025,0.6501752564826546,0.6480707342916002
2023-03-30,33.69327163696289,33.7850566876506,33.58479810587721,33.726645414756646,12634500,0.0032299900091457,0.003224784796926653,0.32299900091457,0.3224784796926653
2023-03-31,34.04371643066406,34.0687507400077,33.609825537062235,33.83511522314406,23393600,0.010401031917503634,0.010347313349647752,1.0401031917503634,1.0347313349647753
2023-04-03,34.50263595581055,34.60276681994125,33.918555163389385,33.951928935098024,20817200,0.0134803004272801,0.013390249550100842,1.34803004272801,1.3390249550100841
2023-04-04,34.12716293334961,34.65283574784459,34.01034356934852,34.57773917677356,19514500,-0.010882444545449399,-0.010942091476098047,-1.08824445454494,-1.0942091476098048
2023-04-05,34.66952133178711,35.22857424371875,34.352446593422926,34.452577468486524,29697600,0.015892279106139773,0.01576731903346441,1.5892279106139773,1.576731903346441
2023-04-06,34.6277961730957,35.12843773613266,34.51932266733717,34.98659046037272,25931800,-0.0012035112423992578,-0.001204236043650546,-0.12035112423992578,-0.12042360436505462
2023-04-10,34.81970977783203,34.82805560779905,34.31072237189535,34.335756678794894,15137300,0.00554218361968517,0.005526882229423762,0.554218361968517,0.5526882229423763
2023-04-11,34.869773864746094,35.03665544463819,34.79467731294472,34.878116511390076,15304100,0.0014378088511792786,0.0014367761937571588,0.14378088511792786,0.14367761937571588
2023-04-12,34.51932144165039,34.869773069733824,34.43588224510741,34.73626844546426,17035100,-0.010050321073347024,-0.01010116651237469,-1.0050321073347024,-1.0101166512374689
2023-04-13,34.6027717590332,34.7946845015077,34.4609212727682,34.652834015242696,22880900,0.0024174958804989988,0.0024145784383231552,0.24174958804989988,0.24145784383231553
2023-04-14,34.369136810302734,34.80302774184336,34.15219293603347,34.636146124635104,20627500,-0.006751914278932847,-0.00677481157741366,-0.6751914278932847,-0.677481157741366
2023-04-17,34.36079788208008,34.44423710821722,34.17722776497542,34.310732436596325,17608600,-0.000242628386877497,-0.00024265782590648208,-0.0242628386877497,-0.024265782590648207
2023-04-18,33.835113525390625,34.48595142463701,33.81842504766619,34.44422863882508,18541500,-0.01529895663347236,-0.015417193150869873,-1.529895663347236,-1.5417193150869872
2023-04-19,33.57645034790039,33.84345962763306,33.54307339218339,33.73498611305364,17214300,-0.007644814825170543,-0.007674186210314903,-0.7644814825170543,-0.7674186210314903
2023-04-20,33.251033782958984,33.53473157449724,33.20097152639475,33.44294970979546,20131600,-0.00969180963352656,-0.009739080897873023,-0.969180963352656,-0.9739080897873023
2023-04-21,33.55141830444336,33.62651486837505,33.30109748567172,33.451290613535086,19227100,0.009033840073818133,0.008993279038828432,0.9033840073818133,0.8993279038828431
2023-04-24,33.30109405517578,33.5430722010286,33.13421246551861,33.53472637089488,17633700,-0.007460914081072634,-0.007488885917697526,-0.7460914081072634,-0.7488885917697526
2023-04-25,32.817138671875,33.309434393589584,32.77541589010138,33.16758712116362,24492400,-0.014532717228416758,-0.014639351548684332,-1.4532717228416758,-1.4639351548684332
2023-04-26,32.233062744140625,32.70032745922282,32.04114999573156,32.67529633034403,22401400,-0.017797893154985478,-0.017958180352807426,-1.7797893154985478,-1.7958180352807427
2023-04-27,32.3248405456543,32.3999370984535,31.966046258169385,32.224709686587744,22434000,0.002847318675305077,0.002843272741707702,0.2847318675305077,0.2843272741707702
2023-04-28,32.45000076293945,32.466689240179775,32.22471109469746,32.29146500365875,21015300,0.0038719515757048573,0.0038644748646302607,0.3871951575704857,0.38644748646302607
2023-05-01,32.71701431274414,32.97568096930494,32.42497388033839,32.541790053300694,23917800,0.008228460509302593,0.008194791299208184,0.8228460509302593,0.8194791299208184
2023-05-02,32.591854095458984,33.47632118600173,32.23305976072876,32.78376682610509,38834100,-0.003825539093779806,-0.0038328751841024545,-0.3825539093779806,-0.38328751841024544
2023-05-03,32.08286666870117,32.867206070809445,32.00777010593535,32.70867029741575,27721900,-0.015617013541697533,-0.01574024377356935,-1.5617013541697533,-1.574024377356935
2023-05-04,31.8992862701416,32.06616782043312,31.724062074685882,31.849220850153902,23675100,-0.005722069678351538,-0.005738503439120943,-0.5722069678351538,-0.5738503439120943
2023-05-05,32.116241455078125,32.124584102376204,31.78247826912551,32.02445641979107,19225100,0.00680125514719121,0.006778230948082982,0.680125514719121,0.6778230948082982
2023-05-08,32.26643371582031,32.31649915222645,31.999424420991325,32.14961754720786,20101700,0.004676520474921286,0.004665619525508898,0.46765204749212863,0.4665619525508898
2023-05-09,32.10789489746094,32.266430656546326,32.03279834147279,32.10789489746094,15987900,-0.004913428603720904,-0.004925539179962838,-0.4913428603720904,-0.4925539179962838
2023-05-10,31.95770263671875,32.308154301665354,31.77413574841496,32.26643151600382,15858200,-0.004677736152489564,-0.004688710998576586,-0.46777361524895644,-0.46887109985765857
2023-05-11,31.696243286132812,31.755283393876233,31.38417046812379,31.713109130535592,28566400,-0.008181418844717792,-0.008215070322115202,-0.8181418844717792,-0.8215070322115202
2023-05-12,31.502248764038086,31.81432156303112,31.40103761656583,31.7215433372464,16541300,-0.006120426333918294,-0.006139232918650174,-0.6120426333918294,-0.6139232918650174
2023-05-15,31.341997146606445,31.510684535387583,31.21548080065951,31.460077353519942,16650400,-0.005086989777522755,-0.005099972557582694,-0.5086989777522755,-0.5099972557582694
2023-05-16,31.215482711791992,31.409475312106093,31.063667591783023,31.223918851341924,25451700,-0.004036578595252416,-0.004044747569177785,-0.4036578595252416,-0.4044747569177785
2023-05-17,30.996187210083008,31.249216666268335,30.79376171466829,31.19017656707323,23206400,-0.007025215779416505,-0.0070500087935413,-0.7025215779416505,-0.70500087935413
2023-05-18,30.768465042114258,31.0214945419494,30.506999402399305,30.962454432569356,27772400,-0.0073467799902393605,-0.007373900492237061,-0.734677999023936,-0.7373900492237061
2023-05-19,31.013063430786133,31.755286128769672,30.802204965701197,30.91185226842992,33068300,0.007949645467756783,0.007918213508291217,0.7949645467756783,0.7918213508291216
2023-05-22,32.68305969238281,32.784270847319895,30.9961920953566,31.088970327984182,85718600,0.053848155482083104,0.052448374733299316,5.38481554820831,5.244837473329931
2023-05-23,33.433712005615234,33.855428863844374,32.050481225414735,32.514369125977936,75379500,0.022967626663404683,0.022707840978442334,2.2967626663404683,2.2707840978442335
2023-05-24,32.58184814453125,33.85543174925188,32.55654294301869,33.82169362553151,39326400,-0.025479188818187892,-0.02580940450902536,-2.5479188818187892,-2.580940450902536
2023-05-25,31.907100677490234,32.480632674103234,31.75528234333124,32.480632674103234,30266600,-0.020709306115720416,-0.020926751124721338,-2.0709306115720416,-2.0926751124721337
2023-05-26,31.71310806274414,32.421592549254854,31.679373157629882,32.084220976001085,20234600,-0.006079919849406812,-0.006098477820982947,-0.6079919849406812,-0.6098477820982947
2023-05-30,31.215482711791992,31.51068646459358,31.139573543065243,31.51068646459358,24371100,-0.01569147211833044,-0.015815886479525112,-1.569147211833044,-1.5815886479525112
2023-05-31,32.067352294921875,32.236039692271,31.09740217324779,31.29139155409371,46166300,0.027289969884338294,0.026924237622221608,2.7289969884338294,2.6924237622221607
2023-06-01,32.067352294921875,32.22760355280907,31.797453746141077,32.15169438487419,20256100,0.0,0.0,0.0,0.0
2023-06-02,32.35411071777344,32.60714013322359,32.18542336832548,32.26133251470488,22736400,0.008942379159160296,0.008902632861882673,0.8942379159160296,0.8902632861882673
2023-06-05,32.59871292114258,32.91078248092163,32.44689460180268,32.455327522901946,18392200,0.007560158444867016,0.0075317236713457894,0.7560158444867016,0.7531723671345789
2023-06-06,32.362548828125,32.77583273968819,32.29507580798976,32.733661699923154,19508200,-0.0072445833548356875,-0.007270952783027821,-0.7244583354835687,-0.7270952783027821
2023-06-07,32.8011360168457,32.94452141864846,32.16012782172034,32.345681047511135,25295100,0.013552306743514153,0.013461295586567754,1.3552306743514153,1.3461295586567754
2023-06-08,32.969825744628906,33.05416783349132,32.666189076813104,32.9276547001977,17347600,0.005142801386408324,0.005129622348828369,0.5142801386408324,0.5129622348828369
2023-06-09,32.868614196777344,33.39154221977438,32.7842688914911,33.130076599553654,19775100,-0.003069823560352014,-0.0030745451341061083,-0.3069823560352014,-0.3074545134106108
2023-06-12,33.65300369262695,33.79638586777664,32.88547920505552,32.90234504658982,28334600,0.023864392065745088,0.023584088224443425,2.386439206574509,2.3584088224443427
2023-06-13,33.973506927490234,34.04941608588354,33.27345866003559,33.45901187809605,26533800,0.009523763102712302,0.009478697971380373,0.9523763102712302,0.9478697971380373
2023-06-14,33.19755172729492,34.02411638663488,33.163813606315095,34.00724732614497,22056400,-0.022840008888438734,-0.023104882811292683,-2.2840008888438734,-2.310488281129268
2023-06-15,33.52648162841797,33.59395785279771,33.13006685379565,33.23971410969099,19905900,0.009908257808439513,0.009859492874493636,0.9908257808439513,0.9859492874493636
2023-06-16,33.78795623779297,34.04098571222357,33.61083270999165,33.61926884902446,60338600,0.007799047101720635,0.007768791740715241,0.7799047101720635,0.7768791740715241
2023-06-20,33.18067932128906,33.62769811814505,33.17224640061652,33.4927488652766,26881200,-0.01797317695778966,-0.018136656293775807,-1.797317695778966,-1.8136656293775806
2023-06-21,32.809574127197266,33.09634173059105,32.69149069966913,33.062603608440156,17982900,-0.011184376018898767,-0.011247391451783495,-1.1184376018898767,-1.1247391451783495
2023-06-22,32.66618347167969,32.88547801300471,32.39628497269804,32.84330375836566,18039800,-0.004370390635418664,-0.004379968709375551,-0.4370390635418664,-0.4379968709375551
2023-06-23,32.30350875854492,32.784265690683576,32.28663969913464,32.64931643284543,23492200,-0.011102451360722632,-0.011164543585513333,-1.1102451360722632,-1.1164543585513333
2023-06-26,31.11426544189453,31.24921469116017,30.498559291029803,31.22391271237408,56135500,-0.03681467934457161,-0.03750944472703094,-3.681467934457161,-3.750944472703094
2023-06-27,30.717857360839844,31.207050507767445,30.599777143979967,31.17331238368045,32414900,-0.012740396580950164,-0.0128222514187292,-1.2740396580950164,-1.28222514187292
2023-06-28,30.608211517333984,30.81906995454222,30.388916940868548,30.78533183240224,30062000,-0.0035694495946725358,-0.003575835279993525,-0.3569449594672536,-0.3575835279993525
2023-06-29,30.46481704711914,30.54916232738589,30.161180473045764,30.355173008937555,26284900,-0.004684836620840627,-0.004695844862588159,-0.46848366208406267,-0.46958448625881594
2023-06-30,30.937149047851562,30.99618915074315,30.481694067735642,30.54073417062723,30867900,0.01550417978883245,0.015385218020804035,1.550417978883245,1.5385218020804035
2023-07-03,30.911846160888672,30.987755322018966,30.658813478824896,30.785329819856784,14115800,-0.0008178803717096006,-0.0008182150183405302,-0.08178803717096006,-0.08182150183405303
2023-07-05,30.751590728759766,31.223914740592303,30.692550629461213,30.85280508536652,26829400,-0.005184272440242332,-0.005197757407295953,-0.5184272440242332,-0.5197757407295953
2023-07-06,30.05154037475586,30.591337369459023,30.043104236901442,30.532297274253608,30177300,-0.022764687530430705,-0.023027803872444123,-2.2764687530430705,-2.3027803872444124
2023-07-07,29.967199325561523,30.16962483595233,29.815380997129505,29.958766403957227,22903300,-0.00280654662431834,-0.002810492360620064,-0.280654662431834,-0.28104923606200644
2023-07-10,30.09371566772461,30.372047124849985,29.97563546061419,30.00093744286804,17777500,0.004221827364933928,0.004212940455668591,0.4221827364933928,0.42129404556685907
2023-07-11,30.380481719970703,30.397350779764103,30.043106958991064,30.059976018784464,17731300,0.009529100873165053,0.009483985371772904,0.9529100873165053,0.9483985371772905
2023-07-12,30.35517692565918,30.57446824776092,30.29613361313238,30.532297210907956,17229700,-0.000832929330902954,-0.0008332764092793164,-0.0832929330902954,-0.08332764092793164
2023-07-13,30.41421890258789,30.667248356805466,30.296135487671886,30.37204464568157,16664400,0.001945038142037836,0.0019431490045838068,0.1945038142037836,0.19431490045838068
2023-07-14,30.633514404296875,30.776899818901274,30.3720487761621,30.616645342729036,17915100,0.007210295369128206,0.007184425468125561,0.7210295369128206,0.7184425468125561
2023-07-17,30.245534896850586,30.464826256951262,30.178058652238423,30.464826256951262,20557300,-0.012665197415020368,-0.012746084722685194,-1.2665197415020368,-1.2746084722685194
2023-07-18,30.56603240966797,30.768454654217404,30.262395825400247,30.296130721196107,22808300,0.010596523219391196,0.010540773556465311,1.0596523219391196,1.054077355646531
2023-07-19,30.73472023010254,30.954014775037436,30.54073088185641,30.650378154323857,18589700,0.005518800025259951,0.0055036272464904345,0.5518800025259951,0.5503627246490435
2023-07-20,31.013063430786133,31.266092945399095,30.66725567674463,30.700993803344982,22358400,0.009056311513484294,0.009015549044605343,0.9056311513484294,0.9015549044605343
2023-07-21,31.544424057006836,31.56972604034174,31.03836186819744,31.03836186819744,24149700,0.017133445311088735,0.016988323120369637,1.7133445311088735,1.6988323120369637
2023-07-24,31.63719940185547,31.881795968152627,31.519119188455324,31.552857311553794,19414700,0.0029411012444218176,0.0029367846677450793,0.29411012444218176,0.29367846677450793
2023-07-25,31.257652282714844,31.814318364004322,31.249216144431223,31.544419852921184,21771000,-0.011996862121694818,-0.012069405249125252,-1.1996862121694818,-1.2069405249125251
2023-07-26,31.38416290283203,31.502243089855124,31.004617146369387,31.0973953554429,20983700,0.004047348757127978,0.004039180274195445,0.40473487571279776,0.40391802741954447
2023-07-27,30.872472763061523,31.563263565238326,30.855415758239857,31.426810779956032,25346300,-0.016304087553800417,-0.016438461757003035,-1.6304087553800417,-1.6438461757003036
2023-07-28,30.7615966796875,31.085673189088986,30.718955804229736,31.000388184883196,24054100,-0.0035914221780992683,-0.0035978868175375205,-0.35914221780992683,-0.35978868175375206
2023-07-31,30.753070831298828,30.86393646052751,30.633671821429648,30.855409586467754,40265200,-0.0002771588379318901,-0.00027719725354092634,-0.02771588379318901,-0.027719725354092634
2023-08-01,30.36930274963379,31.486508921392456,30.164621943431847,30.59956743662683,40931600,-0.012479016608463733,-0.012557533428529648,-1.2479016608463733,-1.2557533428529648
2023-08-02,30.14756202697754,30.60809135648807,30.087864142036256,30.386356820033406,34301600,-0.007301475588171846,-0.007328261826743479,-0.7301475588171846,-0.732826182674348
2023-08-03,29.849069595336914,30.087861111046678,29.780841588968176,30.002579356376163,25676500,-0.009901047102034988,-0.009950388426225077,-0.9901047102034988,-0.9950388426225077
2023-08-04,29.866127014160156,30.139032536866793,29.55910748779258,29.806429134398734,25746500,0.0005714556284162065,0.0005712924098270762,0.057145562841620645,0.05712924098270762
2023-08-07,30.428997039794922,30.57397668484434,29.763790191609292,29.85759882784033,31069100,0.018846435139310058,0.018671041352381224,1.8846435139310058,1.8671041352381224
2023-08-08,30.39488410949707,31.017450099010066,30.18167644514505,31.017450099010066,25225500,-0.00112106653575339,-0.001121695400885888,-0.112106653575339,-0.11216954008858881
2023-08-09,30.56545066833496,30.753074452647063,30.28401499186681,30.36076988060442,17210500,0.005611686434579877,0.005595999581365114,0.5611686434579877,0.5595999581365114
2023-08-10,30.46310806274414,30.778654452999376,30.36076605512865,30.54838981580004,18955200,-0.0033483100478817196,-0.003353928182312883,-0.33483100478817196,-0.3353928182312883
2023-08-11,30.73602294921875,30.940700520284118,30.352248436857014,30.377832319917353,16609400,0.008958865454979037,0.00891897290415492,0.8958865454979037,0.891897290415492
2023-08-14,30.7615966796875,31.1368409383222,30.548389049108412,30.548389049108412,20295500,0.0008320442274201145,0.00083169827050959,0.08320442274201145,0.08316982705095899
2023-08-15,30.18168067932129,30.625153073782947,30.156096797062943,30.5995691915246,20484300,-0.01885194732915607,-0.0190319106503092,-1.8851947329156071,-1.90319106503092
2023-08-16,30.258432388305664,30.40341529682581,29.84054717346414,29.968469824556266,22215600,0.0025429898950908303,0.0025397619675209086,0.25429898950908303,0.2539761967520909
2023-08-17,31.136838912963867,31.315935783501185,30.3522364450482,30.360763318268997,31113600,0.029030139875907413,0.028616746875732502,2.9030139875907413,2.86167468757325
2023-08-18,31.264768600463867,31.42680523775757,30.974806076213248,31.085674961356546,24145100,0.004108627977862378,0.00410021061393335,0.4108627977862378,0.41002106139333505
2023-08-21,31.563262939453125,31.716772726513543,31.247716489736025,31.30741437878275,28496500,0.00954730683613092,0.009502019323233924,0.954730683613092,0.9502019323233925
2023-08-22,31.41828727722168,31.682666000404343,30.4631176776997,31.563266953834148,18524100,-0.004593177280484251,-0.004603758332112071,-0.4593177280484251,-0.46037583321120706
2023-08-23,31.264768600463867,31.665600009857776,31.17948684468622,31.63148600623054,19370900,-0.0048862840740880875,-0.004898260991121832,-0.48862840740880875,-0.4898260991121832
2023-08-24,30.838359832763672,31.24771820293814,30.7530780589615,31.111265412879984,19380800,-0.01363863501276219,-0.013732495592468969,-1.363863501276219,-1.373249559246897
2023-08-25,31.02597999572754,31.29035541544361,30.667789430579884,30.821299208030197,16421300,0.006083986437065203,0.006065553716746733,0.6083986437065203,0.6065553716746732
2023-08-28,30.880998611450195,31.14537729745388,30.727488826453335,31.07714928043709,15101900,-0.004672902654398348,-0.004683854796188105,-0.46729026543983476,-0.46838547961881055
2023-08-29,30.829830169677734,31.50356392970797,30.701904267247865,30.923638811063352,21076500,-0.001656955541375793,-0.0016583298104871872,-0.1656955541375793,-0.16583298104871871
2023-08-30,30.616619110107422,30.915108511662453,30.548391102157424,30.855410631351447,16833000,-0.006915739022786194,-0.006939763574995656,-0.6915739022786194,-0.6939763574995655
2023-08-31,30.17315101623535,30.693378262715587,30.17315101623535,30.650734125168604,27919500,-0.014484554688328322,-0.014590479948328038,-1.4484554688328322,-1.4590479948328037
2023-09-01,30.5142822265625,30.753077041230032,30.36077243616588,30.394886445874246,17522500,0.011305786728856848,0.01124235397908852,1.1305786728856848,1.124235397908852
2023-09-05,30.17315101623535,30.949226821542823,30.147563883048974,30.66779112952921,25856100,-0.011179394874646476,-0.011242353979088576,-1.1179394874646476,-1.1242353979088575
2023-09-06,29.311790466308594,30.08786627895494,29.217978568083602,30.070809274433035,35370200,-0.028547252140264767,-0.028962649680272425,-2.8547252140264767,-2.8962649680272423
2023-09-07,29.235034942626953,29.542054510823416,29.030357399356575,29.397074855447805,26777700,-0.002618588713298342,-0.002622023213729277,-0.2618588713298342,-0.2622023213729277
2023-09-08,29.209449768066406,29.32884553856264,29.03888298737575,29.192392764668266,19467700,-0.0008751545743235223,-0.0008755377456604122,-0.08751545743235223,-0.08755377456604123
2023-09-11,28.945066452026367,29.25208595735999,28.603936198659188,29.20091820866454,27574400,-0.009051293952448192,-0.009092505782296508,-0.9051293952448192,-0.9092505782296508
2023-09-12,29.124168395996094,29.17533615358781,28.783034830027596,28.970658616639348,17987200,0.006187650122226218,0.006168585219421957,0.6187650122226218,0.6168585219421957
2023-09-13,29.064470291137695,29.52499637245013,28.99624227714132,29.175335933945647,23853300,-0.0020497788656724802,-0.002051882537571272,-0.20497788656724802,-0.20518825375712718
2023-09-14,29.124168395996094,29.3203190577762,28.979185491807705,29.200923285674463,23759900,0.0020539890890975965,0.002051882537571234,0.20539890890975965,0.2051882537571234
2023-09-15,29.055936813354492,29.35442620695369,28.834202300008,29.047409939233255,58063800,-0.0023427821771206947,-0.002345530785051024,-0.23427821771206947,-0.2345530785051024
2023-09-18,28.689220428466797,29.098578719864943,28.518653660394943,29.098578719864943,25421900,-0.012621048402030821,-0.012701370380767655,-1.2621048402030821,-1.2701370380767656
2023-09-19,28.987716674804688,29.004770425761794,28.586885208203565,28.612469087930133,30323300,0.010404473941080239,0.010350719935354916,1.040447394108024,1.0350719935354917
2023-09-20,28.67216682434082,29.072998288819644,28.6124689364343,29.064471413386237,24651400,-0.01088564008003201,-0.010945322173730392,-1.088564008003201,-1.0945322173730392
2023-09-21,28.015485763549805,28.64658188078164,27.998432013316393,28.54424311292729,26980600,-0.022903084542376995,-0.023169434870695043,-2.2903084542376995,-2.3169434870695045
2023-09-22,27.8790340423584,28.220167619154022,27.71699738269047,28.211640743715037,28570800,-0.0048705820182115556,-0.00488248195828977,-0.48705820182115556,-0.488248195828977
2023-09-25,28.12635612487793,28.12635612487793,27.640242885635278,27.879034440830704,19443700,0.008871257237383467,0.00883213881771188,0.8871257237383467,0.8832138817711881
2023-09-26,27.631715774536133,28.109298880855967,27.597601766001596,27.904621336230583,26015500,-0.017586364481259054,-0.01774284188230396,-1.7586364481259054,-1.7742841882303961
2023-09-27,27.37586212158203,27.716995677389253,27.20529697032377,27.657297793116594,26430100,-0.009259419684313763,-0.009302554586680709,-0.9259419684313763,-0.9302554586680709
2023-09-28,27.36733627319336,27.563486936488214,27.094430719627404,27.341752394199933,28197600,-0.00031143670839683946,-0.00031148521487990235,-0.031143670839683946,-0.031148521487990237
2023-09-29,28.288389205932617,28.33956021269305,27.54642750100424,27.589068379992668,42421400,0.03365519112071724,0.03310124960275032,3.3655191120717243,3.310124960275032
2023-10-02,28.945066452026367,28.96212345268826,27.93872618600626,28.100766065649132,44620600,0.023213666968214364,0.022948328277159445,2.3213666968214364,2.2948328277159447
2023-10-03,28.91095733642578,29.090050973552692,28.748917447633463,28.859786331550776,31059900,-0.001178408612642845,-0.001179103482019033,-0.1178408612642845,-0.11791034820190328
2023-10-04,28.40778923034668,29.06446920061411,28.151937440750828,28.94507018060041,23722300,-0.017404062419100308,-0.017557293613046216,-1.7404062419100308,-1.7557293613046216
2023-10-05,28.544246673583984,28.808622127960586,28.186056061476307,28.527189667932078,21279400,0.004803522094972923,0.004792021995332201,0.4803522094972923,0.4792021995332201
2023-10-06,28.25428009033203,28.62099752678444,28.203109080609348,28.586883520302653,23760400,-0.010158494864756729,-0.010210444493192257,-1.0158494864756729,-1.0210444493192257
2023-10-09,28.313976287841797,28.544240937936646,27.947258873241537,28.19458052556088,17468100,0.002112819626580942,0.002110590762100651,0.21128196265809418,0.21105907621006512
2023-10-10,28.288389205932617,28.484543105202352,28.151936441195325,28.211637575727764,19212100,-0.000903690871570273,-0.0009040994463346885,-0.0903690871570273,-0.09040994463346885
2023-10-11,28.237226486206055,28.42485029115077,27.989904789377317,28.348095393972578,24221200,-0.0018086119840231563,-0.0018102494973929358,-0.18086119840231563,-0.18102494973929356
2023-10-12,28.075180053710938,28.331031820516586,27.94725742359847,28.237219939793228,21809900,-0.0057387517352058826,-0.00575528164196892,-0.5738751735205883,-0.575528164196892
2023-10-13,27.38439178466797,28.134883642722468,27.307636898579545,28.092239509002844,32388100,-0.024604945283393187,-0.024912705724566553,-2.4604945283393187,-2.4912705724566555
2023-10-16,28.373676300048828,28.928014274172202,27.768167315408668,27.998431982798046,63317400,0.03612585311954031,0.03548861630432858,3.6125853119540308,3.5488616304328575
2023-10-17,27.930204391479492,28.30544871440933,27.461148174494486,28.14341205859002,40015800,-0.015629695069460325,-0.015753126573886115,-1.5629695069460325,-1.5753126573886116
2023-10-18,26.78740692138672,27.870502089095414,26.770349920325522,27.751106334957342,30307600,-0.04091618715262246,-0.04177681183057218,-4.091618715262246,-4.177681183057218
2023-10-19,26.599788665771484,26.864165714164457,26.360995496053235,26.761825319529382,26880300,-0.007003972283164184,-0.007028615230125928,-0.7003972283164184,-0.7028615230125929
2023-10-20,26.139257431030273,26.531560350880113,25.9942761647057,26.48891784511096,39407900,-0.017313341866276644,-0.017464970449867622,-1.7313341866276644,-1.7464970449867623
2023-10-23,26.301294326782227,26.770350479242108,26.036917311394575,26.241596448466805,29412100,0.006198986186944921,0.006179851508428541,0.6198986186944921,0.6179851508428541
2023-10-24,25.95163345336914,26.4633320999556,25.857821573945497,26.33540621832512,26923800,-0.013294435972188268,-0.013383598108046235,-1.3294435972188268,-1.3383598108046235
2023-10-25,26.20748519897461,26.43774986236428,25.77254137700924,25.97722053558494,28857900,0.009858791588791327,0.009810510770668504,0.9858791588791327,0.9810510770668505
2023-10-26,26.574203491210938,26.753298777390107,26.01133538032569,26.105147274355033,27162700,0.013992883691513969,0.013895887088658607,1.3992883691513969,1.3895887088658607
2023-10-27,25.67873191833496,26.548617962913564,25.60197702813017,26.48892007645326,33877100,-0.03369702400194763,-0.03427785419474687,-3.369702400194763,-3.4277854194746866
2023-10-30,26.053974151611328,26.16484304041468,25.678729859195318,25.789597121353395,33063500,0.014612958088029204,0.014507217691239086,1.4612958088029204,1.4507217691239087
2023-10-31,26.062503814697266,26.284239975543958,25.329070572899354,25.832240778927357,42648200,0.0003273843382318731,0.0003273307596729484,0.03273843382318731,0.032733075967294835
2023-11-01,26.01986312866211,26.505976335199076,25.98574912213197,26.062504010179424,23568300,-0.0016360932295043096,-0.0016374330916578163,-0.16360932295043096,-0.16374330916578164
2023-11-02,26.011335372924805,26.139259647790436,25.76401369842523,26.019863874801903,29640900,-0.00032774022273429626,-0.00032779394129857196,-0.032774022273429626,-0.0327793941298572
2023-11-03,26.659488677978516,26.77035595658467,26.30129970815364,26.352469096229903,28071000,0.024918109576502978,0.02461271630265345,2.491810957650298,2.4612716302653452
2023-11-06,26.59126091003418,26.78741157638871,26.403637119046863,26.71065668492034,27381200,-0.0025592301776100612,-0.0025625106052693113,-0.2559230177610061,-0.25625106052693114
2023-11-07,26.650957107543945,26.770352874859235,26.34393756113853,26.505975835813093,18086400,0.0022449555029275814,0.0022424393553783888,0.22449555029275814,0.2242439355378389
2023-11-08,26.28424072265625,26.693599049711107,26.05397605369587,26.369524114120697,29398300,-0.013759970548445688,-0.013855516427979473,-1.3759970548445688,-1.3855516427979473
2023-11-09,25.653278350830078,26.370671169397067,25.610060922858384,26.35338419820839,28737700,-0.02400534900299789,-0.02429817311992125,-2.400534900299789,-2.429817311992125
2023-11-10,25.480411529541016,25.774283440754385,25.091464575459522,25.713780691135682,33844100,-0.006738585958681931,-0.006761392743773337,-0.6738585958681931,-0.6761392743773337
2023-11-13,25.048250198364258,25.376696091398994,25.005034414395915,25.359409118381063,35519900,-0.016960531845246152,-0.0171060089240471,-1.6960531845246152,-1.7106008924047102
2023-11-14,25.290260314941406,25.679207277015728,25.056891148551024,25.1433243563152,40084300,0.00966175739465247,0.0096153810950995,0.966175739465247,0.96153810950995
2023-11-15,26.094087600708008,26.23238008035741,25.247044102134947,25.247044102134947,43614600,0.031784065318287924,0.03128940613316381,3.1784065318287924,3.1289406133163813
2023-11-16,25.731069564819336,26.318813430708776,25.4717699276806,26.163233978140816,32407200,-0.013911888449352094,-0.014009565744671415,-1.3911888449352094,-1.4009565744671415
2023-11-17,25.860719680786133,25.938509410444173,25.705140221470057,25.860719680786133,27009200,0.0050386601940581865,0.005026008625954387,0.5038660194058187,0.5026008625954387
2023-11-20,25.91257667541504,26.0508691496454,25.722424935492374,25.84343043829986,26335700,0.0020052417438110037,0.002003233930238459,0.20052417438110037,0.20032339302384589
2023-11-21,26.189163208007812,26.241024125413414,25.722426491392415,25.947152187754064,25988700,0.01067383363906016,0.010617270418396064,1.067383363906016,1.0617270418396063
2023-11-22,26.20644760131836,26.431173275563197,26.050868161566065,26.2669503504273,19226800,0.0006599826490547578,0.0006597649562832664,0.06599826490547578,0.06597649562832664
2023-11-24,26.362030029296875,26.53489645941137,26.258309841512887,26.258309841512887,11129700,0.005936799613034394,0.005919246257784229,0.5936799613034394,0.591924625778423
2023-11-27,26.05086898803711,26.578110073129796,25.955793942953747,26.578110073129796,26066700,-0.011803379364713651,-0.011873592293713379,-1.180337936471365,-1.187359229371338
2023-11-28,25.661924362182617,26.02494254999311,25.618706929957277,26.02494254999311,29497700,-0.014930197761660047,-0.015042775104280228,-1.4930197761660047,-1.5042775104280228
2023-11-29,25.99901008605957,26.120015589807704,25.696494678112888,25.731068621227408,26185200,0.013135637028597547,0.013050112678939983,1.3135637028597547,1.3050112678939982
2023-11-30,26.336097717285156,26.37067166030613,25.895289835225803,26.197805242353947,45356600,0.012965402533011483,0.012882071211448819,1.2965402533011483,1.2882071211448818
2023-12-01,24.987747192382812,25.41126813564294,24.46050606062513,25.039606462343357,103624000,-0.05119780991765466,-0.052554942475799046,-5.119780991765466,-5.255494247579905
2023-12-04,25.30754852294922,25.618705778099176,25.082822831210898,25.082822831210898,47410400,0.012798325839629587,0.012717119404462969,1.2798325839629587,1.2717119404462969
2023-12-05,25.143325805664062,25.584133706952386,25.126038833399484,25.24704434209872,39853000,-0.006489080407619752,-0.006510226016564575,-0.6489080407619752,-0.6510226016564575
2023-12-06,24.884029388427734,25.4112688872025,24.823524981678418,25.143327394475882,33410500,-0.010312733456204759,-0.010366278138014034,-1.031273345620476,-1.0366278138014033
2023-12-07,24.7457332611084,24.97910243693963,24.633371240472833,24.90995619764627,35782900,-0.005557625943957811,-0.005573127006440561,-0.5557625943957811,-0.5573127006440561
2023-12-08,24.875383377075195,25.039604661569356,24.711160444004683,24.763019710235664,31890700,0.005239291743702745,0.005225614406953281,0.5239291743702745,0.5225614406953281
2023-12-11,24.754379272460938,24.901315252021348,24.581514480880575,24.8753864400014,37833900,-0.004864411646647193,-0.00487628140555459,-0.4864411646647193,-0.48762814055545894
2023-12-12,24.702518463134766,24.944531134583862,24.50372322332468,24.737092408445974,48587500,-0.0020950155427191808,-0.0020972131576760884,-0.20950155427191808,-0.20972131576760886
2023-12-13,23.043006896972656,23.10350965240598,22.265111265473656,22.7145626609447,158100700,-0.06717985328656717,-0.06954286551297759,-6.717985328656717,-6.954286551297758
2023-12-14,22.58491325378418,23.613465098286404,22.481194709803763,23.129441379699223,101889800,-0.01987994211157662,-0.0200802067716061,-1.987994211157662,-2.0080206771606104
2023-12-15,23.017078399658203,23.328237338205767,22.541698153389717,22.58491393993173,138388400,0.01913512533866446,0.018954351277145863,1.913512533866446,1.8954351277145862
2023-12-18,23.388734817504883,23.59617351350373,23.094862919362463,23.267729323649608,63329400,0.016146984921083574,0.01601800889048315,1.6146984921083574,1.6018008890483149
2023-12-19,24.33949851989746,24.40864475694243,23.570246426700148,23.57888991240281,70094700,0.04065049733605064,0.039845995831057024,4.065049733605064,3.9845995831057026
2023-12-20,23.881404876708984,24.425932963477177,23.864119553005935,24.36543020907547,56184300,-0.018820997598368194,-0.019000366743588414,-1.8820997598368194,-1.9000366743588415
2023-12-21,24.46915054321289,24.512367977086495,24.01105728418843,24.080203529809662,51056600,0.024611017213527653,0.024313045162332122,2.4611017213527653,2.431304516233212
2023-12-22,24.546937942504883,24.884027300373646,24.35678619726391,24.581511886317628,35162300,0.003178998762323859,0.00317395642931249,0.3178998762323859,0.317395642931249
2023-12-26,24.55558204650879,24.65930223198123,24.417289564929813,24.572869018850266,30119100,0.00035214591832799513,0.00035208392950641096,0.03521459183279951,0.0352083929506411
2023-12-27,24.728450775146484,24.83216932169936,24.469151111611144,24.607443606066028,35000700,0.007039895381436123,0.007015231006701594,0.7039895381436123,0.7015231006701594
2023-12-28,24.884029388427734,25.091468122981556,24.70251946533282,24.728449925368242,30472900,0.006291482418203653,0.006271773664351069,0.6291482418203653,0.6271773664351069
2023-12-29,24.884029388427734,24.95317563327901,24.66794716719544,24.87538590174926,30363100,0.0,0.0,0.0,0.0
2024-01-02,25.696495056152344,26.171876889512625,24.91859945897123,24.961815239923816,57948700,0.0326500847207023,0.03212839579354851,3.26500847207023,3.212839579354851
2024-01-03,25.696495056152344,25.964438173502753,25.419910101472514,25.929864229879588,43426500,0.0,0.0,0.0,0.0
2024-01-04,25.143325805664062,25.88664912727689,25.091466537446735,25.748356646313074,45558200,-0.0215270311876965,-0.021762117655534374,-2.15270311876965,-2.1762117655534374
2024-01-05,25.471769332885742,25.48905630467327,24.84945318572211,25.08282235912461,33612800,0.013062851341157478,0.012978268101136612,1.3062851341157478,1.2978268101136612
2024-01-08,25.56684684753418,25.653280060662166,25.212472157428213,25.376695097513746,32972100,0.0037326623606663833,0.0037257132635709128,0.37326623606663833,0.3725713263570913
2024-01-09,25.411270141601562,25.80886230555547,25.342123893336964,25.584136586551367,39856900,-0.006085095548167718,-0.00610368519362807,-0.6085095548167718,-0.610368519362807
2024-01-10,25.05689239501953,25.402623594698508,24.961815696891662,25.376694785082837,37413300,-0.013945691994429965,-0.014043846783146099,-1.3945691994429965,-1.40438467831461
2024-01-11,24.546937942504883,24.996389320612316,24.434575922266212,24.918599595610015,46884700,-0.020351863450393748,-0.020561816126506573,-2.035186345039375,-2.0561816126506574
2024-01-12,24.806238174438477,25.013676896595435,24.581512479957667,24.5987978037051,30373500,0.010563445124639914,0.010508041763561914,1.0563445124639914,1.0508041763561915
2024-01-16,24.477794647216797,24.823525884040876,24.391361425866634,24.719807337281942,38826000,-0.013240360142962926,-0.013328795186634268,-1.3240360142962926,-1.3328795186634268
2024-01-17,24.33085823059082,24.659304136135297,24.1407064658806,24.339501717428995,33312600,-0.006002845384712074,-0.0060209348897326586,-0.6002845384712074,-0.6020934889732659
2024-01-18,24.27899932861328,24.31357162791698,23.855478358539433,24.23578354233952,50321100,-0.0021314045516215296,-0.0021336792270466444,-0.21314045516215296,-0.21336792270466443
2024-01-19,24.443220138549805,24.529651703511373,24.140704715455037,24.22713792899303,35549300,0.006763903557713169,0.006741130991996784,0.6763903557713169,0.6741130991996784
2024-01-22,24.46915054321289,24.73709368749963,24.140706288656173,24.47779402998761,41663900,0.0010608424142197759,0.0010602801185421392,0.10608424142197759,0.10602801185421393
2024-01-23,24.5728702545166,24.76302201410552,24.330857575295383,24.581513741121984,33466700,0.004238794931623824,0.004229836546636905,0.4238794931623824,0.4229836546636905
2024-01-24,24.486433029174805,24.875381619872613,24.486433029174805,24.667942921025862,42720700,-0.0035175876666629913,-0.0035237889247427844,-0.3517587666662991,-0.35237889247427845
2024-01-25,24.10040855407715,24.495210247108677,24.082863113686205,24.40747635161446,47605500,-0.015764830861143442,-0.0158904174568745,-1.5764830861143442,-1.58904174568745
2024-01-26,24.10040855407715,24.486436690220767,24.003902775079897,24.24078211751394,47073800,0.0,0.0,0.0,0.0
2024-01-29,24.109182357788086,24.240782365684254,23.960035235936456,24.144276585699004,67082700,0.00036405207369205606,0.00036398582281456815,0.036405207369205606,0.036398582281456815
2024-01-30,23.70560646057129,24.890009762664764,23.64419324111347,24.468887435810938,86072400,-0.01673950991898443,-0.016881198943996152,-1.673950991898443,-1.6881198943996152
2024-01-31,23.75824737548828,24.13550194161398,23.495047371550957,23.837207711346444,81192100,0.0022206103439939007,0.002218148432800638,0.22206103439939007,0.2218148432800638
2024-02-01,23.942487716674805,23.977580268154092,23.451178608886817,23.77579349534014,53883000,0.007754795135966441,0.007724881263273293,0.7754795135966441,0.7724881263273293
2024-02-02,23.62664794921875,23.863528962565198,23.416087606261303,23.84598184897253,51718500,-0.013191601941851983,-0.013279383967781768,-1.3191601941851983,-1.3279383967781768
2024-02-05,23.310808181762695,23.635423111741076,23.266942068185738,23.635423111741076,42633400,-0.013367946571807177,-0.013458101932432536,-1.3367946571807177,-1.3458101932432536
2024-02-06,24.126728057861328,24.328514836369273,23.31080571398118,23.3897660487686,56958700,0.035001784139640835,0.03440315052226291,3.5001784139640835,3.440315052226291
2024-02-07,24.179370880126953,24.258331225223472,23.951263402446465,24.170597322517896,36843000,0.0021819296068399385,0.0021795526553679144,0.21819296068399385,0.21795526553679145
2024-02-08,24.188142776489258,24.293423787182228,24.047769211155227,24.17936921948277,29048400,0.00036278430922753735,0.00036271851891134184,0.036278430922753735,0.03627185189113418
2024-02-09,24.179370880126953,24.20569155295413,24.021450189933923,24.179370880126953,29062700,-0.000362652744502201,-0.00036271851891140917,-0.0362652744502201,-0.03627185189114092
2024-02-12,24.267099380493164,24.58294069056667,24.144272948079976,24.161820059391754,30323700,0.003628237508789489,0.0036216713327174395,0.3628237508789489,0.36216713327174394
2024-02-13,23.661739349365234,24.416248463214473,23.565233576080516,24.161822022065053,37927500,-0.024945710306627844,-0.025262127797668284,-2.4945710306627844,-2.5262127797668286
2024-02-14,23.784568786621094,23.83720845437242,23.60910099627019,23.69683489144564,25270200,0.005191056982003062,0.0051776298928520965,0.5191056982003062,0.5177629892852097
2024-02-15,24.135501861572266,24.398701864636728,23.88107374167645,23.907394411336817,36111600,0.014754653662191863,0.014646862744774475,1.4754653662191863,1.4646862744774474
2024-02-16,24.232009887695312,24.468889226743958,23.872300753971388,24.170594990357674,35935300,0.0039985920606318,0.0039906189385061795,0.39985920606318004,0.39906189385061797
2024-02-20,24.2056884765625,24.68822237003861,24.144275254489337,24.22323558955049,34232000,-0.0010862248428752386,-0.0010868152126347985,-0.10862248428752386,-0.10868152126347985
2024-02-21,24.275876998901367,24.28465055602558,24.003903421590472,24.214463772416803,27348300,0.0028996705632573505,0.002895474627832967,0.28996705632573505,0.2895474627832967
2024-02-22,24.170595169067383,24.302196848093356,23.85475549020569,24.20568939637694,31957500,-0.004336890891264211,-0.004346322481629289,-0.4336890891264211,-0.4346322481629289
2024-02-23,24.35483741760254,24.64435811008871,24.293424190921368,24.34606386045024,33182600,0.007622578064231611,0.007593673010483824,0.7622578064231611,0.7593673010483825
2024-02-26,23.845985412597656,24.275879719553746,23.749477946800432,24.275879719553746,45685500,-0.0208932622410819,-0.021114615061765173,-2.08932622410819,-2.1114615061765174
2024-02-27,23.591556549072266,23.863531822195565,23.521369759675782,23.79334503279908,38598400,-0.010669672866233437,-0.010727001979014203,-1.0669672866233437,-1.0727001979014203
2024-02-28,23.723154067993164,23.89862017390882,23.530139176085754,23.65296561756519,31010200,0.005578161773563517,0.005562661444690117,0.5578161773563517,0.5562661444690117
2024-02-29,23.302034378051758,23.85475677423459,23.293260820752113,23.74947576002383,54643200,-0.01775142077374836,-0.017910866992817995,-1.775142077374836,-1.7910866992817995
2024-03-01,23.328353881835938,23.600327450966596,23.25816710033819,23.538914226329176,46392100,0.0011294938183152858,0.001128856420085571,0.11294938183152858,0.11288564200855711
2024-03-04,22.714218139648438,23.214299163711612,22.468565242710657,23.073925601637207,86777700,-0.026325721278846137,-0.026678447366512512,-2.6325721278846137,-2.667844736651251
2024-03-05,22.88091278076172,23.179207023843286,22.538752426267816,22.696673104768045,73646100,0.007338779617613644,0.007311981803441438,0.7338779617613644,0.7311981803441437
2024-03-06,23.85475730895996,23.95126309464939,23.503823376032514,23.600329161721945,84919500,0.042561437016492176,0.04168060534429494,4.256143701649218,4.168060534429494
2024-03-07,23.503820419311523,23.968807194426862,23.477499750133667,23.863527864484997,46423800,-0.014711400543849784,-0.014820686352790734,-1.4711400543849784,-1.4820686352790733
2024-03-08,23.881072998046875,23.951259774904184,23.556459782601113,23.58277877805713,45906600,0.01605069184520258,0.015923241460076197,1.605069184520258,1.5923241460076196
2024-03-11,24.890012741088867,24.907558182044415,23.96003576166281,23.96003576166281,52600100,0.04224850965132543,0.041380407843782295,4.224850965132543,4.138040784378229
2024-03-12,24.574169158935547,24.863689825887434,24.354835269627,24.83736915675189,48758200,-0.012689570931071481,-0.01277077119867758,-1.268957093107148,-1.277077119867758
2024-03-13,24.75840950012207,25.170758294270286,24.73209050365121,24.819824396451992,39273000,0.00749731720307345,0.0074693520094221205,0.749731720307345,0.746935200942212
2024-03-14,24.679447174072266,24.811048839354996,24.363607528193896,24.784728171621513,36428000,-0.0031893133542933993,-0.0031944100536619403,-0.31893133542933993,-0.319441005366194
2024-03-15,24.51275634765625,24.81105057597574,24.442569568839005,24.530301787321957,75727900,-0.006754236642348199,-0.006777149730553605,-0.6754236642348199,-0.6777149730553605
2024-03-18,24.319744110107422,24.591719371975024,24.22323832454681,24.574172257005827,36226500,-0.007873950803875318,-0.00790511404752943,-0.7873950803875318,-0.7905114047529429
2024-03-19,24.240779876708984,24.372381544477552,23.968806331864396,24.275874101016527,29026600,-0.003246918760367201,-0.0032522014391373486,-0.3246918760367201,-0.3252201439137349
2024-03-20,24.302196502685547,24.33728905611147,23.87230059117792,24.10918160199604,34468000,0.0025336076763591286,0.0025304035033673357,0.25336076763591286,0.25304035033673355
2024-03-21,24.267099380493164,24.60048780187845,24.240778713525494,24.34605970801154,29633700,-0.0014441954737920426,-0.001445239329217204,-0.14441954737920426,-0.1445239329217204
2024-03-22,24.003902435302734,24.425023119652117,23.9863553217753,24.10040821293394,28830100,-0.010845834562411616,-0.01090507938857202,-1.0845834562411616,-1.0905079388572019
2024-03-25,24.065317153930664,24.109183267088877,23.77579645628559,23.898622911836544,31110600,0.0025585305886599574,0.0025552631213634222,0.25585305886599574,0.25552631213634225
2024-03-26,24.2056884765625,24.24078102915368,23.960033914885052,24.082862032416173,38220300,0.00583293050883027,0.0058159848330384374,0.583293050883027,0.5815984833038438
2024-03-27,24.372385025024414,24.512758595531476,24.16182466926382,24.310970123715737,34247600,0.006886668339275648,0.006863063549142414,0.6886668339275648,0.6863063549142414
2024-03-28,24.346065521240234,24.67068046447952,24.31974484798785,24.407478752110766,40466700,-0.0010798903659676728,-0.0010804738676853417,-0.10798903659676728,-0.10804738676853418
2024-04-01,24.319744110107422,24.45134579899142,24.19691765209301,24.354838340045816,26596600,-0.0010811361330580471,-0.0010817209822995804,-0.10811361330580471,-0.10817209822995805
2024-04-02,24.170595169067383,24.34606295884544,24.04776872025366,24.18814228272216,32451500,-0.006132833485614331,-0.006151716552953678,-0.6132833485614331,-0.6151716552953679
2024-04-03,23.881072998046875,24.34606144059201,23.863527558871116,24.135501110020087,36828600,-0.011978280592404578,-0.01205059826982813,-1.1978280592404578,-1.205059826982813
2024-04-04,23.380990982055664,24.038992613858646,23.372217426158798,23.960032284171515,41922700,-0.0209405170375766,-0.02116287939806494,-2.09405170375766,-2.116287939806494
2024-04-05,23.3897647857666,23.4248590097259,23.11779124362086,23.302030899253065,39880500,0.0003752537143386636,0.0003751833242724731,0.03752537143386636,0.03751833242724731
2024-04-08,23.319580078125,23.53014042038934,23.26694041090513,23.33712719165991,24431400,-0.0030006589756007562,-0.0030051699789933398,-0.3000658975600756,-0.30051699789933395
2024-04-09,23.495046615600586,24.05654083173944,23.380992057081905,23.48627305930032,45127800,0.007524429551807543,0.007496262238832193,0.7524429551807543,0.7496262238832193
2024-04-10,23.091472625732422,23.32835363833407,22.95109906420215,23.266940414337682,44541600,-0.01717698187498773,-0.017326217643758583,-1.717698187498773,-1.7326217643758584
2024-04-11,23.10901641845703,23.205523855660093,22.924775099558875,23.117789973965,32814500,0.0007597520092790244,0.0007594635438201172,0.07597520092790244,0.07594635438201172
2024-04-12,22.687898635864258,23.091472199467667,22.661577966043886,23.03005897660496,43034100,-0.018223094179656618,-0.01839117992008636,-1.8223094179656618,-1.8391179920086358
2024-04-15,22.731765747070312,22.959873208742756,22.591392181946485,22.731765747070312,35660200,0.0019335026090390173,0.0019316357988037574,0.19335026090390173,0.19316357988037575
2024-04-16,22.53875160217285,22.801951607793136,22.5299780455342,22.652804491705687,28885300,-0.008490943776434778,-0.008527197202612831,-0.8490943776434778,-0.8527197202612832
2024-04-17,22.3018741607666,22.538755207750167,22.16150057886192,22.538755207750167,43828900,-0.01050978535046343,-0.01056540317534112,-1.050978535046343,-1.056540317534112
2024-04-18,22.275548934936523,22.336962155297737,22.135175381715253,22.240456383323583,35788400,-0.0011804041956433586,-0.0011811014214020508,-0.11804041956433586,-0.11811014214020507
2024-04-19,22.810726165771484,22.810726165771484,22.240458346304177,22.275550901014448,38372800,0.024025321773130326,0.023741254605649402,2.4025321773130326,2.3741254605649402
2024-04-22,23.03883171081543,23.249392041707743,22.749311046665404,22.8107242673359,35678700,0.009999924745325739,0.00995025634358683,0.9999924745325739,0.995025634358683
2024-04-23,23.091472625732422,23.22307263049394,22.977419734508395,23.10024618250117,24297800,0.002284877791449924,0.002282271427582583,0.2284877791449924,0.22822714275825828
2024-04-24,23.047607421875,23.109020648287142,22.845820628410852,23.030060307647272,24547800,-0.001899627822287031,-0.0019014344034690978,-0.1899627822287031,-0.19014344034690978
2024-04-25,22.161497116088867,23.187979819242816,22.15272355941757,23.04760625927175,47661400,-0.038446954148702916,-0.03920554558296051,-3.8446954148702916,-3.920554558296051
2024-04-26,22.284324645996094,22.407152771980286,22.10885852419497,22.222911419696455,46526500,0.005542384129728184,0.0055270816343083,0.5542384129728184,0.55270816343083
2024-04-29,22.494882583618164,22.67912391614216,22.407150368819316,22.442242920061908,39995300,0.009448701765341738,0.00940434199207775,0.9448701765341738,0.9404341992077749
2024-04-30,22.477340698242188,22.661580386508806,22.45102002561053,22.50365969748885,38017700,-0.0007798167121241262,-0.0007801209273414025,-0.07798167121241262,-0.07801209273414025
2024-05-01,23.845985412597656,24.082866461344413,22.828276099520966,23.100249707312553,97388900,0.06088997505218674,0.05910815496364418,6.088997505218674,5.910815496364418
2024-05-02,24.302196502685547,24.512756843395596,23.793341927623384,23.87230059117792,69649000,0.019131567942957783,0.01895086066846506,1.9131567942957783,1.8950860668465062
2024-05-03,24.398700714111328,24.48643460212398,24.144274279597848,24.44256849481002,60568900,0.00397100778175008,0.0039631441411928925,0.397100778175008,0.39631441411928925
2024-05-06,24.705768585205078,24.854915693413297,24.53030080847138,24.5478479208217,59899700,0.012585418981599927,0.012506880866350614,1.2585418981599927,1.2506880866350614
2024-05-07,24.363611221313477,24.995292282207277,24.038996296933018,24.81982615754036,65606400,-0.013849290408091242,-0.013946086575099437,-1.3849290408091242,-1.3946086575099437
2024-05-08,24.802276611328125,24.863689832609555,24.144274943224595,24.302195611311006,39087800,0.018004941304879285,0.017844772050616797,1.8004941304879285,1.7844772050616797
2024-05-09,25.09616470336914,25.158504087736414,24.330276955723633,24.722126698544688,47831100,0.011849238545577068,0.011779585998387037,1.1849238545577068,1.1779585998387037
2024-05-10,24.94476890563965,25.185222278302852,24.86461778141858,25.149598801484213,25849800,-0.006032626878208491,-0.006050896685411725,-0.6032626878208491,-0.6050896685411725
2024-05-13,25.32771110534668,25.514729250354847,25.087257748661248,25.105069485887004,39609800,0.015351603422569804,0.015234959821466568,1.5351603422569804,1.5234959821466567
2024-05-14,25.27427864074707,25.541449632310123,25.1050722145735,25.42567502637985,23530900,-0.0021096444276929027,-0.0021118728621864384,-0.21096444276929027,-0.21118728621864385
2024-05-15,25.666126251220703,25.817522624124244,25.36333350541362,25.372239374245687,38376300,0.015503809863119056,0.015384853742854091,1.5503809863119056,1.5384853742854092
2024-05-16,25.75518226623535,25.85314512105996,25.532540649721778,25.71065462238093,40077800,0.003469787927596224,0.0034637821020825975,0.3469787927596224,0.34637821020825976
2024-05-17,25.50582504272461,25.746278415068776,25.39005214045938,25.73737254587593,26106400,-0.009681827172997592,-0.009729000793200522,-0.9681827172997592,-0.9729000793200523
2024-05-20,25.407865524291992,25.56816608428185,25.345524435904803,25.523638434054828,22423300,-0.0038406724059514286,-0.0038480667270650473,-0.38406724059514286,-0.3848066727065047
2024-05-21,25.434579849243164,25.532542711980213,25.220844083961225,25.354428724934827,28119900,0.0010514194876241056,0.0010508671332914632,0.10514194876241056,0.10508671332914632
2024-05-22,26.360769271850586,26.387485180272574,25.309900508858107,25.354428155308636,46987500,0.036414575278898464,0.035767232979081694,3.6414575278898464,3.5767232979081696
2024-05-23,25.550352096557617,26.209371070119385,25.53254035976983,26.209371070119385,42031300,-0.030743305209927074,-0.03122579526890927,-3.0743305209927074,-3.122579526890927
2024-05-24,25.719560623168945,25.817523484967293,25.425673736394753,25.53254246732212,22589100,0.006622551656895848,0.0066007189010308795,0.6622551656895848,0.660071890103088
2024-05-28,25.20302963256836,25.719558101053554,25.051633269463007,25.648312853628724,32371200,-0.020083196527676317,-0.020287605337250582,-2.0083196527676317,-2.028760533725058
2024-05-29,24.775562286376953,25.087260932907572,24.659789376956365,25.078355063164302,24241700,-0.01696095082311122,-0.01710643513069284,-1.696095082311122,-1.710643513069284
2024-05-30,25.113975524902344,25.113975524902344,24.748843402400652,24.855710429238783,23298600,0.013659154719223965,0.013566709331349621,1.3659154719223965,1.356670933134962
2024-05-31,25.523635864257812,25.603786985493368,25.149597864698816,25.2386548548073,78290100,0.01631204661122898,0.016180434492128713,1.631204661122898,1.6180434492128712
2024-06-03,26.102502822875977,26.298428533864552,25.50582321859583,25.523634955707653,38177200,0.022679643358679336,0.022426283829418577,2.2679643358679336,2.2426283829418576
2024-06-04,26.262807846069336,26.476543618225904,25.977826816527244,26.093599722795872,46309500,0.006141365993948655,0.006122584661943485,0.6141365993948655,0.6122584661943484
2024-06-05,26.316242218017578,26.378583306545245,25.977827659115135,26.325148087807243,27346700,0.0020346024028135012,0.0020325354025523493,0.20346024028135012,0.20325354025523493
2024-06-06,25.6483154296875,26.307336157833593,25.63941125915818,26.14703391037216,35360400,-0.025380781298356414,-0.0257084291882107,-2.5380781298356414,-2.5708429188210697
2024-06-07,25.452390670776367,25.870956317047508,25.425673064095772,25.60378704472479,27526200,-0.007638893846585892,-0.0076682196360387325,-0.7638893846585892,-0.7668219636038732
2024-06-10,24.998201370239258,25.247560601613255,24.60635163482892,25.247560601613255,36977900,-0.01784466168274701,-0.018005797478586185,-1.784466168274701,-1.8005797478586185
2024-06-11,24.962581634521484,25.229750926778618,24.837901159330013,24.891336376678186,29573500,-0.0014248919428331286,-0.001425908066716695,-0.14248919428331286,-0.14259080667166948
2024-06-12,24.633068084716797,25.14069069383935,24.544011099220395,25.087257181989795,32507900,-0.01320029933718847,-0.013288197668274972,-1.320029933718847,-1.3288197668274973
2024-06-13,24.624162673950195,24.686502055370052,24.223408779699373,24.490578042533254,33945200,-0.00036152259783373,-0.0003615879628825384,-0.036152259783373,-0.036158796288253844
2024-06-14,24.517297744750977,25.131787441538368,24.428240749984127,24.713221774341335,29461900,-0.0043398401242804585,-0.004349284565246936,-0.43398401242804585,-0.43492845652469364
2024-06-17,24.027484893798828,24.47276816476747,23.929523729247922,24.44605225562671,32194600,-0.019978256007312845,-0.020180519816023926,-1.9978256007312845,-2.0180519816023925
2024-06-18,24.410425186157227,24.454952827252658,24.000765452493244,24.027481357702253,29817800,0.015937593720316112,0.015811923766163624,1.5937593720316112,1.5811923766163625
2024-06-20,24.704315185546875,24.9002392094314,24.178880800207494,24.223410145604554,29693400,0.01203952807656572,0.011967629466672075,1.203952807656572,1.1967629466672074
2024-06-21,24.704315185546875,24.83789982449636,24.544012939359153,24.731032792785108,52487000,0.0,0.0,0.0,0.0
2024-06-24,25.256465911865234,25.300993556409008,24.69540807833743,24.891333791019857,35414100,0.022350375720651128,0.02210426641373122,2.2350375720651128,2.210426641373122
2024-06-25,24.926956176757812,25.336617650789915,24.873522662273906,25.29208830653599,24721600,-0.013046549594756263,-0.013132403370837127,-1.3046549594756263,-1.3132403370837127
2024-06-26,24.419336318969727,24.873525490274073,24.107637668236823,24.855713750547395,30745800,-0.02036429374643811,-0.020574504738307447,-2.036429374643811,-2.0574504738307446
2024-06-27,24.75774574279785,24.784463346843275,24.10763266527833,24.374803609870636,28399600,0.013858256400082425,0.01376310881024587,1.3858256400082425,1.376310881024587
2024-06-28,24.91805076599121,25.042731233573477,24.615258013981297,24.739938481563563,33189200,0.006474944240026037,0.006454071838546134,0.6474944240026037,0.6454071838546134
2024-07-01,25.131784439086914,25.496916545250485,24.882426921875123,24.891332790149928,26209000,0.008577463586654677,0.008540886158079849,0.8577463586654677,0.8540886158079849
2024-07-02,24.78446388244629,25.18521945868493,24.659785124781234,25.131784249439328,21989800,-0.013819971975425838,-0.013916356842546575,-1.3819971975425838,-1.3916356842546576
2024-07-03,24.668691635131836,24.980388537408157,24.597446386237145,24.864615644937054,15180100,-0.004671162057955591,-0.004682106029450567,-0.4671162057955591,-0.46821060294505673
2024-07-05,24.980390548706055,25.016014025331987,24.641976013863985,24.722127137651476,17268700,0.012635405159887592,0.012556244548277995,1.2635405159887592,1.2556244548277995
2024-07-08,24.87352180480957,25.042729909899776,24.74884304243823,24.980388830093364,25694400,-0.004278105407844346,-0.004287282684374925,-0.4278105407844346,-0.42872826843749245
2024-07-09,24.68650245666504,24.88242817130748,24.312464463444925,24.828992958975483,36867800,-0.0075188125594811694,-0.007547221320314818,-0.7518812559481169,-0.7547221320314818
2024-07-10,25.247560501098633,25.300994015244335,24.757747909130533,24.78446551551378,29873600,0.022727320138544505,0.02247290220974548,2.2727320138544505,2.247290220974548
2024-07-11,25.523635864257812,26.031258499669136,25.30990010716993,25.630504592112157,47322600,0.010934734195296558,0.010875382262435545,1.0934734195296558,1.0875382262435545
2024-07-12,25.75518226623535,25.951106277263836,25.639409373041413,25.73737052924529,28397000,0.009071842397727847,0.009030940420236035,0.9071842397727847,0.9030940420236034
2024-07-15,25.915485382080078,26.06688175439606,25.675032020409848,25.85314599911834,30534400,0.0062241111007348415,0.006204821321014263,0.6224111100734842,0.6204821321014263
2024-07-16,26.271711349487305,26.32514486305889,25.93329683203959,26.004542083008623,26912100,0.01374567993442044,0.013652064968043453,1.374567993442044,1.3652064968043454
2024-07-17,26.74371337890625,26.984165049899087,26.10250439326976,26.200467254657745,45395000,0.017966169890495376,0.017806685641457647,1.7966169890495376,1.7806685641457647
2024-07-18,26.458728790283203,27.331485214641507,26.38748354121525,26.63684276226344,47279700,-0.010656133820512226,-0.010713317011810226,-1.0656133820512226,-1.0713317011810226
2024-07-19,26.690279006958008,26.716996615076607,26.316240986402097,26.663563097460305,30021200,0.008751373450709421,0.008713302138353021,0.8751373450709421,0.8713302138353021
2024-07-22,26.360769271850586,26.921825430783084,26.16484355077826,26.81495839985348,46483200,-0.012345683423598541,-0.012422524464950686,-1.2345683423598541,-1.2422524464950686
2024-07-23,26.271711349487305,26.39639011402792,26.120314978850516,26.37858007525124,25528300,-0.0033784265339472652,-0.003384146303049818,-0.3378426533947265,-0.3384146303049818
2024-07-24,26.69918441772461,26.708090286944504,26.10250476895877,26.28061875611488,29579400,0.016271230394956593,0.01614027257921758,1.6271230394956593,1.614027257921758
2024-07-25,26.877294540405273,27.54521934827371,26.690274710919386,26.690274710919386,42296200,0.006670994884863335,0.006648842263925522,0.6670994884863335,0.6648842263925523
2024-07-26,27.789464950561523,27.888808631297017,27.103082129348348,27.229520480789894,35657100,0.03393832696906918,0.0333751292097858,3.3938326969069177,3.3375129209785803
2024-07-29,27.744306564331055,27.933965809973376,27.49142986693237,27.717213616805942,41713700,-0.001625018197032868,-0.0016263399712353784,-0.1625018197032868,-0.16263399712353785
2024-07-30,28.349407196044922,28.48487882458441,26.89536101241913,28.006216652808394,89857500,0.021809902882626186,0.02157546947322083,2.1809902882626186,2.157546947322083
2024-07-31,27.581741333007812,28.231997856438042,27.518520441516415,28.177810243467146,40978700,-0.027078727175085637,-0.027452111863178152,-2.7078727175085637,-2.7452111863178152
2024-08-01,27.681087493896484,27.82558895655057,27.01276779847303,27.744306668483482,39753100,0.00360188139281048,0.003595410152464777,0.360188139281048,0.35954101524647775
2024-08-02,27.482397079467773,28.28618664179131,27.10308032776358,27.888806777483765,42364700,-0.007177839905044281,-0.007203724536095135,-0.7177839905044281,-0.7203724536095135
2024-08-05,26.859233856201172,27.1030807120239,26.05544428248172,26.27219646901528,37838000,-0.022674995251130037,-0.0229360264240088,-2.2674995251130037,-2.29360264240088
2024-08-06,26.47991371154785,27.139201743235645,26.416694547220672,26.850198864829657,29031800,-0.014122522879249755,-0.014223194655752606,-1.4122522879249755,-1.4223194655752607
2024-08-07,26.055442810058594,26.922451507197184,25.95609741753903,26.75988694583541,32866100,-0.016029920116550356,-0.01615978901468487,-1.6029920116550356,-1.6159789014684869
2024-08-08,25.97416114807129,26.199944883653348,25.775472080892627,26.12769415717082,32094400,-0.0031195655579465686,-0.0031244415458649743,-0.31195655579465686,-0.31244415458649744
2024-08-09,25.784503936767578,25.96513162843752,25.69419181352594,25.87481778260255,25795600,-0.0073017646353439325,-0.007328552999951719,-0.7301764635343932,-0.7328552999951718
2024-08-12,25.694190979003906,25.83869243860926,25.576782466453757,25.81159776896078,21141600,-0.003502605983235152,-0.003508754468919011,-0.3502605983235152,-0.3508754468919011
2024-08-13,26.055442810058594,26.14575664665882,25.56774912597327,25.78450130025792,34620700,0.014059669415156462,0.01396174901473575,1.4059669415156462,1.396174901473575
2024-08-14,26.082536697387695,26.353478216975432,25.892879184010173,26.010285970016273,23677700,0.0010398551859822636,0.0010393149110843553,0.10398551859822636,0.10393149110843553
2024-08-15,25.929006576538086,26.19994812632593,25.757412156525206,26.127697390901186,28676800,-0.0058863185981824495,-0.005903711257576912,-0.588631859818245,-0.5903711257576912
2024-08-16,25.558719635009766,25.874817227352327,25.15230992136358,25.874817227352327,50332900,-0.014280799398746491,-0.014383751347316544,-1.428079939874649,-1.4383751347316545
2024-08-19,26.01028823852539,26.091570529231493,25.54065933094869,25.603878507588245,26382500,0.01766788829660615,0.01751362550638634,1.766788829660615,1.751362550638634
2024-08-20,26.100601196289062,26.36251117354334,26.010287351629195,26.010287351629195,21301300,0.0034722013433863275,0.0034661871698952263,0.34722013433863275,0.3466187169895226
2024-08-21,26.218008041381836,26.3444463822972,26.127694202473776,26.172850260631208,16729700,0.004498242941218811,0.004488156083884503,0.4498242941218811,0.44881560838845025
2024-08-22,25.992225646972656,26.308321515576054,25.775473455961773,26.208977837983536,20241500,-0.008611729543022917,-0.008649024757789104,-0.8611729543022917,-0.8649024757789104
2024-08-23,26.100601196289062,26.136727423190333,25.865785889210738,26.028350465079832,21885300,0.004169537106532006,0.004160868673904584,0.41695371065320064,0.4160868673904584
2024-08-26,26.118661880493164,26.236068661815892,25.983191987399817,26.118661880493164,16506000,0.0006919642987637253,0.0006917250018519269,0.06919642987637253,0.06917250018519269
2024-08-27,26.028350830078125,26.22704163563475,25.79353551970696,26.172852294522944,16184600,-0.0034577211814394992,-0.0034637129151406185,-0.3457721181439499,-0.3463712915140619
2024-08-28,25.965131759643555,26.26316624658964,25.865786356463744,25.99222643030896,19874100,-0.002428854246175116,-0.002431808697573798,-0.2428854246175116,-0.2431808697573798
2024-08-29,25.93803596496582,26.09156898022982,25.766441559300908,26.073507589828907,19229800,-0.0010435454334897232,-0.001044090306124818,-0.10435454334897232,-0.10440903061248182
2024-08-30,26.1999454498291,26.236069952554413,25.89287942499441,25.938035484049355,37137600,0.01009750642712648,0.01004686721034092,1.009750642712648,1.004686721034092
2024-09-03,25.558719635009766,26.118664089096015,25.414218173812014,25.874817227352327,44499600,-0.024474318698381792,-0.024778792969635047,-2.447431869838179,-2.4778792969635046
2024-09-04,25.640003204345703,25.775474838261776,25.46840878721388,25.549691078526166,23510500,0.0031802676541197172,0.003175221299285777,0.3180267654119717,0.3175221299285777
2024-09-05,25.74837875366211,26.010287004831024,25.603877293170303,25.676128023416208,25927200,0.0042268149677155975,0.004217907077843094,0.42268149677155975,0.4217907077843094
2024-09-06,25.79353141784668,25.983190636390457,25.540654756579055,25.79353141784668,31214500,0.0017536119309315978,0.0017520761487113306,0.17536119309315978,0.17520761487113307
2024-09-09,26.561199188232422,26.72376375758033,25.694190448501242,25.775472733175196,36558400,0.029762026686062315,0.029327733494850985,2.9762026686062315,2.9327733494850983
2024-09-10,26.859233856201172,26.877296969060616,26.362510310719248,26.570230940823087,32378800,0.011220678172572551,0.0111581933435552,1.1220678172572551,1.11581933435552
2024-09-11,26.786983489990234,26.823109716198186,26.317352884846514,26.805046603094212,31943100,-0.0026899637792258124,-0.0026935882330179715,-0.26899637792258124,-0.26935882330179717
2024-09-12,26.335416793823242,26.832140361040945,25.97416313379279,26.714733567503547,32511800,-0.01685769121169367,-0.017001399436916,-1.685769121169367,-1.7001399436916
2024-09-13,26.43476104736328,26.47991710693196,26.18188263503622,26.335415649200282,19987700,0.0037722681329781516,0.0037651709722074417,0.37722681329781516,0.37651709722074417
2024-09-16,27.157268524169922,27.220487697041364,26.588294245733692,26.705701034981615,29224600,0.027331719606321414,0.02696487743655085,2.7331719606321414,2.696487743655085
2024-09-17,26.94051742553711,27.220488797829706,26.732796785532713,27.139206508681315,27055300,-0.007981329139928217,-0.008013350442861205,-0.7981329139928217,-0.8013350442861205
2024-09-18,26.86826515197754,27.22048723635346,26.85020203929333,27.094048892750457,25812800,-0.0026819185548040414,-0.00268552134139987,-0.26819185548040414,-0.268552134139987
2024-09-19,26.786983489990234,27.4101471113312,26.660545143448953,26.994704122906132,22653200,-0.003025192044500913,-0.0030297771875812196,-0.3025192044500913,-0.30297771875812196
2024-09-20,26.570228576660156,26.687635354613423,26.398632464950207,26.678605521580412,56877400,-0.008091800012161698,-0.008124716314225648,-0.8091800012161698,-0.8124716314225647
2024-09-23,26.47088623046875,26.6153876919123,26.353479439018354,26.579263187848063,23126200,-0.0037388592990378333,-0.0037458663043908715,-0.37388592990378333,-0.37458663043908713
2024-09-24,26.64248275756836,26.723765046161628,26.326385159993798,26.416699005385578,21446200,0.006482462491266938,0.00646154169480419,0.6482462491266938,0.646154169480419
2024-09-25,26.127696990966797,26.832141219926818,26.109633876738748,26.732797536859323,30712700,-0.019321989293784037,-0.01951109887437953,-1.9321989293784037,-1.951109887437953
2024-09-26,26.163818359375,26.19994458349899,25.56774944207456,25.72128244941517,32310400,0.0013824933908523906,0.001381538626733267,0.13824933908523906,0.1381538626733267
2024-09-27,26.272199630737305,26.3986379907831,26.118666598141644,26.20898045071441,25013000,0.004142410326873014,0.004133854165829472,0.4142410326873014,0.4133854165829472
2024-09-30,26.13672637939453,26.362510120730644,25.99222492274688,26.290259392406817,27464700,-0.005156524891211434,-0.005169865646741701,-0.5156524891211434,-0.5169865646741701
2024-10-01,25.89287757873535,26.263162748881545,25.766439244322438,26.236068081824587,30725100,-0.009329737669497296,-0.009373532279645326,-0.9329737669497296,-0.9373532279645327
2024-10-02,25.83869171142578,25.9831931669644,25.630969361819936,25.829660155130462,24957200,-0.0020926939134053857,-0.002094886657007868,-0.20926939134053857,-0.2094886657007868
2024-10-03,25.594844818115234,25.75740938598334,25.52259409046199,25.739346273421724,25678900,-0.009437277089486606,-0.009482090355243729,-0.9437277089486606,-0.9482090355243729
2024-10-04,25.81159782409668,25.820629380665466,25.50453179113106,25.549689573974995,28769000,0.008468619658441368,0.00843296207124506,0.8468619658441368,0.843296207124506
2024-10-07,26.37154197692871,26.94954781009101,26.290259691316106,26.5250749916866,51426600,0.02169350989613239,0.021461554335235923,2.169350989613239,2.1461554335235924
2024-10-08,26.35348129272461,26.633452678640538,26.190916706517484,26.380574242030185,29126600,-0.000684855069146173,-0.0006850896895057848,-0.0684855069146173,-0.06850896895057848
2024-10-09,27.26564598083496,27.48239817291946,26.281228698497035,26.389603933242636,44244800,0.03461268277911245,0.0340271371426385,3.4612682779112447,3.4027137142638497
2024-10-10,26.497982025146484,27.166301743337492,26.44379440545353,26.994705604617536,34347700,-0.02815498874400657,-0.02855894067608532,-2.815498874400657,-2.8558940676085323
2024-10-11,26.335416793823242,26.588295217141223,26.14575926827975,26.516044485135133,29617600,-0.006135004211602513,-0.006153900676176465,-0.6135004211602513,-0.6153900676176465
2024-10-14,26.263166427612305,26.34444871757543,26.055445785525816,26.335417160624708,23594200,-0.0027434677330751,-0.0027472379378786,-0.27434677330751,-0.27472379378786
2024-10-15,26.588294982910156,26.859234794897805,26.254134273704963,26.272197387195693,29009900,0.012379640367965017,0.012303639221865793,1.2379640367965017,1.2303639221865792
2024-10-16,26.7960147857666,26.93148468754149,26.57926259840812,26.642481771063522,28414800,0.007812452922985713,0.007782093729977666,0.7812452922985713,0.7782093729977666
2024-10-17,26.43476104736328,26.669576346825572,26.389603265201348,26.62441856466364,23779200,-0.013481621849052328,-0.013573324041757408,-1.3481621849052328,-1.3573324041757409
2024-10-18,26.389604568481445,26.525076199064408,26.26316621737024,26.461855300915467,24244900,-0.0017082234562638687,-0.0017096841336313715,-0.17082234562638687,-0.17096841336313714
2024-10-21,26.127696990966797,26.38960525689995,26.082539205396678,26.38960525689995,23395700,-0.00992464956551331,-0.009974227199851944,-0.992464956551331,-0.9974227199851945
2024-10-22,26.046415328979492,26.18188524377689,25.82966312078497,26.100602950379766,29036400,-0.0031109386340252287,-0.003115787662916587,-0.3110938634025229,-0.3115787662916587
2024-10-23,26.064477920532227,26.290261681527568,25.892881779849617,26.07350947768325,22217600,0.000693477061030956,0.0006932367169228661,0.0693477061030956,0.0693236716922866
2024-10-24,25.865787506103516,26.172853563586035,25.739349149231916,26.064478321294214,31473600,-0.007623034500614079,-0.007652238337348831,-0.7623034500614079,-0.7652238337348831
2024-10-25,25.694190979003906,25.94706767201664,25.68515942245441,25.901911611862445,26091100,-0.006634111838238699,-0.006656215370620672,-0.6634111838238699,-0.6656215370620672
2024-10-28,26.064477920532227,26.136728655147,25.79353637378178,25.829662602385863,37922500,0.01441130961589332,0.014308453707969479,1.441130961589332,1.430845370796948
2024-10-29,25.703222274780273,26.344449045516665,25.31487565662523,26.199947577693074,102267000,-0.013860076033495927,-0.01395702373133927,-1.3860076033495927,-1.3957023731339269
2024-10-30,25.757410049438477,25.829660778952743,25.45937557486797,25.567750807842735,47104000,0.002108209394094951,0.002105990239085231,0.2108209394094951,0.21059902390852311
2024-10-31,25.558719635009766,25.865785670703307,25.549689800954038,25.69419126215179,37909600,-0.007713912774900411,-0.007743818894789142,-0.7713912774900411,-0.7743818894789142
2024-11-01,25.369060516357422,25.77547192701618,25.332934292035226,25.721282590532887,46894600,-0.007420525024757207,-0.0074481940848602915,-0.7420525024757207,-0.7448194084860291
2024-11-04,25.071027755737305,25.414218297098483,25.043933085658804,25.37809379292045,41347800,-0.011747883230754708,-0.011817434870631001,-1.1747883230754708,-1.1817434870631
2024-11-05,25.27874755859375,25.287779114988865,24.9084623593603,25.052963816495634,44175800,0.00828525279778014,0.008251118502061096,0.828525279778014,0.8251118502061096
2024-11-06,24.70977210998535,25.27874635504202,24.456893710741742,25.22455874184452,65749500,-0.022508055325508813,-0.022765227898779824,-2.2508055325508813,-2.2765227898779825
2024-11-07,24.80008316040039,24.917491660316248,24.691707938655238,24.86330404944367,48484800,0.003654871846371366,0.0036482090318185854,0.3654871846371366,0.36482090318185856
2024-11-08,24.506595611572266,24.90097599565142,24.497423771320463,24.864290383993875,55951300,-0.011834135673252533,-0.011904716451124165,-1.1834135673252533,-1.1904716451124164
2024-11-11,24.066356658935547,24.607482963236635,24.04801297928307,24.50659447449758,54329300,-0.01796410075126198,-0.01812741401609828,-1.796410075126198,-1.812741401609828
2024-11-12,24.020498275756836,24.24978901445423,23.80037937652928,24.057183884286676,53035200,-0.0019054975303743893,-0.0019073153003313463,-0.19054975303743893,-0.19073153003313464
2024-11-13,24.506595611572266,24.534111132327666,23.827895177085907,24.057185935331958,47983100,0.020236771537168075,0.020034729316429665,2.0236771537168075,2.0034729316429667
2024-11-14,23.864582061767578,24.6258272939764,23.699492439229584,24.52493880256993,45262200,-0.026197582070580316,-0.026546852253029385,-2.6197582070580316,-2.6546852253029387
2024-11-15,22.745641708374023,23.57108980814815,22.45214982816526,23.57108980814815,131074400,-0.04688707099489331,-0.04802188391693783,-4.688707099489331,-4.802188391693783
2024-11-18,22.80067253112793,23.158365538062576,22.653926592418866,22.901559270646924,64221700,0.002419400756394019,0.0024164787184888046,0.2419400756394019,0.24164787184888045
2024-11-19,23.020790100097656,23.029961939402153,22.57138047027411,22.653925274665117,52381200,0.009653994577099256,0.00960769253272814,0.9653994577099256,0.960769253272814
2024-11-20,22.87404441833496,23.020790350101624,22.608066323664445,22.993274831889316,46170800,-0.006374485025258614,-0.0063948888102261115,-0.6374485025258614,-0.6394888810226111
2024-11-21,23.048303604125977,23.13084840756958,22.727297978900253,22.809842782343857,45048400,0.007618206146847273,0.007589334156865341,0.7618206146847273,0.758933415686534
2024-11-22,23.525230407714844,23.6169470568346,23.020791461580536,23.09416443100643,41897000,0.020692490509518047,0.02048130920373725,2.0692490509518047,2.048130920373725
2024-11-25,24.002153396606445,24.258959640871932,23.607773065871715,23.61694490488292,57707600,0.020272829665260117,0.020070071593745634,2.0272829665260117,2.0070071593745635
2024-11-26,23.635290145874023,24.06635611180994,23.488544210689472,23.992983144217668,33001000,-0.015284597372179576,-0.015402610901064612,-1.5284597372179576,-1.5402610901064613
2024-11-27,23.690319061279297,23.800379385609823,23.571088646824947,23.626117934315456,28242100,0.002328252163000366,0.0023255459835645606,0.2328252163000366,0.23255459835645606
2024-11-29,24.038841247558594,24.057184927293566,23.63529078948677,23.690320079342094,22023000,0.014711586845993052,0.014604421224589846,1.4711586845993052,1.4604421224589845
2024-12-02,23.6811466217041,24.04801144459331,23.59860181788535,23.910437354678542,43866400,-0.01487986139476749,-0.014991677120415834,-1.487986139476749,-1.4991677120415834
2024-12-03,23.442686080932617,23.754521644748163,23.40600047013941,23.690320513847833,49064300,-0.010069636600827936,-0.010120678328311613,-1.0069636600827936,-1.0120678328311614
2024-12-04,23.140024185180664,23.38765863765864,23.09416673072908,23.341801183207053,42541500,-0.012910717428329499,-0.012994785107187585,-1.29107174283295,-1.2994785107187585
2024-12-05,23.571088790893555,23.65363359730859,23.057476273344545,23.14002107975958,43647900,0.018628528745832318,0.018457142876894643,1.8628528745832318,1.8457142876894643
2024-12-06,23.598604202270508,23.937955291074218,23.47020193862298,23.607776042438136,31830700,0.0011673373097462747,0.0011666565013194554,0.11673373097462747,0.11666565013194555
2024-12-09,23.93795394897461,24.249789499792136,23.461028783094918,23.626118398157082,37464800,0.014380077050127005,0.014277664375981918,1.4380077050127005,1.4277664375981918
2024-12-10,23.45185661315918,23.9471254513706,23.396827325363304,23.937953611846368,43280500,-0.020306553218858214,-0.020515565659585344,-2.0306553218858214,-2.0515565659585344
2024-12-11,23.140024185180664,23.396830478418906,23.08499488996881,23.277598297885177,39569400,-0.013296705379118756,-0.013385898094610644,-1.3296705379118756,-1.3385898094610644
2024-12-12,23.26842498779297,23.369311723500918,22.98410321160367,23.094163536152678,38705100,0.005548862074851835,0.005533523853313429,0.5548862074851835,0.5533523853313429
2024-12-13,23.461027145385742,23.534400108141583,23.16753529436237,23.240908257118214,29043600,0.008277404151497914,0.008243334319154387,0.8277404151497914,0.8243334319154386
2024-12-16,23.158363342285156,23.616944794607633,23.13084782538002,23.470198869812393,40194000,-0.012900705549889535,-0.01298464232897827,-1.2900705549889535,-1.2984642328978269
2024-12-17,24.240619659423828,24.26813343130374,23.717837001509302,23.754522613799075,71440300,0.046732849862605175,0.04567374160577885,4.6732849862605175,4.567374160577884
2024-12-18,23.74534797668457,24.323161609003947,23.717834208045208,24.02049790852458,47575100,-0.020431477812767662,-0.020643087753166856,-2.043147781276766,-2.0643087753166856
2024-12-19,23.635290145874023,23.92878201624312,23.461028691836294,23.571089017899475,50324700,-0.004634921792622815,-0.0046456963483410985,-0.4634921792622815,-0.46456963483410985
2024-12-20,24.17641830444336,24.295648729980062,23.57109083773466,23.57109083773466,116340100,0.022894923448350424,0.02263676756729759,2.2894923448350424,2.263676756729759
2024-12-23,24.497421264648438,24.534108621901645,24.020497865803055,24.176415635430242,35350400,0.013277523418184778,0.013190149659145755,1.3277523418184778,1.3190149659145756
2024-12-24,24.524938583374023,24.552454103334306,24.19475934124907,24.387364482271828,19716400,0.0011232740960085419,0.0011226436956918945,0.11232740960085419,0.11226436956918945
2024-12-26,24.35984992980957,24.506595876726823,24.286476956350945,24.433222903268195,31406000,-0.00673146042764694,-0.006754218896711973,-0.673146042764694,-0.6754218896711973
2024-12-27,24.41487693786621,24.625823983036447,24.231443659853333,24.240615498688918,35218300,0.0022589222928381947,0.002256374763601393,0.22589222928381947,0.22563747636013928
2024-12-30,24.2314453125,24.378191245178993,24.066355700898754,24.286474599917245,32859100,-0.007513108742388086,-0.007541474308910141,-0.7513108742388086,-0.7541474308910141
2024-12-31,24.332334518432617,24.44239309652924,24.176416741671098,24.213102351253454,27085500,0.0041635653437714915,0.004154921689558963,0.41635653437714915,0.41549216895589625
2025-01-02,24.40570831298828,24.6349990660247,24.35984911277123,24.5341105748968,32899200,0.0030154851972827856,0.0030109477412610507,0.30154851972827856,0.3010947741261051
2025-01-03,24.387365341186523,24.61665610088226,24.323164208367665,24.488253835244542,33417000,-0.000751585308097602,-0.0007518678899337187,-0.0751585308097602,-0.07518678899337186
2025-01-06,24.662511825561523,24.992691056187414,24.35984811393764,24.49742221024858,43951000,0.011282337412246823,0.011219166542821898,1.1282337412246823,1.1219166542821897
2025-01-07,24.882631301879883,25.28618350977743,24.708371592240823,24.77257272203938,35030000,0.008925265920814107,0.008885671156402805,0.8925265920814107,0.8885671156402806
2025-01-08,24.63499641418457,24.891800910357823,24.057182799095894,24.809256108202298,35430700,-0.009952118194051396,-0.010001971562518471,-0.9952118194051396,-1.000197156251847
2025-01-10,24.506595611572266,24.809259342483067,24.47908184016652,24.644171465999623,32836900,-0.005212129949342059,-0.005225760482013958,-0.5212129949342059,-0.5225760482013958
2025-01-13,24.579965591430664,24.58913743056572,24.17641516558484,24.442391503103703,28359600,0.002993887075190216,0.002989414320338957,0.2993887075190216,0.29894143203389567
2025-01-14,24.222274780273438,24.644170671506675,24.093872519587045,24.589139631769992,25856900,-0.01455212822925711,-0.0146590489981623,-1.455212822925711,-1.46590489981623
2025-01-15,24.048011779785156,24.442392125894152,24.038839940416402,24.323161712799322,35949700,-0.0071943284464017765,-0.007220332423127204,-0.7194328446401776,-0.7220332423127204
2025-01-16,24.29564666748047,24.369019634508835,23.809549667574085,23.91043815324416,29981100,0.010297520225912127,0.01024486195572534,1.0297520225912127,1.024486195572534
2025-01-17,24.12138557434082,24.35984815807497,24.04801260621874,24.21310222183081,35380300,-0.0071725233546837686,-0.007198369562828801,-0.7172523354683769,-0.7198369562828801
2025-01-21,24.43321990966797,24.43321990966797,24.203929177034148,24.258960212397877,39745600,0.01292771239720425,0.012844862796519307,1.292771239720425,1.2844862796519307
2025-01-22,23.855409622192383,24.396535927201462,23.818722262839426,24.313991118006886,41890400,-0.02364855265134136,-0.02393266788913146,-2.364855265134136,-2.393266788913146
2025-01-23,24.249788284301758,24.286473891727006,23.708662017321068,23.85540794572097,40987000,0.01653204318665269,0.016396876645648154,1.653204318665269,1.6396876645648155
2025-01-24,24.32437515258789,24.42693153808257,24.203171828226914,24.25911264482581,31300200,0.0030757739990008304,0.0030710534831706678,0.30757739990008304,0.30710534831706676
2025-01-27,25.042264938354492,25.14481954002539,24.40828327739313,24.4642223126927,50648600,0.02951318507724232,0.02908605466667908,2.951318507724232,2.908605466667908
2025-01-28,24.939708709716797,25.042265090279752,24.697303850921557,24.967679116671206,40589600,-0.004095325598149957,-0.004103734409760505,-0.4095325598149957,-0.41037344097605055
2025-01-29,24.818506240844727,25.238051659843872,24.771888897664944,24.986323341482496,34418200,-0.0048598189450724805,-0.0048716662646326,-0.48598189450724805,-0.48716662646326
2025-01-30,25.08888053894043,25.182113450080102,24.78121317696841,24.855799150226176,32289600,0.01089406008048699,0.01083514728810912,1.089406008048699,1.083514728810912
2025-01-31,24.725276947021484,25.182116307343858,24.63204402530323,25.135498957349693,37307000,-0.014492619204535484,-0.014598663025764166,-1.4492619204535484,-1.4598663025764167
2025-02-03,24.426931381225586,24.678657941224305,24.38031403435919,24.520162518418466,49626200,-0.012066419576822529,-0.0121398097863882,-1.206641957682253,-1.21398097863882
2025-02-04,24.119264602661133,25.098205793604134,23.867536258154647,24.333699068750363,68748300,-0.012595392100741898,-0.012675386468589553,-1.2595392100741898,-1.2675386468589553
2025-02-05,24.65068817138672,24.883769560129828,23.9607674740995,24.19384886284261,50426800,0.022033158036955713,0.02179393551837503,2.2033158036955713,2.179393551837503
2025-02-06,24.08197021484375,24.678658030738273,24.035354646078225,24.63204246197275,45182000,-0.023071078283449675,-0.023341381155427415,-2.3071078283449675,-2.3341381155427414
2025-02-07,23.998062133789062,24.203173137604846,23.802274599910827,24.10994199476953,36512800,-0.003484269779678084,-0.003490353984411811,-0.3484269779678084,-0.3490353984411811
2025-02-10,24.119264602661133,24.35234600795899,23.783626809985815,24.035355154492304,39632700,0.005050510670251862,0.005037799621464022,0.5050510670251862,0.5037799621464022
2025-02-11,23.80227279663086,24.156555736066448,23.737008512012526,24.081969760486857,36593300,-0.013142681224007968,-0.013229810509179565,-1.3142681224007968,-1.3229810509179565
2025-02-12,23.7463321685791,23.886182429880307,23.466635202516567,23.755655637883844,31671600,-0.002350222120791612,-0.002352988227627006,-0.23502221207916119,-0.23529882276270062
2025-02-13,23.904827117919922,23.998060030855363,23.61580668826297,23.764978637651712,30612500,0.006674502328007481,0.006652326457919057,0.6674502328007481,0.6652326457919057
2025-02-14,23.80227279663086,24.081969760486857,23.746331981243717,23.98873684644488,33214600,-0.004290109306508416,-0.004299338230292099,-0.4290109306508416,-0.42993382302920996
2025-02-18,23.830244064331055,23.998062972532068,23.699719037183655,23.876861415648072,40499700,0.0011751511269191273,0.001174461177310717,0.11751511269191273,0.1174461177310717
2025-02-19,24.137910842895508,24.16588125295911,23.774304403419052,23.839566915297382,37292400,0.012910769093841035,0.012828135595887656,1.2910769093841035,1.2828135595887655
2025-02-20,24.147232055664062,24.315050943818033,24.00738357495906,24.109939957335357,37139000,0.0003861648520131489,0.0003860903095565174,0.03861648520131489,0.03860903095565174
2025-02-21,24.52016258239746,24.771890921322953,24.100617129124934,24.137909228445398,54611500,0.015444027947953742,0.015325982791991058,1.5444027947953742,1.5325982791991057
2025-02-24,24.846477508544922,24.93038695691451,24.128586351725108,24.6133961026894,43823300,0.013308024571652588,0.01322025068646273,1.3308024571652588,1.322025068646273
2025-02-25,24.930387496948242,25.20076278716703,24.7439234351867,24.911740557291076,43560100,0.0033771382029690322,0.0033714484781408303,0.3377138202969032,0.33714484781408305
2025-02-26,24.632041931152344,24.967679709495002,24.566779424979032,24.87444679570316,30103300,-0.01196714514896402,-0.012039327889358143,-1.196714514896402,-1.2039327889358142
2025-02-27,24.333698272705078,24.706628153327735,24.24978882728124,24.51084063285207,28268300,-0.012112014882125877,-0.012185963048511297,-1.2112014882125877,-1.2185963048511297
2025-02-28,24.641366958618164,24.697305999122747,24.15655719885835,24.296405689254826,51531700,0.01264372897473609,0.012564464466913658,1.264372897473609,1.2564464466913658
2025-03-03,24.473546981811523,25.079558265707153,24.21249517382835,24.58542683616716,54048600,-0.006810497854622732,-0.006833795132763911,-0.6810497854622732,-0.6833795132763911
2025-03-04,24.007383346557617,24.529485166081745,23.932797372339884,24.47354612998592,51315000,-0.019047653190620628,-0.019231396733860692,-1.9047653190620628,-1.9231396733860693
2025-03-05,24.184526443481445,24.408284372993283,23.923474636582657,23.960768513969604,37062400,0.007378692395030528,0.007351603018799474,0.7378692395030528,0.7351603018799474
2025-03-06,24.464223861694336,24.669334856293023,24.147233011142742,24.175203419698466,46998300,0.01156513934091441,0.011498774307381561,1.156513934091441,1.149877430738156
2025-03-07,24.921062469482422,25.070234420875998,24.40828410885074,24.613395097449427,54337700,0.018673742129354798,0.01850152841965505,1.8673742129354798,1.850152841965505
2025-03-10,24.837154388427734,25.396550126006833,24.743923247389574,24.837154388427734,53013500,-0.003366954404830813,-0.0033726353510551534,-0.3366954404830813,-0.3372635351055153
2025-03-11,24.231142044067383,24.81850816580081,24.119263968298124,24.77189081900533,44841400,-0.024399427361240233,-0.02470202567994573,-2.4399427361240233,-2.470202567994573
2025-03-12,23.970090866088867,24.212495740979175,23.774303339217848,24.1845271104376,37331000,-0.010773374919917589,-0.010831827926696,-1.0773374919917589,-1.0831827926696
2025-03-13,23.867536544799805,24.305728951845197,23.802274035055813,24.016708503720366,36717900,-0.004278428557571656,-0.0042876072225632505,-0.42784285575716563,-0.42876072225632506
2025-03-14,23.979413986206055,24.016707864077947,23.774302992720557,23.886182848066266,30298300,0.004687431448832324,0.004676479652566218,0.46874314488323243,0.4676479652566218
2025-03-17,24.28708267211914,24.380315593544466,23.858213723140732,23.998062216143687,32676900,0.012830533977605585,0.012748920035484407,1.2830533977605585,1.2748920035484408
2025-03-18,24.52948760986328,24.613397061501555,24.33370007488736,24.43625468823519,32958700,0.009980817417087895,0.009931338016456683,0.9980817417087895,0.9931338016456683
2025-03-19,24.436254501342773,24.70662979416935,24.315052948942277,24.548134362094817,42522700,-0.003800858379243932,-0.0038080999968526,-0.3800858379243932,-0.38080999968526
2025-03-20,24.417606353759766,24.520160953781897,24.259110941067554,24.473545388160005,35378900,-0.0007631344477110336,-0.0007634257830317844,-0.07631344477110336,-0.07634257830317843
2025-03-21,24.501516342163086,24.725274263035413,24.249788014330516,24.361666085631736,349996500,0.003436454302180092,0.0034305631856053013,0.3436454302180092,0.34305631856053015
2025-03-24,24.37099266052246,24.445578643652002,24.13791124095887,24.33370055809274,37944400,-0.005327167503344055,-0.005341407455068426,-0.5327167503344055,-0.5341407455068425
2025-03-25,23.820919036865234,24.426932116479776,23.783626936519575,24.38963823786411,47607600,-0.0225708337497581,-0.02282945394239871,-2.25708337497581,-2.282945394239871
2025-03-26,23.50392723083496,23.914150987661213,23.42934125489109,23.79294944360365,49487400,-0.013307286991727563,-0.013396622361375145,-1.3307286991727563,-1.3396622361375146
2025-03-27,23.317462921142578,23.52257390814274,23.149644032565213,23.494605278893122,51302000,-0.007933325688983528,-0.007964961948816946,-0.7933325688983528,-0.7964961948816947
2025-03-28,23.50392723083496,23.513250700111687,23.13099735111561,23.336110118663704,32352500,0.007996766643223019,0.00796496194881695,0.7996766643223019,0.796496194881695
2025-03-31,23.625131607055664,23.709041056019377,22.944534323923353,23.1216749132734,53498100,0.00515677125062286,0.00514352063981436,0.515677125062286,0.514352063981436
2025-04-01,22.8792724609375,23.634455744683166,22.860625521025245,23.57851670321647,54444200,-0.031570581638386,-0.0320796760632327,-3.1570581638385997,-3.20796760632327
2025-04-02,23.028444290161133,23.065736391499332,22.664836077060865,22.84197844865997,41965000,0.006519955102519903,0.006498792133183809,0.6519955102519903,0.6498792133183809
2025-04-03,22.64619255065918,23.186941396132404,22.63686908008393,23.065738056924335,53501800,-0.016599112588133846,-0.016738421613139053,-1.6599112588133846,-1.6738421613139054
2025-04-04,21.41551971435547,22.469048703248177,21.39687455268919,22.319876740297538,80002600,-0.05434347665951855,-0.05587585901050167,-5.434347665951855,-5.587585901050167
2025-04-07,21.098527908325195,21.59266112499841,20.27808214865739,20.641688569862783,86106100,-0.014801966529805255,-0.014912608809412269,-1.4801966529805255,-1.4912608809412269
2025-04-08,20.361989974975586,21.43416399238119,19.989060113913183,21.350254551358418,72406000,-0.03490944659977824,-0.035533344325197544,-3.4909446599778238,-3.5533344325197542
2025-04-09,20.968002319335938,21.0146196658282,19.50425142660775,19.681393786738468,95954400,0.029761941004053494,0.02932765028920719,2.9761941004053494,2.932765028920719
2025-04-10,20.128908157348633,20.762889796677694,19.66274539646195,20.753566328067585,72960700,-0.0400178400025033,-0.040840578028868396,-4.00178400025033,-4.084057802886839
2025-04-11,20.42725372314453,20.511163169280458,19.83988937846301,20.128909816114554,55078100,0.014821746090931454,0.014712977455974498,1.4821746090931454,1.4712977455974499
2025-04-14,20.623043060302734,20.72559766710832,20.38996166023646,20.585749182722548,61900900,0.009584711670584056,0.009539069733127457,0.9584711670584056,0.9539069733127457
2025-04-15,20.92138671875,21.378226044047842,20.632364505754882,20.669658382891004,51814700,0.014466519687462931,0.01436287795253052,1.446651968746293,1.436287795253052
2025-04-16,20.548458099365234,21.145145943989835,20.464548648931142,20.968003573265637,37641200,-0.017825234263775802,-0.017986017280816217,-1.7825234263775802,-1.7986017280816218
2025-04-17,20.64168930053711,21.023942674378905,20.604397199276228,20.651012770419843,54073700,0.004537138539594698,0.004526876754251272,0.45371385395946984,0.45268767542512717
2025-04-21,20.548458099365234,20.66965965095334,20.389962668353068,20.632365771529276,32021000,-0.004516645891450843,-0.0045268767542512205,-0.45166458914508434,-0.45268767542512206
2025-04-22,21.005298614501953,21.02394377697521,20.65101385345792,20.678984264573018,36052600,0.022232350131946355,0.02198881440746754,2.2232350131946355,2.1988814407467543
2025-04-23,20.874771118164062,21.499429386277047,20.734922623747444,21.23837933757138,50781000,-0.006214027171590697,-0.006233414596152879,-0.6214027171590697,-0.623341459615288
2025-04-24,21.238378524780273,21.31296450416608,20.725598360516607,20.884093788995195,35009600,0.01741850986331639,0.017268546540929682,1.741850986331639,1.7268546540929681
2025-04-25,21.3689022064209,21.54604456322413,20.958678456344433,21.22905372611094,35847700,0.006145651914449823,0.006126844412628185,0.6145651914449823,0.6126844412628185
2025-04-28,21.49010467529297,21.71386438736293,21.350256188951732,21.471459514512123,55888900,0.005671909005959597,0.005655884295320161,0.5671909005959597,0.565588429532016
2025-04-29,22.180028915405273,22.48769632054205,20.94003404633904,21.284995332471848,98540200,0.032104275457788045,0.03159970406522054,3.2104275457788045,3.1599704065220537
2025-04-30,22.758068084716797,22.786038493300765,22.357167786363174,22.56228055943897,53941700,0.02606124507394325,0.025727438021543897,2.606124507394325,2.5727438021543896
2025-05-01,22.3105525970459,22.683482493168288,22.189349269387364,22.655512084107855,46891700,-0.019664036771707694,-0.019859946446032645,-1.9664036771707694,-1.9859946446032644
2025-05-02,22.56228256225586,22.655513709271762,22.347846300616915,22.636868546830666,41685800,0.011283000011541366,0.01121982174963503,1.1283000011541366,1.121982174963503
2025-05-05,22.254615783691406,22.608898775884946,22.235968842452223,22.562283201057177,40811800,-0.013636332127102468,-0.013730160867029424,-1.3636332127102468,-1.3730160867029424
2025-05-06,21.33160972595215,22.273258829793626,21.30364109502172,22.217319789662753,60872600,-0.04147481433562439,-0.042359440718148254,-4.147481433562438,-4.235944071814825
2025-05-07,21.24770164489746,21.527398618424847,21.182437358022415,21.434165701159056,48270500,-0.003933509103750565,-0.003941265697788845,-0.39335091037505654,-0.3941265697788845
2025-05-08,21.41551971435547,21.527399575703484,20.986650765439904,21.275671221373006,55669800,0.007898175165609533,0.007867147845862132,0.7898175165609533,0.7867147845862131
2025-05-09,21.16849136352539,21.472526846804232,21.149488692771854,21.387016640607754,39059800,-0.011535015452577957,-0.011602059813818058,-1.1535015452577957,-1.1602059813818058
2025-05-12,21.938079833984375,21.995086029962806,21.073478310835274,21.12098317211825,77480900,0.036355376358328195,0.03571011238975666,3.6355376358328195,3.571011238975666
2025-05-13,21.72905731201172,21.833568376029575,21.36801381902082,21.7575595057464,41193200,-0.009527840337642424,-0.009573520596089652,-0.9527840337642424,-0.9573520596089652
2025-05-14,20.92146110534668,21.757558645400316,20.873954430676715,21.719555117858686,59394000,-0.0371666471797929,-0.037874932189833316,-3.71666471797929,-3.7874932189833315
2025-05-15,21.47252655029297,21.47252655029297,20.987969325935588,21.092482201442397,51800100,0.026339720833620905,0.02599880386672943,2.6339720833620905,2.5998803866729427
2025-05-16,21.691051483154297,21.710054153346512,21.330009810474092,21.520031075813115,37786800,0.010176954833400753,0.010125518312296303,1.0176954833400753,1.0125518312296304
2025-05-19,21.852571487426758,21.881075493930794,21.510530658156114,21.60554220097512,31513700,0.0074463888667593015,0.0074188013799712064,0.7446388866759301,0.7418801379971206
2025-05-20,22.346628189086914,22.51764858940147,22.004587388457796,22.014088723163525,57047500,0.022608629924602663,0.022356842826863753,2.2608629924602663,2.235684282686375
2025-05-21,21.89057731628418,22.30862521447418,21.89057731628418,22.29912387876152,42984700,-0.020408039590753546,-0.020619160951637894,-2.0408039590753546,-2.0619160951637894
2025-05-22,21.89057731628418,22.004589720447093,21.67205021928203,21.89057731628418,38602800,0.0,0.0,0.0,0.0
2025-05-23,22.156606674194336,22.223114209607303,21.738556978777154,21.805066326384544,35405400,0.012152688075168339,0.01207943702903454,1.2152688075168339,1.207943702903454
2025-05-27,22.432140350341797,22.479645215829198,22.204113734052253,22.37513233712357,36155400,0.012435734415431554,0.012359045801823126,1.2435734415431554,1.2359045801823125
2025-05-28,22.023591995239258,22.460642556983526,21.95708445864291,22.43214036255335,36737200,-0.018212633690851243,-0.018380525327360318,-1.8212633690851243,-1.8380525327360318
2025-05-29,22.280122756958008,22.280122756958008,22.00458946112158,22.16610854194427,26091400,0.011647998281760996,0.011580682574337826,1.1647998281760996,1.1580682574337826
2025-05-30,22.318124771118164,22.441640313342297,22.004587966371716,22.308623436162897,56618600,0.0017056465341191984,0.0017041935709959121,0.17056465341191984,0.17041935709959122
2025-06-02,22.289621353149414,22.38463289300945,22.061594744801972,22.365632034792956,30443900,-0.0012771421551346362,-0.0012779583962214628,-0.12771421551346362,-0.12779583962214627
2025-06-03,22.185110092163086,22.36563183506563,21.909576810248968,22.21361228533049,37887100,-0.004688785840301413,-0.004699812678452906,-0.46887858403014127,-0.4699812678452906
2025-06-04,22.223114013671875,22.365632230808167,22.18511048471143,22.2421166842493,24500100,0.0017130373187652648,0.00171157174382186,0.17130373187652648,0.171157174382186
2025-06-05,21.966585159301758,22.27062063906603,21.92857981823402,22.27062063906603,33173600,-0.011543335205511651,-0.011610476690568345,-1.1543335205511651,-1.1610476690568345
2025-06-06,22.185110092163086,22.403635363353633,22.090098553151517,22.109101223392706,30426200,0.009948061170026445,0.009898904946746591,0.9948061170026445,0.9898904946746591
2025-06-09,22.774179458618164,22.93569853898543,22.251618687415245,22.27062135856303,42542600,0.026552465325072605,0.02620606705731263,2.6552465325072605,2.620606705731263
2025-06-10,23.08771514892578,23.201729358013793,22.764677004069853,22.774178339176718,40439200,0.013767156392059166,0.013673249995585316,1.3767156392059166,1.3673249995585315
2025-06-11,23.25873565673828,23.45826007045394,23.106717918761774,23.116219253909602,38558700,0.007407424541984398,0.007380124306209868,0.7407424541984398,0.7380124306209869
2025-06-12,23.60077667236328,23.638780201080788,23.306242529073597,23.306242529073597,42465400,0.014705916119989393,0.014598832698822835,1.4705916119989393,1.4598832698822835
2025-06-13,23.315744400024414,23.70529009235001,23.239733716454115,23.553272349598284,46368400,-0.012077241198279798,-0.012150763640919571,-1.2077241198279798,-1.215076364091957
2025-06-16,23.182729721069336,23.363251487330817,23.068717309258115,23.277741272375096,35102100,-0.0057049295391545796,-0.005721264807005715,-0.570492953915458,-0.5721264807005715
2025-06-17,22.802682876586914,23.106718358323633,22.71717267082416,23.059213493875177,40408800,-0.016393532990078397,-0.016529393824461155,-1.6393532990078397,-1.6529393824461156
2025-06-18,22.688669204711914,22.87869229141614,22.5841581379996,22.764678076954713,37076200,-0.00500001129218286,-0.0050125531724718436,-0.500001129218286,-0.5012553172471843
2025-06-20,22.774179458618164,22.888193673310425,22.584158183723677,22.802683465339847,63098100,0.0037688527755737056,0.0037617684442403897,0.37688527755737056,0.376176844424039
2025-06-23,22.831186294555664,22.8881924928645,22.584157018958212,22.67916855760252,31959100,0.0025031345713721898,0.0025000069481848873,0.250313457137219,0.25000069481848874
2025-06-24,23.097217559814453,23.18272776756461,22.90719628540979,22.935698479863536,34404200,0.011652099975296926,0.011584737033228496,1.1652099975296926,1.1584737033228496
2025-06-25,23.049713134765625,23.154226015611936,22.869191380265946,23.002206456110713,25603300,-0.002056716352340171,-0.002058834297924314,-0.2056716352340171,-0.2058834297924314
2025-06-26,23.030710220336914,23.211231972932147,22.95470134748542,23.10671909318841,31835300,-0.0008244317106076426,-0.0008247717413312898,-0.08244317106076426,-0.08247717413312898
2025-06-27,22.983205795288086,23.201731082404024,22.878692913539375,23.13522354390739,39528800,-0.0020626556712471933,-0.002064785875211841,-0.20626556712471933,-0.2064785875211841
2025-06-30,23.030710220336914,23.163725294778413,22.91669781715691,23.002206213444676,44730900,0.0020669190134723348,0.002064785875211835,0.20669190134723348,0.20647858752118348
2025-07-01,23.79079818725586,24.085332311167132,23.049710397981972,23.068713067187673,59259900,0.03300323609854461,0.032470322851417974,3.300323609854461,3.247032285141797
2025-07-02,24.05682945251465,24.09483479273519,23.781297984693197,23.876307710855816,36772100,0.011182107601639624,0.011120050030849232,1.1182107601639624,1.1120050030849233
2025-07-03,24.11383628845215,24.246853170547915,23.961818547937913,24.085334094727237,27104600,0.002369673694949004,0.002366870445889033,0.23696736949490038,0.23668704458890327
2025-07-07,23.980819702148438,24.256352972028935,23.885808167286392,24.09483390642175,34905900,-0.005516193471356123,-0.005531463848690282,-0.5516193471356123,-0.5531463848690281
2025-07-08,24.341867446899414,24.66490382264842,23.952319904336537,23.980823913459076,51275800,0.01505568822231007,0.014943476232363466,1.505568822231007,1.4943476232363466
2025-07-09,24.28485679626465,24.550888749320922,24.07583285527399,24.408372343545725,38362200,-0.0023420820427656475,-0.002344829006828133,-0.23420820427656475,-0.23448290068281333
2025-07-10,24.493881225585938,24.75041001723846,24.265854626231295,24.303858153359908,39499200,0.008607192172261025,0.008570361482040526,0.8607192172261025,0.8570361482040526
2025-07-11,24.370365142822266,24.43687267296351,24.151839883159806,24.370365142822266,34864400,-0.0050427321675198256,-0.00505548964781886,-0.5042732167519826,-0.505548964781886
2025-07-14,24.0853328704834,24.351362996763942,24.075831535659905,24.303858134840794,25918000,-0.011695855629098695,-0.011764790174711224,-1.1695855629098695,-1.1764790174711224
2025-07-15,23.38224983215332,24.170842481297747,23.3062409676163,24.075830947577906,54458000,-0.02919133574407462,-0.029625880307624433,-2.919133574407462,-2.9625880307624435
2025-07-16,23.38224983215332,23.714787481881356,23.3062409676163,23.448757362098927,44218200,0.0,0.0,0.0,0.0
2025-07-17,23.353748321533203,23.543771409259005,23.23023458304756,23.26823811327604,47393900,-0.001218937904808648,-0.0012196814138722039,-0.1218937904808648,-0.12196814138722038
2025-07-18,23.249235153198242,23.543771116733144,23.173226281491207,23.477261768319345,36309400,-0.004475220289952175,-0.004485264064879435,-0.44752202899521754,-0.4485264064879435
2025-07-21,23.049713134765625,23.42025616730147,23.049713134765625,23.363249965110068,33663400,-0.008581874505457443,-0.008618910836804496,-0.8581874505457443,-0.8618910836804496
2025-07-22,23.88580894470215,23.88580894470215,23.125720265455648,23.154224270500276,48091600,0.03627358852789575,0.035631190564518744,3.627358852789575,3.5631190564518747
2025-07-23,24.09483528137207,24.256354356196198,23.99032240584046,24.11383613967331,42073300,0.008751067931332734,0.008712999269448954,0.8751067931332734,0.8712999269448953
2025-07-24,24.0853328704834,24.26585460774114,23.999822669266273,24.123336397583053,25672400,-0.0003943754243473929,-0.0003944532107871032,-0.03943754243473929,-0.03944532107871032
2025-07-25,23.959688186645508,24.13365774399768,23.795382068481644,24.13365774399768,35643400,-0.00521664718164927,-0.00523030139239233,-0.521664718164927,-0.523030139239233
2025-07-28,23.495763778686523,23.90169643176856,23.42810864375021,23.853371862089528,31096600,-0.019362706406904073,-0.01955261908587906,-1.9362706406904073,-1.9552619085879062
2025-07-29,23.486099243164062,23.515095091972356,23.12849299184957,23.49576452610016,38499800,-0.00041133097921375317,-0.00041141559900627393,-0.04113309792137532,-0.04114155990062739
2025-07-30,23.012510299682617,23.58274906040431,23.002845017225486,23.50542864421141,35649500,-0.020164648823890574,-0.020370730436583127,-2.0164648823890574,-2.037073043658313
2025-07-31,22.509929656982422,23.041507314816386,22.36495225624204,22.8095460544817,62768300,-0.0218394532432703,-0.02208146418184394,-2.18394532432703,-2.208146418184394
2025-08-01,22.703229904174805,22.732225753167256,22.335958367591605,22.519593214151087,51332700,0.008587332352343546,0.008550670946817801,0.8587332352343546,0.8550670946817801
2025-08-04,22.74188995361328,22.88686550474599,22.616243124091223,22.654904254240826,57010700,0.0017028435866461855,0.0017013953923051093,0.17028435866461855,0.17013953923051092
2025-08-05,23.9210262298584,24.05633649539151,23.457103739347076,23.457103739347076,113955100,0.05184864928333588,0.05054923446277607,5.184864928333588,5.054923446277607
2025-08-06,23.128494262695312,23.882367938491935,23.060839121889394,23.853373931554728,65689200,-0.03313118590931696,-0.033692455512963196,-3.3131185909316963,-3.3692455512963195
2025-08-07,23.41844367980957,23.65040493566105,23.138157853621436,23.36045382671275,45494400,0.012536458872808076,0.012458528113524436,1.2536458872808076,1.2458528113524436
2025-08-08,23.75672149658203,23.785717345221403,23.350788832951896,23.47643566692496,36377000,0.014444931584591592,0.014341597474411457,1.4444931584591592,1.4341597474411458
2025-08-11,23.75672149658203,24.085333740638053,23.708396925647293,23.776052062341613,38115700,0.0,0.0,0.0,0.0
2025-08-12,23.824377059936523,23.94035861310686,23.650405651913147,23.834042342989406,34402700,0.00284784932820914,0.0028438018878237502,0.284784932820914,0.28438018878237503
2025-08-13,24.31729507446289,24.355956206101457,23.91136240957906,23.9210276924887,40176500,0.020689649651124187,0.020478525934169073,2.0689649651124187,2.0478525934169074
2025-08-14,24.268970489501953,24.336625626366537,23.988682815675283,24.249639923693724,32514000,-0.001987251658252309,-0.001989228862731765,-0.19872516582523092,-0.1989228862731765
2025-08-15,24.297964096069336,24.452604933069388,24.13365797632376,24.375284514569362,31844800,0.0011946780593732331,0.0011939649994020236,0.11946780593732331,0.11939649994020236
2025-08-18,24.230308532714844,24.3849493669859,24.172318680729237,24.29796366727541,35623300,-0.002784412845742823,-0.002788296534060288,-0.2784412845742823,-0.27882965340602883
2025-08-19,24.471935272216797,24.578251537970072,24.25930458417442,24.297963871334773,29170500,0.009972086784438394,0.009922693624172689,0.9972086784438394,0.9922693624172689
2025-08-20,24.529926300048828,24.829544546352697,24.4912670110361,24.539591583168075,38111000,0.002369695211553946,0.0023668919116269496,0.2369695211553946,0.23668919116269496
2025-08-21,24.87786865234375,25.0228442094875,24.520262400953452,24.558921689241814,37068100,0.01418440267772958,0.0140847453192206,1.418440267772958,1.40847453192206
2025-08-22,25.013179779052734,25.23547760727805,24.897200066770587,25.032510345587855,34560500,0.005439016042728229,0.00542427801108023,0.5439016042728229,0.542427801108023
2025-08-25,24.297964096069336,25.022843710806146,24.268970091296946,25.01317842806062,32684200,-0.028593553050874188,-0.02901031233204039,-2.8593553050874188,-2.9010312332040393
2025-08-26,24.0853328704834,24.394614537606113,24.03700830129453,24.297963555764227,43938700,-0.008750989372823037,-0.008789504139830168,-0.8750989372823037,-0.8789504139830169
2025-08-27,24.230308532714844,24.326959515000294,24.01767784645818,24.172318680729237,31840300,0.006019250927983277,0.0060012076057698064,0.6019250927983277,0.6001207605769806
2025-08-28,23.776052474975586,24.230309717424102,23.689066771012044,24.230309717424102,44306800,-0.018747431842476847,-0.018925392658346963,-1.8747431842476847,-1.8925392658346962
2025-08-29,23.930694580078125,24.046674295842433,23.689068021527415,23.85337415508047,37030000,0.006504111869087614,0.006483051403907332,0.6504111869087614,0.6483051403907332
2025-09-02,24.14332389831543,24.230309601864114,23.882366787669373,23.901697353672247,44725000,0.008885212985598523,0.008845971753867686,0.8885212985598523,0.8845971753867686
2025-09-03,23.959688186645508,24.27863514032075,23.892031208078127,24.046672043589506,30957600,-0.0076060658608293474,-0.007635139497590313,-0.7606065860829347,-0.7635139497590313
2025-09-04,23.718063354492188,23.95002462442199,23.53442665783198,23.95002462442199,41695500,-0.010084640095107567,-0.010135834553974366,-1.0084640095107567,-1.0135834553974366
2025-09-05,24.046672821044922,24.056338104009892,23.689066568662117,23.74705642298772,34613200,0.013854818651983125,0.013759718046393135,1.3854818651983125,1.3759718046393135
2025-09-08,23.727725982666016,24.13365865202258,23.495764720671442,24.066003514373858,49242900,-0.013263657752259794,-0.013352405682433812,-1.3263657752259794,-1.3352405682433812
2025-09-09,23.882366180419922,23.95968844246536,23.689066055698902,23.72772534325743,32751300,0.0065172784727400845,0.006496132838328079,0.6517278472740085,0.6496132838328079
2025-09-10,23.747055053710938,23.824375469508116,23.63107535174723,23.814710187100452,32975900,-0.005665733691828212,-0.005681844844112956,-0.5665733691828212,-0.5681844844112955
2025-09-11,24.02734375,24.02734375,23.71806207346476,23.776051926949066,36784100,0.011803092874257848,0.011733979674997641,1.1803092874257848,1.173397967499764
2025-09-12,23.07050323486328,24.008013562042585,23.041507385932867,23.97901771311217,81378200,-0.0398229835595838,-0.04063761939296003,-3.98229835595838,-4.063761939296003
2025-09-15,23.167152404785156,23.31212980614248,22.886866571987085,23.186482970761364,50760200,0.004189296130126197,0.004180545460012557,0.41892961301261966,0.4180545460012557
2025-09-16,23.099496841430664,23.408778517490596,23.07050283646517,23.15748669482585,57010800,-0.0029203227989521574,-0.002924595261584644,-0.29203227989521574,-0.2924595261584644
2025-09-17,23.24447250366211,23.573084746854683,23.09949694777461,23.176817367145556,46351600,0.0062761393993404635,0.0062565264560613615,0.6276139399340463,0.6256526456061362
2025-09-18,23.341123580932617,23.428109283501527,23.157486892902227,23.244472595471137,34419000,0.004158024117573822,0.004149403423732652,0.4158024117573822,0.41494034237326516
2025-09-19,23.225143432617188,23.437774121827903,23.02217618265153,23.437774121827903,86577600,-0.004968918823178403,-0.004981304947780769,-0.4968918823178403,-0.4981304947780769
2025-09-22,23.23480987548828,23.969352963425884,23.225144592296434,23.466771141699777,67863300,0.00041620594934710375,0.00041611935967622544,0.041620594934710375,0.04161193596762255
2025-09-23,23.321792602539062,23.544090418206842,23.244472184230673,23.292798597838534,38955200,0.0037436384251434696,0.003736648450674142,0.37436384251434696,0.3736648450674142
2025-09-24,23.28313446044922,23.370120165758134,23.176818188746257,23.360454882561115,39669400,-0.0016575973703512048,-0.0016589727049164,-0.16575973703512048,-0.16589727049164002
2025-09-25,22.809545516967773,23.341123162274947,22.790214951529357,23.28313330942388,56738300,-0.02034042900391808,-0.02055014420133447,-2.034042900391808,-2.055014420133447
2025-09-26,22.964187622070312,23.012512194871583,22.81921206020222,22.93519177231098,33374500,0.006779710055489829,0.00675683117119342,0.6779710055489829,0.675683117119342
2025-09-29,23.051172256469727,23.060837539273596,22.848205004516846,22.993182403110705,39184300,0.0037878385175627027,0.003780682721552612,0.3787838517562703,0.3780682721552612
2025-09-30,24.626577377319336,24.771552937706648,23.01251195982159,23.05117309243915,164867300,0.0683438179768685,0.06610961567527618,6.83438179768685,6.610961567527617
2025-10-01,26.29863166809082,26.530594768204395,24.723227442048053,25.10016425367027,150879900,0.06789633269588724,0.06569066906256935,6.789633269588724,6.569066906256935
2025-10-02,26.17298698425293,26.25997268694496,25.72839503135076,26.02801142758762,69684100,-0.004777612973314471,-0.0047890622475323524,-0.4777612973314471,-0.47890622475323524
2025-10-03,26.45327377319336,26.762555441989992,26.13432682181381,26.288967656212126,70524000,0.010709010366644955,0.010652075035139163,1.0709010366644955,1.0652075035139164
2025-10-06,25.544757843017578,26.443608857597233,25.50609671214938,26.356623156607963,62945600,-0.034344177509569085,-0.034947799674259955,-3.4344177509569085,-3.4947799674259956
2025-10-07,25.390117645263672,25.68973404317355,25.17748510706731,25.5350932027385,47744200,-0.00605369597567651,-0.006072093880954999,-0.605369597567651,-0.6072093880954998
2025-10-08,24.81987762451172,25.612412353320583,24.771551212106214,25.535091936935917,48693300,-0.02245913267197197,-0.022715179988333816,-2.245913267197197,-2.2715179988333816
2025-10-09,24.394615173339844,25.032509089270263,24.36561932499239,24.91652938280884,47278700,-0.01713394633146348,-0.017282430918636425,-1.7133946331463479,-1.7282430918636424
2025-10-10,23.950023651123047,24.56858701246488,23.79538281078759,24.413946172129425,64963900,-0.01822498609048273,-0.018393106949167792,-1.822498609048273,-1.8393106949167792
2025-10-13,23.901697158813477,24.114329696183102,23.785717450670248,24.008013427498287,45356600,-0.002017805619465629,-0.0020198441319007688,-0.2017805619465629,-0.20198441319007687
2025-10-14,23.698732376098633,23.959689491535364,23.660071243383143,23.824377370495426,42277000,-0.008491647323880636,-0.008527906775249661,-0.8491647323880636,-0.8527906775249662
2025-10-15,23.573083877563477,23.75672055809669,23.39911247952824,23.669734859079067,47729800,-0.005301907989892274,-0.005316012981728166,-0.5301907989892274,-0.5316012981728166
2025-10-16,23.41844367980957,23.785717050839224,23.399113114289232,23.621410930844736,44390000,-0.006560032559044582,-0.006581644139597223,-0.6560032559044582,-0.6581644139597222
2025-10-17,23.689067840576172,23.708398407544014,23.350790292496274,23.389451426431958,40101900,0.011556026714103274,0.011489765823891699,1.1556026714103274,1.1489765823891698
2025-10-20,23.863039016723633,23.901698306806765,23.68906760268876,23.747057459545612,35856800,0.007343943515137896,0.007317108067209892,0.7343943515137896,0.7317108067209892
2025-10-21,24.01767921447754,24.12399364192934,23.776052666733225,23.89203237731051,40726900,0.006480322881152301,0.00645941586304,0.6480322881152301,0.645941586304
2025-10-22,23.892032623291016,24.094999884087304,23.795383477969647,23.959689605865965,48662900,-0.005231420990533753,-0.005245152785460699,-0.5231420990533753,-0.5245152785460699
2025-10-23,23.843708038330078,23.950024310285876,23.68906719373853,23.93069374384586,34219900,-0.0020226234294451473,-0.002024671694592564,-0.20226234294451473,-0.2024671694592564
2025-10-24,23.930694580078125,23.99834972151803,23.85337415508047,23.87270472219597,27429200,0.003648196899920464,0.0036415583704861184,0.3648196899920464,0.3641558370486118
2025-10-27,23.940359115600586,23.969353121903552,23.805046993484368,23.911363265833337,34974900,0.00040385520320440627,0.00040377367564131043,0.04038552032044063,0.040377367564131045
2025-10-28,23.679401397705078,23.95002379161169,23.563419845041032,23.95002379161169,50152400,-0.010900325957326817,-0.010960169785811737,-1.0900325957326817,-1.0960169785811738
2025-10-29,23.476436614990234,23.805047028852545,23.418444915369573,23.70839788308002,65438400,-0.008571364592624975,-0.00860831000466779,-0.8571364592624975,-0.860831000466779
2025-10-30,23.476436614990234,23.87270401174332,23.34112449267298,23.495765338066168,157478000,0.0,0.0,0.0,0.0
2025-10-31,23.824377059936523,23.901697480895333,23.3507892511308,23.466770804301134,132697400,0.014820837193159075,0.014712081832498853,1.4820837193159075,1.4712081832498853
2025-11-03,23.834041595458984,23.921027296742455,23.59241505710805,23.766386459674994,140871300,0.0004056574280262293,0.00040557517129639,0.04056574280262293,0.040557517129638995
2025-11-04,23.486099243164062,24.35595627277062,23.389450100731537,23.57308494612472,166162000,-0.014598545987316469,-0.01470615331756479,-1.459854598731647,-1.470615331756479
2025-11-05,23.785717010498047,23.843706863496514,23.35078850434905,23.563419194319565,107240900,0.012757238408638294,0.012676550355929189,1.2757238408638294,1.2676550355929188
2025-11-06,24.01767921447754,24.288299768134042,23.718062811444586,23.92102822668696,124137200,0.009752163614706877,0.009704918182245673,0.9752163614706877,0.9704918182245673
2025-11-07,24.02751350402832,24.224217357629197,23.712785837527026,23.92916063926545,117794500,0.00040946044215850463,0.00040937663610771964,0.04094604421585046,0.04093766361077197
2025-11-10,23.98817253112793,24.47993499794679,23.51608101320381,24.2537247134321,148958600,-0.0016373301754172287,-0.0016386720654135807,-0.16373301754172287,-0.16386720654135806
2025-11-11,25.0897216796875,25.0897216796875,24.037350284171172,24.086525781262136,139673800,0.04592051133241437,0.044897369765073976,4.592051133241437,4.489736976507397
2025-11-12,25.443790435791016,25.522472354137502,24.834004161662058,24.98153252407111,96008000,0.014112103777945473,0.014013455052156969,1.4112103777945473,1.401345505215697
2025-11-13,25.365108489990234,26.043739331522325,25.247084674635797,25.512636852239606,123083100,-0.0030923830315039424,-0.003097174328143332,-0.30923830315039424,-0.30971743281433317
2025-11-14,24.64713478088379,25.34543847254041,24.558617385097385,25.24708560211941,96507600,-0.028305564290796448,-0.028713890499538885,-2.8305564290796448,-2.8713890499538883
2025-11-17,24.666805267333984,25.148732259837097,24.538947851333134,24.69631169068415,88042200,0.0007980841028811803,0.0007977658031056132,0.07980841028811803,0.07977658031056133
2025-11-18,25.030710220336914,25.08972119088139,24.568452302617867,24.637298747573915,66511800,0.014752820604816863,0.014645056338640728,1.4752820604816863,1.4645056338640727
2025-11-19,24.4700984954834,25.079884754127956,24.312734662786387,24.932356395465117,62000200,-0.02239695637553385,-0.022651577205837062,-2.239695637553385,-2.2651577205837063
2025-11-20,23.99800682067871,24.58812212690951,23.879984884987458,24.479933789255156,51983200,-0.019292593975125394,-0.019481124838261903,-1.9292593975125394,-1.9481124838261903
2025-11-21,24.627464294433594,25.09955579425616,24.1848773408969,24.1848773408969,73079400,0.026229573083231594,0.02589147716080872,2.6229573083231594,2.589147716080872
2025-11-24,24.80449867248535,25.05037991106404,24.637299355214843,24.696312203139712,63074900,0.0071884939486754895,0.007162779882783495,0.718849394867549,0.7162779882783495
2025-11-25,25.296260833740234,25.54214206924833,24.94219313023754,24.95202860476886,39130300,0.01982552309353358,0.01963155687381602,1.9825523093533581,1.963155687381602
2025-11-26,25.28642463684082,25.38477750341936,25.158567223436144,25.276591038515374,33461000,-0.0003888399540178389,-0.00038891557187555737,-0.03888399540178389,-0.038891557187555735
2025-11-28,25.31593132019043,25.43395513648458,25.237249401302638,25.42411966213299,22627600,0.0011668981982775328,0.0011662179017480603,0.11668981982775328,0.11662179017480603
2025-12-01,24.853675842285156,25.512637631318288,24.81433394399066,25.335602840842977,53198600,-0.0182594695829581,-0.018428231185977174,-1.8259469582958099,-1.8428231185977175
2025-12-02,24.73565101623535,24.902850325329663,24.62746455218013,24.902850325329663,43827000,-0.0047487875354438325,-0.0047600988512029345,-0.47487875354438325,-0.47600988512029346
2025-12-03,25.148731231689453,25.463458897524582,24.883179060169244,24.902850008265155,56121200,0.01669979153501866,0.01656188325815729,1.669979153501866,1.656188325815729
2025-12-04,25.27659034729004,25.315930367290704,24.932356261641175,25.207742029420388,35454000,0.00508411793909791,0.005071237450324697,0.508411793909791,0.5071237450324697
2025-12-05,25.601154327392578,25.68967172021284,25.217578333196478,25.345437623236815,47443700,0.012840496904177545,0.01275875670335412,1.2840496904177545,1.275875670335412
2025-12-08,25.34543800354004,25.758518550924478,25.335602529087442,25.61099018598538,45209300,-0.009988468511317405,-0.01003868795297224,-0.9988468511317405,-1.003868795297224
2025-12-09,24.91268539428711,25.699504556094794,24.71597966587276,25.571647145772864,43483800,-0.017074181523021426,-0.01722162610068259,-1.7074181523021426,-1.722162610068259
2025-12-10,25.35527229309082,25.36510776708379,24.804497005033756,25.07004917506932,43635400,0.017765523539473804,0.017609561086862506,1.7765523539473804,1.7609561086862506
2025-12-11,25.374942779541016,25.61099041667973,25.18807439103322,25.374942779541016,35570200,0.0007757947231967766,0.0007754939500192832,0.07757947231967766,0.07754939500192833
2025-12-12,25.42411994934082,25.610990212282186,25.296260657250695,25.414284474878123,51599700,0.0019380209140591464,0.0019361453743599719,0.19380209140591464,0.19361453743599719
2025-12-15,25.994564056396484,26.210938864467778,25.384777777759325,25.394613252115963,60360000,0.022437123023031358,0.022189113668016146,2.243712302303136,2.2189113668016147
2025-12-16,25.109392166137695,26.07324614838687,24.509441357874977,26.00439970335835,111695500,-0.03405219215595867,-0.034645475376201135,-3.405219215595867,-3.4645475376201134
2025-12-17,24.627464294433594,25.07004937204542,24.61762882036335,24.981531981338083,61255300,-0.01919313173793291,-0.019379711110529656,-1.9193131737932911,-1.9379711110529656
2025-12-18,24.627464294433594,24.81433267399365,24.568451450012127,24.59795787222286,47062500,0.0,0.0,0.0,0.0
2025-12-19,24.774993896484375,25.099557053384828,24.568452682497746,24.597959106188682,87590000,0.005990450347912013,0.005972578936579029,0.5990450347912013,0.5972578936579029
2025-12-22,24.794662475585938,24.98153273672138,24.715980556569686,24.784828877143212,38758900,0.0007938883530604901,0.0007935733903877024,0.07938883530604901,0.07935733903877024
2025-12-23,24.4700984954834,24.922520921430948,24.420923001237405,24.84383900508244,43692900,-0.01309007454415323,-0.013176504649513553,-1.309007454415323,-1.3176504649513552
2025-12-24,24.617630004882812,24.725816473011353,24.49960618628582,24.509441660829314,19328500,0.006029052536369761,0.006010950521354572,0.6029052536369761,0.6010950521354572
2025-12-26,24.676639556884766,24.696310504840337,24.509440251112107,24.607793114965116,21617800,0.0023970443942105124,0.0023941760660554506,0.23970443942105124,0.23941760660554506
2025-12-29,24.588123321533203,24.784829058475445,24.558616898214385,24.637298817806297,33067700,-0.0035870457623500274,-0.0035934946372254933,-0.35870457623500274,-0.35934946372254933
2025-12-30,24.57828712463379,24.637298093611903,24.509440681505172,24.597958072934787,28821700,-0.00040003853774395193,-0.0004001185745056966,-0.04000385377439519,-0.040011857450569656
2025-12-31,24.489770889282227,24.60779470873484,24.47009994005263,24.55861733566085,29409200,-0.003601399678614947,-0.0036079003307616735,-0.3601399678614947,-0.36079003307616736
2026-01-02,24.76515769958496,24.883179639056387,24.42092360359764,24.568451965899374,35976700,0.011244972913293072,0.011182218217064074,1.1244972913293072,1.1182218217064075
2026-01-05,24.755321502685547,24.98153177667332,24.538946702687436,24.784827924654547,52620900,-0.00039717885178569556,-0.0003972577481971975,-0.039717885178569556,-0.03972577481971975
2026-01-06,25.01103973388672,25.581484128828816,24.774993971420155,24.774993971420155,50977300,0.010329828726863166,0.010276840638950168,1.0329828726863166,1.0276840638950169
2026-01-07,24.863510131835938,25.38477712791912,24.725815370292846,25.16840232538694,51395800,-0.005898579332185738,-0.005916044665557448,-0.5898579332185738,-0.5916044665557448
2026-01-08,24.87334632873535,25.13889663358356,24.706147015943927,24.76515798636298,42977300,0.0003956077338742592,0.0003955295017668464,0.03956077338742592,0.039552950176684636
2026-01-09,25.06021499633789,25.129061441922207,24.81433376157965,24.922522105169257,34190200,0.007512807691125056,0.007484727106411,0.7512807691125056,0.7484727106411
2026-01-12,24.853675842285156,25.3454383154166,24.676641051809842,25.158568050367663,50256300,-0.008241715168162633,-0.008275865872312757,-0.8241715168162633,-0.8275865872312758
2026-01-13,24.73565101623535,24.971696768617043,24.55861623296786,24.902850325329663,47656100,-0.0047487875354438325,-0.0047600988512029345,-0.47487875354438325,-0.47600988512029346
2026-01-14,25.158567428588867,25.28642484303614,24.784828783652678,24.814333330719403,53738100,0.01709744417383363,0.016952927789933004,1.7097444173833631,1.6952927789933003
2026-01-15,25.463459014892578,25.463459014892578,24.834003680320997,25.129060399420208,55263200,0.012118797589295571,0.01204595289796226,1.2118797589295571,1.204595289796226
2026-01-16,25.227413177490234,25.463458927141126,25.12906031282115,25.463458927141126,59470600,-0.009269983204728383,-0.009313216890153816,-0.9269983204728383,-0.9313216890153816
2026-01-20,25.09955596923828,25.227413381193095,24.67663996089371,25.011038577913844,55425400,-0.005068185443842355,-0.005081072255964399,-0.5068185443842355,-0.5081072255964398
2026-01-21,25.463459014892578,25.492965437172447,24.96186109168402,25.05037848259876,47264100,0.01449838579217455,0.014394289146118126,1.449838579217455,1.4394289146118127
2026-01-22,25.670000076293945,25.8765394033302,25.325765988641994,25.47329434737144,49883900,0.008111272756799126,0.008078553196370632,0.8111272756799126,0.8078553196370633
2026-01-23,25.649999618530273,25.690000534057617,25.510000228881836,25.579999923706055,45402300,-0.0007791374251744365,-0.0007794411104900663,-0.07791374251744365,-0.07794411104900663
2026-01-26,25.8799991607666,25.920000076293945,25.600000381469727,25.6299991607666,41441900,0.008966843885259479,0.008926880460160132,0.8966843885259479,0.8926880460160133
2026-01-27,26.5,26.829999923706055,25.899999618530273,25.940000534057617,75575400,0.02395675654322682,0.023674295787352036,2.395675654322682,2.3674295787352038
2026-01-28,25.860000610351562,26.389999389648438,25.760000228881836,26.270000457763672,44976700,-0.024150920364091943,-0.024447336046316756,-2.4150920364091943,-2.4447336046316757
2026-01-29,26.100000381469727,26.229999542236328,25.8799991607666,25.899999618530273,44373800,0.009280733389545714,0.009237931998486156,0.9280733389545714,0.9237931998486156
2026-01-30,26.440000534057617,26.469999313354492,25.899999618530273,26.1299991607666,51599400,0.01302682557925472,0.012942706237990147,1.302682557925472,1.2942706237990147
2026-02-02,26.65999984741211,26.690000534057617,26.350000381469727,26.420000076293945,52129500,0.008320700034446293,0.008286273844749656,0.8320700034446293,0.8286273844749656
2026-02-03,25.770000457763672,26.110000610351562,25.260000228881836,25.360000610351562,91964900,-0.03338332313362069,-0.033953266599379126,-3.338332313362069,-3.3953266599379126
2026-02-04,26.780000686645508,26.979999542236328,25.860000610351562,25.8799991607666,83025800,0.039192868100146105,0.03844432347555501,3.9192868100146105,3.8444323475555007
2026-02-05,26.489999771118164,27.190000534057617,26.459999084472656,26.760000228881836,72650700,-0.010829010757716695,-0.010888071259594305,-1.0829010757716695,-1.0888071259594305
2026-02-06,27.219999313354492,27.3700008392334,26.520000457763672,26.670000076293945,50691600,0.02755755185140618,0.02718467735388047,2.755755185140618,2.718467735388047
2026-02-09,27.049999237060547,27.3700008392334,26.790000915527344,27.18000030517578,49288200,-0.006245410748799696,-0.0062649949098434535,-0.6245410748799696,-0.6264994909843453
2026-02-10,27.610000610351562,27.729999542236328,27.09000015258789,27.18000030517578,43760600,0.020702454310008722,0.020491070960535988,2.070245431000872,2.0491070960535986
2026-02-11,27.729999542236328,27.940000534057617,27.309999465942383,27.549999237060547,41699300,0.004346212576314734,0.004336795071560468,0.4346212576314734,0.43367950715604675
2026-02-12,27.469999313354492,27.889999389648438,27.40999984741211,27.649999618530273,58805100,-0.009376135347056946,-0.009420368008814699,-0.9376135347056946,-0.9420368008814699
2026-02-13,27.579999923706055,27.940000534057617,27.549999237060547,27.600000381469727,36986700,0.004004390720828477,0.003996394487891729,0.4004390720828477,0.3996394487891729
2026-02-17,27.3700008392334,27.8700008392334,27.200000762939453,27.84000015258789,32119900,-0.007614180023697292,-0.007643315883762295,-0.7614180023697292,-0.7643315883762295
2026-02-18,27.3700008392334,27.479999542236328,27.209999084472656,27.440000534057617,24779800,0.0,0.0,0.0,0.0
2026-02-19,26.860000610351562,27.399999618530273,26.579999923706055,27.3700008392334,40316800,-0.018633548163826785,-0.018809339896585543,-1.8633548163826785,-1.8809339896585544
2026-02-20,26.649999618530273,26.780000686645508,26.360000610351562,26.709999084472656,44786900,-0.007818353948225831,-0.00784907752073756,-0.7818353948225831,-0.784907752073756
2026-02-23,27.059999465942383,27.110000610351562,26.5,26.559999465942383,34166100,0.0153846098792072,0.01526746670879551,1.53846098792072,1.526746670879551
2026-02-24,27.139999389648438,27.420000076293945,27.079999923706055,27.139999389648438,34670900,0.002956390439206924,0.0029520289111311855,0.2956390439206924,0.29520289111311854
2026-02-25,27.094999313354492,27.290000915527344,27.040000915527344,27.05500030517578,2257560,-0.001658072118863374,-0.001659448241790121,-0.1658072118863374,-0.1659448241790121
