Date,Close,High,Low,Open,Volume
2016-02-24,18.383546829223633,18.42028866833065,18.077357860496456,18.25494731462759,33322210
2016-02-25,18.73259925842285,18.7938372924582,18.383545049707166,18.432534984500055,54850265
2016-02-26,18.51214599609375,18.922439529227816,18.383547706449843,18.84895338532998,45244004
2016-02-29,18.16921043395996,18.481522770818962,18.107973638131856,18.426409408356,37091841
2016-03-01,18.395790100097656,18.42640849649651,18.138591138429508,18.242695655926845,33114256
2016-03-02,18.359054565429688,18.469282561174627,18.218206929645792,18.43866292113567,36139763
2016-03-03,18.303926467895508,18.371286667214786,18.11408903797317,18.297801806158294,38881955
2016-03-04,18.193708419799805,18.334554787586942,18.08348045293947,18.27944018861255,38827884
2016-03-07,18.242704391479492,18.25495126346816,17.95488689559055,18.095733309993424,33934900
2016-03-08,17.9793758392334,18.218202073783605,17.9793758392334,18.218202073783605,34566879
2016-03-09,18.21207618713379,18.27943764466885,18.01611524764408,18.19982932090284,81054603
2016-03-10,18.120223999023438,18.32230841883655,18.083482160659234,18.310060318656102,61264172
2016-03-11,18.677488327026367,18.677488327026367,18.205957988703734,18.23657639417297,63638517
2016-03-14,18.432531356811523,18.579502363353445,18.34067493938091,18.53663587107406,49289572
2016-03-15,18.0896053314209,18.32843158611563,17.94263428684152,18.297813182743845,57622391
2016-03-16,17.783411026000977,18.077351795685235,17.67930774718691,18.077351795685235,96151572
2016-03-17,17.967130661010742,18.11410171708509,17.599704867457838,17.83240770589619,70483510
2016-03-18,18.034486770629883,18.15696281941847,17.863022025849457,18.06510639837117,86327765
2016-03-21,18.414165496826172,18.444785132789644,18.028368178613025,18.034491613370275,37124304
2016-03-22,18.60400390625,18.714231899666675,18.30394079648093,18.389672585948343,42880725
2016-03-23,18.487648010253906,18.74484576156068,18.4325334149885,18.634617802118242,42985704
2016-03-24,18.4202880859375,18.54276416199149,18.297813240972065,18.444784286019143,33669714
2016-03-28,18.236572265625,18.50601811223853,18.21207730057726,18.426409783605454,32850545
2016-03-29,18.40191650390625,18.48765074179352,18.193709883546887,18.261070124787533,36464395
2016-03-30,18.414165496826172,18.499898507782117,18.37742365719406,18.463155437061396,33824546
2016-03-31,18.150842666625977,18.475401915504136,18.07123309741709,18.408040445822962,59861719
2016-04-01,18.395790100097656,18.475398423169985,18.009992888683705,18.028363187870056,50975340
2016-04-04,18.812210083007812,18.830581617555044,18.40804124732295,18.42641278187018,54762573
2016-04-05,19.20412826538086,19.442955720564875,18.726474586101226,19.11227183594587,299829377
2016-04-06,20.165555953979492,20.208422445263462,19.30822982156473,19.314353254294378,158517384
2016-04-07,20.061458587646484,20.257418341472892,19.90224067211825,19.93285907588148,64692412
2016-04-08,19.902238845825195,20.147188515630834,19.767515911887863,20.104323246731187,55597973
2016-04-11,19.528690338134766,19.94510604826136,19.516443469001462,19.914487644339527,87735803
2016-04-12,19.571556091308594,19.681784064721683,19.47357621764742,19.534814254229918,45178972
2016-04-13,19.92673683166504,19.969603338147326,19.571557910005307,19.571557910005307,38429156
2016-04-14,19.994098663330078,20.07370701171674,19.798137663235078,19.889994112728964,33682467
2016-04-15,19.902238845825195,20.073703614689144,19.77976277983392,19.994095279774424,37179112
2016-04-18,19.969594955444336,20.122689381317745,19.773634041082843,19.902233506547084,38997262
2016-04-19,20.141067504882812,20.330903829594007,20.049211059882094,20.085954130317823,29954996
2016-04-20,20.349279403686523,20.45338396985777,20.116576527643552,20.116576527643552,36981593
2016-04-21,20.35540199279785,20.50237182653093,20.232925900264902,20.245174001953686,36025298
2016-04-22,20.3737735748291,20.514619973573527,20.25129748202538,20.36152547311324,27548714
2016-04-25,20.3370304107666,20.373773484662856,20.208430883218444,20.288040466297414,25569513
2016-04-26,20.23904800415039,20.410514029981236,20.159439657220815,20.33090445196302,30293330
2016-04-27,20.208423614501953,20.337023095794493,20.147185590397655,20.196176748334057,27503603
2016-04-28,20.1533145904541,20.318655936910957,20.05533348458943,20.19005642795088,34818995
2016-04-29,20.030834197998047,20.177803969448355,19.85936823355116,20.128814045631586,36061134
2016-05-02,20.085954666137695,20.20842951904297,19.902241771235467,19.938984842651365,40122407
2016-05-03,20.637096405029297,20.802439019782074,20.361527021893092,20.606477995043768,75396414
2016-05-04,20.4533748626709,20.759563757835256,20.410508368104356,20.618716176650203,38021364
2016-05-05,20.557483673095703,20.655464780164113,20.392141093519005,20.43500759703233,25047467
2016-05-06,20.56360626220703,20.5697296964319,20.330902219688454,20.441130191178623,24422234
2016-05-09,20.710580825805664,20.796313843898123,20.526866687998083,20.53911478962074,33182766
2016-05-10,20.698326110839844,20.741192608739354,20.50236638454309,20.716698874040656,26125498
2016-05-11,20.48826026916504,20.735403568704186,20.482080755091523,20.67361836487609,32037384
2016-05-12,20.506793975830078,20.562400901322096,20.339970715127542,20.52532878958526,26746515
2016-05-13,20.506793975830078,20.66743648105441,20.475900135344965,20.59329349969397,21622494
2016-05-16,20.62419319152832,20.65508704263903,20.27201297735283,20.346155984213933,23239224
2016-05-17,20.40793228149414,20.5994698398114,20.33996758185506,20.55621946348534,33175177
2016-05-18,20.494434356689453,20.624184251927574,20.370861490036898,20.39557705705791,21034889
2016-05-19,20.62419319152832,20.65508704263903,20.364692046457627,20.488264966673132,28095740
2016-05-20,20.846614837646484,20.945472133376786,20.66743381543743,20.68596986891513,36437939
2016-05-23,20.803367614746094,20.95165483179392,20.79101107122489,20.902226173482426,25126833
2016-05-24,21.06904411315918,21.118475249009563,20.815722584114276,20.815722584114276,29890808
2016-05-25,21.223508834838867,21.25440018656834,21.050507328249363,21.081401164204948,22152761
2016-05-26,21.272937774658203,21.40886717681732,21.16790220887993,21.16790220887993,26656292
2016-05-27,21.3841495513916,21.470650297546296,21.242041892487723,21.242041892487723,21569056
2016-05-31,21.439760208129883,21.470654046930328,21.24204560195025,21.42122539538542,34547274
2016-06-01,21.470653533935547,21.58804813119128,21.390331045509324,21.439759695873242,24361207
2016-06-02,21.544797897338867,21.61893963127315,21.32854599789242,21.433581570097996,31807717
2016-06-03,21.433584213256836,21.550978825783645,21.28529824287556,21.54480055421275,28377580
2016-06-06,21.581863403320312,21.61893550532544,21.39032710789063,21.439755749155523,21526791
2016-06-07,21.526264190673828,21.61894323671772,21.470657259892835,21.526264190673828,24776905
2016-06-08,21.779586791992188,21.829015447644284,21.421227175344583,21.483012373853065,23703195
2016-06-09,21.8166561126709,21.934048223235713,21.643654597916193,21.656011139191175,25440187
2016-06-10,21.80430030822754,21.86608799218256,21.63747952369282,21.69308645187106,21645366
2016-06-13,21.464475631713867,21.71779964287652,21.4397600639944,21.63747715307116,31296000
2016-06-14,21.618938446044922,21.643654012152222,21.365616935632485,21.37797347657305,33410430
2016-06-15,21.49536895751953,21.742512207686797,21.40886819890442,21.631298366168096,21372696
2016-06-16,21.470653533935547,21.495369101230647,21.266760661712674,21.427403154338833,23540563
2016-06-17,21.1431884765625,21.507726337411494,21.04433117264182,21.489189040284888,35423464
2016-06-20,21.31618881225586,21.43975919315504,21.11847421543619,21.303829786784963,23814919
2016-06-21,21.470653533935547,21.55097602236177,21.322367582843793,21.322367582843793,26725962
2016-06-22,21.297649383544922,21.594223733303494,21.26057976352283,21.464472610548242,26515583
2016-06-23,21.371795654296875,21.464474681747053,21.192615869996366,21.439759115121436,25111339
2016-06-24,20.988725662231445,21.28529759395244,20.846617967753488,20.883687596048716,46376211
2016-06-27,20.883686065673828,20.99490239508907,20.716864055777318,20.883686065673828,31359662
2016-06-28,21.27912139892578,21.297656214881968,20.957833866097786,21.09994157444221,25068547
2016-06-29,21.631296157836914,21.717796907621192,21.35943736829375,21.390328718769556,26206761
2016-06-30,21.75486946105957,21.791941570854398,21.588048693322357,21.71161908033666,28451465
2016-07-01,21.977298736572266,22.026727386201266,21.699261650824287,21.717798947076567,20371290
2016-07-05,22.125585556030273,22.1935515045858,21.903157866061072,21.95876478855337,21972843
2016-07-06,22.156484603881836,22.18120017759262,21.859912624714013,22.13177151439798,27226928
2016-07-07,22.100868225097656,22.19972550924737,21.971117108066455,22.113224764559902,19081089
2016-07-08,22.317123413085938,22.360371307649714,22.05762114034586,22.168834980533756,18752873
2016-07-11,22.335660934448242,22.459233815156207,22.261516709178157,22.286232279010367,17406915
2016-07-12,22.39126968383789,22.428341799490443,22.26151852116734,22.335662752472437,17066368
2016-07-13,22.434518814086914,22.508663041236716,22.372733614279817,22.415983999412767,14611497
2016-07-14,22.811412811279297,22.83612838125957,22.39744626686553,22.545734718294057,29155116
2016-07-15,22.718734741210938,22.97823705806358,22.632236453153382,22.842307627935053,26445387
2016-07-18,22.638408660888672,22.854658049447576,22.58279926201113,22.669300011125088,17827567
2016-07-19,22.638408660888672,22.78051632465418,22.58279926201113,22.65694347103052,17614975
2016-07-20,22.663122177124023,22.81758886818208,22.66312217712402,22.799051573457575,12937112
2016-07-21,22.681659698486328,22.749623155219183,22.56426511147822,22.656944133348702,13772091
2016-07-22,22.7002010345459,22.761986238811573,22.663128918295783,22.737273150796018,14209501
2016-07-25,22.724924087524414,22.76199373175057,22.558100751596303,22.7372806355998,12833293
2016-07-26,22.755800247192383,22.780515811050282,22.64458642039669,22.755800247192383,12773953
2016-07-27,22.768163681030273,22.81141406770802,22.644593277002446,22.70637847901636,15877456
2016-07-28,22.656946182250977,22.805232133808254,22.551910610426187,22.786697321448454,17134878
2016-07-29,22.792875289916992,22.82994739837117,22.644589340326533,22.663124152440496,22675545
2016-08-01,23.05237579345703,23.101804439522272,22.8484804547401,22.873196019885754,29911044
2016-08-02,22.483943939208984,22.749624479834104,22.323301451252114,22.712552372082143,34914488
2016-08-03,21.985551834106445,22.396729915873383,21.84226284415576,22.371811398426534,44941190
2016-08-04,21.898330688476562,22.128839458932912,21.898330688476562,22.116377697511755,26482593
2016-08-05,22.078994750976562,22.135066408394234,21.94193793582064,22.02915522595358,28665006
2016-08-08,21.76126480102539,21.979314274396486,21.624207994764934,21.979314274396486,32189687
2016-08-09,21.85472297668457,21.991784847630726,21.74258463393598,21.798653805310273,18054388
2016-08-10,21.885866165161133,21.917016807467952,21.74880684583802,21.91078717998186,14887328
2016-08-11,21.898330688476562,21.979318360892396,21.867180042238676,21.885868927055405,14106841
2016-08-12,21.792417526245117,21.873407696227485,21.649128574286706,21.85471630822116,15840777
2016-08-15,21.873414993286133,21.91079527689255,21.76127414246689,21.83603470967972,13021116
2016-08-16,21.674057006835938,21.85472378687804,21.661595242275176,21.767506464216503,15944174
2016-08-17,21.8920955657959,21.898327698093762,21.649127571974184,21.649127571974184,17961109
2016-08-18,21.923254013061523,22.02916272668678,21.798653905640666,21.892103359987004,17002390
2016-08-19,21.792417526245117,21.879637323937445,21.69896810084283,21.84225705280124,20624777
2016-08-22,21.705204010009766,21.97932273783626,21.655364469030143,21.68028549195854,27448690
2016-08-23,21.86095428466797,21.973092623176907,21.74881344128192,21.8048851154135,17873627
2016-08-24,21.692737579345703,22.041616755740446,21.655357309749647,21.948167334188476,23755157
2016-08-25,21.66159439086914,21.92325386320115,21.593065960426298,21.655364761272264,19083092
2016-08-26,21.692737579345703,21.867177167543076,21.593058530340446,21.680278324439133,19785688
2016-08-29,21.873414993286133,21.91079527689255,21.692745709919524,21.767506277132355,15941645
2016-08-30,21.730117797851562,21.917016640516085,21.71142641065931,21.873406743569273,15274779
2016-08-31,21.68028450012207,21.767504319065537,21.56191403016249,21.717664780365993,21919616
2016-09-01,21.605525970458984,21.767506365115743,21.56191605688811,21.63667662440312,16780945
2016-09-02,21.66159439086914,21.705204302924475,21.561915307564714,21.667824020466014,15215333
2016-09-06,21.66159439086914,21.79865375663202,21.649135131675386,21.73012532618918,17882059
2016-09-07,21.705204010009766,21.736354662450964,21.605524928050524,21.630445950978917,15615537
2016-09-08,21.63043785095215,21.686507000448163,21.56813656939993,21.624208223772172,19216212
2016-09-09,21.24418067932129,21.54944997771174,21.237951051479353,21.52452896146749,23595055
2016-09-12,21.58683204650879,21.636671578269393,21.14450338414716,21.181883659186788,20472685
2016-09-13,21.20680809020996,21.456005789115096,21.088437617681834,21.456005789115096,21878510
2016-09-14,21.14450454711914,21.39993435320827,21.09466501261731,21.256645378405896,19924921
2016-09-15,21.269100189208984,21.38746811957555,20.90153213355519,21.113351989561703,21890104
2016-09-16,21.14450454711914,21.318944170313976,21.075976126507936,21.300255284204603,26998737
2016-09-19,20.963834762573242,21.20057440995602,20.926454488660617,21.17565339238873,18489584
2016-09-20,21.063518524169922,21.14450620855099,20.932687544055316,21.082207411747774,14875313
2016-09-21,21.356327056884766,21.3874752042063,21.019909531672184,21.11958861285538,16397500
2016-09-22,21.27533721923828,21.449776866659327,21.225497677814722,21.38747556122199,17641220
2016-09-23,21.343860626220703,21.41238903217904,21.188109922438134,21.281559342757152,13635703
2016-09-26,20.957605361938477,21.188112878774593,20.82054602602187,21.13204371973522,31119982
2016-09-27,21.07597541809082,21.10712606543623,20.857925896426476,21.044824770745414,16453572
2016-09-28,21.1756591796875,21.18188880956272,20.9887602639216,21.08843935167977,15080421
2016-09-29,20.75824546813965,21.22549262326548,20.745784959531754,21.144502448409913,26396376
2016-09-30,21.10089683532715,21.194346285344277,20.808089226574033,20.833008996416034,30138076
2016-10-03,20.982521057128906,21.013672951461967,20.795622215512125,21.013672951461967,18862384
2016-10-04,21.0074405670166,21.125809741400136,20.87661088627993,20.938910913169497,22029759
2016-10-05,21.11958885192871,21.169428393084495,20.98252823509243,21.01368014008232,14698346
2016-10-06,20.963834762573242,21.05728294247818,20.851695193273677,21.044823686132847,16809824
2016-10-07,20.90777015686035,21.181888901828003,20.820551580911367,20.994989985247997,15619964
2016-10-10,20.93891716003418,21.082206137434405,20.913997392331463,20.963836927736896,17268420
2016-10-11,20.639873504638672,20.91399213287151,20.521504324708697,20.907761253183942,18268033
2016-10-12,20.602497100830078,20.708407046127494,20.52150817408129,20.64610700463264,15956295
2016-10-13,20.40937042236328,20.49658898531627,20.259850559915275,20.290999957224308,25488144
2016-10-14,20.347063064575195,20.496581620862475,20.347063064575195,20.390672956601826,16410042
2016-10-17,20.247390747070312,20.37822046657201,20.234930237025104,20.29723028237426,17837369
2016-10-18,20.365760803222656,20.477900388537908,20.315921265846654,20.396910200973036,15624074
2016-10-19,20.309688568115234,20.46543804781593,20.241158897242,20.403138005447975,17247445
2016-10-20,20.272314071655273,20.39691293177697,20.24116341729585,20.24116341729585,20334190
2016-10-21,20.04802894592285,20.21623767048373,20.04802894592285,20.19754753387957,19852090
2016-10-24,20.016881942749023,20.160170919755753,19.96704240748046,20.12279064208511,20644066
2016-10-25,20.11032485961914,20.166394005494826,19.929655663560542,19.948345796331783,20380249
2016-10-26,20.185089111328125,20.309687939770793,20.02933963644603,20.11032981426252,18026246
2016-10-27,20.23493003845215,20.440519058892246,20.166400364972116,20.29723008318993,19238662
2016-10-28,19.89227867126465,20.284766489580438,19.861128029335383,20.259845475061763,30048170
2016-10-31,19.75521469116211,19.96080363216769,19.69291592293347,19.96080363216769,37890668
2016-11-01,19.356502532958984,19.76145089781285,19.157144416977754,19.27551361145118,57285005
2016-11-02,19.082382202148438,19.337810705238955,18.914173493390823,19.306661315450704,38033063
2016-11-03,18.621370315551758,19.12599655950361,18.58399003713823,19.12599655950361,38290977
2016-11-04,18.689895629882812,18.920404386069226,18.62759559370214,18.633826474026986,36919723
2016-11-07,18.926631927490234,18.964012195565502,18.739733091990132,18.833182509740183,32544885
2016-11-08,18.876296997070312,19.15944130023485,18.851128698895415,18.95809491483569,37365670
2016-11-09,20.210227966308594,20.996741000464077,19.820118594266713,20.7702262484516,125166505
2016-11-10,21.072246551513672,21.286177776693112,20.66955114125041,20.965280306459135,70908061
2016-11-11,20.505952835083008,20.977861315455353,20.254268565203642,20.902355149040954,37736994
2016-11-14,20.373825073242188,20.70101306799529,20.216522203990497,20.669553000116853,32219094
2016-11-15,20.279438018798828,20.61291894721563,20.05921380952026,20.61291894721563,31213472
2016-11-16,20.109556198120117,20.342363992118305,20.090680916117375,20.260567308650444,23864246
2016-11-17,19.964832305908203,20.210223549863272,19.933372246791485,20.141011672792377,27502549
2016-11-18,19.807527542114258,20.103256622617383,19.782359244297957,20.103256622617383,25460846
2016-11-21,19.864160537719727,19.939665444004138,19.81382266860063,19.826407452112775,23053931
2016-11-22,19.713150024414062,20.128428918257885,19.5369719047082,20.090677096499967,27862279
2016-11-23,19.769775390625,19.788651929897554,19.272698671141246,19.618764341373844,22399924
2016-11-25,19.939666748046875,19.971126811490475,19.8515770524893,19.883038380862477,11017357
2016-11-28,19.84528160095215,20.03404447635719,19.820113301893432,19.939663038654672,18692901
2016-11-29,20.084383010864258,20.115843071488467,19.889328358121126,20.040338167032687,22810879
2016-11-30,20.222808837890625,20.36752688434558,19.97741758780256,20.122135634257514,40599553
2016-12-01,19.794946670532227,20.292022199981492,19.757193586298836,20.292022199981492,32259146
2016-12-02,19.90191078186035,19.964832164577768,19.73202443994566,19.845282422865253,20034221
2016-12-05,19.876745223999023,19.99000322254394,19.75090370613221,19.971126678631524,20342516
2016-12-06,19.857866287231445,19.94595597158827,19.776069626706832,19.914495912144865,18662967
2016-12-07,19.625057220458984,19.71314689880968,19.260116255037897,19.71314689880968,46432600
2016-12-08,19.46776008605957,19.568433304199544,19.197199231146364,19.404838692257275,37409622
2016-12-09,19.94595718383789,20.084383477689016,19.56213962856944,19.574723147139817,30935743
2016-12-12,20.386404037475586,20.543706871565583,19.920788559318417,19.94595686098128,33997508
2016-12-13,20.656965255737305,20.68842531718391,20.487078900038448,20.644380472200968,30313356
2016-12-14,20.650671005249023,20.95269187796244,20.537414284794732,20.7135923893354,38309843
2016-12-15,20.60662841796875,20.738762959531464,20.512246963975258,20.53112350775987,22004463
2016-12-16,20.663253784179688,20.726175162164143,20.461906133587007,20.68842208238761,39615012
2016-12-19,20.656965255737305,20.745053680773697,20.58775210861118,20.612920410754363,26276958
2016-12-20,20.66954803466797,20.688424576832215,20.49336866104091,20.625503191261203,26428312
2016-12-21,20.386404037475586,20.719884983205624,20.34235919333321,20.594043474891308,19751644
2016-12-22,20.348651885986328,20.405281516022686,20.166182006792354,20.317191823696923,19618418
2016-12-23,20.43674087524414,20.487078744076793,20.361235969389387,20.392696030596497,11387943
2016-12-27,20.46820640563965,20.587756180698094,20.43674507304076,20.49337344783117,11826302
2016-12-28,20.35494613647461,20.568877355773733,20.348653111694045,20.44932759395745,14691495
2016-12-29,20.443035125732422,20.52483306574026,20.367530210676474,20.38011499565062,14827250
2016-12-30,20.43674087524414,20.512245781098894,20.329775908182278,20.348651185948853,19885396
2017-01-03,20.76392364501953,20.76392364501953,20.505947681088816,20.57516080628628,23391844
2017-01-04,20.946401596069336,20.9841534172397,20.78280699785241,20.845728386375693,22753963
2017-01-05,21.147748947143555,21.19808555119718,20.83943503368849,20.996737870053188,21083584
2017-01-06,21.06595230102539,21.20437860307598,20.97786387102648,21.179210299514924,18418228
2017-01-09,21.059656143188477,21.185497634712537,21.00302652330567,21.034487844883664,21559886
2017-01-10,21.0407772064209,21.179203463793538,20.96527232010741,21.13515863054505,20444754
2017-01-11,20.656965255737305,21.10370419994067,20.386404426536224,20.996737967135022,42623128
2017-01-12,20.512248992919922,20.52483377833099,20.323486066261676,20.46820540630539,33475989
2017-01-13,20.461912155151367,20.6255067741104,20.34236238725011,20.55629361743813,21386925
2017-01-17,20.172470092773438,20.373817743576144,19.996290740204905,20.35494120366819,33838143
2017-01-18,20.153596878051758,20.31089971666607,20.103260273278256,20.191349964096634,22629064
2017-01-19,19.94595718383789,20.191349710184703,19.838992216271695,20.172473167399644,27555881
2017-01-20,19.990007400512695,20.21023041903925,19.920794234987806,19.958547330703137,31788324
2017-01-23,19.794946670532227,20.02146138114423,19.78236188747795,19.933372959482064,26098094
2017-01-24,19.599895477294922,19.79495143958828,19.442593873260286,19.757198346259308,31225172
2017-01-25,19.6879825592041,19.832700622780326,19.56843279951376,19.732027407236792,33905283
2017-01-26,19.681690216064453,19.80123997221112,19.631353609784753,19.757195125484,28653517
2017-01-27,19.769775390625,19.845280282785954,19.66910093614781,19.801235446126416,25353654
2017-01-30,19.700565338134766,19.820116358260744,19.543263760993383,19.801239814823507,28947899
2017-01-31,19.964832305908203,20.090675072233868,19.461463770464334,19.51180037102284,39472300
2017-02-01,20.130090713500977,20.142803706338483,19.869486499585427,20.02839188206549,30031938
2017-02-02,20.168231964111328,20.168231964111328,19.90762770432549,20.002970695032104,24634404
2017-02-03,20.39705467224121,20.492397658363725,20.28899869165475,20.371629961129628,37935252
2017-02-06,20.486045837402344,20.549606988799695,20.301714409337034,20.33985212242869,25859258
2017-02-07,20.390701293945312,20.562318434275586,20.30171287750705,20.543249579168563,24781648
2017-02-08,20.428834915161133,20.562315604725747,20.288998367374283,20.288998367374283,20194745
2017-02-09,20.581388473510742,20.68308733617738,20.42883890169425,20.42883890169425,25102380
2017-02-10,20.562320709228516,20.625881862862187,20.48604655817815,20.600457145845397,23090189
2017-02-13,20.727582931518555,20.778432367815903,20.619526921024192,20.619526921024192,21733585
2017-02-14,20.816564559936523,20.829277555325977,20.562317430311495,20.676729277550958,24205532
2017-02-15,21.29963493347168,21.344128496999673,20.77842644330988,20.835631723379414,48035523
2017-02-16,21.369556427001953,21.541174848695704,21.115308001891922,21.26150043103983,40402244
2017-02-17,21.369556427001953,21.541174848695704,21.312349860498536,21.350487571500814,36882306
2017-02-21,21.369556427001953,21.4839670043758,21.280569286540967,21.33777585304438,25391598
2017-02-22,21.350482940673828,21.452183055349423,21.134372273439542,21.337771224974514,28676494
2017-02-23,21.64922523498535,21.687362938356543,21.344127441464515,21.420401570390666,32122863
2017-02-24,21.776351928710938,21.833557210857833,21.604733526637556,21.719144090931348,26046448
2017-02-27,21.789064407348633,21.90347497564164,21.71278899139811,21.75728255809712,23009136
2017-02-28,21.687366485595703,21.776353622805953,21.55388577978033,21.674652211970745,28964658
2017-03-01,21.878053665161133,21.947970673544248,21.642874091382065,21.782710663781323,34034925
2017-03-02,21.935258865356445,22.087807155815067,21.878053575888586,21.903477013148517,26952993
2017-03-03,21.941617965698242,22.024249260264625,21.83991909037041,21.935262105444426,19800760
2017-03-06,21.833555221557617,21.909828072259874,21.66193683512074,21.820840950080193,19174263
2017-03-07,21.604734420776367,21.73821512173185,21.452186143527012,21.528459004335293,30783335
2017-03-08,21.553882598876953,21.674649013244768,21.433114906692882,21.553882598876953,23870360
2017-03-09,21.642868041992188,21.700073315704046,21.471249665224306,21.53481335213287,20199594
2017-03-10,21.681011199951172,21.81448935366347,21.61109163788001,21.70007877744351,20214666
2017-03-13,21.681011199951172,21.706434636607625,21.553886349770032,21.70007877744351,19988056
2017-03-14,21.750925064086914,21.820842060424383,21.598376799287593,21.623800232271183,15563469
2017-03-15,22.01152992248535,22.056023489663982,21.725503498669607,21.75092693383865,24279839
2017-03-16,21.88440704345703,22.011529327129516,21.769993921392512,21.973394175407414,21816219
2017-03-17,21.81449317932129,21.979755769102546,21.782713877927513,21.903480334490673,45736117
2017-03-20,21.85262680053711,21.9289022208518,21.814489090379762,21.865338518711916,18435514
2017-03-21,21.769989013671875,21.998812650583293,21.725498013359257,21.91618139588125,33083479
2017-03-22,21.909833908081055,21.954327481022037,21.60473731274273,21.801779183352874,27528267
2017-03-23,21.795421600341797,21.967040018920198,21.757283890031825,21.814489177680315,21378704
2017-03-24,21.611087799072266,21.782706188550343,21.572950095229082,21.782706188550343,28583110
2017-03-27,21.725507736206055,21.80813647225489,21.445834560999817,21.445834560999817,18852055
2017-03-28,21.71279525756836,21.77635897441546,21.5920287956992,21.64923409635478,19327725
2017-03-29,21.820844650268555,21.897120069537387,21.68101064099718,21.71278993599845,18214174
2017-03-30,21.833555221557617,21.890760498492423,21.706430396210582,21.73185638353297,15803465
2017-03-31,21.74457550048828,21.85263023321355,21.71279364442595,21.74457550048828,19616837
2017-04-03,21.763639450073242,21.833559010619524,21.674652312450462,21.681010727108863,19064752
2017-04-04,21.827205657958984,21.92890452531059,21.642875502521747,21.725506790607376,20324177
2017-04-05,21.731861114501953,21.941614694136533,21.706435121644393,21.820845700420886,20321225
2017-04-06,21.681011199951172,21.833559486788765,21.64922934849765,21.70007877744351,17164706
2017-04-07,21.674650192260742,21.769993179582674,21.63651504183809,21.668294333856966,14728069
2017-04-10,21.636516571044922,21.75092714166439,21.592023003441167,21.693721856354657,16852722
2017-04-11,21.56659698486328,21.66193997880206,21.445830555544998,21.623802270099983,20155642
2017-04-12,21.560245513916016,21.604739090518212,21.426764784109427,21.53482207336239,26022628
2017-04-13,21.534818649291992,21.623803232714348,21.496680938892162,21.534818649291992,13560553
2017-04-17,21.611087799072266,21.642869644880335,21.496677243175217,21.54752666308863,15963462
2017-04-18,21.509387969970703,21.53481395657425,21.39497614151951,21.458538552395993,22293365
2017-04-19,21.36319923400879,21.553885221482123,21.325061525387557,21.51574751286089,25204302
2017-04-20,21.445831298828125,21.528460022308128,21.280568740602288,21.375911737845527,19339319
2017-04-21,21.38226318359375,21.439469733403392,21.274207219164058,21.38226318359375,25552227
2017-04-24,21.445831298828125,21.63016143424944,21.38862473379231,21.598379583290725,22438501
2017-04-25,21.458547592163086,21.585672467469504,21.426765734428116,21.49668531031836,19756176
2017-04-26,21.515745162963867,21.63015827633164,21.515745162963867,21.522101021101097,20884483
2017-04-27,21.52210235595703,21.623801203725424,21.464897073541398,21.585666052536805,15633139
2017-04-28,21.560245513916016,21.57295723419283,21.452190780296405,21.53482207336239,16842077
2017-05-01,21.47125244140625,21.604733134414193,21.46489658302006,21.54117199491964,23910833
2017-05-02,21.36319923400879,21.43311751460344,20.89919598298826,21.344130379698175,42965678
2017-05-03,21.27420997619629,21.35048410801111,21.166153997763082,21.280565834393453,26155748
2017-05-04,21.261499404907227,21.350486541073472,21.178869405478878,21.25514354598576,26897869
2017-05-05,21.280569076538086,21.280569076538086,21.12166365268538,21.255144362059628,22999966
2017-05-08,21.261499404907227,21.3695553956543,21.197936982243277,21.229718832483467,24781543
2017-05-09,21.217008590698242,21.350489312272817,21.19793973364236,21.261502164556433,18028248
2017-05-10,21.197750091552734,21.25550908017055,21.11431900778844,21.178496665285227,34829852
2017-05-11,21.204172134399414,21.268349806012974,21.082235461463142,21.172083943685127,26421567
2017-05-12,21.18491554260254,21.223421105331706,21.107901836774776,21.107901836774776,18589187
2017-05-15,21.255508422851562,21.294015274195765,21.050141989508248,21.15924258467572,20530444
2017-05-16,20.921789169311523,21.050144495617,20.78701775393103,20.896119652272205,42437834
2017-05-17,20.684337615966797,20.9217922957275,20.67150156534419,20.9217922957275,29931281
2017-05-18,20.677919387817383,20.806273445863646,20.581653521736428,20.665084627105273,24874822
2017-05-19,20.831947326660156,20.831947326660156,20.658667720768715,20.729262781269078,29885432
2017-05-22,20.613739013671875,20.857613627294125,20.613739013671875,20.857613627294125,26725962
2017-05-23,20.62657356262207,20.71642203004334,20.588067998144933,20.613737514339842,18517410
2017-05-24,20.568811416625977,20.71641885322002,20.51746852155518,20.645823823955315,23576821
2017-05-25,20.6394100189209,20.66508082580806,20.517472073475883,20.575232356610595,18227244
2017-05-26,20.62657356262207,20.722839409092067,20.600902756242387,20.65224436900175,12330746
2017-05-30,20.620159149169922,20.735678439584884,20.549564098926606,20.57523490899827,16913643
2017-05-31,20.953882217407227,21.043730703098078,20.620160376428384,20.716426242472856,30585499
2017-06-01,20.992389678955078,21.08223687702485,20.87045170764633,20.966717576437922,25184803
2017-06-02,20.883289337158203,21.101491903564124,20.819111656385225,21.0308968417694,21984543
2017-06-05,20.761350631713867,20.908958121998218,20.66508476499059,20.86403387883602,14994836
2017-06-06,20.581655502319336,20.77418725300867,20.56240206921337,20.72926300582314,18831186
2017-06-07,20.536724090576172,20.6394086012565,20.47254772285876,20.588066991008688,17479641
2017-06-08,20.37628173828125,20.600901604087248,20.324938838208592,20.536723946634947,35620773
2017-06-09,21.03089141845703,21.050144846742487,20.369865218493576,20.414789454431368,31764609
2017-06-12,20.985965728759766,21.236257698762596,20.985965728759766,21.030889961585522,30435515
2017-06-13,20.908958435058594,21.03731249588307,20.87045157171872,20.992389542233298,18093913
2017-06-14,20.979549407958984,21.024473643050534,20.831941944192355,20.915371744944654,14568177
2017-06-15,21.056564331054688,21.19775443234918,20.89612208973501,20.934627659970346,19952115
2017-06-16,21.159244537353516,21.26192905368606,21.05656131120575,21.165663206626334,33600044
2017-06-19,21.319690704345703,21.338944134195444,21.120741606329894,21.139995036179634,21922146
2017-06-20,21.537893295288086,21.659831254631918,21.274766527064177,21.313273386876432,27473775
2017-06-21,21.743261337280273,21.884448849372387,21.550728337408266,21.550728337408266,27134492
2017-06-22,21.858776092529297,22.128318897936186,21.768927630603873,21.788179766572444,23352529
2017-06-23,21.929370880126953,21.96146035530207,21.8010181401655,21.87161188910735,31668800
2017-06-26,21.845943450927734,21.955044059387777,21.80101921561425,21.92295458262968,14937604
2017-06-27,21.672664642333984,21.903703206210423,21.65982988333244,21.903703206210423,16089942
2017-06-28,21.65983009338379,21.813854944005197,21.595652427199095,21.73042384894661,15594035
2017-06-29,21.58281898498535,21.7368438542122,21.415958064897083,21.659832709783803,15724837
2017-06-30,21.55714225769043,21.691913658733405,21.505800648704085,21.64699200869354,14242175
2017-07-03,21.704753875732422,21.801019727899153,21.480132693886812,21.486550073315303,8971964
2017-07-05,21.589229583740234,21.788177331137007,21.492963753919007,21.78175995319814,17072270
2017-07-06,21.319690704345703,21.608488281537017,21.268349084869683,21.589236141872213,14676318
2017-07-07,21.403120040893555,21.409538710825043,21.191336187777132,21.338943663057933,17914522
2017-07-10,21.441625595092773,21.51863801792052,21.332524985299678,21.40953740812742,14256720
2017-07-11,21.28759765625,21.480129330436032,21.210583954427875,21.43520510110134,12874083
2017-07-12,21.319690704345703,21.518639802361513,21.306854654384228,21.396704423744673,14577979
2017-07-13,21.358192443847656,21.396699294315894,21.17207815022554,21.319685593379415,14112006
2017-07-14,21.4544620513916,21.531474475681748,21.332525390385992,21.351778819004743,13175843
2017-07-17,21.33894157409668,21.480131655809192,21.268346533240422,21.460878228269344,17733866
2017-07-18,21.409534454345703,21.428787879942536,21.204166731620585,21.32610337348765,15356148
2017-07-19,21.576400756835938,21.62132499780813,21.377451652689064,21.415957223390247,19825951
2017-07-20,21.525054931640625,21.627738153701642,21.396700904064353,21.480130699442746,17870043
2017-07-21,21.48655128479004,21.550728953248,21.428792286307317,21.480133904999718,12673718
2017-07-24,21.38387107849121,21.467300898146007,21.28760520725139,21.422376652876075,15558937
2017-07-25,21.24267578125,21.486549090222933,21.184916788666598,21.422371428319874,20856025
2017-07-26,21.10790252685547,21.242675226275463,21.069396962867437,21.236257847308252,16572674
2017-07-27,21.178499221801758,21.178499221801758,20.97955013678612,21.043727802029977,17561221
2017-07-28,21.274763107299805,21.28759915523557,21.05656061386969,21.217004117050703,17116117
2017-07-31,21.28118133544922,21.428788787636286,21.268345287779397,21.313269519346715,23169660
2017-08-01,21.229839324951172,21.371029404314648,20.9988020688712,21.204168518720063,28072552
2017-08-02,21.333524703979492,21.333524703979492,21.190955489656616,21.301123083556,30412116
2017-08-03,21.664030075073242,21.910286864011,21.294646845847755,21.35297003364588,28739945
2017-08-04,21.80011749267578,22.033411527846305,21.696429952034887,21.761234502087028,27183398
2017-08-07,21.586265563964844,21.767716496296984,21.54738256992852,21.74179493453525,13188280
2017-08-08,21.56682014465332,21.683467802760482,21.52793715768853,21.599221765265842,16986475
2017-08-09,21.676992416381836,21.683473784522104,21.489061401640544,21.605709091926993,15807681
2017-08-10,21.657546997070312,21.74179173470042,21.521457840759464,21.62514407254644,19062539
2017-08-11,21.547380447387695,21.754754223841505,21.521458888179385,21.709391169530132,13626639
2017-08-14,21.586265563964844,21.625147255213722,21.47609794938689,21.599225693451988,13482241
2017-08-15,21.63162612915039,21.728832306102618,21.553861448146083,21.605705871602993,18048801
2017-08-16,21.618663787841797,21.70290982739827,21.553859242243526,21.599222293883592,11128764
2017-08-17,21.352970123291016,21.67699029546164,21.352970123291016,21.57330404881303,15661175
2017-08-18,21.17151641845703,21.365928768814502,21.158556289919787,21.327047080415415,16326565
2017-08-21,21.229839324951172,21.301123934961854,20.94470088490844,21.126151790434655,17848752
2017-08-22,21.482574462890625,21.527937514171647,21.19095596418738,21.229838951796037,14178619
2017-08-23,21.540904998779297,21.638111192335337,21.43073737144824,21.43073737144824,16989953
2017-08-24,21.534421920776367,21.644589539360684,21.495540228113512,21.625148041635512,12140394
2017-08-25,21.63810920715332,21.78715851655975,21.53442165482876,21.566824584899702,15171171
2017-08-28,21.68994903564453,21.787155205509745,21.651066046583534,21.70939053017503,13033026
2017-08-29,21.70939064025879,21.741792262782404,21.540899858118884,21.664027587053358,12884096
2017-08-30,21.676992416381836,21.696433915227505,21.547384595389985,21.696433915227505,12394935
2017-08-31,21.9815731048584,22.046376365967177,21.69643458705942,21.709396020953744,27300497
2017-09-01,22.00749397277832,22.117660288324757,21.91676785212538,21.994531237274344,19160771
2017-09-05,21.90380096435547,22.14357635046301,21.871400645675045,21.95564668539311,15068616
2017-09-06,22.026931762695312,22.104697744928494,21.97508864306475,22.001008900092685,13925764
2017-09-07,22.026931762695312,22.11765787344246,21.910285394920226,22.05933468955492,18831923
2017-09-08,22.09821128845215,22.195417446799496,21.903798971757453,22.0010051301048,16276290
2017-09-11,22.24078369140625,22.25374642513701,22.020451090453435,22.09173440088681,17263993
2017-09-12,22.921226501464844,23.167481932055008,22.26670363725137,22.279663763710253,39268351
2017-09-13,22.7203369140625,22.960112338417392,22.662013725559937,22.849946026182007,22115450
2017-09-14,23.154525756835938,23.225811683694836,22.681457556956488,22.7138578822787,28907847
2017-09-15,22.91474723815918,23.148042576961878,22.83698386227472,23.070279201077422,30430139
2017-09-18,23.037878036499023,23.037878036499023,22.817542809229842,22.927711725651864,17850755
2017-09-19,22.97307014465332,23.109156686770266,22.908264299710233,23.109156686770266,16539579
2017-09-20,23.323013305664062,23.465582525900953,23.206364340611422,23.28413031731318,27066825
2017-09-21,23.31005859375,23.452625241535216,23.271175596365346,23.36838178703943,16580579
2017-09-22,23.303573608398438,23.407262459651005,23.180447168746724,23.394299724760153,15394092
2017-09-25,23.011960983276367,23.348942671177223,22.966597913429585,23.26469920338365,23379828
2017-09-26,22.875871658325195,23.10268437500518,22.836988659427846,23.011958246103102,18508029
2017-09-27,22.97307014465332,23.02491325726319,22.804578074490493,22.84346106034148,15502759
2017-09-28,23.07027816772461,23.18692452911386,22.8240227115671,22.856423031078254,19038086
2017-09-29,23.13508415222168,23.13508415222168,22.908268860909008,23.096201158628812,16867900
2017-10-02,23.37485694885254,23.39429714067922,22.998992395606834,23.11564136329062,17541300
2017-10-03,23.42022132873535,23.459104320165928,23.167485792798654,23.342455345874193,14328392
2017-10-04,23.303573608398438,23.485025841121864,23.264693220450436,23.44614545317386,11435268
2017-10-05,23.329496383666992,23.329496383666992,23.167486951110043,23.251730396917743,14340408
2017-10-06,23.36189842224121,23.420221607293414,23.290612502841498,23.32301543034816,12711345
2017-10-09,23.42022132873535,23.42670139304466,23.28413216151568,23.36837820868615,10278081
2017-10-10,23.58871078491211,23.659996703365472,23.348935377925304,23.575750656311392,18697433
2017-10-11,23.621116638183594,23.64055943906796,23.459107193880698,23.569273511783667,18163687
2017-10-12,23.556310653686523,23.718320079228242,23.510947597642883,23.640556701421097,14750098
2017-10-13,23.549833297729492,23.647042101679162,23.491510099819944,23.569276100749555,13458842
2017-10-16,23.3165340423584,23.64055548230719,23.251728191023886,23.556309438917076,14315006
2017-10-17,23.4591064453125,23.543352500114768,23.16748789152767,23.284134270811624,14776764
2017-10-18,23.21933364868164,23.517432301158664,23.193410780582436,23.49150943305946,15196572
2017-10-19,23.485027313232422,23.575753435281115,23.225811682789743,23.258212008110693,20858028
2017-10-20,23.60167121887207,23.60167121887207,23.348933102341658,23.523905243697413,18447319
2017-10-23,23.58871078491211,23.834968861773984,23.523907536333816,23.523907536333816,15978008
2017-10-24,23.504470825195312,23.672960338687435,23.32301857560757,23.621117211030235,15826126
2017-10-25,23.43317413330078,23.556303133417785,23.27764482176396,23.459096988010536,17523488
2017-10-26,23.161001205444336,23.472062505561883,23.070277707050153,23.387816465366036,18374277
2017-10-27,23.07027816772461,23.167484337407167,22.94066907295635,23.024915114834446,15746865
2017-10-30,22.77865982055664,22.98603228919994,22.69441377807984,22.960109427832244,26679586
2017-10-31,22.7203369140625,22.90178914991483,22.098216823693726,22.71385684929276,24794085
2017-11-01,22.849945068359375,23.15452373321926,22.616649718553482,22.687935639182264,16557497
2017-11-02,22.97955894470215,23.011959273917736,22.70090047999612,22.856429876956927,13880021
2017-11-03,23.037878036499023,23.044358101187107,22.888828731948493,22.973074784043316,9358255
2017-11-06,22.88882827758789,23.07676057211119,22.759219169674456,23.06379783741748,11200542
2017-11-07,22.91474723815918,22.95363022888874,22.83698386227472,22.875866853004283,11480906
2017-11-08,22.901782989501953,22.934185910209404,22.700890613378988,22.921225784156103,14302148
2017-11-09,23.01950454711914,23.052203566018896,22.784077395685593,22.941027953513306,14088713
2017-11-10,23.006423950195312,23.012963227518313,22.757918265002733,22.954107102227596,15858589
2017-11-13,23.08490562438965,23.202617900913012,22.980269276010283,23.032588764892118,25072657
2017-11-14,23.1372127532959,23.346480103276495,23.0325790783056,23.052196906347582,17278538
2017-11-15,23.124135971069336,23.215691111449292,23.03912273733112,23.07181912362132,13646138
2017-11-16,23.25493049621582,23.268009051345945,23.05220237416357,23.11105850163296,13625901
2017-11-17,23.130672454833984,23.209146392916317,22.99987905218599,23.130672454833984,15649265
2017-11-20,23.117591857910156,23.182989875577533,23.065275021406144,23.13721231496363,12455540
2017-11-21,23.241849899291992,23.366101420880355,23.13721620867539,23.150294762656568,13333100
2017-11-22,23.169912338256836,23.21568990607,23.097977662769612,23.182993521477428,11122967
2017-11-24,23.209152221679688,23.25492979263394,23.130678263889347,23.22223077641412,6742754
2017-11-27,23.209152221679688,23.313785918322633,23.137217541256565,23.228772683165076,10848611
2017-11-28,23.444580078125,23.470737188401976,23.22877340080467,23.274548343789373,13687033
2017-11-29,23.680004119873047,23.810797542299845,23.464194841399653,23.503433131066043,16122827
2017-11-30,23.71270179748535,23.856573765237883,23.5949869351151,23.68000278637417,24063663
2017-12-01,23.771556854248047,23.869651253825232,23.549208321494266,23.73231856854053,19588485
2017-12-04,23.581912994384766,23.948130947041957,23.575373716760296,23.863117708540013,14847487
2017-12-05,23.300703048706055,23.666920919139233,23.222226476064463,23.49035257477053,23525912
2017-12-06,23.25493049621582,23.464197895833134,23.22223147900668,23.268009051345945,18317677
2017-12-07,23.215688705444336,23.30724383633579,22.986803507599127,23.254926994309734,16661421
2017-12-08,23.37264060974121,23.392261070022588,23.097977830254187,23.097977830254187,15705759
2017-12-11,23.680004119873047,23.712703132825617,23.339943325070152,23.5688285275877,15138497
2017-12-12,23.921972274780273,24.07892281567244,23.706162980342835,23.778100288283206,23700139
2017-12-13,23.961217880249023,24.065851606111064,23.850042245809185,23.915440296511317,16639709
2017-12-14,23.843494415283203,24.124699096050293,23.76501783433961,24.020065407714522,15585393
2017-12-15,24.327430725097656,24.347051187871696,24.00699033675544,24.052767910716316,39820015
2017-12-18,24.281648635864258,24.42552060879001,24.235871070415907,24.340504754474015,17670415
2017-12-19,24.157398223876953,24.34704777090092,24.11815993321966,24.327427310880502,14817659
2017-12-20,23.843494415283203,24.28818890540199,23.817337307891027,24.190094493914266,15914557
2017-12-21,23.699628829956055,23.935056006914806,23.666929807511043,23.89581770585764,15566948
2017-12-22,23.63422966003418,23.79118020994622,23.575373532490143,23.71924552725547,9063557
2017-12-26,23.680004119873047,23.719242409539433,23.50997240777986,23.60152754054027,11480590
2017-12-27,23.75847625732422,23.84348946809327,23.693078243645882,23.745395076958758,8768964
2017-12-28,23.78464126586914,23.889274967277622,23.706164675120853,23.778101988204096,6939431
2017-12-29,23.68654441833496,23.86311541475857,23.68654441833496,23.69308369533086,12038261
2018-01-02,23.830415725708008,23.882732569577584,23.699622301342302,23.791177435459943,17059833
2018-01-03,24.006994247436523,24.046229920608173,23.69309045637294,23.836962479488676,14183151
2018-01-04,24.059301376342773,24.144314596546675,23.935047240070485,24.006984537223726,13046517
2018-01-05,24.105083465576172,24.118162020465938,23.94159101191899,24.078923726412864,13167517
2018-01-08,23.836959838867188,24.065847720601006,23.758485871832775,24.013530866116714,19964341
2018-01-09,23.810800552368164,23.96121182395082,23.778101535281913,23.830418384989628,16876226
2018-01-10,23.850040435791016,23.94159559631815,23.745406717869795,23.765024553960917,18755825
2018-01-11,23.908893585205078,24.000446094836786,23.817338446189716,23.961210431873337,15102555
2018-01-12,23.895811080932617,24.06584279524564,23.84349423715558,23.954669830892364,20240700
2018-01-16,23.935049057006836,24.183554719032472,23.850033200966006,23.915431226866712,30536699
2018-01-17,24.314350128173828,24.43860165464749,24.046223984716026,24.07892300033821,25332363
2018-01-18,24.19009017944336,24.307805029863488,24.00044066714126,24.307805029863488,19946528
2018-01-19,24.157398223876953,24.37974415529571,23.869654264901524,24.320888034001545,31133684
2018-01-22,24.150859832763672,24.242412341810443,24.020066402236846,24.12470009490485,21380495
2018-01-23,24.078920364379883,24.248952071741176,23.895810103954926,24.078920364379883,18527212
2018-01-24,24.150859832763672,24.242412341810443,24.020066402236846,24.19009549547644,18673191
2018-01-25,24.347047805786133,24.418982480941285,24.131238521553566,24.177016089155412,18988232
2018-01-26,25.51110076904297,25.563417610604525,24.392821378533228,24.392821378533228,51441419
2018-01-29,25.51763916015625,25.785762635182987,25.35414673523875,25.504560607565512,36779014
2018-01-30,24.719804763793945,25.341070244382966,24.425521530259704,24.98793089001858,48483684
2018-01-31,24.222797393798828,24.84406297602364,24.085464669805894,24.79828540135933,35859926
2018-02-01,24.30859375,24.684806893364463,24.163388909906935,24.163388909906935,29697926
2018-02-02,24.16339111328125,24.58580595581851,24.09738987221788,24.156791254549212,25588907
2018-02-05,22.88294792175293,24.22279080172249,22.44073353394342,24.077588612285595,42463657
2018-02-06,23.28556251525879,23.417567653286735,22.440735470114547,22.5463385190397,56035067
2018-02-07,23.087549209594727,23.529763502908672,23.080949352734518,23.186552369982294,30955980
2018-02-08,22.196529388427734,23.212963468323895,22.17672848328427,23.100760550630284,45850792
2018-02-09,22.546337127685547,22.724543920338824,21.912716219492914,22.566139356726374,49851776
2018-02-12,22.87635040283203,23.014955401915014,22.460538059326133,22.737745403749052,38743670
2018-02-13,23.061159133911133,23.12056052348367,22.711348002269194,22.816951062341108,21559570
2018-02-14,23.226160049438477,23.325163234909375,22.810347731957858,22.902748405153535,24494749
2018-02-15,23.56937599182129,23.582575711530747,23.153560937282606,23.344970141786824,22588379
2018-02-16,23.932388305664062,24.196395955243126,23.549575223466967,23.602376753382778,27659595
2018-02-20,23.76737403869629,24.084185776441128,23.68157058329222,23.77397389622853,27202370
2018-02-21,23.602373123168945,24.150190570376804,23.582570893906695,23.74097811303324,25872327
2018-02-22,23.58916473388672,23.85977478606555,23.503363941451017,23.67496818006461,23983454
2018-02-23,23.932388305664062,23.95878774375033,23.648578423777025,23.714579672735972,17940029
2018-02-26,24.48020362854004,24.559404589396653,23.89938419812403,23.952185723276116,25407302
2018-02-27,24.28879737854004,24.5792070970221,24.249195570793745,24.46700153278376,23543093
2018-02-28,23.965389251708984,24.605610168000577,23.965389251708984,24.440605707381895,28360927
2018-03-01,23.516572952270508,23.938987839595082,23.232763074243525,23.839984640631553,30282896
2018-03-02,23.72777557373047,23.806979182731133,23.364764782253605,23.463767966633007,22271336
2018-03-05,23.839984893798828,23.94558795331561,23.608976542516334,23.641978493769052,22319609
2018-03-06,23.681575775146484,23.919183967111767,23.59577495467426,23.919183967111767,18003479
2018-03-07,23.714576721191406,23.813579909179406,23.463768821871327,23.496770769114978,23440328
2018-03-08,24.090787887573242,24.090787887573242,23.714574743102485,23.754176545742993,21646630
2018-03-09,24.268993377685547,24.36799656295874,24.110588811997008,24.163390333893187,19300743
2018-03-12,24.16339111328125,24.42079887254565,24.09079001348584,24.367997348946364,26571656
2018-03-13,24.255794525146484,24.394399520217544,24.04458843003418,24.288796472661392,29560695
2018-03-14,23.991785049438477,24.414197206970957,23.879582151811757,24.31519402583144,23378458
2018-03-15,24.143590927124023,24.29539563535467,23.991786218893377,23.991786218893377,20508310
2018-03-16,24.275598526000977,24.447202827362116,24.16999281699817,24.183195189212995,34125253
2018-03-19,23.97859001159668,24.288799332029743,23.813582908339846,24.288799332029743,20003761
2018-03-20,23.97859001159668,24.12379222877291,23.839985000208518,24.004989449722075,20295824
2018-03-21,23.938983917236328,24.242593323812876,23.892782255040522,24.084188762174172,19071392
2018-03-22,23.496768951416016,23.853179869852454,23.41096548746601,23.78057612228161,22094686
2018-03-23,22.7641544342041,23.4307748896079,22.73115247567145,23.42417502865014,29385731
2018-03-26,23.127159118652344,23.199762877072068,22.651942720565668,23.054555360232623,24926468
2018-03-27,23.10736083984375,23.470371691115503,22.9555534552964,23.2195637596243,28835227
2018-03-28,23.29877281188965,23.635381649684337,23.179967351129257,23.21956917138272,26349684
2018-03-29,23.42416763305664,23.542973054018038,23.146960291632745,23.443969863421714,24804731
2018-04-02,23.13375473022461,23.589168813421978,22.942348234299054,23.377962743604527,28323299
2018-04-03,23.549571990966797,23.589171142660675,23.047956198748555,23.17335881993166,21347927
2018-04-04,23.84658432006836,23.912585567631453,23.259164990152847,23.311966518951966,22010682
2018-04-05,23.58257484436035,23.76078166885874,23.450572344632878,23.542975686688095,25781789
2018-04-06,23.212961196899414,23.674975195056206,23.02815453613951,23.47036895796187,22288200
2018-04-09,23.404373168945312,23.714582526245245,23.245968560137495,23.298770096406766,20457297
2018-04-10,23.72777557373047,23.826778758109874,23.575970867931574,23.76077751977122,20667254
2018-04-11,23.622173309326172,23.806979967255852,23.490168174555976,23.582571503520818,13879915
2018-04-12,23.971986770629883,24.090792199817546,23.740981079071954,23.78058023505798,23817976
2018-04-13,23.971986770629883,24.090792199817546,23.846584135854414,24.031390812095314,17774340
2018-04-16,24.1105899810791,24.242595119091696,24.018186649844587,24.090790404561563,15932369
2018-04-17,23.97859001159668,24.275599612967046,23.938988200665307,24.255797380629723,17675580
2018-04-18,24.084186553955078,24.150187785150685,23.94558158007601,24.011582811271612,14652497
2018-04-19,24.1105899810791,24.216193029991977,23.938985690031434,24.018186649844587,16636652
2018-04-20,24.176593780517578,24.282196829009205,24.070988078282962,24.09079030846451,22371993
2018-04-23,24.28879737854004,24.348198763287947,24.156792237300085,24.202993904046917,25381058
2018-04-24,24.460399627685547,24.599004616331815,24.26899311770872,24.361396443472902,27106350
2018-04-25,24.2095947265625,24.447202928753736,24.097391811601675,24.367999310108935,27730213
2018-04-26,24.321802139282227,24.48680926634932,24.25580088070159,24.288802836863738,20405651
2018-04-27,24.42080307006836,24.493406836086088,24.22279665910134,24.27560084551973,14425149
2018-04-30,24.16339111328125,24.539604290951267,24.02478611867951,24.506602343548103,28295789
2018-05-01,23.364765167236328,23.793779857863598,22.86314937861457,23.483567928951995,51278154
2018-05-02,23.02815818786621,23.344970035656846,22.929154983008523,23.21296487793213,29550260
2018-05-03,22.942352294921875,23.021555911993183,22.71794646945836,22.98195410345753,23517902
2018-05-04,22.995155334472656,23.09415853545322,22.68494601239843,22.81035130538735,19795912
2018-05-07,23.05455780029297,23.18656295900897,22.9093555755718,22.96215710830952,21580018
2018-05-08,23.087549209594727,23.16015294254145,22.90934511314243,23.04134755783105,28269650
2018-05-09,23.212961196899414,23.371365768803773,23.014954818583224,23.11395800774132,20430209
2018-05-10,23.35291862487793,23.532865032236394,23.25294899404502,23.326261485801464,30906653
2018-05-11,23.659488677978516,23.69947706096094,23.37291107250785,23.412896775842555,21619964
2018-05-14,23.899417877197266,23.939406262824967,23.652825958748988,23.66615452740892,21485052
2018-05-15,23.786121368408203,23.846102611272627,23.646163348625823,23.666156203031267,19345643
2018-05-16,23.779457092285156,23.912748147666278,23.70614460014226,23.81277851630639,21870711
2018-05-17,23.799449920654297,23.846102593881067,23.619503512544178,23.746132962630575,13021432
2018-05-18,23.75279998779297,23.826112488313722,23.612841951965674,23.732807131095527,15734639
2018-05-21,23.859434127807617,23.906086806830587,23.672826091364165,23.79945287753478,17802903
2018-05-22,23.806114196777344,24.05270613241525,23.786121342393766,23.859431154781642,14477322
2018-05-23,23.97273826599121,24.012723985151062,23.746139125841466,23.77946323812346,20358642
2018-05-24,23.919410705566406,24.052704430972245,23.839436614041222,23.966063375476054,17523066
2018-05-25,23.779457092285156,23.93940796653136,23.686151745729518,23.872762438840798,15005376
2018-05-29,23.79278564453125,23.812778498929404,23.53952942391422,23.57285352755923,28179639
2018-05-30,24.02604866027832,24.159339713617836,23.926079030449657,23.95940045396051,29093773
2018-05-31,23.946069717407227,24.12601610667267,23.919409901363238,23.959398285605317,30926468
2018-06-01,24.159343719482422,24.179339256552446,24.066038358884953,24.166010684938094,22345011
2018-06-04,24.292631149291992,24.365943633378933,24.146008860765907,24.26597401300423,19015319
2018-06-05,24.285968780517578,24.419262511411908,24.219320575246407,24.332621452348192,21476093
2018-06-06,24.24597930908203,24.37260874971638,24.119349868447678,24.25930787768105,19368093
2018-06-07,24.31928825378418,24.38593376672084,24.23931149454219,24.31928825378418,17083337
2018-06-08,24.43925666809082,24.465916487550157,24.29263436018485,24.34595131945537,16453783
2018-06-11,24.19266128540039,24.525894243177767,24.17933271739067,24.525894243177767,19505640
2018-06-12,24.19266128540039,24.259306805096756,24.092691666031953,24.252642521091897,16371887
2018-06-13,24.139345169067383,24.33262013048777,24.126016600596422,24.239314791895318,16029232
2018-06-14,24.0993595123291,24.252646106042533,24.026049697791446,24.139347901916988,19959387
2018-06-15,24.232656478881836,24.25264933651476,24.012721646677043,24.119355580016357,49156979
2018-06-18,24.0993595123291,24.139347901916988,23.812779179872102,24.07936665735924,24143451
2018-06-19,24.139345169067383,24.232650507659837,23.906081822586252,23.919410391057212,18484630
2018-06-20,24.299293518066406,24.379270279921432,24.13267839045729,24.18599533847811,21354251
2018-06-21,24.19266128540039,24.23264966907732,24.092691666031953,24.17266843338581,16893090
2018-06-22,24.332616806030273,24.419257848549865,24.25930433016062,24.319288239380334,27018447
2018-06-25,24.24597930908203,24.299296263126,24.08602844695013,24.205990923637085,20424517
2018-06-26,24.24597930908203,24.385937318315403,24.192662355038063,24.25930787768105,25435023
2018-06-27,24.132678985595703,24.35927535036041,24.11268613446269,24.19266021864238,29396165
2018-06-28,24.232656478881836,24.31929755458823,24.0660386133467,24.0660386133467,16506167
2018-06-29,24.17933464050293,24.379273895142042,24.17933464050293,24.2926328368923,20974705
2018-07-02,24.212661743164062,24.239318884606934,23.992726928018783,23.992726928018783,14556372
2018-07-03,24.225988388061523,24.379274978117607,24.152675895624906,24.25264552738531,9608159
2018-07-05,24.572547912597656,24.599205049703816,24.332620280402832,24.352613133232452,20391106
2018-07-06,24.732501983642578,24.81914304977651,24.579215386446975,24.659189487791338,18955452
2018-07-09,24.765823364257812,24.972426899501844,24.665853738839868,24.83913317239527,22329412
2018-07-10,24.945772171020508,24.9924248510423,24.7924855594199,24.85913109674454,20253875
2018-07-11,24.799144744873047,24.93243847175696,24.765823322888014,24.825804562109003,17795314
2018-07-12,25.005746841430664,25.032406657133137,24.799143318415677,24.93243703763248,16974881
2018-07-13,25.012418746948242,25.05240713857881,24.80581250346502,24.992423211308804,15227243
2018-07-16,24.912443161010742,25.0257413438791,24.852459248059102,24.979088678054307,17888699
2018-07-17,25.092390060424805,25.17236683479296,24.959096329693875,24.965763293931225,15740014
2018-07-18,25.09905433654785,25.14570700830554,24.979091854684086,25.052404344438166,20803430
2018-07-19,24.899110794067383,25.059061635566884,24.865789376868033,24.95909202467375,16596811
2018-07-20,24.879121780395508,24.879121780395508,24.739163767632476,24.792480723021065,15532798
2018-07-23,24.799144744873047,24.999083995374953,24.752492074446074,24.885785801329988,20853074
2018-07-24,25.12571907043457,25.15904317953798,24.839138699231402,24.905784237789696,17804800
2018-07-25,25.31899070739746,25.372307667072025,25.032410374366567,25.1057228686992,17171030
2018-07-26,25.432287216186523,25.57224523086936,25.352313121830612,25.352313121830612,24840567
2018-07-27,25.598907470703125,25.64556015156147,25.372311031947056,25.392303889608403,22111971
2018-07-30,25.7188720703125,25.778853321580034,25.445620277268162,25.5655854594517,21981486
2018-07-31,26.61192512512207,26.65191350495705,25.41895409132229,25.46560675452185,50837371
2018-08-01,26.83852767944336,26.871849100638606,26.35200813351409,26.4119893713134,32734605
2018-08-02,26.650331497192383,27.033451890609893,26.56967642131756,26.630168403839992,31879284
2018-08-03,27.248538970947266,27.32919675898077,26.542792784283673,26.63017160424237,27368375
2018-08-06,27.584604263305664,27.70558821999072,27.107384062288325,27.127549856712555,27479572
2018-08-07,27.450178146362305,27.725756644065076,27.41657298990977,27.456899177652808,18928575
2018-08-08,27.833301544189453,27.987893387899422,27.275426159937712,27.362802278580304,25837440
2018-08-09,27.55771827697754,27.806409931034985,27.430013285752594,27.759360012566543,20121282
2018-08-10,27.510658264160156,27.76607085535794,27.356066503763184,27.430003220998007,18194148
2018-08-13,27.430009841918945,27.698864554794557,27.43000984191895,27.524109667041618,19860627
2018-08-14,27.362794876098633,27.584602384870195,27.248531957847618,27.450173673568184,17336824
2018-08-15,27.665258407592773,27.719032055947416,27.322469640970617,27.423290502321837,22428488
2018-08-16,27.84001350402832,27.87362135561028,27.60476394788409,27.71230582998867,16457472
2018-08-17,28.290342330932617,28.35755532095613,27.87361692835108,27.880337957107,25910693
2018-08-20,28.4516544342041,28.747395907033916,28.29034164060536,28.36427836004494,22521029
2018-08-21,28.337400436401367,28.525600105895133,28.223137509550906,28.451663363251825,18633244
2018-08-22,28.27691078186035,28.458386733104337,28.102153159404676,28.33068173435472,15001687
2018-08-23,28.364301681518555,28.444956793401413,28.20298605281989,28.30380696952332,21032148
2018-08-24,28.49871826171875,28.55921025106755,28.229863474354314,28.518884059812066,21661703
2018-08-27,27.947555541992188,28.646580482035038,27.766076925888168,28.579367480961025,24485896
2018-08-28,27.893783569335938,28.08198320834266,27.77279963138285,27.967717597537344,19871694
2018-08-29,27.893783569335938,27.974441329614436,27.671978782267054,27.893783569335938,15785020
2018-08-30,27.893783569335938,28.16936199823359,27.69214187110435,27.712304959941644,16015425
2018-08-31,27.9072265625,27.94755544398889,27.618208767169914,27.752634768846548,20983559
2018-09-04,27.80640983581543,27.927396498233623,27.70558896836618,27.880346579926297,15274779
2018-09-05,28.1290340423584,28.176083953656047,27.732471662477405,27.75263475197722,21819908
2018-09-06,28.081987380981445,28.169366183855793,27.86018256095509,28.129037297724167,18356780
2018-09-07,28.364301681518555,28.46512259822198,27.866915429652977,27.95429427812034,21221658
2018-09-10,28.270185470581055,28.713795085881998,28.26346444034497,28.48526924799544,21482206
2018-09-11,28.438215255737305,28.518873011933547,28.1962446896131,28.229852538438955,19658786
2018-09-12,28.505428314208984,28.760840939444762,28.418052231011018,28.43149428958539,17508205
2018-09-13,28.801164627075195,28.848214526070688,28.51886793556629,28.565917834561784,18666129
2018-09-14,28.87510871887207,28.90199283804506,28.565925133594284,28.733958985819672,16800655
2018-09-17,28.90872573852539,29.02298868617785,28.727247066693945,28.915446770450174,16904263
2018-09-18,29.24478530883789,29.359048224292856,28.787730944553193,28.90199386000816,20464991
2018-09-19,29.076753616333008,29.35905041098069,28.895274982122693,29.18429550976689,23783088
2018-09-20,29.40610122680664,29.493480031319294,29.137246484996684,29.150688546470906,18419809
2018-09-21,29.614463806152344,29.70856363223239,29.31200123766569,29.426264153992243,37092579
2018-09-24,29.527084350585938,29.883317854237326,29.459868646336005,29.533805380517972,18089591
2018-09-25,29.432994842529297,29.769065374173383,29.41283174566626,29.661520750173313,15318520
2018-09-26,29.35904884338379,29.782498066443207,29.332164722693282,29.466593433540464,18384817
2018-09-27,29.50692367553711,29.695123356131617,29.359052883993606,29.432989630997987,14887434
2018-09-28,29.621183395385742,29.66823330613714,29.392654871383986,29.527083573882944,15454591
2018-10-01,29.755611419677734,29.923645267122968,29.513640841680633,29.594295899369897,16872537
2018-10-02,29.72201156616211,29.836274505069696,29.661516878537736,29.71529053475171,18167693
2018-10-03,30.11857032775879,30.13873341950541,29.76233678964648,29.76233678964648,23957631
2018-10-04,30.04463005065918,30.105122021245165,29.76905431689424,29.930367139278452,18960406
2018-10-05,30.185775756835938,30.246267719352197,29.977413051244177,30.051347071549742,18112568
2018-10-08,30.434465408325195,30.461349522199015,30.044624137441218,30.078231982247694,24679621
2018-10-09,30.56218147277832,30.790710036166242,30.105127048467665,30.23955577413498,21486844
2018-10-10,29.91693687438965,30.73694607164496,29.896771074600835,30.548746353433643,33746234
2018-10-11,28.774290084838867,29.903482631361754,28.498711627286948,29.816106534850242,44299198
2018-10-12,29.4262638092041,29.54724775419525,28.660023149377427,28.747401944351488,30417070
2018-10-15,28.98265838623047,29.379220870280236,28.88855853891709,29.338891978222293,24002742
2018-10-16,29.527084350585938,29.560689500246113,28.92888025705733,29.13724299480958,22353654
2018-10-17,29.957258224487305,30.111850039082093,29.406101273586163,29.419546037546883,23154167
2018-10-18,29.574138641357422,29.910209104971702,29.37921793460905,29.80266450274159,22498368
2018-10-19,29.910207748413086,30.132012568810275,29.560692536331338,29.60774245315272,19564875
2018-10-22,29.822826385498047,29.91692621106359,29.587576821584186,29.86987629828082,18026878
2018-10-23,29.641357421875,29.789228238446587,29.36578158790315,29.500207637538615,23073114
2018-10-24,28.552492141723633,29.769066597427695,28.471837048491516,29.44643811710169,36927206
2018-10-25,29.17757225036621,29.533805758577717,28.00132713804809,28.49198935401548,38600642
2018-10-26,28.63313865661621,29.090193013082004,28.350839185358762,28.935601217621432,30295333
2018-10-29,29.056594848632812,29.3590575104804,28.6062613719398,28.868397840846928,31847559
2018-10-30,28.82806396484375,28.96249269215056,28.081988987358553,28.196251919213474,35424202
2018-10-31,28.942325592041016,29.345609053317084,28.707078707940042,28.908720438578076,28193235
2018-11-01,29.35233497619629,29.45987689013203,28.96249621379563,29.036430266201872,24278152
2018-11-02,28.854944229125977,29.466593099954093,28.552481659992612,29.41282215671693,24223028
2018-11-05,29.251508712768555,29.318724423462097,28.787733280815367,28.787733280815367,21628396
2018-11-06,28.90872573852539,29.29856450742182,28.693639204604448,29.29184347549704,22194183
2018-11-07,29.842992782592773,29.95053468016608,29.0969178279047,29.157409807481542,36794929
2018-11-08,29.700746536254883,29.937811417824765,29.44336297482982,29.70751942953994,25696520
2018-11-09,29.99201202392578,30.21552850543126,29.61270802704387,29.61270802704387,26042654
2018-11-12,29.87685203552246,30.17487570096299,29.734613096564193,29.99199939943273,21853847
2018-11-13,29.47723960876465,30.113927243511167,29.36209492875251,30.02587414782203,20159015
2018-11-14,29.064071655273438,29.70075930084152,28.928608284716624,29.63980051175898,28398871
2018-11-15,29.267263412475586,29.38918368887442,28.684764502967315,28.92182671432433,25936305
2018-11-16,29.47046661376953,29.653345700614743,29.064071063731,29.192764258792387,24604576
2018-11-19,29.92426872253418,29.985230220582302,29.470460274388433,29.544967561638757,23671575
2018-11-20,29.484012603759766,30.0665143484948,29.395962231094927,29.809130679964348,22968557
2018-11-21,29.192747116088867,29.4636764159116,28.96922806083178,29.4636764159116,19665848
2018-11-23,29.21985626220703,29.497561344487767,28.98956689965201,29.09116578861916,8844009
2018-11-26,29.355314254760742,29.456913115691997,29.04374477768075,29.3417684661883,20147948
2018-11-27,29.849761962890625,29.903947839032693,29.10470276178853,29.260487496111846,19765873
2018-11-28,30.411949157714844,30.42549494905088,29.8700875477586,29.998780735409525,19892669
2018-11-29,30.825111389160156,31.041854900284463,30.276476993722646,30.3171170828882,26065315
2018-11-30,31.312793731689453,31.333112418972778,30.66933323122989,30.716746224877205,45054495
2018-12-03,31.150239944458008,31.414396528650173,30.99445515258468,31.407623632045233,26771178
2018-12-04,30.574504852294922,31.475348937807357,30.554186166600996,31.312791282297887,28703898
2018-12-06,30.466135025024414,30.472907920687685,29.54497219506813,30.195205581895955,32188528
2018-12-07,29.748165130615234,30.439035779305943,29.585604767799456,30.35775832121714,27963885
2018-12-10,30.073284149169922,30.181655922310227,29.172440040376927,29.897180698646782,26187895
2018-12-11,29.809127807617188,30.14779164339575,29.51110406786316,29.856540799092574,23904931
2018-12-12,29.910724639892578,30.378078903905497,29.903951744905047,30.039417814613426,20180938
2018-12-13,30.188425064086914,30.411941457818255,29.944587265177095,30.113917783963906,23613921
2018-12-14,29.666879653930664,29.88362585789138,29.416268983193735,29.85653156115182,33024982
2018-12-17,29.199535369873047,29.782037075090248,29.111482279862162,29.463691916586175,38651866
2018-12-18,28.7186279296875,29.46368718055724,28.47479010910112,29.443368496891324,31125779
2018-12-19,28.42738151550293,29.118254993340834,28.149679179239143,29.009883217075966,36937957
2018-12-20,28.413833618164062,28.725403132660777,28.129358407384984,28.251275965816117,34494680
2018-12-21,28.400285720825195,29.036970492779403,28.075170440251014,28.20386088423363,61928192
2018-12-24,27.465574264526367,28.42060413677644,27.445255580926627,28.319005272139602,19778205
2018-12-26,28.576385498046875,28.583161115097077,27.377520671248583,27.540078290759684,25437131
2018-12-27,29.02342414855957,29.023424148559574,27.946476738518477,28.319004997467285,28894672
2018-12-28,29.097929000854492,29.490778633670637,28.99633014569989,29.138569087580095,25480977
2018-12-31,29.565288543701172,29.619474428041233,29.192760248448344,29.267264818171185,20534028
2019-01-02,29.29435920715332,29.463689755793304,28.88118809329531,29.20630612360003,26430315
2019-01-03,28.47478485107422,29.355310000413446,28.413826088013767,29.287578344048345,28503533
2019-01-04,29.125028610229492,29.36209357875454,28.623807090102005,28.74572738390899,27145348
2019-01-07,29.28081512451172,29.544974415145976,29.03020707286133,29.17244333911703,20995469
2019-01-08,29.41628074645996,29.59915983345733,29.226628763398942,29.50433384192682,19677231
2019-01-09,29.355314254760742,29.578830659481916,29.260488288115706,29.436594432833335,20107580
2019-01-10,28.657672882080078,29.28081194203152,28.468020916592444,29.27403904659545,39731162
2019-01-11,29.043752670288086,29.043752670288086,28.549304019838377,28.67122159675926,21064506
2019-01-14,28.698312759399414,28.874416209353964,28.5628466817517,28.820230322958764,17605173
2019-01-15,28.942150115966797,29.287586837916287,28.738952364622318,28.85409703083236,25865371
2019-01-16,28.522205352783203,28.982786728885905,28.468019468731082,28.847323380415247,30169380
2019-01-17,28.766042709350586,28.894735883886643,28.33255564421704,28.413833107269955,24177284
2019-01-18,28.80668830871582,29.04375329484843,28.62380921608213,29.030207502303643,38618455
2019-01-22,28.630582809448242,28.9150607997338,28.400293437300743,28.725408806210094,29444122
2019-01-23,28.556076049804688,28.58317035680957,28.142907612047566,28.440931372503112,24462813
2019-01-24,27.736513137817383,28.305466373623158,27.512993947212436,28.29869347744115,34394023
2019-01-25,27.52654266357422,27.939711120246738,27.4384895659267,27.838112230136456,35862455
2019-01-28,26.774703979492188,27.452028845084495,26.74083678305088,27.43171016121118,39329694
2019-01-29,27.614585876464844,27.668771755583368,26.73406329829956,26.75438198172436,51376808
2019-01-30,28.16322135925293,28.278368739674303,27.587495350422664,27.61458692935535,36067880
2019-01-31,29.003612518310547,29.11976281816569,28.252046098739854,28.272542240912912,40927452
2019-02-01,29.297407150268555,29.461384529588916,29.071935849987142,29.29057235574762,27239681
2019-02-04,28.996782302856445,29.270077951282815,28.668824777640737,29.270077951282815,19426485
2019-02-05,28.77130126953125,29.194912815365743,28.737141041958168,28.989940461514685,21127641
2019-02-06,28.9216251373291,28.94895607653149,28.552675314273795,28.64149743280138,16450410
2019-02-07,28.49118423461914,28.798642879424836,28.15639465051545,28.771311940126832,24248008
2019-02-08,28.853303909301758,28.860135957799727,28.347704849408487,28.375035790504715,27500125
2019-02-11,28.477514266967773,28.907955182104853,28.361361232780137,28.88745904218541,27102134
2019-02-12,28.607328414916992,28.702982561304463,28.27937369624872,28.4980101753609,30540177
2019-02-13,28.49118423461914,28.737151699884528,28.27937975670022,28.641497532997757,24757195
2019-02-14,28.675655364990234,28.77814157131843,28.436522714960397,28.49118184186184,19864949
2019-02-15,28.969446182250977,29.0446041890636,28.750809702620757,28.955782089049983,19168993
2019-02-19,29.106096267700195,29.28374047329446,28.825965865679603,28.860128846856266,24432985
2019-02-20,28.832805633544922,29.078770349716557,28.648329349312057,29.058274205736968,27354884
2019-02-21,28.791805267333984,28.914787602648147,28.600496970530944,28.709815212388786,19611883
2019-02-22,29.35206413269043,29.468214424503515,28.846465189722807,28.901124312170356,24779329
2019-02-25,29.434049606323242,29.632189942996877,29.33839820833581,29.406721420356412,25274815
2019-02-26,29.393062591552734,29.536541087782073,29.242749300504073,29.352067558156914,16548959
2019-02-27,29.331567764282227,29.52970813033785,29.24958044712041,29.36573074891028,16475074
2019-02-28,29.618526458740234,29.91232094654297,29.290568990673307,29.345230857937455,39002427
2019-03-01,29.62535858154297,29.919153070101085,29.57753150789156,29.796170736199528,26667781
2019-03-04,29.42721939086914,29.782505060269433,29.297405005242258,29.680018862309804,22805820
2019-03-05,29.304227828979492,29.550195176087854,29.276896902810634,29.440876965618102,26529812
2019-03-06,28.60050392150879,29.290576521113387,28.436526518869467,29.25641627917038,22410359
2019-03-07,28.279369354248047,28.620988113632958,28.183715222547264,28.600491977026994,29046132
2019-03-08,27.937755584716797,28.313537422948794,27.561973746484796,28.23838215414396,31306119
2019-03-11,28.354524612426758,28.36818870350231,27.876256700854164,28.081229055400012,29161545
2019-03-12,28.511680603027344,28.641497758281673,28.265713135827262,28.491184458720745,24170539
2019-03-13,28.70298194885254,28.784972000321925,28.388691330059086,28.607327804506095,23715316
2019-03-14,28.142723083496094,28.7508081636334,28.101728058983934,28.696149046651666,32119596
2019-03-15,28.545833587646484,28.614156791830922,27.9172496701574,28.170049096874013,74768652
2019-03-18,28.566329956054688,28.743974134317014,28.457011729633212,28.53900177300094,18994345
2019-03-19,28.901123046875,28.989945147127514,28.525341253111907,28.675651772934277,26403227
2019-03-20,28.812299728393555,28.969445035294033,28.54583618600609,28.832798614487036,23499035
2019-03-21,28.935293197631836,29.1334308399911,28.607335648928515,28.64833068590446,24262553
2019-03-22,28.593660354614258,29.11975533965045,28.57999626334142,28.832795687404886,19620105
2019-03-25,28.620988845825195,28.798633022700677,28.470675598893337,28.566329733041176,19823316
2019-03-26,28.983104705810547,29.17441296227535,28.784967151161208,28.832794215277406,20849279
2019-03-27,28.709815979003906,29.13342486429024,28.641492762794282,28.928452468557666,19455048
2019-03-28,28.894290924072266,28.948950043982716,28.737145610941777,28.81913291725566,16915541
2019-03-29,29.017274856567383,29.092432867526803,28.82596655278384,28.969447780621497,21681834
2019-04-01,29.270076751708984,29.33840272134343,29.071936384556217,29.092435274288135,20345046
2019-04-02,29.317899703979492,29.502375950074764,29.201749417899137,29.345230637406175,18625129
2019-04-03,29.270076751708984,29.427222086501878,29.071936384556217,29.372562959056697,16200402
2019-04-04,29.201751708984375,29.32473405129435,29.037774336869816,29.235911944568375,12990972
2019-04-05,29.372554779052734,29.57069509102513,29.30423157554967,29.365722733412746,15559043
2019-04-08,29.47504425048828,29.570698394339917,29.317898941904446,29.42721717856246,15410323
2019-04-09,29.270076751708984,29.37939500659935,29.092435274288135,29.365730911514042,18825072
2019-04-10,29.19491958618164,29.32473397527188,29.140260462285156,29.32473397527188,13202615
2019-04-11,28.880626678466797,29.263243299318656,28.689321115144693,29.235912363356167,20214877
2019-04-12,28.498016357421875,28.92845736243729,28.409194238350572,28.92845736243729,21338546
2019-04-15,28.757638931274414,28.7781350690675,28.334030106724185,28.600493633550837,18362788
2019-04-16,27.958253860473633,28.901128672373293,27.896762681831163,28.84646954167953,27506976
2019-04-17,27.247678756713867,28.012909230808738,26.912891969543224,27.94458601338904,42412117
2019-04-18,26.906063079833984,27.281844940394492,26.250150775483363,27.281844940394492,50579774
2019-04-22,26.63275718688965,26.988042803939113,26.516606912210968,26.666920163543562,31018904
2019-04-23,26.93338394165039,27.08369719438991,26.564434229327322,26.707915436092772,26672102
2019-04-24,26.899219512939453,27.08369573269656,26.75574106102079,26.988041600015332,21196994
2019-04-25,27.06320571899414,27.21351899763006,26.762579161722297,26.817238286035014,18130065
2019-04-26,27.309165954589844,27.322832793768747,26.953883078005436,27.104193585043188,20053193
2019-04-29,27.049541473388672,27.3433360117033,27.049541473388672,27.309173025565485,23229001
2019-04-30,27.746444702148438,28.135893346320106,27.193018693574253,27.602963478132367,34360400
2019-05-01,27.855758666992188,27.958244847391875,27.445813945393443,27.73277634935386,20703406
2019-05-02,28.01974105834961,28.026575852431417,27.72594930277368,27.883094624580625,20471210
2019-05-03,28.279369354248047,28.354524602239717,28.03340197946077,28.16321633883815,18664759
2019-05-06,28.45701789855957,28.539007959701145,27.903591853613555,27.951418931428833,25973406
2019-05-07,27.89675521850586,28.498008242385882,27.671286708102542,28.279371778103467,27603838
2019-05-08,27.978748321533203,28.03340744357276,27.63029470159123,27.876262124321073,23811968
2019-05-09,28.013216018676758,28.151074402430417,27.730601066191692,27.77885233194601,19732461
2019-05-10,28.068359375,28.13728856552255,27.482451555418958,28.00632005491447,17391527
2019-05-13,27.964963912963867,28.020107819102712,27.675456327133645,27.73060023327249,28010788
2019-05-14,28.026996612548828,28.171750385587796,27.95806466073904,27.978745354869172,26772759
2019-05-15,28.364744186401367,28.461246672983396,28.05455881015934,28.164846574405328,33520678
2019-05-16,28.7025203704834,28.936884090843883,28.36476146173688,28.36476146173688,25508486
2019-05-17,28.585329055786133,28.81968991580243,28.433682652230026,28.468145854310187,29187684
2019-05-20,28.668045043945312,28.75076227629278,28.454362093760288,28.537079326107758,24251591
2019-05-21,28.72319221496582,28.819694739879257,28.599119123773267,28.7507655527132,28785056
2019-05-22,28.943771362304688,29.09541779522529,28.640478496463484,28.73698102391008,25274604
2019-05-23,28.895519256591797,28.936877877359233,28.709406848872465,28.840375352724635,25495944
2019-05-24,28.916196823120117,29.164345773183204,28.8610529199359,28.99202142216605,15383341
2019-05-28,28.881732940673828,29.28152553654701,28.874837527902294,29.05405728766282,49440610
2019-05-29,28.757658004760742,28.840375245989488,28.454365148879674,28.743872721712034,26895761
2019-05-30,28.881732940673828,28.916196147190735,28.661154561624862,28.730086517594984,17344308
2019-05-31,28.619796752929688,28.936877662142923,28.57154826243949,28.736979972810587,22639288
2019-06-03,28.895519256591797,29.081628892842875,28.6542629450053,28.695621565772736,22643082
2019-06-04,29.10919952392578,29.46763625146888,28.97823103225111,29.281523861054346,18453537
2019-06-05,29.281517028808594,29.529665900971484,29.23326578223616,29.364234243352005,21418861
2019-06-06,29.440067291259766,29.702001517407123,29.28152545584633,29.502103834287375,24494222
2019-06-07,29.584819793701172,29.812290824902355,29.543463943908492,29.62617841496214,20023470
2019-06-10,29.688217163085938,29.805400393928178,29.412497620009923,29.805400393928178,15275727
2019-06-11,29.412494659423828,29.84675324249076,29.32977741909288,29.777824056527113,18813162
2019-06-12,29.695104598999023,29.75714391034915,29.267738689291086,29.274631330225986,16296843
2019-06-13,29.295320510864258,29.736471830236173,29.20571060981603,29.688220558246268,14464042
2019-06-14,29.474531173706055,29.550353001041472,29.281526127443954,29.30909946468206,13197872
2019-06-17,29.557252883911133,29.571038168880836,29.191923431933596,29.433177004777917,14094931
2019-06-18,29.688217163085938,29.86743694468672,29.515892795096992,29.515892795096992,22833434
2019-06-19,29.9846134185791,30.046649961091898,29.702001270923862,29.757145172209473,21753611
2019-06-20,30.053544998168945,30.40508912905717,29.991508450710633,30.21208407343723,23500300
2019-06-21,30.101797103881836,30.32926814621475,29.853650907109092,30.019082628780396,38141203
2019-06-24,30.163833618164062,30.26033336822621,29.963935933775304,30.11558235739891,24624075
2019-06-25,30.163833618164062,30.529163008832715,30.163833618164066,30.2258701615855,28429015
2019-06-26,29.633071899414062,30.19140637364649,29.295315821024367,30.10868912877192,41009348
2019-06-27,29.936365127563477,30.025975015340514,29.64686030996841,29.6537529518792,21994977
2019-06-28,29.86054039001465,30.13625989696404,29.626176730506568,29.95014749760562,39726209
2019-07-01,30.170724868774414,30.246546691357132,29.874324676517894,29.991505116631203,21341392
2019-07-02,30.480918884277344,30.480918884277347,30.09490870778319,30.10869399366689,16541898
2019-07-03,30.604982376098633,30.715270171424674,30.31547483476681,30.584304453775477,10297580
2019-07-05,30.274124145507812,30.570524378088077,30.1776216152971,30.542951038827127,18295227
2019-07-08,29.84675407409668,30.239656819413614,29.626178455692646,30.191405556454196,23955312
2019-07-09,29.894994735717773,30.19139485000671,29.846743489869173,29.92946070317172,14223308
2019-07-10,30.37062644958496,30.405089659069027,29.943257708766996,30.088011503005255,15298599
2019-07-11,29.626176834106445,30.025972199182206,29.21259618650204,29.860540494434073,38383518
2019-07-12,29.226381301879883,29.633069305894047,28.957554436768117,29.57792540462671,33580967
2019-07-15,29.46763038635254,29.48141566542674,29.116086369688304,29.136764288299606,20363912
2019-07-16,29.53658103942871,29.619298316981073,29.28153933368996,29.495222400652526,19553386
2019-07-17,29.46075439453125,29.770939977785453,29.453861751099247,29.70201077199641,16341532
2019-07-18,29.681331634521484,29.681331634521488,29.32978740067888,29.543473215677874,13728877
2019-07-19,29.481420516967773,29.784713335315534,29.481420516967773,29.770928053972792,23552579
2019-07-22,29.515892028808594,29.653753182501713,29.329779609896306,29.522784670772985,12552086
2019-07-23,29.702003479003906,29.79850323482653,29.46763980251611,29.536568991380367,19586904
2019-07-24,29.56414031982422,29.639962145273152,29.205703573456205,29.639962145273152,18117838
2019-07-25,29.412494659423828,29.63996291313161,29.315992136193795,29.522782465552947,17514634
2019-07-26,29.702003479003906,29.757147384388976,29.24706418097583,29.405603255391448,21062187
2019-07-29,28.571550369262695,29.639965309693675,28.495725764250434,29.067845536972055,64559186
2019-07-30,26.738006591796875,27.737492294683488,26.60703808528997,27.454880128069263,95739668
2019-07-31,26.772470474243164,27.344590235032648,26.545002206887347,26.607038755123625,56309423
2019-08-01,26.612442016601562,26.869869611485743,26.215866336166556,26.65418756122532,51624920
2019-08-02,26.438508987426758,26.814213343650277,26.264572458918767,26.612445515934752,29153640
2019-08-05,25.714933395385742,26.320236987249388,25.332271844980617,26.27153430293632,46030183
2019-08-06,25.707969665527344,25.958440149460994,25.374008087817007,25.8749490556843,31985843
2019-08-07,25.450544357299805,25.589695260374132,24.949603344149562,25.499247033505984,32017253
2019-08-08,25.652318954467773,25.707978770900613,25.464465325633544,25.534039396825243,23356429
2019-08-09,25.29052734375,25.62448622379145,25.12354510633201,25.582740664436955,25391703
2019-08-12,24.622602462768555,25.2696487282575,24.198192614150415,25.262691602486235,44212665
2019-08-13,24.490415573120117,24.914822743779936,24.45562993447427,24.650437903083695,45549453
2019-08-14,23.82248878479004,24.337344077589822,23.79466028106942,24.302555650542214,38633421
2019-08-15,23.98946762084961,24.05904447326713,23.63463742258669,23.864233762332905,30713665
2019-08-16,24.107746124267578,24.358216628030384,23.996426522016698,24.15644879992692,30012334
2019-08-19,24.47649383544922,24.573899188676894,24.232980452380023,24.267768877788967,21997296
2019-08-20,24.079914093017578,24.462578361193856,24.052085591999123,24.42083281226961,19932510
2019-08-21,24.26081085205078,24.434747377848616,24.226022427932573,24.309513526857632,19208728
2019-08-22,24.406919479370117,24.511284766264584,24.21211155039929,24.32343116621033,16933142
2019-08-23,23.892065048217773,24.594771115949708,23.773785518138787,24.49736576054196,27765311
2019-08-26,24.239933013916016,24.253850059897218,23.989462552404728,24.08686788729224,17468680
2019-08-27,23.892065048217773,24.413877454047295,23.871190873546535,24.358217650585267,24715351
2019-08-28,24.406919479370117,24.455624958359063,23.850321400314908,23.905981208220428,26047924
2019-08-29,24.580854415893555,24.900898953269255,24.511280367845593,24.900898953269255,19610302
2019-08-30,24.733922958374023,24.85219969552772,24.546069366214848,24.78262563791911,18873346
2019-09-03,25.130502700805664,25.241822317165408,24.706092817013264,24.775669675285855,26624989
2019-09-04,24.92873764038086,25.32531346842392,24.83828939293002,25.255739399752596,20649441
2019-09-05,25.2835636138916,25.38097176932255,24.970476161952043,25.12354132494895,22096794
2019-09-06,25.39488983154297,25.44359251786753,25.123545094564463,25.29748445889385,20873416
2019-09-09,25.624481201171875,25.63143832680109,25.137457230556343,25.457501793880553,24675616
2019-09-10,26.00714683532715,26.00714683532715,25.06092455026725,25.457503110821648,32250397
2019-09-11,26.028013229370117,26.271526579344734,25.673180290091768,26.25761233003085,16963181
2019-09-12,25.937570571899414,26.174126847905995,25.784505404459136,26.13933841977055,16692303
2019-09-13,25.680139541625977,26.160206359281975,25.471414595045406,26.01410113459282,24099605
2019-09-16,25.624481201171875,25.756674980317115,25.29052238658923,25.36705356590732,19877070
2019-09-17,25.39488983154297,25.60361483082043,25.29052733190424,25.596657703830815,22091945
2019-09-18,25.31139373779297,25.547949995929837,25.22790543293038,25.44358751680407,19679550
2019-09-19,25.40184211730957,25.582735776755605,25.283562588836716,25.339225188939665,17746409
2019-09-20,25.527074813842773,25.916696212474733,25.38096958675239,25.666225712982275,45990658
2019-09-23,25.2139892578125,25.4575026500079,25.20703213194932,25.31139461469066,17295191
2019-09-24,25.053964614868164,25.45054313095249,25.033093239241218,25.234861059887873,24186560
2019-09-25,24.977434158325195,25.290521586110557,24.838283257955048,24.984391283734208,20269685
2019-09-26,24.893945693969727,25.213990281044957,24.747837652723142,25.095713541777357,17059728
2019-09-27,25.200075149536133,25.283563457766373,24.85219927261913,24.949604630051766,17583671
2019-09-30,24.99830436706543,25.262689107243606,24.991347241981334,25.241817731991315,17205391
2019-10-01,24.650428771972656,25.060921535117757,24.650428771972656,24.998304611352484,22013001
2019-10-02,24.142532348632812,24.53911088918086,24.11470384608023,24.532153763542716,22458000
2019-10-03,24.664350509643555,24.678264762593543,24.072961190504465,24.1494951765235,22076135
2019-10-04,24.99830436706543,25.033092789882414,24.664345578649787,24.692174078986177,18065349
2019-10-07,24.92873764038086,25.227910891242992,24.90786346160134,24.92178051325346,11759373
2019-10-08,24.650428771972656,24.963516188195545,24.643471646820576,24.80349391750806,14761270
2019-10-09,24.831323623657227,24.970471712571605,24.720004033567186,24.803492327436544,13634333
2019-10-10,24.900901794433594,25.053966955520856,24.76871080831998,24.817413486729418,12198680
2019-10-11,25.123537063598633,25.450541509361383,25.09570856453581,25.144411235292118,18446054
2019-10-14,25.255733489990234,25.290521914884174,25.03309428442102,25.158328138204535,8700981
2019-10-15,25.39488983154297,25.561869271485484,25.332272891239185,25.36010139919764,15178232
2019-10-16,25.2835636138916,25.56882256204818,25.269649362000113,25.485334253302405,14435795
2019-10-17,25.367053985595703,25.610567373630662,25.304437056500074,25.387928160225417,15312090
2019-10-18,25.367053985595703,25.534033395649633,25.290522805011435,25.346182608362746,14219198
2019-10-21,25.367053985595703,25.520119144160997,25.297479930755753,25.49924776692804,13237081
2019-10-22,25.346176147460938,25.534026886863472,25.220939523796527,25.33226189951913,14549416
2019-10-23,25.58273696899414,25.58969689237891,25.20007545788102,25.26269238916908,14000598
2019-10-24,25.3183536529541,25.631441124826917,25.227908212504214,25.56882418993176,19998385
2019-10-25,25.58273696899414,25.659270949654882,25.26269238916908,25.325309320457137,17497665
2019-10-28,25.937570571899414,26.07672148704428,25.617525984723446,25.64535728671119,25800339
2019-10-29,26.58461570739746,26.96727717026456,26.382847889599528,26.43850768788208,32212032
2019-10-30,26.77246856689453,27.009024826103545,26.647234710334697,26.723765889921992,22019430
2019-10-31,26.695938110351562,26.842046145226437,26.563744327160922,26.709852362035797,24539860
2019-11-01,26.709857940673828,27.092522321088236,26.709857940673828,26.918582949119003,19263220
2019-11-04,26.459373474121094,26.953357226604115,26.459373474121094,26.932483058284657,17709730
2019-11-05,26.076723098754883,26.50808732574908,26.069765972177183,26.459384642308084,21688474
2019-11-06,26.167171478271484,26.250659795045152,25.986274996700498,26.167171478271484,18757722
2019-11-07,25.92832374572754,26.398981417092802,25.90725065984043,26.27253725290648,22727297
2019-11-08,26.02666664123535,26.103940260340977,25.872122227455517,25.90724685654275,26626886
2019-11-11,25.94237518310547,25.998572902995853,25.815928195028242,25.928323634809008,12542916
2019-11-12,25.97047233581543,26.054770326909303,25.780803268070102,25.8721256210165,13338370
2019-11-13,25.710556030273438,25.956422809669803,25.49981388348561,25.956422809669803,25855252
2019-11-14,25.675430297851562,25.822950359170324,25.513861513863848,25.68245748361762,25190600
2019-11-15,26.18824005126953,26.32171140588033,25.65436028169017,25.731633914473242,36378810
2019-11-18,26.14609146118164,26.300638729155835,25.963449568503705,26.26551409330425,18084532
2019-11-19,26.455181121826172,26.469232671236856,26.21634149946111,26.293612311275677,26475110
2019-11-20,26.02666664123535,26.476251160712525,25.998569197510697,26.39195318067574,19947582
2019-11-21,26.511381149291992,26.651874045179873,26.019647540388462,26.139067349222753,20942664
2019-11-22,26.92583465576172,26.982032371399278,26.476252930661232,26.54649936910028,25544006
2019-11-25,27.17169761657715,27.31219329818472,27.01012885372248,27.031201934969573,31592385
2019-11-26,26.897735595703125,27.108477722802718,26.729142458909738,27.07335309347564,34620633
2019-11-27,27.136577606201172,27.19277532351761,26.92583546015661,26.960960092641265,19201034
2019-11-29,27.05930519104004,27.31219631610494,27.05228082984817,27.073353913423777,9793873
2019-12-02,26.897735595703125,27.255997776658717,26.869635327355176,27.24897341567959,15645998
2019-12-03,26.729145050048828,26.83451612381336,26.581624981892144,26.665920146244744,20869832
2019-12-04,26.79237174987793,26.876666928767584,26.616754204794965,26.85559384015322,14501248
2019-12-05,26.71509552001953,26.95393795665975,26.546502354149215,26.95393795665975,13098058
2019-12-06,26.897735595703125,27.05930437151738,26.848562244417792,26.890711234723998,12868708
2019-12-09,26.918813705444336,26.960962703621423,26.764269261749664,26.764269261749664,15641571
2019-12-10,27.031204223632812,27.10145348260003,26.827489281035934,26.88368699355084,19171311
2019-12-11,26.848567962646484,27.094434771438056,26.83451923769612,26.953939048638297,15569372
2019-12-12,27.07335662841797,27.12955434802011,26.813441116096122,26.813441116096122,13414469
2019-12-13,26.92583465576172,27.1717014269458,26.743192786047548,27.059305995670677,16678496
2019-12-16,27.494834899902344,27.67747956682518,27.157648656334125,27.1857489221804,24187824
2019-12-17,27.326250076293945,27.705585421608937,27.284101076940715,27.705585421608937,29038016
2019-12-18,27.319223403930664,27.45269475319204,27.14360588331161,27.403521395509618,27339390
2019-12-19,27.37542152404785,27.501868513266388,27.26302608325261,27.396497434466863,22022276
2019-12-20,27.558063507080078,27.775830005129112,27.375418815534715,27.642358667120458,58199772
2019-12-23,27.621292114257812,27.76178502235511,27.487820744689927,27.691538568306463,17454345
2019-12-24,27.600210189819336,27.705581260159384,27.53698811250163,27.628310459978103,5187683
2019-12-26,27.663448333740234,27.796916913697295,27.537001294144474,27.607250590953107,9384078
2019-12-27,27.621292114257812,27.83203430083599,27.57211874909409,27.698562931268103,10117662
2019-12-30,27.333269119262695,27.69153130739319,27.319220397023088,27.607236149524038,11554264
2019-12-31,27.5229434967041,27.536992221664075,27.19277868912046,27.24897923782443,15175703
2020-01-02,27.494834899902344,27.642354940625133,27.312193057410685,27.607233138856266,16514072
2020-01-03,27.347322463989258,27.565088970747077,27.16467776513968,27.1998023974796,14922848
2020-01-06,27.312204360961914,27.396502368957513,27.185760173400872,27.270055356964118,15771951
2020-01-07,27.220874786376953,27.487814641814204,27.171701432130753,27.48079028041212,20108107
2020-01-08,27.438648223876953,27.55104368358635,27.220881667635954,27.227906030813752,16403507
2020-01-09,27.319223403930664,27.586163278021615,27.248976960569404,27.586163278021615,21971895
2020-01-10,27.74070930480957,27.839056025817854,27.375422694392498,27.38244705668852,21557357
2020-01-13,27.684505462646484,27.937396571564356,27.544009774485144,27.832025511551187,15392405
2020-01-14,28.148141860961914,28.155166222496195,27.607237778505645,27.698557302882964,20919160
2020-01-15,28.569637298583984,28.71013305739705,28.218399313767705,28.232450866751943,23925800
2020-01-16,28.52747917175293,28.660950523635798,28.3237613751291,28.653926161604886,16216422
2020-01-17,28.457233428955078,28.667975592808112,28.394011344685556,28.499382426612073,23083970
2020-01-21,28.337806701660156,28.56259753502074,28.232435645468478,28.365904143614607,23115696
2020-01-22,28.232437133789062,28.38697872154796,28.0778898971674,28.32375664938634,18097812
2020-01-23,28.59773063659668,28.68202864462916,28.1902977962593,28.232446800275543,27148510
2020-01-24,27.972522735595703,28.780369537910158,27.84607857364251,28.75929645239522,34143698
2020-01-27,28.21136474609375,28.401033810670835,27.57211393501059,27.68450937163711,31964026
2020-01-28,26.79237174987793,27.740711577303873,26.658900382023695,27.62129175962475,70202408
2020-01-29,26.398988723754883,26.960968905038428,26.3779156320352,26.778326970170028,34165726
2020-01-30,26.306730270385742,26.37769714901109,26.037063550147703,26.32802147528693,32316589
2020-01-31,26.4273681640625,26.576392305680734,26.186085955181177,26.214473272283932,33894005
2020-02-03,26.618968963623047,26.995085894646575,26.469941984907084,26.583488387702445,20875735
2020-02-04,26.746707916259766,27.13701422903036,26.70412837136331,27.02347067816194,31150865
2020-02-05,27.087343215942383,27.371204995095656,26.838967725787853,26.8602560752467,29443490
2020-02-06,27.151212692260742,27.321530910943927,26.987993443759215,27.27895135627313,21047748
2020-02-07,27.00218391418457,27.250559376278265,26.91702481940291,27.22217491353994,21903596
2020-02-10,26.83186912536621,27.122827025010885,26.76800122282685,27.115730908426926,19998385
2020-02-11,27.03057289123535,27.05896021199792,26.796389621400422,26.888644847273987,16027335
2020-02-12,26.782196044921875,27.10153840775029,26.768000958610358,27.030571536043745,22944315
2020-02-13,26.207374572753906,26.66864489061222,26.178987258449627,26.66864489061222,22099745
2020-02-14,25.909326553344727,26.28544072109958,25.845458648119152,26.235765049638836,21006747
2020-02-18,25.774490356445312,26.02286870010088,25.739009773982854,25.937709595623637,17988513
2020-02-19,25.710620880126953,25.902227426824307,25.69642864801115,25.831260559678288,17750941
2020-02-20,25.44095802307129,25.589985042511806,25.128711749943704,25.34160667677761,42953135
2020-02-21,25.348697662353516,25.419664525787688,25.213865757738613,25.377084978383856,32425256
2020-02-24,24.603565216064453,25.121610186593365,24.55388955368702,24.866135759121345,37969296
2020-02-25,24.07842254638672,24.653239257074002,23.922299453937292,24.610659713081773,41878898
2020-02-26,24.639049530029297,24.986776325846193,24.142292888457426,24.298415996768096,47920005
2020-02-27,24.199066162109375,25.341603654962896,24.199066162109375,24.44034838194903,55444827
2020-02-28,23.716508865356445,24.085525502656264,23.084920201046774,23.76618453857653,66057447
2020-03-02,24.752593994140625,24.802269660112277,23.73779375305444,24.064233639919326,42034469
2020-03-03,24.34099578857422,25.39127800893704,24.02874956882941,24.965488228063837,46174475
2020-03-04,25.831268310546875,25.87384787295411,24.8022769610079,24.908724440383807,38712155
2020-03-05,25.164196014404297,25.675144996881915,24.951301080585964,25.29902795073777,35096303
2020-03-06,24.85194969177246,24.958397158513467,24.21326489132643,24.624859670316706,40931036
2020-03-09,23.95779037475586,24.617763526527547,23.53200050824922,23.74489544150254,43183856
2020-03-10,24.546796798706055,24.596472467884382,23.42555046384107,24.532604565593303,40548329
2020-03-11,22.829442977905273,24.042945914306255,22.467521074533785,23.95778681235405,65350213
2020-03-12,21.303695678710938,22.708802344040105,21.289502019207372,21.630134154232902,62731445
2020-03-13,23.21265411376953,23.333293794310137,21.452720305339014,22.190757754023632,60553038
2020-03-16,21.417240142822266,22.907505974141205,21.041125983289355,21.24692478151593,50995050
2020-03-17,22.822345733642578,23.170073960621846,21.708194186824237,22.45332630558577,54220606
2020-03-18,22.964279174804688,23.141692090400817,21.50949669085715,21.835935200109095,43884976
2020-03-19,21.587554931640625,22.886214077924386,21.2965984797051,22.864924303072176,59820929
2020-03-20,20.586952209472656,21.764971896649858,20.515986755553445,21.48820762501435,52488989
2020-03-23,20.217933654785156,20.991451805682022,19.785046250724278,20.409538806540894,52853041
2020-03-24,21.076608657836914,21.324985590897196,20.50888934228115,20.941775302559396,44466784
2020-03-25,21.11208724975586,21.800449001836768,20.579850031802007,20.934675794865704,44601275
2020-03-26,22.531391143798828,22.7017065000345,21.204344596568053,21.211442139725918,43269967
2020-03-27,21.928190231323242,22.52429545383469,21.75787343443286,21.857224780398752,38290344
2020-03-30,23.184268951416016,23.312006186589944,22.034636688134444,22.034636688134444,29943508
2020-03-31,23.162979125976562,23.41845215341297,22.87911877996097,22.992662347710485,29466151
2020-04-01,22.531391143798828,22.907505292133987,22.375268020595207,22.652030831138635,26709625
2020-04-02,23.32619857788086,23.418452370873545,22.531390742970167,22.637838195384244,27186876
2020-04-03,23.872631072998047,24.050043980930074,23.155883324412393,23.155883324412393,32837370
2020-04-06,24.53260612487793,24.76678939925773,23.971981495170464,24.07133283984186,40503217
2020-04-07,23.851341247558594,24.958395394057685,23.837147587230287,24.83775570115568,24226295
2020-04-08,24.553890228271484,24.695821103718252,23.73069657191866,24.121004339434734,25523980
2020-04-09,25.114511489868164,25.38417812079498,24.731298461403146,24.85903708865249,30648107
2020-04-13,24.937105178833008,25.533213256699145,24.63905399318386,25.519018169166195,18270141
2020-04-14,25.859649658203125,25.99448443244012,25.079034038818726,25.49772774133928,21845309
2020-04-15,25.5261173248291,25.710624931257254,25.249351635260957,25.589985232697156,21312196
2020-04-16,25.462242126464844,25.731911651862653,25.249347235149116,25.632560322144187,20657451
2020-04-17,26.19318199157715,26.257049888260035,25.625461330797535,25.902226971895793,24404843
2020-04-20,25.604171752929688,26.193180733212117,25.604171752929688,25.81706663383378,22530620
2020-04-21,25.27773666381836,25.49772768945089,25.100325190662634,25.39128023490072,23975233
2020-04-22,25.724811553955078,26.25704875889231,25.63255919750706,26.228664296380096,20182624
2020-04-23,26.037063598632812,26.540916454018426,25.74610852623574,25.74610852623574,20185365
2020-04-24,26.526721954345703,26.562202537410645,26.100932131296638,26.143508830974568,17353794
2020-04-27,27.200881958007812,27.34990893761775,26.661548667947883,26.675743751684422,23394057
2020-04-28,26.90283203125,27.832471672506983,26.526717934767916,27.7118320017992,35666728
2020-04-29,27.051864624023438,27.357011921805032,26.760906706974808,27.293144015445343,26518535
2020-04-30,27.222179412841797,27.32862687227091,26.51252778112518,26.966704939555168,29450973
2020-05-01,26.711227416992188,26.924122311546945,26.53381595595772,26.860254413837218,22679867
2020-05-04,26.697040557861328,26.909935495262665,26.54801353102358,26.68284546962626,19893512
2020-05-05,27.328624725341797,27.57700020897487,27.15830937429191,27.541519627475054,24123952
2020-05-06,27.328624725341797,27.68345051332509,27.328624725341797,27.65506319484165,24047432
2020-05-07,26.49005126953125,27.586637292810927,26.439880554150417,27.529296862331442,33546080
2020-05-08,26.67640495300293,26.791082963928016,26.54739615307595,26.697908340803483,19893618
2020-05-11,27.3071231842041,27.385964142782925,26.633406026919726,26.697910431935565,25620421
2020-05-12,26.77674674987793,27.40746285020066,26.762413078975808,27.32145794306882,19335314
2020-05-13,26.55455780029297,26.81974506541507,26.224866147810033,26.740907010133725,24596882
2020-05-14,27.178110122680664,27.206777461883558,26.361047729615294,26.37538139921674,22362507
2020-05-15,27.063438415527344,27.35729308801068,26.798251085862272,27.206780893057118,25460002
2020-05-18,27.285615921020508,27.565136861364433,26.970257928220683,27.479131969876313,22635177
2020-05-19,27.006103515625,27.24978748052636,26.740916159766776,27.127945498075682,19476234
2020-05-20,26.970266342163086,27.378799069767467,26.912928769377146,27.199616633306846,17504200
2020-05-21,26.705078125,26.984599143519862,26.554565920652568,26.927261572585518,17652181
2020-05-22,26.877084732055664,26.898588117345682,26.49005549574156,26.59756377703541,15781226
2020-05-26,26.869922637939453,27.142276806484833,26.84125241306766,26.984597773988114,23260094
2020-05-27,26.812583923339844,26.905758548039714,26.497225871831926,26.812583923339844,25904158
2020-05-28,27.36446189880371,27.550811167449485,27.03477014228211,27.12077794038315,22521767
2020-05-29,27.371633529663086,27.543646256167165,26.934430554100718,27.428971105164443,48333067
2020-06-01,25.414979934692383,25.608493167206966,25.020780869655344,25.443647280967326,76884979
2020-06-02,25.916677474975586,25.916677474975586,25.26446094161472,25.465143838562305,42690900
2020-06-03,25.916677474975586,26.095859867986842,25.47231067320775,26.009852088803935,38751996
2020-06-04,25.80917739868164,26.009860359442577,25.586993927147624,25.594160764071987,27013388
2020-06-05,25.794836044311523,26.153197955863746,25.71599509817936,25.974015559228206,36705655
2020-06-08,26.224868774414062,26.23203560909213,25.572652238084405,25.65865713594,30194149
2020-06-09,25.952512741088867,26.27503756821586,25.923842522764456,26.16036245835541,21675088
2020-06-10,25.744667053222656,26.124529494733657,25.723163665684115,26.06002509555614,29557217
2020-06-11,23.866857528686523,25.57265823815669,23.852523855967306,25.51532066556034,63166642
2020-06-12,24.18937873840332,24.44022948438135,23.687671483009517,24.42589581471835,37902472
2020-06-15,23.909860610961914,24.167881119682203,23.479827390334563,23.8668567125553,36247482
2020-06-16,23.938528060913086,24.339893914692833,23.451157296837124,24.07470514379138,55616945
2020-06-17,24.053203582763672,24.20371578035257,23.881190877684624,24.074705531113462,27509822
2020-06-18,23.823848724365234,23.988694561889236,23.637500942629543,23.84535066857692,32278855
2020-06-19,23.952861785888672,24.182213483213452,23.73784375916321,24.14637642499611,43986266
2020-06-22,23.730674743652344,23.909855695698553,23.587330846531014,23.888353750915503,23332503
2020-06-23,23.486989974975586,23.831016777375748,23.465488029664435,23.79517972157068,37690408
2020-06-24,23.07129669189453,23.458327488758048,22.935119589533244,23.443993815277818,30817695
2020-06-25,23.164466857910156,23.20747075176275,22.81327319431247,23.01395467028563,27418651
2020-06-26,22.963783264160156,23.135797393640413,22.65559350349976,23.114295447347946,42153992
2020-06-29,23.39381980895996,23.41532031617733,23.07846174612315,23.264809561357662,23956261
2020-06-30,23.43682289123535,23.565833142288927,23.099964312169547,23.314980916972285,25451676
2020-07-01,24.18221664428711,24.755592360401298,24.167881530954396,24.755592360401298,73503009
2020-07-02,24.73409080505371,24.977774753660746,24.39723222587607,24.81292888203854,45270881
2020-07-06,24.73409080505371,25.078116220164578,24.640916174483106,25.04944887643166,27150935
2020-07-07,24.390064239501953,24.61941450542444,24.33989350861651,24.404397910692314,25148018
2020-07-08,24.18937873840332,24.633745551707374,24.06036850713912,24.37572508917897,24256545
2020-07-09,23.98153305053711,24.282557454599367,23.723512544443658,24.175049150537042,20363702
2020-07-10,24.24671745300293,24.39722963678598,24.003032089396687,24.124874050770057,24459019
2020-07-13,25.235794067382812,25.60132285479823,24.741256475806267,24.8917686684737,56569129
2020-07-14,25.2501277923584,25.38630341686399,24.9992741660075,25.350469242898757,32854129
2020-07-15,25.601320266723633,25.80200316999288,25.422140749786884,25.794836335121673,26294454
2020-07-16,25.515316009521484,25.5439833497287,25.27162920916536,25.515316009521484,18421812
2020-07-17,25.981182098388672,26.038522539497166,25.6084865214964,25.701661136149173,23347365
2020-07-20,26.16036605834961,26.963094819556904,26.031354380714028,26.869920199328817,36815693
2020-07-21,26.296546936035156,26.576070852489433,26.174704950946616,26.47572937710373,23588520
2020-07-22,27.63681983947754,27.758664716965097,26.89142842703993,27.400302685137834,90705554
2020-07-23,27.529306411743164,28.253197178320352,27.364460541657927,28.117021533420033,59639536
2020-07-24,26.991762161254883,27.342957255050063,26.75524507482476,27.25694946995602,33870501
2020-07-27,26.905759811401367,27.056272008740972,26.68357637416068,26.776748121516302,27640307
2020-07-28,27.966514587402344,28.19586490507836,27.278460752654475,27.622486229168498,56393954
2020-07-29,28.138517379760742,28.27469588382183,27.55797207183923,28.16718760019632,37033660
2020-07-30,28.037200927734375,28.18194730306683,27.646388915209478,27.7042868833656,32273796
2020-07-31,27.849029541015625,28.044436996552175,27.40031957335004,27.704286079765957,28472124
2020-08-03,27.754941940307617,27.979296881913733,27.660856671284513,27.943109568470152,31036400
2020-08-04,27.783891677856445,27.993772874768585,27.566773599655463,27.72599371766178,29448549
2020-08-05,27.827320098876953,27.885218067858904,27.59572822294916,27.841793863651354,24292697
2020-08-06,27.697050094604492,28.297743334930267,27.6102016871349,28.058911669331046,20922111
2020-08-07,27.827320098876953,27.950352919228052,27.617438870110757,27.718761043300255,23097251
2020-08-10,27.783891677856445,27.979299112190894,27.689806401333644,27.89968759824578,19964552
2020-08-11,27.349655151367188,27.92140077417224,27.262809667192307,27.906924101906537,21326847
2020-08-12,27.74046516418457,27.899685268897578,27.364126999397794,27.378603670650733,19957595
2020-08-13,27.624675750732422,27.63191263311916,27.414794521979637,27.5523040169807,15340021
2020-08-14,27.545055389404297,27.78388404586768,27.45097013872589,27.508868083016498,12901276
2020-08-17,27.754941940307617,27.798363224579504,27.46544925252632,27.530586998701505,17494187
2020-08-18,27.762182235717773,27.83455396162285,27.624672755625685,27.827317080020745,10846398
2020-08-19,27.689807891845703,27.943113300009973,27.588488638464064,27.849028018422665,15690055
2020-08-20,28.02272605895996,28.07338714283586,27.595726741956337,27.63191115195041,21957455
2020-08-21,28.138521194458008,28.225369595754575,27.914166219306672,28.16023183984009,25467170
2020-08-24,28.10957145690918,28.254317826044126,27.892453358148853,28.239844062095887,25011947
2020-08-25,27.798368453979492,27.906927504848575,27.465454419298872,27.8707430944817,26221201
2020-08-26,27.537824630737305,27.69704474039597,27.255568815967106,27.639146783236797,24083689
2020-08-27,27.400318145751953,27.50164030927822,27.270048455437653,27.47268987260611,22156556
2020-08-28,27.43650245666504,27.5450614899886,27.067401161388176,27.407552023166335,32830519
2020-08-31,27.349655151367188,27.5161121484099,27.1397739572951,27.385842467205645,30032465
2020-09-01,26.691062927246094,27.371367559208842,26.423283784970558,27.349654006661027,36145560
2020-09-02,26.922658920288086,26.99503065024837,26.3436763509532,26.611455534655715,29068688
2020-09-03,26.343677520751953,27.132541342874017,26.1265594113457,27.045692935157785,35956788
2020-09-04,26.314729690551758,26.510137150736814,25.960102091297028,26.40881497952118,26872257
2020-09-08,26.003528594970703,26.495662820207105,25.822597793156962,26.43776484723133,26736818
2020-09-09,26.1844539642334,26.52460481082872,26.155503532026916,26.26406256050488,27490533
2020-09-10,25.800878524780273,26.285775759820663,25.750217445902386,26.198930274518506,21650741
2020-09-11,26.10484504699707,26.133792572190767,25.656135127423482,25.866013414729515,24109301
2020-09-14,26.7851505279541,27.168725617563453,26.25682907834507,26.314727040368144,29565543
2020-09-15,26.74896240234375,27.031215322414305,26.640403363094777,26.915419401866586,22003726
2020-09-16,26.61869239807129,27.00226747146463,26.575268200918785,26.98055391794644,22208412
2020-09-17,26.64763641357422,26.75619543721693,26.452229007063934,26.618688892540693,17894390
2020-09-18,26.5101375579834,26.828574931130255,26.466713353954717,26.618696613112927,31694623
2020-09-21,26.06866455078125,26.401581546794862,25.60548074743131,26.32197001191617,26608968
2020-09-22,26.2351131439209,26.293014010575344,25.866011850830322,25.916672926740155,22727297
2020-09-23,26.05418586730957,26.329201926117236,26.032475221831646,26.30025148892921,23102521
2020-09-24,25.8804931640625,26.083134594161525,25.72127302691624,26.017999744848115,20859925
2020-09-25,26.090375900268555,26.1627476359406,25.70680075440318,25.7212745195607,14365598
2020-09-28,26.33643341064453,26.473942866809708,26.169976433107863,26.169976433107863,15044269
2020-09-29,26.177217483520508,26.44499664828208,26.075895322812453,26.365388041945177,13512491
2020-09-30,26.560792922973633,26.74896348388491,26.2351157920586,26.249592465125335,22629275
2020-10-01,26.321962356567383,26.843046893671104,26.16997912408848,26.71277430445326,22520396
2020-10-02,26.32920265197754,26.53184698822796,26.075897231664513,26.09761078762518,21461759
2020-10-05,26.596981048583984,26.691066331897062,26.300251435022467,26.437760919086514,19400029
2020-10-06,26.177217483520508,26.799624210760268,26.119319521670764,26.777910656389114,25233392
2020-10-07,26.39433479309082,26.481183188257898,26.07589455732342,26.2423544663743,22160034
2020-10-08,26.69830322265625,26.908184434786172,26.423287164320104,26.488422010526328,17857395
2020-10-09,26.62592887878418,26.86475759470475,26.481182527081017,26.65487640319451,23667465
2020-10-12,26.64763641357422,26.908178652293426,26.39433105511339,26.560788030706647,19413837
2020-10-13,26.705541610717773,26.871998631470692,26.510137061077884,26.53908458996485,21543233
2020-10-14,26.67659568786621,26.99503307421546,26.46671445126288,26.78515474749659,22120298
2020-10-15,26.452232360839844,26.58974183283387,26.350913114493135,26.510133230014915,16089205
2020-10-16,27.4654598236084,27.588495572717893,26.792394739736455,26.82857915722325,42993503
2020-10-19,27.356895446777344,28.11681171492147,27.241099513503258,27.805608325569718,31931352
2020-10-20,27.132543563842773,27.422036340004126,27.031221383174756,27.40755966427686,22384852
2020-10-21,26.835813522338867,27.10358979711536,26.821336848387645,27.03121806689611,18984859
2020-10-22,27.089109420776367,27.19043156428178,26.799619660677674,26.835806971896325,19243616
2020-10-23,27.63191032409668,27.70428496168487,27.248335220462074,27.450979549894427,30557884
2020-10-26,27.443742752075195,27.51611448000069,27.12530249338842,27.407555433170387,33783124
2020-10-27,27.089109420776367,27.58848325803642,26.6838237566382,26.806856540944704,36851529
2020-10-28,25.656137466430664,26.871997652858976,25.562052181205804,26.6331689087019,33857537
2020-10-29,25.53310203552246,25.793644338418233,25.040967867778985,25.677848405994382,27545341
2020-10-30,25.6778507232666,25.714038046621326,25.21466404188716,25.50415680895599,25631067
2020-11-02,26.22064208984375,26.23511585306011,25.721271069923045,26.003524002062225,21430666
2020-11-03,26.191692352294922,26.502895729053446,26.112083742597036,26.365389155061433,21636617
2020-11-04,27.016748428344727,27.588494205024688,26.748969202793557,26.82134094406413,40870536
2020-11-05,26.607284545898438,27.272648707253843,26.607284545898438,27.236092175185686,33926995
2020-11-06,26.614601135253906,26.848577685981855,26.38793883220103,26.607289827388996,23870676
2020-11-09,28.66187858581543,30.701845159858685,28.062319012695458,30.606792279534638,230153864
2020-11-10,28.281665802001953,29.64164233601735,28.120808236051328,29.575837636267025,80091668
2020-11-11,28.150054931640625,29.393041674718884,27.711353036481352,28.427899269254198,58980997
2020-11-12,27.45545196533203,28.0330776958644,27.228789634303673,27.989206903450082,46767877
2020-11-13,28.237791061401367,28.26703922374878,27.57242697094728,27.68941374071841,40175634
2020-11-16,27.294591903686523,27.74791652506327,26.943628535676893,27.68211181225217,75530167
2020-11-17,27.774351119995117,28.128851002416468,27.60480641978942,28.12114576141149,46984500
2020-11-18,27.990129470825195,28.83784698093154,27.97471605102936,28.460228485265876,63442700
2020-11-19,27.88995361328125,28.229043089551475,27.63563944588886,28.205921481744692,43261800
2020-11-20,28.282981872558594,28.753080941936407,28.082610331605963,28.282981872558594,60633800
2020-11-23,28.14426612854004,28.583538387664806,27.90536248558402,28.53729811940596,43673100
2020-11-24,28.205917358398438,28.31381131950005,27.75893985021685,27.84371220689177,42485300
2020-11-25,28.151973724365234,28.17509533033322,27.928486425281687,28.151973724365234,26955800
2020-11-27,28.691429138183594,28.714547802191415,28.32151581500962,28.34463447901744,25277000
2020-11-30,29.523740768432617,29.901359389900563,28.976574472726277,29.24630499929931,65425900
2020-12-01,30.3714542388916,31.211466669312404,30.063191663764602,30.363748997427834,72499700
2020-12-02,31.44266128540039,31.912760376915802,31.057334546756245,31.188347166596305,84347500
2020-12-03,30.89549446105957,31.619907587883077,30.456222264820617,31.58137550642182,68570100
2020-12-04,31.08816146850586,31.172933821587375,30.741366814904076,30.741366814904076,35368100
2020-12-07,31.789464950561523,31.905064180851422,31.111288875135926,31.3347791524641,48253700
2020-12-08,32.79901885986328,32.96085541319796,31.866525752960577,31.90506078549665,87039300
2020-12-09,32.2518424987793,33.19974873503216,31.696974069037537,33.19204055500544,86118500
2020-12-10,32.15937042236328,32.53699193346452,31.943588381625325,32.22872935543045,57749200
2020-12-11,31.68927001953125,32.4213914076037,31.357888790612243,32.34432723614752,60737000
2020-12-14,30.217317581176758,32.105418903708646,30.109426580999383,32.07459206371246,94809700
2020-12-15,29.831998825073242,30.19420694172036,29.446672042192493,30.101729336975797,65712800
2020-12-16,29.161531448364258,29.647044024639687,29.084467266648836,29.423553781930828,56515300
2020-12-17,29.30794334411621,29.37730225701851,28.753074980706803,29.153815039719078,52036400
2020-12-18,29.038225173950195,29.354193002878336,28.89950730370761,29.277128825992413,60259200
2020-12-21,28.807029724121094,28.8224431474713,28.444821624915953,28.729962607370048,40891800
2020-12-22,28.313806533813477,28.768492146554884,28.205912590948433,28.67601162409913,33634400
2020-12-23,28.853269577026367,29.015109066448364,28.42170544472815,28.521888295548713,36182000
2020-12-24,28.722257614135742,28.953453086769613,28.65289867836459,28.82244339687406,14790100
2020-12-28,28.375459671020508,28.96115793677928,28.267568658856945,28.791613237773912,26993700
2020-12-29,28.552711486816406,28.668310687334564,28.352342871036022,28.437115226108034,23152100
2020-12-30,28.313806533813477,28.699133224617743,28.282979692994893,28.537293780224847,24889800
2020-12-31,28.367755889892578,28.452525303947954,27.967015724227288,28.252156691020183,30796500
2021-01-04,28.367755889892578,28.467938726451592,27.95160230172365,28.413993217593738,33565700
2021-01-05,28.660600662231445,28.79931851800512,28.205915010486546,28.298395540875394,29909400
2021-01-06,28.413991928100586,28.884091003793174,28.336927758889505,28.38316802430192,34962500
2021-01-07,28.560420989990234,28.62977992554942,28.2598636426938,28.545007566553753,27809500
2021-01-08,28.61435890197754,28.92261846940184,28.43710898925151,28.637477561086847,33462400
2021-01-11,29.107585906982422,29.153826179856082,28.62978151319498,28.683727028309203,47286900
2021-01-12,28.652891159057617,29.122990162605202,28.375455488779753,29.053631245035735,47831100
2021-01-13,28.40628433227539,28.645185000911088,28.236739646294414,28.514175336150785,31027900
2021-01-14,28.321521759033203,28.483358320673187,28.213630717939882,28.344640427893093,30272000
2021-01-15,28.282981872558594,28.34463261913739,28.05178642822135,28.2675684509615,34287800
2021-01-19,28.30609893798828,28.51417570809475,28.221326593892005,28.32921759917475,33451300
2021-01-20,28.128854751586914,28.3677584119183,28.098027903838993,28.352344988044337,35400100
2021-01-21,28.11343765258789,28.198210002907818,27.85912354143773,28.044078724127004,33829700
2021-01-22,28.16738510131836,28.383170082413624,27.93618963711113,27.99013514743249,26271200
2021-01-25,28.72995948791504,28.73766766865816,27.9901328862937,28.167382825860713,31728500
2021-01-26,28.75307846069336,28.976565705041466,28.637479278595567,28.722251620159373,27718700
2021-01-27,27.928483963012695,28.54500617128686,27.874535513717035,28.50647408448406,50561200
2021-01-28,27.936277389526367,28.3024258627974,27.920696287281707,28.006390863731642,39466700
2021-01-29,27.967443466186523,28.73089975112918,27.749310976351623,28.73089975112918,60251900
2021-02-01,27.8895320892334,28.193356131808283,27.827210656500917,27.990807760688753,40395800
2021-02-02,27.258514404296875,27.873951566895865,26.697606639101608,27.858370465441414,84062400
2021-02-03,27.14165687561035,27.492224219122786,27.09491357254498,27.258513647378216,38524200
2021-02-04,27.180601119995117,27.32862005556497,27.032585156215653,27.118279703800223,34284900
2021-02-05,27.203981399536133,27.328630221876338,27.094916651779947,27.203981399536133,31749600
2021-02-08,27.12607765197754,27.274093664241985,27.063756215368276,27.235142394887273,31633900
2021-02-09,27.242935180664062,27.313048656146307,27.079335090011202,27.110497295068075,30170200
2021-02-10,27.063751220703125,27.32862396394031,27.032589022253855,27.266299567041766,29039900
2021-02-11,26.822254180908203,27.118289183744704,26.705397398480486,27.110497146627427,30885200
2021-02-12,27.048173904418945,27.227352112875785,26.767720022733027,26.830041456556994,25578600
2021-02-16,27.024797439575195,27.15723529930833,26.92352475060435,27.149443263670044,28730300
2021-02-17,27.180601119995117,27.266295667579687,26.845614964050196,26.931309511634765,26389400
2021-02-18,26.92353057861328,27.172822280765963,26.89236837289632,27.09491676647356,24052500
2021-02-19,26.830041885375977,27.01701213341864,26.798882653861597,27.00143103176581,28145300
2021-02-22,26.6898136138916,26.775508182821344,26.518427447823242,26.744348952857813,34322500
2021-02-23,26.41715431213379,26.635283801758636,26.237976092543178,26.48726778691198,37624200
2021-02-24,26.292509078979492,26.526219676434348,26.230184668036074,26.385992723603138,30686100
2021-02-25,26.347036361694336,26.57295785002282,26.128906909123884,26.347036361694336,37506100
2021-02-26,26.08995819091797,26.409363336966155,25.9886825187199,26.362620033230616,41462800
2021-03-01,26.245759963989258,26.432730183661523,26.105533042182767,26.167857439337126,30407800
2021-03-02,26.10553741455078,26.40157240703471,26.09774834949732,26.237975294790164,27670400
2021-03-03,26.791093826293945,26.837837136851547,26.05100775398588,26.105540130407267,46020200
2021-03-04,26.643070220947266,27.336412785450925,26.362616380970326,26.689810546416233,45449600
2021-03-05,26.791093826293945,26.91573968265592,26.456107530110206,26.71319128048957,30589900
2021-03-08,26.75992774963379,27.165027467178636,26.744349620158896,26.8612034219678,24352300
2021-03-09,26.83783531188965,27.149448445709208,26.83004327476409,26.90794878706255,25167100
2021-03-10,27.211769104003906,27.375366199589255,26.8923639770935,26.985847607172126,33501800
2021-03-11,27.040382385253906,27.3597875406657,27.001431116894672,27.320836272306465,24557900
2021-03-12,27.219558715820312,27.250720917070396,26.884572481859625,26.923526719317767,16342400
2021-03-15,27.585708618164062,27.601289719617778,27.235141264933574,27.274092532672242,21896100
2021-03-16,27.91291046142578,27.936280631609247,27.507810671425837,27.632456532057226,25022400
2021-03-17,27.881744384765625,28.014179293152427,27.359787872685637,27.912906588547692,42540100
2021-03-18,27.866161346435547,28.02196938272735,27.671402044018574,27.679191108527164,24729800
2021-03-19,27.6791934967041,27.905115020230298,27.632453162037557,27.85058264859175,48348900
2021-03-22,28.04534339904785,28.053132464625985,27.546759991884755,27.640243637779957,25427500
2021-03-23,27.546751022338867,27.99080191049228,27.51558882659007,27.905107358078364,27970500
2021-03-24,27.74150848388672,27.99080009008306,27.554538293344283,27.640232840184968,22883400
2021-03-25,27.78826141357422,27.881748037166805,27.4610671463753,27.77268328143383,24875300
2021-03-26,28.24009895324707,28.271261154977076,27.764885778133436,27.79604797986344,27944500
2021-03-29,28.528343200683594,28.62182981016943,27.96743840272488,28.068711105314314,27004800
2021-03-30,28.13103675842285,28.536136502108626,28.060923284096635,28.504974297565553,26303300
2021-03-31,28.22452163696289,28.380329694713843,28.076505616584825,28.162200196937423,26582700
2021-04-01,28.2790470123291,28.395903769668088,28.060917568539825,28.279047012329098,21319900
2021-04-05,28.263473510742188,28.489395050705838,28.123246552957276,28.388119365240826,22096900
2021-04-06,28.084293365478516,28.3569581967071,28.045342095814828,28.247890481140836,20722900
2021-04-07,27.9752254486084,28.232309148453464,27.858368681080453,28.06870907955613,21933800
2021-04-08,28.014177322387695,28.162196294043888,27.944063854706105,28.014177322387695,18129400
2021-04-09,28.512760162353516,28.676360231945452,27.967436503017268,27.967436503017268,31686700
2021-04-12,28.801006317138672,28.847746647325724,28.30242298320285,28.419276780461573,29944900
2021-04-13,28.949018478393555,29.330747964470692,28.738678105060114,29.14377775313296,33967400
2021-04-14,28.956806182861328,29.120406224525652,28.79320911298755,28.956806182861328,23842900
2021-04-15,29.291793823242188,29.400861513739837,29.02692108990072,29.02692108990072,24945800
2021-04-16,30.047462463378906,30.148738124392608,29.455395540402904,29.502135867185483,52829500
2021-04-19,30.327919006347656,30.35128917181575,29.860497866238973,30.070835299034087,30905100
2021-04-20,30.405826568603516,30.569426669315064,30.187697063376948,30.187697063376948,26459400
2021-04-21,30.795339584350586,30.90440431693245,30.483726487229696,30.49151555164651,29365000
2021-04-22,30.10199546813965,30.771967903034028,30.008511840788852,30.756386803177072,33373600
2021-04-23,30.117582321166992,30.250020209354407,29.93840409627114,30.094212152812773,24375000
2021-04-26,30.133159637451172,30.179902940077323,29.985143636821714,30.172110903744066,19773400
2021-04-27,29.953977584838867,30.078623404029056,29.876072090475784,30.000717909665973,19061500
2021-04-28,30.23443031311035,30.335702994385397,30.008508845421773,30.024089943723464,21963300
2021-04-29,30.070838928222656,30.38245504043085,29.844920367252783,30.37466597493182,23569400
2021-04-30,30.109786987304688,30.304546274488313,29.985141162378802,29.992930226278162,28413200
2021-05-03,31.029052734375,31.036841798694528,30.351288238725463,30.41361264044585,46638600
2021-05-04,31.122541427612305,31.29392761663927,30.71744166590866,31.16149269912791,52802200
2021-05-05,31.138111114501953,32.010631758086205,30.32791188813564,31.301708177963295,76627500
2021-05-06,30.831298828125,30.86276808618161,29.86364165093643,30.272733002451485,54944900
2021-05-07,31.13811492919922,31.36625951325774,30.72115482507879,30.72115482507879,33807800
2021-05-10,31.358394622802734,31.68881278941012,31.295456114264223,31.334794182637424,30831900
2021-05-11,30.957176208496094,31.52361091050244,30.862771425186356,31.216793113940323,30568600
2021-05-12,31.224653244018555,31.40559696286715,30.925704317785264,31.027974897303988,26208600
2021-05-13,31.547212600708008,31.688821281796546,31.07518566446226,31.07518566446226,25415000
2021-05-14,31.484275817871094,31.720289276559917,31.40560266425885,31.657353754744076,18041100
2021-05-17,31.555076599121094,31.783224217271936,31.47640345437583,31.523607341222988,18095000
2021-05-18,31.507869720458984,31.743883130137007,31.334794820600877,31.61014329837968,15805500
2021-05-19,31.334794998168945,31.389864694036774,31.020108449432765,31.389864694036774,20209500
2021-05-20,31.562938690185547,31.66521226575433,31.2482551515425,31.25612096455244,18621100
2021-05-21,31.429197311401367,31.940559161878184,31.39772805876716,31.63374145137747,21144800
2021-05-24,31.319067001342773,31.57868090810195,31.29546355449268,31.531480016549725,16922300
2021-05-25,30.941436767578125,31.35839387291849,30.870632447702103,31.326924619401773,25916300
2021-05-26,30.618886947631836,30.917838907857867,30.508747541515337,30.909973093595433,28036500
2021-05-27,30.406476974487305,30.823434155417978,30.36713889992319,30.658225046114172,38471200
2021-05-28,30.469406127929688,30.697553708025524,30.43007106265495,30.485140754254207,16154100
2021-06-01,30.288463592529297,30.681820262562145,30.272728965599196,30.634616381771842,23642400
2021-06-02,30.51661491394043,30.62675431484923,30.31993655486797,30.398606698067514,19629000
2021-06-03,30.658218383789062,30.71328807492316,30.390735740677844,30.49300630931369,17376300
2021-06-04,30.799833297729492,31.07518180953641,30.69755970716962,30.721160150732015,19375300
2021-06-07,30.67396354675293,31.15385630561551,30.65822891515634,30.744767888400546,24110700
2021-06-08,30.563823699951172,30.768370926861675,30.2727404935817,30.736901661017846,18880300
2021-06-09,31.319067001342773,31.342667447118885,30.666093324846514,30.681827955721914,29824000
2021-06-10,32.003509521484375,32.034978785775024,31.382005056577967,31.389873873187742,42613700
2021-06-11,31.5865478515625,31.995636225775442,31.42920455321009,31.98777041134103,21386900
2021-06-14,31.177461624145508,31.52361453681684,30.980783218998873,31.49214527173555,23408300
2021-06-15,31.145978927612305,31.342657247943006,30.988635671133146,31.2403836810706,20206900
2021-06-16,30.91783905029297,31.342665048191233,30.902104420621875,31.16958712288296,19177500
2021-06-17,31.0594539642334,31.145992944295866,30.736901493775143,30.894244821063783,19580100
2021-06-18,30.5323429107666,31.027970107199433,30.445803971400345,30.91783073021436,37775900
2021-06-21,31.012250900268555,31.059454800047718,30.587427806553833,30.587427806553833,19488100
2021-06-22,31.161718368530273,31.22465388020304,30.886366876875705,31.004375087738158,15975900
2021-06-23,30.721162796020508,31.201058530269254,30.66609308891727,31.17745808467471,22025400
2021-06-24,30.831298828125,30.957172859277815,30.74476287007976,30.79196375609105,13436500
2021-06-25,30.66608428955078,31.004371251015854,30.59527997200988,30.776223672153716,22774300
2021-06-28,30.776226043701172,30.847030366698096,30.60315114387683,30.68968709325234,19225700
2021-06-29,30.760498046875,30.90210672339352,30.66609326288731,30.7841014936774,14516600
2021-06-30,30.80769920349121,30.894238164908884,30.540216505051898,30.791964574044933,21248100
2021-07-01,31.122385025024414,31.177454726195464,30.768363373872198,30.815564259976735,20035900
2021-07-02,31.256128311157227,31.334801465114687,30.98077977499104,31.04371529708304,16592700
2021-07-06,30.909971237182617,31.19318855080038,30.7132928806229,31.059445707781524,18931900
2021-07-07,30.957176208496094,30.96504502439838,30.65822722783626,30.854905610358024,17665200
2021-07-08,30.878498077392578,30.933567770183604,30.62675005289842,30.68181974568944,23021200
2021-07-09,31.161718368530273,31.547206255343816,31.04371015766782,31.09877985578404,21578700
2021-07-12,31.279722213745117,31.665213084815132,31.153848194817357,31.201052077317765,24513000
2021-07-13,31.193195343017578,31.31120058200453,31.09878755053896,31.287600134421982,12222000
2021-07-14,31.429197311401367,31.492132815596662,31.20104973141305,31.24825361036436,15888600
2021-07-15,31.539339065551758,31.61800920197827,31.35839535091211,31.429199674125307,20250800
2021-07-16,31.7438907623291,31.7438907623291,31.41347250955199,31.578681635940544,24270400
2021-07-19,31.5865478515625,31.74388814884111,31.21679155059541,31.523609331792017,29818400
2021-07-20,32.29458236694336,32.81381305709103,31.62587722091507,31.6652122881391,48804100
2021-07-21,32.2709846496582,32.44406256133514,31.877627942082274,32.44406256133514,27530200
2021-07-22,32.625003814697266,32.68793932258257,32.176577442123815,32.349652339613364,18913300
2021-07-23,32.79021453857422,32.9082227482352,32.58566737530498,32.6171366313577,21609200
2021-07-26,32.89249038696289,32.99476097457195,32.56206917778556,32.7430129109481,23720000
2021-07-27,33.120628356933594,33.19930148669229,32.71154008648051,32.900349595755316,32544100
2021-07-28,34.182701110839844,34.41084873899354,33.23864434002095,33.31731448714179,53822400
2021-07-29,33.96836471557617,34.37322119184433,33.833410537983546,34.3176527152635,29015000
2021-07-30,33.9842414855957,34.28589806139008,33.88897864541923,34.03980996157124,24763300
2021-08-02,34.89715576171875,35.04004699960995,34.33353089462289,34.37322223220268,43066900
2021-08-03,36.26255798339844,36.40544921500656,34.984476983045084,35.06385965471413,45643300
2021-08-04,35.87357711791992,36.35781930872387,35.730685880362856,36.00059121483121,43391200
2021-08-05,35.77037811279297,35.833883643333735,35.48459565472264,35.72274669369633,23505400
2021-08-06,35.7783203125,35.96884298802398,35.42903227367044,35.7941974544816,20413000
2021-08-09,36.500709533691406,36.54040087007728,35.81007059016168,35.81007059016168,32374300
2021-08-10,38.25509262084961,38.55675222805103,36.429263893955465,36.675355024600684,81189400
2021-08-11,36.76267623901367,38.16777129066704,36.722981876063486,37.92961722598481,50878200
2021-08-12,37.500946044921875,37.627960131115955,36.786489917421,36.91350400361508,29676400
2021-08-13,38.48530578613281,38.50118292598771,37.56445287233216,37.63589848755181,35379200
2021-08-16,38.826656341552734,38.87428776065025,37.71528078864878,38.28684570479993,38045800
2021-08-17,40.02535629272461,40.080927802286155,38.66789248665874,38.72346096796517,68817000
2021-08-18,39.14419174194336,41.16848004649356,39.033051767845464,39.87452197363016,88598000
2021-08-19,38.73933410644531,39.66018702355347,38.310660413587684,38.501183064276006,57741600
2021-08-20,38.67582702636719,39.477602876158016,38.6281956085387,38.88222378044795,35157500
2021-08-23,39.63636779785156,40.77155741732993,39.37439956493144,39.92215022349009,88652400
2021-08-24,38.40591812133789,39.73162733016979,38.294781185059094,39.48553926505372,52624100
2021-08-25,37.71527862548828,38.32653484170137,37.254853713639015,38.13601523274808,51036800
2021-08-26,37.612083435058594,38.231276734019936,37.548574877085784,37.86611161044041,29029300
2021-08-27,36.99288558959961,37.70734169619783,36.93731711778137,37.604141807854845,32924500
2021-08-30,37.11990737915039,37.437444165401864,36.643605228028406,36.6753595123046,25774400
2021-08-31,36.5721549987793,37.42156231258386,36.46101804605792,37.08815145441976,34547800
2021-09-01,36.54834747314453,36.72298999004293,36.05616512375752,36.66742150354043,32900100
2021-09-02,37.18340301513672,37.20721720593356,36.6197782924142,36.89762061255793,26106300
2021-09-03,37.18340301513672,37.334231270607006,36.78648368450044,37.23103442498458,20817200
2021-09-07,37.11196517944336,37.70734429996919,36.945259752477284,37.30248783044374,26236900
2021-09-08,36.92144775390625,37.143724716241174,36.71505096201157,36.92144775390625,15839600
2021-09-09,36.540401458740234,37.08815220575602,36.39751022284524,36.88969249237462,21695300
2021-09-10,36.19110870361328,36.79442482068091,36.12760015010379,36.73091929542592,20801500
2021-09-13,35.38933563232422,36.3816341456363,35.08767603636602,36.31018853154764,37086200
2021-09-14,35.49253463745117,35.92914540398376,35.36552054121887,35.460780356329366,24100200
2021-09-15,35.540164947509766,36.01646703641939,35.30201390305495,35.37345951921688,28674600
2021-09-16,35.30201721191406,35.71481380751277,34.9527261542701,35.62749104310178,22424200
2021-09-17,34.84157943725586,35.29406724592768,34.381154574157456,35.063853300251346,56370500
2021-09-20,35.08767318725586,35.44490122869233,34.444662712670215,34.444662712670215,41873000
2021-09-21,34.86540222167969,35.5084128058621,34.80983374223547,35.12737050613531,23645600
2021-09-22,34.88922119140625,35.23850922655253,34.79396136877639,34.920975475034595,22616700
2021-09-23,35.07973098754883,35.50046755685889,35.04797974109025,35.15117659152568,19719200
2021-09-24,34.88127899169922,35.254384231074894,34.778082118546145,34.98447889310727,16150700
2021-09-27,34.58755111694336,35.0321018688352,34.539919705873224,34.865393444216856,19955900
2021-09-28,34.16682815551758,34.357347802234095,33.68258592537572,34.190642354293345,28512200
2021-09-29,34.55580139160156,34.68281547625366,34.1985763604426,34.309713305981354,18037200
2021-09-30,34.143009185791016,34.9686023547706,34.11125793179567,34.76220557665322,21103300
2021-10-01,34.079505920410156,34.21445708658409,33.103084388060644,33.754032076293655,38483000
2021-10-04,33.67464828491211,34.41291878310798,33.507942824869275,34.079507863022314,28906500
2021-10-05,33.59526062011719,33.96836585677025,33.56350633864566,33.76196605546027,19342600
2021-10-06,33.35710525512695,33.499996475029214,33.09513700922128,33.38885953249513,30483800
2021-10-07,33.928672790527344,34.10331527321349,33.50793615310185,33.75402727958639,19778300
2021-10-08,33.698463439941406,34.063628623731965,33.61114067245774,33.92073737298693,12778600
2021-10-11,33.38886642456055,33.83341428645958,33.3491720555294,33.69846312217028,11984200
2021-10-12,33.22214126586914,33.50792362116109,33.07131303535558,33.4682323003158,16222300
2021-10-13,32.88079833984375,33.269780645205884,32.499756117506735,33.142766571093546,28205700
2021-10-14,33.079261779785156,33.30947576160999,32.960187775163675,32.991942054364635,17590300
2021-10-15,32.936370849609375,33.36504147026842,32.849048103172784,33.26184461380199,23550300
2021-10-18,32.801422119140625,33.10308173997875,32.57914820286779,32.90462202094801,21733000
2021-10-19,33.41267395019531,33.49999669941543,32.9760632323493,33.02369162046603,17159800
2021-10-20,33.97629928588867,34.22239039863925,33.42061153247892,33.436488671519726,22788300
2021-10-21,34.02394104003906,34.206523652097985,33.682590017590265,34.182709450428945,22142300
2021-10-22,34.2620849609375,34.285899157615624,33.8413513355978,33.99217962831743,17183000
2021-10-25,34.25414276123047,34.32558836879155,33.79371483955804,34.29383409248563,22846200
2021-10-26,34.57961654663086,34.738381871761256,34.07155721014839,34.39703400012733,29729100
2021-10-27,34.11125564575195,34.57962067866383,33.88104165724759,34.50023497835811,22317500
2021-10-28,34.27796173095703,34.666941071018066,34.087439074826705,34.09537915913686,18023400
2021-10-29,34.72249984741211,34.793945438737694,34.02392106870126,34.20650357358803,30307500
2021-11-01,34.64313888549805,35.15913552738045,34.484370455053,35.040058447482686,32681500
2021-11-02,36.07997512817383,36.548340155096945,34.174760740765095,35.78625561143537,69248000
2021-11-03,35.579856872558594,36.50864989803958,35.30995154350697,36.13554467098898,44593100
2021-11-04,35.115379333496094,35.61188178256428,34.682945953918505,35.467736304426516,38172500
2021-11-05,38.927223205566406,39.08738519368557,37.27755992115995,38.510803258390915,173959100
2021-11-08,38.703006744384766,39.07137725947373,38.11841490129756,38.92723174403257,57423300
2021-11-09,37.878170013427734,38.743043028889645,37.75805079783774,38.703003290359646,29920400
2021-11-10,39.255558013916016,39.40771023838948,37.95825157859932,37.95825157859932,42696200
2021-11-11,40.18450164794922,40.44075968274004,39.02333070945765,39.4237342706729,42370400
2021-11-12,39.82413101196289,40.43274603149266,39.69600201650971,40.37668673207294,27780600
2021-11-15,39.76007843017578,40.1204392238431,39.53585033841919,39.824141417222656,27763200
2021-11-16,39.72002410888672,40.1684771075241,39.15145189880378,39.61592140326779,31297200
2021-11-17,40.73705291748047,40.91323144230596,39.79210037405788,39.99230213232815,36889800
2021-11-18,41.16948699951172,41.40972848417784,40.52884202212331,40.92123573428286,32872600
2021-11-19,40.68098831176758,42.31463505678601,40.58489234289466,41.60992415710116,47966200
2021-11-22,41.001312255859375,41.21753047681703,40.34465086843351,40.801110538843304,27287900
2021-11-23,40.90522003173828,41.20151774469281,40.28058854017754,40.50481656105096,24946200
2021-11-24,40.75306701660156,41.10542404543156,40.60892151477769,40.985301775632934,18556800
2021-11-26,43.24357986450195,43.996337377216996,42.642974588606094,43.275612879043805,66561300
2021-11-29,41.96228790283203,44.60495038436405,41.73005314033048,44.16450714658142,72660800
2021-11-30,43.02736282348633,43.611951608753124,41.56989422354194,41.89021826840649,64598400
2021-12-01,43.788124084472656,44.18051777759844,41.52984873944766,42.0183414656474,59810400
2021-12-02,42.47480010986328,44.1084469728971,42.258581873152686,43.09942853491433,46361700
2021-12-03,43.459800720214844,43.5719132229558,42.52285484546889,43.01134765441443,37574800
2021-12-06,41.22554016113281,43.155484729533555,41.04135493483485,43.06739547894845,53724000
2021-12-07,41.4177360534668,42.04236449121735,40.360671133503075,41.04135581285503,41575400
2021-12-08,41.16149139404297,42.506847737440474,40.86519052989726,42.24257989452733,37429200
2021-12-09,41.706031799316406,42.32265052727401,41.24956897946201,41.24956897946201,38325700
2021-12-10,42.26658630371094,42.322642541129454,40.929240275532294,41.001313017189794,26079400
2021-12-13,44.20455551147461,44.62898232554401,42.795133209735305,42.795133209735305,54923200
2021-12-14,44.47682571411133,44.80515649292956,43.499840104284914,43.86020389928946,48685700
2021-12-15,47.087459564208984,47.18355556635503,44.75711089201873,44.93328944165051,75202900
2021-12-16,49.049434661865234,49.19358018362581,46.24660982404436,46.735102641695576,75183600
2021-12-17,47.631996154785156,49.001375281266995,47.007367722671205,47.992359886710915,104192100
2021-12-20,48.86524963378906,49.417805433332916,47.91229028403864,48.528909063100485,55712200
2021-12-21,47.20756912231445,48.08044879798319,45.77412398482282,48.056422512800886,63877900
2021-12-22,47.68805694580078,48.520896971304715,46.62298520853059,47.447815453207504,62594900
2021-12-23,47.015377044677734,48.11248480634066,46.69505608570182,47.90427328091193,39203200
2021-12-27,47.40776443481445,47.55190990704408,46.630980840558756,47.12748021444103,27362600
2021-12-28,46.45480728149414,47.60797118144166,45.71005966922592,47.28764719704826,36901700
2021-12-29,46.110469818115234,46.47083053434179,45.70205652596514,45.89425155547748,26170200
2021-12-30,46.76712417602539,47.03939864418442,46.07041997363157,46.2465984691568,24559000
2021-12-31,47.28765869140625,47.88826401700794,46.799165871143,46.87123863240867,28579600
2022-01-03,45.36571502685547,46.887246401885854,45.1174637721361,46.84720666527591,57219200
2022-01-04,43.66801071166992,45.18954544193971,43.19553439478292,45.021376682074,66993100
2022-01-05,44.548892974853516,45.197544670968036,44.34068145017671,44.71706170682127,52956400
2022-01-06,43.916259765625,44.54889808300005,43.635978513540636,44.172517783198295,37000400
2022-01-07,44.62096405029297,44.66100378666311,43.74808435614525,44.33267306069026,27703400
2022-01-10,45.03738784790039,45.05340129993737,43.83617732592922,44.61295805284854,34044700
2022-01-11,45.39775085449219,45.99034941940226,44.69304284547692,45.445800377539975,33576600
2022-01-12,45.36571502685547,45.77412522801461,44.76510981319809,45.1174637721361,27608500
2022-01-13,44.47682571411133,45.445801542472886,44.220567694294,45.26962300828476,28117900
2022-01-14,44.00435256958008,44.34869988115908,43.65199547596244,44.02837580602245,27072500
2022-01-18,43.331668853759766,43.68402284698843,42.787119829328674,43.64398310648187,35598000
2022-01-19,42.87521743774414,43.63598487481079,42.803144668867574,42.9633067169085,27300400
2022-01-20,43.28361892700195,43.65999920487975,42.49882841204282,43.21154617283038,35105300
2022-01-21,42.274600982666016,43.94027790369792,42.01033321434926,43.57991415364606,41059000
2022-01-24,41.273597717285156,41.69001776628201,39.89620855943683,41.441766471254105,59036400
2022-01-25,42.074405670166016,42.314647188644855,41.033357053533294,41.1294530499575,43983200
2022-01-26,42.450782775878906,42.939275592764524,42.01033948445039,42.098428753703416,39644800
2022-01-27,43.06401824951172,44.04036428613652,42.76546773285683,42.78160601457635,36957200
2022-01-28,43.83864212036133,44.11298368628598,42.84615776265543,43.38677944848151,28590400
2022-01-31,42.51532745361328,43.68532667265123,42.27325939265497,43.57236178274151,38644600
2022-02-01,42.82195281982422,42.894573553007895,42.273263519783704,42.555678850192535,27883300
2022-02-02,43.45940017700195,43.677262371746714,42.32167743426553,42.636366245098195,32039300
2022-02-03,43.07209396362305,43.48360942234958,42.83809346843401,43.03174979364012,22635800
2022-02-04,42.76546859741211,43.11243396623989,42.466918074721654,42.78160687945788,24932200
2022-02-07,42.93491744995117,43.233471061191324,42.15223075064466,43.00753818267679,32358500
2022-02-08,41.71649932861328,41.79718765002478,40.09463759690753,40.861188962565436,67922000
2022-02-09,41.530914306640625,41.73263819104737,41.070984096438224,41.66808507056736,38522200
2022-02-10,40.828922271728516,41.45023234657579,40.65947490896914,41.18395835910576,34200600
2022-02-11,40.974159240722656,41.34533357106681,40.40933476032135,40.61105866848255,34997800
2022-02-14,40.18340301513672,40.7482305894144,39.1183009964703,40.19954129760895,42973100
2022-02-15,40.17533493041992,40.37705884180617,39.707333978533775,40.18340253252782,29150000
2022-02-16,40.08658218383789,40.974166301472394,39.88485824091522,40.013961441263206,27672600
2022-02-17,39.45719528198242,40.312502630914175,39.33615971317846,40.19147014017259,21231700
2022-02-18,39.15863800048828,39.95746590739306,38.89236408356141,39.36036187739673,26955300
2022-02-22,38.35175323486328,38.981134000184205,38.206511756563295,38.359823915914916,34814800
2022-02-23,37.81919860839844,38.860094745397404,37.746577876094726,38.40016446682812,25793000
2022-02-24,37.084922790527344,37.73043868543289,36.633063203124756,37.00423445793762,44227300
2022-02-25,38.50505828857422,38.755193949882404,36.90740540016474,36.963887844851264,31199200
2022-02-28,37.87568283081055,38.06126847136951,37.3915466448361,37.778856209228216,35296100
2022-03-01,36.91547775268555,38.03706226732628,36.665338981122126,37.67395859185124,29854500
2022-03-02,38.48891830444336,38.67450391135328,37.117195255476354,37.20595425835984,36516200
2022-03-03,38.59382629394531,39.20706572698038,38.3114109266022,38.47279069678925,30553300
2022-03-04,39.2554817199707,39.352308353665926,38.25492957824275,38.32755032302997,33217300
2022-03-07,38.7148551940918,39.40878598638541,38.34368391200171,38.93271740176976,33171300
2022-03-08,38.27912902832031,39.069886406290365,37.496442330670845,38.39209700636975,32913300
2022-03-09,39.33616256713867,39.71540450404804,38.730990835336534,38.83588813070644,24718900
2022-03-10,39.69926071166992,39.7718814325291,38.77132962047623,38.98112418209704,24542300
2022-03-11,40.56264877319336,41.07099394566189,39.48947597332234,39.65085573516062,33701900
2022-03-14,42.16029357910156,42.692844532767715,40.65946732475266,40.9257443406169,42314500
2022-03-15,42.12802505493164,42.70092028082982,41.2969234433311,42.45885217899172,30172100
2022-03-16,42.700923919677734,42.98333929427456,42.10382275613141,42.3943057343164,29891400
2022-03-17,43.76602554321289,43.774093146127164,42.596026124616266,42.700920352816425,30598600
2022-03-18,43.98387908935547,44.37925929927837,43.33836320606938,43.87898487448947,51815000
2022-03-21,43.72566604614258,44.621320543821874,43.49166869042027,43.766013283600756,34592500
2022-03-22,42.79774475097656,43.830570167498614,42.36202037410787,43.7337435542153,32253600
2022-03-23,42.111881256103516,43.16891562531179,42.08767537250858,42.78160609748023,29183700
2022-03-24,42.43464660644531,42.64443814210834,42.19257850281476,42.394302435517375,25177500
2022-03-25,42.58794403076172,42.96718590542326,42.37008187370479,42.55567054969047,17429600
2022-03-28,42.991397857666016,43.21733072544713,42.36202025598567,42.38622613972336,21863700
2022-03-29,42.55567932128906,43.6369196506251,42.45884962393045,43.57236651905269,39970000
2022-03-30,42.313602447509766,43.34643086689236,41.93436362390378,42.92684480246542,27599600
2022-03-31,41.772987365722656,42.668642012471004,41.748781481668665,41.95857299228255,26055200
2022-04-01,41.61161804199219,42.087686708648945,41.23237601385753,42.055410136453794,19073100
2022-04-04,41.103267669677734,41.85368095014609,40.643337346560095,41.78106021080841,20462800
2022-04-05,41.3453369140625,42.07961187601689,40.94995666775038,40.99837151772619,21176700
2022-04-06,42.66057205200195,42.83809007955905,41.28078123252439,41.28078123252439,31717500
2022-04-07,44.50836181640625,44.71008571932289,42.36201961249564,42.36201961249564,36305700
2022-04-08,44.51643371582031,44.84726390348215,43.94353851496437,44.2582273414046,24612200
2022-04-11,43.51588439941406,45.444364587919274,43.39484881582524,44.75043380854391,22054300
2022-04-12,42.85422134399414,43.51587542081891,42.48305014539725,43.007530383920134,22810700
2022-04-13,42.846153259277344,43.42711905090816,42.52339688019757,42.8703622193035,15777800
2022-04-14,42.862300872802734,43.49974924652244,42.79775081415654,43.08823377322187,17240100
2022-04-18,41.82947540283203,42.85423336489309,41.66002803568869,42.628303542035304,17065000
2022-04-19,40.490028381347656,41.8617517516369,39.836441725428465,41.68423370428683,33441500
2022-04-20,40.14305114746094,40.47387817952356,39.707326838482246,40.344775022573806,24751800
2022-04-21,39.62664794921875,40.352852225595406,39.47333579769109,40.288302170791226,19105600
2022-04-22,38.83588409423828,39.61857069293672,38.650298485142265,39.49753820599355,22156800
2022-04-25,39.49753952026367,39.69119273704141,38.020919121537105,38.6099525295015,27390600
2022-04-26,39.562095642089844,40.54650939241822,39.473336621576586,39.529822153045544,25366500
2022-04-27,40.13499069213867,40.272161474166495,38.90043826357519,39.62664557449488,25819200
2022-04-28,40.75630187988281,40.966096492944715,39.93327094575667,40.6998194251499,28225400
2022-04-29,39.594364166259766,40.619121878278165,39.537881724327136,40.23987998696286,28343300
2022-05-02,39.005332946777344,39.34422761713393,38.29526396566426,38.47278198045813,36228400
2022-05-03,39.771888732910156,40.37706049179901,38.48892448094329,39.43299094733978,33716900
2022-05-04,40.07044219970703,40.23988956584092,38.658374659132086,39.4491321124865,28613700
2022-05-05,39.09409713745117,39.98168117297573,38.36788977888539,39.90906043711916,28333000
2022-05-06,39.570167541503906,39.715409019896136,38.76327180735283,38.803615978447795,19891400
2022-05-09,39.247406005859375,39.67505973806935,38.54540761497098,39.03761448007602,25012300
2022-05-10,39.93326950073242,40.264096614223725,39.287750479035694,39.570165820543714,27335900
2022-05-11,39.9010009765625,40.53844944603888,39.56210311405649,39.59437968725962,29699500
2022-05-12,40.99104690551758,41.02358668373758,39.63254374805518,39.860315989267065,33468400
2022-05-13,40.60871887207031,41.31644519918899,40.41348637733482,40.982920176115016,22423700
2022-05-16,41.21881866455078,41.52794034769655,40.5680386235839,40.5680386235839,19435600
2022-05-17,41.763851165771484,41.91027707018932,40.82021928350327,41.44659607392089,19918200
2022-05-18,40.99918746948242,41.82893017426884,40.80395188395574,41.666237473355025,22276000
2022-05-19,41.20255661010742,41.39778909323413,40.34027101733208,40.67379602057421,19865500
2022-05-20,42.68307876586914,42.87017783865348,41.59302100469992,41.70690712698917,31250400
2022-05-23,43.01660919189453,43.683659223990595,42.691217569970576,42.77256702703381,24035800
2022-05-24,43.4477424621582,43.61043824319648,42.878308780106224,42.878308780106224,26729800
2022-05-25,43.69179153442383,43.968373475249756,43.15489754378107,43.276920174767135,24003900
2022-05-26,43.91956329345703,44.67609299259491,43.83008045184821,43.97650635572371,23516300
2022-05-27,43.85447692871094,44.26121479787099,43.53722188727228,43.86261032070212,21407500
2022-05-31,43.146759033203125,43.520957172544136,42.251933752803794,43.37453127399087,66058200
2022-06-01,42.60172653198242,43.34198938159637,42.17058535347567,43.31758610074924,17430600
2022-06-02,42.853904724121094,42.90271438849911,41.519804929427174,42.60172611291379,21903400
2022-06-03,43.276912689208984,43.54535808651546,42.67493923865247,42.67493923865247,18125000
2022-06-06,43.325721740722656,43.699922984384806,43.11421938836062,43.26877868034965,16544400
2022-06-07,43.89516067504883,43.90329717216483,43.12235791674326,43.34199679140891,15091200
2022-06-08,43.49655532836914,44.38324414195781,43.447745659516535,43.97650621101189,12789800
2022-06-09,42.12178039550781,43.64298253701922,42.05670393825554,43.33386083136928,17572700
2022-06-10,40.64938735961914,41.78825163566852,40.63311747098307,41.73944507292427,23826000
2022-06-13,38.9736328125,40.08809400003595,38.81093700114856,39.71389580614279,26989000
2022-06-14,38.98175811767578,39.42917228184202,38.41232755085302,38.84346872377993,23290300
2022-06-15,39.46171188354492,39.84404652378481,38.37979062312126,38.94922433536933,25748000
2022-06-16,38.62383270263672,39.046840513917175,38.2821743376587,38.79466188512573,20424500
2022-06-17,37.851036071777344,39.0712500326023,37.64766707830652,38.542492511476894,45047700
2022-06-21,39.136329650878906,39.404775108963584,38.19269764407487,38.493682885916655,19622100
2022-06-22,39.91725540161133,40.332129778091634,38.85973753141825,39.071239864191355,20382900
2022-06-23,40.747013092041016,40.81208955859967,39.84405423270007,40.04742323333849,20061700
2022-06-24,41.967220306396484,42.00789347931111,40.917835688112596,41.20255410484333,24343200
2022-06-27,42.2031364440918,42.487851807515995,41.69877908150503,41.8777447974658,16154300
2022-06-28,41.21068572998047,42.27634019234022,41.00731677096889,42.16245407179998,16417900
2022-06-29,41.4384651184082,41.845203106585934,41.21069283804134,41.26763590813306,13925700
2022-06-30,42.65053939819336,43.02473754736822,41.56048162651921,42.048565899080835,33495700
2022-07-01,42.55293273925781,42.60173931559759,41.690647020332094,42.33329383623433,16143300
2022-07-05,42.007896423339844,42.211265405329804,40.9991880104417,42.097379271921724,18406800
2022-07-06,42.91085433959961,43.08168353628692,41.95908901248661,42.007895581160504,21305500
2022-07-07,43.45588302612305,43.55350237275405,42.943395420550175,43.07355144622709,17847600
2022-07-08,43.25251388549805,43.86262083549358,42.91898887696039,43.154897642384796,11322700
2022-07-11,43.02473831176758,43.71619466387279,42.910852186357445,43.114221154065305,12921400
2022-07-12,42.333290100097656,42.935260578369906,42.06484154126158,42.86204761715684,14633500
2022-07-13,42.129913330078125,42.55292112752762,41.90213799104288,42.18685638904594,12927300
2022-07-14,41.80452346801758,41.96721925877892,41.1862831869214,41.28389942011256,14023800
2022-07-15,42.09737014770508,42.22752614384196,41.02358240378483,41.51980310879537,19885700
2022-07-18,41.283897399902344,42.276338882134134,41.09679833578985,42.26820238625397,15742900
2022-07-19,41.78825378417969,41.9021399073236,41.170013500042415,41.51980836579249,13402100
2022-07-20,41.34083938598633,41.86146339490933,41.08866077403005,41.80452033788112,12774400
2022-07-21,41.58488464355469,41.60115453295803,40.820218460582375,41.13747354603723,15103800
2022-07-22,41.67436981201172,41.918411960368076,41.446597553967685,41.69877309589807,10932100
2022-07-25,42.113643646240234,42.203126483100434,41.76384879478526,41.76384879478526,12995800
2022-07-26,42.54479217529297,42.99220333358471,42.06484123377449,42.17059397767911,16632500
2022-07-27,42.26007080078125,42.50411293383553,41.641827420335396,42.25193430455313,19203500
2022-07-28,41.57965087890625,42.899510139199776,40.25159198686003,41.68622107374547,38984900
2022-07-29,41.407493591308594,41.57145182898174,40.39915465139716,41.448485496159336,25037900
2022-08-01,41.48946762084961,42.055120166513035,41.112365923740654,41.25172837070766,19709900
2022-08-02,40.73526382446289,42.194488563414794,40.686078546827844,41.727209662423896,17802000
2022-08-03,40.87462615966797,41.0467808721954,40.448336066331436,40.81724125549216,16500100
2022-08-04,40.87462615966797,41.03038473853906,40.34176276118662,40.90741842698064,17026300
2022-08-05,40.39095687866211,40.96480912887988,40.218802141769736,40.694277576126275,16376600
2022-08-08,40.63689041137695,40.83364090495059,40.120423102083784,40.48932832300748,16071800
2022-08-09,40.80904769897461,41.0795792537054,40.59590418420388,40.78445505845116,12095600
2022-08-10,40.94841766357422,41.03039522556595,40.4811386802856,40.932021525727166,17355100
2022-08-11,39.58756637573242,40.27618847483671,39.19406848013615,39.53018146141067,44048800
2022-08-12,41.07957458496094,41.309114209740905,39.80070425995217,39.80070425995217,25835500
2022-08-15,40.784446716308594,41.04677858571148,40.489322581419714,40.964801049239036,15797800
2022-08-16,40.87462615966797,41.136958043683876,40.46473219998777,40.48112833364411,12874800
2022-08-17,40.39095687866211,40.874631944628675,40.37456074268524,40.7024772077363,13607200
2022-08-18,39.82530975341797,40.595909487165656,39.661351498276616,40.489336152237236,18916300
2022-08-19,40.29258728027344,40.538523090405874,39.94827464429323,40.0384518376986,15350200
2022-08-22,40.08763122558594,40.4975251926073,39.956465281228816,40.341763483703794,13601200
2022-08-23,39.35802459716797,39.77611827190497,39.15307757585389,39.69413758703332,16248900
2022-08-24,38.88254928588867,39.35802475102955,38.84156050691429,39.267850688183266,15551500
2022-08-25,39.267845153808594,39.30883392700605,38.7513778552404,38.95632484847063,14460000
2022-08-26,38.382476806640625,39.31703469681512,38.28410311484417,39.03830663068911,16546700
2022-08-29,37.898799896240234,38.27590163596566,37.808622713426956,38.02176935048437,13400500
2022-08-30,37.587284088134766,37.9971781485386,37.54629530754308,37.98898164331767,16303000
2022-08-31,37.07900619506836,37.94798249143856,36.99702865628968,37.718439753821485,26416800
2022-09-01,38.22671890258789,38.24311503939557,37.00523329198427,37.00523329198427,19947600
2022-09-02,37.464317321777344,38.3660829935487,37.32495171665285,38.316897708293496,14667700
2022-09-06,37.51349639892578,38.070952472683466,37.32494553974935,37.67745461954444,17153500
2022-09-07,37.81682205200195,37.88240346711258,37.20198104002969,37.46431295495841,15378900
2022-09-08,38.595619201660156,38.62840834381753,37.60367337937978,37.72664282600948,18271000
2022-09-09,39.218658447265625,39.341627899423855,38.61201394505772,38.69399462224423,17501700
2022-09-12,39.153076171875,39.636751249921986,39.09569125814428,39.415411226813916,13744800
2022-09-13,37.86600875854492,38.79237012712211,37.726646291655875,38.636611524026726,16603200
2022-09-14,37.83321762084961,38.04636112582014,37.52989380787204,37.87420639558513,17162500
2022-09-15,37.66106414794922,37.94799185898867,37.46431675541577,37.80042975096688,15802000
2022-09-16,37.734840393066406,38.2185154350002,37.41512357551141,37.78402879855295,30629500
2022-09-19,37.25117111206055,37.61187988692645,36.710111077005195,37.44792163719136,16256200
2022-09-20,36.701908111572266,37.11180210013942,36.43137657804132,36.890458971044005,15369000
2022-09-21,36.005088806152344,36.87406524447497,35.98869579751283,36.734702780337,17505200
2022-09-22,36.53794860839844,36.89045767637433,35.67717188806494,35.800138203973816,18508100
2022-09-23,36.13625717163086,36.52975504322798,35.72636316447848,36.431378229896374,18871700
2022-09-26,35.93130874633789,36.34120273727174,35.80013966708581,35.91491261143138,18680200
2022-09-27,36.14445495605469,36.54615247327946,35.85753039178214,36.251028277317296,21562700
2022-09-28,36.423179626464844,36.734699929574035,36.25102490392145,36.619926987302186,16532600
2022-09-29,36.201839447021484,36.578941192025944,36.0296847104642,36.40678645546867,13559900
2022-09-30,35.87392044067383,36.57074209636515,35.84932780212055,36.21003338562138,22962300
2022-10-03,36.18544387817383,36.30021370434401,35.652583524206065,36.128058965088734,22834300
2022-10-04,36.44776916503906,36.75928944165484,36.144448518652524,36.27561445713665,28198800
2022-10-05,36.16905212402344,36.37399916051285,35.808346465609766,36.16905212402344,15673400
2022-10-06,35.324668884277344,35.890321539946626,35.28368010527117,35.87392540289548,22068200
2022-10-07,34.69343185424805,35.29187678701835,34.36551536606876,35.29187678701835,20095000
2022-10-10,34.22614669799805,34.93936133440019,34.22614669799805,34.71801821401825,17888000
2022-10-11,34.36551284790039,34.898376320334755,33.98021459885277,34.152369335272546,20981200
2022-10-12,34.455692291259766,35.36565756806637,34.36551510134295,34.504880702280765,18803600
2022-10-13,35.23448944091797,35.38205153769849,34.185161754694896,34.23434703545961,23135200
2022-10-14,35.13611602783203,35.56240618551573,34.72622200627961,35.16070866840735,16980500
2022-10-17,35.783748626708984,35.91491458592922,35.406643757613054,35.406643757613054,16678400
2022-10-18,36.14445495605469,36.365798103026314,35.75915357496595,36.111662683782626,18442800
2022-10-19,35.341060638427734,36.12805635582136,35.037739958707,35.99689040292242,23054700
2022-10-20,35.177101135253906,35.58699511405073,35.10332009398076,35.47222530034648,17715000
2022-10-21,36.84947204589844,37.02162677919312,35.24268828066189,35.50502019632324,36575700
2022-10-24,37.33314895629883,37.60367738959436,36.88226614931076,36.956047199708316,24972000
2022-10-25,37.3741340637207,37.562684923500576,36.800281853340294,37.11180216078845,23127000
2022-10-26,37.75944137573242,38.243116484483814,37.398732606820126,37.64466841374177,21407900
2022-10-27,37.497100830078125,37.80042148479589,37.44791242907954,37.554485734288434,20377700
2022-10-28,38.88254928588867,38.95633033893991,37.65286715319705,37.693855932171424,27854000
2022-10-31,38.161128997802734,38.84975101083082,38.152932494171296,38.595618744098545,29961700
2022-11-01,39.35802459716797,39.69413758703332,38.85795649204606,39.34982809230249,30614500
2022-11-02,38.58741760253906,39.4891830743526,38.489043926598605,39.16126977880349,25813100
2022-11-03,38.50473403930664,38.69490091199306,38.16574036990119,38.3311038278163,20124600
2022-11-04,39.042171478271484,39.306751796682065,38.537814260661875,39.24887504915763,24528500
2022-11-07,38.9346809387207,39.39769802777741,38.653563983587325,38.99255768059706,20304400
2022-11-08,39.149654388427734,39.480381357755135,38.653567088482774,38.89334398354283,18054500
2022-11-09,38.628761291503906,39.273675372537184,38.612224628651006,38.99255841212982,15348100
2022-11-10,39.17446517944336,39.48038560888178,38.73625142479212,39.29848544076065,20480600
2022-11-11,39.356353759765625,39.439037070305254,38.28976586319368,38.91814325306588,20909800
2022-11-14,40.71233367919922,41.191884287856965,39.629205912918984,39.67881590169569,26143000
2022-11-15,40.158363342285156,40.952104175819116,39.835906325789836,40.79501062148813,25440500
2022-11-16,39.728424072265625,40.56350823083331,39.728424072265625,40.34853475961851,15822200
2022-11-17,39.959938049316406,40.10049497135623,39.298484062634266,39.52172431003253,13231100
2022-11-18,39.87725067138672,40.373341110982565,39.579597038438415,40.21624438578983,20666500
2022-11-21,39.83591079711914,39.91859096045878,39.455576999283096,39.76976414321058,14736000
2022-11-22,40.580047607421875,40.7206045253438,39.8855234649902,39.96820363388001,16358600
2022-11-23,40.389869689941406,40.69579319426425,40.11702266240923,40.480819750467354,10710800
2022-11-25,40.68752670288086,40.69579661128432,40.38160632691709,40.456019732318644,6760200
2022-11-28,40.98518371582031,41.125743783896574,40.56350981968388,40.66272665041372,20704000
2022-11-29,40.919036865234375,41.06786052212885,40.59657667216623,40.92730361959954,17160900
2022-11-30,41.44820022583008,41.44820022583008,40.546972545637914,41.043059845871014,35572700
2022-12-01,42.233673095703125,42.29981659511643,41.572219177293846,41.597025749364114,23592600
2022-12-02,42.09311294555664,42.44037656739543,41.73758256907584,41.803729222396,16881600
2022-12-05,41.94429397583008,42.192337664088264,41.63010362187818,42.09312081959431,17959800
2022-12-06,41.10093307495117,42.0435007571554,40.66272255877977,41.89467394901306,21787100
2022-12-07,41.53915023803711,42.29155109622506,41.13400985868385,41.13400985868385,15929900
2022-12-08,42.81244659423828,42.886860012874415,41.35725470696624,41.48954487853642,26116800
2022-12-09,42.76283264160156,43.68886368863466,42.6884192353371,42.78763605900773,19933500
2022-12-12,43.12662887573242,43.4821592367757,42.78763517730115,43.09355555050842,18532200
2022-12-13,43.87903594970703,44.681046853781766,43.72194236350579,43.90383937014766,29461800
2022-12-14,45.04484176635742,45.4169088245745,43.73847683911834,43.93691050080333,36260300
2022-12-15,44.32551193237305,45.003499357175556,44.15188169886056,44.705845725984986,21627100
2022-12-16,42.498260498046875,43.93691575651592,42.498260498046875,43.829429003718765,65689500
2022-12-19,42.465179443359375,42.83724647842131,41.9194821766172,42.59746959426517,16081900
2022-12-20,42.432106018066406,42.589199586260946,42.035235566275475,42.34115594814736,12433800
2022-12-21,42.71323013305664,43.126637317137344,42.33289628067355,42.67189004545787,12925000
2022-12-22,42.69668960571289,42.74629959877259,42.12618887873443,42.50652269672007,14822300
2022-12-23,42.85377883911133,42.95299565381802,42.36595836523872,42.63053864048702,10666500
2022-12-27,42.275020599365234,42.93647147986015,42.20887393429245,42.87859472494476,12033800
2022-12-28,42.00216293334961,42.48998346311093,41.96082285198937,42.20886649419685,10053900
2022-12-29,42.44038009643555,42.72149393428358,42.159263104541225,42.18406652457575,8971300
2022-12-30,42.36595916748047,42.49824930760966,41.960818839184086,42.40729924488726,11396200
2023-01-03,42.38249588012695,42.44037577772817,42.018698755773144,42.17579232341652,15603800
2023-01-04,41.44820022583008,41.86160736070637,40.94384301663362,41.58049038282865,21808400
2023-01-05,41.05959701538086,41.33244724170138,40.44775306044908,41.11747376265258,20057400
2023-01-06,42.101375579833984,42.66360946184672,40.976910969854245,41.32417140366143,29635900
2023-01-09,40.00954055786133,41.55568230309983,39.943397058783596,41.382052069719,30839100
2023-01-10,39.372894287109375,40.07568830248341,39.174460630425635,39.97646832009543,29212000
2023-01-11,39.232337951660156,39.47211484821072,38.74451740359521,39.43904152026317,23022200
2023-01-12,39.447303771972656,39.45557368003854,38.51300601945854,39.0835066682186,23345300
2023-01-13,39.56306076049805,39.81937431448872,39.265410278695875,39.273677033448955,18737500
2023-01-17,38.09960174560547,38.64529901859506,37.793678205471075,38.47993553955815,29391400
2023-01-18,37.206642150878906,37.90943301877705,37.18183873207308,37.66138936858042,33835000
2023-01-19,37.17356491088867,37.4298784430764,36.908984624651055,36.975131273233366,26614900
2023-01-20,37.29759216308594,37.562172476727675,36.98340185786908,37.43814907481293,25197600
2023-01-23,37.190101623535156,37.471218572300074,37.05781148023671,37.23971161003925,19398600
2023-01-24,36.96686553955078,37.16530235365999,36.50385156337288,37.14049578061749,18853100
2023-01-25,37.264522552490234,37.297595883506034,36.867652042439964,37.231449221474435,20828000
2023-01-26,36.92241668701172,36.964136295255386,36.38839806228781,36.88069707876805,38465500
2023-01-27,36.53859329223633,36.997515375219656,36.53024746030809,36.89738767309656,23798600
2023-01-30,36.33833312988281,36.83063215323562,36.21317430340458,36.53859170845096,24402200
2023-01-31,36.847312927246094,36.94744060408875,35.62908277948921,35.879403563096574,49722500
2023-02-01,36.68878936767578,36.864013656138944,36.22152141543817,36.6387239211138,24482300
2023-02-02,36.99751281738281,37.097640512583546,36.29661258497359,36.40508611152557,35279200
2023-02-03,36.76387405395508,37.03922596347122,36.61368094585483,37.01419483978834,23742000
2023-02-06,36.51355743408203,36.9641368490694,36.48852630536122,36.87235179975692,18071200
2023-02-07,36.37171173095703,36.63037841015116,36.08801392193846,36.56362448661631,22999500
2023-02-08,36.697120666503906,36.79724834565492,36.32163789093568,36.33832636796111,19362300
2023-02-09,36.163108825683594,36.98917108479659,36.07966960811757,36.813943635104536,20809200
2023-02-10,36.613677978515625,36.69711717269726,36.09634478898558,36.296603311223215,18619600
2023-02-13,36.705467224121094,36.72215251847573,36.304950133574614,36.44680059960182,17878000
2023-02-14,36.48017883300781,36.8806927545914,36.36336267042115,36.788907717415675,17506900
2023-02-15,36.14641189575195,36.38839002633003,35.97118767002357,36.22985109381269,18994700
2023-02-16,35.837684631347656,36.02959734179241,35.687491521781936,36.00456621786529,17832000
2023-02-17,36.054630279541016,36.188134918871114,35.52895755261718,35.78762100088081,18293400
2023-02-21,35.62908935546875,35.82100209775534,35.56233543658539,35.720874402432344,17356600
2023-02-22,35.36207580566406,35.7876208470111,35.30366772514587,35.645773560895975,17394200
2023-02-23,35.295318603515625,35.6708013596916,35.22856788186288,35.28697595693455,21104300
2023-02-24,34.83639907836914,35.08671987227207,34.63614053344584,35.070031394945,16806100
2023-02-27,34.02702713012695,34.819712336154794,33.98530752623112,34.57773417735651,26370300
2023-02-28,33.851802825927734,33.9686189898365,33.451288899811225,33.79339474397335,31086900
2023-03-01,33.52638626098633,34.010339406315204,33.493009303928666,33.84346098703051,21104400
2023-03-02,33.893524169921875,34.02702881881514,33.217658277463045,33.426259490296395,19110600
2023-03-03,34.33576202392578,34.360793151720465,33.99365615105638,34.13550345256227,20922000
2023-03-06,34.3023796081543,34.42753841021988,34.060401467958734,34.28569113127858,19434800
2023-03-07,33.659889221191406,34.31906976657334,33.45963067187223,34.26066168614726,23205800
2023-03-08,33.476314544677734,33.85179728362501,33.30109032750274,33.64319611565444,16756100
2023-03-09,32.92561340332031,33.851803261957855,32.80045459023527,33.7182986181994,18585100
2023-03-10,32.86720657348633,33.317785956972514,32.73370192463878,32.78376736158233,26328100
2023-03-13,33.259368896484375,33.80172999349967,32.75872421116136,32.75872421116136,35299400
2023-03-14,33.29275131225586,33.50135250297676,32.97567661111965,33.417910116887455,24583600
2023-03-15,33.609825134277344,33.81842633929744,32.92561343645157,33.17593424587533,25498400
2023-03-16,33.68491744995117,33.78504830750218,33.142556295056075,33.42625402544785,21095900
2023-03-17,33.45963668823242,34.03537813167278,33.36785481891795,33.90187346912181,57457800
2023-03-20,34.052059173583984,34.09377877470446,33.326124745481245,33.49300633296469,20825400
2023-03-21,33.92689895629883,34.13550015578001,33.63485855022586,34.09378055248411,19982000
2023-03-22,33.38452911376953,34.08542915691071,33.367843821576734,33.96027036745765,15444200
2023-03-23,33.52638626098633,33.793395551444014,33.376193137228654,33.518040430221006,16958100
2023-03-24,33.70160675048828,33.7600148273209,33.26771590615921,33.451285966491135,17218100
2023-03-27,33.559757232666016,33.893517194711166,33.35115606276232,33.82676647550264,20262800
2023-03-28,33.36784744262695,33.6265108787006,33.259373933595235,33.54307167667714,13537500
2023-03-29,33.58479309082031,33.601481568726264,33.36784924404632,33.509696531744375,14429500
2023-03-30,33.693275451660156,33.78506051273962,33.58480190829328,33.726649233232436,12634500
2023-03-31,34.04372024536133,34.06875455751013,33.60982930314077,33.835119014466954,23393600
2023-04-03,34.50263977050781,34.60277064570924,33.91855891350922,33.95193268890775,20817200
2023-04-04,34.12716293334961,34.65283574784459,34.01034356934852,34.57773917677356,19514500
2023-04-05,34.669517517089844,35.22857036750873,34.35244281361348,34.45257367765965,29697600
2023-04-06,34.62779998779297,35.12844160598203,34.519326470084685,34.986594314595784,25931800
2023-04-10,34.8197135925293,34.82805942341065,34.31072613083015,34.33576044047234,15137300
2023-04-11,34.86977767944336,35.03665927759204,34.79468111942654,34.87812032700001,15304100
2023-04-12,34.51932144165039,34.869773069733824,34.43588224510741,34.73626844546426,17035100
2023-04-13,34.60276412963867,34.79467682979927,34.46091367464958,34.65282637481018,22880900
2023-04-14,34.36913299560547,34.803023878987695,34.152189145415235,34.636142280301954,20627500
2023-04-17,34.36079025268555,34.444229460296036,34.177220176340384,34.310724818318214,17608600
2023-04-18,33.83510971069336,34.485947536561845,33.81842123485045,34.4442247554539,18541500
2023-04-19,33.57645034790039,33.84345962763306,33.54307339218339,33.73498611305364,17214300
2023-04-20,33.251033782958984,33.53473157449724,33.20097152639475,33.44294970979546,20131600
2023-04-21,33.55141830444336,33.62651486837505,33.30109748567172,33.451290613535086,19227100
2023-04-24,33.301090240478516,33.54306835861233,33.13420866993791,33.53472252943463,17633700
2023-04-25,32.817138671875,33.309434393589584,32.77541589010138,33.16758712116362,24492400
2023-04-26,32.233062744140625,32.70032745922282,32.04114999573156,32.67529633034403,22401400
2023-04-27,32.32484817504883,32.39994474557252,31.96605380288034,32.224717292349126,22434000
2023-04-28,32.45000076293945,32.466689240179775,32.22471109469746,32.29146500365875,21015300
2023-05-01,32.717010498046875,32.975677124447984,32.42497009969209,32.541786259034,23917800
2023-05-02,32.591854095458984,33.47632118600173,32.23305976072876,32.78376682610509,38834100
2023-05-03,32.08287048339844,32.86720997876575,32.00777391170353,32.70867418652193,27721900
2023-05-04,31.899290084838867,32.066171655087025,31.72406586842885,31.84922465886406,23675100
2023-05-05,32.11623764038086,32.124580286688015,31.782474494071906,32.024452615995834,19225100
2023-05-08,32.26642608642578,32.31649151099395,31.99941685473111,32.1496099454345,20101700
2023-05-09,32.1078987121582,32.26643449007903,32.032802147247935,32.1078987121582,15987900
2023-05-10,31.957706451416016,32.308158158195006,31.774139541200384,32.26643536755315,15858200
2023-05-11,31.69624137878418,31.755281482974812,31.38416857955441,31.713107222172045,28566400
2023-05-12,31.50224494934082,31.814317710544067,31.401033814124514,31.72153949599413,16541300
2023-05-15,31.341997146606445,31.510684535387583,31.21548080065951,31.460077353519942,16650400
2023-05-16,31.21548080444336,31.409473392904,31.063665693710696,31.22391694347782,25451700
2023-05-17,30.996191024780273,31.249220512105907,30.79376550445307,31.190180405644742,23206400
2023-05-18,30.768465042114258,31.0214945419494,30.506999402399305,30.962454432569356,27772400
2023-05-19,31.0130558013916,31.755278316784025,30.802197388179074,30.911844663933923,33068300
2023-05-22,32.683048248291016,32.78425936778864,30.99618124192761,31.088959442068553,85718600
2023-05-23,33.43370819091797,33.85542500103034,32.05047756854041,32.51436541617524,75379500
2023-05-24,32.58184814453125,33.85543174925188,32.55654294301869,33.82169362553151,39326400
2023-05-25,31.90709686279297,32.480628790836555,31.75527854678482,32.480628790836555,30266600
2023-05-26,31.713104248046875,32.42158864933561,31.679369346990512,32.084217116663496,20234600
2023-05-30,31.21548080444336,31.51068453920722,31.139571640354863,31.51068453920722,24371100
2023-05-31,32.06734848022461,32.23603585750686,31.097398473934735,31.29138783170389,46166300
2023-06-01,32.06734848022461,32.22759971904849,31.797449963550648,32.151690560143685,20256100
2023-06-02,32.35411834716797,32.60714782228476,32.185430957941996,32.26134012222147,22736400
2023-06-05,32.59871292114258,32.91078248092163,32.44689460180268,32.455327522901946,18392200
2023-06-06,32.362552642822266,32.775836603100814,32.29507961473372,32.73366555836491,19508200
2023-06-07,32.8011360168457,32.94452141864846,32.16012782172034,32.345681047511135,25295100
2023-06-08,32.969825744628906,33.05416783349132,32.666189076813104,32.9276547001977,17347600
2023-06-09,32.868614196777344,33.39154221977438,32.7842688914911,33.130076599553654,19775100
2023-06-12,33.65300369262695,33.79638586777664,32.88547920505552,32.90234504658982,28334600
2023-06-13,33.9735107421875,34.04941990910423,33.27346239612831,33.45901563502351,26533800
2023-06-14,33.19754409790039,34.024108567280926,33.16380598467419,34.00723951066782,22056400
2023-06-15,33.5264892578125,33.59396549754735,33.13007439298075,33.23972167382778,19905900
2023-06-16,33.7879524230957,34.040981868959,33.610828915291826,33.61926505337218,60338600
2023-06-20,33.18068313598633,33.62770198423492,33.17225021434428,33.4927527158517,26881200
2023-06-21,32.809574127197266,33.09634173059105,32.69149069966913,33.062603608440156,17982900
2023-06-22,32.66619110107422,32.88548569361688,32.39629253905606,32.84331142912776,18039800
2023-06-23,32.30351257324219,32.78426956215307,32.286643511839856,32.64932028837887,23492200
2023-06-26,31.114269256591797,31.2492185224026,30.498563030239747,31.223916540514413,56135500
2023-06-27,30.71784782409668,31.207040819148148,30.599767643896286,31.173302705535576,32414900
2023-06-28,30.608203887939453,30.81906227258917,30.388909366135323,30.78532415885875,30062000
2023-06-29,30.464826583862305,30.5491718905326,30.161189914738166,30.355182511357615,26284900
2023-06-30,30.937150955200195,30.996191061731743,30.481695947004397,30.540736053535944,30867900
2023-07-03,30.911849975585938,30.98775914608385,30.65881726229649,30.785333618941213,14115800
2023-07-05,30.7515926361084,31.22391667723654,30.692552533147918,30.85280699899291,26829400
2023-07-06,30.051546096801758,30.59134319428645,30.043109957341034,30.53230308783934,30177300
2023-07-07,29.967199325561523,30.16962483595233,29.815380997129505,29.958766403957227,22903300
2023-07-10,30.09371566772461,30.372047124849985,29.97563546061419,30.00093744286804,17777500
2023-07-11,30.380481719970703,30.397350779764103,30.043106958991064,30.059976018784464,17731300
2023-07-12,30.355180740356445,30.574472090016254,30.29613742040975,30.532301047863708,17229700
2023-07-13,30.41421890258789,30.667248356805466,30.296135487671886,30.37204464568157,16664400
2023-07-14,30.63351058959961,30.776895986348663,30.372044994024343,30.61664153013242,17915100
2023-07-17,30.245532989501953,30.464824335773645,30.178056749144986,30.464824335773645,20557300
2023-07-18,30.5660400390625,30.768462334137272,30.262403379005967,30.29613828322218,22808300
2023-07-19,30.73472023010254,30.954014775037436,30.54073088185641,30.650378154323857,18589700
2023-07-20,31.0130558013916,31.266085253757822,30.66724813242082,30.700986250721396,22358400
2023-07-21,31.54442024230957,31.56972222258468,31.038358114698756,31.038358114698756,24149700
2023-07-24,31.637195587158203,31.881792123962807,31.519115387995736,31.55285350702619,19414700
2023-07-25,31.257658004760742,31.814324187953872,31.249221864932796,31.54442562746294,21771000
2023-07-26,31.38416862487793,31.50224883342972,31.00462279921547,31.097401025204555,20983700
2023-07-27,30.872468948364258,31.563259665184837,30.85541194565021,31.426806896763065,25346300
2023-07-28,30.76160430908203,31.085680898859955,30.71896342304861,31.000395873502047,24054100
2023-07-31,30.753074645996094,30.86394028897686,30.633675621316325,30.855413413859406,40265200
2023-08-01,30.369300842285156,31.486506943877522,30.16462004893822,30.59956551481639,40931600
2023-08-02,30.14756202697754,30.60809135648807,30.087864142036256,30.386356820033406,34301600
2023-08-03,29.849069595336914,30.087861111046678,29.780841588968176,30.002579356376163,25676500
2023-08-04,29.866130828857422,30.139036386421335,29.559111263275298,29.806432941470995,25746500
2023-08-07,30.429000854492188,30.573980517716816,29.763793922913642,29.857602570904895,31069100
2023-08-08,30.394887924194336,31.017453991842217,30.181680233083778,31.017453991842217,25225500
2023-08-09,30.56545066833496,30.753074452647063,30.28401499186681,30.36076988060442,17210500
2023-08-10,30.463111877441406,30.77865830721047,30.36076985701029,30.548393641176585,18955200
2023-08-11,30.73601531982422,30.94069284008386,30.352240902724226,30.37782477943405,16609400
2023-08-14,30.76160430908203,31.136848660783635,30.54839662562386,30.54839662562386,20295500
2023-08-15,30.181676864624023,30.6251492030347,30.156092985599255,30.599565324009927,20484300
2023-08-16,30.2584285736084,30.403411463850468,29.840543411449897,29.968466046414743,22215600
2023-08-17,31.1368465423584,31.315943456779443,30.352243882193225,30.360770757503346,31113600
2023-08-18,31.264768600463867,31.42680523775757,30.974806076213248,31.085674961356546,24145100
2023-08-21,31.563262939453125,31.716772726513543,31.247716489736025,31.30741437878275,28496500
2023-08-22,31.418283462524414,31.682662153607147,30.46311397897575,31.56326312153396,18524100
2023-08-23,31.264768600463867,31.665600009857776,31.17948684468622,31.63148600623054,19370900
2023-08-24,30.838354110717773,31.247712404935957,30.7530723527396,31.11125964019656,19380800
2023-08-25,31.025976181030273,31.290351568240933,30.667785659922757,30.821295418498785,16421300
2023-08-28,30.880996704101562,31.145375373776037,30.727486928586153,31.077147360973314,15101900
2023-08-29,30.8298282623291,31.503561980677457,30.70190236781362,30.92363689791106,21076500
2023-08-30,30.616622924804688,30.915112363550197,30.54839490835378,30.855414475801094,16833000
2023-08-31,30.173152923583984,30.693380202949573,30.17315292358398,30.65073606270691,27919500
2023-09-01,30.5142822265625,30.753077041230032,30.36077243616588,30.394886445874246,17522500
2023-09-05,30.173152923583984,30.949228777949873,30.147565788780156,30.667793068145745,25856100
2023-09-06,29.311784744262695,30.087860405408865,29.217972864351015,30.07080340421671,35370200
2023-09-07,29.235036849975586,29.542056438202582,29.03035929335166,29.397076773368227,26777700
2023-09-08,29.209447860717773,29.32884362341758,29.038881091164964,29.192390858433438,19467700
2023-09-11,28.945068359375,29.252087884939815,28.60393808352888,29.20092013287264,27574400
2023-09-12,29.124168395996094,29.17533615358781,28.783034830027596,28.970658616639348,17987200
2023-09-13,29.06447410583496,29.52500024759122,28.996246082883697,29.175339763193975,23853300
2023-09-14,29.124168395996094,29.3203190577762,28.979185491807705,29.200923285674463,23759900
2023-09-15,29.055938720703125,29.35442813389637,28.83420419280109,29.04741184602215,58063800
2023-09-18,28.689228057861328,29.098586458121122,28.518661244430234,29.098586458121122,25421900
2023-09-19,28.98771095275879,29.00476470034956,28.586879565280007,28.612463439956436,30323300
2023-09-20,28.672168731689453,29.073000222832647,28.61247083981167,29.064473346832013,24651400
2023-09-21,28.01548194885254,28.646577980151875,27.998428200941227,28.54423922623237,26980600
2023-09-22,27.8790340423584,28.220167619154022,27.71699738269047,28.211640743715037,28570800
2023-09-25,28.126352310180664,28.126352310180664,27.64023913686816,27.87903065967697,19443700
2023-09-26,27.631711959838867,28.109295000225952,27.597597956013942,27.904617483857333,26015500
2023-09-27,27.37586212158203,27.716995677389253,27.20529697032377,27.657297793116594,26430100
2023-09-28,27.36733055114746,27.56348117343054,27.094425054641427,27.34174667750319,28197600
2023-09-29,28.288393020629883,28.339564034290742,27.546431215647758,27.58907210038632,42421400
2023-10-02,28.945068359375,28.962125361160872,27.93872802704163,28.100767917362194,44620600
2023-10-03,28.91095733642578,29.090050973552692,28.748917447633463,28.859786331550776,31059900
2023-10-04,28.40778923034668,29.06446920061411,28.151937440750828,28.94507018060041,23722300
2023-10-05,28.54424285888672,28.808618277931775,28.18605229464819,28.527185855514336,21279400
2023-10-06,28.25428009033203,28.62099752678444,28.203109080609348,28.586883520302653,23760400
2023-10-09,28.313982009887695,28.544246706517335,27.94726452117655,28.194586223477774,17468100
2023-10-10,28.288393020629883,28.484546946351024,28.151940237491896,28.21164138007505,19212100
2023-10-11,28.237224578857422,28.424848371128654,27.9899028987346,28.34809347913505,24221200
2023-10-12,28.075183868408203,28.33103566997755,27.94726122091433,28.237223776507562,21809900
2023-10-13,27.38439178466797,28.134883642722468,27.307636898579545,28.092239509002844,32388100
2023-10-16,28.373672485351562,28.928010384947,27.768163582119023,27.99842821855048,63317400
2023-10-17,27.930206298828125,28.30545064738333,27.46115004981136,28.14341398049857,40015800
2023-10-18,26.787410736083984,27.870506058032326,26.77035373259376,27.75111028689154,30307600
2023-10-19,26.59978675842285,26.86416378785856,26.360993605827364,26.761823400561845,26880300
2023-10-20,26.139257431030273,26.531560350880113,25.9942761647057,26.48891784511096,39407900
2023-10-23,26.30129623413086,26.77035242060632,26.0369191995708,26.2415983514862,29412100
2023-10-24,25.951637268066406,26.463335989868764,25.85782537485311,26.335410089434127,26923800
2023-10-25,26.207489013671875,26.437753710578306,25.772545128397148,25.977224316765447,28857900
2023-10-26,26.574201583862305,26.753296857187006,26.0113335133766,26.105145400672647,27162700
2023-10-27,25.678730010986328,26.548615990952083,25.60197512648269,26.488918108925983,33877100
2023-10-30,26.05397605895996,26.164844955879758,25.67873173907322,25.789599009347622,33063500
2023-10-31,26.062503814697266,26.284239975543958,25.329070572899354,25.832240778927357,42648200
2023-11-01,26.019865036010742,26.50597827818154,25.985751026979926,26.062505920653784,23568300
2023-11-02,26.01133155822754,26.13925581433241,25.764009919998973,26.019860058853887,29640900
2023-11-03,26.659488677978516,26.77035595658467,26.30129970815364,26.352469096229903,28071000
2023-11-06,26.591257095336914,26.787407733552293,26.403633331265503,26.710652853094935,27381200
2023-11-07,26.650955200195312,26.770350958965718,26.343935675762594,26.50597393884044,18086400
2023-11-08,26.284238815307617,26.693597112656878,26.053974163056676,26.369522200583365,29398300
2023-11-09,25.65328025817871,26.370673130084622,25.610062826993758,26.35338615761064,28737700
2023-11-10,25.48041343688965,25.77428537010094,25.091466453693343,25.713782615953278,33844100
2023-11-13,25.048246383666992,25.376692226681403,25.005030606280155,25.359405256296174,35519900
2023-11-14,25.29026222229004,25.679209213698083,25.056893038299346,25.14332625258217,40084300
2023-11-15,26.094087600708008,26.23238008035741,25.247044102134947,25.247044102134947,43614600
2023-11-16,25.731069564819336,26.318813430708776,25.4717699276806,26.163233978140816,32407200
2023-11-17,25.860719680786133,25.938509410444173,25.705140221470057,25.860719680786133,27009200
2023-11-20,25.91257667541504,26.0508691496454,25.722424935492374,25.84343043829986,26335700
2023-11-21,26.189163208007812,26.241024125413414,25.722426491392415,25.947152187754064,25988700
2023-11-22,26.206449508666992,26.431175199267734,26.05087005759137,26.266952262179426,19226800
2023-11-24,26.362028121948242,26.534894539555488,26.25830794166863,26.25830794166863,11129700
2023-11-27,26.05086898803711,26.578110073129796,25.955793942953747,26.578110073129796,26066700
2023-11-28,25.66192626953125,26.024944484323438,25.61870883409373,26.024944484323438,29497700
2023-11-29,25.99901008605957,26.120015589807704,25.696494678112888,25.731068621227408,26185200
2023-11-30,26.336095809936523,26.370669750453533,25.89528795980195,26.19780334502092,45356600
2023-12-01,24.987747192382812,25.41126813564294,24.46050606062513,25.039606462343357,103624000
2023-12-04,25.307546615600586,25.618703847299617,25.082820940799117,25.082820940799117,47410400
2023-12-05,25.143325805664062,25.584133706952386,25.126038833399484,25.24704434209872,39853000
2023-12-06,24.8840274810791,25.41126693944122,24.82352307896742,25.143325467252183,33410500
2023-12-07,24.7457332611084,24.97910243693963,24.633371240472833,24.90995619764627,35782900
2023-12-08,24.875385284423828,25.039606581509847,24.711162338761334,24.763021608968685,31890700
2023-12-11,24.754377365112305,24.90131333335116,24.58151258685134,24.87538452332905,37833900
2023-12-12,24.702516555786133,24.944529208548772,24.503721331325565,24.73709049842779,48587500
2023-12-13,23.043006896972656,23.10350965240598,22.265111265473656,22.7145626609447,158100700
2023-12-14,22.58491325378418,23.613465098286404,22.481194709803763,23.129441379699223,101889800
2023-12-15,23.017078399658203,23.328237338205767,22.541698153389717,22.58491393993173,138388400
2023-12-18,23.38873863220215,23.596177362034197,23.094866686129286,23.267733118610906,63329400
2023-12-19,24.339500427246094,24.40864666970966,23.57024827376685,23.578891760146856,70094700
2023-12-20,23.88140296936035,24.425931012638436,23.864117647037837,24.36542826306893,56184300
2023-12-21,24.46915054321289,24.512367977086495,24.01105728418843,24.080203529809662,51056600
2023-12-22,24.546937942504883,24.884027300373646,24.35678619726391,24.581511886317628,35162300
2023-12-26,24.55558204650879,24.65930223198123,24.417289564929813,24.572869018850266,30119100
2023-12-27,24.72844886779785,24.832167406350734,24.469149224262747,24.607441708050892,35000700
2023-12-28,24.8840274810791,25.091466199732846,24.70251757189683,24.728448029944698,30472900
2023-12-29,24.8840274810791,24.95317372063035,24.6679452764094,24.875383995063146,30363100
2024-01-02,25.696496963500977,26.171878832146962,24.918601308579767,24.961817092740088,57948700
2024-01-03,25.696496963500977,25.96444010073974,25.419911988291346,25.92986615455029,43426500
2024-01-04,25.143325805664062,25.88664912727689,25.091466537446735,25.748356646313074,45558200
2024-01-05,25.471773147583008,25.48906012195946,24.849456907220205,25.082826115572487,33612800
2024-01-08,25.56684684753418,25.653280060662166,25.212472157428213,25.376695097513746,32972100
2024-01-09,25.411266326904297,25.808858431172332,25.34212008901981,25.584132745903677,39856900
2024-01-10,25.056894302368164,25.402625528364446,24.961817597002987,25.376696716775054,37413300
2024-01-11,24.546937942504883,24.996389320612316,24.434575922266212,24.918599595610015,46884700
2024-01-12,24.80624008178711,25.013678819894007,24.58151437002717,24.59879969510367,30373500
2024-01-16,24.477794647216797,24.823525884040876,24.391361425866634,24.719807337281942,38826000
2024-01-17,24.33085823059082,24.659304136135297,24.1407064658806,24.339501717428995,33312600
2024-01-18,24.27899742126465,24.313569717852356,23.85547648446244,24.235781638385898,50321100
2024-01-19,24.443222045898438,24.529653617604417,24.14070659919784,24.227139819480378,35549300
2024-01-22,24.46915054321289,24.73709368749963,24.140706288656173,24.47779402998761,41663900
2024-01-23,24.57286834716797,24.763020091997287,24.330855686731798,24.581511833102443,33466700
2024-01-24,24.486433029174805,24.875381619872613,24.486433029174805,24.667942921025862,42720700
2024-01-25,24.10040855407715,24.495210247108677,24.082863113686205,24.40747635161446,47605500
2024-01-26,24.10040855407715,24.486436690220767,24.003902775079897,24.24078211751394,47073800
2024-01-29,24.10917854309082,24.24077853016446,23.96003144483813,24.144272765448925,67082700
2024-01-30,23.705608367919922,24.890011765310263,23.644195143520808,24.468889404573016,86072400
2024-01-31,23.75824546813965,24.13550000397877,23.495045485332422,23.83720579765875,81192100
2024-02-01,23.942487716674805,23.977580268154092,23.451178608886817,23.77579349534014,53883000
2024-02-02,23.626649856567383,23.863530889036927,23.416089496611672,23.845983774027705,51718500
2024-02-05,23.310806274414062,23.63542117783164,23.266940164426337,23.63542117783164,42633400
2024-02-06,24.126728057861328,24.328514836369273,23.31080571398118,23.3897660487686,56958700
2024-02-07,24.179370880126953,24.258331225223472,23.951263402446465,24.170597322517896,36843000
2024-02-08,24.188142776489258,24.293423787182228,24.047769211155227,24.17936921948277,29048400
2024-02-09,24.179370880126953,24.20569155295413,24.021450189933923,24.179370880126953,29062700
2024-02-12,24.267101287841797,24.582942622739836,24.144274845774678,24.16182195846563,30323700
2024-02-13,23.661739349365234,24.416248463214473,23.565233576080516,24.161822022065053,37927500
2024-02-14,23.784568786621094,23.83720845437242,23.60910099627019,23.69683489144564,25270200
2024-02-15,24.135501861572266,24.398701864636728,23.88107374167645,23.907394411336817,36111600
2024-02-16,24.232009887695312,24.468889226743958,23.872300753971388,24.170594990357674,35935300
2024-02-20,24.2056884765625,24.68822237003861,24.144275254489337,24.22323558955049,34232000
2024-02-21,24.275876998901367,24.28465055602558,24.003903421590472,24.214463772416803,27348300
2024-02-22,24.170597076416016,24.302198765826933,23.854757372630797,24.205691306494924,31957500
2024-02-23,24.354835510253906,24.64435618006627,24.293422288382313,24.34606195378871,33182600
2024-02-26,23.84598159790039,24.2758758360853,23.749474147541694,24.2758758360853,45685500
2024-02-27,23.591552734375,23.863527963520564,23.52136595632755,23.79334118547311,38598400
2024-02-28,23.723154067993164,23.89862017390882,23.530139176085754,23.65296561756519,31010200
2024-02-29,23.302032470703125,23.8547548216438,23.293258914121626,23.74947381605064,54643200
2024-03-01,23.328353881835938,23.600327450966596,23.25816710033819,23.538914226329176,46392100
2024-03-04,22.71422004699707,23.214301113052834,22.46856712943143,23.073927539191043,86777700
2024-03-05,22.880910873413086,23.1792050916289,22.53875054744161,22.6966712127776,73646100
2024-03-06,23.854753494262695,23.95125926451955,23.503819617454315,23.60032538771117,84919500
2024-03-07,23.503820419311523,23.968807194426862,23.477499750133667,23.863527864484997,46423800
2024-03-08,23.881074905395508,23.951261687858537,23.55646166402333,23.58278066158141,45906600
2024-03-11,24.8900089263916,24.907554364658097,23.960032089495826,23.960032089495826,52600100
2024-03-12,24.574169158935547,24.863689825887434,24.354835269627,24.83736915675189,48758200
2024-03-13,24.75840950012207,25.170758294270286,24.73209050365121,24.819824396451992,39273000
2024-03-14,24.679447174072266,24.811048839354996,24.363607528193896,24.784728171621513,36428000
2024-03-15,24.51275634765625,24.81105057597574,24.442569568839005,24.530301787321957,75727900
2024-03-18,24.31974220275879,24.59171744329592,24.22323642476693,24.574170329702905,36226500
2024-03-19,24.240781784057617,24.37238346218106,23.96880821781321,24.275876011126496,29026600
2024-03-20,24.302196502685547,24.33728905611147,23.87230059117792,24.10918160199604,34468000
2024-03-21,24.267101287841797,24.600489735430788,24.24078061880537,24.346061621566307,29633700
2024-03-22,24.003902435302734,24.425023119652117,23.9863553217753,24.10040821293394,28830100
2024-03-25,24.06531524658203,24.10918135626354,23.775794571883544,23.89862101769962,31110600
2024-03-26,24.2056884765625,24.24078102915368,23.960033914885052,24.082862032416173,38220300
2024-03-27,24.372385025024414,24.512758595531476,24.16182466926382,24.310970123715737,34247600
2024-03-28,24.3460636138916,24.670678531699515,24.31974294270126,24.407476839950824,40466700
2024-04-01,24.31974220275879,24.451343881321527,24.19691575437741,24.354836429944815,26596600
2024-04-02,24.170597076416016,24.346064880040576,24.04777061790982,24.18814419145547,32451500
2024-04-03,23.881074905395508,24.346063385078633,23.863529464818416,24.135503037689546,36828600
2024-04-04,23.380992889404297,24.038994574885006,23.37221933279171,23.960034238756535,41922700
2024-04-05,23.389766693115234,23.424860919936336,23.117793128791057,23.30203279944732,39880500
2024-04-08,23.319578170776367,23.530138495818615,23.266938507861983,23.337125282876066,24431400
2024-04-09,23.49504852294922,24.05654278467067,23.38099395517149,23.48627496593671,45127800
2024-04-10,23.091472625732422,23.32835363833407,22.95109906420215,23.266940414337682,44541600
2024-04-11,23.109018325805664,23.20552577097416,22.92477699170078,23.117791882037775,32814500
2024-04-12,22.687898635864258,23.091472199467667,22.661577966043886,23.03005897660496,43034100
2024-04-15,22.731765747070312,22.959873208742756,22.591392181946485,22.731765747070312,35660200
2024-04-16,22.53875160217285,22.801951607793136,22.5299780455342,22.652804491705687,28885300
2024-04-17,22.30187225341797,22.538753280142483,22.161498683518612,22.538753280142483,43828900
2024-04-18,22.275548934936523,22.336962155297737,22.135175381715253,22.240456383323583,35788400
2024-04-19,22.81072425842285,22.81072425842285,22.240456486639232,22.275549038415193,38372800
2024-04-22,23.03883171081543,23.249392041707743,22.749311046665404,22.8107242673359,35678700
2024-04-23,23.091472625732422,23.22307263049394,22.977419734508395,23.10024618250117,24297800
2024-04-24,23.047605514526367,23.10901873585614,22.84581873776147,23.030058401750782,24547800
2024-04-25,22.1614990234375,23.18798181493658,22.152725466011102,23.04760824288414,47661400
2024-04-26,22.28432273864746,22.40715085411861,22.108856631864743,22.222909517604272,46526500
2024-04-29,22.494882583618164,22.67912391614216,22.407150368819316,22.442242920061908,39995300
2024-04-30,22.477338790893555,22.661578463526233,22.451018120495377,22.503657787906874,38017700
2024-05-01,23.84598159790039,24.08286260875274,22.828272447629008,23.10024601191235,97388900
2024-05-02,24.302196502685547,24.512756843395596,23.793341927623384,23.87230059117792,69649000
2024-05-03,24.398700714111328,24.48643460212398,24.144274279597848,24.44256849481002,60568900
2024-05-06,24.705768585205078,24.854915693413297,24.53030080847138,24.5478479208217,59899700
2024-05-07,24.36360740661621,24.99528836860546,24.038992533061865,24.819822271411898,65606400
2024-05-08,24.802278518676758,24.863691744681,24.14427679997148,24.30219748020233,39087800
2024-05-09,25.096166610717773,25.158505999822935,24.33027880486357,24.72212857746583,47831100
2024-05-10,24.94476890563965,25.185222278302852,24.86461778141858,25.149598801484213,25849800
2024-05-13,25.32771110534668,25.514729250354847,25.087257748661248,25.105069485887004,39609800
2024-05-14,25.274274826049805,25.541445777288207,25.105068425414903,25.42567118883203,23530900
2024-05-15,25.666128158569336,25.817524542723724,25.36333539026056,25.372241259754457,38376300
2024-05-16,25.755184173583984,25.85314703566342,25.532542540582263,25.710656526431986,40077800
2024-05-17,25.505826950073242,25.746280340398727,25.39005403915041,25.737374470539894,26106400
2024-05-20,25.407861709594727,25.568162245517303,25.34552063056733,25.523634601975598,22423300
2024-05-21,25.43457794189453,25.53254079728531,25.220842192640717,25.354426823596757,28119900
2024-05-22,26.360767364501953,26.387483270990895,25.309898677545686,25.354426320774394,46987500
2024-05-23,25.55035400390625,26.209373026664164,25.532542265788805,26.209373026664164,42031300
2024-05-24,25.719560623168945,25.817523484967293,25.425673736394753,25.53254246732212,22589100
2024-05-28,25.20302963256836,25.719558101053554,25.051633269463007,25.648312853628724,32371200
2024-05-29,24.775562286376953,25.087260932907572,24.659789376956365,25.078355063164302,24241700
2024-05-30,25.113975524902344,25.113975524902344,24.748843402400652,24.855710429238783,23298600
2024-05-31,25.523635864257812,25.603786985493368,25.149597864698816,25.2386548548073,78290100
2024-06-03,26.102500915527344,26.298426612199336,25.50582135484746,25.523633090657754,38177200
2024-06-04,26.262807846069336,26.476543618225904,25.977826816527244,26.093599722795872,46309500
2024-06-05,26.316242218017578,26.378583306545245,25.977827659115135,26.325148087807243,27346700
2024-06-06,25.648313522338867,26.307334201476586,25.639409352471713,26.1470319659361,35360400
2024-06-07,25.452388763427734,25.870954378332446,25.4256711587493,25.60378512603083,27526200
2024-06-10,24.99820327758789,25.247562527987856,24.60635351227964,25.247562527987856,36977900
2024-06-11,24.962581634521484,25.229750926778618,24.837901159330013,24.891336376678186,29573500
2024-06-12,24.63306999206543,25.140692640493413,24.54401299967331,25.08725912450648,32507900
2024-06-13,24.624164581298828,24.686503967547395,24.223410656006244,24.490579939534634,33945200
2024-06-14,24.517295837402344,25.13178548638487,24.428238849563776,24.713219851750587,29461900
2024-06-17,24.027482986450195,24.472766222071378,23.929521829675636,24.446050315051384,32194600
2024-06-18,24.41042709350586,24.45495473808053,24.000767327832442,24.027483235128944,29817800
2024-06-20,24.704315185546875,24.9002392094314,24.178880800207494,24.223410145604554,29693400
2024-06-21,24.704315185546875,24.83789982449636,24.544012939359153,24.731032792785108,52487000
2024-06-24,25.256467819213867,25.300995467120334,24.69540994331541,24.891335670793996,35414100
2024-06-25,24.926958084106445,25.33661958948482,24.873524565533934,25.292090241823622,24721600
2024-06-26,24.419336318969727,24.873525490274073,24.107637668236823,24.855713750547395,30745800
2024-06-27,24.757749557495117,24.78446716565721,24.107636379805545,24.374807365563807,28399600
2024-06-28,24.91805076599121,25.042731233573477,24.615258013981297,24.739938481563563,33189200
2024-07-01,25.13178825378418,25.496920415370333,24.882430698722967,24.891336568349576,26209000
2024-07-02,24.784465789794922,25.185221396874685,24.65978702253491,25.131786183516844,21989800
2024-07-03,24.66869354248047,24.980390468856758,24.597448288077196,24.86461756743426,15180100
2024-07-05,24.980390548706055,25.016014025331987,24.641976013863985,24.722127137651476,17268700
2024-07-08,24.87352180480957,25.042729909899776,24.74884304243823,24.980388830093364,25694400
2024-07-09,24.68650245666504,24.88242817130748,24.312464463444925,24.828992958975483,36867800
2024-07-10,25.247562408447266,25.300995926629646,24.757749779475855,24.784467387877502,29873600
2024-07-11,25.523635864257812,26.031258499669136,25.30990010716993,25.630504592112157,47322600
2024-07-12,25.755184173583984,25.951108199121993,25.639411271816268,25.737372435274843,28397000
2024-07-15,25.915485382080078,26.06688175439606,25.675032020409848,25.85314599911834,30534400
2024-07-16,26.271711349487305,26.32514486305889,25.93329683203959,26.004542083008623,26912100
2024-07-17,26.74371337890625,26.984165049899087,26.10250439326976,26.200467254657745,45395000
2024-07-18,26.458728790283203,27.331485214641507,26.38748354121525,26.63684276226344,47279700
2024-07-19,26.690277099609375,26.716994705818674,26.316239105783083,26.663561192020854,30021200
2024-07-22,26.360767364501953,26.92182348283891,26.164841657605947,26.81495645964173,46483200
2024-07-23,26.271711349487305,26.39639011402792,26.120314978850516,26.37858007525124,25528300
2024-07-24,26.69918441772461,26.708090286944504,26.10250476895877,26.28061875611488,29579400
2024-07-25,26.877296447753906,27.545221303021663,26.690276604996146,26.690276604996146,42296200
2024-07-26,27.789464950561523,27.888808631297017,27.103082129348348,27.229520480789894,35657100
2024-07-29,27.744304656982422,27.933963889586167,27.49142797696835,27.71721171131988,41713700
2024-07-30,28.349407196044922,28.48487882458441,26.89536101241913,28.006216652808394,89857500
2024-07-31,27.581741333007812,28.231997856438042,27.518520441516415,28.177810243467146,40978700
2024-08-01,27.68108558654785,27.825587039245146,27.01276593717456,27.74430475677877,39753100
2024-08-02,27.482397079467773,28.28618664179131,27.10308032776358,27.888806777483765,42364700
2024-08-05,26.859233856201172,27.1030807120239,26.05544428248172,26.27219646901528,37838000
2024-08-06,26.479915618896484,27.13920369807281,26.41669645001563,26.850200798849936,29031800
2024-08-07,26.055444717407227,26.922453478013857,25.956099317615237,26.759888904751794,32866100
2024-08-08,25.974163055419922,26.199946807581856,25.775473973651017,26.12769607579377,32094400
2024-08-09,25.784502029418945,25.965129707727375,25.694189912857937,25.87481586857316,25795600
2024-08-12,25.69419288635254,25.838694356684623,25.57678436508684,25.81159968502483,21141600
2024-08-13,26.055444717407227,26.145758560618738,25.567750997621037,25.784503187772692,34620700
2024-08-14,26.082536697387695,26.353478216975432,25.892879184010173,26.010285970016273,23677700
2024-08-15,25.929006576538086,26.19994812632593,25.757412156525206,26.127697390901186,28676800
2024-08-16,25.558719635009766,25.874817227352327,25.15230992136358,25.874817227352327,50332900
2024-08-19,26.01028823852539,26.091570529231493,25.54065933094869,25.603878507588245,26382500
2024-08-20,26.100601196289062,26.36251117354334,26.010287351629195,26.010287351629195,21301300
2024-08-21,26.218008041381836,26.3444463822972,26.127694202473776,26.172850260631208,16729700
2024-08-22,25.992225646972656,26.308321515576054,25.775473455961773,26.208977837983536,20241500
2024-08-23,26.100601196289062,26.136727423190333,25.865785889210738,26.028350465079832,21885300
2024-08-26,26.118661880493164,26.236068661815892,25.983191987399817,26.118661880493164,16506000
2024-08-27,26.028350830078125,26.22704163563475,25.79353551970696,26.172852294522944,16184600
2024-08-28,25.965131759643555,26.26316624658964,25.865786356463744,25.99222643030896,19874100
2024-08-29,25.938037872314453,26.091570898868476,25.76644345403138,26.07350950713942,19229800
2024-08-30,26.1999454498291,26.236069952554413,25.89287942499441,25.938035484049355,37137600
2024-09-03,25.558719635009766,26.118664089096015,25.414218173812014,25.874817227352327,44499600
2024-09-04,25.640003204345703,25.775474838261776,25.46840878721388,25.549691078526166,23510500
2024-09-05,25.748376846313477,26.010285078081157,25.60387539652583,25.676126121419653,25927200
2024-09-06,25.793535232543945,25.9831944791371,25.54065853387749,25.793535232543945,31214500
2024-09-09,26.561199188232422,26.72376375758033,25.694190448501242,25.775472733175196,36558400
2024-09-10,26.859233856201172,26.877296969060616,26.362510310719248,26.570230940823087,32378800
2024-09-11,26.786985397338867,26.82311162611916,26.31735475875542,26.805048511729012,31943100
2024-09-12,26.335416793823242,26.832140361040945,25.97416313379279,26.714733567503547,32511800
2024-09-13,26.43476104736328,26.47991710693196,26.18188263503622,26.335415649200282,19987700
2024-09-16,27.157268524169922,27.220487697041364,26.588294245733692,26.705701034981615,29224600
2024-09-17,26.940515518188477,27.220486870659514,26.732794892890393,27.13920458726579,27055300
2024-09-18,26.868267059326172,27.220489168705953,26.85020394535968,27.094050816127233,25812800
2024-09-19,26.786985397338867,27.410149063051765,26.66054704179463,26.994706045045366,22653200
2024-09-20,26.57023048400879,26.687637270390123,26.398634359980782,26.6786074367089,56877400
2024-09-23,26.47088623046875,26.6153876919123,26.353479439018354,26.579263187848063,23126200
2024-09-24,26.642478942871094,26.723761219826283,26.326381390555703,26.416695223016255,21446200
2024-09-25,26.127695083618164,26.832139261153035,26.109631970708744,26.732795585337733,30712700
2024-09-26,26.163820266723633,26.199946493481235,25.567751305969626,25.72128432450283,32310400
2024-09-27,26.27219581604004,26.39863415772711,26.11866280573722,26.208976645196504,25013000
2024-09-30,26.136728286743164,26.362512044556027,25.9922268195504,26.290261310959647,27464700
2024-10-01,25.892881393432617,26.26316661813149,25.766443040392037,26.23607194708278,30725100
2024-10-02,25.838693618774414,25.983195084979776,25.630971253835018,25.829662061812407,24957200
2024-10-03,25.594846725463867,25.757411305446418,25.52259599242644,25.73934819153872,25678900
2024-10-04,25.811599731445312,25.820631288681486,25.50453367578904,25.549691461969907,28769000
2024-10-07,26.37154197692871,26.94954781009101,26.290259691316106,26.5250749916866,51426600
2024-10-08,26.353479385375977,26.63345075102881,26.19091481093456,26.380572332720686,29126600
2024-10-09,27.26564598083496,27.48239817291946,26.281228698497035,26.389603933242636,44244800
2024-10-10,26.49798011779785,27.166299787882604,26.443792502005373,26.994703661514293,34347700
2024-10-11,26.335416793823242,26.588295217141223,26.14575926827975,26.516044485135133,29617600
2024-10-14,26.263166427612305,26.34444871757543,26.055445785525816,26.335417160624708,23594200
2024-10-15,26.588298797607422,26.859238648467564,26.254138040459257,26.27220115654155,29009900
2024-10-16,26.7960147857666,26.93148468754149,26.57926259840812,26.642481771063522,28414800
2024-10-17,26.43476104736328,26.669576346825572,26.389603265201348,26.62441856466364,23779200
2024-10-18,26.389606475830078,26.525078116204458,26.263168115580353,26.46185721348613,24244900
2024-10-21,26.127695083618164,26.38960333043175,26.08253730134461,26.38960333043175,23395700
2024-10-22,26.046411514282227,26.181881409239015,25.82965933783273,26.100599127746307,29036400
2024-10-23,26.064477920532227,26.290261681527568,25.892881779849617,26.07350947768325,22217600
2024-10-24,25.86578369140625,26.17284970360254,25.739345353181836,26.064474477293945,31473600
2024-10-25,25.69419288635254,25.947069598136988,25.685161329132608,25.901913534630737,26091100
2024-10-28,26.064477920532227,26.136728655147,25.79353637378178,25.829662602385863,37922500
2024-10-29,25.70322036743164,26.344447090584776,25.314873778094476,26.199945633484145,102267000
2024-10-30,25.757410049438477,25.829660778952743,25.45937557486797,25.567750807842735,47104000
2024-10-31,25.558719635009766,25.865785670703307,25.549689800954038,25.69419126215179,37909600
2024-11-01,25.369062423706055,25.775473864920468,25.33293619666774,25.721284524363,46894600
2024-11-04,25.071027755737305,25.414218297098483,25.043933085658804,25.37809379292045,41347800
2024-11-05,25.27874755859375,25.287779114988865,24.9084623593603,25.052963816495634,44175800
2024-11-06,24.709774017333984,25.278748306309804,24.456895598570675,25.224560688929557,65749500
2024-11-07,24.800085067749023,24.917493576694643,24.691709837668846,24.863305961654554,48484800
2024-11-08,24.506593704223633,24.90097405760816,24.497421864685677,24.864288448805855,55951300
2024-11-11,24.066356658935547,24.607482963236635,24.04801297928307,24.50659447449758,54329300
2024-11-12,24.020498275756836,24.24978901445423,23.80037937652928,24.057183884286676,53035200
2024-11-13,24.506593704223633,24.534109222837504,23.827893322560538,24.05718406296089,47983100
2024-11-14,23.864582061767578,24.6258272939764,23.699492439229584,24.52493880256993,45262200
2024-11-15,22.745641708374023,23.57108980814815,22.45214982816526,23.57108980814815,131074400
2024-11-18,22.800670623779297,23.158363600791787,22.653924697345996,22.901557354858795,64221700
2024-11-19,23.020790100097656,23.029961939402153,22.57138047027411,22.653925274665117,52381200
2024-11-20,22.874046325683594,23.020792269686645,22.60806820883454,22.99327674917996,46170800
2024-11-21,23.04830551147461,23.130850321749158,22.72729985968426,22.809844669958807,45048400
2024-11-22,23.525230407714844,23.6169470568346,23.020791461580536,23.09416443100643,41897000
2024-11-25,24.002153396606445,24.258959640871932,23.607773065871715,23.61694490488292,57707600
2024-11-26,23.635290145874023,24.06635611180994,23.488544210689472,23.992983144217668,33001000
2024-11-27,23.69032096862793,23.800381301819602,23.571090544574133,23.626119836495143,28242100
2024-11-29,24.038841247558594,24.057184927293566,23.63529078948677,23.690320079342094,22023000
2024-12-02,23.6811466217041,24.04801144459331,23.59860181788535,23.910437354678542,43866400
2024-12-03,23.442684173583984,23.7545197120279,23.4059985657756,23.69031858635112,49064300
2024-12-04,23.14002227783203,23.38765670989839,23.09416482716031,23.34179925922667,42541500
2024-12-05,23.571088790893555,23.65363359730859,23.057476273344545,23.14002107975958,43647900
2024-12-06,23.598602294921875,23.93795335629766,23.470200041652415,23.607774134348194,31830700
2024-12-09,23.93795394897461,24.249789499792136,23.461028783094918,23.626118398157082,37464800
2024-12-10,23.45185661315918,23.9471254513706,23.396827325363304,23.937953611846368,43280500
2024-12-11,23.14002227783203,23.396828549902658,23.084992987156046,23.277596379196805,39569400
2024-12-12,23.26842498779297,23.369311723500918,22.98410321160367,23.094163536152678,38705100
2024-12-13,23.461027145385742,23.534400108141583,23.16753529436237,23.240908257118214,29043600
2024-12-16,23.15836524963379,23.616946739725545,23.130849730462444,23.47020080284415,40194000
2024-12-17,24.240619659423828,24.26813343130374,23.717837001509302,23.754522613799075,71440300
2024-12-18,23.74534797668457,24.323161609003947,23.717834208045208,24.02049790852458,47575100
2024-12-19,23.635290145874023,23.92878201624312,23.461028691836294,23.571089017899475,50324700
2024-12-20,24.176416397094727,24.29564681322499,23.571088978142086,23.571088978142086,116340100
2024-12-23,24.497421264648438,24.534108621901645,24.020497865803055,24.176415635430242,35350400
2024-12-24,24.524940490722656,24.55245601282287,24.19476122291907,24.387366378921076,19716400
2024-12-26,24.35984992980957,24.506595876726823,24.286476956350945,24.433222903268195,31406000
2024-12-27,24.41487693786621,24.625823983036447,24.231443659853333,24.240615498688918,35218300
2024-12-30,24.2314453125,24.378191245178993,24.066355700898754,24.286474599917245,32859100
2024-12-31,24.332332611083984,24.442391180553404,24.176414846544457,24.213100453251123,27085500
2025-01-02,24.40570831298828,24.6349990660247,24.35984911277123,24.5341105748968,32899200
2025-01-03,24.38736343383789,24.616654175600676,24.323162306040235,24.488251920005364,33417000
2025-01-06,24.662511825561523,24.992691056187414,24.35984811393764,24.49742221024858,43951000
2025-01-07,24.88262939453125,25.28618157149498,24.70836969824986,24.772570823127158,35030000
2025-01-08,24.63499641418457,24.891800910357823,24.057182799095894,24.809256108202298,35430700
2025-01-10,24.506593704223633,24.809257411578116,24.479079934959284,24.64416954794346,32836900
2025-01-13,24.57996368408203,24.589135522505373,24.176413289550787,24.442389606430503,28359600
2025-01-14,24.22227668762207,24.6441726120769,24.09387441682482,24.589141568006873,25856900
2025-01-15,24.048009872436523,24.442390187265563,24.038838033795226,24.323159783627396,35949700
2025-01-16,24.29564666748047,24.369019634508835,23.809549667574085,23.91043815324416,29981100
2025-01-17,24.12138557434082,24.35984815807497,24.04801260621874,24.21310222183081,35380300
2025-01-21,24.43321990966797,24.43321990966797,24.203929177034148,24.258960212397877,39745600
2025-01-22,23.855409622192383,24.396535927201462,23.818722262839426,24.313991118006886,41890400
2025-01-23,24.249786376953125,24.286471981492895,23.70866015253431,23.855406069392025,40987000
2025-01-24,24.32437515258789,24.42693153808257,24.203171828226914,24.25911264482581,31300200
2025-01-27,25.042264938354492,25.14481954002539,24.40828327739313,24.4642223126927,50648600
2025-01-28,24.939708709716797,25.042265090279752,24.697303850921557,24.967679116671206,40589600
2025-01-29,24.818506240844727,25.238051659843872,24.771888897664944,24.986323341482496,34418200
2025-01-30,25.08888053894043,25.182113450080102,24.78121317696841,24.855799150226176,32289600
2025-01-31,24.725276947021484,25.182116307343858,24.63204402530323,25.135498957349693,37307000
2025-02-03,24.426931381225586,24.678657941224305,24.38031403435919,24.520162518418466,49626200
2025-02-04,24.119264602661133,25.098205793604134,23.867536258154647,24.333699068750363,68748300
2025-02-05,24.65068817138672,24.883769560129828,23.9607674740995,24.19384886284261,50426800
2025-02-06,24.08197021484375,24.678658030738273,24.035354646078225,24.63204246197275,45182000
2025-02-07,23.998062133789062,24.203173137604846,23.802274599910827,24.10994199476953,36512800
2025-02-10,24.119264602661133,24.35234600795899,23.783626809985815,24.035355154492304,39632700
2025-02-11,23.80227279663086,24.156555736066448,23.737008512012526,24.081969760486857,36593300
2025-02-12,23.7463321685791,23.886182429880307,23.466635202516567,23.755655637883844,31671600
2025-02-13,23.904827117919922,23.998060030855363,23.61580668826297,23.764978637651712,30612500
2025-02-14,23.80227279663086,24.081969760486857,23.746331981243717,23.98873684644488,33214600
2025-02-18,23.830244064331055,23.998062972532068,23.699719037183655,23.876861415648072,40499700
2025-02-19,24.137910842895508,24.16588125295911,23.774304403419052,23.839566915297382,37292400
2025-02-20,24.147232055664062,24.315050943818033,24.00738357495906,24.109939957335357,37139000
2025-02-21,24.52016258239746,24.771890921322953,24.100617129124934,24.137909228445398,54611500
2025-02-24,24.846477508544922,24.93038695691451,24.128586351725108,24.6133961026894,43823300
2025-02-25,24.930387496948242,25.20076278716703,24.7439234351867,24.911740557291076,43560100
2025-02-26,24.632041931152344,24.967679709495002,24.566779424979032,24.87444679570316,30103300
2025-02-27,24.333698272705078,24.706628153327735,24.24978882728124,24.51084063285207,28268300
2025-02-28,24.641366958618164,24.697305999122747,24.15655719885835,24.296405689254826,51531700
2025-03-03,24.473546981811523,25.079558265707153,24.21249517382835,24.58542683616716,54048600
2025-03-04,24.007383346557617,24.529485166081745,23.932797372339884,24.47354612998592,51315000
2025-03-05,24.184526443481445,24.408284372993283,23.923474636582657,23.960768513969604,37062400
2025-03-06,24.464223861694336,24.669334856293023,24.147233011142742,24.175203419698466,46998300
2025-03-07,24.921062469482422,25.070234420875998,24.40828410885074,24.613395097449427,54337700
2025-03-10,24.837154388427734,25.396550126006833,24.743923247389574,24.837154388427734,53013500
2025-03-11,24.231142044067383,24.81850816580081,24.119263968298124,24.77189081900533,44841400
2025-03-12,23.970090866088867,24.212495740979175,23.774303339217848,24.1845271104376,37331000
2025-03-13,23.867536544799805,24.305728951845197,23.802274035055813,24.016708503720366,36717900
2025-03-14,23.979413986206055,24.016707864077947,23.774302992720557,23.886182848066266,30298300
2025-03-17,24.28708267211914,24.380315593544466,23.858213723140732,23.998062216143687,32676900
2025-03-18,24.52948760986328,24.613397061501555,24.33370007488736,24.43625468823519,32958700
2025-03-19,24.436254501342773,24.70662979416935,24.315052948942277,24.548134362094817,42522700
2025-03-20,24.417606353759766,24.520160953781897,24.259110941067554,24.473545388160005,35378900
2025-03-21,24.501516342163086,24.725274263035413,24.249788014330516,24.361666085631736,349996500
2025-03-24,24.37099266052246,24.445578643652002,24.13791124095887,24.33370055809274,37944400
2025-03-25,23.820919036865234,24.426932116479776,23.783626936519575,24.38963823786411,47607600
2025-03-26,23.50392723083496,23.914150987661213,23.42934125489109,23.79294944360365,49487400
2025-03-27,23.317462921142578,23.52257390814274,23.149644032565213,23.494605278893122,51302000
2025-03-28,23.50392723083496,23.513250700111687,23.13099735111561,23.336110118663704,32352500
2025-03-31,23.625131607055664,23.709041056019377,22.944534323923353,23.1216749132734,53498100
2025-04-01,22.8792724609375,23.634455744683166,22.860625521025245,23.57851670321647,54444200
2025-04-02,23.028444290161133,23.065736391499332,22.664836077060865,22.84197844865997,41965000
2025-04-03,22.64619255065918,23.186941396132404,22.63686908008393,23.065738056924335,53501800
2025-04-04,21.41551971435547,22.469048703248177,21.39687455268919,22.319876740297538,80002600
2025-04-07,21.098527908325195,21.59266112499841,20.27808214865739,20.641688569862783,86106100
2025-04-08,20.361989974975586,21.43416399238119,19.989060113913183,21.350254551358418,72406000
2025-04-09,20.968002319335938,21.0146196658282,19.50425142660775,19.681393786738468,95954400
2025-04-10,20.128908157348633,20.762889796677694,19.66274539646195,20.753566328067585,72960700
2025-04-11,20.42725372314453,20.511163169280458,19.83988937846301,20.128909816114554,55078100
2025-04-14,20.623043060302734,20.72559766710832,20.38996166023646,20.585749182722548,61900900
2025-04-15,20.92138671875,21.378226044047842,20.632364505754882,20.669658382891004,51814700
2025-04-16,20.548458099365234,21.145145943989835,20.464548648931142,20.968003573265637,37641200
2025-04-17,20.64168930053711,21.023942674378905,20.604397199276228,20.651012770419843,54073700
2025-04-21,20.548458099365234,20.66965965095334,20.389962668353068,20.632365771529276,32021000
2025-04-22,21.005298614501953,21.02394377697521,20.65101385345792,20.678984264573018,36052600
2025-04-23,20.874771118164062,21.499429386277047,20.734922623747444,21.23837933757138,50781000
2025-04-24,21.238378524780273,21.31296450416608,20.725598360516607,20.884093788995195,35009600
2025-04-25,21.3689022064209,21.54604456322413,20.958678456344433,21.22905372611094,35847700
2025-04-28,21.49010467529297,21.71386438736293,21.350256188951732,21.471459514512123,55888900
2025-04-29,22.180028915405273,22.48769632054205,20.94003404633904,21.284995332471848,98540200
2025-04-30,22.758068084716797,22.786038493300765,22.357167786363174,22.56228055943897,53941700
2025-05-01,22.3105525970459,22.683482493168288,22.189349269387364,22.655512084107855,46891700
2025-05-02,22.56228256225586,22.655513709271762,22.347846300616915,22.636868546830666,41685800
2025-05-05,22.254615783691406,22.608898775884946,22.235968842452223,22.562283201057177,40811800
2025-05-06,21.33160972595215,22.273258829793626,21.30364109502172,22.217319789662753,60872600
2025-05-07,21.24770164489746,21.527398618424847,21.182437358022415,21.434165701159056,48270500
2025-05-08,21.41551971435547,21.527399575703484,20.986650765439904,21.275671221373006,55669800
2025-05-09,21.16849136352539,21.472526846804232,21.149488692771854,21.387016640607754,39059800
2025-05-12,21.938079833984375,21.995086029962806,21.073478310835274,21.12098317211825,77480900
2025-05-13,21.72905731201172,21.833568376029575,21.36801381902082,21.7575595057464,41193200
2025-05-14,20.92146110534668,21.757558645400316,20.873954430676715,21.719555117858686,59394000
2025-05-15,21.47252655029297,21.47252655029297,20.987969325935588,21.092482201442397,51800100
2025-05-16,21.691051483154297,21.710054153346512,21.330009810474092,21.520031075813115,37786800
2025-05-19,21.852571487426758,21.881075493930794,21.510530658156114,21.60554220097512,31513700
2025-05-20,22.346628189086914,22.51764858940147,22.004587388457796,22.014088723163525,57047500
2025-05-21,21.89057731628418,22.30862521447418,21.89057731628418,22.29912387876152,42984700
2025-05-22,21.89057731628418,22.004589720447093,21.67205021928203,21.89057731628418,38602800
2025-05-23,22.156606674194336,22.223114209607303,21.738556978777154,21.805066326384544,35405400
2025-05-27,22.432140350341797,22.479645215829198,22.204113734052253,22.37513233712357,36155400
2025-05-28,22.023591995239258,22.460642556983526,21.95708445864291,22.43214036255335,36737200
2025-05-29,22.280122756958008,22.280122756958008,22.00458946112158,22.16610854194427,26091400
2025-05-30,22.318124771118164,22.441640313342297,22.004587966371716,22.308623436162897,56618600
2025-06-02,22.289621353149414,22.38463289300945,22.061594744801972,22.365632034792956,30443900
2025-06-03,22.185110092163086,22.36563183506563,21.909576810248968,22.21361228533049,37887100
2025-06-04,22.223114013671875,22.365632230808167,22.18511048471143,22.2421166842493,24500100
2025-06-05,21.966585159301758,22.27062063906603,21.92857981823402,22.27062063906603,33173600
2025-06-06,22.185110092163086,22.403635363353633,22.090098553151517,22.109101223392706,30426200
2025-06-09,22.774179458618164,22.93569853898543,22.251618687415245,22.27062135856303,42542600
2025-06-10,23.08771514892578,23.201729358013793,22.764677004069853,22.774178339176718,40439200
2025-06-11,23.25873565673828,23.45826007045394,23.106717918761774,23.116219253909602,38558700
2025-06-12,23.60077667236328,23.638780201080788,23.306242529073597,23.306242529073597,42465400
2025-06-13,23.315744400024414,23.70529009235001,23.239733716454115,23.553272349598284,46368400
2025-06-16,23.182729721069336,23.363251487330817,23.068717309258115,23.277741272375096,35102100
2025-06-17,22.802682876586914,23.106718358323633,22.71717267082416,23.059213493875177,40408800
2025-06-18,22.688669204711914,22.87869229141614,22.5841581379996,22.764678076954713,37076200
2025-06-20,22.774179458618164,22.888193673310425,22.584158183723677,22.802683465339847,63098100
2025-06-23,22.831186294555664,22.8881924928645,22.584157018958212,22.67916855760252,31959100
2025-06-24,23.097217559814453,23.18272776756461,22.90719628540979,22.935698479863536,34404200
2025-06-25,23.049713134765625,23.154226015611936,22.869191380265946,23.002206456110713,25603300
2025-06-26,23.030710220336914,23.211231972932147,22.95470134748542,23.10671909318841,31835300
2025-06-27,22.983205795288086,23.201731082404024,22.878692913539375,23.13522354390739,39528800
2025-06-30,23.030710220336914,23.163725294778413,22.91669781715691,23.002206213444676,44730900
2025-07-01,23.79079818725586,24.085332311167132,23.049710397981972,23.068713067187673,59259900
2025-07-02,24.05682945251465,24.09483479273519,23.781297984693197,23.876307710855816,36772100
2025-07-03,24.11383628845215,24.246853170547915,23.961818547937913,24.085334094727237,27104600
2025-07-07,23.980819702148438,24.256352972028935,23.885808167286392,24.09483390642175,34905900
2025-07-08,24.341867446899414,24.66490382264842,23.952319904336537,23.980823913459076,51275800
2025-07-09,24.28485679626465,24.550888749320922,24.07583285527399,24.408372343545725,38362200
2025-07-10,24.493881225585938,24.75041001723846,24.265854626231295,24.303858153359908,39499200
2025-07-11,24.370365142822266,24.43687267296351,24.151839883159806,24.370365142822266,34864400
2025-07-14,24.0853328704834,24.351362996763942,24.075831535659905,24.303858134840794,25918000
2025-07-15,23.38224983215332,24.170842481297747,23.3062409676163,24.075830947577906,54458000
2025-07-16,23.38224983215332,23.714787481881356,23.3062409676163,23.448757362098927,44218200
2025-07-17,23.353748321533203,23.543771409259005,23.23023458304756,23.26823811327604,47393900
2025-07-18,23.249235153198242,23.543771116733144,23.173226281491207,23.477261768319345,36309400
2025-07-21,23.049713134765625,23.42025616730147,23.049713134765625,23.363249965110068,33663400
2025-07-22,23.88580894470215,23.88580894470215,23.125720265455648,23.154224270500276,48091600
2025-07-23,24.09483528137207,24.256354356196198,23.99032240584046,24.11383613967331,42073300
2025-07-24,24.0853328704834,24.26585460774114,23.999822669266273,24.123336397583053,25672400
2025-07-25,23.959688186645508,24.13365774399768,23.795382068481644,24.13365774399768,35643400
2025-07-28,23.495763778686523,23.90169643176856,23.42810864375021,23.853371862089528,31096600
2025-07-29,23.486099243164062,23.515095091972356,23.12849299184957,23.49576452610016,38499800
2025-07-30,23.012510299682617,23.58274906040431,23.002845017225486,23.50542864421141,35649500
2025-07-31,22.509929656982422,23.041507314816386,22.36495225624204,22.8095460544817,62768300
2025-08-01,22.703229904174805,22.732225753167256,22.335958367591605,22.519593214151087,51332700
2025-08-04,22.74188995361328,22.88686550474599,22.616243124091223,22.654904254240826,57010700
2025-08-05,23.9210262298584,24.05633649539151,23.457103739347076,23.457103739347076,113955100
2025-08-06,23.128494262695312,23.882367938491935,23.060839121889394,23.853373931554728,65689200
2025-08-07,23.41844367980957,23.65040493566105,23.138157853621436,23.36045382671275,45494400
2025-08-08,23.75672149658203,23.785717345221403,23.350788832951896,23.47643566692496,36377000
2025-08-11,23.75672149658203,24.085333740638053,23.708396925647293,23.776052062341613,38115700
2025-08-12,23.824377059936523,23.94035861310686,23.650405651913147,23.834042342989406,34402700
2025-08-13,24.31729507446289,24.355956206101457,23.91136240957906,23.9210276924887,40176500
2025-08-14,24.268970489501953,24.336625626366537,23.988682815675283,24.249639923693724,32514000
2025-08-15,24.297964096069336,24.452604933069388,24.13365797632376,24.375284514569362,31844800
2025-08-18,24.230308532714844,24.3849493669859,24.172318680729237,24.29796366727541,35623300
2025-08-19,24.471935272216797,24.578251537970072,24.25930458417442,24.297963871334773,29170500
2025-08-20,24.529926300048828,24.829544546352697,24.4912670110361,24.539591583168075,38111000
2025-08-21,24.87786865234375,25.0228442094875,24.520262400953452,24.558921689241814,37068100
2025-08-22,25.013179779052734,25.23547760727805,24.897200066770587,25.032510345587855,34560500
2025-08-25,24.297964096069336,25.022843710806146,24.268970091296946,25.01317842806062,32684200
2025-08-26,24.0853328704834,24.394614537606113,24.03700830129453,24.297963555764227,43938700
2025-08-27,24.230308532714844,24.326959515000294,24.01767784645818,24.172318680729237,31840300
2025-08-28,23.776052474975586,24.230309717424102,23.689066771012044,24.230309717424102,44306800
2025-08-29,23.930694580078125,24.046674295842433,23.689068021527415,23.85337415508047,37030000
2025-09-02,24.14332389831543,24.230309601864114,23.882366787669373,23.901697353672247,44725000
2025-09-03,23.959688186645508,24.27863514032075,23.892031208078127,24.046672043589506,30957600
2025-09-04,23.718063354492188,23.95002462442199,23.53442665783198,23.95002462442199,41695500
2025-09-05,24.046672821044922,24.056338104009892,23.689066568662117,23.74705642298772,34613200
2025-09-08,23.727725982666016,24.13365865202258,23.495764720671442,24.066003514373858,49242900
2025-09-09,23.882366180419922,23.95968844246536,23.689066055698902,23.72772534325743,32751300
2025-09-10,23.747055053710938,23.824375469508116,23.63107535174723,23.814710187100452,32975900
2025-09-11,24.02734375,24.02734375,23.71806207346476,23.776051926949066,36784100
2025-09-12,23.07050323486328,24.008013562042585,23.041507385932867,23.97901771311217,81378200
2025-09-15,23.167152404785156,23.31212980614248,22.886866571987085,23.186482970761364,50760200
2025-09-16,23.099496841430664,23.408778517490596,23.07050283646517,23.15748669482585,57010800
2025-09-17,23.24447250366211,23.573084746854683,23.09949694777461,23.176817367145556,46351600
2025-09-18,23.341123580932617,23.428109283501527,23.157486892902227,23.244472595471137,34419000
2025-09-19,23.225143432617188,23.437774121827903,23.02217618265153,23.437774121827903,86577600
2025-09-22,23.23480987548828,23.969352963425884,23.225144592296434,23.466771141699777,67863300
2025-09-23,23.321792602539062,23.544090418206842,23.244472184230673,23.292798597838534,38955200
2025-09-24,23.28313446044922,23.370120165758134,23.176818188746257,23.360454882561115,39669400
2025-09-25,22.809545516967773,23.341123162274947,22.790214951529357,23.28313330942388,56738300
2025-09-26,22.964187622070312,23.012512194871583,22.81921206020222,22.93519177231098,33374500
2025-09-29,23.051172256469727,23.060837539273596,22.848205004516846,22.993182403110705,39184300
2025-09-30,24.626577377319336,24.771552937706648,23.01251195982159,23.05117309243915,164867300
2025-10-01,26.29863166809082,26.530594768204395,24.723227442048053,25.10016425367027,150879900
2025-10-02,26.17298698425293,26.25997268694496,25.72839503135076,26.02801142758762,69684100
2025-10-03,26.45327377319336,26.762555441989992,26.13432682181381,26.288967656212126,70524000
2025-10-06,25.544757843017578,26.443608857597233,25.50609671214938,26.356623156607963,62945600
2025-10-07,25.390117645263672,25.68973404317355,25.17748510706731,25.5350932027385,47744200
2025-10-08,24.81987762451172,25.612412353320583,24.771551212106214,25.535091936935917,48693300
2025-10-09,24.394615173339844,25.032509089270263,24.36561932499239,24.91652938280884,47278700
2025-10-10,23.950023651123047,24.56858701246488,23.79538281078759,24.413946172129425,64963900
2025-10-13,23.901697158813477,24.114329696183102,23.785717450670248,24.008013427498287,45356600
2025-10-14,23.698732376098633,23.959689491535364,23.660071243383143,23.824377370495426,42277000
2025-10-15,23.573083877563477,23.75672055809669,23.39911247952824,23.669734859079067,47729800
2025-10-16,23.41844367980957,23.785717050839224,23.399113114289232,23.621410930844736,44390000
2025-10-17,23.689067840576172,23.708398407544014,23.350790292496274,23.389451426431958,40101900
2025-10-20,23.863039016723633,23.901698306806765,23.68906760268876,23.747057459545612,35856800
2025-10-21,24.01767921447754,24.12399364192934,23.776052666733225,23.89203237731051,40726900
2025-10-22,23.892032623291016,24.094999884087304,23.795383477969647,23.959689605865965,48662900
2025-10-23,23.843708038330078,23.950024310285876,23.68906719373853,23.93069374384586,34219900
2025-10-24,23.930694580078125,23.99834972151803,23.85337415508047,23.87270472219597,27429200
2025-10-27,23.940359115600586,23.969353121903552,23.805046993484368,23.911363265833337,34974900
2025-10-28,23.679401397705078,23.95002379161169,23.563419845041032,23.95002379161169,50152400
2025-10-29,23.476436614990234,23.805047028852545,23.418444915369573,23.70839788308002,65438400
2025-10-30,23.476436614990234,23.87270401174332,23.34112449267298,23.495765338066168,157478000
2025-10-31,23.824377059936523,23.901697480895333,23.3507892511308,23.466770804301134,132697400
2025-11-03,23.834041595458984,23.921027296742455,23.59241505710805,23.766386459674994,140871300
2025-11-04,23.486099243164062,24.35595627277062,23.389450100731537,23.57308494612472,166162000
2025-11-05,23.785717010498047,23.843706863496514,23.35078850434905,23.563419194319565,107240900
2025-11-06,24.01767921447754,24.288299768134042,23.718062811444586,23.92102822668696,124137200
2025-11-07,24.02751350402832,24.224217357629197,23.712785837527026,23.92916063926545,117794500
2025-11-10,23.98817253112793,24.47993499794679,23.51608101320381,24.2537247134321,148958600
2025-11-11,25.0897216796875,25.0897216796875,24.037350284171172,24.086525781262136,139673800
2025-11-12,25.443790435791016,25.522472354137502,24.834004161662058,24.98153252407111,96008000
2025-11-13,25.365108489990234,26.043739331522325,25.247084674635797,25.512636852239606,123083100
2025-11-14,24.64713478088379,25.34543847254041,24.558617385097385,25.24708560211941,96507600
2025-11-17,24.666805267333984,25.148732259837097,24.538947851333134,24.69631169068415,88042200
2025-11-18,25.030710220336914,25.08972119088139,24.568452302617867,24.637298747573915,66511800
2025-11-19,24.4700984954834,25.079884754127956,24.312734662786387,24.932356395465117,62000200
2025-11-20,23.99800682067871,24.58812212690951,23.879984884987458,24.479933789255156,51983200
2025-11-21,24.627464294433594,25.09955579425616,24.1848773408969,24.1848773408969,73079400
2025-11-24,24.80449867248535,25.05037991106404,24.637299355214843,24.696312203139712,63074900
2025-11-25,25.296260833740234,25.54214206924833,24.94219313023754,24.95202860476886,39130300
2025-11-26,25.28642463684082,25.38477750341936,25.158567223436144,25.276591038515374,33461000
2025-11-28,25.31593132019043,25.43395513648458,25.237249401302638,25.42411966213299,22627600
2025-12-01,24.853675842285156,25.512637631318288,24.81433394399066,25.335602840842977,53198600
2025-12-02,24.73565101623535,24.902850325329663,24.62746455218013,24.902850325329663,43827000
2025-12-03,25.148731231689453,25.463458897524582,24.883179060169244,24.902850008265155,56121200
2025-12-04,25.27659034729004,25.315930367290704,24.932356261641175,25.207742029420388,35454000
2025-12-05,25.601154327392578,25.68967172021284,25.217578333196478,25.345437623236815,47443700
2025-12-08,25.34543800354004,25.758518550924478,25.335602529087442,25.61099018598538,45209300
2025-12-09,24.91268539428711,25.699504556094794,24.71597966587276,25.571647145772864,43483800
2025-12-10,25.35527229309082,25.36510776708379,24.804497005033756,25.07004917506932,43635400
2025-12-11,25.374942779541016,25.61099041667973,25.18807439103322,25.374942779541016,35570200
2025-12-12,25.42411994934082,25.610990212282186,25.296260657250695,25.414284474878123,51599700
2025-12-15,25.994564056396484,26.210938864467778,25.384777777759325,25.394613252115963,60360000
2025-12-16,25.109392166137695,26.07324614838687,24.509441357874977,26.00439970335835,111695500
2025-12-17,24.627464294433594,25.07004937204542,24.61762882036335,24.981531981338083,61255300
2025-12-18,24.627464294433594,24.81433267399365,24.568451450012127,24.59795787222286,47062500
2025-12-19,24.774993896484375,25.099557053384828,24.568452682497746,24.597959106188682,87590000
2025-12-22,24.794662475585938,24.98153273672138,24.715980556569686,24.784828877143212,38758900
2025-12-23,24.4700984954834,24.922520921430948,24.420923001237405,24.84383900508244,43692900
2025-12-24,24.617630004882812,24.725816473011353,24.49960618628582,24.509441660829314,19328500
2025-12-26,24.676639556884766,24.696310504840337,24.509440251112107,24.607793114965116,21617800
2025-12-29,24.588123321533203,24.784829058475445,24.558616898214385,24.637298817806297,33067700
2025-12-30,24.57828712463379,24.637298093611903,24.509440681505172,24.597958072934787,28821700
2025-12-31,24.489770889282227,24.60779470873484,24.47009994005263,24.55861733566085,29409200
2026-01-02,24.76515769958496,24.883179639056387,24.42092360359764,24.568451965899374,35976700
2026-01-05,24.755321502685547,24.98153177667332,24.538946702687436,24.784827924654547,52620900
2026-01-06,25.01103973388672,25.581484128828816,24.774993971420155,24.774993971420155,50977300
2026-01-07,24.863510131835938,25.38477712791912,24.725815370292846,25.16840232538694,51395800
2026-01-08,24.87334632873535,25.13889663358356,24.706147015943927,24.76515798636298,42977300
2026-01-09,25.06021499633789,25.129061441922207,24.81433376157965,24.922522105169257,34190200
2026-01-12,24.853675842285156,25.3454383154166,24.676641051809842,25.158568050367663,50256300
2026-01-13,24.73565101623535,24.971696768617043,24.55861623296786,24.902850325329663,47656100
2026-01-14,25.158567428588867,25.28642484303614,24.784828783652678,24.814333330719403,53738100
2026-01-15,25.463459014892578,25.463459014892578,24.834003680320997,25.129060399420208,55263200
2026-01-16,25.227413177490234,25.463458927141126,25.12906031282115,25.463458927141126,59470600
2026-01-20,25.09955596923828,25.227413381193095,24.67663996089371,25.011038577913844,55425400
2026-01-21,25.463459014892578,25.492965437172447,24.96186109168402,25.05037848259876,47264100
2026-01-22,25.670000076293945,25.8765394033302,25.325765988641994,25.47329434737144,49883900
2026-01-23,25.649999618530273,25.690000534057617,25.510000228881836,25.579999923706055,45402300
2026-01-26,25.8799991607666,25.920000076293945,25.600000381469727,25.6299991607666,41441900
2026-01-27,26.5,26.829999923706055,25.899999618530273,25.940000534057617,75575400
2026-01-28,25.860000610351562,26.389999389648438,25.760000228881836,26.270000457763672,44976700
2026-01-29,26.100000381469727,26.229999542236328,25.8799991607666,25.899999618530273,44373800
2026-01-30,26.440000534057617,26.469999313354492,25.899999618530273,26.1299991607666,51599400
2026-02-02,26.65999984741211,26.690000534057617,26.350000381469727,26.420000076293945,52129500
2026-02-03,25.770000457763672,26.110000610351562,25.260000228881836,25.360000610351562,91964900
2026-02-04,26.780000686645508,26.979999542236328,25.860000610351562,25.8799991607666,83025800
2026-02-05,26.489999771118164,27.190000534057617,26.459999084472656,26.760000228881836,72650700
2026-02-06,27.219999313354492,27.3700008392334,26.520000457763672,26.670000076293945,50691600
2026-02-09,27.049999237060547,27.3700008392334,26.790000915527344,27.18000030517578,49288200
2026-02-10,27.610000610351562,27.729999542236328,27.09000015258789,27.18000030517578,43760600
2026-02-11,27.729999542236328,27.940000534057617,27.309999465942383,27.549999237060547,41699300
2026-02-12,27.469999313354492,27.889999389648438,27.40999984741211,27.649999618530273,58805100
2026-02-13,27.579999923706055,27.940000534057617,27.549999237060547,27.600000381469727,36986700
2026-02-17,27.3700008392334,27.8700008392334,27.200000762939453,27.84000015258789,32119900
2026-02-18,27.3700008392334,27.479999542236328,27.209999084472656,27.440000534057617,24779800
2026-02-19,26.860000610351562,27.399999618530273,26.579999923706055,27.3700008392334,40316800
2026-02-20,26.649999618530273,26.780000686645508,26.360000610351562,26.709999084472656,44786900
2026-02-23,27.059999465942383,27.110000610351562,26.5,26.559999465942383,34125100
