Date,Close,High,Low,Open,Volume
2016-02-25,67.3875503540039,67.47719624380287,66.53244988900389,67.00137696875572,2146400
2016-02-26,67.19451141357422,67.93927414850627,67.17382429055131,67.5599979502362,2372900
2016-02-29,66.58073425292969,67.38066574073335,66.55314968283732,67.1944764691333,3124000
2016-03-01,67.82891845703125,67.89097980540798,66.91175105985235,67.1875915510395,2666900
2016-03-02,68.11163330078125,68.24955614084875,67.62891651359095,67.6427061669885,2605000
2016-03-03,68.69782257080078,68.8012581640882,67.82202929868431,67.88409591587718,2541400
2016-03-04,69.23567962646484,69.8011500975984,68.62193747832787,68.649522045361,3789700
2016-03-07,69.85633087158203,69.90460255662879,68.80124073632726,68.93226613626236,3349700
2016-03-08,69.38740539550781,70.09079357521952,69.2150057644666,69.332236250882,2985100
2016-03-09,68.65643310546875,69.06329900447638,68.19440331845607,68.61505887416004,3442800
2016-03-10,68.87022399902344,69.00124417427168,68.16683037939374,69.00124417427168,2455200
2016-03-11,69.52532196044922,69.71840870254476,69.07708187417362,69.07708187417362,2315100
2016-03-14,69.84942626953125,70.06320010127192,69.2908532195154,69.34601709591334,2097100
2016-03-15,69.9390869140625,70.02184063793011,69.36671882838904,69.62876965669334,1796300
2016-03-16,70.11148071289062,70.42869540276757,69.44256930242912,69.78736856462831,2252200
2016-03-17,71.54585266113281,71.98029787240954,70.75281324204259,71.1182996475766,4641200
2016-03-18,72.40095520019531,72.69059060935955,71.60102356379346,71.64929525511755,4963700
2016-03-21,72.51129150390625,72.73196283834127,72.01477968612255,72.14580509948759,2789700
2016-03-22,72.31128692626953,72.62850155138408,71.93200571079663,72.0354465205818,2482600
2016-03-23,72.3250732421875,72.55264196097204,72.10440198006192,72.22852989383368,2210400
2016-03-24,72.70437622070312,72.74575045061584,71.93202394127586,71.94581885872641,1996700
2016-03-28,72.44923400878906,72.80093080082578,72.32510603873023,72.66990537098027,1930900
2016-03-29,73.16638946533203,73.30431230258623,72.14578677574234,72.35266313979622,1988400
2016-03-30,72.91126251220703,73.5181073879929,72.86988301845312,73.34570773747444,2277700
2016-03-31,72.73194122314453,73.02846873390595,72.58712619619845,72.8560691407009,3303900
2016-04-01,72.37336730957031,72.62852067272036,72.00098871425443,72.3526801944105,2764400
2016-04-04,72.3250732421875,72.91812824562835,72.16646856755675,72.43541150385924,2796200
2016-04-05,71.66307830810547,72.22854889488586,71.53895036167957,71.99408791898098,2178700
2016-04-06,72.18025970458984,72.29059796853153,71.35274376989926,71.73201971445827,2411100
2016-04-07,71.71134185791016,72.02855651584446,71.31137875256088,71.64238306465812,2107700
2016-04-08,71.9320068359375,72.62850268741934,71.74581758438639,72.0492425615108,1735100
2016-04-11,71.62171173095703,72.62162760643815,71.58033749813487,72.13891068611343,1922500
2016-04-12,72.56645202636719,72.8422872157059,71.71824356161557,71.76651524587174,2555700
2016-04-13,72.78024291992188,73.20779598147031,72.73197122436159,72.80093003784482,2000900
2016-04-14,72.4630355834961,73.08367549079091,72.26994878149789,72.83541952787299,2092000
2016-04-15,72.78024291992188,73.0836680127124,72.4975049450543,72.60094579588927,2668400
2016-04-18,73.2215805053711,73.27674965677731,72.46302308780517,72.75955070008874,1333400
2016-04-19,73.67669677734375,73.79393251380954,73.21466707286262,73.27673366995849,2032000
2016-04-20,73.21467590332031,73.93185901797315,73.19398878886618,73.75256192400511,1952800
2016-04-21,72.40095520019531,73.14572294738376,72.35958096798032,72.95953364119653,2187300
2016-04-22,72.76644134521484,73.09745098536828,72.53887780765533,72.68369288109129,2166400
2016-04-25,72.45613098144531,72.62163318667096,72.00789080028976,72.46992063970568,1732100
2016-04-26,73.25605010986328,73.33879856171158,72.6216154987855,72.63541041490619,2216300
2016-04-27,73.41465759277344,73.66981093846482,72.71816161647256,73.29052964908831,2871900
2016-04-28,72.34578704833984,73.46983080078273,71.759624066659,72.47680719637414,4210000
2016-04-29,72.45613098144531,72.71128437963422,71.97341402402871,72.15270588751474,2516700
2016-05-02,72.24234771728516,72.82160799110824,72.11821976414883,72.62852123316722,2905300
2016-05-03,71.98030090332031,72.11822378183295,71.13899501988259,71.84238328602754,2171900
2016-05-04,71.10450744628906,71.71824973950845,71.02865118432088,71.46999383874336,2524800
2016-05-05,70.43557739257812,71.32515992503437,70.33213658439148,71.23551403058892,3945400
2016-05-06,70.4149169921875,70.79419834566396,69.40120615764137,70.60110630857227,3658500
2016-05-09,70.81489562988281,70.94591581162354,70.3390708201558,70.53215762374914,2476200
2016-05-10,71.4769058227539,71.49069548172339,70.81489170658769,70.81489170658769,2346300
2016-05-11,70.64936065673828,71.76651206442453,70.64936065673828,71.6010099059143,2646500
2016-05-12,70.73274993896484,71.1357868199074,69.98921894212776,70.96206457483721,3391700
2016-05-13,69.94754028320312,70.98292357156214,69.57924460196371,70.64937446641918,2838500
2016-05-16,70.63546752929688,70.843931047223,69.96142435467961,70.05870839002826,2113900
2016-05-17,70.24634552001953,71.12190738196445,69.98923991329066,70.58684503952153,2465100
2016-05-18,70.39227294921875,70.76056335011792,69.52366151253828,70.07261927512688,3444600
2016-05-19,70.38533020019531,70.78141684617799,69.80857087136214,70.01008938269845,2475700
2016-05-20,70.53820037841797,71.15665130899168,70.42006519157505,70.62158368491464,2917000
2016-05-23,70.24634552001953,70.73972150924344,70.19075841414374,70.72582075658667,2562500
2016-05-24,70.86478424072266,71.12188978383432,70.5173397324464,70.53123518008117,2444600
2016-05-25,71.08717346191406,71.34427909525662,70.98293901253373,70.98293901253373,1650500
2016-05-26,71.1913833618164,71.4345987784742,71.01766109367964,71.26087651033743,1835500
2016-05-27,71.55967712402344,71.79593685765808,71.30256626543625,71.44154195562336,1987700
2016-05-31,71.63611602783203,72.0044117106068,71.46239374979199,71.83763450654847,3200100
2016-06-01,71.49713897705078,71.64306505166115,71.10800277808978,71.62916960237672,1765400
2016-06-02,71.60832214355469,71.71255126476709,71.35816164947897,71.39290292268879,2229400
2016-06-03,71.656982421875,71.74731611713251,70.84395795822012,71.30953779176782,2001900
2016-06-06,71.6500244140625,72.2128829583844,71.44155553756651,71.57358617945289,2172300
2016-06-07,72.17811584472656,72.59504814689883,71.64999876779804,71.74728279491885,1921000
2016-06-08,72.74794006347656,72.92860740858164,72.13643427517322,72.19897704969651,1908400
2016-06-09,72.94251251220703,73.03284619015047,72.34490743883772,72.39354946566624,1610900
2016-06-10,72.62981414794922,72.64371490031878,72.14339384668781,72.49778880994036,2640800
2016-06-13,72.01829528808594,72.78267212513954,71.99744946641084,72.58115367964301,2593700
2016-06-14,72.08087158203125,72.28933519732833,71.63613753924427,72.01832878633277,1916700
2016-06-15,72.1920166015625,72.7340291644176,72.17117078015765,72.36573884871258,2829300
2016-06-16,72.41439819335938,72.5047318749231,71.51104547297167,71.88628095121081,2653000
2016-06-17,72.97723388671875,73.00503008040978,72.33793733657068,72.44217173751656,3417200
2016-06-20,73.72773742675781,74.1446698545867,73.17877436450947,73.18572474042193,3223800
2016-06-21,74.12382507324219,74.31839318886597,73.60960858172457,73.88756530472291,3688100
2016-06-22,73.6235122680664,74.19332122824216,73.2899684044233,74.0265492964206,3590700
2016-06-23,74.50601196289062,74.75617246910336,74.10297500270529,74.19330867933309,3040500
2016-06-24,72.5533676147461,73.35943614880696,72.12253449897979,72.69929367776791,3627400
2016-06-27,72.10863494873047,72.1850731689538,71.24697400444694,71.85152939123627,3609400
2016-06-28,72.74794006347656,72.99810055840375,72.05999605163531,72.58116286580311,3198400
2016-06-29,73.89448547363281,74.1307504641045,73.1787507317134,73.31773169716195,2728600
2016-06-30,74.85346984863281,74.86736530074832,73.74859319921154,74.17247606012096,2673000
2016-07-01,75.29817962646484,75.43715531905123,74.58938981015888,74.77006245178745,2793400
2016-07-05,75.3606948852539,75.40239182200601,74.72834877831077,75.18697266993374,2823100
2016-07-06,74.85346984863281,75.38853223121885,74.13078440219026,75.26345195584256,3267500
2016-07-07,74.94379425048828,75.19395477022822,74.7214299331176,74.8326147425947,2343800
2016-07-08,76.1042709350586,76.33358566779641,75.35379454854713,75.36073962414444,2445700
2016-07-11,76.44474792480469,76.653211464445,75.79155050378277,75.80544595245898,2239500
2016-07-12,76.63932800292969,76.9520260120907,76.34747582083493,76.78525409397707,2370400
2016-07-13,76.98675537109375,77.06319358762796,76.42389695987137,76.66710705721545,1792800
2016-07-14,77.4801254272461,77.70944007532984,77.1257305439878,77.38979176356877,2514500
2016-07-15,77.15355682373047,77.68862454455358,76.9311924635608,77.68862454455358,2280500
2016-07-18,77.0632095336914,77.39675336432867,76.86864141555574,77.15354321665909,1964400
2016-07-19,76.88251495361328,76.98674935907306,76.63235450114266,76.85471875871853,1431900
2016-07-20,76.84778594970703,77.09794645935686,76.66711859396915,76.92422417774355,1329300
2016-07-21,76.36135864257812,76.78524139476636,76.15288980322617,76.69490772522468,1198600
2016-07-22,76.6879653930664,76.76440362207332,76.13900234000921,76.27797804643085,2012400
2016-07-25,76.50727844238281,76.72964271207123,76.37525313641875,76.57676628261375,1323600
2016-07-26,76.69490051269531,76.73659215601182,76.3127094436863,76.61151192447998,1404100
2016-07-27,75.60395050048828,76.77136462135822,75.50666643221446,76.51425369715793,4763800
2016-07-28,75.55528259277344,75.7498506626921,75.19393734728256,75.23562899038447,4481700
2016-07-29,75.11749267578125,75.35375767007163,73.63043078172788,74.35311590899579,3993900
2016-08-01,75.05498504638672,75.43717093088463,74.79092375360872,75.14531873510427,2834700
2016-08-02,74.67276763916016,75.13834197393182,74.29752696138564,74.98547085476329,2440300
2016-08-03,75.2495346069336,75.3051270023872,74.63108378686441,74.63108378686441,2335000
2016-08-04,74.93684387207031,75.74291783600253,74.89515221930951,75.31903502765603,2196000
2016-08-05,75.59699249267578,75.68038110060039,75.00633776589797,75.09667144829528,2413000
2016-08-08,75.7151107788086,76.02781403443473,75.43715409655739,75.80544444736756,2037000
2016-08-09,76.19461059570312,76.4378207833332,75.74293150348471,75.79157354101072,1790400
2016-08-10,76.35442352294922,76.43781213566741,76.01392929878836,76.17375614776893,1519500
2016-08-11,77.0632095336914,77.15354321665909,76.36832036801626,76.3961165708333,2786800
2016-08-12,76.9162368774414,77.02120426610267,76.71329102747174,76.95822383290592,1700600
2016-08-15,76.87423706054688,77.50406802655793,76.84624397993147,77.00720285868648,1548800
2016-08-16,76.84627532958984,76.9582476977309,76.51736317209595,76.51736317209595,1267300
2016-08-17,77.14715576171875,77.19614231346516,76.64329103567935,76.84623684695265,1542700
2016-08-18,77.3221206665039,77.34311414353792,76.95822127326714,77.00020822733515,1833400
2016-08-19,77.37812042236328,77.49708703920814,77.03521444593109,77.27314767962083,1613300
2016-08-22,76.86027526855469,77.24516827460519,76.74830289935979,77.24516827460519,2061500
2016-08-23,76.58732604980469,77.14717170846768,76.55933296600132,76.86025194296904,2150000
2016-08-24,76.72726440429688,76.8182378965475,76.32137281277876,76.60129823241654,2774100
2016-08-25,76.5103530883789,76.76228552548426,76.2934080047333,76.76228552548426,1845000
2016-08-26,76.24441528320312,76.85325284691082,75.99248286643683,76.43336726534527,1922900
2016-08-29,76.3633804321289,76.5383331871464,76.21642075861033,76.45435394264963,1924600
2016-08-30,76.54533386230469,76.68529928151861,76.30740065834325,76.48235342800953,1360100
2016-08-31,76.43338775634766,76.56635360615854,76.05548902988747,76.32141539037296,2272800
2016-09-01,76.62933349609375,76.979239128496,76.37740101363323,76.63633310369994,2739200
2016-09-02,76.69231414794922,77.27315878065052,76.41239391260348,77.18218523807678,1920300
2016-09-06,76.62933349609375,76.6503269797761,76.11147465509656,76.6433273721699,1789600
2016-09-07,76.61532592773438,76.74129214645264,76.30040771137112,76.54534054245235,1517800
2016-09-08,76.2374267578125,76.60132619880439,76.2374267578125,76.44037262766508,2524900
2016-09-09,75.3206787109375,76.27942199200852,75.30668483593854,75.88752942240791,3533700
2016-09-12,75.96450805664062,76.20944090933256,74.95677821798158,75.1247314113795,2718400
2016-09-13,74.78181457519531,75.4186398998627,74.55087563079654,75.39764642112372,3023600
2016-09-14,74.78181457519531,75.11772091328899,74.22896316548385,74.22896316548385,1955300
2016-09-15,74.93575286865234,75.1037059906257,74.4668808444461,74.62083475842714,2134200
2016-09-16,74.78181457519531,75.01974778641708,74.29194894083578,74.61386140614847,3618600
2016-09-19,74.9637680053711,75.38365360343252,74.84479605896007,74.99176109045986,2168900
2016-09-20,75.82453155517578,76.08346358405267,75.29267362465285,75.29267362465285,3242400
2016-09-21,76.7413101196289,76.90926333754358,76.04849308484988,76.39140446781036,2937500
2016-09-22,76.748291015625,77.48309489206403,76.63632400290355,76.9932238613928,2693800
2016-09-23,76.42636108398438,76.93022587416539,76.41936147880564,76.65030039749433,1651600
2016-09-26,76.16744995117188,76.47536859378339,76.02049023696253,76.34240275463098,2360800
2016-09-27,76.98621368408203,77.14017296650105,75.93649712846266,76.1814299236136,2466000
2016-09-28,76.45437622070312,76.83227492235304,76.04149016133537,76.81128143989514,2752700
2016-09-29,75.7265625,76.6573125936753,75.71956289367158,76.53134637544004,2473400
2016-09-30,76.53132629394531,76.83224521748443,76.02046194872446,76.15342773839849,2952500
2016-10-03,76.4053726196289,76.5313388254373,75.79653506836587,76.5313388254373,1445300
2016-10-04,75.94348907470703,76.56632579068494,75.73354897347718,76.41236651296913,1742000
2016-10-05,76.39138793945312,76.65031464872901,75.85253036232557,75.94350389002582,3019100
2016-10-06,76.3633804321289,76.60131361616821,76.0344683984345,76.21642075861033,1861600
2016-10-07,76.13946533203125,76.53135791937142,75.91552594796029,76.30741853530046,1443000
2016-10-10,76.31439971923828,76.7062922119697,76.25141394625801,76.47535327626663,1307700
2016-10-11,76.0694808959961,76.58034545876802,75.78956066672856,76.20944634976601,1944400
2016-10-12,76.09744262695312,76.32138192156333,75.88750254151888,76.3003884469333,1483900
2016-10-13,75.78953552246094,76.08345486916157,75.1317114558253,75.71255588321063,2088600
2016-10-14,75.87350463867188,76.3213832356035,75.8665103730974,76.07645046214621,1566000
2016-10-17,75.6005859375,76.11844461310517,75.51661202958996,75.79653217480279,1759900
2016-10-18,75.6705551147461,76.25839908143081,75.61457429721774,75.8944944022608,1692300
2016-10-19,75.61458587646484,75.95049218960908,75.43963311445464,75.74055207867758,1991400
2016-10-20,75.15972137451172,75.51662656925002,75.0127616682396,75.51662656925002,1946100
2016-10-21,74.99176788330078,75.03375484516964,74.45291029001798,74.6978431328122,2816400
2016-10-24,75.89449310302734,75.94347965448466,75.4046275884542,75.45361413991152,1808300
2016-10-25,75.46762084960938,76.09045759430079,75.42563389525462,75.86651827251782,2242500
2016-10-26,76.00647735595703,76.30739631622525,75.292667106421,75.29966671176712,3310100
2016-10-27,75.6355972290039,76.45437506732546,74.08901508801793,76.45437506732546,3532000
2016-10-28,75.3696517944336,75.90150971452475,74.87278656428147,75.78954271716259,2397500
2016-10-31,75.41165161132812,75.71956488913479,75.25069269634422,75.6355909675218,2328700
2016-11-01,74.767822265625,75.60059926005071,74.29195579925086,75.59359965344655,2906600
2016-11-02,74.8097915649414,75.17369090944095,74.59984614445032,74.8237854347117,2568900
2016-11-03,75.2157211303711,75.69858729840911,74.65586995280245,75.0337686967908,2245500
2016-11-04,74.83780670166016,75.61459751164475,74.80281400821978,75.15271958608184,2559300
2016-11-07,76.83926391601562,76.83926391601562,75.55160866538604,75.55160866538604,3615400
2016-11-08,78.39983367919922,78.994672023614,76.63631212389008,76.70629216338568,5834300
2016-11-09,79.42167663574219,79.42167663574219,77.68807186997687,77.75149925399835,6744000
2016-11-10,79.85154724121094,80.41532345564002,79.50623713257157,79.56966451056485,4532600
2016-11-11,80.49988555908203,80.55625887510926,79.63308063427563,79.72469197731694,3092600
2016-11-14,79.56965637207031,80.86633400543538,79.52032098502804,80.69720330903296,3396800
2016-11-15,79.75995635986328,79.86566509926736,79.03409792669561,79.64719893741363,3690800
2016-11-16,79.49917602539062,79.90791344813647,79.1820553146964,79.759923424708,2297800
2016-11-17,79.97842407226562,80.02775410471747,79.28780361793967,79.57673512899473,1621400
2016-11-18,80.4012451171875,80.55628388166818,79.80928479088276,80.14755167489241,1992400
2016-11-21,80.83110809326172,80.85225413797801,80.0700171571052,80.40122991903185,1942500
2016-11-22,80.78177642822266,81.04252387538642,80.6196943913503,81.00024253995338,1987300
2016-11-23,81.521728515625,81.57105853034304,80.93681164356234,80.93681164356234,1855400
2016-11-25,81.93046569824219,82.02207704622364,81.58515021990092,81.59924758209398,1077600
2016-11-28,81.52877807617188,82.07845692512157,81.35964198682703,81.93046687937115,2659100
2016-11-29,81.944580078125,82.08552685573248,81.5851725159382,81.704978621047,2772400
2016-11-30,81.69086456298828,82.4237715270818,81.69086456298828,82.0714127199158,3353600
2016-12-01,82.05028533935547,82.2828434801231,81.66268843807607,81.77544585538266,2485200
2016-12-02,81.993896484375,82.4590127083545,81.74724638525053,82.23350327821657,2088700
2016-12-05,82.14190673828125,82.41674625581285,82.0009653260082,82.38856227461443,2310000
2016-12-06,82.12781524658203,82.25466466902644,81.76840765356117,82.09962588864214,1755400
2016-12-07,83.5936279296875,83.71342866611053,81.93753678737433,81.93753678737433,2539300
2016-12-08,83.84730529785156,84.05166867750084,83.26238837935524,83.8613972846461,2157800
2016-12-09,84.28423309326172,84.41813117239288,83.46676338376376,83.79798155220237,3196800
2016-12-12,84.65773010253906,84.87619623202491,84.09395920352848,84.15033790640025,2760200
2016-12-13,84.67887115478516,84.86914254504522,84.11509491245306,84.7986718588959,3123400
2016-12-14,82.63518524169922,84.50973121561286,82.40262714906314,84.46040119989324,4983900
2016-12-15,82.6492691040039,83.07209853669298,82.05730897355278,82.59993909313297,3045700
2016-12-16,81.61334991455078,82.82546514154295,81.10595234264065,82.71975641796685,5543300
2016-12-19,82.43785858154297,82.66336797486693,81.78951437123958,81.93046110242207,2209900
2016-12-20,82.81842041015625,82.99459983233088,82.52948895360589,82.5858676590784,2074900
2016-12-21,81.81774139404297,82.74796874193925,81.76136267560791,82.48017789422853,3028400
2016-12-22,81.95865631103516,82.26872838867953,81.59924884152198,82.19825770633165,1969700
2016-12-23,81.72608947753906,82.12777823817571,81.66266210661335,81.97273952765492,1229800
2016-12-27,81.83883666992188,82.29690409409929,81.79655534283606,81.95864272427761,990800
2016-12-28,81.18346405029297,81.94456033630304,81.13413403415724,81.87408965276178,1541700
2016-12-29,81.02843475341797,81.3948855521182,80.71130859675417,81.20461415937494,1412300
2016-12-30,80.78882598876953,81.34555354315985,80.59150591917674,81.21165547740675,1734000
2017-01-03,81.09890747070312,81.79657643031877,80.78882998795443,81.4089795768829,2390700
2017-01-04,81.12004089355469,81.64153039622026,81.014332181463,81.25393895397536,1830800
2017-01-05,81.1623306274414,81.73315558118509,80.93682119403927,81.042529917071,1856200
2017-01-06,81.32442474365234,81.50765285354386,80.70426971834863,81.04253658456605,1767000
2017-01-09,80.88043212890625,81.17641759078633,80.69016075308248,81.04251953366364,1965200
2017-01-10,80.28143310546875,80.90863138156077,79.92203097640632,80.78178198995963,2892600
2017-01-11,80.46466827392578,80.66903705483902,80.08412006566347,80.08412006566347,2302700
2017-01-12,80.27437591552734,80.48578794724988,79.84449779481974,80.48578794724988,1917000
2017-01-13,80.50694274902344,80.76064153289201,80.3589526878616,80.47875339786371,1788000
2017-01-17,80.38714599609375,80.4153353486411,79.9220351204855,80.11935521174775,2474700
2017-01-18,81.01434326171875,81.3596534169821,80.35190692680732,80.59856241427889,2040000
2017-01-19,80.52808380126953,81.14823877659525,80.3448610827133,81.02138938405763,1848000
2017-01-20,81.01434326171875,81.04253261390319,80.56332437990604,80.64789243645936,2372900
2017-01-23,80.6619873046875,81.07072486110405,80.43647785572826,81.03548682547287,1689500
2017-01-24,81.78247833251953,81.93046838098229,80.44351383845877,80.76063460279778,2157200
2017-01-25,82.44490814208984,82.54356817312048,81.65562789384472,81.90932665265736,2045000
2017-01-26,82.40265655517578,82.70568543889719,82.12781703000643,82.43084591372782,1796400
2017-01-27,83.2201156616211,83.29059173715272,82.16303904748305,82.45197590276757,2283800
2017-01-30,82.4731216430664,83.10032004253965,81.9304913134863,83.0932767358094,2910300
2017-01-31,76.90582275390625,78.79446596510002,76.58870201339208,78.79446596510002,12755500
2017-02-01,74.24201202392578,76.49711199327113,72.74801387242546,75.96152501127328,14684600
2017-02-02,74.0658187866211,74.4886482718893,73.57956729801853,74.19971685130733,4353400
2017-02-03,75.36956024169922,75.5457396769314,74.22792094239928,74.4886630655383,4859700
2017-02-06,74.74232482910156,75.40476089767606,74.52386415821722,75.1369702244447,3444300
2017-02-07,74.48161315917969,75.04538407602313,74.21381700035253,74.96786470126465,3589500
2017-02-08,74.81282043457031,74.98195114733873,74.35475293494444,74.56616498176287,3398500
2017-02-09,75.02423095703125,75.41182776650903,74.71415350944902,74.81281891450834,2416000
2017-02-10,75.64437866210938,75.7571360500063,74.88328780007788,75.05241850535508,4012800
2017-02-13,76.46186065673828,76.48300132477948,75.77828371503996,75.86990044531005,3877700
2017-02-14,76.80716705322266,77.05381712934977,75.84170741572963,76.58870632530557,5878800
2017-02-15,76.82832336425781,76.934032097428,76.30683375760626,76.72262000765713,2843000
2017-02-16,76.13949584960938,76.78570586982224,75.741828144863,76.76440301675598,5150000
2017-02-17,75.9122543334961,76.01877401376173,75.56429510125663,75.95486003847594,2919000
2017-02-21,76.49456787109375,76.60108756819811,75.69922693957355,75.91226633378228,3822500
2017-02-22,75.0032958984375,75.86254525471038,74.73344532158397,74.87547336672161,5234400
2017-02-23,74.62691497802734,75.33703884879125,74.48489237100064,75.27313030097378,3976300
2017-02-24,75.40096282958984,75.40806558622917,74.39968543826635,74.46359941238839,2717400
2017-02-27,75.79153442382812,75.8199346152206,75.09561054276067,75.37255846027324,2776200
2017-02-28,75.10272216796875,75.97617172855182,74.90388829784631,75.75603500346149,3793900
2017-03-01,75.89096069335938,76.2531200652824,75.76313814508752,75.96197201621781,3386200
2017-03-02,75.23764038085938,75.97617003760335,75.17373181737808,75.97617003760335,2490900
2017-03-03,75.22344207763672,75.69922389873163,75.10272228741562,75.36546472285958,2732500
2017-03-06,75.34415435791016,75.53589086944794,74.72634995317219,74.93228114287412,2481900
2017-03-07,75.01749420166016,75.55008716811523,74.92518003788831,75.27313925898386,2186500
2017-03-08,75.08142852783203,75.35127375357138,74.73346379459502,75.01751453726752,2269800
2017-03-09,75.20213317871094,75.44357273974887,75.00329932425235,75.36545866580926,2301000
2017-03-10,75.79153442382812,75.87674583363754,75.09561054276067,75.46487262683877,2957100
2017-03-13,76.33122253417969,76.33832529073004,75.4932760491595,75.64950418637245,2644500
2017-03-14,75.8625717163086,76.28154240551976,75.58562370395799,76.11821686891189,2748900
2017-03-15,76.50875091552734,76.89932124524766,75.87674104948222,76.18919731325846,3253800
2017-03-16,76.5513687133789,76.63658012524886,76.18920395948327,76.5513687133789,2409400
2017-03-17,76.7999038696289,77.38220527367055,76.44484190575436,76.62947564395749,4412200
2017-03-20,76.06848907470703,76.83541891995813,75.93356377347762,76.72890464826801,2370900
2017-03-21,75.63529205322266,76.79279196717938,75.5358751486038,76.34541589639451,3088500
2017-03-22,75.64241027832031,76.10399198740373,75.18793132661813,75.95486658929674,2282200
2017-03-23,75.02460479736328,75.90515707692094,74.82577093596151,75.64951199288544,2414200
2017-03-24,74.59851837158203,75.15951148873567,74.42098739536962,75.05299723726057,2526900
2017-03-27,74.40679168701172,74.54881973738429,73.67536483549544,74.19375773817708,2148400
2017-03-28,75.40808868408203,75.64242554679896,74.20797708178505,74.36420526880802,3191600
2017-03-29,75.29444885253906,75.5216883218606,74.88967837850332,75.02460367578733,1889300
2017-03-30,75.7418212890625,75.86963839589059,74.81155525278257,75.13821161180198,1721600
2017-03-31,76.19629669189453,76.48034191784637,75.6139953101886,75.6139953101886,2478100
2017-04-03,75.55718994140625,76.50165610240508,75.329950492381,76.45194764223756,2645900
2017-04-04,75.72052001953125,75.7702284827201,75.06010448412734,75.48618321753591,2138600
2017-04-05,75.79862213134766,76.5371516234779,75.65659952116754,75.94065015934306,2622900
2017-04-06,75.7489242553711,75.9406607654897,75.63530723492191,75.81993557037885,2824600
2017-04-07,74.55592346191406,75.69922363070498,74.49911765471603,75.49328700338933,3212200
2017-04-10,75.57140350341797,75.89805993098808,74.82577646803513,74.88258227705231,3687700
2017-04-11,75.0956039428711,75.38675734830743,74.72634189124615,75.37965459217556,3029400
2017-04-12,74.01625061035156,74.80448351842219,73.98074223185219,74.60564960158867,3036000
2017-04-13,73.66825866699219,74.25056010201335,73.63985305823311,73.98071494552605,2840900
2017-04-17,74.470703125,74.470703125,73.79608209881832,73.89549902178135,1723800
2017-04-18,73.92391967773438,74.37839868030547,73.54045200347433,74.22217050733096,3042300
2017-04-19,74.17955017089844,74.62692632710207,74.08723600407369,74.26476699876312,2047100
2017-04-20,74.93938446044922,75.08850984952983,74.25766607415953,74.38548861020236,2424700
2017-04-21,75.10980987548828,75.36545493795164,74.88257042194485,75.06720417101637,3040600
2017-04-24,75.96194458007812,76.14657828707689,75.47195741904146,75.80571647552645,2441500
2017-04-25,76.23890686035156,76.56556322359283,76.04007302340607,76.04717036200003,2626100
2017-04-26,76.42354583740234,77.11236155748662,75.95486140294045,76.14659791442617,4565600
2017-04-27,77.2828140258789,77.60236773237614,74.9749104941486,76.55138700421209,4672800
2017-04-28,76.30992126464844,77.61655218840079,76.04007610611356,77.40351282999919,3112000
2017-05-01,75.65660858154297,76.28151572611361,75.63530572924633,76.28151572611361,1976600
2017-05-02,75.92647552490234,76.06850361065678,75.67083038836186,75.70633876425485,1908800
2017-05-03,76.23181915283203,76.31703599312374,75.69212333328478,75.90516272510565,1909000
2017-05-04,76.01876831054688,76.5726641049936,75.69920929372451,76.27441335687854,1744300
2017-05-05,76.28861236572266,76.38092652421135,75.99745896017174,76.2104983016878,2221500
2017-05-08,76.35254669189453,76.40225516598636,75.79155337763713,76.23892964446352,2508200
2017-05-09,75.63529205322266,76.45193555643328,75.33703592155109,76.38091883786412,2336500
2017-05-10,74.63402557373047,75.36545237060034,74.39968337148602,75.3228466675798,3713100
2017-05-11,74.54814910888672,74.61972569122204,73.71069162758282,74.53383051585375,3076700
2017-05-12,74.53382110595703,74.66266112227183,74.19025136974592,74.29761896016534,2052300
2017-05-15,75.36414337158203,75.50014271729938,74.59826237901773,74.83447004443927,2592900
2017-05-16,74.79866027832031,75.41422863710342,74.39066780433082,75.36412448980445,2458300
2017-05-17,73.63195037841797,74.79866442212511,73.5675276363546,74.79866442212511,3073100
2017-05-18,73.86100769042969,74.18310505711653,73.09512675411472,73.682063495394,2890800
2017-05-19,74.0256118774414,74.36202774054031,73.73214632216785,73.8967718758491,2361200
2017-05-22,74.2833023071289,74.4694057713155,73.80373324647753,73.97551811906528,1916000
2017-05-23,74.58393096923828,74.66982614034504,74.00415358186066,74.20457018683352,2099600
2017-05-24,74.95613861083984,75.02055589405951,74.24752119070871,74.31193847392836,1865300
2017-05-25,75.82938385009766,75.86516940782624,75.17802444469032,75.28539203976153,2391800
2017-05-26,75.77928924560547,75.93675554914243,75.53592230206029,75.73633892560136,1826000
2017-05-30,76.45211029052734,76.88158069451084,75.34981347812622,75.52160382409683,2400800
2017-05-31,75.85089111328125,76.72413994487175,75.39279426079857,76.65971717386422,5007300
2017-06-01,77.0605239868164,77.37546202890972,75.65759681562366,76.22306107746473,4832300
2017-06-02,77.06766510009766,77.93375412953408,76.56662366519792,77.11776924358763,4182800
2017-06-05,77.2680892944336,77.64745551649125,76.76704781011988,76.93883268174991,2619900
2017-06-06,76.89590454101562,77.26095225089078,76.83864108437956,77.18221636325214,2593900
2017-06-07,76.35906982421875,76.93884728913413,76.07275800984861,76.88158929501502,2442300
2017-06-08,76.4091796875,76.71696395526446,76.02981882603441,76.35907552581482,2322100
2017-06-09,76.60957336425781,76.63104578983562,75.82222014773089,76.23737191204337,2834200
2017-06-12,77.97671508789062,77.98386892297897,76.60957897590792,76.60957897590792,3337500
2017-06-13,78.6280746459961,78.72828295380289,77.98387448085009,78.06261035997589,2507300
2017-06-14,78.29881286621094,78.90006813459298,78.06260524431289,78.68533293996879,2434300
2017-06-15,78.92155456542969,78.97165872493993,77.8908341858547,77.8908341858547,2311600
2017-06-16,79.15775299072266,79.50848755150037,78.75691973376935,79.13628056066352,4107600
2017-06-19,79.358154296875,79.58004329729984,78.89289841064753,79.30089085775178,2150900
2017-06-20,78.45629119873047,79.35817144652407,78.4419726053843,79.34385285317789,2081000
2017-06-21,78.15567016601562,78.63523930909741,77.92662180954792,78.60660758192101,2796900
2017-06-22,78.06975555419922,78.4133307338623,77.7906031098852,77.84786654998608,1613600
2017-06-23,78.92866516113281,79.66591947708763,77.99099977787509,78.1771031802189,4352100
2017-06-26,79.4583740234375,79.84489410174822,79.10048566881011,79.20785326738691,2199700
2017-06-27,78.49922943115234,79.76615724913215,78.49922943115234,79.25079715103479,2154600
2017-06-28,78.79269409179688,79.36531212904808,78.44911890069223,79.01458310339926,2996400
2017-06-29,78.57796478271484,78.90722140743426,78.32028473537916,78.53501992847316,2208800
2017-06-30,79.15775299072266,79.4583833943812,78.55650310529269,78.88575977506771,2178100
2017-07-03,79.17207336425781,79.90216330739621,79.15060093371605,79.379649294401,1288200
2017-07-05,79.10762786865234,79.5585706241604,78.90721129328969,79.143418883228,1628700
2017-07-06,78.19145965576172,78.98597237673789,78.08409203869448,78.81418746599662,1637200
2017-07-07,78.99312591552734,79.17922940748069,78.13419596349314,78.33461258823823,1742700
2017-07-10,78.8857650756836,79.15775830961475,78.58514011276854,78.7998698887319,1698700
2017-07-11,78.78553771972656,79.00027290475273,78.42049008955912,78.91437773855374,1785900
2017-07-12,79.14344787597656,79.5299680390314,78.83566360507793,79.18639274044573,2196000
2017-07-13,79.56573486328125,79.8663597450053,78.86427134498268,79.0360562115475,2285900
2017-07-14,80.46044158935547,80.60359470961032,79.34382649978998,79.47266649239594,3275700
2017-07-17,80.1884765625,80.35310763451403,79.72322053561908,80.08110894692075,2615100
2017-07-18,80.04531860351562,80.27436695463636,79.83058338517718,80.13836761895912,2142400
2017-07-19,80.87561798095703,80.87561798095703,79.63732719226412,79.96658386038315,2541800
2017-07-20,80.5821533203125,81.0330907376212,80.47478570830275,81.0330907376212,2237100
2017-07-21,80.65371704101562,80.95434193792826,80.27435627191976,80.41750942446595,1772900
2017-07-24,80.27435302734375,80.5821372077263,80.15267230650338,80.51056063434623,2296000
2017-07-25,81.04023742675781,81.42675749329355,80.46761389242128,80.761084955528,2219400
2017-07-26,80.37454223632812,81.34083939985607,80.2958063860241,81.26926284347273,2978400
2017-07-27,77.15357208251953,79.45121466202717,76.57379469600107,79.45121466202717,7446500
2017-07-28,78.4920883178711,78.67103252199433,77.25379202252303,77.57588940556737,4274800
2017-07-31,78.94300079345703,79.4512015172181,78.70679320805003,78.76405664589574,3564200
2017-08-01,78.85711669921875,79.30805950933697,78.48491522289116,79.30805950933697,2663500
2017-08-02,79.63733673095703,79.77333062391764,78.62808871482095,78.64240731046576,2256100
2017-08-03,79.82340240478516,80.00950584606174,79.32952027427623,79.42972855936164,2515300
2017-08-04,80.20278930664062,80.23141557182608,79.53711669173967,79.89500507693495,2185400
2017-08-07,80.06681060791016,80.18849137961021,79.75186700026788,80.16701894471547,1696000
2017-08-08,80.08824920654297,81.0259148737601,80.02383192907423,80.88276172764569,2809500
2017-08-09,80.46044158935547,80.5248588551877,79.9665540408757,80.14549817166501,1888700
2017-08-10,79.98453521728516,80.63352732809125,79.96290306385245,80.43161989396602,2058200
2017-08-11,80.35950469970703,81.1094504698802,80.25133843930007,80.395556452133,2077900
2017-08-14,81.98197937011719,82.05408837413154,80.82821329963019,80.89311525433816,2424900
2017-08-15,82.33531188964844,82.51558713853088,81.84496299262565,81.97476139188358,1985800
2017-08-16,82.75357055664062,83.17180504771837,82.36417527054874,82.40022702756369,2196300
2017-08-17,81.4267349243164,82.78961556373841,81.41952787444016,82.63818499286539,2439900
2017-08-18,81.7295913696289,82.3497387203675,81.25366753159958,81.43394279631278,2249300
2017-08-21,82.08294677734375,82.34975068688821,81.6142299206657,81.7296032460339,1455200
2017-08-22,82.6382064819336,82.81126925056782,82.09016796276462,82.20554680956492,1594100
2017-08-23,81.88104248046875,82.29206993948591,81.67192247478415,82.29206993948591,1528400
2017-08-24,81.73680114746094,82.1766732185622,81.65747959355322,82.09013911387261,1147500
2017-08-25,81.77285766601562,82.28483873564845,81.72238081412405,82.01802937475631,2015100
2017-08-28,82.05410766601562,82.24880257278586,81.90267707151307,82.05410766601562,1928000
2017-08-29,82.84732055664062,82.93385468551672,81.45559495122018,81.88104754123705,2083100
2017-08-30,82.90499877929688,83.38813522174948,82.83288976575494,82.84009681601357,1968500
2017-08-31,82.46511840820312,83.26554103217374,82.1262000266849,83.26554103217374,3262200
2017-09-01,82.48675537109375,82.95547219198801,82.48675537109375,82.72472005730289,1548400
2017-09-05,82.14783477783203,82.47233356897621,81.87381834444415,82.28484574530833,1771500
2017-09-06,82.0685043334961,82.60933009195755,82.01082043378227,82.38579053896066,2144400
2017-09-07,82.68865203857422,82.76797359031951,82.11898157675078,82.11898157675078,1616300
2017-09-08,82.96268463134766,83.22228147021303,82.24879057368541,82.64539838349778,1645400
2017-09-11,83.79195404052734,83.9145454210371,83.1501744371532,83.28718542042364,2021500
2017-09-12,84.47700500488281,84.75102147488465,83.63331793799138,83.81359323441598,2151700
2017-09-13,84.4120864868164,84.83753896377473,84.12365047034257,84.25344337681719,2302600
2017-09-14,84.6428451538086,84.71495966507437,84.00827816624918,84.15249618565116,2102800
2017-09-15,85.01781463623047,85.08992364069783,84.44093159736269,84.62841941022937,3411300
2017-09-18,84.79427337646484,85.34952428907211,84.65726791229646,85.03945060453633,2292400
2017-09-19,84.34720611572266,85.0755198497818,84.28951670080274,84.79428532743853,2002700
2017-09-20,84.96733093261719,85.37114572632919,84.11643154474979,84.33997109104551,3481800
2017-09-21,84.55631256103516,85.08992580957236,84.42651414905966,84.96733994869678,1765700
2017-09-22,84.85195922851562,85.12598114850195,84.46977655228669,84.65005181477689,1883300
2017-09-25,85.24856567382812,85.29904252647364,84.48420033332047,85.1403994177122,2361100
2017-09-26,85.75334930419922,85.81103871783057,84.36162383434322,85.10435715475971,2870700
2017-09-27,85.5370101928711,85.93361247713528,85.36394197638337,85.58748704728887,2302400
2017-09-28,86.25089263916016,86.33021419074664,85.32067167183463,85.4937343745851,1629300
2017-09-29,86.59703063964844,86.83499532901837,86.12110676247349,86.21484792727152,2445800
2017-10-02,87.101806640625,87.1090191924036,86.43118236590715,86.53213608454725,1989900
2017-10-03,86.32301330566406,86.94316070101966,86.17879528414339,86.77009797488189,1857000
2017-10-04,85.81103515625,86.25811984098884,85.58028301286721,86.17879827592928,2309700
2017-10-05,85.234130859375,85.234130859375,84.02268103236828,84.21016882149986,4480300
2017-10-06,84.87359619140625,85.61633493628725,84.65726916509266,85.08271616793802,2828300
2017-10-09,84.47700500488281,85.53702462810996,84.31114931148339,85.19089363828593,1839200
2017-10-10,85.17646026611328,85.52258569841918,84.56351995610174,84.82311678111346,2064200
2017-10-11,85.75334930419922,85.75334930419922,85.0538802932236,85.17647167258154,1810000
2017-10-12,86.22206115722656,86.54655446232759,85.55864944367136,85.66681571256002,2290300
2017-10-13,85.34954071044922,86.61146784354374,85.26300658361623,86.56099097828258,1665500
2017-10-16,85.33509063720703,85.58748039123239,84.70052373079525,85.52979099022292,1247300
2017-10-17,84.85916900634766,85.25577677149117,84.65726159920705,85.08992111473182,1484400
2017-10-18,85.19810485839844,85.64518406553891,84.66449152976367,84.66449152976367,2089300
2017-10-19,86.11390686035156,86.19322843512663,84.85919227087483,84.85919227087483,2119600
2017-10-20,86.35906982421875,86.84220624390777,86.17879454807526,86.23647845525191,2427600
2017-10-23,86.30139923095703,86.82780557275197,86.26534196724118,86.70521417705768,2052200
2017-10-24,86.31580352783203,86.83499722449422,86.25811961830905,86.66193449279517,1845600
2017-10-25,85.48653411865234,86.34464065158635,85.40721256076267,86.22926734110608,3397000
2017-10-26,86.04898834228516,87.10179519950285,84.36882160029697,85.2990426012059,4104500
2017-10-27,87.07295227050781,87.79405332450789,86.0345649922471,86.0345649922471,3638300
2017-10-30,85.15482330322266,86.9070991354781,84.97454803447853,86.9070991354781,3442000
2017-10-31,84.75102996826172,85.65961909373488,84.69334054724875,85.45049906873739,2499000
2017-11-01,84.70054626464844,85.21252745629637,84.49863880896368,85.04667726122628,2088600
2017-11-02,84.27508544921875,84.9096524209308,82.95546914854341,84.81591126081703,3522300
2017-11-03,83.25833129882812,84.2750864777934,83.04921132227005,84.2750864777934,2957600
2017-11-06,82.14783477783203,83.64772636404562,81.91708264930415,83.34486522689616,3351100
2017-11-07,82.1694564819336,82.82566103054855,81.93870438274719,82.0829278832162,2730400
2017-11-08,81.57818603515625,81.98921354574826,81.23206050074519,81.96037433585248,2371900
2017-11-09,81.1599349975586,81.48442830789321,80.56141973474448,81.36184243523925,2713900
2017-11-10,82.25688171386719,82.28593517062993,80.85481687147619,81.0509581880303,2840000
2017-11-13,83.4046859741211,83.4410111105926,82.47482012180254,82.86710831745648,3301300
2017-11-14,82.86710357666016,83.17948088815596,82.57651912882541,83.03419143545727,3238200
2017-11-15,82.00989532470703,83.0269382799069,81.84281298222685,82.63465004536816,2153400
2017-11-16,82.59832000732422,82.96881535282506,82.06800846532217,82.59105941369091,2518400
2017-11-17,82.04622650146484,82.45304149650158,81.7701687184568,82.32954487907095,2155400
2017-11-20,82.23509216308594,82.46029804552875,81.9590399546143,82.22056543314027,2811100
2017-11-21,82.75814056396484,82.9179623006207,81.94451069362637,82.1261252957466,2205400
2017-11-22,82.64915466308594,82.95427134771843,82.51839195322536,82.76539064626722,1846200
2017-11-24,82.19149780273438,82.95428129210138,82.06073507719825,82.81625243113619,891700
2017-11-27,83.2085189819336,83.29569595711294,82.35856425806982,82.39488384090092,3060500
2017-11-28,83.68073272705078,83.85508116586931,83.09956387440644,83.62261473329896,2025800
2017-11-29,86.47761535644531,86.63743710372012,83.7824551470006,85.9690911112584,4122100
2017-11-30,88.2283706665039,88.6279250044005,86.47034266463447,86.4776088005338,5654200
2017-12-01,87.40020751953125,88.5480131110671,86.52119352877916,88.5480131110671,3141900
2017-12-04,89.87743377685547,90.92353564226947,88.70056917826471,88.70056917826471,4535000
2017-12-05,87.44379425048828,90.08083608578666,87.37841011642308,89.95733949553146,3690900
2017-12-06,85.93275451660156,87.13867243420884,85.7002880781208,86.04172437204751,3347000
2017-12-07,86.97885131835938,87.18951933982993,85.6131062202618,85.98360149074963,3280000
2017-12-08,86.85537719726562,87.26945832395702,85.64219282252186,87.21860645023838,3030400
2017-12-11,85.7584228515625,86.74640679400913,85.40245421796638,85.78021571842795,2765500
2017-12-12,85.83832550048828,86.36137088245819,85.4387711714443,85.65671090409332,2541000
2017-12-13,86.0126724243164,86.68827893253182,85.75114696678543,86.07079042430941,2738500
2017-12-14,84.87940216064453,85.96908982952095,84.50891234378197,85.96908982952095,2817400
2017-12-15,85.72209167480469,86.15796560873139,85.2208336024482,85.3225373356165,4997200
2017-12-18,86.31050872802734,87.11687788328817,86.16521928520648,86.2887158658479,2581000
2017-12-19,86.44855499267578,86.80451807899826,86.12165090925855,86.56479100429672,2111200
2017-12-20,85.96182250976562,87.70532375203996,85.88191164357205,87.668998615611,3420000
2017-12-21,86.14344024658203,86.33958158010896,85.3588638275986,86.33958158010896,3377700
2017-12-22,86.18701934814453,86.44854480102161,85.87464203178789,86.44854480102161,1933400
2017-12-26,85.91095733642578,86.5066529014975,85.78745521716068,86.40494918617576,1309100
2017-12-27,86.50665283203125,86.54297242036739,85.75840169457776,85.86736600202298,1508000
2017-12-28,86.48487091064453,86.85536068769785,86.0925827269079,86.8045088236452,1367300
2017-12-29,86.55754089355469,87.40749610175394,86.44857099809448,86.48489614406093,2614400
2018-01-02,89.84109497070312,89.8701539672586,86.89167610078326,87.20405338570853,5413000
2018-01-03,91.83158874511719,92.03499616545281,90.00817701150316,90.18979157143661,5655600
2018-01-04,92.42732238769531,93.67682641956003,92.04956084351858,92.26750062226968,5473100
2018-01-05,92.71060180664062,93.46611903499752,91.36664963996128,92.85589123644766,3699200
2018-01-08,93.83663177490234,94.0908966531259,92.79779602374539,93.06658763154049,3243000
2018-01-09,93.79303741455078,94.4395848985381,93.61142282820744,93.8802088688357,2957700
2018-01-10,94.28702545166016,94.77376230643812,93.34263845371747,93.3644313176777,2927900
2018-01-11,96.95314025878906,97.17834058297801,94.45412165835329,94.70111484714921,4252300
2018-01-12,97.41079711914062,97.58515111302971,96.61896018103441,96.9458642203111,4212500
2018-01-16,96.53177642822266,97.86119636446062,95.71813564527412,97.64325667108382,4126500
2018-01-17,97.3526611328125,97.56334022210953,96.17580237492098,97.00396429433958,3508800
2018-01-18,97.04755401611328,98.45688478102748,97.00396829511561,97.81759798006686,3371100
2018-01-19,96.67707824707031,97.35995086752337,95.83438390332508,97.24371487151546,3891700
2018-01-22,96.51727294921875,96.61171609765697,95.26776349167733,96.27027972932433,3100000
2018-01-23,95.9433822631836,96.5245402125298,95.10068771780331,96.5245402125298,2952700
2018-01-24,95.66732025146484,96.58992563685321,94.54856797015492,96.26301044869167,2862900
2018-01-25,95.376708984375,95.87070641143885,94.22891458108201,95.86344581871525,3166800
2018-01-26,96.41557312011719,96.41557312011719,95.19511707454662,95.31862477438355,2044500
2018-01-29,94.904541015625,97.02579857291934,94.8827481467219,96.4446295374563,2753800
2018-01-30,93.06658172607422,94.97717077611023,93.05932113296808,94.7083736429336,4124900
2018-01-31,92.49268341064453,93.69134088100269,91.71537314312899,93.3499045456798,5788300
2018-02-01,86.81903076171875,87.90145204911897,85.7729290629263,86.608357195021,14405900
2018-02-02,84.61060333251953,86.5502457606423,83.9204645874346,86.44127590168812,9235600
2018-02-05,82.30772399902344,84.49435939561785,82.24233987282231,84.18924825317724,8119600
2018-02-06,81.87911987304688,84.18925764519493,79.67795196176603,81.81374128198895,11749100
2018-02-07,81.2979507446289,82.27866833789963,81.08727717323288,81.64664762371154,7219700
2018-02-08,79.38740539550781,81.72660328292962,79.3510857861794,81.18902539988511,6999100
2018-02-09,77.28790283203125,78.53741207142704,75.41363897293756,78.5301459360992,11369600
2018-02-12,77.22979736328125,77.78917348308826,76.5759891810793,77.73105547591176,6677300
2018-02-13,78.13786315917969,79.01687715166098,76.64136063970021,76.99732370121531,7557900
2018-02-14,77.44048309326172,77.80371238126241,76.34352909161665,77.50586724717016,6504000
2018-02-15,78.68270874023438,78.69724101222296,76.65588910797776,77.84001986534494,5535100
2018-02-16,77.95008087158203,78.87317548632828,77.58377410582214,78.47023580823334,6119600
2018-02-20,76.71197509765625,78.1332473760992,76.4335839211091,77.84020079639775,5228600
2018-02-21,76.70465850830078,78.42630531743771,76.56546569456161,76.73396372945624,5516000
2018-02-22,76.98303985595703,78.00870003284224,76.66801577854369,77.18084307228715,3357000
2018-02-23,77.371337890625,77.37866559309109,76.44091530640733,76.48487593180455,4417000
2018-02-26,79.17355346679688,79.4446225176167,77.66437120245563,78.16987079804079,4092400
2018-02-27,77.42994689941406,79.53254472694846,77.4226191970835,79.29810855696347,3605100
2018-02-28,76.4921875,78.09660745890112,76.47020439723858,77.95008697688029,3729200
2018-03-01,77.9720687866211,80.06734421348085,76.15518452669994,76.89512585729267,8701900
2018-03-02,77.19550323486328,77.87683416107842,76.46288957611145,77.4812221146246,4670600
2018-03-05,77.51783752441406,77.7815788481625,76.65335331643814,77.17350826344261,4997400
2018-03-06,80.44097900390625,80.61680471049905,77.88415340466841,78.7486377137308,8590500
2018-03-07,80.00873565673828,80.25782720301436,78.99773083683766,79.86953727530756,7097600
2018-03-08,79.7083740234375,80.98312031603959,78.36768959033236,80.15526883447254,6079000
2018-03-09,80.86589050292969,80.89519571887044,79.78895316144875,80.24317003503435,3201900
2018-03-12,79.7889633178711,81.13696988634437,79.774307913336,80.7486855071515,3124800
2018-03-13,80.09666442871094,80.99777623139511,79.94281620848193,80.3677279450861,3517900
2018-03-14,79.67904663085938,80.7120287698197,79.50321536471496,80.6094633259342,2310900
2018-03-15,80.38237762451172,80.59483627237924,79.788962304557,79.88420007522903,2718300
2018-03-16,81.25419616699219,81.46664924228314,80.27249080564313,80.27249080564313,5679200
2018-03-19,79.45927429199219,81.23952565109653,78.7120108425872,80.80728628875605,3351200
2018-03-20,79.14427185058594,80.09667207364906,78.77063722899655,79.59116673793402,2513000
2018-03-21,78.86587524414062,80.27982007583256,78.85854754124284,79.26148735962641,2805100
2018-03-22,76.52149200439453,78.47757465943369,76.38229921441832,78.1918557886951,4150000
2018-03-23,74.47750091552734,76.92442764533448,74.32364714156628,76.84383970255418,4278800
2018-03-26,75.97205352783203,76.13322946811473,74.65335195982823,75.50318111395511,3836100
2018-03-27,74.85114288330078,76.67535508149261,74.4994914256391,76.02332372450493,3850200
2018-03-28,75.22476959228516,75.95738324020792,74.50680575798548,74.96102823188107,3811400
2018-03-29,76.67532348632812,77.53247984924894,75.5690756532561,75.63500817837456,3813400
2018-04-02,76.07459259033203,77.23945110626104,75.01963282030736,76.43357727421225,4594400
2018-04-03,77.32003784179688,77.3786482696053,76.01598656474843,76.49218650924539,4453200
2018-04-04,77.95741271972656,78.00136774534917,75.70096158113364,76.05261296491038,3832800
2018-04-05,78.52153778076172,78.66073617448106,77.18085334796756,78.10394818900278,3154700
2018-04-06,77.16619110107422,78.11858541844553,76.47753253496712,78.00869785100133,4397200
2018-04-09,76.63140106201172,77.84754263229085,76.45557531802666,77.33470962735161,3938500
2018-04-10,77.67169952392578,78.27977021688221,77.33469790346047,77.33469790346047,2751100
2018-04-11,77.72298431396484,78.20651203616315,76.96107098891122,77.10026379033887,1623900
2018-04-12,78.38233947753906,78.85853950819269,78.04533784076547,78.08929287487535,2000000
2018-04-13,78.57282257080078,79.3713688538768,78.09662252824943,78.74132618809712,3970800
2018-04-16,80.03804779052734,80.14061326274086,79.23950152980798,79.3420670020215,4595600
2018-04-17,80.23584747314453,80.47761132809292,79.60580485295594,80.25050287675286,2832900
2018-04-18,81.24686431884766,81.3421020922016,79.56917819518723,80.49227306619936,3559500
2018-04-19,80.3530502319336,81.10031355495212,79.84754511996965,81.10031355495212,2737200
2018-04-20,79.52520751953125,80.52156245020157,79.11494010787997,80.52156245020157,3632400
2018-04-23,79.93550109863281,80.01608907279119,79.42999573153033,79.63512672415152,2246600
2018-04-24,79.28345489501953,80.27248226448928,78.60945163768892,79.96478585432516,3626100
2018-04-25,79.6058120727539,79.76698240127129,78.6900448931358,79.10763450346569,3195100
2018-04-26,82.990478515625,83.72309221098102,78.90982045606799,79.15891201897647,7309000
2018-04-27,83.51062774658203,83.51795544805644,82.58753857915467,82.83662453529898,4557400
2018-04-30,83.15164947509766,83.85495791006228,82.68277718512124,83.64982698187242,4479400
2018-05-01,82.38240814208984,83.44470135831597,81.67177754979932,83.18828768177826,4376200
2018-05-02,81.43000030517578,82.2358741230229,81.01241078932966,82.11133115622975,3563800
2018-05-03,80.44831848144531,81.29815316065313,79.239510199613,81.15895475196228,4079400
2018-05-04,81.54721069335938,81.91351746041519,79.71567685808027,79.99407357825721,2412800
2018-05-07,82.1406478881836,82.60219249481807,81.6644478778725,81.8988840321089,2583800
2018-05-08,81.51790618896484,82.93917824608745,81.0490339702147,82.05271653284427,2848700
2018-05-09,81.61315155029297,81.8256101530261,80.82192756550708,81.56919093598405,3205400
2018-05-10,83.51062774658203,83.60587109755365,81.71572655385252,82.0014454279703,2477900
2018-05-11,84.58023834228516,84.97585035915539,83.31281993748445,83.473995824661,3388100
2018-05-14,85.23226165771484,87.01251288995263,85.0710913643707,86.41176997480315,4618600
2018-05-15,84.69745635986328,85.32750448528631,84.14066847449915,84.82199932690321,3480400
2018-05-16,85.2176284790039,85.4740421655077,84.63886296409582,84.6461906663957,1970000
2018-05-17,85.41543579101562,86.03816195996065,85.27624297708859,85.41543579101562,3697200
2018-05-18,85.19392395019531,85.60003349499722,84.9871793213393,85.40805392533008,2450900
2018-05-21,86.44917297363281,86.59684610740793,85.282536063355,85.65172453116173,3333300
2018-05-22,85.17916870117188,86.49347882172854,85.12748253800514,86.39749184252439,2027100
2018-05-23,85.12005615234375,85.22342842883886,84.01249121843914,84.80255397928977,2013600
2018-05-24,85.37850189208984,85.51140993291895,84.4776869857676,85.19390770390316,2303400
2018-05-25,85.27513122558594,85.57786840400887,85.06100128719676,85.27513122558594,1583600
2018-05-29,84.04942321777344,84.87640153712765,83.44395453394598,84.81733568100756,2724100
2018-05-30,86.16117858886719,86.20547938801651,84.10849227223002,84.26355070261984,2911700
2018-05-31,85.74029541015625,86.26454213598936,85.58523699547604,85.99134075772426,5893000
2018-06-01,86.5746841430664,86.60421989255222,85.88799345928346,86.16119491700123,2237800
2018-06-04,86.36795806884766,87.32784478301906,86.33103696572323,86.84051889531929,2248500
2018-06-05,86.24980163574219,86.96602811139215,86.05782770277696,86.2424219229602,3341000
2018-06-06,86.40482330322266,86.76663187670596,85.57784515438341,86.39005825057887,2783700
2018-06-07,85.79199981689453,86.64112860666602,85.50403332354514,86.51560590615325,3106400
2018-06-08,86.0947265625,86.13164765276343,85.45972211686757,85.76245928359889,2879800
2018-06-11,86.2793197631836,86.94385994677509,86.06518983550592,86.09472558070637,2004700
2018-06-12,87.3795166015625,87.99237075924637,86.62637466845072,86.84050463800419,3414600
2018-06-13,86.63375091552734,87.57148696872707,86.4713071189019,87.49026507041435,1668400
2018-06-14,86.53038787841797,86.92911206735758,86.05782712857142,86.71498209736954,1869300
2018-06-15,86.22024536132812,86.65589054661473,85.68861886577409,86.10210801788297,4286900
2018-06-18,86.22024536132812,86.61158974699369,85.50402468953017,85.7919911538013,2177100
2018-06-19,84.78042602539062,85.6517108960472,84.25617916056554,85.6517108960472,2739000
2018-06-20,83.9165267944336,84.75089057376441,83.82791954794214,84.72874017048356,3112600
2018-06-21,83.7467041015625,84.2266501986543,82.93449066291326,83.92391860820373,2721900
2018-06-22,83.95343017578125,85.49664043826219,83.9017440311068,84.8394856131011,3536300
2018-06-25,81.3691177368164,83.46611069132246,80.77103435626329,83.46611069132246,4044300
2018-06-26,80.90393829345703,81.73830197253827,80.63073687462654,81.50940698831408,2332300
2018-06-27,80.02525329589844,81.33956836633327,79.92926636661093,80.97775977895024,2940800
2018-06-28,78.17932891845703,78.96939182225647,77.60339594995975,78.82171872436348,6173000
2018-06-29,78.43778228759766,79.19092426344888,78.3787107822924,78.48946844639755,3409300
2018-07-02,78.17932891845703,78.61497413396626,77.83967628660909,78.17194920691969,2252300
2018-07-03,78.09073638916016,78.89556444294296,77.86922108320748,78.45992481016913,1145700
2018-07-05,78.48206329345703,78.51897874992989,77.48525583481145,78.26054802115029,2866800
2018-07-06,78.29010772705078,78.77743922192656,77.61818762658254,78.62238073720312,2022400
2018-07-09,80.18032836914062,80.27632095174522,78.4672945389479,78.48945057341878,2103600
2018-07-10,80.12126922607422,80.46092188265153,79.7225450726918,80.26155698927633,1503900
2018-07-11,79.24998474121094,79.87021856050492,79.03585478930192,79.52318055683747,1765000
2018-07-12,80.13602447509766,80.50521283488958,79.6043923356585,79.80375720463184,1920100
2018-07-13,80.46090698242188,80.78579452131731,79.69299456626618,80.01788210516162,1997900
2018-07-16,81.70140838623047,82.38071380944824,81.1033192425686,82.05582615774891,4288800
2018-07-17,82.01148986816406,82.09271174595398,80.97038177715059,81.70875838733785,2102400
2018-07-18,82.81634521484375,83.16337758142458,81.8195320206528,81.93028966815935,2798600
2018-07-19,83.31844329833984,83.3627497412259,82.29209989981332,82.61698752525831,2457900
2018-07-20,82.74988555908203,83.10430889237722,82.5136052146745,82.71296446671269,1776000
2018-07-23,83.22245025634766,83.43658020899437,82.84587650284011,83.0452413978486,1871000
2018-07-24,83.02307891845703,83.93127911535808,82.66127027521516,83.68761344950961,2646000
2018-07-25,88.75287628173828,88.93009074415545,82.88278382332201,82.88278382332201,6725700
2018-07-26,87.77084350585938,89.10730357812842,87.16537481547239,88.59782183417288,3630300
2018-07-27,87.61579132080078,88.04404557136219,87.23921758607908,88.04404557136219,2094700
2018-07-30,87.65271759033203,88.56092361941086,87.52719487439944,87.72655415068246,2020400
2018-07-31,88.52396392822266,89.6093783556015,88.0957041781853,88.32460473885547,2395100
2018-08-01,88.13264465332031,88.60520529757132,86.98077878712941,88.5239834087125,1913000
2018-08-02,87.57147979736328,88.01450471246402,87.15060528301247,87.86683161855291,1653500
2018-08-03,87.97760772705078,88.11789550571028,87.27614630027881,87.58626887599195,1912900
2018-08-06,88.26556396484375,88.55353046818676,87.75608216660552,87.75608216660552,1603400
2018-08-07,88.61260986328125,88.7085968284956,87.60103152203025,88.25080114047728,1957400
2018-08-08,89.03347778320312,89.18853623848567,88.46492448046577,88.61260322361679,1603100
2018-08-09,89.24758911132812,89.971195084976,88.70118632574616,88.77502849859611,2050100
2018-08-10,88.06620025634766,89.18853616996094,87.866840994957,88.98917127520224,2341400
2018-08-13,87.2466049194336,88.22126206481951,86.92171732651566,88.02928252051638,2339100
2018-08-14,87.85206604003906,88.71596546435286,87.3204338917329,87.3204338917329,1914800
2018-08-15,88.64213562011719,88.95963786417502,87.02508865231474,87.48288428871862,2619100
2018-08-16,89.4248046875,89.78660770165287,88.52398419100861,88.95962938358915,2126800
2018-08-17,90.61515808105469,90.67467111100036,89.26113873851094,89.61079836500055,2384200
2018-08-20,91.17312622070312,91.46327279510506,90.54074995114507,90.61515116592774,2272500
2018-08-21,91.51535034179688,91.67158267618615,90.9201746789671,91.1359257148425,2594900
2018-08-22,90.66722869873047,91.51535032873156,90.54075003908655,91.51535032873156,2272200
2018-08-23,90.54820251464844,90.93506844616977,90.12414164710698,90.65235741713114,1263600
2018-08-24,91.31446075439453,91.47069306245454,90.6374540861345,90.83832257477884,1969600
2018-08-27,92.14029693603516,92.30397055776808,91.3963300561705,91.43353067057046,2641100
2018-08-28,91.3219223022461,92.5792279775594,91.21032614997293,92.30395822542106,2126400
2018-08-29,91.85757446289062,91.8873338136666,91.06153027668465,91.4781498355167,1528000
2018-08-30,91.39631652832031,91.96917411959512,91.08385184727005,91.70134562840461,1314400
2018-08-31,91.41864776611328,91.60463948528947,90.65980404932185,91.41121218407835,2188500
2018-09-04,92.50482177734375,92.54946364145871,91.58230460852722,92.09564347573102,2396900
2018-09-05,92.74290466308594,92.98840939503583,91.87245918720735,92.2518838471536,2368300
2018-09-06,92.02870178222656,92.86938799838164,91.85015131837766,92.66851376003682,2282200
2018-09-07,91.50050354003906,92.54205851849052,90.8904508017489,91.7980914875992,2530000
2018-09-10,92.50482177734375,93.06279683264673,91.84269183246546,92.02124793689379,2458000
2018-09-11,91.55998229980469,92.47506384582566,91.39630871628748,92.14027542244533,2260400
2018-09-12,91.7311019897461,92.22211709024353,91.21032186229121,91.44095541308492,3243100
2018-09-13,89.05281829833984,92.95864376188135,88.57668002924653,91.57486514357394,5029200
2018-09-14,89.566162109375,89.91582741163033,88.53948997434088,89.499207822228,3730600
2018-09-17,88.5990219116211,90.03487836124715,88.2642390524097,89.70753676086773,2945200
2018-09-18,87.96662139892578,89.03793526788117,87.30449148714514,88.30884540128308,2851300
2018-09-19,87.97406768798828,88.37581041182912,87.69136236795917,88.01126829568341,1944800
2018-09-20,88.621337890625,88.97843881889472,88.19727699079414,88.47998236534241,1905500
2018-09-21,88.15263366699219,89.31322585481084,88.1079974706973,88.83708750760923,4348400
2018-09-24,87.28962707519531,88.29398113229142,87.0887528581663,88.01127578819523,1889400
2018-09-25,86.49358367919922,87.6020926465461,86.27783262128322,87.52025584264635,2108700
2018-09-26,86.8209228515625,87.30450240432597,86.48614006365804,86.49358132090505,2220600
2018-09-27,86.84326171875,87.29707632140935,86.44151889782238,86.67214682842229,1599800
2018-09-28,86.85811614990234,86.93995294468158,86.0992725790589,86.64236511603124,2641800
2018-10-01,87.38636016845703,88.42791506825624,87.18549158273274,88.19728712242139,1820200
2018-10-02,87.03665924072266,87.45328443612381,86.77627204110648,87.40120699620057,1336100
2018-10-03,87.62439727783203,88.18981356079404,87.34913323066517,87.41608750937641,1802900
2018-10-04,87.2747573852539,88.04104240307895,86.52335488436717,87.40123607516084,1799800
2018-10-05,87.22268676757812,87.89225818187732,86.47871979080516,87.386360410631,2039200
2018-10-08,88.36837768554688,88.69572490161308,87.01435830456806,87.1259544624103,2867100
2018-10-09,87.7285385131836,88.30883154246048,87.36399647510203,87.98149010410778,4652400
2018-10-10,86.78372955322266,87.97407531445172,86.53821914358957,87.29706279261801,4669000
2018-10-11,84.6336669921875,87.64672920614305,84.19472361706798,87.28962831128224,5239800
2018-10-12,86.03233337402344,86.72422283022478,84.58160016393214,85.96537907633481,2993000
2018-10-15,86.12904357910156,86.76885555279794,85.74962455536433,85.83146136660574,2648300
2018-10-16,87.40120697021484,87.56487486991404,86.11414213247286,86.67211713549105,2681100
2018-10-17,87.7955322265625,87.82529158258912,86.2480797692796,87.28963452614373,2104400
2018-10-18,85.35530090332031,87.60207781131011,84.9461169531161,87.48304041633601,2270000
2018-10-19,86.66470336914062,86.88045445319806,84.81222736080775,85.3553257001271,2460000
2018-10-22,86.03233337402344,86.55310794276977,85.3553264346532,86.44151744662206,2358900
2018-10-23,84.99076080322266,86.06207475054573,84.03104300474838,85.02052015465006,3120200
2018-10-24,80.29634094238281,83.42844064495017,79.94667562083917,82.63239635642134,5794600
2018-10-25,80.21449279785156,81.27092419479297,78.57032700165001,79.64164091179664,4269800
2018-10-26,78.34713745117188,79.70859798025188,77.69989000450649,79.2324597093194,3965200
2018-10-29,78.21321868896484,79.92434440352936,77.24606536526734,79.27709131824301,3355100
2018-10-30,79.65653991699219,80.01364654509392,77.90077748719476,78.45131143266833,3047400
2018-10-31,79.2622299194336,81.10726455305696,79.20271120840917,80.53441256849285,3620800
2018-11-01,79.99130249023438,80.46744643233373,78.81583933859966,79.52260548093788,2897800
2018-11-02,78.85303497314453,80.10289935175494,78.47361601386373,79.67883852737012,2854000
2018-11-05,79.47052001953125,79.93921698155182,78.88278566498879,79.1729322142418,2445600
2018-11-06,80.8320083618164,81.01055883635475,79.20271896310449,79.42591131329036,2582900
2018-11-07,82.67704010009766,82.81839562835741,80.35586698940646,81.27094310388526,3720900
2018-11-08,82.95230865478516,83.28709148657258,82.3943334844615,82.46128778041219,2566400
2018-11-09,81.47180938720703,83.42099885500902,81.25605832473725,83.24244840455752,3377000
2018-11-12,80.14009857177734,82.17112460432685,79.96154814250191,81.65035015393359,1810300
2018-11-13,81.38996887207031,82.22320805354508,80.34841421921064,80.40049166805281,3578300
2018-11-14,81.46436309814453,83.37635751185485,80.62368267300893,82.17857053185564,2964400
2018-11-15,82.17112731933594,82.57287005549145,79.90203208077429,81.07005968040541,3303700
2018-11-16,82.58372497558594,83.10883159239219,81.62353721398314,82.09613374142582,2583900
2018-11-19,83.48389434814453,83.94898773807542,82.43368697540464,82.59872029838559,2932500
2018-11-20,81.39849853515625,83.116336821935,81.03842525364276,82.73376003342139,3485400
2018-11-21,81.59352111816406,82.29866142726691,81.38348078519807,81.76605751919746,1660600
2018-11-23,81.53351593017578,82.50120668216367,81.20344927031852,81.638536099554,835900
2018-11-26,82.99629211425781,83.20633243065656,81.79605764685826,82.44868782124242,3400000
2018-11-27,83.64892578125,83.68642971179032,82.23864521539863,82.59871843223739,1933800
2018-11-28,85.17924499511719,85.23175508754139,83.21385662135143,83.74646062255995,2322000
2018-11-29,84.96168518066406,85.4642825003523,84.2865514630091,84.84916194052661,1998400
2018-11-30,86.48448181152344,86.59700504973627,84.90917364605275,85.32175122194027,3564200
2018-12-03,86.46949005126953,87.98479103528834,85.35177200485903,87.48219364055274,3529800
2018-12-04,80.09322357177734,85.35175767300703,79.40308943908373,85.216730931987,6865900
2018-12-06,81.0459213256836,81.09092833579389,79.05052660429791,79.62064019943242,4269600
2018-12-07,79.00550079345703,82.02108993980875,78.36787683489078,81.0383989651145,3172100
2018-12-10,78.31536865234375,79.13302635142385,75.68235038364897,78.51040852640197,3993400
2018-12-11,77.70025634765625,79.81567144048027,76.72506259800684,79.35057806826495,2382600
2018-12-12,75.92240905761719,78.69045448113535,75.89240247823948,78.51791808050596,4453700
2018-12-13,75.59982299804688,76.40248015736897,74.8271724091778,76.01240618781586,3490500
2018-12-14,74.00952911376953,75.04473023998825,73.1693621483947,74.9172065833205,4532200
2018-12-17,72.66676330566406,74.13705117097248,72.28418662074547,73.81448763725075,4649200
2018-12-18,72.97433471679688,74.31709918628887,72.53924787174289,73.42442199094883,3404700
2018-12-19,70.75389099121094,73.92701649351476,69.95873670840396,70.29630069404139,6326000
2018-12-20,70.46883392333984,71.8491021049938,69.53114986846539,70.87391412182593,5200000
2018-12-21,70.13876342773438,71.47402453236282,69.88371612602735,70.17627307712375,7889200
2018-12-24,67.43073272705078,70.02624140526959,67.43073272705078,69.7861945252947,2728300
2018-12-26,72.47173309326172,72.5992567641893,67.46825183895609,68.13588249636504,6259400
2018-12-27,73.34939575195312,73.34939575195312,70.57385327060982,71.44402108751014,4335500
2018-12-28,72.4117202758789,74.12955833475846,72.11916327734879,73.64946450521315,2972200
2018-12-31,73.16185760498047,73.18436110592081,72.34419988057955,72.65926034008253,2656700
2019-01-02,72.92181396484375,73.03433719771694,71.84910316136886,72.1041562040927,3297300
2019-01-03,70.85142517089844,72.50175301361377,70.65639095235818,72.3667262421477,2705000
2019-01-04,73.31939697265625,73.46192679393428,71.8866185769169,72.15667206819644,3347300
2019-01-07,73.07185363769531,73.62696105542152,72.14916991022629,73.12436372149143,3795700
2019-01-08,73.07935333251953,74.34710418316283,72.41172265006918,73.85950726190232,3034300
2019-01-09,73.45442199707031,73.76198513616438,72.88431417165691,73.2068720153365,3678200
2019-01-10,74.19707489013672,74.36960557044004,72.65176750414793,73.06435082342962,2432200
2019-01-11,73.4469223022461,74.23457350559167,72.99682935956918,73.73197620586123,5282800
2019-01-14,74.36959838867188,74.75217509113638,72.48672717649332,73.01183368879485,4731000
2019-01-15,73.18436431884766,74.36959835453841,72.62925695299566,74.36959835453841,4777100
2019-01-16,72.75678253173828,74.22707050258329,72.66676852165092,73.4394192984714,4463400
2019-01-17,74.69966888427734,74.75217896591242,72.61426032338485,72.72677783891025,4004300
2019-01-18,76.21497344970703,76.41751644937213,75.09725544446276,75.33730237961261,4249100
2019-01-22,77.02510833740234,77.26515519256903,75.87738413228765,76.13993448588113,5593900
2019-01-23,75.7048568725586,77.36268155957858,74.44460930065244,77.29517105618301,4573100
2019-01-24,74.78968048095703,75.4948207457114,74.13705601931112,75.2847804259555,2807000
2019-01-25,75.63734436035156,76.31997534362114,75.01472080411683,75.53982156047805,3445500
2019-01-28,75.26226806640625,75.47981143574331,74.1970604426196,74.91720104982052,3126200
2019-01-29,75.98991394042969,76.01241744080889,74.8496869870862,75.29227681282988,2209000
2019-01-30,75.90740966796875,76.55253682549066,75.20226935087041,76.43251050633779,4013000
2019-01-31,79.06552124023438,81.01590294425858,77.07762988446824,79.1405348205489,7327400
2019-02-01,79.5831298828125,79.89069304447155,78.96051192982168,79.30557902520518,3526100
2019-02-04,79.95069122314453,79.95818857458232,79.08051771016191,79.51560446665322,3184700
2019-02-05,80.76087951660156,80.79838345626828,79.54563855261374,80.12324958738616,3690400
2019-02-06,81.63102722167969,81.64602764916611,80.39328305835895,80.60332338218655,4490600
2019-02-07,80.97090148925781,81.72854614247242,80.55831818450156,81.27845890657362,3395700
2019-02-08,81.09092712402344,81.1059332759494,80.07072627352068,80.55832319405319,2951000
2019-02-11,81.71353912353516,81.78104962804812,80.9333853067595,81.17343219475438,2765300
2019-02-12,83.01129913330078,83.10881621745828,82.1861325628549,82.1861325628549,2881600
2019-02-13,84.02401733398438,84.06152127251804,82.87629265314507,83.26636680828601,2731500
2019-02-14,83.8664779663086,84.14402882942335,82.97380076766981,83.5739209508702,2359400
2019-02-15,83.1688461303711,83.97900099060749,82.23116185971594,83.21385314394794,4273400
2019-02-19,83.09382629394531,83.82897327576677,82.6437389914612,83.19134912031674,2658700
2019-02-20,83.31884002685547,83.38635624340915,82.81624283220326,83.213819888366,3346700
2019-02-21,83.83646392822266,84.22653800638967,83.04880697322444,83.09381397985187,2260100
2019-02-22,82.7862548828125,83.93397931388125,80.90338359378417,83.93397931388125,4085000
2019-02-25,83.89108276367188,84.17107492374228,82.97544021648984,83.16462270409087,3112700
2019-02-26,84.02729034423828,84.6780785321563,83.74729819763459,83.78513700269141,2927600
2019-02-27,84.09539031982422,84.14836118101381,83.55811279250376,83.9440466516799,2620800
2019-02-28,83.39165496826172,84.06514429747091,83.2327423395779,83.8002899163312,2843600
2019-03-01,84.85211944580078,85.03373877401302,83.50514118187618,83.9516148136594,3904100
2019-03-04,83.60352325439453,85.43480825661673,83.09650982535693,85.29859664146188,2730700
2019-03-05,83.21759796142578,83.88351827450394,82.49113786350644,83.1570581765846,3150900
2019-03-06,82.37007141113281,83.247881110945,81.97657429378455,83.11166946005665,2679500
2019-03-07,80.8641586303711,82.50626114917091,80.37985194992683,82.21870586184183,3979700
2019-03-08,80.72795104980469,80.7657898565454,79.41124255738508,80.35715499198938,2648600
2019-03-11,82.35493469238281,82.42303762727977,80.8112046607371,80.8717444517959,2963400
2019-03-12,82.49112701416016,83.11920843575852,82.19600281861405,82.54409787558149,2549600
2019-03-13,83.89108276367188,84.54943989894434,82.92246935089722,83.02841108208248,3323800
2019-03-14,83.90621185302734,84.13323313947106,83.3008313781627,84.11810108129067,2539600
2019-03-15,82.8770751953125,84.18622076411677,82.80140334256254,83.88352757972463,4874400
2019-03-18,83.76244354248047,83.89865517015566,82.86193301655047,82.89977182500141,2394600
2019-03-19,83.50517272949219,84.01218055549903,83.32355910605854,83.84570476849743,2940800
2019-03-20,81.66629791259766,82.48356767517669,80.59174272849832,81.97655997508086,4199100
2019-03-21,83.08893585205078,83.21757853476369,80.91711920835219,81.174404573778,1819900
2019-03-22,81.23497009277344,82.93004379615184,81.19713705413174,82.68789040995493,2727900
2019-03-25,80.89443969726562,81.31820665786114,80.47066696327828,81.02308241410472,2088200
2019-03-26,82.03710174560547,82.32465706604307,81.18199315402887,81.4922552240254,2204400
2019-03-27,82.46842956542969,82.58950335097066,81.84791125938044,82.10519666202448,1911300
2019-03-28,83.46731567382812,83.55055643007924,82.49869648957811,82.71814886756817,1621000
2019-03-29,84.5570068359375,84.77645922420916,83.94405739609049,83.99702826406009,3428600
2019-04-01,86.59260559082031,86.85745991002096,85.43480972874953,85.65426209991325,3721700
2019-04-02,86.02507019042969,86.68342739609182,85.59373430351779,86.55477890299096,2456400
2019-04-03,86.53205108642578,87.04662757904875,86.17638715828178,86.64556171059367,2556500
2019-04-04,86.24451446533203,86.6985512866558,85.88128154423816,86.4942367377471,2889400
2019-04-05,86.51692962646484,86.95583434785836,86.29747726576808,86.38828693090184,2487300
2019-04-08,86.24451446533203,86.31261739050446,85.75263883665153,86.06290089148081,1854500
2019-04-09,85.44239044189453,85.71480794112091,85.0640254269682,85.56346424450714,2230000
2019-04-10,85.57103729248047,85.714812079187,84.98835190826404,85.63914022722689,1767700
2019-04-11,85.88126373291016,86.0628830424859,85.41965809117137,85.66181139721547,2384800
2019-04-12,86.61530303955078,86.9331282096559,85.85857314498188,86.22180603466695,2853700
2019-04-15,85.99478912353516,86.95583937153627,85.67696393729169,86.81205883678227,1768300
2019-04-16,86.22180938720703,86.38072197843854,85.80560561965461,86.03262690620886,2072500
2019-04-17,86.63800811767578,86.81205854196538,86.12343153405192,86.58503725348176,2108400
2019-04-18,86.38072204589844,86.81205787197545,86.32018226631787,86.6682773388194,1859700
2019-04-22,85.97966003417969,86.16127360782005,85.40454364869525,85.94939014300773,2585500
2019-04-23,85.96452331542969,86.30505526548174,85.37427486340927,85.76777190695906,2851300
2019-04-24,86.59260559082031,87.00880935912929,85.85100772366737,85.96451836715082,3570600
2019-04-25,79.55500030517578,83.14946678783612,78.85124137342457,82.93001445714057,10116600
2019-04-26,78.6620864868164,79.4717874103964,78.09453894860448,79.38855241631273,5421700
2019-04-29,79.3355712890625,79.43394988509999,77.95832290506371,78.7074897700295,4551000
2019-04-30,80.37985229492188,80.53119596818864,78.17776547652667,79.21448753591633,5101400
2019-05-01,79.1690902709961,80.59174051337467,78.89666702429085,80.25877748442572,2615100
2019-05-02,79.84256744384766,80.23606442237104,78.77557559275581,79.16907834466974,2589800
2019-05-03,80.70524597167969,80.93226148040738,79.6987938068196,80.31931210143426,3107500
2019-05-06,79.1690902709961,80.1301347772014,78.70748453482283,79.1161194048807,2704900
2019-05-07,77.25457000732422,78.76046700214606,76.50540885523101,78.60911752424343,4221600
2019-05-08,77.07293701171875,78.04911924831211,76.99726517850648,77.36806120262014,2497800
2019-05-09,76.24053955078125,76.49026181035798,75.49894168781158,76.49026181035798,3998700
2019-05-10,76.14972686767578,76.4297190058208,74.48492341650932,75.83190169900797,3071200
2019-05-13,75.1811294555664,75.27950805722413,74.06117221253955,74.62871975111713,3766300
2019-05-14,75.49139404296875,76.37676684679836,75.34004456364383,75.40815327268812,2889100
2019-05-15,76.83836364746094,77.19402766543924,74.81789596582136,75.22653085200548,3818300
2019-05-16,76.66431427001953,77.86751796931907,76.41459775839168,76.88376666230414,3337900
2019-05-17,75.93852996826172,76.89349134656324,75.63294116148089,76.04548517634176,2587000
2019-05-20,75.26622009277344,75.51068992916127,74.77728041999778,75.32733900902556,2088500
2019-05-21,75.94620513916016,76.20595195208425,75.28154962533348,75.90036300910792,1762100
2019-05-22,74.48699951171875,75.49543865657866,74.44116322333232,75.41904289972706,2580700
2019-05-23,73.4709243774414,74.10502027973547,72.69167827517647,74.04390133836719,3111900
2019-05-24,73.22644805908203,73.96749912987825,72.83682212759301,73.65427478275289,2401700
2019-05-28,71.86658477783203,73.3028448228322,71.86658477783203,73.24936721021577,3357400
2019-05-29,72.4013442993164,72.6687381296965,71.07968110692812,71.78253123401446,3388100
2019-05-30,73.15005493164062,73.44036114533668,72.5923548203093,72.88266686262811,2518800
2019-05-31,70.9880142211914,72.57707150135354,70.78174510888661,72.10340851535649,4192400
2019-06-03,71.91242218017578,72.63055512811175,70.91926566925397,70.92690116501558,4971400
2019-06-04,74.60926055908203,74.62453738374825,72.34027032124729,72.94380689649074,5096000
2019-06-05,75.02940368652344,75.36555195153798,74.5481052577612,75.12108207569693,2766900
2019-06-06,74.86898040771484,75.21276421079114,74.43351820379446,75.03705456161786,2643200
2019-06-07,75.0447006225586,75.58711808072495,74.90718592692326,75.39612577171049,2803200
2019-06-10,76.46566009521484,76.72541260540261,75.5718176976532,75.74753314530564,3327200
2019-06-11,76.40457153320312,77.42064627521812,76.28997497216623,77.15325818521417,3229200
2019-06-12,76.70250701904297,76.72542516191758,75.9156196943624,76.07605252310698,2261700
2019-06-13,77.94015502929688,78.14643002975394,77.1303493366294,77.16090881183132,2943100
2019-06-14,77.63456726074219,77.84083642015744,76.89351606042413,77.81027694679526,1829500
2019-06-17,77.46649932861328,77.87140218327535,77.13799224921543,77.65749168108589,2317800
2019-06-18,78.03945922851562,79.1395709734263,77.64983328311874,77.84082559360037,2524200
2019-06-19,77.58871459960938,78.32212437483177,77.13797554313194,78.1234965678872,2056500
2019-06-20,78.99441528320312,79.21596704737736,78.23808741834792,78.49783414478658,2622900
2019-06-21,78.05473327636719,79.17776895469015,78.03181513250306,79.00205929931676,5283100
2019-06-24,76.18302154541016,77.91722933772648,76.13718525135613,77.65748256658921,3704600
2019-06-25,74.20431518554688,76.18299814812136,74.0973599798533,76.18299814812136,5339400
2019-06-26,76.37400817871094,76.68723254575553,74.21197376487143,74.57104025117404,4624000
2019-06-27,77.69568634033203,77.99363394269496,76.52681408050454,76.65668748079115,2613600
2019-06-28,78.89509582519531,79.04789316063695,78.10820849069363,78.10820849069363,3130400
2019-07-01,78.66590118408203,80.30843595707775,78.21515637259864,79.89589193302614,2627600
2019-07-02,77.92486572265625,78.78814890147552,77.40536638469362,78.78814890147552,2020200
2019-07-03,78.84162139892578,78.84926272316204,77.81790543892527,78.09293482520475,1193300
2019-07-05,78.24571990966797,78.52839059696001,77.35187739200742,78.52839059696001,1572000
2019-07-08,77.86373901367188,78.4443572343197,77.70330618203677,77.70330618203677,1675300
2019-07-09,77.7186050415039,77.74152318957199,77.28314274233942,77.64220344311212,1952300
2019-07-10,77.63456726074219,78.26865738998083,77.35953782910613,78.25338056761153,1992400
2019-07-11,78.94092559814453,78.98676187729959,77.51230133539055,77.64981600147715,1820000
2019-07-12,80.9119873046875,81.14117458602462,79.22361010713605,79.22361010713605,3541300
2019-07-15,80.82028198242188,81.17170702634849,79.8729620453753,80.76680438505524,2288200
2019-07-16,80.68278503417969,82.14960445124017,80.6445842439826,81.17172483986651,2958400
2019-07-17,78.10057830810547,80.27788948581247,77.99361725170921,80.27788948581247,3672300
2019-07-18,78.53606414794922,78.65829623273217,77.78737149988974,77.85613178333757,2359000
2019-07-19,78.9256591796875,80.08689567174994,78.81106845824019,78.84926342251507,3011800
2019-07-22,79.46044921875,79.80423307530215,79.17777847697778,79.38405345380767,2495400
2019-07-23,80.42303466796875,80.4535941352319,79.46043767798022,79.81950413254428,3362300
2019-07-24,87.39042663574219,87.89464904959517,83.73865519706796,84.09008029068286,12086000
2019-07-25,90.33936309814453,90.36992256733762,87.7647846476987,88.08565615991476,8941300
2019-07-26,92.1194076538086,92.6694664110984,89.72054482900113,89.75110429647528,8526500
2019-07-29,90.72135162353516,91.52352169565563,90.2247704278712,91.20265016963363,4171100
2019-07-30,91.53114318847656,92.11940270566662,89.50662957750619,89.90389097608656,3265900
2019-07-31,91.27140808105469,92.59307163184852,90.293528364517,91.40892278048172,4859500
2019-08-01,89.36912536621094,92.26456369246932,89.05589517619414,90.81302678139706,5106700
2019-08-02,89.53717803955078,90.21711008631726,88.84961049823406,89.11699852303744,3669300
2019-08-05,87.7418441772461,88.40649934867457,86.80980100419282,88.22314840879203,4332900
2019-08-06,87.85645294189453,88.56694449013473,86.77925363417269,88.32247459335434,4875200
2019-08-07,88.16969299316406,88.28428371653493,85.73262924668248,86.81746417116025,3529400
2019-08-08,89.80457305908203,89.99556534051044,88.81141086420561,89.03296261009717,2349100
2019-08-09,88.42943572998047,89.72054555525773,88.19260714091682,89.57538954073615,2113800
2019-08-12,87.77242279052734,88.57459279905581,87.44391579438799,87.9557737704169,1724000
2019-08-13,88.49055480957031,90.09488898151716,87.28348206140534,87.39807860839207,2804800
2019-08-14,87.12305450439453,88.1238523628804,87.01609927502761,87.6731133003517,3775700
2019-08-15,87.01610565185547,87.72659734393018,86.10698030699018,87.62727760322325,3698000
2019-08-16,88.83440399169922,88.93456208556118,87.7557544006572,87.7557544006572,2723300
2019-08-19,89.98239135742188,90.52941948467259,89.57404683131693,89.89763994126794,2382600
2019-08-20,88.63406372070312,89.74353231539907,88.5724252702942,89.56632324001495,2599100
2019-08-21,89.31977081298828,89.83597958326156,88.84208166365376,89.62025089587368,1906900
2019-08-22,88.77275848388672,90.09795594387454,87.91754398071241,89.63567338570806,3005000
2019-08-23,85.73712158203125,88.33358400461385,85.14386765923716,88.08703608007829,4375800
2019-08-26,88.11016082763672,88.41064096720655,86.70791821692187,87.09314976797724,3215800
2019-08-27,87.93296813964844,88.60327327973125,87.4167591756486,88.34901899782038,2883900
2019-08-28,89.62796783447266,89.98238013136988,87.32427908739086,87.732629440718,2609900
2019-08-29,91.19972229003906,92.0780497829372,90.40614033304,90.76825894256535,2708100
2019-08-30,91.42314910888672,92.33999614899928,91.33069142596362,92.13967410841587,2209700
2019-09-03,90.3984375,91.20742023316716,89.52011003075167,90.65269173535268,1981800
2019-09-04,92.04722595214844,92.40934454357563,91.2536499129783,91.35380799815667,2732900
2019-09-05,93.380126953125,94.41255058128907,92.45557356870478,92.54803125841362,2854900
2019-09-06,92.51720428466797,93.91174052159081,92.2706563442479,93.62666707747495,2116500
2019-09-09,93.73454284667969,94.14288734603271,92.67130001482943,93.2260343830701,2882300
2019-09-10,94.30470275878906,94.35863495103833,93.0488439021492,93.38014333401414,3070200
2019-09-11,94.6513900756836,94.68991558171281,93.3878310697289,94.32779698643915,2437000
2019-09-12,94.42794799804688,95.25234321307194,93.85780699616501,94.62827003368999,2224400
2019-09-13,94.51271057128906,95.11367087106926,94.2507559290945,94.91335468992065,3107300
2019-09-16,94.43565368652344,94.7361337990346,93.53421334898991,94.0427158939448,2294400
2019-09-17,94.29696655273438,94.39712462707568,93.27224934705191,93.78075775101448,2007500
2019-09-18,93.25685119628906,93.45717324144572,91.46937709946836,91.77756350474782,4116500
2019-09-19,91.7775650024414,93.04112399435675,91.6080621828633,92.92555335572014,3733700
2019-09-20,92.99490356445312,93.16440640472347,91.89314098086346,92.32460435923367,5308400
2019-09-23,91.7236328125,93.14128207034715,91.61576845062758,92.30148012745947,2999900
2019-09-24,90.90693664550781,92.43245612161186,90.47547920417877,91.85460881490327,3160500
2019-09-25,91.7236328125,92.37852526048736,90.87611871469262,91.09185331660431,3203000
2019-09-26,91.26136779785156,91.68512492819866,90.6527070152337,91.68512492819866,1999400
2019-09-27,91.6465835571289,92.0703406141512,91.16890019630411,91.68510906346438,2456000
2019-09-30,92.3168716430664,92.45555521100955,91.67738597543044,91.92393388753317,2639000
2019-10-01,89.22734069824219,92.99490525011606,88.48769673670162,92.64819916376406,4295800
2019-10-02,88.78816986083984,89.35831681192428,88.09475186503933,88.51850893974165,3903400
2019-10-03,89.29667663574219,89.73584037828817,87.84050181160724,88.9114450763802,2936300
2019-10-04,90.5217056274414,90.60645703649861,89.31978510359997,89.48158164502733,2321800
2019-10-07,89.04242706298828,90.16730256990591,88.93456269096654,89.91304831664009,2775800
2019-10-08,86.86199188232422,88.14866948430638,86.63085652277293,88.14866948430638,3373900
2019-10-09,87.72492980957031,88.21802572766371,87.17790170912815,87.8327941742678,2553200
2019-10-10,88.81897735595703,88.93454798634804,87.69410203502856,87.86360484251318,2209500
2019-10-11,89.38912200927734,90.89923478599019,89.28896392719776,90.05172071390645,3083300
2019-10-14,89.2735595703125,89.88992650999856,88.99619239009539,89.32749175101212,1960300
2019-10-15,89.7435302734375,91.03790831174267,89.2427281620507,89.4430443040726,2616300
2019-10-16,90.52941131591797,90.56023054429915,89.48928734026205,89.48928734026205,2260600
2019-10-17,91.21513366699219,91.62347820408266,90.66039924748533,90.76826362037083,2197500
2019-10-18,90.41383361816406,91.40773161271316,90.16728568853559,91.25364136100772,2720600
2019-10-21,91.3152847290039,91.87772538272982,90.60646008230393,90.68350521726401,3251100
2019-10-22,89.45076751708984,89.80517984873522,86.12236705667334,89.24274506001194,8275700
2019-10-23,88.71880340576172,89.4276278573704,88.34127823364749,88.91141912923139,3644200
2019-10-24,87.84050750732422,88.98849598277353,87.38593118115473,88.4491741159631,2969600
2019-10-25,89.15799713134766,89.35061291986916,87.73264147192188,87.83279956581282,2704400
2019-10-28,89.56631469726562,90.35989056654996,89.3582922946842,89.43533741126379,1730400
2019-10-29,90.07483673095703,90.63727145777835,89.60485380680964,89.86680841860773,2867300
2019-10-30,90.05171203613281,90.14416971095051,88.664882182864,90.04401163852259,2417300
2019-10-31,88.73422241210938,90.05171343840527,88.225719888109,89.40452733910183,2954200
2019-11-01,92.07804870605469,92.13198088908725,89.45847293411492,89.72813384927775,4171900
2019-11-04,94.78236389160156,94.84400234770574,92.45556801625256,92.45556801625256,4230700
2019-11-05,93.52649688720703,95.36790286463751,93.44174549258338,95.01349061355945,3117800
2019-11-06,93.95796203613281,93.95796203613281,93.02570249625855,93.5187983540736,2820200
2019-11-07,95.14447784423828,96.04592405594346,94.01189625063842,94.26615046107236,3156200
2019-11-08,95.7685546875,96.5467180968904,95.15988820299194,95.16758860082776,2310700
2019-11-11,94.87482452392578,95.35251375632696,94.56663811199493,95.08285285020004,1318700
2019-11-12,94.77466583251953,95.29087468925843,94.47418569930336,94.76695955577462,1555800
2019-11-13,94.78236389160156,95.12136952200784,94.01960710135415,94.47418336741408,1613600
2019-11-14,95.59906005859375,95.71463069584199,94.56663647818736,94.56663647818736,1580400
2019-11-15,96.07270812988281,96.29787938650917,95.54470789489596,95.9251768229893,1891000
2019-11-18,95.32727813720703,96.08822181348171,95.1642200474338,95.91739736019558,1772700
2019-11-19,93.59577178955078,95.92518371286263,93.35506778648883,95.86306463981411,3642600
2019-11-20,92.40776062011719,93.42493513179309,92.26799568596323,93.3317565343571,2904600
2019-11-21,92.80376434326172,92.95129565427379,92.16705868247364,92.23694411758484,1994700
2019-11-22,92.64846801757812,94.03835104638996,92.44658401100202,93.14540870761137,2597800
2019-11-25,93.4094009399414,93.48704680299713,92.59410456785727,93.05221930668576,2460400
2019-11-26,94.10823822021484,94.4809467301012,93.10659631814691,93.46377209795423,2872800
2019-11-27,93.07551574707031,94.4964521801307,92.98233715965674,94.2945741267338,1862700
2019-11-29,92.96681213378906,93.37057417229865,92.88139990802749,93.19198335734276,1372000
2019-12-02,91.79434967041016,93.68893971431447,91.7399969686916,93.24634581232027,2438300
2019-12-03,90.7927017211914,91.15764382782378,89.8531730658188,90.71505585092923,2037000
2019-12-04,90.43553924560547,91.8021292738979,90.36565380531727,91.0178922440027,2202200
2019-12-05,89.3018798828125,90.38117347663866,88.71176060431756,90.13270313685135,4889400
2019-12-06,91.25858306884766,91.5070534086369,90.07058407160531,90.07058407160531,2762700
2019-12-09,91.73221588134766,91.90304032333142,90.50539118346356,90.8470400674311,1974100
2019-12-10,92.04281616210938,92.68728811554239,91.48375643980604,91.72446040535334,2438800
2019-12-11,90.68399810791016,92.04282159831861,90.66070493877177,92.04282159831861,3354200
2019-12-12,90.8082275390625,91.27411460357423,89.12328788427872,89.43387728595317,4320600
2019-12-13,92.10494232177734,92.88917334220798,91.4682366832097,91.64682159914918,2968100
2019-12-16,92.49319458007812,93.12213396950867,92.19813191422064,92.49319458007812,2978200
2019-12-17,93.40162658691406,94.20139016357595,92.82704014065197,93.19974262103852,2804800
2019-12-18,91.5846939086914,92.20587268373968,90.88587519176188,92.04281458818947,4957500
2019-12-19,92.05836486816406,92.83483557298732,91.83318765288516,91.90307309679994,3201000
2019-12-20,91.15764617919922,93.09105624139951,91.10329347621368,93.09105624139951,6945000
2019-12-23,92.35340881347656,92.726111358829,91.28187566658798,91.80211543564265,2047500
2019-12-24,91.87976837158203,91.9030615419579,91.1110582051749,91.18094364030308,872000
2019-12-26,92.4310531616211,92.57858445889418,92.08940423067287,92.46987313395609,1274600
2019-12-27,92.35340881347656,92.78046406019291,92.06611257826728,92.74940452741352,1419500
2019-12-30,90.41222381591797,92.57081078407136,90.26469253029612,92.57081078407136,2430700
2019-12-31,90.89364624023438,90.9169394103174,89.73670670877418,90.1016488374094,2875100
2020-01-02,90.68399810791016,91.60023361268844,89.47270592071186,91.37505643768357,4158100
2020-01-03,90.62963104248047,90.73833643056574,89.1698628184793,89.27080776741516,2477800
2020-01-06,90.22586822509766,90.24916731586876,88.80493173604398,89.64351535981346,3381600
2020-01-07,90.07059478759766,90.41224376695503,89.3484768510474,89.96188937125683,1952300
2020-01-08,90.58305358886719,91.28187231675804,89.54258001294093,89.58916634840033,2016000
2020-01-09,90.7927017211914,91.49152640155124,90.36564054874923,90.87034759145357,2151500
2020-01-10,89.96965789794922,90.9014203243993,89.76000750139728,90.9014203243993,2545000
2020-01-13,90.65292358398438,91.01786563747285,89.99292489686658,90.16374934096751,1826200
2020-01-14,91.05670166015625,91.7632927264334,90.60635322921075,90.65293956799813,2598600
2020-01-15,91.56916809082031,92.16704778094036,91.05669470728894,91.24305189620938,3168400
2020-01-16,92.09718322753906,92.4854185481428,91.70118154180301,92.01953734821849,2426800
2020-01-17,92.08940124511719,92.58634189729456,91.75551868906054,92.198106642531,3403400
2020-01-21,91.14987182617188,92.04281408896064,90.65293117842853,91.78657740134304,2960700
2020-01-22,91.0489501953125,92.58635876685759,91.0411838300822,91.46047869250384,2425300
2020-01-23,90.7927017211914,90.94023302148963,89.7211744939731,90.87034759145357,2493700
2020-01-24,90.58305358886719,90.93246295281261,90.01622750344468,90.87811025344332,2015400
2020-01-27,89.23200225830078,89.64353073919746,88.01294362145559,89.25529542906841,2903800
2020-01-28,89.58141326904297,90.35011748728427,88.85929539008889,89.64352641342579,2039600
2020-01-29,89.88422393798828,90.83927930578952,89.55034139643185,89.88422393798828,2845400
2020-01-30,83.85881805419922,87.79552344256135,83.34634465590352,87.16658420283487,9473000
2020-01-31,80.38021087646484,83.78115492145284,80.04632837716234,83.73456267048117,7234300
2020-02-03,79.2232894897461,81.12564589695504,78.93599917680446,80.87717555722165,5627100
2020-02-04,80.27151489257812,80.64422332397933,79.68140160185891,80.2404553629614,4858700
2020-02-05,82.33696746826172,82.76402287007082,81.0169635037552,81.24214075518283,4439900
2020-02-06,82.7018814086914,83.69576278251095,81.91764448053681,82.77176091591296,3861800
2020-02-07,80.06964874267578,82.59317814029619,79.97647013996965,82.34470779041358,5754400
2020-02-10,80.03082275390625,80.55882298731323,78.91270321869136,80.28705946805974,4669400
2020-02-11,81.42847442626953,81.8788228746375,80.14729674404892,80.30258849534813,2806300
2020-02-12,81.9487075805664,82.90376309816224,81.90988168108667,82.1272925005719,2493300
2020-02-13,81.71576690673828,82.40682528898753,81.04024125442764,81.52164925051095,2768300
2020-02-14,82.26705932617188,82.45341653913508,81.28094425124438,81.52164824632104,2694600
2020-02-18,82.63200378417969,83.02023910275675,82.07294397758861,82.26706163687713,3371600
2020-02-19,82.89598083496094,83.06680526930108,82.26703578816323,83.06680526930108,2663200
2020-02-20,82.67857360839844,83.55598305757762,82.26703930625322,82.67857360839844,3171200
2020-02-21,79.92987060546875,82.09622388775252,79.78233932320586,82.01081166370552,6034600
2020-02-24,77.23236083984375,78.52623347662903,76.55014154573364,78.22825311689016,7300400
2020-02-25,73.63304901123047,77.80480398357477,73.09981690276389,77.68717811001441,7609100
2020-02-26,73.49971771240234,74.80142725511541,73.0684249822483,74.55833825231865,7411700
2020-02-27,70.76300811767578,73.0370865349519,70.48855171860987,71.7589004577588,9143800
2020-02-28,70.95903015136719,71.63341196903505,68.747686930063,69.50048398596451,11498000
2020-03-02,72.73125457763672,73.0370782422582,70.11214812006801,72.18234184182894,8738800
2020-03-03,71.59422302246094,75.27979387098085,71.02178029084547,74.38584679737899,9263400
2020-03-04,75.13862609863281,75.18567404411773,71.69614515767496,72.37052696222105,6644800
2020-03-05,72.91944885253906,73.90749771196103,72.09607978860396,72.75477503975205,5277200
2020-03-06,73.7114486694336,74.08785018864387,70.6845738092856,70.78651302069503,5598400
2020-03-09,68.36346435546875,72.14313717236507,68.30072975686203,69.35151334407253,8648300
2020-03-10,72.78611755371094,72.88805674138654,68.37127545867051,70.9511762793634,8914200
2020-03-11,68.9986343383789,71.49227774762716,68.46540222625347,70.43365684372094,5557200
2020-03-12,67.57144927978516,72.48816373589985,64.30148495627154,64.4740020926545,9412800
2020-03-13,73.89181518554688,74.18195218909992,68.62222937893333,71.35896150204256,10918900
2020-03-16,68.26932525634766,73.87609981920113,67.04603116361503,67.32833072081446,9006300
2020-03-17,75.8992691040039,76.22861669927659,68.84178986570738,69.8298386342247,10476100
2020-03-18,77.83615112304688,79.86713381522443,70.81787695556508,71.35895224418796,11152100
2020-03-19,75.47582244873047,81.39626597934705,74.85633186343513,77.37349883445067,7690300
2020-03-20,73.28799438476562,76.63637927892975,71.28837901962501,75.3973982554269,7355300
2020-03-23,72.06470489501953,75.38171674214617,70.77083252217402,73.85259865413732,7117800
2020-03-24,74.69947814941406,75.82083311639559,72.26857049575202,73.65653840041563,6067100
2020-03-25,74.10354614257812,76.68344809657712,71.3981809780721,74.98964988447914,5682000
2020-03-26,78.24393463134766,78.43997576080392,73.34290639494134,74.10354693446367,6373900
2020-03-27,76.47171020507812,78.06356897398364,74.4956185352673,74.96611598210801,4671100
2020-03-30,76.72264099121094,77.48328140620062,75.20920946298135,76.95004938207276,3994200
2020-03-31,73.25662994384766,76.30702869523617,73.05275152650634,75.99336775080367,5391300
2020-04-01,70.880615234375,72.83318279392823,69.85336184865048,71.28838404735671,5762800
2020-04-02,72.95866394042969,73.36642683766009,69.280930614599,70.38660540314518,4039900
2020-04-03,70.57479095458984,73.2409509205253,69.64947678943281,72.27642614509159,4471900
2020-04-06,75.02885437011719,75.65618831947484,72.4724766031297,73.0919672328779,5642700
2020-04-07,72.85672760009766,76.41682921581791,72.68421045041862,75.47583419555096,5113900
2020-04-08,77.46759796142578,78.02435393995785,73.52325218179347,76.06394303694383,6628400
2020-04-09,77.3891830444336,78.43996042113349,75.37388086704259,77.30292448572547,5588500
2020-04-13,77.17745971679688,78.61248202146555,76.9971052529946,77.30292889396338,3355100
2020-04-14,79.51427459716797,79.85146554221828,78.07140893135977,78.85557336331863,4093100
2020-04-15,78.35371398925781,78.40076792664436,76.80107165760728,78.36940062928674,3721200
2020-04-16,80.15729522705078,80.36901700723213,78.10278210686384,78.55759894749076,4303400
2020-04-17,80.57289123535156,81.35705562693649,78.28313264777145,80.11023711601221,5850100
2020-04-20,79.35742950439453,80.76892772173758,79.23980963853192,79.78087896959744,4359500
2020-04-21,78.90264129638672,80.07104483214773,78.61249825131279,78.69875683274826,3793800
2020-04-22,76.54229736328125,79.80441857396754,76.36193689579963,79.59269679124598,5099500
2020-04-23,77.98516845703125,78.60465921991857,76.8951801223577,77.13043189960142,4061800
2020-04-24,78.55758666992188,78.76930841701376,77.31076221309394,78.56542998876212,2792400
2020-04-27,80.41606140136719,81.15317186719086,78.25960930704451,79.2006041914873,4362300
2020-04-28,75.6169662475586,77.88320067264323,75.4209251659236,77.8283094090934,10400900
2020-04-29,75.36604309082031,76.18157480777344,73.79771424653346,75.35819977144294,9974000
2020-04-30,74.22899627685547,75.07588918275704,72.78613083894,74.96610665823833,6262500
2020-05-01,72.06470489501953,73.48404045274565,71.55499687145019,73.10764491540463,5415600
2020-05-04,70.91983032226562,71.98629438596132,70.26112911459495,71.8373012353466,4784400
2020-05-05,72.69987487792969,73.59382174241885,71.6726215121586,71.77456072207434,5001000
2020-05-06,72.8724136352539,74.04866048873414,72.69205315199855,73.03708747681704,3630300
2020-05-07,72.79399871826172,73.92319163469251,72.49601235171258,73.70362651157266,3309800
2020-05-08,74.36231994628906,74.47994581620848,73.17038657239924,73.3507470373024,3418000
2020-05-11,73.64087677001953,74.3858305073137,73.00569958009692,73.8761224847286,3118400
2020-05-12,72.80967712402344,74.62110129910432,72.7939964654434,74.30743428319718,3504600
2020-05-13,71.15507507324219,73.10764871188029,70.87277541422702,72.58225402373016,3690800
2020-05-14,71.9000244140625,71.98628296307817,69.67299475819215,70.57478487254775,4031700
2020-05-15,71.38247680664062,72.05685859775716,71.07665320168068,71.23348367197335,3990600
2020-05-18,75.35820007324219,76.10315986688175,72.97433950245518,73.18606724759371,5509500
2020-05-19,75.6169662475586,76.43249786508406,74.81712126687539,75.2248840842886,3674300
2020-05-20,76.20511627197266,77.2088460054362,75.6483601224015,76.45604870533855,3291700
2020-05-21,76.30702209472656,76.84025402991621,75.75026618900918,75.85221137156067,5452100
2020-05-22,76.63983154296875,77.31336068943527,75.8315917308524,76.69529850690257,2406600
2020-05-26,76.91716766357422,78.39893664721896,76.68737422469162,77.77294887483788,5563700
2020-05-27,78.93775939941406,79.03284216822051,76.7983064195845,77.47976114144366,4436400
2020-05-28,79.01699829101562,80.11049246751084,77.91557853518073,79.2388661489614,5460800
2020-05-29,79.00907897949219,79.56375471380497,77.9314298307404,78.7079734405998,5962400
2020-06-01,78.6683578491211,78.98531457318381,77.93936161558952,78.82683923387579,2510300
2020-06-02,80.16596221923828,80.17388779885354,78.4306351011446,79.04077173170896,2860500
2020-06-03,82.1310806274414,82.5827418932788,80.88703075168263,81.29907016884582,3633800
2020-06-04,81.77452087402344,82.26580410117074,81.05345021730783,81.85376458953992,2768400
2020-06-05,84.50825500488281,84.92029446372216,82.93932273855118,83.18496734337563,5026800
2020-06-08,87.51933288574219,87.55102916042304,84.52410445103241,84.52410445103241,4561100
2020-06-09,85.44327545166016,86.52884410767004,84.41316771769782,86.43376133222161,4567900
2020-06-10,84.49241638183594,85.64930331553046,83.69210803884557,85.49082797218206,3793300
2020-06-11,79.61129760742188,82.17863543011532,79.59544644718541,81.98846382540188,5306100
2020-06-12,80.41162109375,81.59227875721614,79.20718668721864,81.54473736197966,3334400
2020-06-15,83.70793151855469,84.13582208953238,78.91397805329922,79.17546774313757,6440200
2020-06-16,83.8584976196289,86.2277381412523,82.2340983655261,85.45119455481415,4283300
2020-06-17,84.77765655517578,86.005861331371,84.12789813017166,84.39731340394894,4413500
2020-06-18,85.24517822265625,85.99001949347301,84.16752910163835,84.42109324508692,3204500
2020-06-19,85.3957290649414,86.40206611737342,84.28638970147541,85.82361969604091,9027100
2020-06-22,84.70635223388672,85.22140609186383,83.5811617441463,84.85690197419687,4385700
2020-06-23,87.64613342285156,87.85215622184384,85.58592356927073,85.74439892514337,5565900
2020-06-24,86.76656341552734,88.36718594365313,85.95040401459786,87.09936522155655,5471300
2020-06-25,87.57479858398438,87.67781298656355,85.86324209418353,86.58431268500703,2987000
2020-06-26,85.0391616821289,87.8759149005326,84.91238262386179,87.66989212972125,5489000
2020-06-29,86.75072479248047,87.27369823459398,85.45120165396823,86.34660482895194,3395200
2020-06-30,88.09778594970703,88.76338963176225,86.0692725810282,86.77449812077816,3954900
2020-07-01,90.6651382446289,95.01535774267978,90.53043357992507,93.39095804801191,8982100
2020-07-02,90.61759185791016,91.82202028298589,90.53042859838096,91.60807794760798,3442900
2020-07-06,91.40997314453125,91.75070057293186,90.81568154002647,91.65561173985024,3445900
2020-07-07,90.68887329101562,91.48126189485306,90.22929249532834,90.45908591589462,2194700
2020-07-08,90.70474243164062,91.33864981312172,90.3164736315069,90.74435824241955,3051600
2020-07-09,90.68887329101562,91.15638571091125,90.10250741690061,90.72849513938561,2366200
2020-07-10,91.18016052246094,91.64767296348487,90.32437934073432,90.88697454943083,2281800
2020-07-13,90.14214324951172,91.72692070304171,90.11044697498757,91.61598676493031,2301700
2020-07-14,91.38618469238281,91.63974881922252,89.57953953296926,89.99157897204165,2538000
2020-07-15,94.46067810058594,94.85687254243662,92.0042737702012,92.48763147289482,4841800
2020-07-16,94.88064575195312,94.96780901510216,93.63659541344578,94.13580429247166,2528200
2020-07-17,93.93769836425781,95.62548439848439,93.86638022581181,95.08665975140853,2782400
2020-07-20,93.77922821044922,94.07241428951619,92.75704577015641,93.83469519346754,2365900
2020-07-21,94.3259506225586,95.32436206721854,94.15162414304461,94.2942543494246,2054400
2020-07-22,94.07240295410156,94.49236806712838,93.42264435470312,94.09617365175258,3508200
2020-07-23,93.61279296875,94.61120434278511,93.46223719337492,94.06445424942973,2349200
2020-07-24,93.77922821044922,94.67463156617775,93.15324023327233,93.62867842536963,2539000
2020-07-27,95.88697814941406,96.49711491485029,93.13738782337289,93.59697481551551,4446000
2020-07-28,94.7855453491211,95.67301688844108,94.47651421732982,95.26097739453488,2497600
2020-07-29,98.00263214111328,98.4939152988577,95.42736893224595,95.54622844328284,6769600
2020-07-30,112.09131622314453,115.29256140540495,107.09133312886962,109.0802365998764,30970900
2020-07-31,113.12140655517578,114.20698729690264,110.696699065663,112.37657133289366,7429900
2020-08-03,112.6618423461914,113.7078014453459,111.36232509902324,113.68403074681007,4317200
2020-08-04,114.67449188232422,115.64120704885181,111.99621424808626,112.22601373848103,4841700
2020-08-05,114.95974731445312,115.68874342485347,113.53344531980407,115.17369563637332,3939300
2020-08-06,115.26880645751953,115.41936227288441,114.45264691296762,114.87261203430427,2420900
2020-08-07,124.32577514648438,124.32577514648438,115.36386139201532,115.43517346915905,10074200
2020-08-10,126.45732879638672,128.92165850855437,124.40504465579043,124.77746836820985,7396400
2020-08-11,123.49382019042969,127.78063513394784,122.72520195723921,127.30520902812304,6071900
2020-08-12,125.031005859375,126.98028735340407,123.9295860658111,124.6031212875057,4247200
2020-08-13,126.2196044921875,126.56033795767564,123.99299393647851,124.22279345548309,2848200
2020-08-14,127.36856842041016,128.70769521363368,125.49853053973735,125.77585933984722,3479000
2020-08-17,127.01994323730469,128.4779359132016,126.58412692361401,127.661776312515,2408900
2020-08-18,126.77425384521484,127.85190280256627,126.02940664207472,127.09120444230457,2606600
2020-08-19,127.05158233642578,128.2797870567073,126.67123920251397,127.21798925863796,2691600
2020-08-20,126.42559814453125,126.98818725558655,124.65064340367528,126.11656708737539,2296700
2020-08-21,126.81639099121094,127.78129500746971,125.61226563597377,126.60107961820877,4420700
2020-08-24,127.86901092529297,128.4351843064629,126.84829267356672,127.36662178792471,4084000
2020-08-25,126.8243408203125,129.5037289022588,126.03488619132955,128.83388492375215,2931500
2020-08-26,126.71270751953125,127.56597076890439,125.88337856956369,126.80042605761707,2761700
2020-08-27,127.75730895996094,128.3633563287194,126.56912417645874,127.38251282583325,2913400
2020-08-28,129.4718475341797,129.67120674680513,127.06358483864663,128.00456664955746,2979800
2020-08-31,130.4766082763672,131.7525120524227,128.5946568990414,128.9694531769607,3960900
2020-09-01,129.7030792236328,130.89126433138327,128.82590612167965,130.0858576148054,3097000
2020-09-02,132.1990509033203,132.53397284640477,129.34422614893214,130.1815370906023,3778000
2020-09-03,126.0109634399414,130.34103931670978,125.15770024435183,129.40006975648316,4759900
2020-09-04,128.21185302734375,129.0651160129918,123.3076229019443,127.78124262578224,3601300
2020-09-08,124.75902557373047,127.63777384636246,124.36828920189474,127.61385170800207,3176400
2020-09-09,127.43040466308594,128.35543428292507,126.034890245679,126.034890245679,2317600
2020-09-10,125.90726470947266,128.59462216675044,125.26134300817347,128.37932304492867,2450900
2020-09-11,126.68878173828125,128.0763261640507,125.54047078839206,126.3857640255583,2466800
2020-09-14,127.70150756835938,129.31233304526057,126.81635237987462,128.30755505578614,3617900
2020-09-15,128.8099365234375,129.00132569308627,126.2900338786892,128.05237416644317,3238500
2020-09-16,127.48622131347656,133.45902751291837,127.21509571328922,133.01246483780503,5736800
2020-09-17,127.39054107666016,127.80521165963964,125.17366753245305,125.22948178651353,3002200
2020-09-18,127.31877899169922,130.58029300821389,127.1273897543194,127.70154529853733,7274000
2020-09-21,128.43515014648438,129.94230498980883,125.50058899525885,128.72222783892323,3894400
2020-09-22,129.09703063964844,129.29638982046004,127.24698376903446,127.86100128503271,3051900
2020-09-23,128.825927734375,132.18313011573596,128.65846063915174,129.58349032112972,3842400
2020-09-24,127.91681671142578,129.6392828060221,125.9870214670405,128.4829899222762,2975100
2020-09-25,132.47021484375,133.17196321430276,127.00777934200008,127.00777934200008,4399300
2020-09-28,134.6870880126953,137.14319513341417,134.36014813017508,135.49250707197479,4338400
2020-09-29,134.36810302734375,135.9390545228181,133.26763633136756,134.61530649257432,3113700
2020-09-30,132.8768768310547,135.30107896519488,131.97576949604883,134.9980491354581,5426700
2020-10-01,133.69029235839844,136.2022259118238,133.07627470198202,134.7987291704799,4934100
2020-10-02,133.14004516601562,134.36809240742755,132.17514134439833,132.90081170737406,4482700
2020-10-05,134.89439392089844,135.53234570894224,133.52280183537565,134.09695722782325,2739000
2020-10-06,135.0458984375,137.198974909378,134.54350946582542,134.990072032684,3671400
2020-10-07,139.5435028076172,139.9023470183679,135.81149137921082,136.05072490901887,3847000
2020-10-08,138.9214630126953,140.33291731393737,138.3154032889392,139.99002534848105,2797500
2020-10-09,139.30422973632812,139.85446304832618,137.84491900343917,139.1606847920194,2861100
2020-10-12,140.77947998046875,140.98682132513056,138.92146304108104,139.43979206689696,2274000
2020-10-13,139.8146209716797,141.26594988368592,139.46374676915096,139.9501837921254,3018000
2020-10-14,139.05703735351562,140.31698899640753,138.59452253514365,140.12559977807143,3156900
2020-10-15,138.78587341308594,138.80182555358573,137.16707793801933,137.6933890632507,3059700
2020-10-16,139.10487365722656,140.50038802029198,138.96132870970737,139.6072627216644,3446000
2020-10-19,137.23887634277344,140.50835987903486,136.44940954070205,139.36004895526546,2884600
2020-10-20,139.4557342529297,141.42540387908053,137.4461903581199,138.06819001186034,2784700
2020-10-21,137.74122619628906,141.95169064464375,137.67742980550582,140.6917393044889,4428700
2020-10-22,137.94859313964844,139.32815536390103,136.88001860538103,139.0410776359951,3897700
2020-10-23,137.07936096191406,138.55462369286144,136.60887623917102,137.4940314441558,2763100
2020-10-26,133.9693603515625,136.2978739641895,132.51801977382,136.2978739641895,4053900
2020-10-27,136.23410034179688,136.89597434764818,134.4558196802446,136.27397461548333,5753900
2020-10-28,124.22471618652344,130.67597762508777,124.08118338873302,130.10980425435298,11120900
2020-10-29,128.67437744140625,130.7955618360463,125.78766068209094,126.0508162349223,5849600
2020-10-30,125.28529357910156,127.95671167177696,123.80206067464029,127.5978553847611,5240500
2020-11-02,127.23101806640625,128.5388136664199,125.1736300795706,126.6967369789287,3924000
2020-11-03,130.36497497558594,131.297974645284,127.8690058682114,128.58669417784964,3142200
2020-11-04,129.6472930908203,131.8482145616458,128.03646714047622,130.5643406616839,3530000
2020-11-05,130.42877197265625,132.25490921146397,129.3522395033467,132.05554999478582,3998300
2020-11-06,133.71417236328125,134.20859136317142,130.03800106786073,130.84340770831875,2960000
2020-11-09,130.1576385498047,133.594589292278,126.56120287714094,130.85938684414697,9453000
2020-11-10,131.36178588867188,131.7844265004182,128.4112715955274,130.5643489355019,3329800
2020-11-11,132.88487243652344,134.14482408401616,131.72060931458802,132.66956108609915,3240200
2020-11-12,130.86305236816406,132.78054739677725,129.70773930216637,132.65217655786262,4070000
2020-11-13,131.31234741210938,132.45964197315985,130.90317910631651,131.7375651344386,2628500
2020-11-16,135.1393280029297,135.17141459598525,129.37079271328514,130.90318767671067,4406300
2020-11-17,135.49232482910156,135.90951169735683,132.7805489748566,135.2917499817075,3627800
2020-11-18,135.14732360839844,137.65050591521216,135.14732360839844,135.54847328502896,3393500
2020-11-19,133.56683349609375,134.7863323114674,132.94104078973157,134.7863323114674,3143600
2020-11-20,131.38455200195312,133.82354915726873,131.34444682361246,133.44646744077005,3988100
2020-11-23,133.66311645507812,133.76740707703044,131.5049286014311,132.7805820101265,3770900
2020-11-24,138.54908752441406,138.88605180866114,134.44131844926756,134.7542147305054,5371700
2020-11-25,136.7920684814453,138.78979869810263,135.8934969344119,138.08377120136544,3497700
2020-11-27,135.50035095214844,137.53818612848153,134.69805151794966,137.1611166571565,2216600
2020-11-30,137.2493896484375,137.37774827219627,134.87457759816624,136.04594032559697,4708600
2020-12-01,134.75425720214844,139.7605992798452,134.70610893883713,139.20701055191805,5371500
2020-12-02,135.4521942138672,135.55649704182719,133.58283534923538,134.72209890237914,3853300
2020-12-03,134.64991760253906,136.57543137768354,134.32097189129883,135.68487850220268,2844200
2020-12-04,134.18455505371094,135.26766398238084,133.45445976822577,134.84244634184893,2766200
2020-12-07,134.36111450195312,135.0189938056542,133.26196797143533,134.8906351741332,3117200
2020-12-08,133.49462890625,134.97888805144524,133.11754711784084,134.4252993730522,3885000
2020-12-09,135.7330322265625,136.27058369905362,133.99204366911826,134.41726145198106,3327300
2020-12-10,131.76968383789062,134.35308939450655,131.2802806177337,134.0241436375559,4708600
2020-12-11,135.1072540283203,135.60468812810274,132.66024992818237,132.78058997693242,4777500
2020-12-14,133.6791229248047,137.8189907921301,133.65505492202746,137.8189907921301,3388700
2020-12-15,134.1204071044922,135.09921348231674,133.29403959172345,134.06425250490892,2555300
2020-12-16,136.4952392578125,137.72275670594365,134.30495246500374,134.30495246500374,3421600
2020-12-17,139.99325561523438,140.65916572376779,136.42301275445203,136.9846322440941,4386900
2020-12-18,140.54681396484375,140.79553708159864,137.30552952286862,138.8379244343554,8581300
2020-12-21,138.46885681152344,139.9531156659395,137.21727164928527,138.348516792892,3180000
2020-12-22,140.0493927001953,140.6029812899761,138.01155744492115,138.26026832041842,2489200
2020-12-23,138.50900268554688,141.15659381839092,138.49295326572638,139.90500839904072,2553800
2020-12-24,138.14796447753906,139.07863491388704,137.57030780960721,138.80584375694377,1006100
2020-12-28,137.48199462890625,138.95822225345145,137.1129316017127,138.4768500674204,1861700
2020-12-29,135.61268615722656,138.00353528618086,135.10723354486555,137.7949418192651,2864600
2020-12-30,133.36624145507812,136.24650594244582,133.30205602650616,136.24650594244582,3107100
2020-12-31,135.1072540283203,135.17143946836066,132.7324539574324,133.81555112254568,2349400
2021-01-04,131.4166259765625,135.21951677117738,129.8762128108543,135.1071953604106,4304000
2021-01-05,129.58741760253906,131.58513550616107,129.3547438938652,130.5180757108784,3967000
2021-01-06,129.2023162841797,130.87913167544727,128.37594871337024,128.59257302324954,5061400
2021-01-07,127.56561279296875,129.86820830137663,126.87563477496985,129.6676334384946,6024300
2021-01-08,127.07618713378906,128.28765468389386,126.33807323815078,127.65384361596091,4844800
2021-01-11,129.86019897460938,129.924384404363,126.55472891607182,127.46131903630899,6127800
2021-01-12,131.50491333007812,131.93814967139446,128.31175252160924,130.2693652506271,4612100
2021-01-13,130.86305236816406,131.93813059931085,129.93238214920848,131.2160660541208,2643000
2021-01-14,131.15191650390625,132.85278773729345,130.95134160404,131.3364419839895,2625000
2021-01-15,127.48539733886719,130.7507624793979,126.93182091650444,130.55820617458483,4816300
2021-01-19,125.38333892822266,128.2074360114716,125.19881350920984,128.12720118123144,4537400
2021-01-20,128.23953247070312,128.60056475034503,125.18277373182194,125.88880111751614,3029800
2021-01-21,128.4481658935547,129.73183785868082,127.74213835535738,127.83841038615888,2002800
2021-01-22,127.55760955810547,128.72896004273096,126.28194397263037,127.08424352072107,3131600
2021-01-25,129.77194213867188,131.68943742463736,127.65387198077644,128.13525657025576,3938100
2021-01-26,129.51519775390625,130.58225751960956,128.76104653439086,130.27739204520748,2962400
2021-01-27,126.48251342773438,128.04700727301815,125.95300505274564,127.96677242480702,2821500
2021-01-28,126.17765045166016,127.87050294885023,126.12148360836926,127.62179205340608,2565100
2021-01-29,124.35638427734375,126.52258981310672,124.16382804936579,125.97703219700846,5007900
2021-02-01,125.36731719970703,126.08136327491484,124.28422020497283,125.31918118777915,4783000
2021-02-02,128.60057067871094,131.73756439862157,125.90484409520118,130.93526496593554,10758300
2021-02-03,128.13523864746094,129.5472811411769,125.84066194384941,128.92148860765712,4559200
2021-02-04,130.1811065673828,130.30145883220376,126.61890723208239,127.75014017184243,2811100
2021-02-05,131.88201904296875,132.01037768165102,129.74789905756805,130.77484161975224,2560300
2021-02-08,131.1358642578125,132.75651284159633,130.62239301490635,131.93014525132736,2242200
2021-02-09,133.9197998046875,134.4653697032151,130.59828113984727,131.17593762435132,3073600
2021-02-10,132.90892028808594,134.97082336073046,132.0103366439245,134.73816192345728,2943700
2021-02-11,130.26939392089844,133.406388578833,129.32268618346097,133.18174564987763,3188400
2021-02-12,131.0877227783203,131.44073653850336,130.00461349067862,130.34960866253738,2563800
2021-02-16,129.77194213867188,131.55304798077924,129.23440295095386,131.53699856323163,2867700
2021-02-17,129.17022705078125,129.90032257656827,128.28769265234425,129.2424310718935,2845400
2021-02-18,130.06881713867188,130.4699669692176,127.26076832485168,128.20748829084272,3595900
2021-02-19,129.6166534423828,131.02149770815598,129.43904134957063,130.25448991968446,3081700
2021-02-22,130.47247314453125,131.20717879446786,127.57397268694892,128.95459642844241,3894800
2021-02-23,129.8346710205078,130.3271729157239,127.38024322247374,129.15647532469157,4385800
2021-02-24,129.23716735839844,130.71466014331776,128.43785768293483,129.4067100558558,2963400
2021-02-25,127.1702651977539,129.42285956595646,126.78272671706225,128.37326437444148,2617100
2021-02-26,127.42867279052734,128.55899885068166,126.42751805179776,128.0342072483879,3492800
2021-03-01,130.36752319335938,131.328306433016,128.0341977483201,128.8173565746135,3271500
2021-03-02,130.2867889404297,131.7400740912794,129.0918710695666,130.60974804041297,2653600
2021-03-03,129.52781677246094,130.93266077290357,129.08376814485354,129.6570003788612,2635100
2021-03-04,128.73655700683594,130.22213115533916,127.20254209778079,129.22905860515343,3710400
2021-03-05,132.73313903808594,133.3628938450547,128.43788798748787,129.59243436038756,3671700
2021-03-08,129.88311767578125,134.2106716706043,129.79430545067802,133.40329228589576,3176400
2021-03-09,131.82083129882812,133.33869611530955,130.1576317916227,130.1576317916227,2551000
2021-03-10,133.4032440185547,134.1702516925863,132.1921753796751,132.6927587944252,2511700
2021-03-11,135.02609252929688,136.1887081486142,133.53243618447408,134.1056807975698,2906700
2021-03-12,135.38941955566406,135.74466837358858,133.97650596050087,134.51744854429361,1914800
2021-03-15,131.31216430664062,135.5831952349272,130.00421382826883,135.55897484233734,4535900
2021-03-16,131.4574737548828,132.539358815047,130.33520495531192,131.4251716912085,2397800
2021-03-17,129.7054443359375,130.59356625221142,128.82540409502877,129.81040755866817,3644100
2021-03-18,129.3421630859375,130.10110160899396,128.32486958971344,129.5440079135746,2964900
2021-03-19,128.607421875,133.41133776629212,128.12300176738987,130.33521279669577,14934200
2021-03-22,130.0364990234375,130.56937228100804,128.00189987975062,128.93039340181375,3893900
2021-03-23,129.06764221191406,130.9246168762277,128.55898936256997,129.01920143000112,2920800
2021-03-24,129.10797119140625,131.01338601121196,128.93841619082443,129.22907310637532,2285300
2021-03-25,131.80467224121094,132.12761903707377,128.13109392002596,128.7769998313822,2944500
2021-03-26,135.62355041503906,135.72044429342077,132.24062969945032,132.81387433453992,3135500
2021-03-29,135.75271606445312,136.4228421695629,134.5577984927478,135.32480614378244,2702600
2021-03-30,136.15646362304688,137.24643075770936,135.15530871653937,135.28449237924332,2401100
2021-03-31,137.24639892578125,138.06184750816058,135.31676307035295,136.63278283007114,3688400
2021-04-01,138.2879180908203,138.98226474431135,136.30984137599125,137.39979598067023,3615000
2021-04-05,138.82884216308594,139.7088824785092,138.15064663484938,138.94995642717484,2315900
2021-04-06,139.6523895263672,140.5082095581937,138.2475451996373,138.94189184577326,2465600
2021-04-07,138.82884216308594,139.95918036310832,138.22330780152583,139.62007027936193,2079700
2021-04-08,139.6927490234375,139.87037342841748,138.27175378359755,139.30519814732008,2029100
2021-04-09,142.05029296875,142.058362325374,139.53127390368462,139.89459206581853,2579800
2021-04-12,144.18177795410156,144.78731234964872,141.08951416248533,141.64660777752934,3024000
2021-04-13,144.8599395751953,145.2636290776297,142.64771666678962,143.67309145246819,2465400
2021-04-14,142.26828002929688,144.84380907131884,142.0099127977054,144.3755400234077,2591900
2021-04-15,145.03759765625,146.01453189986782,142.51049684129856,144.399773514775,3139200
2021-04-16,145.09414672851562,146.28906470317818,144.47246118671984,145.91766478584236,2820500
2021-04-19,143.76194763183594,145.25560417580323,143.43900085890613,145.25560417580323,2614200
2021-04-20,145.07794189453125,145.20712549784264,142.77690669909947,143.63272651169117,2642500
2021-04-21,144.17369079589844,144.95683718338472,143.3663117015238,144.83573524707944,3204400
2021-04-22,143.31787109375,145.96607376844966,143.07566720003777,143.55201795050965,3077900
2021-04-23,144.48858642578125,145.5785409492752,143.17255439320954,143.59239502488418,2407100
2021-04-26,141.94537353515625,145.20719328350722,141.04918188821597,145.15067081081273,3972900
2021-04-27,156.7365264892578,159.27976601627148,153.16791193888182,153.61196063879018,14666500
2021-04-28,160.15982055664062,160.20826134130937,156.712319971663,157.75383380093064,6308800
2021-04-29,164.4792938232422,165.10904862214753,159.59464713357556,161.38702996726897,6950000
2021-04-30,164.5923614501953,166.1344590278657,161.33055416472155,162.8403496680901,5931200
2021-05-03,171.32586669921875,172.27858057768088,167.22437881488412,167.46659504294257,7286100
2021-05-04,173.02943420410156,173.82874404635143,170.24397843087283,170.8414434733289,5775400
2021-05-05,173.1990203857422,174.19209352971734,171.77802485523483,173.53003655397984,4187000
2021-05-06,173.40887451171875,173.58649889150345,171.22088414561222,173.52190708797932,4470100
2021-05-07,175.6049346923828,176.2831301041397,172.6176348190123,173.32005061550151,2644100
2021-05-10,174.49888610839844,177.2924114922667,174.20014740022384,175.6049917694462,3566300
2021-05-11,173.04556274414062,173.58650525891778,170.84142126639512,172.72260371467326,3088500
2021-05-12,170.11480712890625,172.658059182371,169.84030113800677,171.1644026278141,2667100
2021-05-13,174.12745666503906,175.12052955215185,170.46196081071355,170.50231991178393,3208000
2021-05-14,174.7007293701172,175.814904378897,173.67535425367677,175.04789654077823,2333700
2021-05-17,174.6280517578125,175.1609250170701,173.58653795074508,173.9982969312825,2071200
2021-05-18,172.77110290527344,175.21746122791706,172.75495186958403,175.21746122791706,2041500
2021-05-19,173.06173706054688,173.14246758905534,170.0663547973055,171.16439100597808,2141100
2021-05-20,172.73068237304688,174.13551408790275,171.7618299408225,173.05362907724597,2716600
2021-05-21,171.87887573242188,174.32884482205438,171.80586648272552,173.7528540798331,3927700
2021-05-24,173.14442443847656,174.03680100319562,172.438643578246,173.67174236440897,1981300
2021-05-25,171.5706024169922,174.5397565088491,171.31099748073984,173.0876300799522,2414300
2021-05-26,173.45272827148438,173.77723451585086,171.85457060659095,172.76317571216964,2376300
2021-05-27,172.6333770751953,175.9270381626278,171.9843769505956,173.8502476668269,5110200
2021-05-28,174.0936279296875,175.12390280635424,172.81996407518798,173.46896421346457,2128000
2021-06-01,173.03085327148438,175.67552620118312,172.96596440991075,174.89672369719526,1865300
2021-06-02,171.91136169433594,173.84212121495133,171.17312392360049,173.84212121495133,2486000
2021-06-03,171.96817016601562,172.94166428599502,170.46737034148683,171.21371624609264,2172400
2021-06-04,170.8729705810547,173.12011600321966,169.25047647651223,172.31698934380563,2943900
2021-06-07,172.73069763183594,174.75070697637886,170.613342615292,170.84049076905833,3444300
2021-06-08,170.16717529296875,173.0389967573934,170.0049283600891,172.6739380637523,3402000
2021-06-09,163.10931396484375,169.47760763694095,159.8156532440523,168.7880427603177,10560600
2021-06-10,164.8453826904297,165.77020374592075,163.271561579815,165.63229324573703,4880000
2021-06-11,164.8453826904297,166.50033344992724,163.73397829688378,165.21856174518587,2699200
2021-06-14,163.13363647460938,165.30778460782946,162.33861797704873,164.64255620675652,2157500
2021-06-15,164.14773559570312,165.38083465637328,161.6572134302508,163.42572617029822,2414900
2021-06-16,162.59011840820312,164.26128520808518,161.68963376435983,163.60417713421376,2102900
2021-06-17,160.66746520996094,162.65501781476115,158.57444653768007,162.65501781476115,3068700
2021-06-18,160.44032287597656,161.92490637344946,158.60689673112904,159.2234523743083,8170500
2021-06-21,164.9427490234375,165.97302381981092,161.4219275707389,161.7302053975908,3638000
2021-06-22,166.63009643554688,167.21419515221936,163.98543618630075,164.05033741911376,3460700
2021-06-23,165.5106201171875,167.35214193585333,165.15366944860025,166.50845048354026,2504500
2021-06-24,167.197998046875,167.63606594462564,166.50843320152484,167.55493629976826,2602500
2021-06-25,166.80050659179688,167.40083386563603,164.03415117799756,164.30997220436382,6618600
2021-06-28,166.4922332763672,167.1331253958899,164.48034400194558,166.86541237644158,2288100
2021-06-29,168.42298889160156,168.7150383045391,165.69719849706698,166.5327819104569,2291100
2021-06-30,168.71505737304688,168.84485987761113,167.06010638647288,167.5144151524478,2744800
2021-07-01,170.5403594970703,170.67016199872825,168.73939001717213,169.86702294569866,2746100
2021-07-02,171.60304260253906,172.0654592418155,169.77773721756355,170.0292217566882,2172300
2021-07-06,171.40835571289062,171.6679606681813,168.89349769640134,170.73503166472725,2421300
2021-07-07,173.8177490234375,174.36128293812814,170.62144676999995,171.4245732448714,2553700
2021-07-08,172.0411376953125,172.55221482979636,170.28072101201053,170.62145560652704,2354300
2021-07-09,173.5419921875,174.01251702900703,172.5279332304545,173.51765576282287,2050500
2021-07-12,173.06333923339844,173.67177453697025,170.69449927026335,171.173132071531,2216100
2021-07-13,171.39215087890625,173.76099054671158,170.97029898833517,173.06331765711747,1852200
2021-07-14,171.60304260253906,172.30882339023006,170.06167856223973,171.44890372278024,2867500
2021-07-15,172.6820068359375,173.4121240573008,170.85670140388459,171.25421682095487,1663200
2021-07-16,170.8242950439453,173.22557934874797,170.45111595918206,172.89296509168793,3805300
2021-07-19,171.50575256347656,171.5463173942492,167.6604368490915,169.1125760916722,2910700
2021-07-20,172.35752868652344,173.84209967945392,170.93784655496992,172.03302248640944,2257000
2021-07-21,172.34939575195312,174.18282160789173,172.12224761772717,172.51976304194503,1770900
2021-07-22,172.98219299316406,173.38781648999657,171.87078857300997,172.27641206984248,1629700
2021-07-23,171.6923370361328,172.99844537207142,171.12446653760483,172.78752558080342,2188900
2021-07-26,170.24832153320312,172.18720165980957,169.83458995725988,171.3353897059041,2673700
2021-07-27,158.34730529785156,160.6837006394875,154.34785111591628,160.6837006394875,13741500
2021-07-28,155.7918701171875,158.8989476462063,154.55066318406432,158.26617596965906,6295500
2021-07-29,155.6052703857422,157.77941857719586,155.4267950723152,156.5949926225117,3150300
2021-07-30,155.240234375,156.27862959795138,152.77404881515236,154.13693790328324,3741600
2021-08-02,155.7107696533203,157.1628965091752,154.98063983941952,156.04338393369795,2782500
2021-08-03,157.50360107421875,157.58473072618006,154.59934768943717,155.1509897111039,2726600
2021-08-04,154.77781677246094,157.219678276636,154.60746182670067,156.50577692277122,2341700
2021-08-05,154.47763061523438,156.00277872275763,154.21803804849463,155.31321391789356,2045200
2021-08-06,156.24620056152344,157.34137674842344,155.17534841932925,155.5728639652011,2340100
2021-08-09,154.93194580078125,155.8892236804193,154.8264921101623,155.0049674372364,2150100
2021-08-10,154.6317901611328,155.85676866686623,154.46142284563436,155.0941945112341,1668000
2021-08-11,156.08389282226562,156.18125086413522,154.72100402253983,155.19963670492126,2131100
2021-08-12,157.08984375,157.83618938657014,155.97843949687257,156.31104130651886,2457900
2021-08-13,157.3656768798828,158.11202257414544,156.52198551465207,156.59499476787815,2432200
2021-08-16,159.87246704101562,160.07527880980243,157.0412102924385,157.39816098608696,3091700
2021-08-17,160.4322052001953,160.87028552025606,157.8281092145729,158.75293031635468,2957700
2021-08-18,158.0308837890625,161.85184939801664,157.9497541552058,159.83185272861277,2605800
2021-08-19,157.43060302734375,159.1585632322856,156.16505958995168,157.08177273208858,2858800
2021-08-20,157.59368896484375,158.43368742605483,156.663981326025,156.94941056819263,2222800
2021-08-23,157.39797973632812,159.2981744564833,157.30827054545196,158.4092458476544,2248700
2021-08-24,157.61817932128906,158.76807221766515,157.30012172117569,157.60186516526775,1667500
2021-08-25,157.2919464111328,158.18903826298344,156.75370374407643,157.4958297916394,1593900
2021-08-26,156.87603759765625,157.78943121148245,156.6395383383815,157.71603617695456,1969700
2021-08-27,157.64263916015625,158.1156501168126,156.69661724684357,156.84341975810807,1947800
2021-08-30,158.22164916992188,159.52650774189232,157.28379062660497,158.11563827733747,1507700
2021-08-31,159.54286193847656,159.93431463069368,157.3164459746106,158.78440912549564,2782000
2021-09-01,160.1707763671875,160.89660069323838,157.7486408472534,159.61621955359976,2381100
2021-09-02,161.63058471679688,162.49504822698094,160.30126114318168,160.58670284290818,2021200
2021-09-03,160.93739318847656,161.89156598081283,160.6030214351467,160.83138228536467,1491800
2021-09-07,159.48577880859375,161.43490398127093,159.2574303531882,161.19024136646286,2266200
2021-09-08,158.6783905029297,159.4694467061115,157.78944935434632,159.4694467061115,2455300
2021-09-09,154.14398193359375,158.50709112428314,153.36107674440484,157.5855342897062,3636700
2021-09-10,157.6100311279297,157.9607170736984,154.95954672492175,155.3428485418043,3094100
2021-09-13,158.5315399169922,159.29814331752596,157.07174058069555,158.79251658272807,2136200
2021-09-14,155.7750701904297,159.74672732860483,155.62012925771103,159.2247863165561,1895300
2021-09-15,157.6834259033203,158.0748785454102,155.6445919115218,156.25624210906133,1769200
2021-09-16,157.37351989746094,158.38478604202723,156.10128947162102,157.6915775039209,1657200
2021-09-17,154.97586059570312,160.04848096236606,154.6822679799972,157.03915976239412,4504200
2021-09-20,154.45387268066406,154.60882602027309,152.36610913321107,153.6057234060309,2439500
2021-09-21,154.73117065429688,155.53855331576827,153.3284520099113,155.03292651746204,2496400
2021-09-22,151.11837768554688,152.757595732106,148.52497438179623,149.93585646126957,4229800
2021-09-23,152.33349609375,153.18980875252478,151.41195170612605,151.6892301079225,2527500
2021-09-24,153.3365936279297,153.8911503677814,151.52610848115148,152.0969793733671,2312900
2021-09-27,152.37423706054688,153.8095836164911,152.21928374425286,152.80646870912994,1847600
2021-09-28,152.3090362548828,153.165348942727,151.77079358725715,152.2437920797652,3093900
2021-09-29,150.66163635253906,153.27949145116108,150.4169738574399,152.5210514048103,2467400
2021-09-30,148.5086669921875,152.70050901367225,148.42710865816008,151.0775927413415,2902800
2021-10-01,148.01116943359375,149.16922543236925,145.84184748301792,149.15291127913218,3014500
2021-10-04,145.50747680664062,148.18242552989096,144.45544413043268,147.20378787768647,3512500
2021-10-05,146.52691650390625,147.64419352395794,144.8632334797397,145.55642955478623,2491800
2021-10-06,147.36691284179688,147.75021461322265,145.02633549019848,145.49118315176625,2119200
2021-10-07,148.1009063720703,150.07449618591235,147.7502204540272,149.22633427533495,2518400
2021-10-08,149.64224243164062,150.46592676496635,146.5350494259284,147.36689705823227,2781700
2021-10-11,148.21507263183594,150.3191506951241,148.04380511005647,150.30283653970358,1780200
2021-10-12,148.4189453125,149.03874628916472,147.30981926095802,148.4434103218385,2615700
2021-10-13,150.10711669921875,150.81662696932423,147.3424582142579,148.57390950546335,3780400
2021-10-14,156.10943603515625,156.4030286210505,152.71681336350147,153.02672010529398,4106400
2021-10-15,158.00958251953125,158.22161670524747,155.53036667434918,156.54978333576554,3153400
2021-10-18,157.71603393554688,159.52651942583284,157.45506966847157,157.78127811332934,2305000
2021-10-19,158.04222106933594,158.95562699106836,157.4387342833203,158.13193024618326,1974500
2021-10-20,159.24923706054688,159.47758545510467,157.56107666786502,158.8740861585995,1952000
2021-10-21,162.65003967285156,163.10673654412608,159.37974164094572,159.52654417474477,2997300
2021-10-22,166.21388244628906,166.49932415200573,162.08728488259095,162.18514492155492,3735900
2021-10-25,166.28726196289062,167.64105044785094,164.60726508244588,165.56960100401437,4829700
2021-10-26,177.84341430664062,179.61312068735634,174.24690822128858,174.53233750872698,6596500
2021-10-27,173.0643768310547,177.36222959813642,171.661658156195,177.06863702795522,3309000
2021-10-28,174.4425811767578,174.55675534969055,172.03676024735674,173.94510532811137,2236400
2021-10-29,174.09193420410156,176.21232624474024,173.09698235593072,173.49659824382013,2362000
2021-11-01,171.99603271484375,175.22555127350054,171.18049910795676,175.22555127350054,1868400
2021-11-02,170.5606689453125,171.9960033686752,169.98979800670534,171.9960033686752,2206700
2021-11-03,173.49661254882812,173.5944725930928,169.13350306256208,170.28340835889,1765800
2021-11-04,171.84922790527344,174.14087515310288,171.1070894000602,173.83096842695795,2451900
2021-11-05,169.81036376953125,172.65657978565585,168.86434204884173,172.5016264502263,2117800
2021-11-08,170.69117736816406,171.17233918416534,169.0356452294071,170.25078227510338,2166100
2021-11-09,171.2294158935547,171.36805509264343,169.63911564342038,170.92766004231123,1552900
2021-11-10,172.59951782226562,173.66786476808727,170.81349737950242,171.1723341279732,2415500
2021-11-11,173.9451446533203,176.55486195729958,173.12146025123516,174.19797050573476,2113700
2021-11-12,173.8635711669922,175.40492882741074,172.8930844096819,173.4394903058036,1600300
2021-11-15,172.5016632080078,174.03485784873837,171.93894305693007,173.59447519888232,1378300
2021-11-16,172.78707885742188,174.45077416796485,172.4934862993292,172.55057961753923,2302800
2021-11-17,169.50865173339844,173.10514519722088,169.2150591604278,172.88496010053362,2542300
2021-11-18,169.19873046875,170.0142639409302,167.5513493706111,169.84299643638894,3919400
2021-11-19,170.85426330566406,172.65729902142968,169.0758134742311,170.24778231254103,2677600
2021-11-22,172.8293914794922,173.99316904852816,170.18219487330194,170.89522294793818,2220500
2021-11-23,173.59161376953125,174.87012987733632,170.89525736325382,172.9523557156287,2345300
2021-11-24,170.85426330566406,173.74731908047627,170.68214960979932,172.59993612649896,2518700
2021-11-26,168.25625610351562,171.72300346771397,167.83007991870548,168.95287702475304,1941000
2021-11-29,167.71534729003906,168.82995330724037,165.14192034664532,167.32196060912597,3435100
2021-11-30,162.57667541503906,166.78103675616765,162.35540245379596,166.78103675616765,6267600
2021-12-01,159.1180877685547,165.6745891446358,158.99515836996676,164.63375355516735,2938400
2021-12-02,163.83059692382812,164.42888676526266,158.84766615926318,160.04422083106073,2423400
2021-12-03,164.5108642578125,166.0680413359013,162.0767613431299,164.76492676649355,2606400
2021-12-06,165.60084533691406,167.69073282619976,165.04354867605653,165.5434824479599,3006700
2021-12-07,168.3300018310547,168.73978322822904,166.68268511640673,167.46126726993083,2250600
2021-12-08,167.78089904785156,170.0510915274757,166.6908790125885,168.84633319931845,1615500
2021-12-09,169.2725067138672,170.37892157127706,166.9941229754638,167.2318032067174,1931500
2021-12-10,171.3787841796875,171.99345630325692,169.92815446651352,170.4690689365833,1887900
2021-12-13,169.08401489257812,171.55090715209258,168.5185145074331,169.60853463282882,1909700
2021-12-14,166.9777374267578,169.77243720532934,166.43682295134275,168.17429216936347,1930500
2021-12-15,168.6414337158203,170.82966479848747,167.61698025920447,169.3626404455138,3703400
2021-12-16,170.4444580078125,173.60797057250687,170.3215286033758,170.34611448426315,2932600
2021-12-17,169.31350708007812,174.18171301089095,169.15778811847045,172.76387260692425,5625800
2021-12-20,165.90408325195312,168.82173717776763,165.07632936760407,168.0349514269281,2936400
2021-12-21,169.7314910888672,170.52646814678997,166.95317320263894,167.4039228184289,2317000
2021-12-22,170.82965087890625,170.9361980314839,169.2724742484112,169.91174465834283,1716500
2021-12-23,173.90304565429688,174.7471944015471,171.46075182756988,171.46075182756988,2573900
2021-12-27,176.29612731933594,176.70590865637075,174.23902950941343,174.47669718245868,1807200
2021-12-28,175.9437713623047,177.14852992156318,175.16518904649084,175.84542780825532,1375400
2021-12-29,175.87820434570312,177.30423579629553,175.23074264790804,175.8208289397178,1154900
2021-12-30,175.30447387695312,177.0255607194958,174.59145825915988,175.9765213601194,1207000
2021-12-31,175.6650848388672,176.55021414986746,173.5342290950835,174.6816119951566,1579900
2022-01-03,174.9766845703125,176.7387398576813,172.82123007477028,175.91917693229345,2319600
2022-01-04,178.08279418945312,179.20560372215525,175.05861798112483,175.71425821257225,2741200
2022-01-05,175.84539794921875,178.64830131353088,175.56674958970183,177.6812231814888,2710800
2022-01-06,177.55007934570312,177.95166960805645,174.8373285572147,176.25516865857026,2102200
2022-01-07,178.7958526611328,179.8530833434282,176.35354611412106,178.1320086855592,3014000
2022-01-10,173.5260467529297,178.03364263636442,172.6081403202567,177.8861273192008,2853800
2022-01-11,173.14901733398438,173.33751325583347,170.50182077531232,173.33751325583347,1771700
2022-01-12,173.10806274414062,174.94388799372337,172.19015637211746,173.6817542266551,1865700
2022-01-13,172.493408203125,175.09142115027967,172.05083722468564,173.38672878164544,1828500
2022-01-14,169.2725067138672,171.4197698995665,168.42016684637522,170.65756994088628,1921600
2022-01-18,168.49392700195312,168.8627277913826,165.150109000421,167.6170012362224,2339700
2022-01-19,166.99411010742188,169.85438875540444,166.74825127408633,168.05135311290778,1701700
2022-01-20,165.7893829345703,169.64133878730738,165.64186760686792,168.5922992162967,1706800
2022-01-21,165.5106964111328,167.63336095217971,164.24037163563125,166.0188338246546,2570400
2022-01-24,167.29733276367188,167.8628330100171,160.87195189076323,163.10116336606202,3660900
2022-01-25,165.5025177001953,166.81381070751485,161.6013906774944,163.95354447222178,3817200
2022-01-26,163.0929718017578,168.86268751281222,161.6341512453808,166.63348854905527,3074700
2022-01-27,159.67543029785156,165.33861254769732,158.92962510894674,164.40431140633999,3371000
2022-01-28,162.47833251953125,162.56029380548836,157.96254578731194,160.470406068947,3066200
2022-01-31,165.7238311767578,165.9533078044677,161.3637502391932,162.41278982459224,4626700
2022-02-01,189.06497192382812,191.5482465697786,181.9511592788048,184.40984803761023,19125300
2022-02-02,190.2287139892578,190.39262404124113,184.97531366138278,189.03214684926252,5474000
2022-02-03,187.42581176757812,190.29428146097717,186.22924462161038,188.36830395033795,3503300
2022-02-04,184.2295379638672,186.7128250448453,182.6969593494997,186.27844520469534,3623100
2022-02-07,184.4508056640625,186.49152158117025,181.56594104556305,184.8032241783868,3295900
2022-02-08,184.56553649902344,185.6637476285127,182.8936339217066,184.1885446213949,2759600
2022-02-09,184.45899963378906,188.78629008210606,184.07380412938465,186.7537653976424,2130300
2022-02-10,180.8611297607422,183.66404580599377,179.70555560795202,182.44289261681777,3379500
2022-02-11,174.9684600830078,181.3446574263764,173.83745945984063,180.51689102601503,3821000
2022-02-14,175.37828063964844,176.14865931004843,173.51786923664218,175.13240925288588,3641400
2022-02-15,178.05819702148438,179.86943618573918,176.77968114343864,177.0009665855727,3149000
2022-02-16,176.46011352539062,178.65654894290776,174.9767064458693,176.90268456353138,2226700
2022-02-17,172.6900634765625,175.66506759890166,171.87869189472391,175.44379467201935,2815600
2022-02-18,172.83041381835938,174.10996897729157,171.3362285578034,171.8728101100641,2823900
2022-02-22,172.5084686279297,173.8127883614435,170.60977502607025,172.31033980634683,3558300
2022-02-23,168.80191040039062,174.15127589707814,168.54600184599195,172.92124959128583,2836000
2022-02-24,171.03904724121094,171.22891282180987,164.31933237203793,165.19437928725364,3347000
2022-02-25,173.3174591064453,174.6713077908064,170.77486277798147,171.08031292868134,2657100
2022-02-28,173.70547485351562,174.12648444743974,168.8514255749396,170.19702378160417,3536700
2022-03-01,169.70994567871094,173.86229907882412,168.23226180762717,172.92120931927644,2986100
2022-03-02,174.5640106201172,176.14074014501813,169.84204749642822,169.97412077955306,2854200
2022-03-03,175.36473083496094,178.50996406583448,174.86117709642042,176.56174165810557,3019500
2022-03-04,173.68069458007812,174.34936200245016,170.9317187131246,174.2503038943661,2442900
2022-03-07,166.0776824951172,172.52498777491425,165.2191494348751,171.25368317468252,4043100
2022-03-08,167.91860961914062,172.0874777955171,163.89007798301867,166.8289198763584,4001000
2022-03-09,170.70057678222656,172.76437136813837,170.31258239236294,172.53322738222846,3097600
2022-03-10,171.0308074951172,171.18765792531585,168.29009437656615,168.8184253751064,2284100
2022-03-11,168.3230743408203,172.67355667276303,168.1662365398358,171.64165942301204,2006600
2022-03-14,168.6533203125,172.45895857958055,167.7865239425932,169.71823292942256,2237200
2022-03-15,173.79627990722656,174.37413990939393,170.51072224084345,171.28671107078392,2865400
2022-03-16,179.88035583496094,179.97116331309928,175.4308145989902,175.5051207875792,3022000
2022-03-17,183.5291290283203,183.7355084847143,177.28820368598807,178.31185032440712,3520200
2022-03-18,181.4322967529297,182.60453048942824,179.00527246333903,182.42291557004378,6278200
2022-03-21,180.4251708984375,183.09985314288292,179.0960867178276,180.11973333897632,2244600
2022-03-22,180.3095703125,181.94409179334448,179.3684806603289,181.26717384527763,2182100
2022-03-23,177.13963317871094,179.73175889088066,176.84244622970533,179.53363005940906,1939300
2022-03-24,177.2056427001953,177.86605941747075,176.09945194168967,177.2799362743335,1882500
2022-03-25,177.77528381347656,177.93212163262416,175.06758612426884,177.07358856382314,1754200
2022-03-28,181.24244689941406,181.48184153404188,178.36964830186633,178.60904293649415,2353200
2022-03-29,183.6364288330078,184.89121939374036,182.01842102769638,183.23193317988083,3034800
2022-03-30,181.77903747558594,183.5126300890302,180.43345187587397,183.26497220190913,2200200
2022-03-31,177.04055786132812,182.2991023629398,177.04055786132812,180.91222587018368,2858600
2022-04-01,170.5850067138672,177.6597006804651,168.17449612189432,177.40377956794657,3993600
2022-04-04,169.40452575683594,170.27957267385764,167.2416603959904,169.05779717046607,3204600
2022-04-05,162.80038452148438,166.91971062694603,161.80975300135765,165.30995330134465,6270700
2022-04-06,160.47238159179688,162.56094031813498,159.53129193880818,161.45474964813775,3911700
2022-04-07,159.07730102539062,160.51370674415273,156.45216008011255,160.51370674415273,3627900
2022-04-08,157.64913940429688,158.37559911817957,153.58759323344805,155.79997494914198,5465800
2022-04-11,157.5418243408203,160.3155648359932,155.72568758007202,156.64201290248815,2787300
2022-04-12,155.10653686523438,158.60673682516094,154.2067254983963,157.6573838100073,3428800
2022-04-13,155.91555786132812,156.88141226871906,154.09942104581347,154.75158722456666,2296000
2022-04-14,155.2138671875,157.91330144417176,155.0652674267607,157.77296492349728,2624300
2022-04-18,154.50392150878906,155.8577702586008,153.27389539605667,154.9496955986772,2552600
2022-04-19,157.41798400878906,158.08665138040467,154.91666619831514,155.40371865462757,2448800
2022-04-20,157.20335388183594,159.10204740481674,157.05476671912385,158.4829090340449,2526000
2022-04-21,155.8577880859375,158.1114485133775,155.04052079852553,158.1114485133775,2618200
2022-04-22,154.4956817626953,157.62440189697443,154.32233004442287,155.41200720563455,3964200
2022-04-25,156.55123901367188,157.12909911652886,151.21838698695038,154.06643427318403,5354900
2022-04-26,151.11102294921875,154.71853139735887,149.27837258147136,154.1159069816368,7811800
2022-04-27,153.8765411376953,154.65253002761398,150.19473812759315,150.71481846794381,3978600
2022-04-28,156.98045349121094,157.54179949751685,153.64535483073183,155.3954609719697,3176700
2022-04-29,148.57669067382812,155.64312105288667,148.229974708097,153.6701340073486,4853500
2022-05-02,147.4209747314453,149.41047571325532,144.64723433499887,148.82435251496355,5026600
2022-05-03,147.0412139892578,148.56017618523188,145.7451577037049,147.9658024121118,3266300
2022-05-04,151.7301788330078,152.06864416457,146.1249057443641,146.99170198034435,3920500
2022-05-05,148.41986083984375,151.35045196614954,146.7936021311157,149.9553246701975,3249700
2022-05-06,148.5271759033203,149.460015141366,145.01047425868228,147.88327296270214,2826600
2022-05-09,149.77369689941406,151.57333235557664,145.9845730057194,146.7027820979929,3925400
2022-05-10,150.25250244140625,152.30804646498842,148.33730754005194,151.23487071858324,3510200
2022-05-11,146.4963836669922,150.82208856242823,146.04234639076103,149.649854883323,4934100
2022-05-12,147.47877502441406,147.5695825017207,142.971454123495,145.4067295285678,5352400
2022-05-13,148.23641967773438,149.09401122447343,146.32976713547765,147.25395564661835,3598100
2022-05-16,149.6768341064453,151.50023414162732,147.23730414521455,148.0532630835078,3003600
2022-05-17,152.48269653320312,153.00723974430113,150.15974304954645,152.36613278679195,2640900
2022-05-18,143.39898681640625,149.9848692933178,142.80784672564315,149.43534912383856,4275300
2022-05-19,139.3692169189453,142.5497619416005,137.66238066202015,141.675527497371,4382900
2022-05-20,142.40821838378906,142.549771881774,138.67816556007003,140.8679125455919,3483300
2022-05-23,145.19744873046875,145.42225480676248,142.74959704603967,143.78202800337286,2837700
2022-05-24,144.96429443359375,145.48050346466772,141.85035924553048,143.8652540009262,2865100
2022-05-25,144.75616455078125,145.75528427406647,142.46650936202505,143.09928222238983,3370100
2022-05-26,148.51951599121094,149.8933039056989,146.11329725135016,146.11329725135016,2628400
2022-05-27,151.97483825683594,151.99149385368045,148.68606297968304,148.74433851189187,2959800
2022-05-31,151.74168395996094,153.7066247926703,148.7776234692374,150.0098706239717,8734300
2022-06-01,150.059814453125,153.19040526013245,149.3271335296828,151.73335215289075,3253800
2022-06-02,153.2570343017578,153.27367719213686,150.0431905335905,151.6917387003665,2317800
2022-06-03,154.43931579589844,154.48093572320244,151.591819102851,151.84158948465694,3802200
2022-06-06,155.7881317138672,157.26184053666003,155.3135425640965,155.5966368467911,2649200
2022-06-07,154.4559783935547,154.8722793556785,151.7084022071353,153.9064707789691,2984000
2022-06-08,149.40208435058594,152.5742955012764,148.1948141576416,151.98314257265721,3592200
2022-06-09,146.99586486816406,151.03397637481893,146.94591078794303,149.03573693899966,2891600
2022-06-10,144.08175659179688,145.70532770243906,143.0743027359902,144.2899070599432,3220600
2022-06-13,143.80702209472656,145.6054455093069,141.126042570537,142.23340478309345,4302900
2022-06-14,145.00595092773438,148.17816215533685,143.2408262488123,144.9143642099389,3925500
2022-06-15,146.43804931640625,149.93497530663032,144.40649832750975,145.7886207484146,3465100
2022-06-16,143.36572265625,144.28157712011847,142.15845244667534,142.4914881236281,3355500
2022-06-17,142.43319702148438,144.6312652806956,141.09270760591838,142.75791121757825,7578300
2022-06-21,145.28900146484375,145.70530232863987,143.55718834691262,143.74036174334245,2845800
2022-06-22,146.66282653808594,147.21234686714897,143.51559222363014,143.93189319331475,2671000
2022-06-23,148.72767639160156,149.04405646375685,145.90515655501463,147.678589902492,2923600
2022-06-24,152.61593627929688,153.71496422033795,150.50945441317904,150.50945441317904,4826400
2022-06-27,151.37533569335938,153.9980390634697,150.74256288030037,153.90645235458655,1902300
2022-06-28,149.80174255371094,154.26448955066041,149.4603727023189,152.1663290621139,2380800
2022-06-29,150.80918884277344,151.21715565001105,147.92838062854932,150.1431047702566,2101000
2022-06-30,151.98313903808594,153.10715663904674,147.84511945197312,148.96080290339586,3728200
2022-07-01,154.0229949951172,154.95550484541556,151.12553189541487,151.35033791450246,2962500
2022-07-05,153.7232666015625,154.00634815012384,151.3087138813477,151.77496883297687,2471800
2022-07-06,154.17288208007812,154.83064465200064,152.12468865634796,153.84816786877963,2005000
2022-07-07,155.0221405029297,155.70486741367415,152.3911156075331,154.8056558910261,2961800
2022-07-08,154.36439514160156,155.1137445129573,152.4410866861008,154.6225124156947,1938200
2022-07-11,153.7316131591797,155.54669189395622,152.96562094144258,152.96562094144258,2275900
2022-07-12,149.3437957763672,151.94152229191718,148.25308934171323,151.1422188937872,4207600
2022-07-13,148.13650512695312,150.70092009847204,146.72940610546922,148.56112745526994,2414400
2022-07-14,148.43624877929688,148.6027665993981,145.81355817534046,147.3122312607468,2487000
2022-07-15,152.0247802734375,152.20795371069082,150.34293355610725,150.34293355610725,5014100
2022-07-18,149.93495178222656,153.11548443613015,149.64353603522244,151.80830605854706,2289200
2022-07-19,154.70574951171875,154.82231326389206,150.90076561938562,150.90908706436366,2710800
2022-07-20,155.57168579101562,156.1128719988123,153.4235711477722,154.73908380702196,1754800
2022-07-21,155.70486450195312,156.64570864041136,154.72240043536496,155.65491042460062,2320100
2022-07-22,156.5124969482422,157.60320337207241,154.58086720404958,157.0620172349723,2255200
2022-07-25,156.45420837402344,158.13605487447128,155.66323919942732,157.3284428109961,2816100
2022-07-26,151.1422119140625,153.0655201433895,148.75264868423147,149.24388072372707,4961000
2022-07-27,153.11549377441406,154.05633804489688,149.9183053302479,152.27457037715348,2739300
2022-07-28,156.7289581298828,157.420019107523,153.03220432394963,153.74824233775195,2452500
2022-07-29,162.2657928466797,162.96517543266665,156.51251034723302,156.9870995549011,4093100
2022-08-01,162.6404571533203,163.04011522498314,160.625562017218,160.7587813744389,2086100
2022-08-02,161.13340759277344,162.33235608545812,159.8095739256399,161.9576878576176,2075100
2022-08-03,161.04185485839844,162.64044895093693,160.49233456594868,162.0992628082039,1916700
2022-08-04,161.95770263671875,162.05761078539476,159.52650695114082,160.44236129115924,1627300
2022-08-05,163.82276916503906,163.94766709095433,161.06685850679034,161.06685850679034,1785900
2022-08-08,163.264892578125,165.72106547758614,162.8652472501727,164.73860139960004,2102500
2022-08-09,163.7311553955078,164.46384911881617,162.54054079962827,163.58129315455648,2022400
2022-08-10,168.49365234375,168.74343546933477,165.69610928709514,166.32889489917622,2791400
2022-08-11,170.2087860107422,171.43271171721622,167.9774192044739,169.3179086589695,2730600
2022-08-12,171.86968994140625,171.95357894552888,169.13507992251976,169.89841354150965,1883100
2022-08-15,172.70013427734375,172.89306361524532,170.52753208228813,170.9888959769781,1618200
2022-08-16,173.0944061279297,174.22683092383136,170.9385840859041,171.34122316002478,2296000
2022-08-17,171.94520568847656,172.90148158672756,169.73906793705248,169.85650487895467,1767300
2022-08-18,174.52041625976562,174.66301732091702,171.13150031354778,171.4502631559241,1913900
2022-08-19,174.83920288085938,175.64449393546255,173.4215757529475,175.24185480799449,2704300
2022-08-22,173.13636779785156,174.17653278566394,172.10459939198722,172.38141780325182,3593500
2022-08-23,172.18846130371094,174.18488914387137,171.49222349402652,173.29572197477205,2088000
2022-08-24,170.3178253173828,172.0374474273843,170.1752242565076,171.0392272015933,2024000
2022-08-25,171.9619598388672,171.995507760154,169.87324654806702,170.8546864414315,1984400
2022-08-26,166.8701934814453,172.54913564406323,166.8198652022538,171.86129449567233,2203900
2022-08-29,165.47775268554688,167.37352398363214,165.4106440378714,166.3249753630763,1928000
2022-08-30,163.6155548095703,166.43405445285043,163.2548473720597,165.81330896486375,2238000
2022-08-31,163.1625518798828,164.5634113245129,162.7515290055079,163.75813313821425,2627700
2022-09-01,164.92408752441406,165.3267265414236,161.9881518927397,163.05348069156733,2343300
2022-09-02,164.45436096191406,167.74260775513437,163.0199408803425,167.28124382248473,2665100
2022-09-06,164.37887573242188,164.58018887572527,160.47826718526352,163.39742296015473,3760600
2022-09-07,164.6556854248047,165.33515569945402,161.82880236974293,163.4896998418871,2902300
2022-09-08,164.52146911621094,164.8737799001845,162.38242747096808,163.77490304548158,2166300
2022-09-09,166.6688995361328,167.27286455523162,165.36869670891556,165.72940408405273,1748000
2022-09-12,167.910400390625,168.57309036566255,167.3483797989395,167.39032430869727,2382600
2022-09-13,161.65261840820312,165.82163514944745,161.17447418495775,164.54660948678642,2382500
2022-09-14,160.1846923828125,162.1979007537413,159.0438708927084,161.76170091349562,2608300
2022-09-15,155.1851806640625,160.36081461295282,154.8328698979741,159.99172348667037,4041800
2022-09-16,148.23123168945312,149.93407367887426,145.28689887844783,149.03650988758028,12562000
2022-09-19,151.0161895751953,151.3265559204597,147.34207052721385,147.89570735903774,3018000
2022-09-20,147.36721801757812,149.91729554884023,146.50321493814604,149.61531302012938,2827400
2022-09-21,145.8153533935547,150.63867660117805,145.765025112378,148.5415795543853,3162900
2022-09-22,140.8074951171875,144.15446686122075,140.69005818580032,144.13768649968958,5238500
2022-09-23,137.8463897705078,138.96204697708131,135.80800470897424,138.30775369798783,4252800
2022-09-26,135.6821746826172,137.52761746612643,134.3064795749469,137.01592529073093,4163600
2022-09-27,138.21551513671875,139.32277603718012,136.31134689161797,137.1837338798703,3371200
2022-09-28,140.186767578125,141.07593485745483,137.90512450680043,138.6433069121311,2958100
2022-09-29,138.67684936523438,139.8428348929147,137.35986618378553,139.51568824269262,2494900
2022-09-30,135.5060272216797,138.67684996794495,135.4892596598168,138.3748674587609,2823300
2022-10-03,136.8061981201172,138.0392920115394,133.72766168088035,134.7426621219928,3494500
2022-10-04,141.67149353027344,141.88120324375893,138.38324675878073,138.91171933265701,3414500
2022-10-05,140.8662109375,142.50195703925027,139.8260588888237,140.1280414061059,2811400
2022-10-06,138.91171264648438,141.2856152251729,138.17353039465317,140.3964481307387,2375000
2022-10-07,133.49278259277344,137.57792273290133,132.82170911111294,137.53599104002296,3491000
2022-10-10,133.99612426757812,135.72413027333758,132.8720704660627,135.0866045471749,3141700
2022-10-11,133.71932983398438,135.2460101783891,132.9224353333573,133.69416568762426,2164600
2022-10-12,133.7779998779297,135.66538705995333,133.36697708340697,134.13031061594782,2229200
2022-10-13,137.28439331054688,138.25744961891337,129.91099135966138,130.95115632374288,2574100
2022-10-14,135.6234893798828,138.87818893985403,135.45572413238972,138.04774648487947,1936400
2022-10-17,138.1735382080078,139.3479074935427,137.34308312773763,137.762502558238,2274700
2022-10-18,140.07772827148438,141.55408029362957,138.0896711511423,140.4887511869203,2282500
2022-10-19,139.0710906982422,140.27902071962095,138.12321147841848,139.90154578785643,2129900
2022-10-20,135.0362548828125,138.59293569828776,134.4826310499401,138.1231880584381,2832600
2022-10-21,138.8697967529297,139.28081966446237,135.0782409506457,135.58154946233253,3161000
2022-10-24,140.54745483398438,142.79553685543573,139.7253963275978,140.12803540016148,4471300
2022-10-25,140.08609008789062,146.62903577767725,139.68345101765206,144.5151582595106,7698800
2022-10-26,141.75538635253906,143.0304122291042,138.8362178464585,140.50551181863108,4819800
2022-10-27,139.65829467773438,143.14785481418787,139.32275143406943,142.54388977525696,3325300
2022-10-28,140.2286834716797,140.52228217743217,136.30292395280557,138.71038726118357,4771600
2022-10-31,140.7320098876953,142.42645529870833,138.76073329608835,139.35631456408433,2908900
2022-11-01,140.42161560058594,142.3341671168913,138.2406423134005,141.73021493249496,2454500
2022-11-02,138.05612182617188,143.11431988683805,138.0309576805699,139.3730923781201,2824000
2022-11-03,137.57797241210938,139.18015788820094,134.2729576808786,136.16872911144245,2671800
2022-11-04,138.98721313476562,139.63312264260728,136.40358790306433,139.25563491486088,2400900
2022-11-07,141.872802734375,142.25027761420645,138.72715740300677,139.15496056019393,2624400
2022-11-08,141.5876007080078,143.70987472695936,140.63132495228044,142.43483611943458,2715600
2022-11-09,137.57797241210938,141.83927583979272,137.46893205172444,141.0843259001021,2687100
2022-11-10,145.9009246826172,145.9263242267951,141.81989232601245,141.81989232601245,3338900
2022-11-11,150.8709259033203,151.54827704250036,146.0617444426005,146.23109191694434,3851400
2022-11-14,150.53225708007812,153.66500475869395,150.47299579437757,150.8032027272793,3082500
2022-11-15,153.64805603027344,153.72425464312252,150.76085467349378,151.1079989134488,3105000
2022-11-16,149.91416931152344,152.78443334333863,148.93201079011092,152.70823473031487,2713500
2022-11-17,149.06748962402344,149.09288916272376,145.29974065715058,148.1700048048806,2517400
2022-11-18,151.53135681152344,151.75149046585474,149.66017553180777,151.1418756637374,3003000
2022-11-21,152.91993713378906,153.03001043227525,150.62541271700013,150.8370841867651,2465600
2022-11-22,154.7233428955078,154.85034057735288,152.80136282073224,153.6480484847605,2210300
2022-11-23,154.8080291748047,155.7309135997462,154.69796880556768,155.24830940995295,1583500
2022-11-25,154.53709411621094,155.69704951511346,154.27462358823152,155.49384027438754,912400
2022-11-28,152.32725524902344,154.33389659084,151.08262600882304,153.22474018807387,2043000
2022-11-29,156.54376220703125,156.79777057173888,154.30851185252791,155.78175003231047,3671400
2022-11-30,160.6416778564453,160.6416778564453,155.7308981021208,156.42518659304682,7146900
2022-12-01,161.03115844726562,162.22498840788256,159.50712157407366,160.5146796435561,3934700
2022-12-02,160.35379028320312,161.2597501048527,157.98306794516586,158.57574529982583,3661500
2022-12-05,153.38560485839844,159.25313133638173,152.90298774407069,159.2192695884255,5004700
2022-12-06,148.25466918945312,151.97161884432333,147.22171161617274,151.57367553726948,5598200
2022-12-07,147.89059448242188,149.9057106482202,147.31485438899315,147.6619857185492,5124300
2022-12-08,152.0901641845703,152.86911351798307,148.04300736564363,148.2800783401867,3109600
2022-12-09,150.4052734375,152.52198805631159,150.17666464123613,151.77690037628167,3487100
2022-12-12,154.54556274414062,155.2144517813627,150.7270143209047,151.2858171471682,3214500
2022-12-13,155.66319274902344,159.67647525643096,154.03754460999727,159.16847151746055,3863700
2022-12-14,156.05264282226562,158.5419009035561,154.7741520373914,155.29063084282512,3188900
2022-12-15,153.42791748046875,154.3508017693478,151.9038806753393,153.67345064269048,3478300
2022-12-16,150.87937927246094,154.00365136790293,150.38830004830226,152.70822336531444,8241400
2022-12-19,151.07411193847656,152.369552848331,149.49081393222866,150.7185055214293,3690200
2022-12-20,147.01007080078125,150.34601517432034,146.87459796179263,150.1428059158374,3062200
2022-12-21,149.59243774414062,149.83798385575443,147.5603970353492,149.3130428051866,2833000
2022-12-22,148.68650817871094,148.72884505666954,146.23958649775912,148.0006946817461,2626400
2022-12-23,149.8718719482422,150.02428213386335,147.45882479729147,148.9489873843986,1897600
2022-12-27,149.80410766601562,150.55767040686297,148.69495137011612,149.93958049039713,1294200
2022-12-28,146.9931182861328,150.26132590267102,146.78990904863522,149.863382553863,1455900
2022-12-29,148.80503845214844,149.36385421498625,147.67894471893922,147.99221434989337,1369200
2022-12-30,147.18785095214844,148.04301184707893,145.53681628681662,147.54345742472762,1670900
2023-01-03,148.40707397460938,148.87275371078545,147.02697209814187,147.5519260368308,2206500
2023-01-04,149.95652770996094,150.60000428909828,148.33935467570998,149.39771196209404,1965100
2023-01-05,147.18785095214844,148.94049669493114,146.75604586103074,148.06841138659178,2736800
2023-01-06,151.514404296875,152.01394576207375,147.5688458116744,148.7034144749002,3690100
2023-01-09,153.83432006835938,155.48535452615764,151.53979623872328,151.74300544868228,3214600
2023-01-10,151.3620147705078,153.72426232262865,150.08351102275492,153.51259088565226,2324200
2023-01-11,154.29153442382812,154.48628144049363,151.54828097214408,152.00548557429184,2674700
2023-01-12,154.90115356445312,155.536167869516,152.97917331703113,155.34143376672844,1832200
2023-01-13,154.2238006591797,155.1551601305881,153.055383136157,154.24920019754546,2078100
2023-01-17,151.55677795410156,154.4185804653205,151.44670465154647,153.77509090503125,2703300
2023-01-18,149.62632751464844,152.8691359369922,149.4061938401174,151.38743566909994,3085100
2023-01-19,149.14370727539062,150.04966733599434,147.03546777779266,149.1521824023052,2711600
2023-01-20,150.8201141357422,150.8709132060107,148.27158214249422,149.6432216367311,2296400
2023-01-23,152.809814453125,153.85124704978716,150.04116182528858,151.1418427768483,2240100
2023-01-24,152.39500427246094,153.571897191286,150.26981433256248,150.32061342095173,1958400
2023-01-25,150.2528533935547,150.7269953291391,148.09380222600538,150.718520203533,1722000
2023-01-26,152.14944458007812,152.21718099837014,149.05904639698454,151.24349743914908,1627000
2023-01-27,154.1730194091797,155.64625740173733,151.38742871798212,152.06477996465463,2831600
2023-01-30,149.83798217773438,153.96981288132469,149.34690287940606,153.00459161754821,4593300
2023-01-31,156.8316192626953,157.55130741619297,151.36203580595688,151.36203580595688,6872100
2023-02-01,156.61993408203125,157.3396221725101,153.08079367514904,156.36592576072107,4005200
2023-02-02,161.96253967285156,164.0115309141863,157.50051429431758,157.5089765023093,4995900
2023-02-03,162.27578735351562,162.7753288250669,158.54190024704175,160.07439932518307,2766300
2023-02-06,159.82037353515625,161.36134757021762,159.3292943235234,160.87026835858478,2243300
2023-02-07,159.42247009277344,160.20143242958252,157.30575550653268,159.06686359261306,2037800
2023-02-08,157.7883758544922,159.34627472111114,157.48356843107538,158.10164548544253,1970000
2023-02-09,156.42518615722656,158.77050920987077,156.26431380395294,157.51740504721246,2135600
2023-02-10,156.82315063476562,157.1364202579943,154.570963223888,155.32451309662218,2533900
2023-02-13,158.6773681640625,158.71970503241562,155.12975305808317,156.42518112941906,2481400
2023-02-14,158.13552856445312,159.04147575595,156.61149136631659,157.65291140195924,1876400
2023-02-15,158.1947784423828,158.3641130256436,156.66227914686166,157.16182068927122,1750000
2023-02-16,157.1025390625,158.14395888817637,155.04508602997956,156.763857020419,2633000
2023-02-17,156.48757934570312,157.17088347015144,154.89887249329834,156.40215981355172,2510100
2023-02-21,152.43038940429688,153.37848880421552,150.44023433840675,153.04536047014554,3994800
2023-02-22,150.85020446777344,153.26743086142847,150.40604643281645,152.35349154268894,2376900
2023-02-23,153.69451904296875,153.98492458325703,151.90936300431488,151.98623275912237,2341200
2023-02-24,153.87388610839844,154.7194925345044,151.82394772371723,152.70371414185203,2674400
2023-02-27,155.65049743652344,156.72672611123426,154.62552829700005,155.35155516380686,2925400
2023-02-28,155.8726043701172,157.0000666682874,154.71096904380127,154.770752293269,3703000
2023-03-01,156.37652587890625,157.80294334270326,155.06968793203865,155.39425345902424,2307500
2023-03-02,157.74313354492188,158.1189585753933,155.26612389236203,156.1544399704197,2334500
2023-03-03,158.59730529785156,159.45999828293984,157.69191557872972,159.08417318446863,2499600
2023-03-06,159.3062286376953,160.29703778497554,158.32396926285747,158.40083901570085,2419500
2023-03-07,156.538818359375,158.86208876423584,156.05195050915802,158.17877163930203,2822300
2023-03-08,157.41859436035156,157.65775341368672,155.693221447127,156.46194511381995,2277900
2023-03-09,156.20570373535156,160.26288370545475,155.88112516712246,158.55459740225342,2497400
2023-03-10,155.06112670898438,157.4356564267032,153.34430383559354,156.04339905633037,3442600
2023-03-13,155.65049743652344,157.04275489567996,152.21685147077957,152.9514150768561,4435900
2023-03-14,158.06771850585938,160.43369851977758,155.67611524183866,158.14458825616697,4892100
2023-03-15,157.4698486328125,157.9737900176789,154.57430356345924,154.9586654157609,4306700
2023-03-16,160.51058959960938,161.23661653749758,156.77798796252029,156.77798796252029,4710200
2023-03-17,159.54537963867188,163.944224305699,158.40938081532266,162.24447489030314,20535900
2023-03-20,156.72674560546875,159.57104411883327,155.08679217161009,159.09271296324874,3974300
2023-03-21,159.54537963867188,159.58808939916517,156.9915001793556,157.69189072532706,2965600
2023-03-22,158.47769165039062,161.96259676795074,158.28979217479957,159.2976746917176,2758400
2023-03-23,158.26417541503906,161.0828503612195,156.6925551779264,157.82856710905813,2901700
2023-03-24,158.93043518066406,159.22084074746041,156.92319340064861,158.09336544127524,2586700
2023-03-27,159.99807739257812,160.54472840620392,158.46915408217018,160.05786062695577,2283400
2023-03-28,160.34828186035156,161.56971328086794,159.16957323502126,160.08349958243818,1850100
2023-03-29,163.54278564453125,163.56840889569784,161.31347156070876,161.8772091527535,2546100
2023-03-30,163.2182159423828,164.16631538656398,161.59534912554932,163.90153308801447,2075300
2023-03-31,165.69522094726562,165.80625068520837,163.08153217196644,163.93567525282276,2571200
2023-04-03,165.464599609375,165.49022285929163,163.41466141690975,164.70441278440697,2735200
2023-04-04,162.8082275390625,166.45542246565353,162.227403415536,166.2760466682319,2498700
2023-04-05,161.7747039794922,163.90152507001497,161.7320072494462,162.15052904286392,2718300
2023-04-06,161.07432556152344,161.91138224480818,159.3233294020432,160.86078976239637,2206100
2023-04-10,162.50926208496094,162.7569708834172,159.53684773581162,160.08349880040447,2157900
2023-04-11,164.3798370361328,164.9350378712078,161.9369872480953,162.71426059728665,2844400
2023-04-12,162.15907287597656,165.73792151991583,161.45013253843555,164.4225468794833,3729000
2023-04-13,163.141357421875,163.65384857469672,161.04015933513563,163.07302439928603,2355600
2023-04-14,164.73858642578125,164.86671571917216,162.50073552634163,163.14134289372535,2034900
2023-04-17,165.09732055664062,166.02834647747596,164.4908862303794,165.0375373145482,1920500
2023-04-18,165.80625915527344,166.2760404803806,164.74713002214796,165.34502760265264,2461400
2023-04-19,167.43768310546875,167.59997239165736,165.79772979741978,165.94293257106474,2652200
2023-04-20,166.5408172607422,168.94950704814448,165.80625367662546,167.30100409509177,3336300
2023-04-21,166.73727416992188,167.83911299390468,165.37064004677228,166.44685562135007,3371700
2023-04-24,167.28390502929688,168.53094646051227,166.3272560452388,166.86537028419727,3689100
2023-04-25,150.57688903808594,156.3081952657677,150.51710579529774,156.0263264644204,12474900
2023-04-26,147.39950561523438,151.23460043284481,147.023680503221,149.6715167350754,5845600
2023-04-27,151.83245849609375,152.17412352390053,147.07488865342927,147.56174339742023,4679000
2023-04-28,153.58349609375,154.15577050874464,150.7648207548337,151.04668959204452,3440800
2023-05-01,155.62489318847656,156.0434280612136,153.4639118691031,153.70307092975534,2807800
2023-05-02,151.90081787109375,154.40346413062474,151.7641518362463,154.34366785293255,3527800
2023-05-03,150.18399047851562,152.03747953584053,149.90212167719108,151.61040796411064,3825200
2023-05-04,148.0144805908203,149.42382479735298,147.64720524296726,149.09070944548014,3495100
2023-05-05,150.10714721679688,150.57691560205967,148.45010714071447,149.62881602415646,2775300
2023-05-08,148.95404052734375,150.63670376889743,148.2792730958924,150.25234191385846,2589100
2023-05-09,147.77529907226562,148.4500794474009,147.04073545494805,147.65571955471114,2180600
2023-05-10,146.5453338623047,148.60380877104245,145.0762067283576,148.39027300195932,3233300
2023-05-11,145.4008026123047,146.69910400886755,144.50394958814488,146.51119145016008,3136500
2023-05-12,145.305908203125,146.47870419032938,143.90890605601783,145.83194198764485,3346600
2023-05-15,145.60777282714844,145.66813047236252,143.37427678594716,144.4953341871468,3048400
2023-05-16,143.67608642578125,144.72815412989965,143.279399767502,144.4349583850568,3458900
2023-05-17,147.7722625732422,148.1258291500245,143.7623412579539,144.60744037942186,3882200
2023-05-18,147.49630737304688,149.5487041546429,146.39250065649458,148.0137225282369,2747200
2023-05-19,147.4014129638672,147.85847036427754,146.05614967357346,147.57389341311372,2350100
2023-05-22,147.90159606933594,148.19480497518197,146.01306123139935,147.98783630489285,2675400
2023-05-23,146.41836547851562,148.54837051865852,145.95270238026873,147.10824794419665,2660500
2023-05-24,144.63328552246094,146.30624596236072,144.40044743071934,145.60774484554744,2410500
2023-05-25,147.66014099121094,148.39314352709968,145.02135291547168,145.37491946376684,2976900
2023-05-26,147.95333862304688,149.10888401833805,147.61700962097848,148.09130456931788,2291800
2023-05-30,146.39248657226562,148.1861756036982,145.66811595142156,148.056828406552,2542200
2023-05-31,144.01239013671875,145.92680739360432,143.40874801932495,145.78882829293966,5106100
2023-06-01,144.7281494140625,145.66810741400232,143.33114713310928,144.45219119844054,2524800
2023-06-02,146.7201690673828,147.41005141973616,144.81437054932798,145.53012233853357,2752200
2023-06-05,144.7454071044922,146.55633363819868,144.54705719300014,146.55633363819868,2314100
2023-06-06,144.52117919921875,145.44389966957496,143.30526299672408,143.58983996912147,2521900
2023-06-07,147.89297485351562,148.03957272479826,143.9261609351876,144.31422883033775,3435600
2023-06-08,147.87570190429688,147.99643031884227,146.28036308054783,147.87570190429688,3676000
2023-06-09,147.02198791503906,147.78947853204494,146.2199959453528,147.46178147363435,2838500
2023-06-12,147.89297485351562,148.16893307598573,146.62531973066964,147.32382088848024,2795100
2023-06-13,149.09164428710938,149.5142003918202,147.55666282044677,147.729130134757,3528000
2023-06-14,150.80772399902344,152.3771936549035,149.2641106237873,149.75565628268527,4476000
2023-06-15,154.360595703125,154.61930324380708,151.27338221005303,151.30788356663044,4162900
2023-06-16,153.9984130859375,155.45578620397643,151.85978948539443,155.2143293373867,8469300
2023-06-20,152.86874389648438,154.0846470438262,152.17024270419506,152.17024270419506,3088200
2023-06-21,149.72979736328125,152.28234535788056,149.0744031053709,150.16097225573242,4935300
2023-06-22,147.7894744873047,149.61765137701263,147.4272892445367,148.46210610364668,4192700
2023-06-23,145.98715209960938,147.5997547342147,145.48700093120593,146.25449151787964,11278600
2023-06-26,148.97091674804688,149.22099238154027,145.92682323562232,145.92682323562232,3763100
2023-06-27,150.6266326904297,151.33376581760297,148.72946582882346,149.52282603791647,2711600
2023-06-28,151.48036193847656,151.8425472585208,149.75566241917272,150.15233593990126,2746400
2023-06-29,151.816650390625,151.93737880882847,150.7300814683829,151.27336592950397,2301600
2023-06-30,154.57620239257812,154.9211370508697,151.39412950994537,152.28234875553926,4892900
2023-07-03,158.47402954101562,158.81034544328057,153.65348406399957,153.7224736283634,3330000
2023-07-05,155.1970977783203,156.68895927891396,154.17951815083495,154.6796826242208,4820200
2023-07-06,154.60206604003906,154.70554380196577,153.1446928203094,154.06741339220005,3011100
2023-07-07,155.0159912109375,156.70620256393497,153.53274854149484,153.59311934193667,3145300
2023-07-10,156.36988830566406,157.3184651754057,154.94700326343138,154.94700326343138,2372700
2023-07-11,159.7416534423828,159.96585961370818,156.39573259933977,156.88726505604842,2896600
2023-07-12,160.81961059570312,161.8371769908732,159.940010160981,161.31977503276423,2586000
2023-07-13,159.84515380859375,161.96654003136825,159.81928436818055,160.94896046093413,2857200
2023-07-14,159.75889587402344,160.11246239839514,158.5860997910043,159.3449717148437,2213500
2023-07-17,157.58578491210938,159.1035156085283,157.30982669908127,159.0862649306111,2556000
2023-07-18,159.16390991210938,159.44847376851118,157.65479775253237,157.65479775253237,2387500
2023-07-19,160.41427612304688,160.80233081099388,159.18974127122644,159.18974127122644,3018900
2023-07-20,161.20765686035156,162.30284467618694,160.05211140720272,160.94033055565126,2703600
2023-07-21,161.5181121826172,163.39802833759353,161.0351984238494,161.1817963035887,5071500
2023-07-24,162.4149169921875,163.2858984907269,160.15556529975925,160.2762937148109,2460200
2023-07-25,159.26736450195312,166.4162375593355,157.06837018630654,161.95789129281752,10006600
2023-07-26,159.0086669921875,159.646810532642,156.7061947804575,158.02558882135432,4189100
2023-07-27,160.84547424316406,161.45773517863893,158.71546937170348,159.63817673422884,3251400
2023-07-28,162.02688598632812,163.54461673422327,161.854418676542,162.45806083999958,2299000
2023-07-31,161.3715057373047,162.39770399942225,160.56951366316758,161.95789722513624,2323100
2023-08-01,159.96588134765625,161.25940599467233,158.47401993912004,161.13867755395404,2823500
2023-08-02,158.11181640625,159.84513449658587,157.67200965553536,158.62921831041615,2008500
2023-08-03,156.5164794921875,159.15526761960228,156.30951081533448,157.24085012355374,3692800
2023-08-04,156.03358459472656,157.46508850952935,155.62827911091597,157.05978302571876,4437100
2023-08-07,157.07701110839844,158.01698239259866,155.86110788845696,156.94766390151543,4411700
2023-08-08,155.69723510742188,158.9569157980793,151.79079216610367,157.86172803593843,6433400
2023-08-09,154.67965698242188,156.4043563322921,153.9811558510703,154.46406956368807,3249400
2023-08-10,155.5506591796875,157.16324907472764,155.1625912478339,155.29195161125628,3964800
2023-08-11,153.68850708007812,155.78560749411312,153.06198734412027,155.12428700734048,3558500
2023-08-14,152.7226104736328,153.53187059541602,151.89595661676725,153.25341150217352,2980700
2023-08-15,150.76475524902344,151.89597219543467,150.32967282945464,151.80025353202305,2269300
2023-08-16,148.57192993164062,151.04319456408842,148.43270038899738,149.7553544887883,2500300
2023-08-17,148.57192993164062,149.2767612344896,147.9715141469441,149.11142781230825,2986500
2023-08-18,149.0070037841797,149.80755369216803,147.76266139406903,147.76266139406903,2868300
2023-08-21,146.6140594482422,149.43338466248258,145.37842713077163,148.719856491621,3512000
2023-08-22,145.1956787109375,148.24125508412106,144.79539711686328,147.05783059086335,2701000
2023-08-23,146.9534149169922,147.33628949934035,145.6133538787736,145.93532383810782,2375200
2023-08-24,145.3175048828125,146.9012110099018,145.29140100402836,146.2137734614937,2207400
2023-08-25,146.94473266601562,147.3624213502238,145.18700924453796,145.6916931687147,2506900
2023-08-28,146.91860961914062,148.50231579878158,146.15287368663056,147.66695181699052,1967800
2023-08-29,149.4507598876953,149.6073831317694,147.05780740041052,147.35366015765527,3261200
2023-08-30,149.67701721191406,150.3209438352175,148.78945882559447,149.71183123352986,2713300
2023-08-31,147.40591430664062,150.26876398264014,147.318905791763,149.6944520182701,3549800
2023-09-01,146.18765258789062,148.5196873392311,145.61334076608597,148.38047109445324,3286600
2023-09-05,142.68089294433594,146.20506228964376,142.36763315191615,145.75257297222447,4897500
2023-09-06,141.23641967773438,142.92454119280845,140.48807756108272,142.60258452694785,3883500
2023-09-07,141.175537109375,141.53229457416563,139.67885264228914,140.95799591680625,3013200
2023-09-08,140.13133239746094,141.3321640604375,139.74847104184474,141.3321640604375,3561500
2023-09-11,140.00079345703125,141.21032181922783,139.5222002322069,140.6186162159244,3638000
2023-09-12,136.24166870117188,137.4859976228373,134.96252576234176,136.93778971257947,6232500
2023-09-13,137.34678649902344,137.52952691946246,135.6238641930882,136.23297679845328,4071900
2023-09-14,139.861572265625,139.99210494072284,138.38229489146914,139.01751142176678,2796400
2023-09-15,139.65274047851562,140.50549818506263,138.92179202381544,139.86157151329292,4382300
2023-09-18,137.868896484375,139.35687067824387,137.55563666287742,139.1480396490185,2729200
2023-09-19,137.49473571777344,138.07774454236107,136.1894885135041,137.74709094608912,2348900
2023-09-20,137.1727752685547,138.72166751339205,136.92043332474535,138.00813929879746,2300300
2023-09-21,135.24969482421875,137.29458720865404,135.0756645373361,136.61585979544995,3801200
2023-09-22,133.81393432617188,135.606471588533,133.57898612569278,135.24100398648795,3206200
2023-09-25,134.27513122558594,135.21491082433602,132.97859414172282,133.0742995253506,2900500
2023-09-26,132.1780242919922,134.01407250224574,132.09101578090394,133.1352108575882,3461800
2023-09-27,132.62179565429688,132.96115933198513,130.99457875255072,132.6827002745698,3419500
2023-09-28,135.31060791015625,135.36281566659642,132.6391959659204,132.81323952426672,5571600
2023-09-29,135.63258361816406,136.90303007293423,134.92775225203823,136.18079169300026,5034600
2023-10-02,134.94515991210938,135.2410127599586,133.69212046514644,135.00606454423774,3243600
2023-10-03,133.78782653808594,136.05895700261937,133.15261000625154,134.23160576810832,3687600
2023-10-04,133.76173400878906,135.2062107622461,132.65662099594797,134.35343969902766,2600400
2023-10-05,133.46585083007812,133.9879416243956,132.7871235031047,133.16998477454095,2922100
2023-10-06,134.24029541015625,135.00603122279125,132.52607010062363,133.03076715762055,2383500
2023-10-09,134.30123901367188,134.70152068461167,132.73493963687116,133.52679283259567,1765800
2023-10-10,135.35414123535156,136.13728426708244,134.24902818943937,134.44916238151967,2083400
2023-10-11,135.13656616210938,135.95452301735364,133.54416333751522,135.5542414558471,2209800
2023-10-12,135.2062225341797,135.3541489696188,133.6225160883101,135.31063807033382,2340300
2023-10-13,134.94515991210938,136.9378314786954,134.51007750845065,135.85012546954857,2759600
2023-10-16,136.31130981445312,137.9124231281436,135.85012353535402,136.3896347370191,3349700
2023-10-17,136.7724609375,137.1901494916187,134.89291555459644,135.04084193839188,2937000
2023-10-18,133.8487548828125,135.56296731021823,133.69211831562993,135.3106253623243,2974700
2023-10-19,132.31723022460938,134.99733885222423,132.07358519279515,134.41433014912175,3035100
2023-10-20,132.23023986816406,133.43105818178648,132.21283285560133,132.56089344089418,5022500
2023-10-23,128.92359924316406,131.89956078775884,128.6886510671632,131.6124048565709,4552700
2023-10-24,129.93299865722656,130.70744470482842,129.08022769603744,129.4283015407043,2802300
2023-10-25,127.8532943725586,129.56751991220483,127.05274443326925,129.4283036497291,3565800
2023-10-26,120.2654800415039,127.29639977696277,120.02182168774604,123.9984811041529,10581400
2023-10-27,117.3243179321289,121.64032777054304,116.32362047662325,120.45690314820483,6594600
2023-10-30,120.761474609375,121.15304612917207,116.87183673889,118.26410578445919,5665500
2023-10-31,122.9107894897461,122.97170740471806,120.27419096148877,120.62225160296116,3996900
2023-11-01,121.6490249633789,123.68520712867459,120.12623677283004,123.02388675159358,3566800
2023-11-02,123.55467987060547,124.76420816812087,123.319731704136,123.47635496334334,3904600
2023-11-03,124.31171417236328,126.00853247161574,124.26820328722184,124.6336708226256,3272000
2023-11-06,123.7983627319336,124.85996496092322,122.94559157903208,124.62501672266157,2931300
2023-11-07,123.43287658691406,123.65041777703716,122.34517063629853,123.11090659672271,2952600
2023-11-08,123.5198974609375,124.79904084911882,123.09352518331829,123.67653403788923,2896600
2023-11-09,121.77957916259766,124.38137708036422,121.70996437495546,124.38137708036422,3411100
2023-11-10,121.58586883544922,122.2109269978056,120.18610715756009,122.11408737921955,5683900
2023-11-13,121.63870239257812,121.97324173875107,120.617486918166,121.19852469841673,3211500
2023-11-14,126.04047393798828,126.56869252163004,123.1705203308647,123.28495739190036,4258800
2023-11-15,129.56192016601562,130.204575933833,126.7271743191597,126.77119478175743,4766700
2023-11-16,129.33302307128906,130.46867569723923,128.21496788255865,129.6499515723009,3729300
2023-11-17,130.2749786376953,130.3366099590252,128.7079472169418,130.0108693507147,3320200
2023-11-20,131.67477416992188,132.29981903140492,129.2978036530574,130.16056168601702,4733300
2023-11-21,131.850830078125,132.15014768576057,130.7327749753014,131.61313036234046,3080700
2023-11-22,132.71356201171875,133.14494094639943,132.00047636513983,132.898442536055,2640200
2023-11-24,133.8404083251953,133.84920704180828,132.7135546735976,133.08330226866983,1644400
2023-11-27,131.69236755371094,133.3210304972575,131.6747701167168,132.96888026000414,3320000
2023-11-28,132.70477294921875,133.00409055024792,131.15533890500765,131.78919584433822,3073900
2023-11-29,134.06932067871094,135.09934833881198,133.3298253516476,133.39145667881502,2981600
2023-11-30,133.47067260742188,134.75599730451773,132.72236520091892,134.56231805655594,4664400
2023-12-01,136.37583923339844,136.42865840073267,132.9512577419549,133.80520343560647,3945300
2023-12-04,137.2650146484375,137.53792267769006,134.94967560915947,135.32823542272348,2717800
2023-12-05,135.71556091308594,136.92164323898425,135.18734241960186,136.4550560574402,2485300
2023-12-06,136.7103729248047,137.38825028840185,135.97968982400795,136.47268665820363,2995800
2023-12-07,137.775634765625,138.75282990096952,136.89527927191494,137.22100650597685,3241200
2023-12-08,137.59954833984375,138.81442962757103,137.3002307351252,137.39707036408205,2845900
2023-12-11,137.14173889160156,137.66114526181622,136.31420281259926,137.0272884112253,3742100
2023-12-12,136.78079223632812,138.31261522229804,136.38463505657103,137.2913998983181,3039900
2023-12-13,138.43588256835938,138.5591317833992,135.59233847148244,136.3142228929566,4058100
2023-12-14,142.9344940185547,143.91168898655454,139.78282027881784,139.94129122579008,6401900
2023-12-15,143.44508361816406,144.21098837121716,140.90965625198172,142.06291945632987,8738200
2023-12-18,142.23899841308594,144.2197976451317,142.08052748928193,143.83243920156025,3883800
2023-12-19,142.28302001953125,142.79362770813736,140.99770879748473,142.6263580509717,3926500
2023-12-20,138.18057250976562,141.3322326331927,137.77560316495425,138.1013303243063,5624500
2023-12-21,138.35662841796875,139.0256935435211,136.66634802197768,138.7439868607665,3778600
2023-12-22,139.31622314453125,140.4958959964897,138.9376768218162,139.0961343243977,2332500
2023-12-26,139.12255859375,139.57153499827976,138.25981408903993,138.25981408903993,2384000
2023-12-27,138.07493591308594,139.4835099079968,137.57314032686557,139.11376225679305,3116400
2023-12-28,138.4886932373047,138.88485044466606,137.24738901217043,137.24738901217043,2254900
2023-12-29,138.41827392578125,139.26342100904472,137.4498910586529,138.28622599081376,2186500
2024-01-02,139.3954620361328,141.31464367254887,137.59954304378758,138.16296992698966,4363800
2024-01-03,138.691162109375,140.23178381836914,137.4938784153448,138.45347586043056,3257200
2024-01-04,138.2069854736328,139.37785965232365,137.69637777993,138.2598046431269,3173400
2024-01-05,139.72999572753906,140.3814634921744,137.55551703952577,137.70517583008606,2537300
2024-01-08,140.78643798828125,140.84806931596196,138.6383686014533,139.59796622413668,2469500
2024-01-09,140.80404663085938,141.08575337722993,139.3602642936718,139.99412126445245,2639500
2024-01-10,141.93087768554688,142.1597652197811,140.29341634623415,140.9800923820922,2399200
2024-01-11,140.1965789794922,142.15096878465937,139.87085182301618,142.12455920079137,3341800
2024-01-12,139.36903381347656,141.7371915230105,139.35142294765623,141.05931423705192,3474500
2024-01-16,136.74562072753906,139.24582711079265,136.57835103408922,139.24582711079265,5331400
2024-01-17,136.06773376464844,136.29663477476822,133.83163687230413,135.19619048198584,3930000
2024-01-18,137.80201721191406,138.14535524950483,135.41626181646836,136.68396219384928,3095800
2024-01-19,138.11895751953125,138.92888287174583,136.47269722787883,138.1805888451571,3097600
2024-01-22,139.62437438964844,140.22300962477908,138.4887083801247,138.90247650041226,2631600
2024-01-23,140.90965270996094,141.26180285372033,139.65075120805156,140.0028879186565,3443000
2024-01-24,137.8460235595703,141.57873457163188,137.80200311142843,141.55231155622297,3187600
2024-01-25,140.6015625,141.14737853252393,139.23700898553324,139.5803470435978,4070000
2024-01-26,140.24058532714844,142.04531616452041,139.31620968525993,140.9184625889539,2818200
2024-01-29,139.11376953125,139.75642523719827,137.77562550942696,139.45710761340405,5459700
2024-01-30,127.70431518554688,131.61309417868665,127.27294976171119,129.23613797379593,16983600
2024-01-31,124.9223861694336,128.17089871192022,124.9223861694336,127.48422279289169,10906800
2024-02-01,125.37141418457031,125.62671133681786,122.89761769052653,125.01046525108481,6774900
2024-02-02,124.87841796875,125.35380397075555,122.85359787662247,124.90482755590824,4343000
2024-02-05,122.43981170654297,124.3589797337949,122.28134077381142,124.3589797337949,4536700
2024-02-06,128.4614715576172,128.91044802182049,124.43825395140513,124.7551824653012,7566800
2024-02-07,129.62351989746094,130.10770456851188,127.73074793249894,128.60230452007124,3985200
2024-02-08,130.22215270996094,130.36301278012917,128.39982424734887,129.23615908509473,3316400
2024-02-09,128.76077270507812,130.1429370959676,128.45265638278065,130.0284865982576,2825900
2024-02-12,129.80841064453125,130.2485883770886,128.84002769280008,128.97207563930397,3253700
2024-02-13,127.56348419189453,129.14812650045326,126.15492369896408,128.54067916274272,3706000
2024-02-14,126.96483612060547,128.43502778644367,126.30456967847216,127.82758051037621,3831400
2024-02-15,129.3946075439453,129.84359730707578,126.92081150460064,127.88920762786763,3855400
2024-02-16,132.1187286376953,132.63506246045395,129.02963667396003,129.67060186195005,5442400
2024-02-20,132.32347106933594,133.32943291697478,130.89020364428035,131.64690277310947,4254900
2024-02-21,131.99411010742188,133.02676426955324,130.89022249103158,132.46592986337708,3017100
2024-02-22,133.29380798339844,133.42735030697636,131.0326352924101,131.5756748071772,3027500
2024-02-23,132.31459045410156,133.89919518904162,132.2433705848704,133.48968433691277,2414200
2024-02-26,131.30860900878906,131.9851772904633,130.4717926491557,131.82494279630325,3052900
2024-02-27,131.99411010742188,132.48373822694182,131.19289675262524,131.30863074009395,2382200
2024-02-28,131.54898071289062,132.0831093031241,130.91691292641127,131.24629290291193,2258700
2024-02-29,131.98516845703125,133.133569923515,131.53115717016453,132.50150220998853,3338600
2024-03-01,131.80714416503906,132.28787485060255,130.72106501178834,131.7626300521091,2936200
2024-03-04,134.07720947265625,135.52828513316112,132.33235700815848,132.7151620256516,4562200
2024-03-05,133.23150634765625,134.9229338679407,132.64395269306507,133.60540042317808,3614400
2024-03-06,135.8042755126953,136.24938948449451,133.86357153207462,134.42441948335772,3471200
2024-03-07,136.5698699951172,137.86959516592916,135.73305356754773,136.40962190414845,3514800
2024-03-08,137.0595245361328,138.16339868878038,136.08916558143724,137.03280519597902,3448900
2024-03-11,137.7627716064453,138.190077207641,136.68558983866018,136.9971750464113,3266000
2024-03-12,140.1040802001953,140.35334294141697,137.4155879669611,137.79837946819416,3879500
2024-03-13,137.77166748046875,141.46612148457496,137.584727224914,140.43345384122478,4244800
2024-03-14,136.99717712402344,137.7360679441758,135.89328958841023,137.54021671069927,4101600
2024-03-15,136.53424072265625,137.72715636285315,136.14253829606614,136.58765222013693,8821700
2024-03-18,135.03866577148438,137.3977641584862,134.86062291688407,137.16630980588573,5181600
2024-03-19,136.38291931152344,136.78351917252266,133.72114643293276,134.34430328157603,4210000
2024-03-20,137.77166748046875,137.8250925658558,135.32354070986102,135.75975727915548,2862300
2024-03-21,138.27023315429688,138.94680161103685,137.36219670103333,138.12779340009814,4036400
2024-03-22,139.1159210205078,141.5017253286045,138.90226142929615,141.2257568464978,3939400
2024-03-25,139.3829803466797,140.03284287069454,138.00312446883538,138.38591592233212,3807700
2024-03-26,128.005859375,140.64710598859048,127.32929108436642,140.07736069547818,18208800
2024-03-27,131.1572723388672,131.38872669246717,128.21951768197923,128.54000025516336,7078800
2024-03-28,132.31459045410156,132.68848457971427,130.5430318644546,131.10387984477424,5197000
2024-04-01,131.41543579101562,133.50747675037138,130.25815040972043,132.76858597714784,5421900
2024-04-02,132.7774658203125,134.42439262037257,131.24627297660842,131.45103514305325,4935000
2024-04-03,135.5550079345703,135.63512518652112,132.82200172509374,134.23746084475752,4314200
2024-04-04,133.5341796875,137.35325124969086,133.1157715044419,136.47193435738484,3689100
2024-04-05,134.74490356445312,135.05648878165056,131.91397160918086,133.25822451239213,3374000
2024-04-08,133.63211059570312,135.5193893966521,133.5430823721943,135.20781778197073,3196400
2024-04-09,134.0416259765625,134.5757545844268,132.86651858842072,133.1157813221841,2664300
2024-04-10,131.09494018554688,132.1988275413796,130.06228626715938,131.95846223329542,4024400
2024-04-11,132.65284729003906,132.83980111576537,130.95252241699995,131.25519662646252,2232500
2024-04-12,129.0029296875,132.0208017587974,128.50440423134938,131.7982447813159,4123900
2024-04-15,128.94952392578125,130.45399775012766,127.68538828367636,129.85754665398548,3271000
2024-04-16,127.20465850830078,128.82487973545983,127.04442401355273,128.67352904535448,4197100
2024-04-17,126.6349105834961,127.67647552906547,125.83371095884237,126.85746754409978,4165700
2024-04-18,127.0711441040039,127.57856697843992,126.3055475138262,127.37381835077632,3430600
2024-04-19,127.09782409667969,128.29962345074946,126.90197289815609,127.43610141647669,5118500
2024-04-22,129.4035186767578,130.03558641666393,126.91087802126982,127.48953426446813,4578500
2024-04-23,132.52821350097656,133.30272095470977,129.3055930838437,129.97326396035237,6371100
2024-04-24,130.52520751953125,131.7181232033396,127.99696359849167,131.6914038698235,5284700
2024-04-25,131.21067810058594,132.1365090583078,129.3322968533958,131.70920350734374,3553300
2024-04-26,131.38873291015625,132.3946947871057,130.7210619830765,130.7210619830765,2607600
2024-04-29,132.2433624267578,134.3175951448266,131.59349983784023,131.98518871874654,2654700
2024-04-30,131.29080200195312,131.9495755136018,130.5608222146985,131.34421350055723,2402900
2024-05-01,129.90203857421875,131.87834537126724,129.41241056886022,131.12164630991333,2842200
2024-05-02,131.05935668945312,131.58458790703176,130.4896113587,131.29081106064027,2038800
2024-05-03,130.35606384277344,131.93177101673862,130.34716645401193,131.70921404350398,2039300
2024-05-06,130.56971740722656,131.58457661503368,130.1246034812796,131.3709306242105,2073600
2024-05-07,130.94363403320312,131.53118777678534,130.30266878271368,131.1928967879711,3403500
2024-05-08,131.54898071289062,131.6914068533397,129.90205366278792,130.0800965261991,2799600
2024-05-09,131.80714416503906,132.10092100981674,131.05935596949598,131.8249525269711,2510600
2024-05-10,132.65328979492188,133.2113845143719,131.87917081569506,132.32923967024527,2504500
2024-05-13,135.5607147216797,135.7227328809406,133.0853365651318,133.0853365651318,4185600
2024-05-14,133.1663360595703,138.09908542157945,133.11233001037064,136.28981409835356,3597300
2024-05-15,133.1663360595703,134.12047955545086,133.03130720156372,133.63441137764644,2695900
2024-05-16,134.714599609375,135.04764613382832,132.66228693299487,133.67043667296824,2298700
2024-05-17,134.33653259277344,134.7595983390858,133.38237525459493,134.6425760626563,1956700
2024-05-20,132.85130310058594,134.63358541113598,132.58125907762295,133.5084134279648,1812700
2024-05-21,130.89801025390625,132.96832951428226,130.62796622255112,132.71629208102013,2750200
2024-05-22,129.41278076171875,130.42992686404222,128.52163963330273,129.9978646813295,3590500
2024-05-23,125.2091293334961,128.88167817598548,125.14611311690533,128.72865645213244,4437200
2024-05-24,124.81306457519531,126.46031778938637,124.15595433452918,126.28027930782933,2995400
2024-05-28,123.84093475341797,125.3171598930171,122.63475364539393,124.21899090361909,3314700
2024-05-29,120.98748016357422,123.24682025979135,120.88846449286308,122.70674602091871,3996900
2024-05-30,123.19282531738281,123.30984759377695,120.24037525997292,120.87946522718178,4077000
2024-05-31,125.05609893798828,125.18213137627272,122.52671470687356,123.81391850141394,5887400
2024-06-03,124.59703826904297,125.83022231977725,123.63389823084417,125.69520718101403,2728300
2024-06-04,122.08565521240234,124.49801715303556,121.96863294057769,124.1379676420483,3874800
2024-06-05,123.8319320678711,123.9399441810421,121.69859668767872,122.55372463197085,3109000
2024-06-06,123.82291412353516,123.96693942205539,122.28368666750144,123.3278357442521,2852500
2024-06-07,123.89493560791016,125.6502011368946,122.76076720495317,123.2288288560094,3209300
2024-06-10,123.9309310913086,124.27298775495979,122.78776629385888,123.11181636073658,3633000
2024-06-11,123.63390350341797,124.20098084541654,122.82377143126205,123.10281188661223,2659800
2024-06-12,122.8057632446289,124.73207084826997,122.60774561356327,124.65104802759603,3484600
2024-06-13,121.4195556640625,122.70675952496588,120.44740544509602,122.70675952496588,4944200
2024-06-14,122.10365295410156,122.14866257852617,119.62827469584657,120.70845074200139,3800200
2024-06-17,122.28368377685547,122.67973273591133,121.23051082445437,121.97762659098268,4117600
2024-06-18,120.7984390258789,123.53486447448401,120.54640164706095,122.68873310202068,4104100
2024-06-20,123.20183563232422,123.75993031455168,120.28539843976033,120.63645157349526,4165700
2024-06-21,122.95877838134766,124.75004307590511,122.67972424075658,122.97677124073508,9144100
2024-06-24,124.75907135009766,125.69520836939448,123.44486446867128,124.03895855486441,3695900
2024-06-25,120.9424819946289,124.25498159204815,120.66344155120608,124.25498159204815,4818700
2024-06-26,124.35399627685547,125.07410905944674,121.60858775417769,122.85076822576349,6104300
2024-06-27,122.26567840576172,124.2099787042717,121.68959095453745,124.2099787042717,3732500
2024-06-28,123.183837890625,123.49887781431626,122.14867139418523,122.58073360282437,6609600
2024-07-01,122.37370300292969,124.3090070685942,122.0226498911129,122.99480013960775,2668200
2024-07-02,121.43755340576172,122.38270052764165,120.67243103685698,122.06764690867892,3280400
2024-07-03,122.01364135742188,122.85977280838945,121.68959130673234,122.1846696807036,1539900
2024-07-05,122.73374938964844,122.83276506063673,121.01448352749166,121.40153604635003,3237500
2024-07-08,121.99563598632812,123.60688982551922,121.88762388001665,122.733755339479,2773700
2024-07-09,120.87046813964844,122.30168353619489,120.55541450568765,121.7525990857262,3116800
2024-07-10,122.10365295410156,122.20266863383212,120.44740316134401,120.92447496322517,2834800
2024-07-11,124.43502807617188,125.16413734223183,122.21168708200814,122.31969919994002,3449600
2024-07-12,128.13458251953125,129.06172307395357,124.84007587284164,125.11911630873455,4801300
2024-07-15,129.7548065185547,130.74496319683658,128.49461959620257,128.72865038606588,4164000
2024-07-16,132.61727905273438,132.8333170291516,129.64682211829623,129.64682211829623,3805100
2024-07-17,132.66229248046875,133.0313384817776,131.78014768609376,132.3112393431189,2863600
2024-07-18,130.3039093017578,133.35537510559843,130.0248688534877,131.43809142699666,3412900
2024-07-19,130.68197631835938,131.31208365598758,128.93572082967873,131.30307348915778,3073800
2024-07-22,130.68197631835938,131.5731175288541,129.340780021718,131.19506136728342,3629800
2024-07-23,114.92957305908203,119.05219819184948,112.4992042011512,117.14391080836472,25353900
2024-07-24,115.6946792602539,116.34277940097884,112.33717001386573,113.8764044143352,11642500
2024-07-25,114.38948822021484,116.61282919809081,113.90341309056745,116.36079176808956,7761900
2024-07-26,115.96471405029297,116.89185456271763,115.63166757544373,115.97371048055633,7271300
2024-07-29,115.76668548583984,116.33377651124201,114.90255430201731,116.24375726641334,5414300
2024-07-30,116.14474487304688,117.79199820789816,115.63167362104889,115.84769783872856,4747700
2024-07-31,117.3509292602539,118.05303545800342,114.72252923418996,116.34277958861544,7025800
2024-08-01,117.53995513916016,119.25922104214605,116.66682067471217,117.95401069312035,4790600
2024-08-02,115.27162170410156,117.59397841763462,114.49750279959055,116.9098787693498,5099000
2024-08-05,113.43533325195312,115.17259903219333,113.23730875577681,114.1644493516425,5243000
2024-08-06,112.06712341308594,115.02857673541179,111.99511076188853,113.47133577391355,5608300
2024-08-07,111.00495147705078,114.41647328022306,110.94194212944618,112.74221705243922,4741900
2024-08-08,113.60636138916016,113.72337680044714,110.8249396064167,110.89694539239851,3823200
2024-08-09,113.25530242919922,113.72337091763904,112.22914620636585,113.72337091763904,3825000
2024-08-12,112.39118194580078,113.52535725136646,112.13014121616634,113.42634156538426,2549500
2024-08-13,113.8583984375,114.28146419097217,112.38217338336604,112.7962358383056,3057600
2024-08-14,113.7953872680664,114.13744393180419,113.17429702931399,113.74138121274129,3155700
2024-08-15,115.71268463134766,116.47779330673039,115.10958725442066,115.10958725442066,4448300
2024-08-16,116.70281982421875,117.0718794906976,115.55064493838906,115.67666363730767,3255900
2024-08-19,117.55062103271484,118.39841485094946,116.35642925133897,116.46582357255024,3157800
2024-08-20,117.48680114746094,117.77850538966737,116.31083147292864,117.44121844746043,2342300
2024-08-21,116.59343719482422,118.30723968956836,116.31083696038664,118.18872744595316,4895900
2024-08-22,115.62713623046875,116.84867473238467,114.98902014065352,116.84867473238467,5083000
2024-08-23,116.6572494506836,117.83320527731959,115.71830420270233,116.25614392535415,6310300
2024-08-26,117.83320617675781,118.12492434645607,117.04012000645858,117.47768335111802,4501400
2024-08-27,116.59343719482422,118.2616569874173,116.00089684157983,118.19785233231602,3214000
2024-08-28,115.94620513916016,117.37740742386036,115.45394115830277,116.3290748059568,3361100
2024-08-29,115.75476837158203,116.94895310000196,115.55421560996041,116.70283154610176,3477600
2024-08-30,117.18598175048828,117.32271595195715,115.67272500808767,116.23791854228743,4116100
2024-09-03,116.22880554199219,116.97632296810694,115.82769998748076,116.3108460663544,5821200
2024-09-04,117.52326202392578,118.07933759469297,115.8915000815861,116.40199990610873,5710400
2024-09-05,116.13763427734375,117.86967257951046,115.49040026618101,117.86054769343954,5311100
2024-09-06,116.26526641845703,116.81222409403804,115.50863804051546,116.38377171243393,3590200
2024-09-09,117.48680114746094,118.25254043187581,116.32906733490626,116.50227324897591,3770800
2024-09-10,118.35282135009766,118.6445256034992,117.16774065403877,117.9881736459862,2590100
2024-09-11,117.14039611816406,117.84233079122828,115.17134020690976,117.84233079122828,3404400
2024-09-12,117.06747436523438,117.6417858550352,116.21057652901212,117.48681578363743,3443500
2024-09-13,115.99177551269531,117.40474882372096,114.55145536315759,117.29536146967264,5214500
2024-09-16,117.51415252685547,118.0611032183373,116.65724780932423,116.8578005691672,4589600
2024-09-17,119.10032653808594,119.87519074947112,117.97906439010283,118.50779313635928,3141700
2024-09-18,119.10032653808594,120.4495021981422,118.92713452473089,119.41939154510051,2939600
2024-09-19,120.44950866699219,121.76221267166157,120.13955461985907,121.01469525960151,4092300
2024-09-20,117.2315673828125,117.7785181122395,115.35366982804723,117.14040197296372,14211500
2024-09-23,117.35918426513672,117.96082864398704,116.5478552820051,117.94260669091341,2991700
2024-09-24,118.07023620605469,118.33459363859339,117.24978924770525,117.96083493234161,3829500
2024-09-25,119.88430786132812,120.15779017992409,117.8149893827031,118.08845779141052,5048200
2024-09-26,121.54341888427734,122.36385189748843,120.85060909334103,120.85060909334103,3997100
2024-09-27,122.39118957519531,123.61274193682478,122.12683217380419,122.12683217380419,4104400
2024-09-30,124.28731536865234,124.82515505534289,122.84698831031307,122.84698831031307,4115600
2024-10-01,121.48873138427734,124.3967327146208,120.34010841549116,124.25087362177672,3658500
2024-10-02,121.25170135498047,122.50971163112251,120.82324898295784,121.68927861357044,2258400
2024-10-03,119.16415405273438,120.86883875393907,118.80863120302085,120.86883875393907,3635000
2024-10-04,119.64729309082031,120.73209744042583,118.89066473008799,120.194257708905,3270500
2024-10-07,119.60169982910156,120.13042853726989,118.64451878689835,119.45584075583717,1955600
2024-10-08,119.38292694091797,120.13043036044061,118.96358557639036,119.8842949093073,2618200
2024-10-09,121.24259185791016,121.65280837169236,120.11220479092326,120.2671748556904,2703900
2024-10-10,121.09673309326172,122.22712016326675,120.83237566675037,120.97823475511649,2462600
2024-10-11,122.701171875,122.97464031538887,121.33377403349505,121.48874411967878,2429800
2024-10-14,122.67379760742188,122.91991914875176,121.47959207516264,122.15417986706247,2319600
2024-10-15,121.97186279296875,124.34201017221275,121.85335055554609,123.01108436222745,2957500
2024-10-16,123.8315200805664,124.21438972937135,122.61909257107376,122.61909257107376,4056700
2024-10-17,123.4395523071289,124.18705582027121,123.04755773142294,123.84065785998571,3800700
2024-10-18,123.91356658935547,124.38760166265992,123.23899266069053,124.10500837796104,3237500
2024-10-21,119.72022247314453,122.01745439217248,119.51966970744196,121.71662524361862,4414000
2024-10-22,119.72022247314453,120.42215715310353,118.29813115989943,119.25531228531841,3280100
2024-10-23,119.79315185546875,120.42215699161164,119.00005177038562,119.63818179306787,3454500
2024-10-24,126.1196517944336,132.19088693231467,124.4970076575662,132.1817759553259,11959800
2024-10-25,125.28096771240234,127.92461155079359,125.05306810098354,126.11052563634003,4916700
2024-10-28,123.37574005126953,125.6091536377313,123.22076997244208,125.1898261091134,4069000
2024-10-29,122.43678283691406,124.04120497511467,122.12684270926646,122.83788837146422,3061700
2024-10-30,121.97186279296875,123.35749618860936,121.78954590377874,122.15417968215874,2754600
2024-10-31,122.20889282226562,122.99286808954548,121.26994747899765,121.83513409847062,3303600
2024-11-01,122.19976043701172,123.4030630144237,121.63456000666525,122.68290644512467,2266700
2024-11-04,121.24259185791016,122.8561249826676,120.42215883034575,122.48236628593544,2422200
2024-11-05,122.00833129882812,122.0265671623113,120.39481208271748,120.96910963849913,2537900
2024-11-06,122.08126831054688,123.78595303846018,120.51331779240074,123.38486138651342,5624600
2024-11-07,122.2909164428711,123.43041441162646,122.19064006522512,123.2025148178754,3075500
2024-11-08,120.73208618164062,122.26356471363992,120.54976929591025,122.25445373781376,3111700
2024-11-11,119.97547149658203,121.90805574227359,119.63818452423844,120.93265264256848,4684100
2024-11-12,118.63542175292969,120.60447774373985,118.51690950323909,120.26717685844086,3243500
2024-11-13,121.86248016357422,122.43679166672409,118.32548746086522,119.10033783586435,5345600
2024-11-14,120.91441345214844,122.0903692895105,120.36744883809429,121.8351228455887,2971300
2024-11-15,122.21800994873047,122.25446776610525,120.41303501619063,120.58624094596966,3337600
2024-11-18,124.70039367675781,124.86649414828759,121.83965240879151,122.08881719717056,4037800
2024-11-19,122.9193344116211,124.3404817814935,122.43024207916812,124.3404817814935,3835900
2024-11-20,121.89501190185547,123.12236138721082,120.72304331809715,123.08545486722967,3848600
2024-11-21,121.23057556152344,122.31950793871896,120.89836057471089,121.59971114747226,3014700
2024-11-22,124.414306640625,124.66345731642784,121.51664513562832,121.51664513562832,3677500
2024-11-25,126.92435455322266,127.96714317758001,125.48476103210622,125.48476103210622,5029000
2024-11-26,124.54350280761719,126.97050416971707,123.94366275850983,126.62906607232618,3424800
2024-11-27,125.2079086303711,126.51832225884561,124.72805352698674,124.72805352698674,2453400
2024-11-29,125.24485778808594,126.02925870612528,124.24821267664541,124.3958669333962,1533500
2024-12-02,123.67605590820312,125.6324253029195,122.86397166990577,125.6324253029195,2832300
2024-12-03,119.6987075805664,123.85138783831064,119.51413274868939,123.62068337954707,5604700
2024-12-04,118.84048461914062,119.6248854440245,117.93612704584213,119.6248854440245,4793200
2024-12-05,117.74232482910156,119.6710107352902,117.61313089474162,119.42186005686352,4632500
2024-12-06,115.91515350341797,118.62824030096667,115.73059274517371,118.21297507464628,5745000
2024-12-09,118.60977935791016,118.84970693421887,115.85978605605185,116.44115877785748,6139500
2024-12-10,120.16934204101562,120.81531172241975,118.17605209746891,119.3203513053012,6415900
2024-12-11,119.15424346923828,120.41851357509088,118.92353899283032,120.27085933072968,7485500
2024-12-12,119.02503967285156,119.44954206997895,117.75155360309331,119.28342753855254,4980100
2024-12-13,118.82202911376953,119.0804170022815,117.73311073805252,119.07119389236458,4284800
2024-12-16,118.62824249267578,120.24317379904532,118.33293400916241,118.65592590286973,4515900
2024-12-17,117.49317169189453,118.914312065814,116.99484919398446,118.12068812920259,3549500
2024-12-18,114.26329803466797,117.31782265479225,114.19870107123921,117.10557850661532,4849400
2024-12-19,113.18360900878906,115.03847483075106,112.88830758285084,114.49400864635605,6391800
2024-12-20,115.97975158691406,117.03176340820313,112.59301165275464,114.46633082504059,12899000
2024-12-23,116.04434204101562,116.21044953192064,114.66011529698761,115.65676024241769,3419000
2024-12-24,116.5149917602539,116.56112843161578,114.89083026071852,115.5460301346094,1579200
2024-12-26,116.60726165771484,117.2532313230283,115.75827094314819,115.88746487621088,3011100
2024-12-27,116.37655639648438,117.06866976477342,115.67521287859994,116.13662179079263,2904000
2024-12-30,115.64752960205078,116.11816866437483,114.62320125257324,115.49065226145653,2953900
2024-12-31,116.3673324584961,116.39501586821876,115.38914776540597,115.7029024629852,3400800
2025-01-02,114.3094482421875,117.4008865944767,114.00491666561246,117.23477910184862,3050500
2025-01-03,114.23562622070312,114.73394872081454,113.28512493070129,114.39250357058773,3490400
2025-01-06,114.62320709228516,115.35223405638652,114.2540785351964,115.07538587843455,5049200
2025-01-07,115.33377075195312,117.2716867072122,114.4386363671493,115.51833149415266,3725300
2025-01-08,116.97639465332031,116.9948479128001,115.55525429496343,116.19200087541037,4536300
2025-01-10,113.76498413085938,115.74904392883865,113.41431588026782,115.36146211915195,5231800
2025-01-13,115.36146545410156,115.5091126542089,112.1777395353882,113.82035423962942,6939200
2025-01-14,116.12740325927734,116.21046053286304,114.94619745237576,115.69368475247909,4247600
2025-01-15,117.631591796875,118.08377056945132,116.81028447829009,117.6592752057309,4315900
2025-01-16,119.91094970703125,120.57537966349261,118.83125454805214,119.51413072252232,5471300
2025-01-17,119.71715545654297,120.50155625963332,119.44030728597679,120.10473726290246,4261100
2025-01-21,122.61480712890625,123.26079090934753,120.10474137047257,120.35390614061181,5282700
2025-01-22,122.31951141357422,123.13158156356532,121.11984536705532,122.42102194245851,4420700
2025-01-23,123.29769897460938,123.3530657950937,121.82118471663756,122.67941267739519,3282600
2025-01-24,122.76245880126953,123.56530583360113,122.30104987122459,123.1038969035562,3212300
2025-01-27,125.7431640625,126.29686044408236,123.41767305445549,123.5653132192714,4944400
2025-01-28,124.96800231933594,126.416833227527,124.90341238643667,125.28175703589615,3094500
2025-01-29,123.45457458496094,126.03846745942288,123.31615753570256,125.5309148103366,4262100
2025-01-30,106.03177642822266,108.87405720465372,101.15929912036465,108.32959099124942,41170400
2025-01-31,105.41348266601562,107.59132624370237,104.61062862810017,106.13327943905786,15844600
2025-02-03,102.70040130615234,103.87237689989311,100.95627610003784,103.66013273309784,12635200
2025-02-04,103.14334869384766,103.49402398516453,101.70375509109014,102.74653673404379,9347800
2025-02-05,103.26331329345703,103.97387990206863,102.44200601418056,103.09720580773028,7122900
2025-02-06,104.71215057373047,105.08127915006746,103.60476484471951,103.67859196809532,6318200
2025-02-07,104.37992095947266,105.16431467413693,103.9277422129906,105.08126445236189,4830700
2025-02-10,105.34889221191406,105.91180463955439,104.05694577607767,104.75828229336861,6101500
2025-02-11,105.6903305053711,105.85643800513417,104.66600209692247,105.2012381562192,4589100
2025-02-12,105.44116973876953,105.97639874210734,104.54603529586073,104.60140211400636,5172900
2025-02-13,106.71466064453125,107.1668394410091,105.52422471701293,105.69956236975695,5854000
2025-02-14,107.24989318847656,107.74821567947366,106.7331174380536,107.1022389509034,5942300
2025-02-18,108.03614807128906,108.37311809262599,106.63210869615645,107.22180980415283,5407800
2025-02-19,107.64302825927734,108.0548821308812,106.94100850976031,107.60558634901207,4252000
2025-02-20,109.14066314697266,109.16874279284664,107.50261715206132,107.61494287687107,5801200
2025-02-21,108.88793182373047,109.37466231567196,107.8863840545605,109.00025039962517,6459900
2025-02-24,108.72881317138672,110.52598186645585,108.44800243845746,109.12194248443679,6269900
2025-02-25,110.55406188964844,110.76934392982548,109.00961713588181,109.00961713588181,4985600
2025-02-26,109.412109375,110.98463378341576,109.25298662411186,110.5447002969373,3445300
2025-02-27,110.10477447509766,111.13440914972823,109.5057181960294,109.51508045888444,4821600
2025-02-28,111.41521453857422,111.97682891648385,110.26390613505662,110.26390613505662,8754900
2025-03-03,111.63050079345703,113.24046720460233,111.1718427554422,112.15467324682933,5165100
2025-03-04,109.31851196289062,111.06888370722108,109.14066468143653,110.90975380950819,5387000
2025-03-05,111.40584564208984,111.93938034053268,109.8146038092081,109.9643714431006,6812000
2025-03-06,112.79117584228516,112.86605966464361,110.61023271996702,111.33097701286704,5742100
2025-03-07,113.83952331542969,113.87696522509073,111.68665992846103,111.94874615477428,5635800
2025-03-10,112.90349578857422,115.78645138845563,112.36996107891846,113.29662512383342,6279900
2025-03-11,108.916015625,112.86604756450423,108.52288631173623,112.57587456930266,6498300
2025-03-12,107.88639068603516,108.64456968518087,107.59621768407328,108.485446932007,4970900
2025-03-13,107.85830688476562,109.9550036648854,107.60557580057845,108.363754770513,4629100
2025-03-14,109.29043579101562,109.44019628964799,107.72726639965904,108.3824891124538,4020700
2025-03-17,110.50725555419922,111.18119558927407,109.4401862124352,109.51507002551317,4427900
2025-03-18,111.2560806274414,111.3871237311141,110.32005437760012,110.48853938822408,3930700
2025-03-19,109.95500946044922,111.26544769508787,108.82241850618202,110.79743454995364,5010300
2025-03-20,109.4963607788086,110.6476691398459,108.8130584309992,108.83177581500273,3655600
2025-03-21,107.73662567138672,108.03615380164977,105.26551681138797,107.04396820914974,19575300
2025-03-24,108.391845703125,109.69292165648979,107.87702839439198,108.31696188707042,6611600
2025-03-25,102.91608428955078,108.5790460113219,102.85992499924805,108.41992326125506,10645500
2025-03-26,103.90828704833984,105.16255892872763,103.29986849295598,103.61811402392686,6609200
2025-03-27,103.90828704833984,104.62902419521257,103.35602778870042,103.73043975673005,4031700
2025-03-28,102.64464569091797,104.2171629917585,102.60720378261503,104.14228631646644,3284100
2025-03-31,102.95352935791016,103.76787479887138,101.37164978819996,102.03622759533731,6536100
2025-04-01,102.27022552490234,103.05648411209378,101.25931550595915,102.9722451811718,5877400
2025-04-02,103.15008544921875,103.43089616864535,101.64308268034338,101.88645149442554,4540000
2025-04-03,93.71495819091797,100.5198664286611,93.5745528139635,99.91144788940119,10057700
2025-04-04,91.4591293334961,94.15488251892751,90.39205991793071,92.039468213018,9567700
2025-04-07,89.44667053222656,92.85380567728298,87.26573469063547,88.92249809185293,8729800
2025-04-08,86.03953552246094,91.54337472029405,84.90694455983619,91.54337472029405,8233800
2025-04-09,93.28439331054688,93.7804861538671,84.7571923395674,85.34688639347952,8849800
2025-04-10,90.3826904296875,91.85225132425872,87.96774818512564,91.84289620370994,7553700
2025-04-11,90.86943054199219,93.32181475945386,87.62141829479377,89.62451390902726,5544100
2025-04-14,92.35771179199219,94.48249545727174,91.72121363278114,92.17050939158875,4926900
2025-04-15,90.3265380859375,92.2641122442009,90.0644518641533,92.18922842617286,5767000
2025-04-16,88.17367553710938,90.46694428118022,87.53717736071721,90.27973473440957,4632800
2025-04-17,90.2610092163086,91.09407198575104,88.60424593924701,88.8663321397934,4740100
2025-04-21,90.09252166748047,90.17676059757298,88.56680153375068,89.45602356641093,3930800
2025-04-22,90.644775390625,91.54336684294556,89.91467608426368,90.1112407327984,4305300
2025-04-23,90.9911117553711,93.43414086199331,90.76646745284077,92.2734703007208,5817200
2025-04-24,92.59171295166016,92.64787938154961,90.12996653779317,90.79454430409231,6641000
2025-04-25,91.64633178710938,92.33898919910189,90.89750794511345,91.76801262637551,4577700
2025-04-28,90.87879180908203,92.62916359504446,90.34525709334372,91.63697798294159,8664600
2025-04-29,90.54183197021484,92.47940622890255,89.40923380245161,89.85852959259287,10314600
2025-04-30,89.20330810546875,90.36397870305397,88.05199262901783,90.29845714854466,9305800
2025-05-01,88.54808807373047,89.94276528513473,87.58398211076933,88.78209465275265,7501500
2025-05-02,90.2329330444336,91.41232813359036,89.75555765146072,89.85852111153946,5689600
2025-05-05,89.44667053222656,90.27973336409777,88.93186035437786,89.54963399605909,5406800
2025-05-06,87.80862426757812,89.40922837176836,87.80862426757812,88.92249784155062,5154300
2025-05-07,87.94902801513672,88.34215733704815,87.23764604597764,87.71502144619224,5890000
2025-05-08,90.74774169921875,91.30936315990698,88.4076760840629,88.6323275248636,6649600
2025-05-09,89.75556182861328,91.45912941831637,89.57771454541613,90.98175400312681,5619000
2025-05-12,94.73522186279297,96.26094217536222,93.93023866586799,94.15488298042655,8336500
2025-05-13,93.4247817993164,94.96922660739568,92.95676865391746,94.89434279021653,7031800
2025-05-14,93.27501678466797,93.7523921694015,92.46067138027706,93.46221917722717,6175500
2025-05-15,93.93023681640625,93.98640324992549,92.89124706272364,93.50902784223821,4523300
2025-05-16,94.83818054199219,95.14707092224306,93.93023392560767,94.80073863456963,6321200
2025-05-19,94.2958755493164,94.32441718125858,93.59182201244776,93.65842157324875,6217700
2025-05-20,92.8116455078125,94.18169454773523,92.64038847047125,93.8201551394847,4671800
2025-05-21,91.19422149658203,92.4786457201493,91.15616356847835,92.00293250706456,5298600
2025-05-22,92.25981903076172,92.55475889150013,90.62336446381178,91.09907766309689,5179900
2025-05-23,90.73754119873047,91.49867798708067,90.60434207929899,90.96588150935477,3318500
2025-05-27,92.8116455078125,92.97338624896612,91.27984846792897,91.74604535782179,6117400
2025-05-28,92.04098510742188,93.28735858954732,91.84118644054844,92.90678658934723,3816500
2025-05-29,93.33493041992188,93.55376169056056,92.09808042828297,92.55476104529171,4593900
2025-05-30,92.8021240234375,93.23977925910711,91.93632258894712,92.97338105120446,6763200
2025-06-02,92.6308822631836,92.79262302195323,91.27985840968205,92.54525010578277,4274800
2025-06-03,93.31590270996094,93.63938420054038,91.54624903178289,92.23127719866567,4098100
2025-06-04,93.76307678222656,93.97238449764725,93.03999066911292,93.49667128669493,3933800
2025-06-05,92.16468048095703,94.0009337731141,91.88876594641651,93.94384325157662,4584200
2025-06-06,93.4776382446289,93.9533514163573,93.17318210507501,93.17318210507501,3043400
2025-06-09,94.48614501953125,94.9523491402206,93.6584087711202,93.71549202720186,4037200
2025-06-10,97.48314666748047,97.6734363000214,94.76206662200704,94.81915714117295,6902500
2025-06-11,96.24629974365234,98.30137702799254,96.04649380850674,97.62586514357108,4917400
2025-06-12,96.01795196533203,96.15115108259654,95.31389845138997,96.15115108259654,3106400
2025-06-13,95.14263916015625,96.56026245117653,94.86672463553492,95.51369487217627,4240000
2025-06-16,96.1796875,96.55075045947406,95.64689105982323,96.0179467604902,4293700
2025-06-17,94.82866668701172,96.00844063866768,94.4956689017892,95.6564102606854,3800500
2025-06-18,94.3910140991211,95.38049844532148,94.17219008781964,94.78110241489564,4363000
2025-06-20,94.4480972290039,95.62787121251637,94.29587277685206,94.88575976860828,11096600
2025-06-23,95.52320861816406,95.57077558118975,93.93432832872506,94.31489306815905,5077200
2025-06-24,95.73252868652344,96.65540621356513,95.24729918141362,96.303383084931,3686800
2025-06-25,94.54324340820312,95.40903765237626,93.82967361252763,94.7906090443627,6058100
2025-06-26,95.71349334716797,96.37949617520832,94.94284029436868,95.26632178262265,4161700
2025-06-27,96.26531982421875,97.0074312269173,95.55175005103828,96.09406278830316,5869900
2025-06-30,96.0369873046875,96.350952513613,95.39001703427108,96.24630228317629,5446800
2025-07-01,99.39551544189453,100.74653916429969,95.82766650390448,95.85620813399925,6819300
2025-07-02,100.41353607177734,100.74653383661871,98.90076442748823,99.18619523095617,5243200
2025-07-03,99.072021484375,101.28884658332416,99.072021484375,101.26030495473108,2961300
2025-07-07,95.95134735107422,99.22425636582858,95.88474779595106,98.9483418492306,5299800
2025-07-08,97.40703582763672,98.66291843181328,96.28435234369043,96.36998449744281,6511400
2025-07-09,97.18821716308594,98.23478484771645,96.95036054117863,97.92081236468489,4566500
2025-07-10,97.92080688476562,99.41454609639739,97.50218418962552,97.74954983622406,3645800
2025-07-11,96.35094451904297,97.90177413527353,96.27483592675014,97.26432021462772,4342900
2025-07-14,95.2568130493164,96.17018151524215,94.73352562981385,96.09406566171317,4030600
2025-07-15,94.69546508789062,95.7705815275763,94.68594879176048,95.42806745496227,4033400
2025-07-16,94.79061889648438,95.3614805994035,93.75356750321026,94.86673475804801,4782700
2025-07-17,94.66692352294922,95.14263670648162,93.49666589758436,94.50518278266192,3949900
2025-07-18,94.40052795410156,94.93332441181042,93.79161564277508,94.87624115100084,4572400
2025-07-21,94.09607696533203,94.76207257403846,93.93433621161871,94.72401464513985,3750200
2025-07-22,96.22726440429688,96.30338025753184,94.19121251250884,94.38149488678897,5751700
2025-07-23,98.50117492675781,98.89126323853439,96.47463928949098,96.77909544990864,5079500
2025-07-24,97.54975128173828,98.47263608568971,97.15015392089569,98.11109665332846,3676800
2025-07-25,98.52971649169922,99.10057814355697,97.31189185084322,97.8732372061547,5473600
2025-07-28,96.64588928222656,98.348943300525,96.36045847693146,98.05399619937154,7045900
2025-07-29,86.42757415771484,93.42056428519557,86.31340763077323,93.42056428519557,26112300
2025-07-30,82.94535064697266,86.57979906460719,82.78360990731731,86.3800003993611,20976500
2025-07-31,81.97489929199219,82.85020980780726,81.59432729330521,82.67895277133847,15782000
2025-08-01,80.3955307006836,82.33644142534278,80.186215731533,81.57529740276011,11276600
2025-08-04,80.89027404785156,81.927332658864,80.65241743399092,81.25182074655672,8579500
2025-08-05,82.56478881835938,82.83118707149647,80.76659335087592,80.890276180173,9513400
2025-08-06,82.06053161621094,82.75507612115689,81.5657930542553,82.58381906917076,6331600
2025-08-07,82.28887176513672,83.41155526835955,82.24130479784212,82.61236053325572,6839200
2025-08-08,82.46012115478516,82.82166781843048,81.58481064277233,82.29838041515809,6285100
2025-08-11,82.11761474609375,83.95386808873432,81.56579292064922,82.91681674032257,8701400
2025-08-12,83.18321228027344,83.99192328638033,82.29838541837103,82.42206823993313,7308600
2025-08-13,83.89678192138672,84.01095570484235,82.19372776024645,83.83018236240615,13633200
2025-08-14,84.24880981445312,84.97188864516785,82.4506145164264,82.78361230146703,12487300
2025-08-15,84.18220520019531,85.06703198089431,83.89677439656072,84.27734638180456,8897400
2025-08-18,83.8623046875,84.76384170086526,83.74597470658807,84.33730583341323,9385600
2025-08-19,85.11283111572266,85.6072169337355,83.99802607867437,84.19190199994698,7227600
2025-08-20,84.27914428710938,85.73323576261704,84.22097559888272,84.49241222019317,7076400
2025-08-21,83.51332092285156,84.25975128411633,83.34852566588151,84.19189397854682,6193200
2025-08-22,86.10160827636719,86.56692083155791,83.73628362960767,83.80414094016754,10230700
2025-08-25,85.05465698242188,85.94650539255213,84.80261978006658,85.83987142390494,6029900
2025-08-26,84.78323364257812,85.56844074272733,84.37608976812241,84.9189482673967,5478000
2025-08-27,85.17098999023438,85.35517728732877,84.48272087463445,84.92864139759108,5482200
2025-08-28,84.59903717041016,85.53935082323676,83.81383015536143,85.5005741637923,8618500
2025-08-29,84.76384735107422,85.83017969489244,84.3470074698853,84.55057940313213,6838500
2025-09-02,82.6214828491211,84.19189694648811,82.21433160545939,83.96894038999639,10058800
2025-09-03,82.67964935302734,83.2515884996183,82.1852561376422,82.75720268012547,7430900
2025-09-04,81.89443969726562,83.06740599839634,81.10922522773123,83.01893332150074,10741500
2025-09-05,82.43729400634766,83.69750218704513,81.61331031206628,82.02045415217354,8585400
2025-09-08,81.73932647705078,82.44698756502159,80.50819897932693,82.44698756502159,11783700
2025-09-09,81.81688690185547,82.33066473834707,81.47760034906783,81.65209163277177,7889700
2025-09-10,81.28372192382812,82.56332228263724,81.15770330975566,81.76841914149662,6684600
2025-09-11,82.05924224853516,82.27251021237721,79.49034545879789,79.90718537106389,10453500
2025-09-12,81.7684097290039,82.41790215090136,81.30310459530403,82.19494559813859,5545500
2025-09-15,81.4485092163086,82.56331418681137,81.34188264309809,82.27250032226186,6389000
2025-09-16,82.59239959716797,82.73781023577517,81.72963917622883,81.84596916629305,6185500
2025-09-17,81.60362243652344,83.7265985794992,81.16739790660164,82.46638287722567,9007000
2025-09-18,82.44699096679688,82.48576023172586,81.42912395895323,82.07861638694513,8067300
2025-09-19,81.48728942871094,82.98985367998793,81.4388241471198,82.50515648872337,18120200
2025-09-22,81.65209197998047,83.07709550774813,80.58575224398183,81.2352521002425,10224300
2025-09-23,81.82658386230469,83.10618415896047,81.5454586022048,81.88474515891424,7486300
2025-09-24,81.33219146728516,82.41790845961943,81.14800416498889,81.72963932458114,6988400
2025-09-25,80.0525894165039,81.41943164201926,79.83932147025092,81.23525173962162,9021100
2025-09-26,81.15769958496094,81.3127988416323,80.11075186783323,80.20768982773937,6845800
2025-09-29,81.91382598876953,81.93321062238492,80.90565493524683,81.36127148207743,7275300
2025-09-30,80.9735107421875,81.96229714372237,80.11075034243397,81.91382446674615,9876200
2025-10-01,81.79749298095703,82.01076092231783,80.7699373317372,80.83779464072545,7074800
2025-10-02,82.9510726928711,84.44394085164852,81.95259771426021,82.07861631489834,9815500
2025-10-03,84.1240463256836,84.65721621340177,82.80566932686452,83.07709858028741,7098900
2025-10-06,83.96894073486328,84.38578059859445,83.15464564008737,84.20159330655987,6987000
2025-10-07,83.3485336303711,84.75415254972361,83.17404234281975,84.35669729634297,4726800
2025-10-08,83.61026000976562,84.45363572977645,82.60208903054667,83.23219681704498,4896000
2025-10-09,82.66995239257812,83.83323009806733,82.28219315741505,83.63934678253968,5784700
2025-10-10,80.33370971679688,83.4260725589932,80.02350383117522,82.78627615560116,8506000
2025-10-13,80.63422393798828,81.41943101047261,80.32401803563343,80.63422393798828,6132200
2025-10-14,81.47760009765625,81.71994869116993,79.49033867248721,79.97503585951458,6306800
2025-10-15,81.51636505126953,82.33066012825573,81.05105991804177,81.66177567886261,4903000
2025-10-16,83.01893615722656,83.10618549944044,81.28371928676142,82.15617572943836,7056200
2025-10-17,83.76537322998047,84.12404442279366,82.63117616684397,83.04801605256948,9396100
2025-10-20,84.25006866455078,84.822007795659,83.75567546254915,83.99802405625103,5456500
2025-10-21,85.3648681640625,85.98527998596911,83.72659666366486,84.09496387170557,6181500
2025-10-22,84.41486358642578,85.5102765629365,84.26945295162366,85.06435603986421,5258500
2025-10-23,84.36639404296875,85.7623243554878,83.65874026768346,84.85109124638316,5764800
2025-10-24,84.55058288574219,85.60721925838764,84.47302955677027,85.22915602451519,5256200
2025-10-27,86.48936462402344,86.58630257932239,85.51997027925006,85.51997027925006,12012900
2025-10-28,93.41084289550781,97.49199234111772,92.09246594919533,95.43687359636186,30027000
2025-10-29,94.41901397705078,95.28177438253655,92.80012713942172,93.93431678763665,10789200
2025-10-30,92.15062713623047,95.29147024361501,91.95675121913412,94.1088079200076,10073600
2025-10-31,93.46900177001953,93.93431431379524,91.68531970997859,92.0149102400719,7305400
2025-11-03,91.21031188964844,93.45931390754994,90.72561470907837,93.45931390754994,7693100
2025-11-04,90.39602661132812,91.70470755494102,90.03734802552337,90.88072380495456,6457700
2025-11-05,90.06643676757812,91.15215375634305,88.31182788384801,89.60112420389866,6215300
2025-11-06,90.73531341552734,91.04551932445987,89.7949996739809,90.25061622057699,6571800
2025-11-07,93.01338958740234,93.2751302167243,90.3475549912498,90.54143830850536,7741700
2025-11-10,90.21183776855469,92.98430626036347,89.23275477921283,92.90675293569517,9771900
2025-11-11,92.12154388427734,92.57716041205636,90.01795992008553,90.9388815941,6859200
2025-11-12,93.2363510131836,93.54655691644909,92.4317519092508,92.62563522122431,5814500
2025-11-13,93.03278350830078,94.14758856853274,92.81951555293037,93.15880212015945,6119500
2025-11-14,93.04248046875,93.75013425960515,92.24757733349655,92.78073983144765,6583000
2025-11-17,92.89453125,94.09775280838296,92.27319133326642,92.92411743185183,6488200
2025-11-18,91.55323791503906,92.39154569262865,90.80368868502958,92.31264418958312,6347800
2025-11-19,91.1390151977539,92.70714304821091,91.10942149112712,91.9477367829407,5604300
2025-11-20,89.62020111083984,92.54934620719557,89.59060740224233,91.50392757060656,7452700
2025-11-21,93.35807037353516,94.89661206192973,90.05413953195024,90.32043022384099,8913200
2025-11-24,92.273193359375,93.4468287616765,92.06608255740322,93.39751344119972,6554600
2025-11-25,93.23971557617188,94.06815876288105,92.25346938754022,92.75645705059152,5840200
2025-11-26,94.35417175292969,94.48238857404793,92.47044543153953,92.95370396066623,4685800
2025-11-28,94.47252655029297,95.02482202703068,93.97940343907386,94.2161004256098,2554800
2025-12-01,93.91036987304688,95.33056689212808,93.72298067623427,94.22596837456916,4772500
2025-12-02,94.26541900634766,94.67964062822531,93.20027124340929,94.12734513238844,4854500
2025-12-03,96.85923767089844,96.89868842153722,94.57114680507824,94.73880685194709,7259000
2025-12-04,93.45669555664062,97.3326435703426,93.20026942808447,96.95786518450014,9451300
2025-12-05,93.565185546875,94.53170266954517,93.27917322807534,93.69339485207684,5523600
2025-12-08,94.23583221435547,95.10372620570645,93.5651844632555,93.73284451991506,5617400
2025-12-09,95.63629913330078,95.85327451009765,94.21610213932973,94.28513907517768,4738300
2025-12-10,98.26957702636719,98.73311397381092,95.76451061584503,95.80396136929362,7188100
2025-12-11,99.0980224609375,99.80811341137044,97.63837475982557,98.73310865454415,5264200
2025-12-12,99.53196716308594,100.26179478677265,98.64434405621125,99.6700410325485,4510200
2025-12-15,98.69365692138672,99.867292307076,98.37805843840238,99.61086618825703,5061700
2025-12-16,98.73310852050781,99.29526855829246,97.75672688108426,98.76269470284467,4841800
2025-12-17,99.57141876220703,100.00536951247396,98.53586473242679,98.8021479045241,5978800
2025-12-18,100.67601776123047,101.47487480602658,99.79825921153898,99.93633308287505,7611600
2025-12-19,100.5182113647461,100.78450205368061,98.74297271118206,99.71935434686534,17317500
2025-12-22,99.34458923339844,100.59711867476217,98.65421233565925,100.23220484919452,5464400
2025-12-23,98.81201171875,99.51224563576426,98.50627027227897,99.30513483139059,4645300
2025-12-24,99.27555084228516,99.6799078908657,98.52600158765907,98.82187094710446,1845500
2025-12-26,99.15719604492188,99.50238071766728,98.57530686132688,99.13746690678697,2856700
2025-12-29,98.30902099609375,99.61086567221754,97.69754564652752,99.12760714362724,4352600
2025-12-30,98.26957702636719,98.79228634175288,98.12163858205041,98.34847853326438,3397900
2025-12-31,97.82576751708984,98.43723537375759,97.6876936446512,98.19067381233693,3926400
2026-01-02,99.6305923461914,99.8179815405448,97.05649656958063,97.93425512555964,5032000
2026-01-05,100.59711456298828,100.91271305279567,99.20650377934662,99.56155302093761,5733600
2026-01-06,103.7728271484375,103.79254876182283,100.67601465910184,100.67601465910184,6936000
2026-01-07,103.96022033691406,104.89715126023737,102.66823263883644,104.06870050140074,5688200
2026-01-08,105.49876403808594,106.46528116286994,102.69782073629362,103.17122225366057,6294100
2026-01-09,106.57376861572266,108.16162569878192,105.27192385144954,107.0077193786343,5504400
2026-01-12,106.54418182373047,107.16552178061916,105.69600944167749,106.37652176609394,4335900
2026-01-13,105.11412811279297,106.56391131774998,104.69004192035291,105.6171082873791,4706200
2026-01-14,105.92284393310547,106.49486853793677,104.85769622572198,105.02535627471899,4042200
2026-01-15,107.12606811523438,107.49097440435136,105.74532188958162,106.23844500413891,4133300
2026-01-16,105.43959045410156,107.15565682640022,105.3508243786669,106.59349676351988,4669300
2026-01-20,105.07467651367188,105.67628732890599,103.7037948263579,104.54210263504848,5601000
2026-01-21,106.98799133300781,107.8164345311731,105.62696675821998,106.01160217514835,3950700
2026-01-22,107.79671478271484,108.5265348781709,107.37262860742385,107.49097333808825,3487300
2026-01-23,106.494873046875,108.20107484024695,106.08064390460223,108.05313639832536,4049600
2026-01-26,105.49876403808594,107.12607187817868,105.31137484014417,106.7217072982963,8194000
2026-01-27,105.72559356689453,111.12036168568186,103.30929329670843,105.21274883456182,14449300
2026-01-28,102.27372741699219,106.69211368158314,102.1652397335797,106.06091671870747,9254900
2026-01-29,104.53223419189453,105.73545577777334,102.77671713359717,102.94437718422974,10939800
2026-01-30,104.75907897949219,106.33707149117791,103.81228347248074,104.39416515435224,7186700
2026-02-02,108.75336456298828,109.14786454570317,104.78865817163391,105.11412122170829,8662400
2026-02-03,110.31163787841797,112.72794562500465,109.1380099966956,109.15773161027465,7698600
2026-02-04,115.13438415527344,115.32177334903405,111.38665295129303,111.4458253179704,11371500
2026-02-05,114.9469985961914,115.05548628106986,113.31969084747611,114.40456017179916,6624500
2026-02-06,115.72612762451172,116.12062761665901,114.23690125273639,114.70043817917485,6738200
2026-02-09,116.29815673828125,116.37705824465694,114.40456573203564,115.55847204604827,5221000
2026-02-10,117.06742095947266,117.91559329364154,115.77544084497741,116.62361317914629,5845200
2026-02-11,118.34954833984375,119.2371714572849,117.64931441510173,118.05367145920948,6649600
2026-02-12,116.44609069824219,120.72640319855104,115.44012286630004,118.72431705477634,10174100
2026-02-13,117.5999984741211,118.34954771650823,115.44998138962606,116.5447153079607,4973500
2026-02-17,115.51000213623047,118.19999694824219,115.41999816894531,117.44000244140625,5234300
2026-02-18,116.12000274658203,116.36000061035156,114.20999908447266,115.16999816894531,4359500
2026-02-19,115.54000091552734,116.08000183105469,114.5,115.5999984741211,3845400
2026-02-20,116.7300033569336,117.13999938964844,114.29000091552734,115.08000183105469,4947500
2026-02-23,115.0199966430664,116.3499984741211,114.47000122070312,116.16999816894531,5181500
2026-02-24,115.37000274658203,116.33999633789062,114.5,114.91999816894531,2657400
2026-02-25,114.78890228271484,115.70600128173828,114.78890228271484,115.38999938964844,230872
